In mode: all_dft...
Warning: Dont_touch on net 'u_ibex_core/cs_registers_i/minstret_next[0]' may be overridden by compile because it
	is connected to generic logic. Use all_connected to see net
	connections. (OPT-461)
Warning: Dont_touch on net 'u_ibex_core/cs_registers_i/minstret_next[1]' may be overridden by compile because it
	is connected to generic logic. Use all_connected to see net
	connections. (OPT-461)
Warning: Dont_touch on net 'u_ibex_core/cs_registers_i/minstret_next[2]' may be overridden by compile because it
	is connected to generic logic. Use all_connected to see net
	connections. (OPT-461)
Warning: Dont_touch on net 'u_ibex_core/cs_registers_i/minstret_next[3]' may be overridden by compile because it
	is connected to generic logic. Use all_connected to see net
	connections. (OPT-461)
Warning: Dont_touch on net 'u_ibex_core/cs_registers_i/minstret_next[4]' may be overridden by compile because it
	is connected to generic logic. Use all_connected to see net
	connections. (OPT-461)
Warning: Dont_touch on net 'u_ibex_core/cs_registers_i/minstret_next[5]' may be overridden by compile because it
	is connected to generic logic. Use all_connected to see net
	connections. (OPT-461)
Warning: Dont_touch on net 'u_ibex_core/cs_registers_i/minstret_next[6]' may be overridden by compile because it
	is connected to generic logic. Use all_connected to see net
	connections. (OPT-461)
Warning: Dont_touch on net 'u_ibex_core/cs_registers_i/minstret_next[7]' may be overridden by compile because it
	is connected to generic logic. Use all_connected to see net
	connections. (OPT-461)
Warning: Dont_touch on net 'u_ibex_core/cs_registers_i/minstret_next[8]' may be overridden by compile because it
	is connected to generic logic. Use all_connected to see net
	connections. (OPT-461)
Warning: Dont_touch on net 'u_ibex_core/cs_registers_i/minstret_next[9]' may be overridden by compile because it
	is connected to generic logic. Use all_connected to see net
	connections. (OPT-461)
Warning: Dont_touch on net 'u_ibex_core/cs_registers_i/minstret_next[10]' may be overridden by compile because it
	is connected to generic logic. Use all_connected to see net
	connections. (OPT-461)
Warning: Dont_touch on net 'u_ibex_core/cs_registers_i/minstret_next[11]' may be overridden by compile because it
	is connected to generic logic. Use all_connected to see net
	connections. (OPT-461)
Warning: Dont_touch on net 'u_ibex_core/cs_registers_i/minstret_next[12]' may be overridden by compile because it
	is connected to generic logic. Use all_connected to see net
	connections. (OPT-461)
Warning: Dont_touch on net 'u_ibex_core/cs_registers_i/minstret_next[13]' may be overridden by compile because it
	is connected to generic logic. Use all_connected to see net
	connections. (OPT-461)
Warning: Dont_touch on net 'u_ibex_core/cs_registers_i/minstret_next[14]' may be overridden by compile because it
	is connected to generic logic. Use all_connected to see net
	connections. (OPT-461)
Warning: Dont_touch on net 'u_ibex_core/cs_registers_i/minstret_next[15]' may be overridden by compile because it
	is connected to generic logic. Use all_connected to see net
	connections. (OPT-461)
Warning: Dont_touch on net 'u_ibex_core/cs_registers_i/minstret_next[16]' may be overridden by compile because it
	is connected to generic logic. Use all_connected to see net
	connections. (OPT-461)
Warning: Dont_touch on net 'u_ibex_core/cs_registers_i/minstret_next[17]' may be overridden by compile because it
	is connected to generic logic. Use all_connected to see net
	connections. (OPT-461)
Warning: Dont_touch on net 'u_ibex_core/cs_registers_i/minstret_next[18]' may be overridden by compile because it
	is connected to generic logic. Use all_connected to see net
	connections. (OPT-461)
Warning: Dont_touch on net 'u_ibex_core/cs_registers_i/minstret_next[19]' may be overridden by compile because it
	is connected to generic logic. Use all_connected to see net
	connections. (OPT-461)
Warning: Dont_touch on net 'u_ibex_core/cs_registers_i/minstret_next[20]' may be overridden by compile because it
	is connected to generic logic. Use all_connected to see net
	connections. (OPT-461)
Warning: Dont_touch on net 'u_ibex_core/cs_registers_i/minstret_next[21]' may be overridden by compile because it
	is connected to generic logic. Use all_connected to see net
	connections. (OPT-461)
Warning: Dont_touch on net 'u_ibex_core/cs_registers_i/minstret_next[22]' may be overridden by compile because it
	is connected to generic logic. Use all_connected to see net
	connections. (OPT-461)
Warning: Dont_touch on net 'u_ibex_core/cs_registers_i/minstret_next[23]' may be overridden by compile because it
	is connected to generic logic. Use all_connected to see net
	connections. (OPT-461)
Warning: Dont_touch on net 'u_ibex_core/cs_registers_i/minstret_next[24]' may be overridden by compile because it
	is connected to generic logic. Use all_connected to see net
	connections. (OPT-461)
Warning: Dont_touch on net 'u_ibex_core/cs_registers_i/minstret_next[25]' may be overridden by compile because it
	is connected to generic logic. Use all_connected to see net
	connections. (OPT-461)
Warning: Dont_touch on net 'u_ibex_core/cs_registers_i/minstret_next[26]' may be overridden by compile because it
	is connected to generic logic. Use all_connected to see net
	connections. (OPT-461)
Warning: Dont_touch on net 'u_ibex_core/cs_registers_i/minstret_next[27]' may be overridden by compile because it
	is connected to generic logic. Use all_connected to see net
	connections. (OPT-461)
Warning: Dont_touch on net 'u_ibex_core/cs_registers_i/minstret_next[28]' may be overridden by compile because it
	is connected to generic logic. Use all_connected to see net
	connections. (OPT-461)
Warning: Dont_touch on net 'u_ibex_core/cs_registers_i/minstret_next[29]' may be overridden by compile because it
	is connected to generic logic. Use all_connected to see net
	connections. (OPT-461)
Warning: Dont_touch on net 'u_ibex_core/cs_registers_i/minstret_next[30]' may be overridden by compile because it
	is connected to generic logic. Use all_connected to see net
	connections. (OPT-461)
Warning: Dont_touch on net 'u_ibex_core/cs_registers_i/minstret_next[31]' may be overridden by compile because it
	is connected to generic logic. Use all_connected to see net
	connections. (OPT-461)
Warning: Dont_touch on net 'u_ibex_core/cs_registers_i/minstret_next[32]' may be overridden by compile because it
	is connected to generic logic. Use all_connected to see net
	connections. (OPT-461)
Warning: Dont_touch on net 'u_ibex_core/cs_registers_i/minstret_next[33]' may be overridden by compile because it
	is connected to generic logic. Use all_connected to see net
	connections. (OPT-461)
Warning: Dont_touch on net 'u_ibex_core/cs_registers_i/minstret_next[34]' may be overridden by compile because it
	is connected to generic logic. Use all_connected to see net
	connections. (OPT-461)
Warning: Dont_touch on net 'u_ibex_core/cs_registers_i/minstret_next[35]' may be overridden by compile because it
	is connected to generic logic. Use all_connected to see net
	connections. (OPT-461)
Warning: Dont_touch on net 'u_ibex_core/cs_registers_i/minstret_next[36]' may be overridden by compile because it
	is connected to generic logic. Use all_connected to see net
	connections. (OPT-461)
Warning: Dont_touch on net 'u_ibex_core/cs_registers_i/minstret_next[37]' may be overridden by compile because it
	is connected to generic logic. Use all_connected to see net
	connections. (OPT-461)
Warning: Dont_touch on net 'u_ibex_core/cs_registers_i/minstret_next[38]' may be overridden by compile because it
	is connected to generic logic. Use all_connected to see net
	connections. (OPT-461)
Warning: Dont_touch on net 'u_ibex_core/cs_registers_i/minstret_next[39]' may be overridden by compile because it
	is connected to generic logic. Use all_connected to see net
	connections. (OPT-461)
Warning: Dont_touch on net 'u_ibex_core/cs_registers_i/minstret_next[40]' may be overridden by compile because it
	is connected to generic logic. Use all_connected to see net
	connections. (OPT-461)
Warning: Dont_touch on net 'u_ibex_core/cs_registers_i/minstret_next[41]' may be overridden by compile because it
	is connected to generic logic. Use all_connected to see net
	connections. (OPT-461)
Warning: Dont_touch on net 'u_ibex_core/cs_registers_i/minstret_next[42]' may be overridden by compile because it
	is connected to generic logic. Use all_connected to see net
	connections. (OPT-461)
Warning: Dont_touch on net 'u_ibex_core/cs_registers_i/minstret_next[43]' may be overridden by compile because it
	is connected to generic logic. Use all_connected to see net
	connections. (OPT-461)
Warning: Dont_touch on net 'u_ibex_core/cs_registers_i/minstret_next[44]' may be overridden by compile because it
	is connected to generic logic. Use all_connected to see net
	connections. (OPT-461)
Warning: Dont_touch on net 'u_ibex_core/cs_registers_i/minstret_next[45]' may be overridden by compile because it
	is connected to generic logic. Use all_connected to see net
	connections. (OPT-461)
Warning: Dont_touch on net 'u_ibex_core/cs_registers_i/minstret_next[46]' may be overridden by compile because it
	is connected to generic logic. Use all_connected to see net
	connections. (OPT-461)
Warning: Dont_touch on net 'u_ibex_core/cs_registers_i/minstret_next[47]' may be overridden by compile because it
	is connected to generic logic. Use all_connected to see net
	connections. (OPT-461)
Warning: Dont_touch on net 'u_ibex_core/cs_registers_i/minstret_next[48]' may be overridden by compile because it
	is connected to generic logic. Use all_connected to see net
	connections. (OPT-461)
Warning: Dont_touch on net 'u_ibex_core/cs_registers_i/minstret_next[49]' may be overridden by compile because it
	is connected to generic logic. Use all_connected to see net
	connections. (OPT-461)
Warning: Dont_touch on net 'u_ibex_core/cs_registers_i/minstret_next[50]' may be overridden by compile because it
	is connected to generic logic. Use all_connected to see net
	connections. (OPT-461)
Warning: Dont_touch on net 'u_ibex_core/cs_registers_i/minstret_next[51]' may be overridden by compile because it
	is connected to generic logic. Use all_connected to see net
	connections. (OPT-461)
Warning: Dont_touch on net 'u_ibex_core/cs_registers_i/minstret_next[52]' may be overridden by compile because it
	is connected to generic logic. Use all_connected to see net
	connections. (OPT-461)
Warning: Dont_touch on net 'u_ibex_core/cs_registers_i/minstret_next[53]' may be overridden by compile because it
	is connected to generic logic. Use all_connected to see net
	connections. (OPT-461)
Warning: Dont_touch on net 'u_ibex_core/cs_registers_i/minstret_next[54]' may be overridden by compile because it
	is connected to generic logic. Use all_connected to see net
	connections. (OPT-461)
Warning: Dont_touch on net 'u_ibex_core/cs_registers_i/minstret_next[55]' may be overridden by compile because it
	is connected to generic logic. Use all_connected to see net
	connections. (OPT-461)
Warning: Dont_touch on net 'u_ibex_core/cs_registers_i/minstret_next[56]' may be overridden by compile because it
	is connected to generic logic. Use all_connected to see net
	connections. (OPT-461)
Warning: Dont_touch on net 'u_ibex_core/cs_registers_i/minstret_next[57]' may be overridden by compile because it
	is connected to generic logic. Use all_connected to see net
	connections. (OPT-461)
Warning: Dont_touch on net 'u_ibex_core/cs_registers_i/minstret_next[58]' may be overridden by compile because it
	is connected to generic logic. Use all_connected to see net
	connections. (OPT-461)
Warning: Dont_touch on net 'u_ibex_core/cs_registers_i/minstret_next[59]' may be overridden by compile because it
	is connected to generic logic. Use all_connected to see net
	connections. (OPT-461)
Warning: Dont_touch on net 'u_ibex_core/cs_registers_i/minstret_next[60]' may be overridden by compile because it
	is connected to generic logic. Use all_connected to see net
	connections. (OPT-461)
Warning: Dont_touch on net 'u_ibex_core/cs_registers_i/minstret_next[61]' may be overridden by compile because it
	is connected to generic logic. Use all_connected to see net
	connections. (OPT-461)
Warning: Dont_touch on net 'u_ibex_core/cs_registers_i/minstret_next[62]' may be overridden by compile because it
	is connected to generic logic. Use all_connected to see net
	connections. (OPT-461)
Warning: Dont_touch on net 'u_ibex_core/cs_registers_i/minstret_next[63]' may be overridden by compile because it
	is connected to generic logic. Use all_connected to see net
	connections. (OPT-461)
Warning: Dont_touch on net 'u_ibex_core/cs_registers_i/minstret_raw[0]' may be overridden by compile because it
	is connected to generic logic. Use all_connected to see net
	connections. (OPT-461)
Warning: Dont_touch on net 'u_ibex_core/cs_registers_i/minstret_raw[1]' may be overridden by compile because it
	is connected to generic logic. Use all_connected to see net
	connections. (OPT-461)
Warning: Dont_touch on net 'u_ibex_core/cs_registers_i/minstret_raw[2]' may be overridden by compile because it
	is connected to generic logic. Use all_connected to see net
	connections. (OPT-461)
Warning: Dont_touch on net 'u_ibex_core/cs_registers_i/minstret_raw[3]' may be overridden by compile because it
	is connected to generic logic. Use all_connected to see net
	connections. (OPT-461)
Warning: Dont_touch on net 'u_ibex_core/cs_registers_i/minstret_raw[4]' may be overridden by compile because it
	is connected to generic logic. Use all_connected to see net
	connections. (OPT-461)
Warning: Dont_touch on net 'u_ibex_core/cs_registers_i/minstret_raw[5]' may be overridden by compile because it
	is connected to generic logic. Use all_connected to see net
	connections. (OPT-461)
Warning: Dont_touch on net 'u_ibex_core/cs_registers_i/minstret_raw[6]' may be overridden by compile because it
	is connected to generic logic. Use all_connected to see net
	connections. (OPT-461)
Warning: Dont_touch on net 'u_ibex_core/cs_registers_i/minstret_raw[7]' may be overridden by compile because it
	is connected to generic logic. Use all_connected to see net
	connections. (OPT-461)
Warning: Dont_touch on net 'u_ibex_core/cs_registers_i/minstret_raw[8]' may be overridden by compile because it
	is connected to generic logic. Use all_connected to see net
	connections. (OPT-461)
Warning: Dont_touch on net 'u_ibex_core/cs_registers_i/minstret_raw[9]' may be overridden by compile because it
	is connected to generic logic. Use all_connected to see net
	connections. (OPT-461)
Warning: Dont_touch on net 'u_ibex_core/cs_registers_i/minstret_raw[10]' may be overridden by compile because it
	is connected to generic logic. Use all_connected to see net
	connections. (OPT-461)
Warning: Dont_touch on net 'u_ibex_core/cs_registers_i/minstret_raw[11]' may be overridden by compile because it
	is connected to generic logic. Use all_connected to see net
	connections. (OPT-461)
Warning: Dont_touch on net 'u_ibex_core/cs_registers_i/minstret_raw[12]' may be overridden by compile because it
	is connected to generic logic. Use all_connected to see net
	connections. (OPT-461)
Warning: Dont_touch on net 'u_ibex_core/cs_registers_i/minstret_raw[13]' may be overridden by compile because it
	is connected to generic logic. Use all_connected to see net
	connections. (OPT-461)
Warning: Dont_touch on net 'u_ibex_core/cs_registers_i/minstret_raw[14]' may be overridden by compile because it
	is connected to generic logic. Use all_connected to see net
	connections. (OPT-461)
Warning: Dont_touch on net 'u_ibex_core/cs_registers_i/minstret_raw[15]' may be overridden by compile because it
	is connected to generic logic. Use all_connected to see net
	connections. (OPT-461)
Warning: Dont_touch on net 'u_ibex_core/cs_registers_i/minstret_raw[16]' may be overridden by compile because it
	is connected to generic logic. Use all_connected to see net
	connections. (OPT-461)
Warning: Dont_touch on net 'u_ibex_core/cs_registers_i/minstret_raw[17]' may be overridden by compile because it
	is connected to generic logic. Use all_connected to see net
	connections. (OPT-461)
Warning: Dont_touch on net 'u_ibex_core/cs_registers_i/minstret_raw[18]' may be overridden by compile because it
	is connected to generic logic. Use all_connected to see net
	connections. (OPT-461)
Warning: Dont_touch on net 'u_ibex_core/cs_registers_i/minstret_raw[19]' may be overridden by compile because it
	is connected to generic logic. Use all_connected to see net
	connections. (OPT-461)
Warning: Dont_touch on net 'u_ibex_core/cs_registers_i/minstret_raw[20]' may be overridden by compile because it
	is connected to generic logic. Use all_connected to see net
	connections. (OPT-461)
Warning: Dont_touch on net 'u_ibex_core/cs_registers_i/minstret_raw[21]' may be overridden by compile because it
	is connected to generic logic. Use all_connected to see net
	connections. (OPT-461)
Warning: Dont_touch on net 'u_ibex_core/cs_registers_i/minstret_raw[22]' may be overridden by compile because it
	is connected to generic logic. Use all_connected to see net
	connections. (OPT-461)
Warning: Dont_touch on net 'u_ibex_core/cs_registers_i/minstret_raw[23]' may be overridden by compile because it
	is connected to generic logic. Use all_connected to see net
	connections. (OPT-461)
Warning: Dont_touch on net 'u_ibex_core/cs_registers_i/minstret_raw[24]' may be overridden by compile because it
	is connected to generic logic. Use all_connected to see net
	connections. (OPT-461)
Warning: Dont_touch on net 'u_ibex_core/cs_registers_i/minstret_raw[25]' may be overridden by compile because it
	is connected to generic logic. Use all_connected to see net
	connections. (OPT-461)
Warning: Dont_touch on net 'u_ibex_core/cs_registers_i/minstret_raw[26]' may be overridden by compile because it
	is connected to generic logic. Use all_connected to see net
	connections. (OPT-461)
Warning: Dont_touch on net 'u_ibex_core/cs_registers_i/minstret_raw[27]' may be overridden by compile because it
	is connected to generic logic. Use all_connected to see net
	connections. (OPT-461)
Warning: Dont_touch on net 'u_ibex_core/cs_registers_i/minstret_raw[28]' may be overridden by compile because it
	is connected to generic logic. Use all_connected to see net
	connections. (OPT-461)
Warning: Dont_touch on net 'u_ibex_core/cs_registers_i/minstret_raw[29]' may be overridden by compile because it
	is connected to generic logic. Use all_connected to see net
	connections. (OPT-461)
Warning: Dont_touch on net 'u_ibex_core/cs_registers_i/minstret_raw[30]' may be overridden by compile because it
	is connected to generic logic. Use all_connected to see net
	connections. (OPT-461)
Warning: Dont_touch on net 'u_ibex_core/cs_registers_i/minstret_raw[31]' may be overridden by compile because it
	is connected to generic logic. Use all_connected to see net
	connections. (OPT-461)
Warning: Dont_touch on net 'u_ibex_core/cs_registers_i/minstret_raw[32]' may be overridden by compile because it
	is connected to generic logic. Use all_connected to see net
	connections. (OPT-461)
Warning: Dont_touch on net 'u_ibex_core/cs_registers_i/minstret_raw[33]' may be overridden by compile because it
	is connected to generic logic. Use all_connected to see net
	connections. (OPT-461)
Warning: Dont_touch on net 'u_ibex_core/cs_registers_i/minstret_raw[34]' may be overridden by compile because it
	is connected to generic logic. Use all_connected to see net
	connections. (OPT-461)
Warning: Dont_touch on net 'u_ibex_core/cs_registers_i/minstret_raw[35]' may be overridden by compile because it
	is connected to generic logic. Use all_connected to see net
	connections. (OPT-461)
Warning: Dont_touch on net 'u_ibex_core/cs_registers_i/minstret_raw[36]' may be overridden by compile because it
	is connected to generic logic. Use all_connected to see net
	connections. (OPT-461)
Warning: Dont_touch on net 'u_ibex_core/cs_registers_i/minstret_raw[37]' may be overridden by compile because it
	is connected to generic logic. Use all_connected to see net
	connections. (OPT-461)
Warning: Dont_touch on net 'u_ibex_core/cs_registers_i/minstret_raw[38]' may be overridden by compile because it
	is connected to generic logic. Use all_connected to see net
	connections. (OPT-461)
Warning: Dont_touch on net 'u_ibex_core/cs_registers_i/minstret_raw[39]' may be overridden by compile because it
	is connected to generic logic. Use all_connected to see net
	connections. (OPT-461)
Warning: Dont_touch on net 'u_ibex_core/cs_registers_i/minstret_raw[40]' may be overridden by compile because it
	is connected to generic logic. Use all_connected to see net
	connections. (OPT-461)
Warning: Dont_touch on net 'u_ibex_core/cs_registers_i/minstret_raw[41]' may be overridden by compile because it
	is connected to generic logic. Use all_connected to see net
	connections. (OPT-461)
Warning: Dont_touch on net 'u_ibex_core/cs_registers_i/minstret_raw[42]' may be overridden by compile because it
	is connected to generic logic. Use all_connected to see net
	connections. (OPT-461)
Warning: Dont_touch on net 'u_ibex_core/cs_registers_i/minstret_raw[43]' may be overridden by compile because it
	is connected to generic logic. Use all_connected to see net
	connections. (OPT-461)
Warning: Dont_touch on net 'u_ibex_core/cs_registers_i/minstret_raw[44]' may be overridden by compile because it
	is connected to generic logic. Use all_connected to see net
	connections. (OPT-461)
Warning: Dont_touch on net 'u_ibex_core/cs_registers_i/minstret_raw[45]' may be overridden by compile because it
	is connected to generic logic. Use all_connected to see net
	connections. (OPT-461)
Warning: Dont_touch on net 'u_ibex_core/cs_registers_i/minstret_raw[46]' may be overridden by compile because it
	is connected to generic logic. Use all_connected to see net
	connections. (OPT-461)
Warning: Dont_touch on net 'u_ibex_core/cs_registers_i/minstret_raw[47]' may be overridden by compile because it
	is connected to generic logic. Use all_connected to see net
	connections. (OPT-461)
Warning: Dont_touch on net 'u_ibex_core/cs_registers_i/minstret_raw[48]' may be overridden by compile because it
	is connected to generic logic. Use all_connected to see net
	connections. (OPT-461)
Warning: Dont_touch on net 'u_ibex_core/cs_registers_i/minstret_raw[49]' may be overridden by compile because it
	is connected to generic logic. Use all_connected to see net
	connections. (OPT-461)
Warning: Dont_touch on net 'u_ibex_core/cs_registers_i/minstret_raw[50]' may be overridden by compile because it
	is connected to generic logic. Use all_connected to see net
	connections. (OPT-461)
Warning: Dont_touch on net 'u_ibex_core/cs_registers_i/minstret_raw[51]' may be overridden by compile because it
	is connected to generic logic. Use all_connected to see net
	connections. (OPT-461)
Warning: Dont_touch on net 'u_ibex_core/cs_registers_i/minstret_raw[52]' may be overridden by compile because it
	is connected to generic logic. Use all_connected to see net
	connections. (OPT-461)
Warning: Dont_touch on net 'u_ibex_core/cs_registers_i/minstret_raw[53]' may be overridden by compile because it
	is connected to generic logic. Use all_connected to see net
	connections. (OPT-461)
Warning: Dont_touch on net 'u_ibex_core/cs_registers_i/minstret_raw[54]' may be overridden by compile because it
	is connected to generic logic. Use all_connected to see net
	connections. (OPT-461)
Warning: Dont_touch on net 'u_ibex_core/cs_registers_i/minstret_raw[55]' may be overridden by compile because it
	is connected to generic logic. Use all_connected to see net
	connections. (OPT-461)
Warning: Dont_touch on net 'u_ibex_core/cs_registers_i/minstret_raw[56]' may be overridden by compile because it
	is connected to generic logic. Use all_connected to see net
	connections. (OPT-461)
Warning: Dont_touch on net 'u_ibex_core/cs_registers_i/minstret_raw[57]' may be overridden by compile because it
	is connected to generic logic. Use all_connected to see net
	connections. (OPT-461)
Warning: Dont_touch on net 'u_ibex_core/cs_registers_i/minstret_raw[58]' may be overridden by compile because it
	is connected to generic logic. Use all_connected to see net
	connections. (OPT-461)
Warning: Dont_touch on net 'u_ibex_core/cs_registers_i/minstret_raw[59]' may be overridden by compile because it
	is connected to generic logic. Use all_connected to see net
	connections. (OPT-461)
Warning: Dont_touch on net 'u_ibex_core/cs_registers_i/minstret_raw[60]' may be overridden by compile because it
	is connected to generic logic. Use all_connected to see net
	connections. (OPT-461)
Warning: Dont_touch on net 'u_ibex_core/cs_registers_i/minstret_raw[61]' may be overridden by compile because it
	is connected to generic logic. Use all_connected to see net
	connections. (OPT-461)
Warning: Dont_touch on net 'u_ibex_core/cs_registers_i/minstret_raw[62]' may be overridden by compile because it
	is connected to generic logic. Use all_connected to see net
	connections. (OPT-461)
Warning: Dont_touch on net 'u_ibex_core/cs_registers_i/minstret_raw[63]' may be overridden by compile because it
	is connected to generic logic. Use all_connected to see net
	connections. (OPT-461)
Warning: Dont_touch on net 'u_ibex_core/cs_registers_i/mcountinhibit_d[0]' may be overridden by compile because it
	is connected to generic logic. Use all_connected to see net
	connections. (OPT-461)
Warning: Dont_touch on net 'u_ibex_core/cs_registers_i/mcountinhibit_d[2]' may be overridden by compile because it
	is connected to generic logic. Use all_connected to see net
	connections. (OPT-461)
Warning: Dont_touch on net 'u_ibex_core/cs_registers_i/mstack_cause_q[lower_cause][0]' may be overridden by compile because it
	is connected to generic logic. Use all_connected to see net
	connections. (OPT-461)
Warning: Dont_touch on net 'u_ibex_core/cs_registers_i/mstack_cause_q[lower_cause][1]' may be overridden by compile because it
	is connected to generic logic. Use all_connected to see net
	connections. (OPT-461)
Warning: Dont_touch on net 'u_ibex_core/cs_registers_i/mstack_cause_q[lower_cause][2]' may be overridden by compile because it
	is connected to generic logic. Use all_connected to see net
	connections. (OPT-461)
Warning: Dont_touch on net 'u_ibex_core/cs_registers_i/mstack_cause_q[lower_cause][3]' may be overridden by compile because it
	is connected to generic logic. Use all_connected to see net
	connections. (OPT-461)
Warning: Dont_touch on net 'u_ibex_core/cs_registers_i/mstack_cause_q[lower_cause][4]' may be overridden by compile because it
	is connected to generic logic. Use all_connected to see net
	connections. (OPT-461)
Warning: Dont_touch on net 'u_ibex_core/cs_registers_i/mstack_cause_q[irq_ext]' may be overridden by compile because it
	is connected to generic logic. Use all_connected to see net
	connections. (OPT-461)
Warning: Dont_touch on net 'u_ibex_core/cs_registers_i/mstack_cause_q[irq_int]' may be overridden by compile because it
	is connected to generic logic. Use all_connected to see net
	connections. (OPT-461)
Warning: Dont_touch on net 'u_ibex_core/cs_registers_i/mstack_epc_q[0]' may be overridden by compile because it
	is connected to generic logic. Use all_connected to see net
	connections. (OPT-461)
Warning: Dont_touch on net 'u_ibex_core/cs_registers_i/mstack_epc_q[1]' may be overridden by compile because it
	is connected to generic logic. Use all_connected to see net
	connections. (OPT-461)
Warning: Dont_touch on net 'u_ibex_core/cs_registers_i/mstack_epc_q[2]' may be overridden by compile because it
	is connected to generic logic. Use all_connected to see net
	connections. (OPT-461)
Warning: Dont_touch on net 'u_ibex_core/cs_registers_i/mstack_epc_q[3]' may be overridden by compile because it
	is connected to generic logic. Use all_connected to see net
	connections. (OPT-461)
Warning: Dont_touch on net 'u_ibex_core/cs_registers_i/mstack_epc_q[4]' may be overridden by compile because it
	is connected to generic logic. Use all_connected to see net
	connections. (OPT-461)
Warning: Dont_touch on net 'u_ibex_core/cs_registers_i/mstack_epc_q[5]' may be overridden by compile because it
	is connected to generic logic. Use all_connected to see net
	connections. (OPT-461)
Warning: Dont_touch on net 'u_ibex_core/cs_registers_i/mstack_epc_q[6]' may be overridden by compile because it
	is connected to generic logic. Use all_connected to see net
	connections. (OPT-461)
Warning: Dont_touch on net 'u_ibex_core/cs_registers_i/mstack_epc_q[7]' may be overridden by compile because it
	is connected to generic logic. Use all_connected to see net
	connections. (OPT-461)
Warning: Dont_touch on net 'u_ibex_core/cs_registers_i/mstack_epc_q[8]' may be overridden by compile because it
	is connected to generic logic. Use all_connected to see net
	connections. (OPT-461)
Warning: Dont_touch on net 'u_ibex_core/cs_registers_i/mstack_epc_q[9]' may be overridden by compile because it
	is connected to generic logic. Use all_connected to see net
	connections. (OPT-461)
Warning: Dont_touch on net 'u_ibex_core/cs_registers_i/mstack_epc_q[10]' may be overridden by compile because it
	is connected to generic logic. Use all_connected to see net
	connections. (OPT-461)
Warning: Dont_touch on net 'u_ibex_core/cs_registers_i/mstack_epc_q[11]' may be overridden by compile because it
	is connected to generic logic. Use all_connected to see net
	connections. (OPT-461)
Warning: Dont_touch on net 'u_ibex_core/cs_registers_i/mstack_epc_q[12]' may be overridden by compile because it
	is connected to generic logic. Use all_connected to see net
	connections. (OPT-461)
Warning: Dont_touch on net 'u_ibex_core/cs_registers_i/mstack_epc_q[13]' may be overridden by compile because it
	is connected to generic logic. Use all_connected to see net
	connections. (OPT-461)
Warning: Dont_touch on net 'u_ibex_core/cs_registers_i/mstack_epc_q[14]' may be overridden by compile because it
	is connected to generic logic. Use all_connected to see net
	connections. (OPT-461)
Warning: Dont_touch on net 'u_ibex_core/cs_registers_i/mstack_epc_q[15]' may be overridden by compile because it
	is connected to generic logic. Use all_connected to see net
	connections. (OPT-461)
Warning: Dont_touch on net 'u_ibex_core/cs_registers_i/mstack_epc_q[16]' may be overridden by compile because it
	is connected to generic logic. Use all_connected to see net
	connections. (OPT-461)
Warning: Dont_touch on net 'u_ibex_core/cs_registers_i/mstack_epc_q[17]' may be overridden by compile because it
	is connected to generic logic. Use all_connected to see net
	connections. (OPT-461)
Warning: Dont_touch on net 'u_ibex_core/cs_registers_i/mstack_epc_q[18]' may be overridden by compile because it
	is connected to generic logic. Use all_connected to see net
	connections. (OPT-461)
Warning: Dont_touch on net 'u_ibex_core/cs_registers_i/mstack_epc_q[19]' may be overridden by compile because it
	is connected to generic logic. Use all_connected to see net
	connections. (OPT-461)
Warning: Dont_touch on net 'u_ibex_core/cs_registers_i/mstack_epc_q[20]' may be overridden by compile because it
	is connected to generic logic. Use all_connected to see net
	connections. (OPT-461)
Warning: Dont_touch on net 'u_ibex_core/cs_registers_i/mstack_epc_q[21]' may be overridden by compile because it
	is connected to generic logic. Use all_connected to see net
	connections. (OPT-461)
Warning: Dont_touch on net 'u_ibex_core/cs_registers_i/mstack_epc_q[22]' may be overridden by compile because it
	is connected to generic logic. Use all_connected to see net
	connections. (OPT-461)
Warning: Dont_touch on net 'u_ibex_core/cs_registers_i/mstack_epc_q[23]' may be overridden by compile because it
	is connected to generic logic. Use all_connected to see net
	connections. (OPT-461)
Warning: Dont_touch on net 'u_ibex_core/cs_registers_i/mstack_epc_q[24]' may be overridden by compile because it
	is connected to generic logic. Use all_connected to see net
	connections. (OPT-461)
Warning: Dont_touch on net 'u_ibex_core/cs_registers_i/mstack_epc_q[25]' may be overridden by compile because it
	is connected to generic logic. Use all_connected to see net
	connections. (OPT-461)
Warning: Dont_touch on net 'u_ibex_core/cs_registers_i/mstack_epc_q[26]' may be overridden by compile because it
	is connected to generic logic. Use all_connected to see net
	connections. (OPT-461)
Warning: Dont_touch on net 'u_ibex_core/cs_registers_i/mstack_epc_q[27]' may be overridden by compile because it
	is connected to generic logic. Use all_connected to see net
	connections. (OPT-461)
Warning: Dont_touch on net 'u_ibex_core/cs_registers_i/mstack_epc_q[28]' may be overridden by compile because it
	is connected to generic logic. Use all_connected to see net
	connections. (OPT-461)
Warning: Dont_touch on net 'u_ibex_core/cs_registers_i/mstack_epc_q[29]' may be overridden by compile because it
	is connected to generic logic. Use all_connected to see net
	connections. (OPT-461)
Warning: Dont_touch on net 'u_ibex_core/cs_registers_i/mstack_epc_q[30]' may be overridden by compile because it
	is connected to generic logic. Use all_connected to see net
	connections. (OPT-461)
Warning: Dont_touch on net 'u_ibex_core/cs_registers_i/mstack_epc_q[31]' may be overridden by compile because it
	is connected to generic logic. Use all_connected to see net
	connections. (OPT-461)
Warning: Dont_touch on net 'u_ibex_core/cs_registers_i/mstack_q[mpp][0]' may be overridden by compile because it
	is connected to generic logic. Use all_connected to see net
	connections. (OPT-461)
Warning: Dont_touch on net 'u_ibex_core/cs_registers_i/mstack_q[mpp][1]' may be overridden by compile because it
	is connected to generic logic. Use all_connected to see net
	connections. (OPT-461)
Warning: Dont_touch on net 'u_ibex_core/cs_registers_i/mstack_q[mpie]' may be overridden by compile because it
	is connected to generic logic. Use all_connected to see net
	connections. (OPT-461)
Warning: Dont_touch on net 'u_ibex_core/cs_registers_i/cpuctrlsts_part_d[sync_exc_seen]' may be overridden by compile because it
	is connected to generic logic. Use all_connected to see net
	connections. (OPT-461)
Warning: Dont_touch on net 'u_ibex_core/cs_registers_i/cpuctrlsts_part_d[double_fault_seen]' may be overridden by compile because it
	is connected to generic logic. Use all_connected to see net
	connections. (OPT-461)
Warning: Dont_touch on net 'u_ibex_core/cs_registers_i/cpuctrlsts_part_we' may be overridden by compile because it
	is connected to generic logic. Use all_connected to see net
	connections. (OPT-461)
Warning: Dont_touch on net 'u_ibex_core/cs_registers_i/mhpmcounterh_we_0' may be overridden by compile because it
	is connected to generic logic. Use all_connected to see net
	connections. (OPT-461)
Warning: Dont_touch on net 'u_ibex_core/cs_registers_i/mhpmcounterh_we[2]' may be overridden by compile because it
	is connected to generic logic. Use all_connected to see net
	connections. (OPT-461)
Warning: Dont_touch on net 'u_ibex_core/cs_registers_i/mhpmcounter_we_0' may be overridden by compile because it
	is connected to generic logic. Use all_connected to see net
	connections. (OPT-461)
Warning: Dont_touch on net 'u_ibex_core/cs_registers_i/mhpmcounter_we[2]' may be overridden by compile because it
	is connected to generic logic. Use all_connected to see net
	connections. (OPT-461)
Warning: Dont_touch on net 'u_ibex_core/cs_registers_i/mstack_cause_d[lower_cause][0]' may be overridden by compile because it
	is connected to generic logic. Use all_connected to see net
	connections. (OPT-461)
Warning: Dont_touch on net 'u_ibex_core/cs_registers_i/mstack_cause_d[lower_cause][1]' may be overridden by compile because it
	is connected to generic logic. Use all_connected to see net
	connections. (OPT-461)
Warning: Dont_touch on net 'u_ibex_core/cs_registers_i/mstack_cause_d[lower_cause][2]' may be overridden by compile because it
	is connected to generic logic. Use all_connected to see net
	connections. (OPT-461)
Warning: Dont_touch on net 'u_ibex_core/cs_registers_i/mstack_cause_d[lower_cause][3]' may be overridden by compile because it
	is connected to generic logic. Use all_connected to see net
	connections. (OPT-461)
Warning: Dont_touch on net 'u_ibex_core/cs_registers_i/mstack_cause_d[lower_cause][4]' may be overridden by compile because it
	is connected to generic logic. Use all_connected to see net
	connections. (OPT-461)
Warning: Dont_touch on net 'u_ibex_core/cs_registers_i/mstack_d[mpp][0]' may be overridden by compile because it
	is connected to generic logic. Use all_connected to see net
	connections. (OPT-461)
Warning: Dont_touch on net 'u_ibex_core/cs_registers_i/mstack_d[mpp][1]' may be overridden by compile because it
	is connected to generic logic. Use all_connected to see net
	connections. (OPT-461)
Warning: Dont_touch on net 'u_ibex_core/cs_registers_i/mstack_d[mpie]' may be overridden by compile because it
	is connected to generic logic. Use all_connected to see net
	connections. (OPT-461)
Warning: Dont_touch on net 'u_ibex_core/cs_registers_i/mstack_en' may be overridden by compile because it
	is connected to generic logic. Use all_connected to see net
	connections. (OPT-461)
Warning: Dont_touch on net 'u_ibex_core/cs_registers_i/dscratch1_en' may be overridden by compile because it
	is connected to generic logic. Use all_connected to see net
	connections. (OPT-461)
Warning: Dont_touch on net 'u_ibex_core/cs_registers_i/dscratch0_en' may be overridden by compile because it
	is connected to generic logic. Use all_connected to see net
	connections. (OPT-461)
Warning: Dont_touch on net 'u_ibex_core/cs_registers_i/depc_en' may be overridden by compile because it
	is connected to generic logic. Use all_connected to see net
	connections. (OPT-461)
Warning: Dont_touch on net 'u_ibex_core/cs_registers_i/depc_d[0]' may be overridden by compile because it
	is connected to generic logic. Use all_connected to see net
	connections. (OPT-461)
Warning: Dont_touch on net 'u_ibex_core/cs_registers_i/depc_d[1]' may be overridden by compile because it
	is connected to generic logic. Use all_connected to see net
	connections. (OPT-461)
Warning: Dont_touch on net 'u_ibex_core/cs_registers_i/depc_d[2]' may be overridden by compile because it
	is connected to generic logic. Use all_connected to see net
	connections. (OPT-461)
Warning: Dont_touch on net 'u_ibex_core/cs_registers_i/depc_d[3]' may be overridden by compile because it
	is connected to generic logic. Use all_connected to see net
	connections. (OPT-461)
Warning: Dont_touch on net 'u_ibex_core/cs_registers_i/depc_d[4]' may be overridden by compile because it
	is connected to generic logic. Use all_connected to see net
	connections. (OPT-461)
Warning: Dont_touch on net 'u_ibex_core/cs_registers_i/depc_d[5]' may be overridden by compile because it
	is connected to generic logic. Use all_connected to see net
	connections. (OPT-461)
Warning: Dont_touch on net 'u_ibex_core/cs_registers_i/depc_d[6]' may be overridden by compile because it
	is connected to generic logic. Use all_connected to see net
	connections. (OPT-461)
Warning: Dont_touch on net 'u_ibex_core/cs_registers_i/depc_d[7]' may be overridden by compile because it
	is connected to generic logic. Use all_connected to see net
	connections. (OPT-461)
Warning: Dont_touch on net 'u_ibex_core/cs_registers_i/depc_d[8]' may be overridden by compile because it
	is connected to generic logic. Use all_connected to see net
	connections. (OPT-461)
Warning: Dont_touch on net 'u_ibex_core/cs_registers_i/depc_d[9]' may be overridden by compile because it
	is connected to generic logic. Use all_connected to see net
	connections. (OPT-461)
Warning: Dont_touch on net 'u_ibex_core/cs_registers_i/depc_d[10]' may be overridden by compile because it
	is connected to generic logic. Use all_connected to see net
	connections. (OPT-461)
Warning: Dont_touch on net 'u_ibex_core/cs_registers_i/depc_d[11]' may be overridden by compile because it
	is connected to generic logic. Use all_connected to see net
	connections. (OPT-461)
Warning: Dont_touch on net 'u_ibex_core/cs_registers_i/depc_d[12]' may be overridden by compile because it
	is connected to generic logic. Use all_connected to see net
	connections. (OPT-461)
Warning: Dont_touch on net 'u_ibex_core/cs_registers_i/depc_d[13]' may be overridden by compile because it
	is connected to generic logic. Use all_connected to see net
	connections. (OPT-461)
Warning: Dont_touch on net 'u_ibex_core/cs_registers_i/depc_d[14]' may be overridden by compile because it
	is connected to generic logic. Use all_connected to see net
	connections. (OPT-461)
Warning: Dont_touch on net 'u_ibex_core/cs_registers_i/depc_d[15]' may be overridden by compile because it
	is connected to generic logic. Use all_connected to see net
	connections. (OPT-461)
Warning: Dont_touch on net 'u_ibex_core/cs_registers_i/depc_d[16]' may be overridden by compile because it
	is connected to generic logic. Use all_connected to see net
	connections. (OPT-461)
Warning: Dont_touch on net 'u_ibex_core/cs_registers_i/depc_d[17]' may be overridden by compile because it
	is connected to generic logic. Use all_connected to see net
	connections. (OPT-461)
Warning: Dont_touch on net 'u_ibex_core/cs_registers_i/depc_d[18]' may be overridden by compile because it
	is connected to generic logic. Use all_connected to see net
	connections. (OPT-461)
Warning: Dont_touch on net 'u_ibex_core/cs_registers_i/depc_d[19]' may be overridden by compile because it
	is connected to generic logic. Use all_connected to see net
	connections. (OPT-461)
Warning: Dont_touch on net 'u_ibex_core/cs_registers_i/depc_d[20]' may be overridden by compile because it
	is connected to generic logic. Use all_connected to see net
	connections. (OPT-461)
Warning: Dont_touch on net 'u_ibex_core/cs_registers_i/depc_d[21]' may be overridden by compile because it
	is connected to generic logic. Use all_connected to see net
	connections. (OPT-461)
Warning: Dont_touch on net 'u_ibex_core/cs_registers_i/depc_d[22]' may be overridden by compile because it
	is connected to generic logic. Use all_connected to see net
	connections. (OPT-461)
Warning: Dont_touch on net 'u_ibex_core/cs_registers_i/depc_d[23]' may be overridden by compile because it
	is connected to generic logic. Use all_connected to see net
	connections. (OPT-461)
Warning: Dont_touch on net 'u_ibex_core/cs_registers_i/depc_d[24]' may be overridden by compile because it
	is connected to generic logic. Use all_connected to see net
	connections. (OPT-461)
Warning: Dont_touch on net 'u_ibex_core/cs_registers_i/depc_d[25]' may be overridden by compile because it
	is connected to generic logic. Use all_connected to see net
	connections. (OPT-461)
Warning: Dont_touch on net 'u_ibex_core/cs_registers_i/depc_d[26]' may be overridden by compile because it
	is connected to generic logic. Use all_connected to see net
	connections. (OPT-461)
Warning: Dont_touch on net 'u_ibex_core/cs_registers_i/depc_d[27]' may be overridden by compile because it
	is connected to generic logic. Use all_connected to see net
	connections. (OPT-461)
Warning: Dont_touch on net 'u_ibex_core/cs_registers_i/depc_d[28]' may be overridden by compile because it
	is connected to generic logic. Use all_connected to see net
	connections. (OPT-461)
Warning: Dont_touch on net 'u_ibex_core/cs_registers_i/depc_d[29]' may be overridden by compile because it
	is connected to generic logic. Use all_connected to see net
	connections. (OPT-461)
Warning: Dont_touch on net 'u_ibex_core/cs_registers_i/depc_d[30]' may be overridden by compile because it
	is connected to generic logic. Use all_connected to see net
	connections. (OPT-461)
Warning: Dont_touch on net 'u_ibex_core/cs_registers_i/depc_d[31]' may be overridden by compile because it
	is connected to generic logic. Use all_connected to see net
	connections. (OPT-461)
Warning: Dont_touch on net 'u_ibex_core/cs_registers_i/dcsr_d[prv][0]' may be overridden by compile because it
	is connected to generic logic. Use all_connected to see net
	connections. (OPT-461)
Warning: Dont_touch on net 'u_ibex_core/cs_registers_i/dcsr_d[prv][1]' may be overridden by compile because it
	is connected to generic logic. Use all_connected to see net
	connections. (OPT-461)
Warning: Dont_touch on net 'u_ibex_core/cs_registers_i/dcsr_d[cause][0]' may be overridden by compile because it
	is connected to generic logic. Use all_connected to see net
	connections. (OPT-461)
Warning: Dont_touch on net 'u_ibex_core/cs_registers_i/dcsr_d[cause][1]' may be overridden by compile because it
	is connected to generic logic. Use all_connected to see net
	connections. (OPT-461)
Warning: Dont_touch on net 'u_ibex_core/cs_registers_i/dcsr_d[cause][2]' may be overridden by compile because it
	is connected to generic logic. Use all_connected to see net
	connections. (OPT-461)
Warning: Dont_touch on net 'u_ibex_core/cs_registers_i/dcsr_en' may be overridden by compile because it
	is connected to generic logic. Use all_connected to see net
	connections. (OPT-461)
Warning: Dont_touch on net 'u_ibex_core/cs_registers_i/mtvec_d[8]' may be overridden by compile because it
	is connected to generic logic. Use all_connected to see net
	connections. (OPT-461)
Warning: Dont_touch on net 'u_ibex_core/cs_registers_i/mtvec_d[9]' may be overridden by compile because it
	is connected to generic logic. Use all_connected to see net
	connections. (OPT-461)
Warning: Dont_touch on net 'u_ibex_core/cs_registers_i/mtvec_d[10]' may be overridden by compile because it
	is connected to generic logic. Use all_connected to see net
	connections. (OPT-461)
Warning: Dont_touch on net 'u_ibex_core/cs_registers_i/mtvec_d[11]' may be overridden by compile because it
	is connected to generic logic. Use all_connected to see net
	connections. (OPT-461)
Warning: Dont_touch on net 'u_ibex_core/cs_registers_i/mtvec_d[12]' may be overridden by compile because it
	is connected to generic logic. Use all_connected to see net
	connections. (OPT-461)
Warning: Dont_touch on net 'u_ibex_core/cs_registers_i/mtvec_d[13]' may be overridden by compile because it
	is connected to generic logic. Use all_connected to see net
	connections. (OPT-461)
Warning: Dont_touch on net 'u_ibex_core/cs_registers_i/mtvec_d[14]' may be overridden by compile because it
	is connected to generic logic. Use all_connected to see net
	connections. (OPT-461)
Warning: Dont_touch on net 'u_ibex_core/cs_registers_i/mtvec_d[15]' may be overridden by compile because it
	is connected to generic logic. Use all_connected to see net
	connections. (OPT-461)
Warning: Dont_touch on net 'u_ibex_core/cs_registers_i/mtvec_d[16]' may be overridden by compile because it
	is connected to generic logic. Use all_connected to see net
	connections. (OPT-461)
Warning: Dont_touch on net 'u_ibex_core/cs_registers_i/mtvec_d[17]' may be overridden by compile because it
	is connected to generic logic. Use all_connected to see net
	connections. (OPT-461)
Warning: Dont_touch on net 'u_ibex_core/cs_registers_i/mtvec_d[18]' may be overridden by compile because it
	is connected to generic logic. Use all_connected to see net
	connections. (OPT-461)
Warning: Dont_touch on net 'u_ibex_core/cs_registers_i/mtvec_d[19]' may be overridden by compile because it
	is connected to generic logic. Use all_connected to see net
	connections. (OPT-461)
Warning: Dont_touch on net 'u_ibex_core/cs_registers_i/mtvec_d[20]' may be overridden by compile because it
	is connected to generic logic. Use all_connected to see net
	connections. (OPT-461)
Warning: Dont_touch on net 'u_ibex_core/cs_registers_i/mtvec_d[21]' may be overridden by compile because it
	is connected to generic logic. Use all_connected to see net
	connections. (OPT-461)
Warning: Dont_touch on net 'u_ibex_core/cs_registers_i/mtvec_d[22]' may be overridden by compile because it
	is connected to generic logic. Use all_connected to see net
	connections. (OPT-461)
Warning: Dont_touch on net 'u_ibex_core/cs_registers_i/mtvec_d[23]' may be overridden by compile because it
	is connected to generic logic. Use all_connected to see net
	connections. (OPT-461)
Warning: Dont_touch on net 'u_ibex_core/cs_registers_i/mtvec_d[24]' may be overridden by compile because it
	is connected to generic logic. Use all_connected to see net
	connections. (OPT-461)
Warning: Dont_touch on net 'u_ibex_core/cs_registers_i/mtvec_d[25]' may be overridden by compile because it
	is connected to generic logic. Use all_connected to see net
	connections. (OPT-461)
Warning: Dont_touch on net 'u_ibex_core/cs_registers_i/mtvec_d[26]' may be overridden by compile because it
	is connected to generic logic. Use all_connected to see net
	connections. (OPT-461)
Warning: Dont_touch on net 'u_ibex_core/cs_registers_i/mtvec_d[27]' may be overridden by compile because it
	is connected to generic logic. Use all_connected to see net
	connections. (OPT-461)
Warning: Dont_touch on net 'u_ibex_core/cs_registers_i/mtvec_d[28]' may be overridden by compile because it
	is connected to generic logic. Use all_connected to see net
	connections. (OPT-461)
Warning: Dont_touch on net 'u_ibex_core/cs_registers_i/mtvec_d[29]' may be overridden by compile because it
	is connected to generic logic. Use all_connected to see net
	connections. (OPT-461)
Warning: Dont_touch on net 'u_ibex_core/cs_registers_i/mtvec_d[30]' may be overridden by compile because it
	is connected to generic logic. Use all_connected to see net
	connections. (OPT-461)
Warning: Dont_touch on net 'u_ibex_core/cs_registers_i/mtvec_d[31]' may be overridden by compile because it
	is connected to generic logic. Use all_connected to see net
	connections. (OPT-461)
Warning: Dont_touch on net 'u_ibex_core/cs_registers_i/mtvec_en' may be overridden by compile because it
	is connected to generic logic. Use all_connected to see net
	connections. (OPT-461)
Warning: Dont_touch on net 'u_ibex_core/cs_registers_i/mtval_d[0]' may be overridden by compile because it
	is connected to generic logic. Use all_connected to see net
	connections. (OPT-461)
Warning: Dont_touch on net 'u_ibex_core/cs_registers_i/mtval_d[1]' may be overridden by compile because it
	is connected to generic logic. Use all_connected to see net
	connections. (OPT-461)
Warning: Dont_touch on net 'u_ibex_core/cs_registers_i/mtval_d[2]' may be overridden by compile because it
	is connected to generic logic. Use all_connected to see net
	connections. (OPT-461)
Warning: Dont_touch on net 'u_ibex_core/cs_registers_i/mtval_d[3]' may be overridden by compile because it
	is connected to generic logic. Use all_connected to see net
	connections. (OPT-461)
Warning: Dont_touch on net 'u_ibex_core/cs_registers_i/mtval_d[4]' may be overridden by compile because it
	is connected to generic logic. Use all_connected to see net
	connections. (OPT-461)
Warning: Dont_touch on net 'u_ibex_core/cs_registers_i/mtval_d[5]' may be overridden by compile because it
	is connected to generic logic. Use all_connected to see net
	connections. (OPT-461)
Warning: Dont_touch on net 'u_ibex_core/cs_registers_i/mtval_d[6]' may be overridden by compile because it
	is connected to generic logic. Use all_connected to see net
	connections. (OPT-461)
Warning: Dont_touch on net 'u_ibex_core/cs_registers_i/mtval_d[7]' may be overridden by compile because it
	is connected to generic logic. Use all_connected to see net
	connections. (OPT-461)
Warning: Dont_touch on net 'u_ibex_core/cs_registers_i/mtval_d[8]' may be overridden by compile because it
	is connected to generic logic. Use all_connected to see net
	connections. (OPT-461)
Warning: Dont_touch on net 'u_ibex_core/cs_registers_i/mtval_d[9]' may be overridden by compile because it
	is connected to generic logic. Use all_connected to see net
	connections. (OPT-461)
Warning: Dont_touch on net 'u_ibex_core/cs_registers_i/mtval_d[10]' may be overridden by compile because it
	is connected to generic logic. Use all_connected to see net
	connections. (OPT-461)
Warning: Dont_touch on net 'u_ibex_core/cs_registers_i/mtval_d[11]' may be overridden by compile because it
	is connected to generic logic. Use all_connected to see net
	connections. (OPT-461)
Warning: Dont_touch on net 'u_ibex_core/cs_registers_i/mtval_d[12]' may be overridden by compile because it
	is connected to generic logic. Use all_connected to see net
	connections. (OPT-461)
Warning: Dont_touch on net 'u_ibex_core/cs_registers_i/mtval_d[13]' may be overridden by compile because it
	is connected to generic logic. Use all_connected to see net
	connections. (OPT-461)
Warning: Dont_touch on net 'u_ibex_core/cs_registers_i/mtval_d[14]' may be overridden by compile because it
	is connected to generic logic. Use all_connected to see net
	connections. (OPT-461)
Warning: Dont_touch on net 'u_ibex_core/cs_registers_i/mtval_d[15]' may be overridden by compile because it
	is connected to generic logic. Use all_connected to see net
	connections. (OPT-461)
Warning: Dont_touch on net 'u_ibex_core/cs_registers_i/mtval_d[16]' may be overridden by compile because it
	is connected to generic logic. Use all_connected to see net
	connections. (OPT-461)
Warning: Dont_touch on net 'u_ibex_core/cs_registers_i/mtval_d[17]' may be overridden by compile because it
	is connected to generic logic. Use all_connected to see net
	connections. (OPT-461)
Warning: Dont_touch on net 'u_ibex_core/cs_registers_i/mtval_d[18]' may be overridden by compile because it
	is connected to generic logic. Use all_connected to see net
	connections. (OPT-461)
Warning: Dont_touch on net 'u_ibex_core/cs_registers_i/mtval_d[19]' may be overridden by compile because it
	is connected to generic logic. Use all_connected to see net
	connections. (OPT-461)
Warning: Dont_touch on net 'u_ibex_core/cs_registers_i/mtval_d[20]' may be overridden by compile because it
	is connected to generic logic. Use all_connected to see net
	connections. (OPT-461)
Warning: Dont_touch on net 'u_ibex_core/cs_registers_i/mtval_d[21]' may be overridden by compile because it
	is connected to generic logic. Use all_connected to see net
	connections. (OPT-461)
Warning: Dont_touch on net 'u_ibex_core/cs_registers_i/mtval_d[22]' may be overridden by compile because it
	is connected to generic logic. Use all_connected to see net
	connections. (OPT-461)
Warning: Dont_touch on net 'u_ibex_core/cs_registers_i/mtval_d[23]' may be overridden by compile because it
	is connected to generic logic. Use all_connected to see net
	connections. (OPT-461)
Warning: Dont_touch on net 'u_ibex_core/cs_registers_i/mtval_d[24]' may be overridden by compile because it
	is connected to generic logic. Use all_connected to see net
	connections. (OPT-461)
Warning: Dont_touch on net 'u_ibex_core/cs_registers_i/mtval_d[25]' may be overridden by compile because it
	is connected to generic logic. Use all_connected to see net
	connections. (OPT-461)
Warning: Dont_touch on net 'u_ibex_core/cs_registers_i/mtval_d[26]' may be overridden by compile because it
	is connected to generic logic. Use all_connected to see net
	connections. (OPT-461)
Warning: Dont_touch on net 'u_ibex_core/cs_registers_i/mtval_d[27]' may be overridden by compile because it
	is connected to generic logic. Use all_connected to see net
	connections. (OPT-461)
Warning: Dont_touch on net 'u_ibex_core/cs_registers_i/mtval_d[28]' may be overridden by compile because it
	is connected to generic logic. Use all_connected to see net
	connections. (OPT-461)
Warning: Dont_touch on net 'u_ibex_core/cs_registers_i/mtval_d[29]' may be overridden by compile because it
	is connected to generic logic. Use all_connected to see net
	connections. (OPT-461)
Warning: Dont_touch on net 'u_ibex_core/cs_registers_i/mtval_d[30]' may be overridden by compile because it
	is connected to generic logic. Use all_connected to see net
	connections. (OPT-461)
Warning: Dont_touch on net 'u_ibex_core/cs_registers_i/mtval_d[31]' may be overridden by compile because it
	is connected to generic logic. Use all_connected to see net
	connections. (OPT-461)
Warning: Dont_touch on net 'u_ibex_core/cs_registers_i/mtval_en' may be overridden by compile because it
	is connected to generic logic. Use all_connected to see net
	connections. (OPT-461)
Warning: Dont_touch on net 'u_ibex_core/cs_registers_i/mcause_d[lower_cause][0]' may be overridden by compile because it
	is connected to generic logic. Use all_connected to see net
	connections. (OPT-461)
Warning: Dont_touch on net 'u_ibex_core/cs_registers_i/mcause_d[lower_cause][1]' may be overridden by compile because it
	is connected to generic logic. Use all_connected to see net
	connections. (OPT-461)
Warning: Dont_touch on net 'u_ibex_core/cs_registers_i/mcause_d[lower_cause][2]' may be overridden by compile because it
	is connected to generic logic. Use all_connected to see net
	connections. (OPT-461)
Warning: Dont_touch on net 'u_ibex_core/cs_registers_i/mcause_d[lower_cause][3]' may be overridden by compile because it
	is connected to generic logic. Use all_connected to see net
	connections. (OPT-461)
Warning: Dont_touch on net 'u_ibex_core/cs_registers_i/mcause_d[lower_cause][4]' may be overridden by compile because it
	is connected to generic logic. Use all_connected to see net
	connections. (OPT-461)
Warning: Dont_touch on net 'u_ibex_core/cs_registers_i/mcause_d[irq_ext]' may be overridden by compile because it
	is connected to generic logic. Use all_connected to see net
	connections. (OPT-461)
Warning: Dont_touch on net 'u_ibex_core/cs_registers_i/mcause_d[irq_int]' may be overridden by compile because it
	is connected to generic logic. Use all_connected to see net
	connections. (OPT-461)
Warning: Dont_touch on net 'u_ibex_core/cs_registers_i/mcause_en' may be overridden by compile because it
	is connected to generic logic. Use all_connected to see net
	connections. (OPT-461)
Warning: Dont_touch on net 'u_ibex_core/cs_registers_i/mepc_d[1]' may be overridden by compile because it
	is connected to generic logic. Use all_connected to see net
	connections. (OPT-461)
Warning: Dont_touch on net 'u_ibex_core/cs_registers_i/mepc_d[2]' may be overridden by compile because it
	is connected to generic logic. Use all_connected to see net
	connections. (OPT-461)
Warning: Dont_touch on net 'u_ibex_core/cs_registers_i/mepc_d[3]' may be overridden by compile because it
	is connected to generic logic. Use all_connected to see net
	connections. (OPT-461)
Warning: Dont_touch on net 'u_ibex_core/cs_registers_i/mepc_d[4]' may be overridden by compile because it
	is connected to generic logic. Use all_connected to see net
	connections. (OPT-461)
Warning: Dont_touch on net 'u_ibex_core/cs_registers_i/mepc_d[5]' may be overridden by compile because it
	is connected to generic logic. Use all_connected to see net
	connections. (OPT-461)
Warning: Dont_touch on net 'u_ibex_core/cs_registers_i/mepc_d[6]' may be overridden by compile because it
	is connected to generic logic. Use all_connected to see net
	connections. (OPT-461)
Warning: Dont_touch on net 'u_ibex_core/cs_registers_i/mepc_d[7]' may be overridden by compile because it
	is connected to generic logic. Use all_connected to see net
	connections. (OPT-461)
Warning: Dont_touch on net 'u_ibex_core/cs_registers_i/mepc_d[8]' may be overridden by compile because it
	is connected to generic logic. Use all_connected to see net
	connections. (OPT-461)
Warning: Dont_touch on net 'u_ibex_core/cs_registers_i/mepc_d[9]' may be overridden by compile because it
	is connected to generic logic. Use all_connected to see net
	connections. (OPT-461)
Warning: Dont_touch on net 'u_ibex_core/cs_registers_i/mepc_d[10]' may be overridden by compile because it
	is connected to generic logic. Use all_connected to see net
	connections. (OPT-461)
Warning: Dont_touch on net 'u_ibex_core/cs_registers_i/mepc_d[11]' may be overridden by compile because it
	is connected to generic logic. Use all_connected to see net
	connections. (OPT-461)
Warning: Dont_touch on net 'u_ibex_core/cs_registers_i/mepc_d[12]' may be overridden by compile because it
	is connected to generic logic. Use all_connected to see net
	connections. (OPT-461)
Warning: Dont_touch on net 'u_ibex_core/cs_registers_i/mepc_d[13]' may be overridden by compile because it
	is connected to generic logic. Use all_connected to see net
	connections. (OPT-461)
Warning: Dont_touch on net 'u_ibex_core/cs_registers_i/mepc_d[14]' may be overridden by compile because it
	is connected to generic logic. Use all_connected to see net
	connections. (OPT-461)
Warning: Dont_touch on net 'u_ibex_core/cs_registers_i/mepc_d[15]' may be overridden by compile because it
	is connected to generic logic. Use all_connected to see net
	connections. (OPT-461)
Warning: Dont_touch on net 'u_ibex_core/cs_registers_i/mepc_d[16]' may be overridden by compile because it
	is connected to generic logic. Use all_connected to see net
	connections. (OPT-461)
Warning: Dont_touch on net 'u_ibex_core/cs_registers_i/mepc_d[17]' may be overridden by compile because it
	is connected to generic logic. Use all_connected to see net
	connections. (OPT-461)
Warning: Dont_touch on net 'u_ibex_core/cs_registers_i/mepc_d[18]' may be overridden by compile because it
	is connected to generic logic. Use all_connected to see net
	connections. (OPT-461)
Warning: Dont_touch on net 'u_ibex_core/cs_registers_i/mepc_d[19]' may be overridden by compile because it
	is connected to generic logic. Use all_connected to see net
	connections. (OPT-461)
Warning: Dont_touch on net 'u_ibex_core/cs_registers_i/mepc_d[20]' may be overridden by compile because it
	is connected to generic logic. Use all_connected to see net
	connections. (OPT-461)
Warning: Dont_touch on net 'u_ibex_core/cs_registers_i/mepc_d[21]' may be overridden by compile because it
	is connected to generic logic. Use all_connected to see net
	connections. (OPT-461)
Warning: Dont_touch on net 'u_ibex_core/cs_registers_i/mepc_d[22]' may be overridden by compile because it
	is connected to generic logic. Use all_connected to see net
	connections. (OPT-461)
Warning: Dont_touch on net 'u_ibex_core/cs_registers_i/mepc_d[23]' may be overridden by compile because it
	is connected to generic logic. Use all_connected to see net
	connections. (OPT-461)
Warning: Dont_touch on net 'u_ibex_core/cs_registers_i/mepc_d[24]' may be overridden by compile because it
	is connected to generic logic. Use all_connected to see net
	connections. (OPT-461)
Warning: Dont_touch on net 'u_ibex_core/cs_registers_i/mepc_d[25]' may be overridden by compile because it
	is connected to generic logic. Use all_connected to see net
	connections. (OPT-461)
Warning: Dont_touch on net 'u_ibex_core/cs_registers_i/mepc_d[26]' may be overridden by compile because it
	is connected to generic logic. Use all_connected to see net
	connections. (OPT-461)
Warning: Dont_touch on net 'u_ibex_core/cs_registers_i/mepc_d[27]' may be overridden by compile because it
	is connected to generic logic. Use all_connected to see net
	connections. (OPT-461)
Warning: Dont_touch on net 'u_ibex_core/cs_registers_i/mepc_d[28]' may be overridden by compile because it
	is connected to generic logic. Use all_connected to see net
	connections. (OPT-461)
Warning: Dont_touch on net 'u_ibex_core/cs_registers_i/mepc_d[29]' may be overridden by compile because it
	is connected to generic logic. Use all_connected to see net
	connections. (OPT-461)
Warning: Dont_touch on net 'u_ibex_core/cs_registers_i/mepc_d[30]' may be overridden by compile because it
	is connected to generic logic. Use all_connected to see net
	connections. (OPT-461)
Warning: Dont_touch on net 'u_ibex_core/cs_registers_i/mepc_d[31]' may be overridden by compile because it
	is connected to generic logic. Use all_connected to see net
	connections. (OPT-461)
Warning: Dont_touch on net 'u_ibex_core/cs_registers_i/csr_wdata_int[2]' may be overridden by compile because it
	is connected to generic logic. Use all_connected to see net
	connections. (OPT-461)
Warning: Dont_touch on net 'u_ibex_core/cs_registers_i/csr_wdata_int[31]' may be overridden by compile because it
	is connected to generic logic. Use all_connected to see net
	connections. (OPT-461)
Warning: Dont_touch on net 'u_ibex_core/cs_registers_i/mepc_en' may be overridden by compile because it
	is connected to generic logic. Use all_connected to see net
	connections. (OPT-461)
Warning: Dont_touch on net 'u_ibex_core/cs_registers_i/mscratch_en' may be overridden by compile because it
	is connected to generic logic. Use all_connected to see net
	connections. (OPT-461)
Warning: Dont_touch on net 'u_ibex_core/cs_registers_i/mie_en' may be overridden by compile because it
	is connected to generic logic. Use all_connected to see net
	connections. (OPT-461)
Warning: Dont_touch on net 'u_ibex_core/cs_registers_i/mstatus_d[mprv]' may be overridden by compile because it
	is connected to generic logic. Use all_connected to see net
	connections. (OPT-461)
Warning: Dont_touch on net 'u_ibex_core/cs_registers_i/mstatus_d[mpp][0]' may be overridden by compile because it
	is connected to generic logic. Use all_connected to see net
	connections. (OPT-461)
Warning: Dont_touch on net 'u_ibex_core/cs_registers_i/mstatus_d[mpp][1]' may be overridden by compile because it
	is connected to generic logic. Use all_connected to see net
	connections. (OPT-461)
Warning: Dont_touch on net 'u_ibex_core/cs_registers_i/mstatus_d[mpie]' may be overridden by compile because it
	is connected to generic logic. Use all_connected to see net
	connections. (OPT-461)
Warning: Dont_touch on net 'u_ibex_core/cs_registers_i/mstatus_d[mie]' may be overridden by compile because it
	is connected to generic logic. Use all_connected to see net
	connections. (OPT-461)
Warning: Dont_touch on net 'u_ibex_core/cs_registers_i/mstatus_en' may be overridden by compile because it
	is connected to generic logic. Use all_connected to see net
	connections. (OPT-461)
Warning: Dont_touch on net 'u_ibex_core/cs_registers_i/cpuctrlsts_part_q[icache_enable]' may be overridden by compile because it
	is connected to generic logic. Use all_connected to see net
	connections. (OPT-461)
Warning: Dont_touch on net 'u_ibex_core/cs_registers_i/cpuctrlsts_part_q[sync_exc_seen]' may be overridden by compile because it
	is connected to generic logic. Use all_connected to see net
	connections. (OPT-461)
Warning: Dont_touch on net 'u_ibex_core/cs_registers_i/cpuctrlsts_part_q[double_fault_seen]' may be overridden by compile because it
	is connected to generic logic. Use all_connected to see net
	connections. (OPT-461)
Warning: Dont_touch on net 'u_ibex_core/cs_registers_i/mhpmcounter[0][0]' may be overridden by compile because it
	is connected to generic logic. Use all_connected to see net
	connections. (OPT-461)
Warning: Dont_touch on net 'u_ibex_core/cs_registers_i/mhpmcounter[0][1]' may be overridden by compile because it
	is connected to generic logic. Use all_connected to see net
	connections. (OPT-461)
Warning: Dont_touch on net 'u_ibex_core/cs_registers_i/mhpmcounter[0][2]' may be overridden by compile because it
	is connected to generic logic. Use all_connected to see net
	connections. (OPT-461)
Warning: Dont_touch on net 'u_ibex_core/cs_registers_i/mhpmcounter[0][3]' may be overridden by compile because it
	is connected to generic logic. Use all_connected to see net
	connections. (OPT-461)
Warning: Dont_touch on net 'u_ibex_core/cs_registers_i/mhpmcounter[0][4]' may be overridden by compile because it
	is connected to generic logic. Use all_connected to see net
	connections. (OPT-461)
Warning: Dont_touch on net 'u_ibex_core/cs_registers_i/mhpmcounter[0][5]' may be overridden by compile because it
	is connected to generic logic. Use all_connected to see net
	connections. (OPT-461)
Warning: Dont_touch on net 'u_ibex_core/cs_registers_i/mhpmcounter[0][6]' may be overridden by compile because it
	is connected to generic logic. Use all_connected to see net
	connections. (OPT-461)
Warning: Dont_touch on net 'u_ibex_core/cs_registers_i/mhpmcounter[0][7]' may be overridden by compile because it
	is connected to generic logic. Use all_connected to see net
	connections. (OPT-461)
Warning: Dont_touch on net 'u_ibex_core/cs_registers_i/mhpmcounter[0][8]' may be overridden by compile because it
	is connected to generic logic. Use all_connected to see net
	connections. (OPT-461)
Warning: Dont_touch on net 'u_ibex_core/cs_registers_i/mhpmcounter[0][9]' may be overridden by compile because it
	is connected to generic logic. Use all_connected to see net
	connections. (OPT-461)
Warning: Dont_touch on net 'u_ibex_core/cs_registers_i/mhpmcounter[0][10]' may be overridden by compile because it
	is connected to generic logic. Use all_connected to see net
	connections. (OPT-461)
Warning: Dont_touch on net 'u_ibex_core/cs_registers_i/mhpmcounter[0][11]' may be overridden by compile because it
	is connected to generic logic. Use all_connected to see net
	connections. (OPT-461)
Warning: Dont_touch on net 'u_ibex_core/cs_registers_i/mhpmcounter[0][12]' may be overridden by compile because it
	is connected to generic logic. Use all_connected to see net
	connections. (OPT-461)
Warning: Dont_touch on net 'u_ibex_core/cs_registers_i/mhpmcounter[0][13]' may be overridden by compile because it
	is connected to generic logic. Use all_connected to see net
	connections. (OPT-461)
Warning: Dont_touch on net 'u_ibex_core/cs_registers_i/mhpmcounter[0][14]' may be overridden by compile because it
	is connected to generic logic. Use all_connected to see net
	connections. (OPT-461)
Warning: Dont_touch on net 'u_ibex_core/cs_registers_i/mhpmcounter[0][15]' may be overridden by compile because it
	is connected to generic logic. Use all_connected to see net
	connections. (OPT-461)
Warning: Dont_touch on net 'u_ibex_core/cs_registers_i/mhpmcounter[0][16]' may be overridden by compile because it
	is connected to generic logic. Use all_connected to see net
	connections. (OPT-461)
Warning: Dont_touch on net 'u_ibex_core/cs_registers_i/mhpmcounter[0][17]' may be overridden by compile because it
	is connected to generic logic. Use all_connected to see net
	connections. (OPT-461)
Warning: Dont_touch on net 'u_ibex_core/cs_registers_i/mhpmcounter[0][18]' may be overridden by compile because it
	is connected to generic logic. Use all_connected to see net
	connections. (OPT-461)
Warning: Dont_touch on net 'u_ibex_core/cs_registers_i/mhpmcounter[0][19]' may be overridden by compile because it
	is connected to generic logic. Use all_connected to see net
	connections. (OPT-461)
Warning: Dont_touch on net 'u_ibex_core/cs_registers_i/mhpmcounter[0][20]' may be overridden by compile because it
	is connected to generic logic. Use all_connected to see net
	connections. (OPT-461)
Warning: Dont_touch on net 'u_ibex_core/cs_registers_i/mhpmcounter[0][21]' may be overridden by compile because it
	is connected to generic logic. Use all_connected to see net
	connections. (OPT-461)
Warning: Dont_touch on net 'u_ibex_core/cs_registers_i/mhpmcounter[0][22]' may be overridden by compile because it
	is connected to generic logic. Use all_connected to see net
	connections. (OPT-461)
Warning: Dont_touch on net 'u_ibex_core/cs_registers_i/mhpmcounter[0][23]' may be overridden by compile because it
	is connected to generic logic. Use all_connected to see net
	connections. (OPT-461)
Warning: Dont_touch on net 'u_ibex_core/cs_registers_i/mhpmcounter[0][24]' may be overridden by compile because it
	is connected to generic logic. Use all_connected to see net
	connections. (OPT-461)
Warning: Dont_touch on net 'u_ibex_core/cs_registers_i/mhpmcounter[0][25]' may be overridden by compile because it
	is connected to generic logic. Use all_connected to see net
	connections. (OPT-461)
Warning: Dont_touch on net 'u_ibex_core/cs_registers_i/mhpmcounter[0][26]' may be overridden by compile because it
	is connected to generic logic. Use all_connected to see net
	connections. (OPT-461)
Warning: Dont_touch on net 'u_ibex_core/cs_registers_i/mhpmcounter[0][27]' may be overridden by compile because it
	is connected to generic logic. Use all_connected to see net
	connections. (OPT-461)
Warning: Dont_touch on net 'u_ibex_core/cs_registers_i/mhpmcounter[0][28]' may be overridden by compile because it
	is connected to generic logic. Use all_connected to see net
	connections. (OPT-461)
Warning: Dont_touch on net 'u_ibex_core/cs_registers_i/mhpmcounter[0][29]' may be overridden by compile because it
	is connected to generic logic. Use all_connected to see net
	connections. (OPT-461)
Warning: Dont_touch on net 'u_ibex_core/cs_registers_i/mhpmcounter[0][30]' may be overridden by compile because it
	is connected to generic logic. Use all_connected to see net
	connections. (OPT-461)
Warning: Dont_touch on net 'u_ibex_core/cs_registers_i/mhpmcounter[0][31]' may be overridden by compile because it
	is connected to generic logic. Use all_connected to see net
	connections. (OPT-461)
Warning: Dont_touch on net 'u_ibex_core/cs_registers_i/mhpmcounter[0][32]' may be overridden by compile because it
	is connected to generic logic. Use all_connected to see net
	connections. (OPT-461)
Warning: Dont_touch on net 'u_ibex_core/cs_registers_i/mhpmcounter[0][33]' may be overridden by compile because it
	is connected to generic logic. Use all_connected to see net
	connections. (OPT-461)
Warning: Dont_touch on net 'u_ibex_core/cs_registers_i/mhpmcounter[0][34]' may be overridden by compile because it
	is connected to generic logic. Use all_connected to see net
	connections. (OPT-461)
Warning: Dont_touch on net 'u_ibex_core/cs_registers_i/mhpmcounter[0][35]' may be overridden by compile because it
	is connected to generic logic. Use all_connected to see net
	connections. (OPT-461)
Warning: Dont_touch on net 'u_ibex_core/cs_registers_i/mhpmcounter[0][36]' may be overridden by compile because it
	is connected to generic logic. Use all_connected to see net
	connections. (OPT-461)
Warning: Dont_touch on net 'u_ibex_core/cs_registers_i/mhpmcounter[0][37]' may be overridden by compile because it
	is connected to generic logic. Use all_connected to see net
	connections. (OPT-461)
Warning: Dont_touch on net 'u_ibex_core/cs_registers_i/mhpmcounter[0][38]' may be overridden by compile because it
	is connected to generic logic. Use all_connected to see net
	connections. (OPT-461)
Warning: Dont_touch on net 'u_ibex_core/cs_registers_i/mhpmcounter[0][39]' may be overridden by compile because it
	is connected to generic logic. Use all_connected to see net
	connections. (OPT-461)
Warning: Dont_touch on net 'u_ibex_core/cs_registers_i/mhpmcounter[0][40]' may be overridden by compile because it
	is connected to generic logic. Use all_connected to see net
	connections. (OPT-461)
Warning: Dont_touch on net 'u_ibex_core/cs_registers_i/mhpmcounter[0][41]' may be overridden by compile because it
	is connected to generic logic. Use all_connected to see net
	connections. (OPT-461)
Warning: Dont_touch on net 'u_ibex_core/cs_registers_i/mhpmcounter[0][42]' may be overridden by compile because it
	is connected to generic logic. Use all_connected to see net
	connections. (OPT-461)
Warning: Dont_touch on net 'u_ibex_core/cs_registers_i/mhpmcounter[0][43]' may be overridden by compile because it
	is connected to generic logic. Use all_connected to see net
	connections. (OPT-461)
Warning: Dont_touch on net 'u_ibex_core/cs_registers_i/mhpmcounter[0][44]' may be overridden by compile because it
	is connected to generic logic. Use all_connected to see net
	connections. (OPT-461)
Warning: Dont_touch on net 'u_ibex_core/cs_registers_i/mhpmcounter[0][45]' may be overridden by compile because it
	is connected to generic logic. Use all_connected to see net
	connections. (OPT-461)
Warning: Dont_touch on net 'u_ibex_core/cs_registers_i/mhpmcounter[0][46]' may be overridden by compile because it
	is connected to generic logic. Use all_connected to see net
	connections. (OPT-461)
Warning: Dont_touch on net 'u_ibex_core/cs_registers_i/mhpmcounter[0][47]' may be overridden by compile because it
	is connected to generic logic. Use all_connected to see net
	connections. (OPT-461)
Warning: Dont_touch on net 'u_ibex_core/cs_registers_i/mhpmcounter[0][48]' may be overridden by compile because it
	is connected to generic logic. Use all_connected to see net
	connections. (OPT-461)
Warning: Dont_touch on net 'u_ibex_core/cs_registers_i/mhpmcounter[0][49]' may be overridden by compile because it
	is connected to generic logic. Use all_connected to see net
	connections. (OPT-461)
Warning: Dont_touch on net 'u_ibex_core/cs_registers_i/mhpmcounter[0][50]' may be overridden by compile because it
	is connected to generic logic. Use all_connected to see net
	connections. (OPT-461)
Warning: Dont_touch on net 'u_ibex_core/cs_registers_i/mhpmcounter[0][51]' may be overridden by compile because it
	is connected to generic logic. Use all_connected to see net
	connections. (OPT-461)
Warning: Dont_touch on net 'u_ibex_core/cs_registers_i/mhpmcounter[0][52]' may be overridden by compile because it
	is connected to generic logic. Use all_connected to see net
	connections. (OPT-461)
Warning: Dont_touch on net 'u_ibex_core/cs_registers_i/mhpmcounter[0][53]' may be overridden by compile because it
	is connected to generic logic. Use all_connected to see net
	connections. (OPT-461)
Warning: Dont_touch on net 'u_ibex_core/cs_registers_i/mhpmcounter[0][54]' may be overridden by compile because it
	is connected to generic logic. Use all_connected to see net
	connections. (OPT-461)
Warning: Dont_touch on net 'u_ibex_core/cs_registers_i/mhpmcounter[0][55]' may be overridden by compile because it
	is connected to generic logic. Use all_connected to see net
	connections. (OPT-461)
Warning: Dont_touch on net 'u_ibex_core/cs_registers_i/mhpmcounter[0][56]' may be overridden by compile because it
	is connected to generic logic. Use all_connected to see net
	connections. (OPT-461)
Warning: Dont_touch on net 'u_ibex_core/cs_registers_i/mhpmcounter[0][57]' may be overridden by compile because it
	is connected to generic logic. Use all_connected to see net
	connections. (OPT-461)
Warning: Dont_touch on net 'u_ibex_core/cs_registers_i/mhpmcounter[0][58]' may be overridden by compile because it
	is connected to generic logic. Use all_connected to see net
	connections. (OPT-461)
Warning: Dont_touch on net 'u_ibex_core/cs_registers_i/mhpmcounter[0][59]' may be overridden by compile because it
	is connected to generic logic. Use all_connected to see net
	connections. (OPT-461)
Warning: Dont_touch on net 'u_ibex_core/cs_registers_i/mhpmcounter[0][60]' may be overridden by compile because it
	is connected to generic logic. Use all_connected to see net
	connections. (OPT-461)
Warning: Dont_touch on net 'u_ibex_core/cs_registers_i/mhpmcounter[0][61]' may be overridden by compile because it
	is connected to generic logic. Use all_connected to see net
	connections. (OPT-461)
Warning: Dont_touch on net 'u_ibex_core/cs_registers_i/mhpmcounter[0][62]' may be overridden by compile because it
	is connected to generic logic. Use all_connected to see net
	connections. (OPT-461)
Warning: Dont_touch on net 'u_ibex_core/cs_registers_i/mhpmcounter[0][63]' may be overridden by compile because it
	is connected to generic logic. Use all_connected to see net
	connections. (OPT-461)
Warning: Dont_touch on net 'u_ibex_core/cs_registers_i/mcountinhibit[0]' may be overridden by compile because it
	is connected to generic logic. Use all_connected to see net
	connections. (OPT-461)
Warning: Dont_touch on net 'u_ibex_core/cs_registers_i/mcountinhibit[2]' may be overridden by compile because it
	is connected to generic logic. Use all_connected to see net
	connections. (OPT-461)
Warning: Dont_touch on net 'u_ibex_core/cs_registers_i/dscratch1_q[0]' may be overridden by compile because it
	is connected to generic logic. Use all_connected to see net
	connections. (OPT-461)
Warning: Dont_touch on net 'u_ibex_core/cs_registers_i/dscratch1_q[1]' may be overridden by compile because it
	is connected to generic logic. Use all_connected to see net
	connections. (OPT-461)
Warning: Dont_touch on net 'u_ibex_core/cs_registers_i/dscratch1_q[2]' may be overridden by compile because it
	is connected to generic logic. Use all_connected to see net
	connections. (OPT-461)
Warning: Dont_touch on net 'u_ibex_core/cs_registers_i/dscratch1_q[3]' may be overridden by compile because it
	is connected to generic logic. Use all_connected to see net
	connections. (OPT-461)
Warning: Dont_touch on net 'u_ibex_core/cs_registers_i/dscratch1_q[4]' may be overridden by compile because it
	is connected to generic logic. Use all_connected to see net
	connections. (OPT-461)
Warning: Dont_touch on net 'u_ibex_core/cs_registers_i/dscratch1_q[5]' may be overridden by compile because it
	is connected to generic logic. Use all_connected to see net
	connections. (OPT-461)
Warning: Dont_touch on net 'u_ibex_core/cs_registers_i/dscratch1_q[6]' may be overridden by compile because it
	is connected to generic logic. Use all_connected to see net
	connections. (OPT-461)
Warning: Dont_touch on net 'u_ibex_core/cs_registers_i/dscratch1_q[7]' may be overridden by compile because it
	is connected to generic logic. Use all_connected to see net
	connections. (OPT-461)
Warning: Dont_touch on net 'u_ibex_core/cs_registers_i/dscratch1_q[8]' may be overridden by compile because it
	is connected to generic logic. Use all_connected to see net
	connections. (OPT-461)
Warning: Dont_touch on net 'u_ibex_core/cs_registers_i/dscratch1_q[9]' may be overridden by compile because it
	is connected to generic logic. Use all_connected to see net
	connections. (OPT-461)
Warning: Dont_touch on net 'u_ibex_core/cs_registers_i/dscratch1_q[10]' may be overridden by compile because it
	is connected to generic logic. Use all_connected to see net
	connections. (OPT-461)
Warning: Dont_touch on net 'u_ibex_core/cs_registers_i/dscratch1_q[11]' may be overridden by compile because it
	is connected to generic logic. Use all_connected to see net
	connections. (OPT-461)
Warning: Dont_touch on net 'u_ibex_core/cs_registers_i/dscratch1_q[12]' may be overridden by compile because it
	is connected to generic logic. Use all_connected to see net
	connections. (OPT-461)
Warning: Dont_touch on net 'u_ibex_core/cs_registers_i/dscratch1_q[13]' may be overridden by compile because it
	is connected to generic logic. Use all_connected to see net
	connections. (OPT-461)
Warning: Dont_touch on net 'u_ibex_core/cs_registers_i/dscratch1_q[14]' may be overridden by compile because it
	is connected to generic logic. Use all_connected to see net
	connections. (OPT-461)
Warning: Dont_touch on net 'u_ibex_core/cs_registers_i/dscratch1_q[15]' may be overridden by compile because it
	is connected to generic logic. Use all_connected to see net
	connections. (OPT-461)
Warning: Dont_touch on net 'u_ibex_core/cs_registers_i/dscratch1_q[16]' may be overridden by compile because it
	is connected to generic logic. Use all_connected to see net
	connections. (OPT-461)
Warning: Dont_touch on net 'u_ibex_core/cs_registers_i/dscratch1_q[17]' may be overridden by compile because it
	is connected to generic logic. Use all_connected to see net
	connections. (OPT-461)
Warning: Dont_touch on net 'u_ibex_core/cs_registers_i/dscratch1_q[18]' may be overridden by compile because it
	is connected to generic logic. Use all_connected to see net
	connections. (OPT-461)
Warning: Dont_touch on net 'u_ibex_core/cs_registers_i/dscratch1_q[19]' may be overridden by compile because it
	is connected to generic logic. Use all_connected to see net
	connections. (OPT-461)
Warning: Dont_touch on net 'u_ibex_core/cs_registers_i/dscratch1_q[20]' may be overridden by compile because it
	is connected to generic logic. Use all_connected to see net
	connections. (OPT-461)
Warning: Dont_touch on net 'u_ibex_core/cs_registers_i/dscratch1_q[21]' may be overridden by compile because it
	is connected to generic logic. Use all_connected to see net
	connections. (OPT-461)
Warning: Dont_touch on net 'u_ibex_core/cs_registers_i/dscratch1_q[22]' may be overridden by compile because it
	is connected to generic logic. Use all_connected to see net
	connections. (OPT-461)
Warning: Dont_touch on net 'u_ibex_core/cs_registers_i/dscratch1_q[23]' may be overridden by compile because it
	is connected to generic logic. Use all_connected to see net
	connections. (OPT-461)
Warning: Dont_touch on net 'u_ibex_core/cs_registers_i/dscratch1_q[24]' may be overridden by compile because it
	is connected to generic logic. Use all_connected to see net
	connections. (OPT-461)
Warning: Dont_touch on net 'u_ibex_core/cs_registers_i/dscratch1_q[25]' may be overridden by compile because it
	is connected to generic logic. Use all_connected to see net
	connections. (OPT-461)
Warning: Dont_touch on net 'u_ibex_core/cs_registers_i/dscratch1_q[26]' may be overridden by compile because it
	is connected to generic logic. Use all_connected to see net
	connections. (OPT-461)
Warning: Dont_touch on net 'u_ibex_core/cs_registers_i/dscratch1_q[27]' may be overridden by compile because it
	is connected to generic logic. Use all_connected to see net
	connections. (OPT-461)
Warning: Dont_touch on net 'u_ibex_core/cs_registers_i/dscratch1_q[28]' may be overridden by compile because it
	is connected to generic logic. Use all_connected to see net
	connections. (OPT-461)
Warning: Dont_touch on net 'u_ibex_core/cs_registers_i/dscratch1_q[29]' may be overridden by compile because it
	is connected to generic logic. Use all_connected to see net
	connections. (OPT-461)
Warning: Dont_touch on net 'u_ibex_core/cs_registers_i/dscratch1_q[30]' may be overridden by compile because it
	is connected to generic logic. Use all_connected to see net
	connections. (OPT-461)
Warning: Dont_touch on net 'u_ibex_core/cs_registers_i/dscratch1_q[31]' may be overridden by compile because it
	is connected to generic logic. Use all_connected to see net
	connections. (OPT-461)
Warning: Dont_touch on net 'u_ibex_core/cs_registers_i/dscratch0_q[0]' may be overridden by compile because it
	is connected to generic logic. Use all_connected to see net
	connections. (OPT-461)
Warning: Dont_touch on net 'u_ibex_core/cs_registers_i/dscratch0_q[1]' may be overridden by compile because it
	is connected to generic logic. Use all_connected to see net
	connections. (OPT-461)
Warning: Dont_touch on net 'u_ibex_core/cs_registers_i/dscratch0_q[2]' may be overridden by compile because it
	is connected to generic logic. Use all_connected to see net
	connections. (OPT-461)
Warning: Dont_touch on net 'u_ibex_core/cs_registers_i/dscratch0_q[3]' may be overridden by compile because it
	is connected to generic logic. Use all_connected to see net
	connections. (OPT-461)
Warning: Dont_touch on net 'u_ibex_core/cs_registers_i/dscratch0_q[4]' may be overridden by compile because it
	is connected to generic logic. Use all_connected to see net
	connections. (OPT-461)
Warning: Dont_touch on net 'u_ibex_core/cs_registers_i/dscratch0_q[5]' may be overridden by compile because it
	is connected to generic logic. Use all_connected to see net
	connections. (OPT-461)
Warning: Dont_touch on net 'u_ibex_core/cs_registers_i/dscratch0_q[6]' may be overridden by compile because it
	is connected to generic logic. Use all_connected to see net
	connections. (OPT-461)
Warning: Dont_touch on net 'u_ibex_core/cs_registers_i/dscratch0_q[7]' may be overridden by compile because it
	is connected to generic logic. Use all_connected to see net
	connections. (OPT-461)
Warning: Dont_touch on net 'u_ibex_core/cs_registers_i/dscratch0_q[8]' may be overridden by compile because it
	is connected to generic logic. Use all_connected to see net
	connections. (OPT-461)
Warning: Dont_touch on net 'u_ibex_core/cs_registers_i/dscratch0_q[9]' may be overridden by compile because it
	is connected to generic logic. Use all_connected to see net
	connections. (OPT-461)
Warning: Dont_touch on net 'u_ibex_core/cs_registers_i/dscratch0_q[10]' may be overridden by compile because it
	is connected to generic logic. Use all_connected to see net
	connections. (OPT-461)
Warning: Dont_touch on net 'u_ibex_core/cs_registers_i/dscratch0_q[11]' may be overridden by compile because it
	is connected to generic logic. Use all_connected to see net
	connections. (OPT-461)
Warning: Dont_touch on net 'u_ibex_core/cs_registers_i/dscratch0_q[12]' may be overridden by compile because it
	is connected to generic logic. Use all_connected to see net
	connections. (OPT-461)
Warning: Dont_touch on net 'u_ibex_core/cs_registers_i/dscratch0_q[13]' may be overridden by compile because it
	is connected to generic logic. Use all_connected to see net
	connections. (OPT-461)
Warning: Dont_touch on net 'u_ibex_core/cs_registers_i/dscratch0_q[14]' may be overridden by compile because it
	is connected to generic logic. Use all_connected to see net
	connections. (OPT-461)
Warning: Dont_touch on net 'u_ibex_core/cs_registers_i/dscratch0_q[15]' may be overridden by compile because it
	is connected to generic logic. Use all_connected to see net
	connections. (OPT-461)
Warning: Dont_touch on net 'u_ibex_core/cs_registers_i/dscratch0_q[16]' may be overridden by compile because it
	is connected to generic logic. Use all_connected to see net
	connections. (OPT-461)
Warning: Dont_touch on net 'u_ibex_core/cs_registers_i/dscratch0_q[17]' may be overridden by compile because it
	is connected to generic logic. Use all_connected to see net
	connections. (OPT-461)
Warning: Dont_touch on net 'u_ibex_core/cs_registers_i/dscratch0_q[18]' may be overridden by compile because it
	is connected to generic logic. Use all_connected to see net
	connections. (OPT-461)
Warning: Dont_touch on net 'u_ibex_core/cs_registers_i/dscratch0_q[19]' may be overridden by compile because it
	is connected to generic logic. Use all_connected to see net
	connections. (OPT-461)
Warning: Dont_touch on net 'u_ibex_core/cs_registers_i/dscratch0_q[20]' may be overridden by compile because it
	is connected to generic logic. Use all_connected to see net
	connections. (OPT-461)
Warning: Dont_touch on net 'u_ibex_core/cs_registers_i/dscratch0_q[21]' may be overridden by compile because it
	is connected to generic logic. Use all_connected to see net
	connections. (OPT-461)
Warning: Dont_touch on net 'u_ibex_core/cs_registers_i/dscratch0_q[22]' may be overridden by compile because it
	is connected to generic logic. Use all_connected to see net
	connections. (OPT-461)
Warning: Dont_touch on net 'u_ibex_core/cs_registers_i/dscratch0_q[23]' may be overridden by compile because it
	is connected to generic logic. Use all_connected to see net
	connections. (OPT-461)
Warning: Dont_touch on net 'u_ibex_core/cs_registers_i/dscratch0_q[24]' may be overridden by compile because it
	is connected to generic logic. Use all_connected to see net
	connections. (OPT-461)
Warning: Dont_touch on net 'u_ibex_core/cs_registers_i/dscratch0_q[25]' may be overridden by compile because it
	is connected to generic logic. Use all_connected to see net
	connections. (OPT-461)
Warning: Dont_touch on net 'u_ibex_core/cs_registers_i/dscratch0_q[26]' may be overridden by compile because it
	is connected to generic logic. Use all_connected to see net
	connections. (OPT-461)
Warning: Dont_touch on net 'u_ibex_core/cs_registers_i/dscratch0_q[27]' may be overridden by compile because it
	is connected to generic logic. Use all_connected to see net
	connections. (OPT-461)
Warning: Dont_touch on net 'u_ibex_core/cs_registers_i/dscratch0_q[28]' may be overridden by compile because it
	is connected to generic logic. Use all_connected to see net
	connections. (OPT-461)
Warning: Dont_touch on net 'u_ibex_core/cs_registers_i/dscratch0_q[29]' may be overridden by compile because it
	is connected to generic logic. Use all_connected to see net
	connections. (OPT-461)
Warning: Dont_touch on net 'u_ibex_core/cs_registers_i/dscratch0_q[30]' may be overridden by compile because it
	is connected to generic logic. Use all_connected to see net
	connections. (OPT-461)
Warning: Dont_touch on net 'u_ibex_core/cs_registers_i/dscratch0_q[31]' may be overridden by compile because it
	is connected to generic logic. Use all_connected to see net
	connections. (OPT-461)
Warning: Dont_touch on net 'u_ibex_core/cs_registers_i/dcsr_q[prv][0]' may be overridden by compile because it
	is connected to generic logic. Use all_connected to see net
	connections. (OPT-461)
Warning: Dont_touch on net 'u_ibex_core/cs_registers_i/dcsr_q[prv][1]' may be overridden by compile because it
	is connected to generic logic. Use all_connected to see net
	connections. (OPT-461)
Warning: Dont_touch on net 'u_ibex_core/cs_registers_i/dcsr_q[nmip]' may be overridden by compile because it
	is connected to generic logic. Use all_connected to see net
	connections. (OPT-461)
Warning: Dont_touch on net 'u_ibex_core/cs_registers_i/dcsr_q[mprven]' may be overridden by compile because it
	is connected to generic logic. Use all_connected to see net
	connections. (OPT-461)
Warning: Dont_touch on net 'u_ibex_core/cs_registers_i/dcsr_q[zero0]' may be overridden by compile because it
	is connected to generic logic. Use all_connected to see net
	connections. (OPT-461)
Warning: Dont_touch on net 'u_ibex_core/cs_registers_i/dcsr_q[cause][0]' may be overridden by compile because it
	is connected to generic logic. Use all_connected to see net
	connections. (OPT-461)
Warning: Dont_touch on net 'u_ibex_core/cs_registers_i/dcsr_q[cause][1]' may be overridden by compile because it
	is connected to generic logic. Use all_connected to see net
	connections. (OPT-461)
Warning: Dont_touch on net 'u_ibex_core/cs_registers_i/dcsr_q[cause][2]' may be overridden by compile because it
	is connected to generic logic. Use all_connected to see net
	connections. (OPT-461)
Warning: Dont_touch on net 'u_ibex_core/cs_registers_i/dcsr_q[stoptime]' may be overridden by compile because it
	is connected to generic logic. Use all_connected to see net
	connections. (OPT-461)
Warning: Dont_touch on net 'u_ibex_core/cs_registers_i/dcsr_q[stopcount]' may be overridden by compile because it
	is connected to generic logic. Use all_connected to see net
	connections. (OPT-461)
Warning: Dont_touch on net 'u_ibex_core/cs_registers_i/dcsr_q[stepie]' may be overridden by compile because it
	is connected to generic logic. Use all_connected to see net
	connections. (OPT-461)
Warning: Dont_touch on net 'u_ibex_core/cs_registers_i/dcsr_q[ebreaks]' may be overridden by compile because it
	is connected to generic logic. Use all_connected to see net
	connections. (OPT-461)
Warning: Dont_touch on net 'u_ibex_core/cs_registers_i/dcsr_q[zero1]' may be overridden by compile because it
	is connected to generic logic. Use all_connected to see net
	connections. (OPT-461)
Warning: Dont_touch on net 'u_ibex_core/cs_registers_i/dcsr_q[zero2][0]' may be overridden by compile because it
	is connected to generic logic. Use all_connected to see net
	connections. (OPT-461)
Warning: Dont_touch on net 'u_ibex_core/cs_registers_i/dcsr_q[zero2][1]' may be overridden by compile because it
	is connected to generic logic. Use all_connected to see net
	connections. (OPT-461)
Warning: Dont_touch on net 'u_ibex_core/cs_registers_i/dcsr_q[zero2][2]' may be overridden by compile because it
	is connected to generic logic. Use all_connected to see net
	connections. (OPT-461)
Warning: Dont_touch on net 'u_ibex_core/cs_registers_i/dcsr_q[zero2][3]' may be overridden by compile because it
	is connected to generic logic. Use all_connected to see net
	connections. (OPT-461)
Warning: Dont_touch on net 'u_ibex_core/cs_registers_i/dcsr_q[zero2][4]' may be overridden by compile because it
	is connected to generic logic. Use all_connected to see net
	connections. (OPT-461)
Warning: Dont_touch on net 'u_ibex_core/cs_registers_i/dcsr_q[zero2][5]' may be overridden by compile because it
	is connected to generic logic. Use all_connected to see net
	connections. (OPT-461)
Warning: Dont_touch on net 'u_ibex_core/cs_registers_i/dcsr_q[zero2][6]' may be overridden by compile because it
	is connected to generic logic. Use all_connected to see net
	connections. (OPT-461)
Warning: Dont_touch on net 'u_ibex_core/cs_registers_i/dcsr_q[zero2][7]' may be overridden by compile because it
	is connected to generic logic. Use all_connected to see net
	connections. (OPT-461)
Warning: Dont_touch on net 'u_ibex_core/cs_registers_i/dcsr_q[zero2][8]' may be overridden by compile because it
	is connected to generic logic. Use all_connected to see net
	connections. (OPT-461)
Warning: Dont_touch on net 'u_ibex_core/cs_registers_i/dcsr_q[zero2][9]' may be overridden by compile because it
	is connected to generic logic. Use all_connected to see net
	connections. (OPT-461)
Warning: Dont_touch on net 'u_ibex_core/cs_registers_i/dcsr_q[zero2][10]' may be overridden by compile because it
	is connected to generic logic. Use all_connected to see net
	connections. (OPT-461)
Warning: Dont_touch on net 'u_ibex_core/cs_registers_i/dcsr_q[zero2][11]' may be overridden by compile because it
	is connected to generic logic. Use all_connected to see net
	connections. (OPT-461)
Warning: Dont_touch on net 'u_ibex_core/cs_registers_i/dcsr_q[xdebugver][0]' may be overridden by compile because it
	is connected to generic logic. Use all_connected to see net
	connections. (OPT-461)
Warning: Dont_touch on net 'u_ibex_core/cs_registers_i/dcsr_q[xdebugver][1]' may be overridden by compile because it
	is connected to generic logic. Use all_connected to see net
	connections. (OPT-461)
Warning: Dont_touch on net 'u_ibex_core/cs_registers_i/dcsr_q[xdebugver][2]' may be overridden by compile because it
	is connected to generic logic. Use all_connected to see net
	connections. (OPT-461)
Warning: Dont_touch on net 'u_ibex_core/cs_registers_i/dcsr_q[xdebugver][3]' may be overridden by compile because it
	is connected to generic logic. Use all_connected to see net
	connections. (OPT-461)
Warning: Dont_touch on net 'u_ibex_core/cs_registers_i/mscratch_q[0]' may be overridden by compile because it
	is connected to generic logic. Use all_connected to see net
	connections. (OPT-461)
Warning: Dont_touch on net 'u_ibex_core/cs_registers_i/mscratch_q[1]' may be overridden by compile because it
	is connected to generic logic. Use all_connected to see net
	connections. (OPT-461)
Warning: Dont_touch on net 'u_ibex_core/cs_registers_i/mscratch_q[2]' may be overridden by compile because it
	is connected to generic logic. Use all_connected to see net
	connections. (OPT-461)
Warning: Dont_touch on net 'u_ibex_core/cs_registers_i/mscratch_q[3]' may be overridden by compile because it
	is connected to generic logic. Use all_connected to see net
	connections. (OPT-461)
Warning: Dont_touch on net 'u_ibex_core/cs_registers_i/mscratch_q[4]' may be overridden by compile because it
	is connected to generic logic. Use all_connected to see net
	connections. (OPT-461)
Warning: Dont_touch on net 'u_ibex_core/cs_registers_i/mscratch_q[5]' may be overridden by compile because it
	is connected to generic logic. Use all_connected to see net
	connections. (OPT-461)
Warning: Dont_touch on net 'u_ibex_core/cs_registers_i/mscratch_q[6]' may be overridden by compile because it
	is connected to generic logic. Use all_connected to see net
	connections. (OPT-461)
Warning: Dont_touch on net 'u_ibex_core/cs_registers_i/mscratch_q[7]' may be overridden by compile because it
	is connected to generic logic. Use all_connected to see net
	connections. (OPT-461)
Warning: Dont_touch on net 'u_ibex_core/cs_registers_i/mscratch_q[8]' may be overridden by compile because it
	is connected to generic logic. Use all_connected to see net
	connections. (OPT-461)
Warning: Dont_touch on net 'u_ibex_core/cs_registers_i/mscratch_q[9]' may be overridden by compile because it
	is connected to generic logic. Use all_connected to see net
	connections. (OPT-461)
Warning: Dont_touch on net 'u_ibex_core/cs_registers_i/mscratch_q[10]' may be overridden by compile because it
	is connected to generic logic. Use all_connected to see net
	connections. (OPT-461)
Warning: Dont_touch on net 'u_ibex_core/cs_registers_i/mscratch_q[11]' may be overridden by compile because it
	is connected to generic logic. Use all_connected to see net
	connections. (OPT-461)
Warning: Dont_touch on net 'u_ibex_core/cs_registers_i/mscratch_q[12]' may be overridden by compile because it
	is connected to generic logic. Use all_connected to see net
	connections. (OPT-461)
Warning: Dont_touch on net 'u_ibex_core/cs_registers_i/mscratch_q[13]' may be overridden by compile because it
	is connected to generic logic. Use all_connected to see net
	connections. (OPT-461)
Warning: Dont_touch on net 'u_ibex_core/cs_registers_i/mscratch_q[14]' may be overridden by compile because it
	is connected to generic logic. Use all_connected to see net
	connections. (OPT-461)
Warning: Dont_touch on net 'u_ibex_core/cs_registers_i/mscratch_q[15]' may be overridden by compile because it
	is connected to generic logic. Use all_connected to see net
	connections. (OPT-461)
Warning: Dont_touch on net 'u_ibex_core/cs_registers_i/mscratch_q[16]' may be overridden by compile because it
	is connected to generic logic. Use all_connected to see net
	connections. (OPT-461)
Warning: Dont_touch on net 'u_ibex_core/cs_registers_i/mscratch_q[17]' may be overridden by compile because it
	is connected to generic logic. Use all_connected to see net
	connections. (OPT-461)
Warning: Dont_touch on net 'u_ibex_core/cs_registers_i/mscratch_q[18]' may be overridden by compile because it
	is connected to generic logic. Use all_connected to see net
	connections. (OPT-461)
Warning: Dont_touch on net 'u_ibex_core/cs_registers_i/mscratch_q[19]' may be overridden by compile because it
	is connected to generic logic. Use all_connected to see net
	connections. (OPT-461)
Warning: Dont_touch on net 'u_ibex_core/cs_registers_i/mscratch_q[20]' may be overridden by compile because it
	is connected to generic logic. Use all_connected to see net
	connections. (OPT-461)
Warning: Dont_touch on net 'u_ibex_core/cs_registers_i/mscratch_q[21]' may be overridden by compile because it
	is connected to generic logic. Use all_connected to see net
	connections. (OPT-461)
Warning: Dont_touch on net 'u_ibex_core/cs_registers_i/mscratch_q[22]' may be overridden by compile because it
	is connected to generic logic. Use all_connected to see net
	connections. (OPT-461)
Warning: Dont_touch on net 'u_ibex_core/cs_registers_i/mscratch_q[23]' may be overridden by compile because it
	is connected to generic logic. Use all_connected to see net
	connections. (OPT-461)
Warning: Dont_touch on net 'u_ibex_core/cs_registers_i/mscratch_q[24]' may be overridden by compile because it
	is connected to generic logic. Use all_connected to see net
	connections. (OPT-461)
Warning: Dont_touch on net 'u_ibex_core/cs_registers_i/mscratch_q[25]' may be overridden by compile because it
	is connected to generic logic. Use all_connected to see net
	connections. (OPT-461)
Warning: Dont_touch on net 'u_ibex_core/cs_registers_i/mscratch_q[26]' may be overridden by compile because it
	is connected to generic logic. Use all_connected to see net
	connections. (OPT-461)
Warning: Dont_touch on net 'u_ibex_core/cs_registers_i/mscratch_q[27]' may be overridden by compile because it
	is connected to generic logic. Use all_connected to see net
	connections. (OPT-461)
Warning: Dont_touch on net 'u_ibex_core/cs_registers_i/mscratch_q[28]' may be overridden by compile because it
	is connected to generic logic. Use all_connected to see net
	connections. (OPT-461)
Warning: Dont_touch on net 'u_ibex_core/cs_registers_i/mscratch_q[29]' may be overridden by compile because it
	is connected to generic logic. Use all_connected to see net
	connections. (OPT-461)
Warning: Dont_touch on net 'u_ibex_core/cs_registers_i/mscratch_q[30]' may be overridden by compile because it
	is connected to generic logic. Use all_connected to see net
	connections. (OPT-461)
Warning: Dont_touch on net 'u_ibex_core/cs_registers_i/mscratch_q[31]' may be overridden by compile because it
	is connected to generic logic. Use all_connected to see net
	connections. (OPT-461)
Warning: Dont_touch on net 'u_ibex_core/cs_registers_i/mie_q[irq_fast][0]' may be overridden by compile because it
	is connected to generic logic. Use all_connected to see net
	connections. (OPT-461)
Warning: Dont_touch on net 'u_ibex_core/cs_registers_i/mie_q[irq_fast][1]' may be overridden by compile because it
	is connected to generic logic. Use all_connected to see net
	connections. (OPT-461)
Warning: Dont_touch on net 'u_ibex_core/cs_registers_i/mie_q[irq_fast][2]' may be overridden by compile because it
	is connected to generic logic. Use all_connected to see net
	connections. (OPT-461)
Warning: Dont_touch on net 'u_ibex_core/cs_registers_i/mie_q[irq_fast][3]' may be overridden by compile because it
	is connected to generic logic. Use all_connected to see net
	connections. (OPT-461)
Warning: Dont_touch on net 'u_ibex_core/cs_registers_i/mie_q[irq_fast][4]' may be overridden by compile because it
	is connected to generic logic. Use all_connected to see net
	connections. (OPT-461)
Warning: Dont_touch on net 'u_ibex_core/cs_registers_i/mie_q[irq_fast][5]' may be overridden by compile because it
	is connected to generic logic. Use all_connected to see net
	connections. (OPT-461)
Warning: Dont_touch on net 'u_ibex_core/cs_registers_i/mie_q[irq_fast][6]' may be overridden by compile because it
	is connected to generic logic. Use all_connected to see net
	connections. (OPT-461)
Warning: Dont_touch on net 'u_ibex_core/cs_registers_i/mie_q[irq_fast][7]' may be overridden by compile because it
	is connected to generic logic. Use all_connected to see net
	connections. (OPT-461)
Warning: Dont_touch on net 'u_ibex_core/cs_registers_i/mie_q[irq_fast][8]' may be overridden by compile because it
	is connected to generic logic. Use all_connected to see net
	connections. (OPT-461)
Warning: Dont_touch on net 'u_ibex_core/cs_registers_i/mie_q[irq_fast][9]' may be overridden by compile because it
	is connected to generic logic. Use all_connected to see net
	connections. (OPT-461)
Warning: Dont_touch on net 'u_ibex_core/cs_registers_i/mie_q[irq_fast][10]' may be overridden by compile because it
	is connected to generic logic. Use all_connected to see net
	connections. (OPT-461)
Warning: Dont_touch on net 'u_ibex_core/cs_registers_i/mie_q[irq_fast][11]' may be overridden by compile because it
	is connected to generic logic. Use all_connected to see net
	connections. (OPT-461)
Warning: Dont_touch on net 'u_ibex_core/cs_registers_i/mie_q[irq_fast][12]' may be overridden by compile because it
	is connected to generic logic. Use all_connected to see net
	connections. (OPT-461)
Warning: Dont_touch on net 'u_ibex_core/cs_registers_i/mie_q[irq_fast][13]' may be overridden by compile because it
	is connected to generic logic. Use all_connected to see net
	connections. (OPT-461)
Warning: Dont_touch on net 'u_ibex_core/cs_registers_i/mie_q[irq_fast][14]' may be overridden by compile because it
	is connected to generic logic. Use all_connected to see net
	connections. (OPT-461)
Warning: Dont_touch on net 'u_ibex_core/cs_registers_i/mie_q[irq_external]' may be overridden by compile because it
	is connected to generic logic. Use all_connected to see net
	connections. (OPT-461)
Warning: Dont_touch on net 'u_ibex_core/cs_registers_i/mie_q[irq_timer]' may be overridden by compile because it
	is connected to generic logic. Use all_connected to see net
	connections. (OPT-461)
Warning: Dont_touch on net 'u_ibex_core/cs_registers_i/mie_q[irq_software]' may be overridden by compile because it
	is connected to generic logic. Use all_connected to see net
	connections. (OPT-461)
Warning: Dont_touch on net 'u_ibex_core/cs_registers_i/mstatus_q[mprv]' may be overridden by compile because it
	is connected to generic logic. Use all_connected to see net
	connections. (OPT-461)
Warning: Dont_touch on net 'u_ibex_core/cs_registers_i/double_fault_seen_o' may be overridden by compile because it
	is connected to generic logic. Use all_connected to see net
	connections. (OPT-461)
Warning: Dont_touch on net 'u_ibex_core/cs_registers_i/csr_mtval_i[0]' may be overridden by compile because it
	is connected to generic logic. Use all_connected to see net
	connections. (OPT-461)
Warning: Dont_touch on net 'u_ibex_core/cs_registers_i/csr_mtval_i[1]' may be overridden by compile because it
	is connected to generic logic. Use all_connected to see net
	connections. (OPT-461)
Warning: Dont_touch on net 'u_ibex_core/cs_registers_i/csr_mtval_i[2]' may be overridden by compile because it
	is connected to generic logic. Use all_connected to see net
	connections. (OPT-461)
Warning: Dont_touch on net 'u_ibex_core/cs_registers_i/csr_mtval_i[3]' may be overridden by compile because it
	is connected to generic logic. Use all_connected to see net
	connections. (OPT-461)
Warning: Dont_touch on net 'u_ibex_core/cs_registers_i/csr_mtval_i[4]' may be overridden by compile because it
	is connected to generic logic. Use all_connected to see net
	connections. (OPT-461)
Warning: Dont_touch on net 'u_ibex_core/cs_registers_i/csr_mtval_i[5]' may be overridden by compile because it
	is connected to generic logic. Use all_connected to see net
	connections. (OPT-461)
Warning: Dont_touch on net 'u_ibex_core/cs_registers_i/csr_mtval_i[6]' may be overridden by compile because it
	is connected to generic logic. Use all_connected to see net
	connections. (OPT-461)
Warning: Dont_touch on net 'u_ibex_core/cs_registers_i/csr_mtval_i[7]' may be overridden by compile because it
	is connected to generic logic. Use all_connected to see net
	connections. (OPT-461)
Warning: Dont_touch on net 'u_ibex_core/cs_registers_i/csr_mtval_i[8]' may be overridden by compile because it
	is connected to generic logic. Use all_connected to see net
	connections. (OPT-461)
Warning: Dont_touch on net 'u_ibex_core/cs_registers_i/csr_mtval_i[9]' may be overridden by compile because it
	is connected to generic logic. Use all_connected to see net
	connections. (OPT-461)
Warning: Dont_touch on net 'u_ibex_core/cs_registers_i/csr_mtval_i[10]' may be overridden by compile because it
	is connected to generic logic. Use all_connected to see net
	connections. (OPT-461)
Warning: Dont_touch on net 'u_ibex_core/cs_registers_i/csr_mtval_i[11]' may be overridden by compile because it
	is connected to generic logic. Use all_connected to see net
	connections. (OPT-461)
Warning: Dont_touch on net 'u_ibex_core/cs_registers_i/csr_mtval_i[12]' may be overridden by compile because it
	is connected to generic logic. Use all_connected to see net
	connections. (OPT-461)
Warning: Dont_touch on net 'u_ibex_core/cs_registers_i/csr_mtval_i[13]' may be overridden by compile because it
	is connected to generic logic. Use all_connected to see net
	connections. (OPT-461)
Warning: Dont_touch on net 'u_ibex_core/cs_registers_i/csr_mtval_i[14]' may be overridden by compile because it
	is connected to generic logic. Use all_connected to see net
	connections. (OPT-461)
Warning: Dont_touch on net 'u_ibex_core/cs_registers_i/csr_mtval_i[15]' may be overridden by compile because it
	is connected to generic logic. Use all_connected to see net
	connections. (OPT-461)
Warning: Dont_touch on net 'u_ibex_core/cs_registers_i/csr_mtval_i[16]' may be overridden by compile because it
	is connected to generic logic. Use all_connected to see net
	connections. (OPT-461)
Warning: Dont_touch on net 'u_ibex_core/cs_registers_i/csr_mtval_i[17]' may be overridden by compile because it
	is connected to generic logic. Use all_connected to see net
	connections. (OPT-461)
Warning: Dont_touch on net 'u_ibex_core/cs_registers_i/csr_mtval_i[18]' may be overridden by compile because it
	is connected to generic logic. Use all_connected to see net
	connections. (OPT-461)
Warning: Dont_touch on net 'u_ibex_core/cs_registers_i/csr_mtval_i[19]' may be overridden by compile because it
	is connected to generic logic. Use all_connected to see net
	connections. (OPT-461)
Warning: Dont_touch on net 'u_ibex_core/cs_registers_i/csr_mtval_i[20]' may be overridden by compile because it
	is connected to generic logic. Use all_connected to see net
	connections. (OPT-461)
Warning: Dont_touch on net 'u_ibex_core/cs_registers_i/csr_mtval_i[21]' may be overridden by compile because it
	is connected to generic logic. Use all_connected to see net
	connections. (OPT-461)
Warning: Dont_touch on net 'u_ibex_core/cs_registers_i/csr_mtval_i[22]' may be overridden by compile because it
	is connected to generic logic. Use all_connected to see net
	connections. (OPT-461)
Warning: Dont_touch on net 'u_ibex_core/cs_registers_i/csr_mtval_i[23]' may be overridden by compile because it
	is connected to generic logic. Use all_connected to see net
	connections. (OPT-461)
Warning: Dont_touch on net 'u_ibex_core/cs_registers_i/csr_mtval_i[24]' may be overridden by compile because it
	is connected to generic logic. Use all_connected to see net
	connections. (OPT-461)
Warning: Dont_touch on net 'u_ibex_core/cs_registers_i/csr_mtval_i[25]' may be overridden by compile because it
	is connected to generic logic. Use all_connected to see net
	connections. (OPT-461)
Warning: Dont_touch on net 'u_ibex_core/cs_registers_i/csr_mtval_i[26]' may be overridden by compile because it
	is connected to generic logic. Use all_connected to see net
	connections. (OPT-461)
Warning: Dont_touch on net 'u_ibex_core/cs_registers_i/csr_mtval_i[27]' may be overridden by compile because it
	is connected to generic logic. Use all_connected to see net
	connections. (OPT-461)
Warning: Dont_touch on net 'u_ibex_core/cs_registers_i/csr_mtval_i[28]' may be overridden by compile because it
	is connected to generic logic. Use all_connected to see net
	connections. (OPT-461)
Warning: Dont_touch on net 'u_ibex_core/cs_registers_i/csr_mtval_i[29]' may be overridden by compile because it
	is connected to generic logic. Use all_connected to see net
	connections. (OPT-461)
Warning: Dont_touch on net 'u_ibex_core/cs_registers_i/csr_mtval_i[30]' may be overridden by compile because it
	is connected to generic logic. Use all_connected to see net
	connections. (OPT-461)
Warning: Dont_touch on net 'u_ibex_core/cs_registers_i/csr_mtval_i[31]' may be overridden by compile because it
	is connected to generic logic. Use all_connected to see net
	connections. (OPT-461)
Warning: Dont_touch on net 'u_ibex_core/cs_registers_i/csr_mcause_i[lower_cause][0]' may be overridden by compile because it
	is connected to generic logic. Use all_connected to see net
	connections. (OPT-461)
Warning: Dont_touch on net 'u_ibex_core/cs_registers_i/csr_mcause_i[lower_cause][1]' may be overridden by compile because it
	is connected to generic logic. Use all_connected to see net
	connections. (OPT-461)
Warning: Dont_touch on net 'u_ibex_core/cs_registers_i/csr_mcause_i[lower_cause][2]' may be overridden by compile because it
	is connected to generic logic. Use all_connected to see net
	connections. (OPT-461)
Warning: Dont_touch on net 'u_ibex_core/cs_registers_i/csr_mcause_i[lower_cause][3]' may be overridden by compile because it
	is connected to generic logic. Use all_connected to see net
	connections. (OPT-461)
Warning: Dont_touch on net 'u_ibex_core/cs_registers_i/csr_mcause_i[lower_cause][4]' may be overridden by compile because it
	is connected to generic logic. Use all_connected to see net
	connections. (OPT-461)
Warning: Dont_touch on net 'u_ibex_core/cs_registers_i/csr_mcause_i[irq_ext]' may be overridden by compile because it
	is connected to generic logic. Use all_connected to see net
	connections. (OPT-461)
Warning: Dont_touch on net 'u_ibex_core/cs_registers_i/csr_mcause_i[irq_int]' may be overridden by compile because it
	is connected to generic logic. Use all_connected to see net
	connections. (OPT-461)
Warning: Dont_touch on net 'u_ibex_core/cs_registers_i/dummy_instr_mask_o[0]' may be overridden by compile because it
	is connected to generic logic. Use all_connected to see net
	connections. (OPT-461)
Warning: Dont_touch on net 'u_ibex_core/cs_registers_i/dummy_instr_mask_o[1]' may be overridden by compile because it
	is connected to generic logic. Use all_connected to see net
	connections. (OPT-461)
Warning: Dont_touch on net 'u_ibex_core/cs_registers_i/dummy_instr_mask_o[2]' may be overridden by compile because it
	is connected to generic logic. Use all_connected to see net
	connections. (OPT-461)
Warning: Dont_touch on net 'u_ibex_core/cs_registers_i/dummy_instr_en_o' may be overridden by compile because it
	is connected to generic logic. Use all_connected to see net
	connections. (OPT-461)
Warning: Dont_touch on net 'u_ibex_core/cs_registers_i/data_ind_timing_o' may be overridden by compile because it
	is connected to generic logic. Use all_connected to see net
	connections. (OPT-461)
Warning: Dont_touch on net 'u_ibex_core/cs_registers_i/pc_wb_i[0]' may be overridden by compile because it
	is connected to generic logic. Use all_connected to see net
	connections. (OPT-461)
Warning: Dont_touch on net 'u_ibex_core/cs_registers_i/pc_wb_i[1]' may be overridden by compile because it
	is connected to generic logic. Use all_connected to see net
	connections. (OPT-461)
Warning: Dont_touch on net 'u_ibex_core/cs_registers_i/pc_wb_i[2]' may be overridden by compile because it
	is connected to generic logic. Use all_connected to see net
	connections. (OPT-461)
Warning: Dont_touch on net 'u_ibex_core/cs_registers_i/pc_wb_i[3]' may be overridden by compile because it
	is connected to generic logic. Use all_connected to see net
	connections. (OPT-461)
Warning: Dont_touch on net 'u_ibex_core/cs_registers_i/pc_wb_i[4]' may be overridden by compile because it
	is connected to generic logic. Use all_connected to see net
	connections. (OPT-461)
Warning: Dont_touch on net 'u_ibex_core/cs_registers_i/pc_wb_i[5]' may be overridden by compile because it
	is connected to generic logic. Use all_connected to see net
	connections. (OPT-461)
Warning: Dont_touch on net 'u_ibex_core/cs_registers_i/pc_wb_i[6]' may be overridden by compile because it
	is connected to generic logic. Use all_connected to see net
	connections. (OPT-461)
Warning: Dont_touch on net 'u_ibex_core/cs_registers_i/pc_wb_i[7]' may be overridden by compile because it
	is connected to generic logic. Use all_connected to see net
	connections. (OPT-461)
Warning: Dont_touch on net 'u_ibex_core/cs_registers_i/pc_wb_i[8]' may be overridden by compile because it
	is connected to generic logic. Use all_connected to see net
	connections. (OPT-461)
Warning: Dont_touch on net 'u_ibex_core/cs_registers_i/pc_wb_i[9]' may be overridden by compile because it
	is connected to generic logic. Use all_connected to see net
	connections. (OPT-461)
Warning: Dont_touch on net 'u_ibex_core/cs_registers_i/pc_wb_i[10]' may be overridden by compile because it
	is connected to generic logic. Use all_connected to see net
	connections. (OPT-461)
Warning: Dont_touch on net 'u_ibex_core/cs_registers_i/pc_wb_i[11]' may be overridden by compile because it
	is connected to generic logic. Use all_connected to see net
	connections. (OPT-461)
Warning: Dont_touch on net 'u_ibex_core/cs_registers_i/pc_wb_i[12]' may be overridden by compile because it
	is connected to generic logic. Use all_connected to see net
	connections. (OPT-461)
Warning: Dont_touch on net 'u_ibex_core/cs_registers_i/pc_wb_i[13]' may be overridden by compile because it
	is connected to generic logic. Use all_connected to see net
	connections. (OPT-461)
Warning: Dont_touch on net 'u_ibex_core/cs_registers_i/pc_wb_i[14]' may be overridden by compile because it
	is connected to generic logic. Use all_connected to see net
	connections. (OPT-461)
Warning: Dont_touch on net 'u_ibex_core/cs_registers_i/pc_wb_i[15]' may be overridden by compile because it
	is connected to generic logic. Use all_connected to see net
	connections. (OPT-461)
Warning: Dont_touch on net 'u_ibex_core/cs_registers_i/pc_wb_i[16]' may be overridden by compile because it
	is connected to generic logic. Use all_connected to see net
	connections. (OPT-461)
Warning: Dont_touch on net 'u_ibex_core/cs_registers_i/pc_wb_i[17]' may be overridden by compile because it
	is connected to generic logic. Use all_connected to see net
	connections. (OPT-461)
Warning: Dont_touch on net 'u_ibex_core/cs_registers_i/pc_wb_i[18]' may be overridden by compile because it
	is connected to generic logic. Use all_connected to see net
	connections. (OPT-461)
Warning: Dont_touch on net 'u_ibex_core/cs_registers_i/pc_wb_i[19]' may be overridden by compile because it
	is connected to generic logic. Use all_connected to see net
	connections. (OPT-461)
Warning: Dont_touch on net 'u_ibex_core/cs_registers_i/pc_wb_i[20]' may be overridden by compile because it
	is connected to generic logic. Use all_connected to see net
	connections. (OPT-461)
Warning: Dont_touch on net 'u_ibex_core/cs_registers_i/pc_wb_i[21]' may be overridden by compile because it
	is connected to generic logic. Use all_connected to see net
	connections. (OPT-461)
Warning: Dont_touch on net 'u_ibex_core/cs_registers_i/pc_wb_i[22]' may be overridden by compile because it
	is connected to generic logic. Use all_connected to see net
	connections. (OPT-461)
Warning: Dont_touch on net 'u_ibex_core/cs_registers_i/pc_wb_i[23]' may be overridden by compile because it
	is connected to generic logic. Use all_connected to see net
	connections. (OPT-461)
Warning: Dont_touch on net 'u_ibex_core/cs_registers_i/pc_wb_i[24]' may be overridden by compile because it
	is connected to generic logic. Use all_connected to see net
	connections. (OPT-461)
Warning: Dont_touch on net 'u_ibex_core/cs_registers_i/pc_wb_i[25]' may be overridden by compile because it
	is connected to generic logic. Use all_connected to see net
	connections. (OPT-461)
Warning: Dont_touch on net 'u_ibex_core/cs_registers_i/pc_wb_i[26]' may be overridden by compile because it
	is connected to generic logic. Use all_connected to see net
	connections. (OPT-461)
Warning: Dont_touch on net 'u_ibex_core/cs_registers_i/pc_wb_i[27]' may be overridden by compile because it
	is connected to generic logic. Use all_connected to see net
	connections. (OPT-461)
Warning: Dont_touch on net 'u_ibex_core/cs_registers_i/pc_wb_i[28]' may be overridden by compile because it
	is connected to generic logic. Use all_connected to see net
	connections. (OPT-461)
Warning: Dont_touch on net 'u_ibex_core/cs_registers_i/pc_wb_i[29]' may be overridden by compile because it
	is connected to generic logic. Use all_connected to see net
	connections. (OPT-461)
Warning: Dont_touch on net 'u_ibex_core/cs_registers_i/pc_wb_i[30]' may be overridden by compile because it
	is connected to generic logic. Use all_connected to see net
	connections. (OPT-461)
Warning: Dont_touch on net 'u_ibex_core/cs_registers_i/pc_wb_i[31]' may be overridden by compile because it
	is connected to generic logic. Use all_connected to see net
	connections. (OPT-461)
Warning: Dont_touch on net 'u_ibex_core/cs_registers_i/pc_id_i[0]' may be overridden by compile because it
	is connected to generic logic. Use all_connected to see net
	connections. (OPT-461)
Warning: Dont_touch on net 'u_ibex_core/cs_registers_i/pc_id_i[1]' may be overridden by compile because it
	is connected to generic logic. Use all_connected to see net
	connections. (OPT-461)
Warning: Dont_touch on net 'u_ibex_core/cs_registers_i/pc_id_i[2]' may be overridden by compile because it
	is connected to generic logic. Use all_connected to see net
	connections. (OPT-461)
Warning: Dont_touch on net 'u_ibex_core/cs_registers_i/pc_id_i[3]' may be overridden by compile because it
	is connected to generic logic. Use all_connected to see net
	connections. (OPT-461)
Warning: Dont_touch on net 'u_ibex_core/cs_registers_i/pc_id_i[4]' may be overridden by compile because it
	is connected to generic logic. Use all_connected to see net
	connections. (OPT-461)
Warning: Dont_touch on net 'u_ibex_core/cs_registers_i/pc_id_i[5]' may be overridden by compile because it
	is connected to generic logic. Use all_connected to see net
	connections. (OPT-461)
Warning: Dont_touch on net 'u_ibex_core/cs_registers_i/pc_id_i[6]' may be overridden by compile because it
	is connected to generic logic. Use all_connected to see net
	connections. (OPT-461)
Warning: Dont_touch on net 'u_ibex_core/cs_registers_i/pc_id_i[7]' may be overridden by compile because it
	is connected to generic logic. Use all_connected to see net
	connections. (OPT-461)
Warning: Dont_touch on net 'u_ibex_core/cs_registers_i/pc_id_i[8]' may be overridden by compile because it
	is connected to generic logic. Use all_connected to see net
	connections. (OPT-461)
Warning: Dont_touch on net 'u_ibex_core/cs_registers_i/pc_id_i[9]' may be overridden by compile because it
	is connected to generic logic. Use all_connected to see net
	connections. (OPT-461)
Warning: Dont_touch on net 'u_ibex_core/cs_registers_i/pc_id_i[10]' may be overridden by compile because it
	is connected to generic logic. Use all_connected to see net
	connections. (OPT-461)
Warning: Dont_touch on net 'u_ibex_core/cs_registers_i/pc_id_i[11]' may be overridden by compile because it
	is connected to generic logic. Use all_connected to see net
	connections. (OPT-461)
Warning: Dont_touch on net 'u_ibex_core/cs_registers_i/pc_id_i[12]' may be overridden by compile because it
	is connected to generic logic. Use all_connected to see net
	connections. (OPT-461)
Warning: Dont_touch on net 'u_ibex_core/cs_registers_i/pc_id_i[13]' may be overridden by compile because it
	is connected to generic logic. Use all_connected to see net
	connections. (OPT-461)
Warning: Dont_touch on net 'u_ibex_core/cs_registers_i/pc_id_i[14]' may be overridden by compile because it
	is connected to generic logic. Use all_connected to see net
	connections. (OPT-461)
Warning: Dont_touch on net 'u_ibex_core/cs_registers_i/pc_id_i[15]' may be overridden by compile because it
	is connected to generic logic. Use all_connected to see net
	connections. (OPT-461)
Warning: Dont_touch on net 'u_ibex_core/cs_registers_i/pc_id_i[16]' may be overridden by compile because it
	is connected to generic logic. Use all_connected to see net
	connections. (OPT-461)
Warning: Dont_touch on net 'u_ibex_core/cs_registers_i/pc_id_i[17]' may be overridden by compile because it
	is connected to generic logic. Use all_connected to see net
	connections. (OPT-461)
Warning: Dont_touch on net 'u_ibex_core/cs_registers_i/pc_id_i[18]' may be overridden by compile because it
	is connected to generic logic. Use all_connected to see net
	connections. (OPT-461)
Warning: Dont_touch on net 'u_ibex_core/cs_registers_i/pc_id_i[19]' may be overridden by compile because it
	is connected to generic logic. Use all_connected to see net
	connections. (OPT-461)
Warning: Dont_touch on net 'u_ibex_core/cs_registers_i/pc_id_i[20]' may be overridden by compile because it
	is connected to generic logic. Use all_connected to see net
	connections. (OPT-461)
Warning: Dont_touch on net 'u_ibex_core/cs_registers_i/pc_id_i[21]' may be overridden by compile because it
	is connected to generic logic. Use all_connected to see net
	connections. (OPT-461)
Warning: Dont_touch on net 'u_ibex_core/cs_registers_i/pc_id_i[22]' may be overridden by compile because it
	is connected to generic logic. Use all_connected to see net
	connections. (OPT-461)
Warning: Dont_touch on net 'u_ibex_core/cs_registers_i/pc_id_i[23]' may be overridden by compile because it
	is connected to generic logic. Use all_connected to see net
	connections. (OPT-461)
Warning: Dont_touch on net 'u_ibex_core/cs_registers_i/pc_id_i[24]' may be overridden by compile because it
	is connected to generic logic. Use all_connected to see net
	connections. (OPT-461)
Warning: Dont_touch on net 'u_ibex_core/cs_registers_i/pc_id_i[25]' may be overridden by compile because it
	is connected to generic logic. Use all_connected to see net
	connections. (OPT-461)
Warning: Dont_touch on net 'u_ibex_core/cs_registers_i/pc_id_i[26]' may be overridden by compile because it
	is connected to generic logic. Use all_connected to see net
	connections. (OPT-461)
Warning: Dont_touch on net 'u_ibex_core/cs_registers_i/pc_id_i[27]' may be overridden by compile because it
	is connected to generic logic. Use all_connected to see net
	connections. (OPT-461)
Warning: Dont_touch on net 'u_ibex_core/cs_registers_i/pc_id_i[28]' may be overridden by compile because it
	is connected to generic logic. Use all_connected to see net
	connections. (OPT-461)
Warning: Dont_touch on net 'u_ibex_core/cs_registers_i/pc_id_i[29]' may be overridden by compile because it
	is connected to generic logic. Use all_connected to see net
	connections. (OPT-461)
Warning: Dont_touch on net 'u_ibex_core/cs_registers_i/pc_id_i[30]' may be overridden by compile because it
	is connected to generic logic. Use all_connected to see net
	connections. (OPT-461)
Warning: Dont_touch on net 'u_ibex_core/cs_registers_i/pc_id_i[31]' may be overridden by compile because it
	is connected to generic logic. Use all_connected to see net
	connections. (OPT-461)
Warning: Dont_touch on net 'u_ibex_core/cs_registers_i/pc_if_i[0]' may be overridden by compile because it
	is connected to generic logic. Use all_connected to see net
	connections. (OPT-461)
Warning: Dont_touch on net 'u_ibex_core/cs_registers_i/pc_if_i[1]' may be overridden by compile because it
	is connected to generic logic. Use all_connected to see net
	connections. (OPT-461)
Warning: Dont_touch on net 'u_ibex_core/cs_registers_i/pc_if_i[2]' may be overridden by compile because it
	is connected to generic logic. Use all_connected to see net
	connections. (OPT-461)
Warning: Dont_touch on net 'u_ibex_core/cs_registers_i/pc_if_i[3]' may be overridden by compile because it
	is connected to generic logic. Use all_connected to see net
	connections. (OPT-461)
Warning: Dont_touch on net 'u_ibex_core/cs_registers_i/pc_if_i[4]' may be overridden by compile because it
	is connected to generic logic. Use all_connected to see net
	connections. (OPT-461)
Warning: Dont_touch on net 'u_ibex_core/cs_registers_i/pc_if_i[5]' may be overridden by compile because it
	is connected to generic logic. Use all_connected to see net
	connections. (OPT-461)
Warning: Dont_touch on net 'u_ibex_core/cs_registers_i/pc_if_i[6]' may be overridden by compile because it
	is connected to generic logic. Use all_connected to see net
	connections. (OPT-461)
Warning: Dont_touch on net 'u_ibex_core/cs_registers_i/pc_if_i[7]' may be overridden by compile because it
	is connected to generic logic. Use all_connected to see net
	connections. (OPT-461)
Warning: Dont_touch on net 'u_ibex_core/cs_registers_i/pc_if_i[8]' may be overridden by compile because it
	is connected to generic logic. Use all_connected to see net
	connections. (OPT-461)
Warning: Dont_touch on net 'u_ibex_core/cs_registers_i/pc_if_i[9]' may be overridden by compile because it
	is connected to generic logic. Use all_connected to see net
	connections. (OPT-461)
Warning: Dont_touch on net 'u_ibex_core/cs_registers_i/pc_if_i[10]' may be overridden by compile because it
	is connected to generic logic. Use all_connected to see net
	connections. (OPT-461)
Warning: Dont_touch on net 'u_ibex_core/cs_registers_i/pc_if_i[11]' may be overridden by compile because it
	is connected to generic logic. Use all_connected to see net
	connections. (OPT-461)
Warning: Dont_touch on net 'u_ibex_core/cs_registers_i/pc_if_i[12]' may be overridden by compile because it
	is connected to generic logic. Use all_connected to see net
	connections. (OPT-461)
Warning: Dont_touch on net 'u_ibex_core/cs_registers_i/pc_if_i[13]' may be overridden by compile because it
	is connected to generic logic. Use all_connected to see net
	connections. (OPT-461)
Warning: Dont_touch on net 'u_ibex_core/cs_registers_i/pc_if_i[14]' may be overridden by compile because it
	is connected to generic logic. Use all_connected to see net
	connections. (OPT-461)
Warning: Dont_touch on net 'u_ibex_core/cs_registers_i/pc_if_i[15]' may be overridden by compile because it
	is connected to generic logic. Use all_connected to see net
	connections. (OPT-461)
Warning: Dont_touch on net 'u_ibex_core/cs_registers_i/pc_if_i[16]' may be overridden by compile because it
	is connected to generic logic. Use all_connected to see net
	connections. (OPT-461)
Warning: Dont_touch on net 'u_ibex_core/cs_registers_i/pc_if_i[17]' may be overridden by compile because it
	is connected to generic logic. Use all_connected to see net
	connections. (OPT-461)
Warning: Dont_touch on net 'u_ibex_core/cs_registers_i/pc_if_i[18]' may be overridden by compile because it
	is connected to generic logic. Use all_connected to see net
	connections. (OPT-461)
Warning: Dont_touch on net 'u_ibex_core/cs_registers_i/pc_if_i[19]' may be overridden by compile because it
	is connected to generic logic. Use all_connected to see net
	connections. (OPT-461)
Warning: Dont_touch on net 'u_ibex_core/cs_registers_i/pc_if_i[20]' may be overridden by compile because it
	is connected to generic logic. Use all_connected to see net
	connections. (OPT-461)
Warning: Dont_touch on net 'u_ibex_core/cs_registers_i/pc_if_i[21]' may be overridden by compile because it
	is connected to generic logic. Use all_connected to see net
	connections. (OPT-461)
Warning: Dont_touch on net 'u_ibex_core/cs_registers_i/pc_if_i[22]' may be overridden by compile because it
	is connected to generic logic. Use all_connected to see net
	connections. (OPT-461)
Warning: Dont_touch on net 'u_ibex_core/cs_registers_i/pc_if_i[23]' may be overridden by compile because it
	is connected to generic logic. Use all_connected to see net
	connections. (OPT-461)
Warning: Dont_touch on net 'u_ibex_core/cs_registers_i/pc_if_i[24]' may be overridden by compile because it
	is connected to generic logic. Use all_connected to see net
	connections. (OPT-461)
Warning: Dont_touch on net 'u_ibex_core/cs_registers_i/pc_if_i[25]' may be overridden by compile because it
	is connected to generic logic. Use all_connected to see net
	connections. (OPT-461)
Warning: Dont_touch on net 'u_ibex_core/cs_registers_i/pc_if_i[26]' may be overridden by compile because it
	is connected to generic logic. Use all_connected to see net
	connections. (OPT-461)
Warning: Dont_touch on net 'u_ibex_core/cs_registers_i/pc_if_i[27]' may be overridden by compile because it
	is connected to generic logic. Use all_connected to see net
	connections. (OPT-461)
Warning: Dont_touch on net 'u_ibex_core/cs_registers_i/pc_if_i[28]' may be overridden by compile because it
	is connected to generic logic. Use all_connected to see net
	connections. (OPT-461)
Warning: Dont_touch on net 'u_ibex_core/cs_registers_i/pc_if_i[29]' may be overridden by compile because it
	is connected to generic logic. Use all_connected to see net
	connections. (OPT-461)
Warning: Dont_touch on net 'u_ibex_core/cs_registers_i/pc_if_i[30]' may be overridden by compile because it
	is connected to generic logic. Use all_connected to see net
	connections. (OPT-461)
Warning: Dont_touch on net 'u_ibex_core/cs_registers_i/pc_if_i[31]' may be overridden by compile because it
	is connected to generic logic. Use all_connected to see net
	connections. (OPT-461)
Warning: Dont_touch on net 'u_ibex_core/cs_registers_i/debug_ebreaku_o' may be overridden by compile because it
	is connected to generic logic. Use all_connected to see net
	connections. (OPT-461)
Warning: Dont_touch on net 'u_ibex_core/cs_registers_i/debug_ebreakm_o' may be overridden by compile because it
	is connected to generic logic. Use all_connected to see net
	connections. (OPT-461)
Warning: Dont_touch on net 'u_ibex_core/cs_registers_i/debug_single_step_o' may be overridden by compile because it
	is connected to generic logic. Use all_connected to see net
	connections. (OPT-461)
Warning: Dont_touch on net 'u_ibex_core/cs_registers_i/csr_depc_o[0]' may be overridden by compile because it
	is connected to generic logic. Use all_connected to see net
	connections. (OPT-461)
Warning: Dont_touch on net 'u_ibex_core/cs_registers_i/csr_depc_o[1]' may be overridden by compile because it
	is connected to generic logic. Use all_connected to see net
	connections. (OPT-461)
Warning: Dont_touch on net 'u_ibex_core/cs_registers_i/csr_depc_o[2]' may be overridden by compile because it
	is connected to generic logic. Use all_connected to see net
	connections. (OPT-461)
Warning: Dont_touch on net 'u_ibex_core/cs_registers_i/csr_depc_o[3]' may be overridden by compile because it
	is connected to generic logic. Use all_connected to see net
	connections. (OPT-461)
Warning: Dont_touch on net 'u_ibex_core/cs_registers_i/csr_depc_o[4]' may be overridden by compile because it
	is connected to generic logic. Use all_connected to see net
	connections. (OPT-461)
Warning: Dont_touch on net 'u_ibex_core/cs_registers_i/csr_depc_o[5]' may be overridden by compile because it
	is connected to generic logic. Use all_connected to see net
	connections. (OPT-461)
Warning: Dont_touch on net 'u_ibex_core/cs_registers_i/csr_depc_o[6]' may be overridden by compile because it
	is connected to generic logic. Use all_connected to see net
	connections. (OPT-461)
Warning: Dont_touch on net 'u_ibex_core/cs_registers_i/csr_depc_o[7]' may be overridden by compile because it
	is connected to generic logic. Use all_connected to see net
	connections. (OPT-461)
Warning: Dont_touch on net 'u_ibex_core/cs_registers_i/csr_depc_o[8]' may be overridden by compile because it
	is connected to generic logic. Use all_connected to see net
	connections. (OPT-461)
Warning: Dont_touch on net 'u_ibex_core/cs_registers_i/csr_depc_o[9]' may be overridden by compile because it
	is connected to generic logic. Use all_connected to see net
	connections. (OPT-461)
Warning: Dont_touch on net 'u_ibex_core/cs_registers_i/csr_depc_o[10]' may be overridden by compile because it
	is connected to generic logic. Use all_connected to see net
	connections. (OPT-461)
Warning: Dont_touch on net 'u_ibex_core/cs_registers_i/csr_depc_o[11]' may be overridden by compile because it
	is connected to generic logic. Use all_connected to see net
	connections. (OPT-461)
Warning: Dont_touch on net 'u_ibex_core/cs_registers_i/csr_depc_o[12]' may be overridden by compile because it
	is connected to generic logic. Use all_connected to see net
	connections. (OPT-461)
Warning: Dont_touch on net 'u_ibex_core/cs_registers_i/csr_depc_o[13]' may be overridden by compile because it
	is connected to generic logic. Use all_connected to see net
	connections. (OPT-461)
Warning: Dont_touch on net 'u_ibex_core/cs_registers_i/csr_depc_o[14]' may be overridden by compile because it
	is connected to generic logic. Use all_connected to see net
	connections. (OPT-461)
Warning: Dont_touch on net 'u_ibex_core/cs_registers_i/csr_depc_o[15]' may be overridden by compile because it
	is connected to generic logic. Use all_connected to see net
	connections. (OPT-461)
Warning: Dont_touch on net 'u_ibex_core/cs_registers_i/csr_depc_o[16]' may be overridden by compile because it
	is connected to generic logic. Use all_connected to see net
	connections. (OPT-461)
Warning: Dont_touch on net 'u_ibex_core/cs_registers_i/csr_depc_o[17]' may be overridden by compile because it
	is connected to generic logic. Use all_connected to see net
	connections. (OPT-461)
Warning: Dont_touch on net 'u_ibex_core/cs_registers_i/csr_depc_o[18]' may be overridden by compile because it
	is connected to generic logic. Use all_connected to see net
	connections. (OPT-461)
Warning: Dont_touch on net 'u_ibex_core/cs_registers_i/csr_depc_o[19]' may be overridden by compile because it
	is connected to generic logic. Use all_connected to see net
	connections. (OPT-461)
Warning: Dont_touch on net 'u_ibex_core/cs_registers_i/csr_depc_o[20]' may be overridden by compile because it
	is connected to generic logic. Use all_connected to see net
	connections. (OPT-461)
Warning: Dont_touch on net 'u_ibex_core/cs_registers_i/csr_depc_o[21]' may be overridden by compile because it
	is connected to generic logic. Use all_connected to see net
	connections. (OPT-461)
Warning: Dont_touch on net 'u_ibex_core/cs_registers_i/csr_depc_o[22]' may be overridden by compile because it
	is connected to generic logic. Use all_connected to see net
	connections. (OPT-461)
Warning: Dont_touch on net 'u_ibex_core/cs_registers_i/csr_depc_o[23]' may be overridden by compile because it
	is connected to generic logic. Use all_connected to see net
	connections. (OPT-461)
Warning: Dont_touch on net 'u_ibex_core/cs_registers_i/csr_depc_o[24]' may be overridden by compile because it
	is connected to generic logic. Use all_connected to see net
	connections. (OPT-461)
Warning: Dont_touch on net 'u_ibex_core/cs_registers_i/csr_depc_o[25]' may be overridden by compile because it
	is connected to generic logic. Use all_connected to see net
	connections. (OPT-461)
Warning: Dont_touch on net 'u_ibex_core/cs_registers_i/csr_depc_o[26]' may be overridden by compile because it
	is connected to generic logic. Use all_connected to see net
	connections. (OPT-461)
Warning: Dont_touch on net 'u_ibex_core/cs_registers_i/csr_depc_o[27]' may be overridden by compile because it
	is connected to generic logic. Use all_connected to see net
	connections. (OPT-461)
Warning: Dont_touch on net 'u_ibex_core/cs_registers_i/csr_depc_o[28]' may be overridden by compile because it
	is connected to generic logic. Use all_connected to see net
	connections. (OPT-461)
Warning: Dont_touch on net 'u_ibex_core/cs_registers_i/csr_depc_o[29]' may be overridden by compile because it
	is connected to generic logic. Use all_connected to see net
	connections. (OPT-461)
Warning: Dont_touch on net 'u_ibex_core/cs_registers_i/csr_depc_o[30]' may be overridden by compile because it
	is connected to generic logic. Use all_connected to see net
	connections. (OPT-461)
Warning: Dont_touch on net 'u_ibex_core/cs_registers_i/csr_depc_o[31]' may be overridden by compile because it
	is connected to generic logic. Use all_connected to see net
	connections. (OPT-461)
Warning: Dont_touch on net 'u_ibex_core/cs_registers_i/debug_cause_i[0]' may be overridden by compile because it
	is connected to generic logic. Use all_connected to see net
	connections. (OPT-461)
Warning: Dont_touch on net 'u_ibex_core/cs_registers_i/debug_cause_i[1]' may be overridden by compile because it
	is connected to generic logic. Use all_connected to see net
	connections. (OPT-461)
Warning: Dont_touch on net 'u_ibex_core/cs_registers_i/debug_cause_i[2]' may be overridden by compile because it
	is connected to generic logic. Use all_connected to see net
	connections. (OPT-461)
Warning: Dont_touch on net 'u_ibex_core/cs_registers_i/csr_mtval_o[0]' may be overridden by compile because it
	is connected to generic logic. Use all_connected to see net
	connections. (OPT-461)
Warning: Dont_touch on net 'u_ibex_core/cs_registers_i/csr_mtval_o[1]' may be overridden by compile because it
	is connected to generic logic. Use all_connected to see net
	connections. (OPT-461)
Warning: Dont_touch on net 'u_ibex_core/cs_registers_i/csr_mtval_o[2]' may be overridden by compile because it
	is connected to generic logic. Use all_connected to see net
	connections. (OPT-461)
Warning: Dont_touch on net 'u_ibex_core/cs_registers_i/csr_mtval_o[3]' may be overridden by compile because it
	is connected to generic logic. Use all_connected to see net
	connections. (OPT-461)
Warning: Dont_touch on net 'u_ibex_core/cs_registers_i/csr_mtval_o[4]' may be overridden by compile because it
	is connected to generic logic. Use all_connected to see net
	connections. (OPT-461)
Warning: Dont_touch on net 'u_ibex_core/cs_registers_i/csr_mtval_o[5]' may be overridden by compile because it
	is connected to generic logic. Use all_connected to see net
	connections. (OPT-461)
Warning: Dont_touch on net 'u_ibex_core/cs_registers_i/csr_mtval_o[6]' may be overridden by compile because it
	is connected to generic logic. Use all_connected to see net
	connections. (OPT-461)
Warning: Dont_touch on net 'u_ibex_core/cs_registers_i/csr_mtval_o[7]' may be overridden by compile because it
	is connected to generic logic. Use all_connected to see net
	connections. (OPT-461)
Warning: Dont_touch on net 'u_ibex_core/cs_registers_i/csr_mtval_o[8]' may be overridden by compile because it
	is connected to generic logic. Use all_connected to see net
	connections. (OPT-461)
Warning: Dont_touch on net 'u_ibex_core/cs_registers_i/csr_mtval_o[9]' may be overridden by compile because it
	is connected to generic logic. Use all_connected to see net
	connections. (OPT-461)
Warning: Dont_touch on net 'u_ibex_core/cs_registers_i/csr_mtval_o[10]' may be overridden by compile because it
	is connected to generic logic. Use all_connected to see net
	connections. (OPT-461)
Warning: Dont_touch on net 'u_ibex_core/cs_registers_i/csr_mtval_o[11]' may be overridden by compile because it
	is connected to generic logic. Use all_connected to see net
	connections. (OPT-461)
Warning: Dont_touch on net 'u_ibex_core/cs_registers_i/csr_mtval_o[12]' may be overridden by compile because it
	is connected to generic logic. Use all_connected to see net
	connections. (OPT-461)
Warning: Dont_touch on net 'u_ibex_core/cs_registers_i/csr_mtval_o[13]' may be overridden by compile because it
	is connected to generic logic. Use all_connected to see net
	connections. (OPT-461)
Warning: Dont_touch on net 'u_ibex_core/cs_registers_i/csr_mtval_o[14]' may be overridden by compile because it
	is connected to generic logic. Use all_connected to see net
	connections. (OPT-461)
Warning: Dont_touch on net 'u_ibex_core/cs_registers_i/csr_mtval_o[15]' may be overridden by compile because it
	is connected to generic logic. Use all_connected to see net
	connections. (OPT-461)
Warning: Dont_touch on net 'u_ibex_core/cs_registers_i/csr_mtval_o[16]' may be overridden by compile because it
	is connected to generic logic. Use all_connected to see net
	connections. (OPT-461)
Warning: Dont_touch on net 'u_ibex_core/cs_registers_i/csr_mtval_o[17]' may be overridden by compile because it
	is connected to generic logic. Use all_connected to see net
	connections. (OPT-461)
Warning: Dont_touch on net 'u_ibex_core/cs_registers_i/csr_mtval_o[18]' may be overridden by compile because it
	is connected to generic logic. Use all_connected to see net
	connections. (OPT-461)
Warning: Dont_touch on net 'u_ibex_core/cs_registers_i/csr_mtval_o[19]' may be overridden by compile because it
	is connected to generic logic. Use all_connected to see net
	connections. (OPT-461)
Warning: Dont_touch on net 'u_ibex_core/cs_registers_i/csr_mtval_o[20]' may be overridden by compile because it
	is connected to generic logic. Use all_connected to see net
	connections. (OPT-461)
Warning: Dont_touch on net 'u_ibex_core/cs_registers_i/csr_mtval_o[21]' may be overridden by compile because it
	is connected to generic logic. Use all_connected to see net
	connections. (OPT-461)
Warning: Dont_touch on net 'u_ibex_core/cs_registers_i/csr_mtval_o[22]' may be overridden by compile because it
	is connected to generic logic. Use all_connected to see net
	connections. (OPT-461)
Warning: Dont_touch on net 'u_ibex_core/cs_registers_i/csr_mtval_o[23]' may be overridden by compile because it
	is connected to generic logic. Use all_connected to see net
	connections. (OPT-461)
Warning: Dont_touch on net 'u_ibex_core/cs_registers_i/csr_mtval_o[24]' may be overridden by compile because it
	is connected to generic logic. Use all_connected to see net
	connections. (OPT-461)
Warning: Dont_touch on net 'u_ibex_core/cs_registers_i/csr_mtval_o[25]' may be overridden by compile because it
	is connected to generic logic. Use all_connected to see net
	connections. (OPT-461)
Warning: Dont_touch on net 'u_ibex_core/cs_registers_i/csr_mtval_o[26]' may be overridden by compile because it
	is connected to generic logic. Use all_connected to see net
	connections. (OPT-461)
Warning: Dont_touch on net 'u_ibex_core/cs_registers_i/csr_mtval_o[27]' may be overridden by compile because it
	is connected to generic logic. Use all_connected to see net
	connections. (OPT-461)
Warning: Dont_touch on net 'u_ibex_core/cs_registers_i/csr_mtval_o[28]' may be overridden by compile because it
	is connected to generic logic. Use all_connected to see net
	connections. (OPT-461)
Warning: Dont_touch on net 'u_ibex_core/cs_registers_i/csr_mtval_o[29]' may be overridden by compile because it
	is connected to generic logic. Use all_connected to see net
	connections. (OPT-461)
Warning: Dont_touch on net 'u_ibex_core/cs_registers_i/csr_mtval_o[30]' may be overridden by compile because it
	is connected to generic logic. Use all_connected to see net
	connections. (OPT-461)
Warning: Dont_touch on net 'u_ibex_core/cs_registers_i/csr_mtval_o[31]' may be overridden by compile because it
	is connected to generic logic. Use all_connected to see net
	connections. (OPT-461)
Warning: Dont_touch on net 'u_ibex_core/cs_registers_i/csr_mepc_o[0]' may be overridden by compile because it
	is connected to generic logic. Use all_connected to see net
	connections. (OPT-461)
Warning: Dont_touch on net 'u_ibex_core/cs_registers_i/csr_mepc_o[1]' may be overridden by compile because it
	is connected to generic logic. Use all_connected to see net
	connections. (OPT-461)
Warning: Dont_touch on net 'u_ibex_core/cs_registers_i/csr_mepc_o[2]' may be overridden by compile because it
	is connected to generic logic. Use all_connected to see net
	connections. (OPT-461)
Warning: Dont_touch on net 'u_ibex_core/cs_registers_i/csr_mepc_o[3]' may be overridden by compile because it
	is connected to generic logic. Use all_connected to see net
	connections. (OPT-461)
Warning: Dont_touch on net 'u_ibex_core/cs_registers_i/csr_mepc_o[4]' may be overridden by compile because it
	is connected to generic logic. Use all_connected to see net
	connections. (OPT-461)
Warning: Dont_touch on net 'u_ibex_core/cs_registers_i/csr_mepc_o[5]' may be overridden by compile because it
	is connected to generic logic. Use all_connected to see net
	connections. (OPT-461)
Warning: Dont_touch on net 'u_ibex_core/cs_registers_i/csr_mepc_o[6]' may be overridden by compile because it
	is connected to generic logic. Use all_connected to see net
	connections. (OPT-461)
Warning: Dont_touch on net 'u_ibex_core/cs_registers_i/csr_mepc_o[7]' may be overridden by compile because it
	is connected to generic logic. Use all_connected to see net
	connections. (OPT-461)
Warning: Dont_touch on net 'u_ibex_core/cs_registers_i/csr_mepc_o[8]' may be overridden by compile because it
	is connected to generic logic. Use all_connected to see net
	connections. (OPT-461)
Warning: Dont_touch on net 'u_ibex_core/cs_registers_i/csr_mepc_o[9]' may be overridden by compile because it
	is connected to generic logic. Use all_connected to see net
	connections. (OPT-461)
Warning: Dont_touch on net 'u_ibex_core/cs_registers_i/csr_mepc_o[10]' may be overridden by compile because it
	is connected to generic logic. Use all_connected to see net
	connections. (OPT-461)
Warning: Dont_touch on net 'u_ibex_core/cs_registers_i/csr_mepc_o[11]' may be overridden by compile because it
	is connected to generic logic. Use all_connected to see net
	connections. (OPT-461)
Warning: Dont_touch on net 'u_ibex_core/cs_registers_i/csr_mepc_o[12]' may be overridden by compile because it
	is connected to generic logic. Use all_connected to see net
	connections. (OPT-461)
Warning: Dont_touch on net 'u_ibex_core/cs_registers_i/csr_mepc_o[13]' may be overridden by compile because it
	is connected to generic logic. Use all_connected to see net
	connections. (OPT-461)
Warning: Dont_touch on net 'u_ibex_core/cs_registers_i/csr_mepc_o[14]' may be overridden by compile because it
	is connected to generic logic. Use all_connected to see net
	connections. (OPT-461)
Warning: Dont_touch on net 'u_ibex_core/cs_registers_i/csr_mepc_o[15]' may be overridden by compile because it
	is connected to generic logic. Use all_connected to see net
	connections. (OPT-461)
Warning: Dont_touch on net 'u_ibex_core/cs_registers_i/csr_mepc_o[16]' may be overridden by compile because it
	is connected to generic logic. Use all_connected to see net
	connections. (OPT-461)
Warning: Dont_touch on net 'u_ibex_core/cs_registers_i/csr_mepc_o[17]' may be overridden by compile because it
	is connected to generic logic. Use all_connected to see net
	connections. (OPT-461)
Warning: Dont_touch on net 'u_ibex_core/cs_registers_i/csr_mepc_o[18]' may be overridden by compile because it
	is connected to generic logic. Use all_connected to see net
	connections. (OPT-461)
Warning: Dont_touch on net 'u_ibex_core/cs_registers_i/csr_mepc_o[19]' may be overridden by compile because it
	is connected to generic logic. Use all_connected to see net
	connections. (OPT-461)
Warning: Dont_touch on net 'u_ibex_core/cs_registers_i/csr_mepc_o[20]' may be overridden by compile because it
	is connected to generic logic. Use all_connected to see net
	connections. (OPT-461)
Warning: Dont_touch on net 'u_ibex_core/cs_registers_i/csr_mepc_o[21]' may be overridden by compile because it
	is connected to generic logic. Use all_connected to see net
	connections. (OPT-461)
Warning: Dont_touch on net 'u_ibex_core/cs_registers_i/csr_mepc_o[22]' may be overridden by compile because it
	is connected to generic logic. Use all_connected to see net
	connections. (OPT-461)
Warning: Dont_touch on net 'u_ibex_core/cs_registers_i/csr_mepc_o[23]' may be overridden by compile because it
	is connected to generic logic. Use all_connected to see net
	connections. (OPT-461)
Warning: Dont_touch on net 'u_ibex_core/cs_registers_i/csr_mepc_o[24]' may be overridden by compile because it
	is connected to generic logic. Use all_connected to see net
	connections. (OPT-461)
Warning: Dont_touch on net 'u_ibex_core/cs_registers_i/csr_mepc_o[25]' may be overridden by compile because it
	is connected to generic logic. Use all_connected to see net
	connections. (OPT-461)
Warning: Dont_touch on net 'u_ibex_core/cs_registers_i/csr_mepc_o[26]' may be overridden by compile because it
	is connected to generic logic. Use all_connected to see net
	connections. (OPT-461)
Warning: Dont_touch on net 'u_ibex_core/cs_registers_i/csr_mepc_o[27]' may be overridden by compile because it
	is connected to generic logic. Use all_connected to see net
	connections. (OPT-461)
Warning: Dont_touch on net 'u_ibex_core/cs_registers_i/csr_mepc_o[28]' may be overridden by compile because it
	is connected to generic logic. Use all_connected to see net
	connections. (OPT-461)
Warning: Dont_touch on net 'u_ibex_core/cs_registers_i/csr_mepc_o[29]' may be overridden by compile because it
	is connected to generic logic. Use all_connected to see net
	connections. (OPT-461)
Warning: Dont_touch on net 'u_ibex_core/cs_registers_i/csr_mepc_o[30]' may be overridden by compile because it
	is connected to generic logic. Use all_connected to see net
	connections. (OPT-461)
Warning: Dont_touch on net 'u_ibex_core/cs_registers_i/csr_mepc_o[31]' may be overridden by compile because it
	is connected to generic logic. Use all_connected to see net
	connections. (OPT-461)
Warning: Dont_touch on net 'u_ibex_core/cs_registers_i/csr_mstatus_mie_o' may be overridden by compile because it
	is connected to generic logic. Use all_connected to see net
	connections. (OPT-461)
Warning: Dont_touch on net 'u_ibex_core/cs_registers_i/irq_fast_i[0]' may be overridden by compile because it
	is connected to generic logic. Use all_connected to see net
	connections. (OPT-461)
Warning: Dont_touch on net 'u_ibex_core/cs_registers_i/irq_fast_i[1]' may be overridden by compile because it
	is connected to generic logic. Use all_connected to see net
	connections. (OPT-461)
Warning: Dont_touch on net 'u_ibex_core/cs_registers_i/irq_fast_i[2]' may be overridden by compile because it
	is connected to generic logic. Use all_connected to see net
	connections. (OPT-461)
Warning: Dont_touch on net 'u_ibex_core/cs_registers_i/irq_fast_i[3]' may be overridden by compile because it
	is connected to generic logic. Use all_connected to see net
	connections. (OPT-461)
Warning: Dont_touch on net 'u_ibex_core/cs_registers_i/irq_fast_i[4]' may be overridden by compile because it
	is connected to generic logic. Use all_connected to see net
	connections. (OPT-461)
Warning: Dont_touch on net 'u_ibex_core/cs_registers_i/irq_fast_i[5]' may be overridden by compile because it
	is connected to generic logic. Use all_connected to see net
	connections. (OPT-461)
Warning: Dont_touch on net 'u_ibex_core/cs_registers_i/irq_fast_i[6]' may be overridden by compile because it
	is connected to generic logic. Use all_connected to see net
	connections. (OPT-461)
Warning: Dont_touch on net 'u_ibex_core/cs_registers_i/irq_fast_i[7]' may be overridden by compile because it
	is connected to generic logic. Use all_connected to see net
	connections. (OPT-461)
Warning: Dont_touch on net 'u_ibex_core/cs_registers_i/irq_fast_i[8]' may be overridden by compile because it
	is connected to generic logic. Use all_connected to see net
	connections. (OPT-461)
Warning: Dont_touch on net 'u_ibex_core/cs_registers_i/irq_fast_i[9]' may be overridden by compile because it
	is connected to generic logic. Use all_connected to see net
	connections. (OPT-461)
Warning: Dont_touch on net 'u_ibex_core/cs_registers_i/irq_fast_i[10]' may be overridden by compile because it
	is connected to generic logic. Use all_connected to see net
	connections. (OPT-461)
Warning: Dont_touch on net 'u_ibex_core/cs_registers_i/irq_fast_i[11]' may be overridden by compile because it
	is connected to generic logic. Use all_connected to see net
	connections. (OPT-461)
Warning: Dont_touch on net 'u_ibex_core/cs_registers_i/irq_fast_i[12]' may be overridden by compile because it
	is connected to generic logic. Use all_connected to see net
	connections. (OPT-461)
Warning: Dont_touch on net 'u_ibex_core/cs_registers_i/irq_fast_i[13]' may be overridden by compile because it
	is connected to generic logic. Use all_connected to see net
	connections. (OPT-461)
Warning: Dont_touch on net 'u_ibex_core/cs_registers_i/irq_fast_i[14]' may be overridden by compile because it
	is connected to generic logic. Use all_connected to see net
	connections. (OPT-461)
Warning: Dont_touch on net 'u_ibex_core/cs_registers_i/irq_external_i' may be overridden by compile because it
	is connected to generic logic. Use all_connected to see net
	connections. (OPT-461)
Warning: Dont_touch on net 'u_ibex_core/cs_registers_i/irq_timer_i' may be overridden by compile because it
	is connected to generic logic. Use all_connected to see net
	connections. (OPT-461)
Warning: Dont_touch on net 'u_ibex_core/cs_registers_i/irq_software_i' may be overridden by compile because it
	is connected to generic logic. Use all_connected to see net
	connections. (OPT-461)
Warning: Dont_touch on net 'u_ibex_core/cs_registers_i/csr_rdata_o[0]' may be overridden by compile because it
	is connected to generic logic. Use all_connected to see net
	connections. (OPT-461)
Warning: Dont_touch on net 'u_ibex_core/cs_registers_i/csr_rdata_o[1]' may be overridden by compile because it
	is connected to generic logic. Use all_connected to see net
	connections. (OPT-461)
Warning: Dont_touch on net 'u_ibex_core/cs_registers_i/csr_rdata_o[2]' may be overridden by compile because it
	is connected to generic logic. Use all_connected to see net
	connections. (OPT-461)
Warning: Dont_touch on net 'u_ibex_core/cs_registers_i/csr_rdata_o[3]' may be overridden by compile because it
	is connected to generic logic. Use all_connected to see net
	connections. (OPT-461)
Warning: Dont_touch on net 'u_ibex_core/cs_registers_i/csr_rdata_o[4]' may be overridden by compile because it
	is connected to generic logic. Use all_connected to see net
	connections. (OPT-461)
Warning: Dont_touch on net 'u_ibex_core/cs_registers_i/csr_rdata_o[5]' may be overridden by compile because it
	is connected to generic logic. Use all_connected to see net
	connections. (OPT-461)
Warning: Dont_touch on net 'u_ibex_core/cs_registers_i/csr_rdata_o[6]' may be overridden by compile because it
	is connected to generic logic. Use all_connected to see net
	connections. (OPT-461)
Warning: Dont_touch on net 'u_ibex_core/cs_registers_i/csr_rdata_o[7]' may be overridden by compile because it
	is connected to generic logic. Use all_connected to see net
	connections. (OPT-461)
Warning: Dont_touch on net 'u_ibex_core/cs_registers_i/csr_rdata_o[8]' may be overridden by compile because it
	is connected to generic logic. Use all_connected to see net
	connections. (OPT-461)
Warning: Dont_touch on net 'u_ibex_core/cs_registers_i/csr_rdata_o[9]' may be overridden by compile because it
	is connected to generic logic. Use all_connected to see net
	connections. (OPT-461)
Warning: Dont_touch on net 'u_ibex_core/cs_registers_i/csr_rdata_o[10]' may be overridden by compile because it
	is connected to generic logic. Use all_connected to see net
	connections. (OPT-461)
Warning: Dont_touch on net 'u_ibex_core/cs_registers_i/csr_rdata_o[11]' may be overridden by compile because it
	is connected to generic logic. Use all_connected to see net
	connections. (OPT-461)
Warning: Dont_touch on net 'u_ibex_core/cs_registers_i/csr_rdata_o[12]' may be overridden by compile because it
	is connected to generic logic. Use all_connected to see net
	connections. (OPT-461)
Warning: Dont_touch on net 'u_ibex_core/cs_registers_i/csr_rdata_o[13]' may be overridden by compile because it
	is connected to generic logic. Use all_connected to see net
	connections. (OPT-461)
Warning: Dont_touch on net 'u_ibex_core/cs_registers_i/csr_rdata_o[14]' may be overridden by compile because it
	is connected to generic logic. Use all_connected to see net
	connections. (OPT-461)
Warning: Dont_touch on net 'u_ibex_core/cs_registers_i/csr_rdata_o[15]' may be overridden by compile because it
	is connected to generic logic. Use all_connected to see net
	connections. (OPT-461)
Warning: Dont_touch on net 'u_ibex_core/cs_registers_i/csr_rdata_o[16]' may be overridden by compile because it
	is connected to generic logic. Use all_connected to see net
	connections. (OPT-461)
Warning: Dont_touch on net 'u_ibex_core/cs_registers_i/csr_rdata_o[17]' may be overridden by compile because it
	is connected to generic logic. Use all_connected to see net
	connections. (OPT-461)
Warning: Dont_touch on net 'u_ibex_core/cs_registers_i/csr_rdata_o[18]' may be overridden by compile because it
	is connected to generic logic. Use all_connected to see net
	connections. (OPT-461)
Warning: Dont_touch on net 'u_ibex_core/cs_registers_i/csr_rdata_o[19]' may be overridden by compile because it
	is connected to generic logic. Use all_connected to see net
	connections. (OPT-461)
Warning: Dont_touch on net 'u_ibex_core/cs_registers_i/csr_rdata_o[20]' may be overridden by compile because it
	is connected to generic logic. Use all_connected to see net
	connections. (OPT-461)
Warning: Dont_touch on net 'u_ibex_core/cs_registers_i/csr_rdata_o[21]' may be overridden by compile because it
	is connected to generic logic. Use all_connected to see net
	connections. (OPT-461)
Warning: Dont_touch on net 'u_ibex_core/cs_registers_i/csr_rdata_o[22]' may be overridden by compile because it
	is connected to generic logic. Use all_connected to see net
	connections. (OPT-461)
Warning: Dont_touch on net 'u_ibex_core/cs_registers_i/csr_rdata_o[23]' may be overridden by compile because it
	is connected to generic logic. Use all_connected to see net
	connections. (OPT-461)
Warning: Dont_touch on net 'u_ibex_core/cs_registers_i/csr_rdata_o[24]' may be overridden by compile because it
	is connected to generic logic. Use all_connected to see net
	connections. (OPT-461)
Warning: Dont_touch on net 'u_ibex_core/cs_registers_i/csr_rdata_o[25]' may be overridden by compile because it
	is connected to generic logic. Use all_connected to see net
	connections. (OPT-461)
Warning: Dont_touch on net 'u_ibex_core/cs_registers_i/csr_rdata_o[26]' may be overridden by compile because it
	is connected to generic logic. Use all_connected to see net
	connections. (OPT-461)
Warning: Dont_touch on net 'u_ibex_core/cs_registers_i/csr_rdata_o[27]' may be overridden by compile because it
	is connected to generic logic. Use all_connected to see net
	connections. (OPT-461)
Warning: Dont_touch on net 'u_ibex_core/cs_registers_i/csr_rdata_o[28]' may be overridden by compile because it
	is connected to generic logic. Use all_connected to see net
	connections. (OPT-461)
Warning: Dont_touch on net 'u_ibex_core/cs_registers_i/csr_rdata_o[29]' may be overridden by compile because it
	is connected to generic logic. Use all_connected to see net
	connections. (OPT-461)
Warning: Dont_touch on net 'u_ibex_core/cs_registers_i/csr_rdata_o[30]' may be overridden by compile because it
	is connected to generic logic. Use all_connected to see net
	connections. (OPT-461)
Warning: Dont_touch on net 'u_ibex_core/cs_registers_i/csr_rdata_o[31]' may be overridden by compile because it
	is connected to generic logic. Use all_connected to see net
	connections. (OPT-461)
Warning: Dont_touch on net 'u_ibex_core/cs_registers_i/csr_wdata_i[0]' may be overridden by compile because it
	is connected to generic logic. Use all_connected to see net
	connections. (OPT-461)
Warning: Dont_touch on net 'u_ibex_core/cs_registers_i/csr_wdata_i[1]' may be overridden by compile because it
	is connected to generic logic. Use all_connected to see net
	connections. (OPT-461)
Warning: Dont_touch on net 'u_ibex_core/cs_registers_i/csr_wdata_i[2]' may be overridden by compile because it
	is connected to generic logic. Use all_connected to see net
	connections. (OPT-461)
Warning: Dont_touch on net 'u_ibex_core/cs_registers_i/csr_wdata_i[3]' may be overridden by compile because it
	is connected to generic logic. Use all_connected to see net
	connections. (OPT-461)
Warning: Dont_touch on net 'u_ibex_core/cs_registers_i/csr_wdata_i[4]' may be overridden by compile because it
	is connected to generic logic. Use all_connected to see net
	connections. (OPT-461)
Warning: Dont_touch on net 'u_ibex_core/cs_registers_i/csr_wdata_i[5]' may be overridden by compile because it
	is connected to generic logic. Use all_connected to see net
	connections. (OPT-461)
Warning: Dont_touch on net 'u_ibex_core/cs_registers_i/csr_wdata_i[6]' may be overridden by compile because it
	is connected to generic logic. Use all_connected to see net
	connections. (OPT-461)
Warning: Dont_touch on net 'u_ibex_core/cs_registers_i/csr_wdata_i[7]' may be overridden by compile because it
	is connected to generic logic. Use all_connected to see net
	connections. (OPT-461)
Warning: Dont_touch on net 'u_ibex_core/cs_registers_i/csr_wdata_i[8]' may be overridden by compile because it
	is connected to generic logic. Use all_connected to see net
	connections. (OPT-461)
Warning: Dont_touch on net 'u_ibex_core/cs_registers_i/csr_wdata_i[9]' may be overridden by compile because it
	is connected to generic logic. Use all_connected to see net
	connections. (OPT-461)
Warning: Dont_touch on net 'u_ibex_core/cs_registers_i/csr_wdata_i[10]' may be overridden by compile because it
	is connected to generic logic. Use all_connected to see net
	connections. (OPT-461)
Warning: Dont_touch on net 'u_ibex_core/cs_registers_i/csr_wdata_i[11]' may be overridden by compile because it
	is connected to generic logic. Use all_connected to see net
	connections. (OPT-461)
Warning: Dont_touch on net 'u_ibex_core/cs_registers_i/csr_wdata_i[12]' may be overridden by compile because it
	is connected to generic logic. Use all_connected to see net
	connections. (OPT-461)
Warning: Dont_touch on net 'u_ibex_core/cs_registers_i/csr_wdata_i[13]' may be overridden by compile because it
	is connected to generic logic. Use all_connected to see net
	connections. (OPT-461)
Warning: Dont_touch on net 'u_ibex_core/cs_registers_i/csr_wdata_i[14]' may be overridden by compile because it
	is connected to generic logic. Use all_connected to see net
	connections. (OPT-461)
Warning: Dont_touch on net 'u_ibex_core/cs_registers_i/csr_wdata_i[15]' may be overridden by compile because it
	is connected to generic logic. Use all_connected to see net
	connections. (OPT-461)
Warning: Dont_touch on net 'u_ibex_core/cs_registers_i/csr_wdata_i[16]' may be overridden by compile because it
	is connected to generic logic. Use all_connected to see net
	connections. (OPT-461)
Warning: Dont_touch on net 'u_ibex_core/cs_registers_i/csr_wdata_i[17]' may be overridden by compile because it
	is connected to generic logic. Use all_connected to see net
	connections. (OPT-461)
Warning: Dont_touch on net 'u_ibex_core/cs_registers_i/csr_wdata_i[18]' may be overridden by compile because it
	is connected to generic logic. Use all_connected to see net
	connections. (OPT-461)
Warning: Dont_touch on net 'u_ibex_core/cs_registers_i/csr_wdata_i[19]' may be overridden by compile because it
	is connected to generic logic. Use all_connected to see net
	connections. (OPT-461)
Warning: Dont_touch on net 'u_ibex_core/cs_registers_i/csr_wdata_i[20]' may be overridden by compile because it
	is connected to generic logic. Use all_connected to see net
	connections. (OPT-461)
Warning: Dont_touch on net 'u_ibex_core/cs_registers_i/csr_wdata_i[21]' may be overridden by compile because it
	is connected to generic logic. Use all_connected to see net
	connections. (OPT-461)
Warning: Dont_touch on net 'u_ibex_core/cs_registers_i/csr_wdata_i[22]' may be overridden by compile because it
	is connected to generic logic. Use all_connected to see net
	connections. (OPT-461)
Warning: Dont_touch on net 'u_ibex_core/cs_registers_i/csr_wdata_i[23]' may be overridden by compile because it
	is connected to generic logic. Use all_connected to see net
	connections. (OPT-461)
Warning: Dont_touch on net 'u_ibex_core/cs_registers_i/csr_wdata_i[24]' may be overridden by compile because it
	is connected to generic logic. Use all_connected to see net
	connections. (OPT-461)
Warning: Dont_touch on net 'u_ibex_core/cs_registers_i/csr_wdata_i[25]' may be overridden by compile because it
	is connected to generic logic. Use all_connected to see net
	connections. (OPT-461)
Warning: Dont_touch on net 'u_ibex_core/cs_registers_i/csr_wdata_i[26]' may be overridden by compile because it
	is connected to generic logic. Use all_connected to see net
	connections. (OPT-461)
Warning: Dont_touch on net 'u_ibex_core/cs_registers_i/csr_wdata_i[27]' may be overridden by compile because it
	is connected to generic logic. Use all_connected to see net
	connections. (OPT-461)
Warning: Dont_touch on net 'u_ibex_core/cs_registers_i/csr_wdata_i[28]' may be overridden by compile because it
	is connected to generic logic. Use all_connected to see net
	connections. (OPT-461)
Warning: Dont_touch on net 'u_ibex_core/cs_registers_i/csr_wdata_i[29]' may be overridden by compile because it
	is connected to generic logic. Use all_connected to see net
	connections. (OPT-461)
Warning: Dont_touch on net 'u_ibex_core/cs_registers_i/csr_wdata_i[30]' may be overridden by compile because it
	is connected to generic logic. Use all_connected to see net
	connections. (OPT-461)
Warning: Dont_touch on net 'u_ibex_core/cs_registers_i/csr_wdata_i[31]' may be overridden by compile because it
	is connected to generic logic. Use all_connected to see net
	connections. (OPT-461)
Warning: Dont_touch on net 'u_ibex_core/cs_registers_i/boot_addr_i[8]' may be overridden by compile because it
	is connected to generic logic. Use all_connected to see net
	connections. (OPT-461)
Warning: Dont_touch on net 'u_ibex_core/cs_registers_i/boot_addr_i[9]' may be overridden by compile because it
	is connected to generic logic. Use all_connected to see net
	connections. (OPT-461)
Warning: Dont_touch on net 'u_ibex_core/cs_registers_i/boot_addr_i[10]' may be overridden by compile because it
	is connected to generic logic. Use all_connected to see net
	connections. (OPT-461)
Warning: Dont_touch on net 'u_ibex_core/cs_registers_i/boot_addr_i[11]' may be overridden by compile because it
	is connected to generic logic. Use all_connected to see net
	connections. (OPT-461)
Warning: Dont_touch on net 'u_ibex_core/cs_registers_i/boot_addr_i[12]' may be overridden by compile because it
	is connected to generic logic. Use all_connected to see net
	connections. (OPT-461)
Warning: Dont_touch on net 'u_ibex_core/cs_registers_i/boot_addr_i[13]' may be overridden by compile because it
	is connected to generic logic. Use all_connected to see net
	connections. (OPT-461)
Warning: Dont_touch on net 'u_ibex_core/cs_registers_i/boot_addr_i[14]' may be overridden by compile because it
	is connected to generic logic. Use all_connected to see net
	connections. (OPT-461)
Warning: Dont_touch on net 'u_ibex_core/cs_registers_i/boot_addr_i[15]' may be overridden by compile because it
	is connected to generic logic. Use all_connected to see net
	connections. (OPT-461)
Warning: Dont_touch on net 'u_ibex_core/cs_registers_i/boot_addr_i[16]' may be overridden by compile because it
	is connected to generic logic. Use all_connected to see net
	connections. (OPT-461)
Warning: Dont_touch on net 'u_ibex_core/cs_registers_i/boot_addr_i[17]' may be overridden by compile because it
	is connected to generic logic. Use all_connected to see net
	connections. (OPT-461)
Warning: Dont_touch on net 'u_ibex_core/cs_registers_i/boot_addr_i[18]' may be overridden by compile because it
	is connected to generic logic. Use all_connected to see net
	connections. (OPT-461)
Warning: Dont_touch on net 'u_ibex_core/cs_registers_i/boot_addr_i[19]' may be overridden by compile because it
	is connected to generic logic. Use all_connected to see net
	connections. (OPT-461)
Warning: Dont_touch on net 'u_ibex_core/cs_registers_i/boot_addr_i[20]' may be overridden by compile because it
	is connected to generic logic. Use all_connected to see net
	connections. (OPT-461)
Warning: Dont_touch on net 'u_ibex_core/cs_registers_i/boot_addr_i[21]' may be overridden by compile because it
	is connected to generic logic. Use all_connected to see net
	connections. (OPT-461)
Warning: Dont_touch on net 'u_ibex_core/cs_registers_i/boot_addr_i[22]' may be overridden by compile because it
	is connected to generic logic. Use all_connected to see net
	connections. (OPT-461)
Warning: Dont_touch on net 'u_ibex_core/cs_registers_i/boot_addr_i[23]' may be overridden by compile because it
	is connected to generic logic. Use all_connected to see net
	connections. (OPT-461)
Warning: Dont_touch on net 'u_ibex_core/cs_registers_i/boot_addr_i[24]' may be overridden by compile because it
	is connected to generic logic. Use all_connected to see net
	connections. (OPT-461)
Warning: Dont_touch on net 'u_ibex_core/cs_registers_i/boot_addr_i[25]' may be overridden by compile because it
	is connected to generic logic. Use all_connected to see net
	connections. (OPT-461)
Warning: Dont_touch on net 'u_ibex_core/cs_registers_i/boot_addr_i[26]' may be overridden by compile because it
	is connected to generic logic. Use all_connected to see net
	connections. (OPT-461)
Warning: Dont_touch on net 'u_ibex_core/cs_registers_i/boot_addr_i[27]' may be overridden by compile because it
	is connected to generic logic. Use all_connected to see net
	connections. (OPT-461)
Warning: Dont_touch on net 'u_ibex_core/cs_registers_i/boot_addr_i[28]' may be overridden by compile because it
	is connected to generic logic. Use all_connected to see net
	connections. (OPT-461)
Warning: Dont_touch on net 'u_ibex_core/cs_registers_i/boot_addr_i[29]' may be overridden by compile because it
	is connected to generic logic. Use all_connected to see net
	connections. (OPT-461)
Warning: Dont_touch on net 'u_ibex_core/cs_registers_i/boot_addr_i[30]' may be overridden by compile because it
	is connected to generic logic. Use all_connected to see net
	connections. (OPT-461)
Warning: Dont_touch on net 'u_ibex_core/cs_registers_i/boot_addr_i[31]' may be overridden by compile because it
	is connected to generic logic. Use all_connected to see net
	connections. (OPT-461)
Warning: Dont_touch on net 'u_ibex_core/cs_registers_i/csr_mtvec_init_i' may be overridden by compile because it
	is connected to generic logic. Use all_connected to see net
	connections. (OPT-461)
Warning: Dont_touch on net 'u_ibex_core/cs_registers_i/csr_mtvec_o[0]' may be overridden by compile because it
	is connected to generic logic. Use all_connected to see net
	connections. (OPT-461)
Warning: Dont_touch on net 'u_ibex_core/cs_registers_i/csr_mtvec_o[1]' may be overridden by compile because it
	is connected to generic logic. Use all_connected to see net
	connections. (OPT-461)
Warning: Dont_touch on net 'u_ibex_core/cs_registers_i/csr_mtvec_o[2]' may be overridden by compile because it
	is connected to generic logic. Use all_connected to see net
	connections. (OPT-461)
Warning: Dont_touch on net 'u_ibex_core/cs_registers_i/csr_mtvec_o[3]' may be overridden by compile because it
	is connected to generic logic. Use all_connected to see net
	connections. (OPT-461)
Warning: Dont_touch on net 'u_ibex_core/cs_registers_i/csr_mtvec_o[4]' may be overridden by compile because it
	is connected to generic logic. Use all_connected to see net
	connections. (OPT-461)
Warning: Dont_touch on net 'u_ibex_core/cs_registers_i/csr_mtvec_o[5]' may be overridden by compile because it
	is connected to generic logic. Use all_connected to see net
	connections. (OPT-461)
Warning: Dont_touch on net 'u_ibex_core/cs_registers_i/csr_mtvec_o[6]' may be overridden by compile because it
	is connected to generic logic. Use all_connected to see net
	connections. (OPT-461)
Warning: Dont_touch on net 'u_ibex_core/cs_registers_i/csr_mtvec_o[7]' may be overridden by compile because it
	is connected to generic logic. Use all_connected to see net
	connections. (OPT-461)
Warning: Dont_touch on net 'u_ibex_core/cs_registers_i/csr_mtvec_o[8]' may be overridden by compile because it
	is connected to generic logic. Use all_connected to see net
	connections. (OPT-461)
Warning: Dont_touch on net 'u_ibex_core/cs_registers_i/csr_mtvec_o[9]' may be overridden by compile because it
	is connected to generic logic. Use all_connected to see net
	connections. (OPT-461)
Warning: Dont_touch on net 'u_ibex_core/cs_registers_i/csr_mtvec_o[10]' may be overridden by compile because it
	is connected to generic logic. Use all_connected to see net
	connections. (OPT-461)
Warning: Dont_touch on net 'u_ibex_core/cs_registers_i/csr_mtvec_o[11]' may be overridden by compile because it
	is connected to generic logic. Use all_connected to see net
	connections. (OPT-461)
Warning: Dont_touch on net 'u_ibex_core/cs_registers_i/csr_mtvec_o[12]' may be overridden by compile because it
	is connected to generic logic. Use all_connected to see net
	connections. (OPT-461)
Warning: Dont_touch on net 'u_ibex_core/cs_registers_i/csr_mtvec_o[13]' may be overridden by compile because it
	is connected to generic logic. Use all_connected to see net
	connections. (OPT-461)
Warning: Dont_touch on net 'u_ibex_core/cs_registers_i/csr_mtvec_o[14]' may be overridden by compile because it
	is connected to generic logic. Use all_connected to see net
	connections. (OPT-461)
Warning: Dont_touch on net 'u_ibex_core/cs_registers_i/csr_mtvec_o[15]' may be overridden by compile because it
	is connected to generic logic. Use all_connected to see net
	connections. (OPT-461)
Warning: Dont_touch on net 'u_ibex_core/cs_registers_i/csr_mtvec_o[16]' may be overridden by compile because it
	is connected to generic logic. Use all_connected to see net
	connections. (OPT-461)
Warning: Dont_touch on net 'u_ibex_core/cs_registers_i/csr_mtvec_o[17]' may be overridden by compile because it
	is connected to generic logic. Use all_connected to see net
	connections. (OPT-461)
Warning: Dont_touch on net 'u_ibex_core/cs_registers_i/csr_mtvec_o[18]' may be overridden by compile because it
	is connected to generic logic. Use all_connected to see net
	connections. (OPT-461)
Warning: Dont_touch on net 'u_ibex_core/cs_registers_i/csr_mtvec_o[19]' may be overridden by compile because it
	is connected to generic logic. Use all_connected to see net
	connections. (OPT-461)
Warning: Dont_touch on net 'u_ibex_core/cs_registers_i/csr_mtvec_o[20]' may be overridden by compile because it
	is connected to generic logic. Use all_connected to see net
	connections. (OPT-461)
Warning: Dont_touch on net 'u_ibex_core/cs_registers_i/csr_mtvec_o[21]' may be overridden by compile because it
	is connected to generic logic. Use all_connected to see net
	connections. (OPT-461)
Warning: Dont_touch on net 'u_ibex_core/cs_registers_i/csr_mtvec_o[22]' may be overridden by compile because it
	is connected to generic logic. Use all_connected to see net
	connections. (OPT-461)
Warning: Dont_touch on net 'u_ibex_core/cs_registers_i/csr_mtvec_o[23]' may be overridden by compile because it
	is connected to generic logic. Use all_connected to see net
	connections. (OPT-461)
Warning: Dont_touch on net 'u_ibex_core/cs_registers_i/csr_mtvec_o[24]' may be overridden by compile because it
	is connected to generic logic. Use all_connected to see net
	connections. (OPT-461)
Warning: Dont_touch on net 'u_ibex_core/cs_registers_i/csr_mtvec_o[25]' may be overridden by compile because it
	is connected to generic logic. Use all_connected to see net
	connections. (OPT-461)
Warning: Dont_touch on net 'u_ibex_core/cs_registers_i/csr_mtvec_o[26]' may be overridden by compile because it
	is connected to generic logic. Use all_connected to see net
	connections. (OPT-461)
Warning: Dont_touch on net 'u_ibex_core/cs_registers_i/csr_mtvec_o[27]' may be overridden by compile because it
	is connected to generic logic. Use all_connected to see net
	connections. (OPT-461)
Warning: Dont_touch on net 'u_ibex_core/cs_registers_i/csr_mtvec_o[28]' may be overridden by compile because it
	is connected to generic logic. Use all_connected to see net
	connections. (OPT-461)
Warning: Dont_touch on net 'u_ibex_core/cs_registers_i/csr_mtvec_o[29]' may be overridden by compile because it
	is connected to generic logic. Use all_connected to see net
	connections. (OPT-461)
Warning: Dont_touch on net 'u_ibex_core/cs_registers_i/csr_mtvec_o[30]' may be overridden by compile because it
	is connected to generic logic. Use all_connected to see net
	connections. (OPT-461)
Warning: Dont_touch on net 'u_ibex_core/cs_registers_i/csr_mtvec_o[31]' may be overridden by compile because it
	is connected to generic logic. Use all_connected to see net
	connections. (OPT-461)
Warning: Dont_touch on net 'u_ibex_core/cs_registers_i/csr_mstatus_tw_o' may be overridden by compile because it
	is connected to generic logic. Use all_connected to see net
	connections. (OPT-461)
Warning: Dont_touch on net 'u_ibex_core/cs_registers_i/priv_mode_lsu_o[0]' may be overridden by compile because it
	is connected to generic logic. Use all_connected to see net
	connections. (OPT-461)
Warning: Dont_touch on net 'u_ibex_core/cs_registers_i/priv_mode_lsu_o[1]' may be overridden by compile because it
	is connected to generic logic. Use all_connected to see net
	connections. (OPT-461)
Warning: Dont_touch on net 'u_ibex_core/cs_registers_i/priv_mode_id_o[0]' may be overridden by compile because it
	is connected to generic logic. Use all_connected to see net
	connections. (OPT-461)
Warning: Dont_touch on net 'u_ibex_core/cs_registers_i/priv_mode_id_o[1]' may be overridden by compile because it
	is connected to generic logic. Use all_connected to see net
	connections. (OPT-461)
Warning: Dont_touch on net 'u_ibex_core/cs_registers_i/hart_id_i[0]' may be overridden by compile because it
	is connected to generic logic. Use all_connected to see net
	connections. (OPT-461)
Warning: Dont_touch on net 'u_ibex_core/cs_registers_i/hart_id_i[1]' may be overridden by compile because it
	is connected to generic logic. Use all_connected to see net
	connections. (OPT-461)
Warning: Dont_touch on net 'u_ibex_core/cs_registers_i/hart_id_i[2]' may be overridden by compile because it
	is connected to generic logic. Use all_connected to see net
	connections. (OPT-461)
Warning: Dont_touch on net 'u_ibex_core/cs_registers_i/hart_id_i[3]' may be overridden by compile because it
	is connected to generic logic. Use all_connected to see net
	connections. (OPT-461)
Warning: Dont_touch on net 'u_ibex_core/cs_registers_i/hart_id_i[4]' may be overridden by compile because it
	is connected to generic logic. Use all_connected to see net
	connections. (OPT-461)
Warning: Dont_touch on net 'u_ibex_core/cs_registers_i/hart_id_i[5]' may be overridden by compile because it
	is connected to generic logic. Use all_connected to see net
	connections. (OPT-461)
Warning: Dont_touch on net 'u_ibex_core/cs_registers_i/hart_id_i[6]' may be overridden by compile because it
	is connected to generic logic. Use all_connected to see net
	connections. (OPT-461)
Warning: Dont_touch on net 'u_ibex_core/cs_registers_i/hart_id_i[7]' may be overridden by compile because it
	is connected to generic logic. Use all_connected to see net
	connections. (OPT-461)
Warning: Dont_touch on net 'u_ibex_core/cs_registers_i/hart_id_i[8]' may be overridden by compile because it
	is connected to generic logic. Use all_connected to see net
	connections. (OPT-461)
Warning: Dont_touch on net 'u_ibex_core/cs_registers_i/hart_id_i[9]' may be overridden by compile because it
	is connected to generic logic. Use all_connected to see net
	connections. (OPT-461)
Warning: Dont_touch on net 'u_ibex_core/cs_registers_i/hart_id_i[10]' may be overridden by compile because it
	is connected to generic logic. Use all_connected to see net
	connections. (OPT-461)
Warning: Dont_touch on net 'u_ibex_core/cs_registers_i/hart_id_i[11]' may be overridden by compile because it
	is connected to generic logic. Use all_connected to see net
	connections. (OPT-461)
Warning: Dont_touch on net 'u_ibex_core/cs_registers_i/hart_id_i[12]' may be overridden by compile because it
	is connected to generic logic. Use all_connected to see net
	connections. (OPT-461)
Warning: Dont_touch on net 'u_ibex_core/cs_registers_i/hart_id_i[13]' may be overridden by compile because it
	is connected to generic logic. Use all_connected to see net
	connections. (OPT-461)
Warning: Dont_touch on net 'u_ibex_core/cs_registers_i/hart_id_i[14]' may be overridden by compile because it
	is connected to generic logic. Use all_connected to see net
	connections. (OPT-461)
Warning: Dont_touch on net 'u_ibex_core/cs_registers_i/hart_id_i[15]' may be overridden by compile because it
	is connected to generic logic. Use all_connected to see net
	connections. (OPT-461)
Warning: Dont_touch on net 'u_ibex_core/cs_registers_i/hart_id_i[16]' may be overridden by compile because it
	is connected to generic logic. Use all_connected to see net
	connections. (OPT-461)
Warning: Dont_touch on net 'u_ibex_core/cs_registers_i/hart_id_i[17]' may be overridden by compile because it
	is connected to generic logic. Use all_connected to see net
	connections. (OPT-461)
Warning: Dont_touch on net 'u_ibex_core/cs_registers_i/hart_id_i[18]' may be overridden by compile because it
	is connected to generic logic. Use all_connected to see net
	connections. (OPT-461)
Warning: Dont_touch on net 'u_ibex_core/cs_registers_i/hart_id_i[19]' may be overridden by compile because it
	is connected to generic logic. Use all_connected to see net
	connections. (OPT-461)
Warning: Dont_touch on net 'u_ibex_core/cs_registers_i/hart_id_i[20]' may be overridden by compile because it
	is connected to generic logic. Use all_connected to see net
	connections. (OPT-461)
Warning: Dont_touch on net 'u_ibex_core/cs_registers_i/hart_id_i[21]' may be overridden by compile because it
	is connected to generic logic. Use all_connected to see net
	connections. (OPT-461)
Warning: Dont_touch on net 'u_ibex_core/cs_registers_i/hart_id_i[22]' may be overridden by compile because it
	is connected to generic logic. Use all_connected to see net
	connections. (OPT-461)
Warning: Dont_touch on net 'u_ibex_core/cs_registers_i/hart_id_i[23]' may be overridden by compile because it
	is connected to generic logic. Use all_connected to see net
	connections. (OPT-461)
Warning: Dont_touch on net 'u_ibex_core/cs_registers_i/hart_id_i[24]' may be overridden by compile because it
	is connected to generic logic. Use all_connected to see net
	connections. (OPT-461)
Warning: Dont_touch on net 'u_ibex_core/cs_registers_i/hart_id_i[25]' may be overridden by compile because it
	is connected to generic logic. Use all_connected to see net
	connections. (OPT-461)
Warning: Dont_touch on net 'u_ibex_core/cs_registers_i/hart_id_i[26]' may be overridden by compile because it
	is connected to generic logic. Use all_connected to see net
	connections. (OPT-461)
Warning: Dont_touch on net 'u_ibex_core/cs_registers_i/hart_id_i[27]' may be overridden by compile because it
	is connected to generic logic. Use all_connected to see net
	connections. (OPT-461)
Warning: Dont_touch on net 'u_ibex_core/cs_registers_i/hart_id_i[28]' may be overridden by compile because it
	is connected to generic logic. Use all_connected to see net
	connections. (OPT-461)
Warning: Dont_touch on net 'u_ibex_core/cs_registers_i/hart_id_i[29]' may be overridden by compile because it
	is connected to generic logic. Use all_connected to see net
	connections. (OPT-461)
Warning: Dont_touch on net 'u_ibex_core/cs_registers_i/hart_id_i[30]' may be overridden by compile because it
	is connected to generic logic. Use all_connected to see net
	connections. (OPT-461)
Warning: Dont_touch on net 'u_ibex_core/cs_registers_i/hart_id_i[31]' may be overridden by compile because it
	is connected to generic logic. Use all_connected to see net
	connections. (OPT-461)
Warning: Dont_touch on net 'u_ibex_core/cs_registers_i/clk_i' may be overridden by compile because it
	is connected to generic logic. Use all_connected to see net
	connections. (OPT-461)
Warning: Dont_touch on net 'u_ibex_core/cs_registers_i/*Logic0*' may be overridden by compile because it
	is connected to generic logic. Use all_connected to see net
	connections. (OPT-461)
Warning: Dont_touch on net 'u_ibex_core/cs_registers_i/*Logic1*' may be overridden by compile because it
	is connected to generic logic. Use all_connected to see net
	connections. (OPT-461)
Warning: No single bit degenerate for multibit library cell 'SAEDHVT14_FSDN4_V2_4'. (OPT-914)
Warning: No single bit degenerate for multibit library cell 'SAEDHVT14_FSDN4_V2_2'. (OPT-914)
Warning: No single bit degenerate for multibit library cell 'SAEDHVT14_FSDN4_V2_1'. (OPT-914)
Warning: No single bit degenerate for multibit library cell 'SAEDHVT14_FSDN4_V2_0P5'. (OPT-914)
Warning: No single bit degenerate for multibit library cell 'SAEDHVT14_FSDN2_V2_4'. (OPT-914)
Warning: No single bit degenerate for multibit library cell 'SAEDHVT14_FSDN2_V2_2'. (OPT-914)
Warning: No single bit degenerate for multibit library cell 'SAEDHVT14_FSDN2_V2_1'. (OPT-914)
Warning: No single bit degenerate for multibit library cell 'SAEDHVT14_FSDN2_V2_0P5'. (OPT-914)
  Pre-DFT DRC enabled

Information: Starting test design rule checking. (TEST-222)
  Loading test protocol
  ...checking vector rules...
  ...checking pre-dft rules...

-----------------------------------------------------------------
Begin Pre-DFT violations...

 Warning: Clock input CK of DFF u_ibex_core/if_stage_i/pc_id_o_reg[31] not active when clocks are set on. (D9-1)
 Warning: Clock input CK of DFF u_ibex_core/if_stage_i/pc_id_o_reg[30] not active when clocks are set on. (D9-2)
 Warning: Clock input CK of DFF u_ibex_core/wb_stage_i/g_writeback_stage.wb_pc_q_reg[1] not active when clocks are set on. (D9-3)
 Warning: Clock input CK of DFF u_ibex_core/if_stage_i/gen_prefetch_buffer.prefetch_buffer_i/fifo_i/rdata_q_reg[1][24] not active when clocks are set on. (D9-4)
 Warning: Clock input CK of DFF u_ibex_core/if_stage_i/gen_prefetch_buffer.prefetch_buffer_i/fifo_i/rdata_q_reg[1][20] not active when clocks are set on. (D9-5)
 Warning: Clock input CK of DFF u_ibex_core/if_stage_i/gen_prefetch_buffer.prefetch_buffer_i/fifo_i/rdata_q_reg[1][17] not active when clocks are set on. (D9-6)
 Warning: Clock input CK of DFF u_ibex_core/if_stage_i/gen_prefetch_buffer.prefetch_buffer_i/fifo_i/rdata_q_reg[1][15] not active when clocks are set on. (D9-7)
 Warning: Clock input CK of DFF u_ibex_core/if_stage_i/gen_prefetch_buffer.prefetch_buffer_i/fifo_i/rdata_q_reg[1][14] not active when clocks are set on. (D9-8)
 Warning: Clock input CK of DFF u_ibex_core/if_stage_i/gen_prefetch_buffer.prefetch_buffer_i/fifo_i/rdata_q_reg[1][1] not active when clocks are set on. (D9-9)
 Warning: Clock input CK of DFF u_ibex_core/if_stage_i/gen_prefetch_buffer.prefetch_buffer_i/fifo_i/err_q_reg[0] not active when clocks are set on. (D9-10)
 Warning: Clock input CK of DFF u_ibex_core/if_stage_i/gen_prefetch_buffer.prefetch_buffer_i/fifo_i/rdata_q_reg[0][1] not active when clocks are set on. (D9-11)
 Warning: Clock input CK of DFF u_ibex_core/if_stage_i/gen_prefetch_buffer.prefetch_buffer_i/fifo_i/rdata_q_reg[0][2] not active when clocks are set on. (D9-12)
 Warning: Clock input CK of DFF u_ibex_core/if_stage_i/gen_prefetch_buffer.prefetch_buffer_i/fifo_i/rdata_q_reg[0][3] not active when clocks are set on. (D9-13)
 Warning: Clock input CK of DFF u_ibex_core/if_stage_i/gen_prefetch_buffer.prefetch_buffer_i/fifo_i/rdata_q_reg[0][4] not active when clocks are set on. (D9-14)
 Warning: Clock input CK of DFF u_ibex_core/if_stage_i/gen_prefetch_buffer.prefetch_buffer_i/fifo_i/rdata_q_reg[0][5] not active when clocks are set on. (D9-15)
 Warning: Clock input CK of DFF u_ibex_core/if_stage_i/gen_prefetch_buffer.prefetch_buffer_i/fifo_i/rdata_q_reg[0][6] not active when clocks are set on. (D9-16)
 Warning: Clock input CK of DFF u_ibex_core/if_stage_i/gen_prefetch_buffer.prefetch_buffer_i/fifo_i/rdata_q_reg[0][7] not active when clocks are set on. (D9-17)
 Warning: Clock input CK of DFF u_ibex_core/if_stage_i/gen_prefetch_buffer.prefetch_buffer_i/fifo_i/rdata_q_reg[0][8] not active when clocks are set on. (D9-18)
 Warning: Clock input CK of DFF u_ibex_core/if_stage_i/gen_prefetch_buffer.prefetch_buffer_i/fifo_i/rdata_q_reg[0][9] not active when clocks are set on. (D9-19)
 Warning: Clock input CK of DFF u_ibex_core/if_stage_i/gen_prefetch_buffer.prefetch_buffer_i/fifo_i/rdata_q_reg[0][10] not active when clocks are set on. (D9-20)
 Warning: Clock input CK of DFF u_ibex_core/if_stage_i/gen_prefetch_buffer.prefetch_buffer_i/fifo_i/rdata_q_reg[0][11] not active when clocks are set on. (D9-21)
 Warning: Clock input CK of DFF u_ibex_core/if_stage_i/gen_prefetch_buffer.prefetch_buffer_i/fifo_i/rdata_q_reg[0][12] not active when clocks are set on. (D9-22)
 Warning: Clock input CK of DFF u_ibex_core/if_stage_i/gen_prefetch_buffer.prefetch_buffer_i/fifo_i/rdata_q_reg[0][13] not active when clocks are set on. (D9-23)
 Warning: Clock input CK of DFF u_ibex_core/if_stage_i/gen_prefetch_buffer.prefetch_buffer_i/fifo_i/rdata_q_reg[0][14] not active when clocks are set on. (D9-24)
 Warning: Clock input CK of DFF u_ibex_core/if_stage_i/gen_prefetch_buffer.prefetch_buffer_i/fifo_i/rdata_q_reg[0][15] not active when clocks are set on. (D9-25)
 Warning: Clock input CK of DFF u_ibex_core/if_stage_i/instr_fetch_err_o_reg not active when clocks are set on. (D9-26)
 Warning: Clock input CK of DFF u_ibex_core/if_stage_i/instr_is_compressed_id_o_reg not active when clocks are set on. (D9-27)
 Warning: Clock input CK of DFF u_ibex_core/if_stage_i/instr_fetch_err_plus2_o_reg not active when clocks are set on. (D9-28)
 Warning: Clock input CK of DFF u_ibex_core/if_stage_i/instr_rdata_c_id_o_reg[8] not active when clocks are set on. (D9-29)
 Warning: Clock input CK of DFF u_ibex_core/if_stage_i/instr_rdata_c_id_o_reg[11] not active when clocks are set on. (D9-30)
 Warning: Clock input CK of DFF u_ibex_core/if_stage_i/instr_rdata_c_id_o_reg[10] not active when clocks are set on. (D9-31)
 Warning: Clock input CK of DFF u_ibex_core/if_stage_i/instr_rdata_c_id_o_reg[7] not active when clocks are set on. (D9-32)
 Warning: Clock input CK of DFF u_ibex_core/if_stage_i/instr_rdata_c_id_o_reg[2] not active when clocks are set on. (D9-33)
 Warning: Clock input CK of DFF u_ibex_core/if_stage_i/instr_rdata_c_id_o_reg[12] not active when clocks are set on. (D9-34)
 Warning: Clock input CK of DFF u_ibex_core/if_stage_i/instr_rdata_c_id_o_reg[14] not active when clocks are set on. (D9-35)
 Warning: Clock input CK of DFF u_ibex_core/if_stage_i/instr_rdata_id_o_reg[3] not active when clocks are set on. (D9-36)
 Warning: Clock input CK of DFF u_ibex_core/if_stage_i/instr_rdata_alu_id_o_reg[31] not active when clocks are set on. (D9-37)
 Warning: Clock input CK of DFF u_ibex_core/if_stage_i/instr_rdata_id_o_reg[31] not active when clocks are set on. (D9-38)
 Warning: Clock input CK of DFF u_ibex_core/if_stage_i/instr_rdata_alu_id_o_reg[30] not active when clocks are set on. (D9-39)
 Warning: Clock input CK of DFF u_ibex_core/if_stage_i/instr_rdata_id_o_reg[30] not active when clocks are set on. (D9-40)
 Warning: Clock input CK of DFF u_ibex_core/if_stage_i/instr_rdata_alu_id_o_reg[29] not active when clocks are set on. (D9-41)
 Warning: Clock input CK of DFF u_ibex_core/if_stage_i/instr_rdata_alu_id_o_reg[1] not active when clocks are set on. (D9-42)
 Warning: Clock input CK of DFF u_ibex_core/if_stage_i/instr_rdata_alu_id_o_reg[0] not active when clocks are set on. (D9-43)
 Warning: Clock input CK of DFF u_ibex_core/if_stage_i/instr_rdata_c_id_o_reg[9] not active when clocks are set on. (D9-44)
 Warning: Clock input CK of DFF u_ibex_core/if_stage_i/instr_rdata_id_o_reg[10] not active when clocks are set on. (D9-45)
 Warning: Clock input CK of DFF u_ibex_core/if_stage_i/instr_rdata_id_o_reg[11] not active when clocks are set on. (D9-46)
 Warning: Clock input CK of DFF u_ibex_core/if_stage_i/instr_rdata_id_o_reg[9] not active when clocks are set on. (D9-47)
 Warning: Clock input CK of DFF u_ibex_core/if_stage_i/instr_rdata_id_o_reg[14] not active when clocks are set on. (D9-48)
 Warning: Clock input CK of DFF u_ibex_core/if_stage_i/instr_rdata_id_o_reg[13] not active when clocks are set on. (D9-49)
 Warning: Clock input CK of DFF u_ibex_core/if_stage_i/instr_rdata_alu_id_o_reg[13] not active when clocks are set on. (D9-50)
 Warning: Clock input CK of DFF u_ibex_core/if_stage_i/instr_rdata_alu_id_o_reg[12] not active when clocks are set on. (D9-51)
 Warning: Clock input CK of DFF u_ibex_core/if_stage_i/instr_rdata_id_o_reg[5] not active when clocks are set on. (D9-52)
 Warning: Clock input CK of DFF u_ibex_core/if_stage_i/instr_rdata_alu_id_o_reg[5] not active when clocks are set on. (D9-53)
 Warning: Clock input CK of DFF u_ibex_core/if_stage_i/instr_rdata_id_o_reg[8] not active when clocks are set on. (D9-54)
 Warning: Clock input CK of DFF u_ibex_core/wb_stage_i/g_writeback_stage.rf_waddr_wb_q_reg[1] not active when clocks are set on. (D9-55)
 Warning: Clock input CK of DFF u_ibex_core/if_stage_i/instr_rdata_alu_id_o_reg[28] not active when clocks are set on. (D9-56)
 Warning: Clock input CK of DFF u_ibex_core/if_stage_i/instr_rdata_id_o_reg[28] not active when clocks are set on. (D9-57)
 Warning: Clock input CK of DFF u_ibex_core/if_stage_i/instr_rdata_id_o_reg[26] not active when clocks are set on. (D9-58)
 Warning: Clock input CK of DFF u_ibex_core/if_stage_i/instr_rdata_id_o_reg[25] not active when clocks are set on. (D9-59)
 Warning: Clock input CK of DFF u_ibex_core/if_stage_i/illegal_c_insn_id_o_reg not active when clocks are set on. (D9-60)
 Warning: Clock input CK of DFF u_ibex_core/if_stage_i/instr_rdata_id_o_reg[4] not active when clocks are set on. (D9-61)
 Warning: Clock input CK of DFF u_ibex_core/if_stage_i/instr_rdata_alu_id_o_reg[4] not active when clocks are set on. (D9-62)
 Warning: Clock input CK of DFF u_ibex_core/if_stage_i/instr_rdata_id_o_reg[7] not active when clocks are set on. (D9-63)
 Warning: Clock input CK of DFF u_ibex_core/if_stage_i/instr_rdata_id_o_reg[6] not active when clocks are set on. (D9-64)
 Warning: Clock input CK of DFF u_ibex_core/if_stage_i/instr_rdata_alu_id_o_reg[6] not active when clocks are set on. (D9-65)
 Warning: Clock input CK of DFF u_ibex_core/if_stage_i/instr_rdata_id_o_reg[2] not active when clocks are set on. (D9-66)
 Warning: Clock input CK of DFF u_ibex_core/if_stage_i/instr_rdata_id_o_reg[16] not active when clocks are set on. (D9-67)
 Warning: Clock input CK of DFF u_ibex_core/if_stage_i/instr_rdata_id_o_reg[15] not active when clocks are set on. (D9-68)
 Warning: Clock input CK of DFF u_ibex_core/wb_stage_i/g_writeback_stage.wb_instr_type_q_reg[1] not active when clocks are set on. (D9-69)
 Warning: Clock input CK of DFF u_ibex_core/if_stage_i/pc_id_o_reg[7] not active when clocks are set on. (D9-70)
 Warning: Clock input CK of DFF u_ibex_core/wb_stage_i/g_writeback_stage.wb_pc_q_reg[7] not active when clocks are set on. (D9-71)
 Warning: Clock input CK of DFF u_ibex_core/if_stage_i/pc_id_o_reg[3] not active when clocks are set on. (D9-72)
 Warning: Clock input CK of DFF u_ibex_core/wb_stage_i/g_writeback_stage.wb_pc_q_reg[3] not active when clocks are set on. (D9-73)
 Warning: Clock input CK of DFF u_ibex_core/if_stage_i/pc_id_o_reg[11] not active when clocks are set on. (D9-74)
 Warning: Clock input CK of DFF u_ibex_core/wb_stage_i/g_writeback_stage.wb_pc_q_reg[11] not active when clocks are set on. (D9-75)
 Warning: Clock input CK of DFF u_ibex_core/if_stage_i/pc_id_o_reg[16] not active when clocks are set on. (D9-76)
 Warning: Clock input CK of DFF u_ibex_core/wb_stage_i/g_writeback_stage.wb_pc_q_reg[16] not active when clocks are set on. (D9-77)
 Warning: Clock input CK of DFF u_ibex_core/if_stage_i/pc_id_o_reg[20] not active when clocks are set on. (D9-78)
 Warning: Clock input CK of DFF u_ibex_core/wb_stage_i/g_writeback_stage.wb_pc_q_reg[20] not active when clocks are set on. (D9-79)
 Warning: Clock input CK of DFF u_ibex_core/if_stage_i/pc_id_o_reg[25] not active when clocks are set on. (D9-80)
 Warning: Clock input CK of DFF u_ibex_core/if_stage_i/pc_id_o_reg[27] not active when clocks are set on. (D9-81)
 Warning: Clock input CK of DFF u_ibex_core/if_stage_i/pc_id_o_reg[28] not active when clocks are set on. (D9-82)
 Warning: Clock input CK of DFF u_ibex_core/if_stage_i/pc_id_o_reg[2] not active when clocks are set on. (D9-83)
 Warning: Clock input CK of DFF u_ibex_core/wb_stage_i/g_writeback_stage.wb_pc_q_reg[2] not active when clocks are set on. (D9-84)
 Warning: Clock input CK of DFF u_ibex_core/if_stage_i/pc_id_o_reg[4] not active when clocks are set on. (D9-85)
 Warning: Clock input CK of DFF u_ibex_core/wb_stage_i/g_writeback_stage.wb_pc_q_reg[4] not active when clocks are set on. (D9-86)
 Warning: Clock input CK of DFF u_ibex_core/if_stage_i/pc_id_o_reg[5] not active when clocks are set on. (D9-87)
 Warning: Clock input CK of DFF u_ibex_core/wb_stage_i/g_writeback_stage.wb_pc_q_reg[5] not active when clocks are set on. (D9-88)
 Warning: Clock input CK of DFF u_ibex_core/if_stage_i/pc_id_o_reg[6] not active when clocks are set on. (D9-89)
 Warning: Clock input CK of DFF u_ibex_core/wb_stage_i/g_writeback_stage.wb_pc_q_reg[6] not active when clocks are set on. (D9-90)
 Warning: Clock input CK of DFF u_ibex_core/if_stage_i/pc_id_o_reg[8] not active when clocks are set on. (D9-91)
 Warning: Clock input CK of DFF u_ibex_core/wb_stage_i/g_writeback_stage.wb_pc_q_reg[8] not active when clocks are set on. (D9-92)
 Warning: Clock input CK of DFF u_ibex_core/if_stage_i/pc_id_o_reg[9] not active when clocks are set on. (D9-93)
 Warning: Clock input CK of DFF u_ibex_core/wb_stage_i/g_writeback_stage.wb_pc_q_reg[9] not active when clocks are set on. (D9-94)
 Warning: Clock input CK of DFF u_ibex_core/if_stage_i/pc_id_o_reg[10] not active when clocks are set on. (D9-95)
 Warning: Clock input CK of DFF u_ibex_core/wb_stage_i/g_writeback_stage.wb_pc_q_reg[10] not active when clocks are set on. (D9-96)
 Warning: Clock input CK of DFF u_ibex_core/if_stage_i/pc_id_o_reg[12] not active when clocks are set on. (D9-97)
 Warning: Clock input CK of DFF u_ibex_core/wb_stage_i/g_writeback_stage.wb_pc_q_reg[12] not active when clocks are set on. (D9-98)
 Warning: Clock input CK of DFF u_ibex_core/if_stage_i/pc_id_o_reg[13] not active when clocks are set on. (D9-99)
 Warning: Clock input CK of DFF u_ibex_core/wb_stage_i/g_writeback_stage.wb_pc_q_reg[13] not active when clocks are set on. (D9-100)
 Warning: Clock input CK of DFF u_ibex_core/if_stage_i/pc_id_o_reg[14] not active when clocks are set on. (D9-101)
 Warning: Clock input CK of DFF u_ibex_core/wb_stage_i/g_writeback_stage.wb_pc_q_reg[14] not active when clocks are set on. (D9-102)
 Warning: Clock input CK of DFF u_ibex_core/if_stage_i/pc_id_o_reg[15] not active when clocks are set on. (D9-103)
 Warning: Clock input CK of DFF u_ibex_core/wb_stage_i/g_writeback_stage.wb_pc_q_reg[15] not active when clocks are set on. (D9-104)
 Warning: Clock input CK of DFF u_ibex_core/if_stage_i/pc_id_o_reg[17] not active when clocks are set on. (D9-105)
 Warning: Clock input CK of DFF u_ibex_core/wb_stage_i/g_writeback_stage.wb_pc_q_reg[17] not active when clocks are set on. (D9-106)
 Warning: Clock input CK of DFF u_ibex_core/if_stage_i/pc_id_o_reg[18] not active when clocks are set on. (D9-107)
 Warning: Clock input CK of DFF u_ibex_core/wb_stage_i/g_writeback_stage.wb_pc_q_reg[18] not active when clocks are set on. (D9-108)
 Warning: Clock input CK of DFF u_ibex_core/if_stage_i/pc_id_o_reg[19] not active when clocks are set on. (D9-109)
 Warning: Clock input CK of DFF u_ibex_core/wb_stage_i/g_writeback_stage.wb_pc_q_reg[19] not active when clocks are set on. (D9-110)
 Warning: Clock input CK of DFF u_ibex_core/if_stage_i/pc_id_o_reg[21] not active when clocks are set on. (D9-111)
 Warning: Clock input CK of DFF u_ibex_core/wb_stage_i/g_writeback_stage.wb_pc_q_reg[21] not active when clocks are set on. (D9-112)
 Warning: Clock input CK of DFF u_ibex_core/if_stage_i/pc_id_o_reg[22] not active when clocks are set on. (D9-113)
 Warning: Clock input CK of DFF u_ibex_core/wb_stage_i/g_writeback_stage.wb_pc_q_reg[22] not active when clocks are set on. (D9-114)
 Warning: Clock input CK of DFF u_ibex_core/if_stage_i/pc_id_o_reg[23] not active when clocks are set on. (D9-115)
 Warning: Clock input CK of DFF u_ibex_core/wb_stage_i/g_writeback_stage.wb_pc_q_reg[23] not active when clocks are set on. (D9-116)
 Warning: Clock input CK of DFF u_ibex_core/if_stage_i/pc_id_o_reg[24] not active when clocks are set on. (D9-117)
 Warning: Clock input CK of DFF u_ibex_core/if_stage_i/pc_id_o_reg[26] not active when clocks are set on. (D9-118)
 Warning: Clock input CK of DFF u_ibex_core/if_stage_i/pc_id_o_reg[29] not active when clocks are set on. (D9-119)
 Warning: Clock input CK of DFF u_ibex_core/wb_stage_i/g_writeback_stage.rf_wdata_wb_q_reg[21] not active when clocks are set on. (D9-120)
 Warning: Clock input CK of DFF u_ibex_core/wb_stage_i/g_writeback_stage.rf_wdata_wb_q_reg[23] not active when clocks are set on. (D9-121)
 Warning: Clock input CK of DFF u_ibex_core/wb_stage_i/g_writeback_stage.rf_wdata_wb_q_reg[20] not active when clocks are set on. (D9-122)
 Warning: Clock input CK of DFF u_ibex_core/wb_stage_i/g_writeback_stage.rf_wdata_wb_q_reg[1] not active when clocks are set on. (D9-123)
 Warning: Clock input CK of DFF u_ibex_core/wb_stage_i/g_writeback_stage.rf_wdata_wb_q_reg[2] not active when clocks are set on. (D9-124)
 Warning: Clock input CK of DFF u_ibex_core/wb_stage_i/g_writeback_stage.rf_wdata_wb_q_reg[3] not active when clocks are set on. (D9-125)
 Warning: Clock input CK of DFF u_ibex_core/wb_stage_i/g_writeback_stage.rf_wdata_wb_q_reg[22] not active when clocks are set on. (D9-126)
 Warning: Clock input CK of DFF u_ibex_core/if_stage_i/gen_prefetch_buffer.prefetch_buffer_i/branch_discard_q_reg[0] not active when clocks are set on. (D9-127)
 Warning: Clock input CK of DFF u_ibex_core/id_stage_i/controller_i/illegal_insn_q_reg not active when clocks are set on. (D9-128)
 Warning: Clock input CK of DFF u_ibex_core/if_stage_i/instr_valid_id_q_reg not active when clocks are set on. (D9-129)
 Warning: Clock input CK of DFF u_ibex_core/id_stage_i/controller_i/exc_req_q_reg not active when clocks are set on. (D9-130)
 Warning: Clock input CK of DFF u_ibex_core/load_store_unit_i/rdata_q_reg[13] not active when clocks are set on. (D9-131)
 Warning: Clock input CK of DFF u_ibex_core/id_stage_i/controller_i/load_err_q_reg not active when clocks are set on. (D9-132)
 Warning: Clock input CK of DFF u_ibex_core/id_stage_i/controller_i/store_err_q_reg not active when clocks are set on. (D9-133)
 Warning: Clock input CK of DFF u_ibex_core/load_store_unit_i/addr_last_q_reg[0] not active when clocks are set on. (D9-134)
 Warning: Clock input CK of DFF u_ibex_core/load_store_unit_i/addr_last_q_reg[1] not active when clocks are set on. (D9-135)
 Warning: Clock input CK of DFF u_ibex_core/id_stage_i/controller_i/debug_cause_q_reg[1] not active when clocks are set on. (D9-136)
 Warning: Clock input CK of DFF u_ibex_core/id_stage_i/controller_i/debug_cause_q_reg[0] not active when clocks are set on. (D9-137)
 Warning: Clock input CK of DFF u_ibex_core/id_stage_i/controller_i/debug_cause_q_reg[2] not active when clocks are set on. (D9-138)
 Warning: Clock input CK of DFF u_ibex_core/id_stage_i/imd_val_q_reg[1][0] not active when clocks are set on. (D9-139)
 Warning: Clock input CK of DFF u_ibex_core/id_stage_i/imd_val_q_reg[1][1] not active when clocks are set on. (D9-140)
 Warning: Clock input CK of DFF u_ibex_core/id_stage_i/imd_val_q_reg[1][2] not active when clocks are set on. (D9-141)
 Warning: Clock input CK of DFF u_ibex_core/id_stage_i/imd_val_q_reg[1][3] not active when clocks are set on. (D9-142)
 Warning: Clock input CK of DFF u_ibex_core/id_stage_i/imd_val_q_reg[1][6] not active when clocks are set on. (D9-143)
 Warning: Clock input CK of DFF u_ibex_core/id_stage_i/imd_val_q_reg[1][7] not active when clocks are set on. (D9-144)
 Warning: Clock input CK of DFF u_ibex_core/id_stage_i/imd_val_q_reg[1][8] not active when clocks are set on. (D9-145)
 Warning: Clock input CK of DFF u_ibex_core/id_stage_i/imd_val_q_reg[1][9] not active when clocks are set on. (D9-146)
 Warning: Clock input CK of DFF u_ibex_core/id_stage_i/imd_val_q_reg[1][10] not active when clocks are set on. (D9-147)
 Warning: Clock input CK of DFF u_ibex_core/id_stage_i/imd_val_q_reg[1][11] not active when clocks are set on. (D9-148)
 Warning: Clock input CK of DFF u_ibex_core/id_stage_i/imd_val_q_reg[1][12] not active when clocks are set on. (D9-149)
 Warning: Clock input CK of DFF u_ibex_core/id_stage_i/imd_val_q_reg[1][13] not active when clocks are set on. (D9-150)
 Warning: Clock input CK of DFF u_ibex_core/id_stage_i/imd_val_q_reg[1][15] not active when clocks are set on. (D9-151)
 Warning: Clock input CK of DFF u_ibex_core/id_stage_i/imd_val_q_reg[1][16] not active when clocks are set on. (D9-152)
 Warning: Clock input CK of DFF u_ibex_core/id_stage_i/imd_val_q_reg[1][17] not active when clocks are set on. (D9-153)
 Warning: Clock input CK of DFF u_ibex_core/id_stage_i/imd_val_q_reg[1][18] not active when clocks are set on. (D9-154)
 Warning: Clock input CK of DFF u_ibex_core/id_stage_i/imd_val_q_reg[1][19] not active when clocks are set on. (D9-155)
 Warning: Clock input CK of DFF u_ibex_core/id_stage_i/imd_val_q_reg[1][20] not active when clocks are set on. (D9-156)
 Warning: Clock input CK of DFF u_ibex_core/id_stage_i/imd_val_q_reg[1][21] not active when clocks are set on. (D9-157)
 Warning: Clock input CK of DFF u_ibex_core/id_stage_i/imd_val_q_reg[1][27] not active when clocks are set on. (D9-158)
 Warning: Clock input CK of DFF u_ibex_core/id_stage_i/imd_val_q_reg[0][8] not active when clocks are set on. (D9-159)
 Warning: Clock input CK of DFF u_ibex_core/id_stage_i/imd_val_q_reg[0][13] not active when clocks are set on. (D9-160)
 Warning: Clock input CK of DFF u_ibex_core/id_stage_i/imd_val_q_reg[0][20] not active when clocks are set on. (D9-161)
 Warning: Clock input CK of DFF u_ibex_core/id_stage_i/imd_val_q_reg[0][21] not active when clocks are set on. (D9-162)
 Warning: Clock input CK of DFF u_ibex_core/id_stage_i/imd_val_q_reg[0][22] not active when clocks are set on. (D9-163)
 Warning: Clock input CK of DFF u_ibex_core/id_stage_i/imd_val_q_reg[0][23] not active when clocks are set on. (D9-164)
 Warning: Clock input CK of DFF u_ibex_core/id_stage_i/imd_val_q_reg[0][28] not active when clocks are set on. (D9-165)
 Warning: Clock input CK of DFF u_ibex_core/id_stage_i/imd_val_q_reg[0][29] not active when clocks are set on. (D9-166)
 Warning: Clock input CK of DFF u_ibex_core/id_stage_i/imd_val_q_reg[0][30] not active when clocks are set on. (D9-167)
 Warning: Clock input CK of DFF u_ibex_core/id_stage_i/imd_val_q_reg[0][32] not active when clocks are set on. (D9-168)
 Warning: Clock input CK of DFF u_ibex_core/if_stage_i/gen_prefetch_buffer.prefetch_buffer_i/fifo_i/rdata_q_reg[2][30] not active when clocks are set on. (D9-169)
 Warning: Clock input CK of DFF u_ibex_core/if_stage_i/gen_prefetch_buffer.prefetch_buffer_i/fifo_i/rdata_q_reg[2][26] not active when clocks are set on. (D9-170)
 Warning: Clock input CK of DFF u_ibex_core/if_stage_i/gen_prefetch_buffer.prefetch_buffer_i/fifo_i/rdata_q_reg[2][24] not active when clocks are set on. (D9-171)
 Warning: Clock input CK of DFF u_ibex_core/if_stage_i/gen_prefetch_buffer.prefetch_buffer_i/fifo_i/rdata_q_reg[2][19] not active when clocks are set on. (D9-172)
 Warning: Clock input CK of DFF u_ibex_core/if_stage_i/gen_prefetch_buffer.prefetch_buffer_i/fifo_i/rdata_q_reg[2][17] not active when clocks are set on. (D9-173)
 Warning: Clock input CK of DFF u_ibex_core/if_stage_i/gen_prefetch_buffer.prefetch_buffer_i/fifo_i/rdata_q_reg[2][16] not active when clocks are set on. (D9-174)
 Warning: Clock input CK of DFF u_ibex_core/load_store_unit_i/rdata_offset_q_reg[0] not active when clocks are set on. (D9-175)
 Warning: Clock input CK of DFF u_ibex_core/load_store_unit_i/data_sign_ext_q_reg not active when clocks are set on. (D9-176)
 Warning: Clock input CK of DFF u_ibex_core/load_store_unit_i/rdata_offset_q_reg[1] not active when clocks are set on. (D9-177)
 Warning: Clock input CK of DFF u_ibex_core/load_store_unit_i/addr_last_q_reg[21] not active when clocks are set on. (D9-178)
 Warning: Clock input CK of DFF u_ibex_core/load_store_unit_i/addr_last_q_reg[20] not active when clocks are set on. (D9-179)
 Warning: Clock input CK of DFF u_ibex_core/load_store_unit_i/addr_last_q_reg[17] not active when clocks are set on. (D9-180)
 Warning: Clock input CK of DFF u_ibex_core/load_store_unit_i/addr_last_q_reg[15] not active when clocks are set on. (D9-181)
 Warning: Clock input CK of DFF u_ibex_core/load_store_unit_i/addr_last_q_reg[14] not active when clocks are set on. (D9-182)
 Warning: Clock input CK of DFF u_ibex_core/load_store_unit_i/addr_last_q_reg[13] not active when clocks are set on. (D9-183)
 Warning: Clock input CK of DFF u_ibex_core/load_store_unit_i/addr_last_q_reg[12] not active when clocks are set on. (D9-184)
 Warning: Clock input CK of DFF u_ibex_core/load_store_unit_i/addr_last_q_reg[10] not active when clocks are set on. (D9-185)
 Warning: Clock input CK of DFF u_ibex_core/load_store_unit_i/addr_last_q_reg[7] not active when clocks are set on. (D9-186)
 Warning: Clock input CK of DFF u_ibex_core/load_store_unit_i/addr_last_q_reg[6] not active when clocks are set on. (D9-187)
 Warning: Clock input CK of DFF u_ibex_core/load_store_unit_i/addr_last_q_reg[3] not active when clocks are set on. (D9-188)
 Warning: Clock input CK of DFF u_ibex_core/load_store_unit_i/addr_last_q_reg[2] not active when clocks are set on. (D9-189)
 Warning: Clock input CK of DFF u_ibex_core/ex_block_i/gen_multdiv_fast.multdiv_i/op_numerator_q_reg[0] not active when clocks are set on. (D9-190)
 Warning: Clock input CK of DFF u_ibex_core/ex_block_i/gen_multdiv_fast.multdiv_i/op_numerator_q_reg[1] not active when clocks are set on. (D9-191)
 Warning: Clock input CK of DFF u_ibex_core/ex_block_i/gen_multdiv_fast.multdiv_i/op_numerator_q_reg[2] not active when clocks are set on. (D9-192)
 Warning: Clock input CK of DFF u_ibex_core/ex_block_i/gen_multdiv_fast.multdiv_i/op_numerator_q_reg[3] not active when clocks are set on. (D9-193)
 Warning: Clock input CK of DFF u_ibex_core/ex_block_i/gen_multdiv_fast.multdiv_i/op_numerator_q_reg[6] not active when clocks are set on. (D9-194)
 Warning: Clock input CK of DFF u_ibex_core/ex_block_i/gen_multdiv_fast.multdiv_i/op_numerator_q_reg[7] not active when clocks are set on. (D9-195)
 Warning: Clock input CK of DFF u_ibex_core/ex_block_i/gen_multdiv_fast.multdiv_i/op_numerator_q_reg[11] not active when clocks are set on. (D9-196)
 Warning: Clock input CK of DFF u_ibex_core/ex_block_i/gen_multdiv_fast.multdiv_i/op_numerator_q_reg[27] not active when clocks are set on. (D9-197)
 Warning: Clock input CK of DFF u_ibex_core/ex_block_i/gen_multdiv_fast.multdiv_i/div_counter_q_reg[0] not active when clocks are set on. (D9-198)
 Warning: Clock input CK of DFF u_ibex_core/ex_block_i/gen_multdiv_fast.multdiv_i/md_state_q_reg[1] not active when clocks are set on. (D9-199)
 Warning: Clock input CK of DFF u_ibex_core/if_stage_i/instr_rdata_id_o_reg[12] not active when clocks are set on. (D9-200)
 Warning: Clock input CK of DFF u_ibex_core/id_stage_i/controller_i/ctrl_fsm_cs_reg[1] not active when clocks are set on. (D9-201)
 Warning: Clock input CK of DFF u_ibex_core/id_stage_i/controller_i/ctrl_fsm_cs_reg[0] not active when clocks are set on. (D9-202)
 Warning: Clock input CK of DFF u_ibex_core/if_stage_i/gen_prefetch_buffer.prefetch_buffer_i/rdata_outstanding_q_reg[0] not active when clocks are set on. (D9-203)
 Warning: Clock input CK of DFF u_ibex_core/ex_block_i/gen_multdiv_fast.multdiv_i/md_state_q_reg[0] not active when clocks are set on. (D9-204)
 Warning: Clock input CK of DFF u_ibex_core/id_stage_i/imd_val_q_reg[0][31] not active when clocks are set on. (D9-205)
 Warning: Clock input CK of DFF u_ibex_core/ex_block_i/gen_multdiv_fast.multdiv_i/div_counter_q_reg[2] not active when clocks are set on. (D9-206)
 Warning: Clock input CK of DFF u_ibex_core/ex_block_i/gen_multdiv_fast.multdiv_i/div_counter_q_reg[1] not active when clocks are set on. (D9-207)
 Warning: Clock input CK of DFF u_ibex_core/load_store_unit_i/data_we_q_reg not active when clocks are set on. (D9-208)
 Warning: Clock input CK of DFF u_ibex_core/ex_block_i/gen_multdiv_fast.multdiv_i/md_state_q_reg[2] not active when clocks are set on. (D9-209)
 Warning: Clock input CK of DFF u_ibex_core/load_store_unit_i/data_type_q_reg[1] not active when clocks are set on. (D9-210)
 Warning: Clock input CK of DFF u_ibex_core/id_stage_i/controller_i/ctrl_fsm_cs_reg[2] not active when clocks are set on. (D9-211)
 Warning: Clock input CK of DFF u_ibex_core/id_stage_i/id_fsm_q_reg not active when clocks are set on. (D9-212)
 Warning: Clock input CK of DFF u_ibex_core/id_stage_i/controller_i/nmi_mode_q_reg not active when clocks are set on. (D9-213)
 Warning: Clock input CK of DFF u_ibex_core/ex_block_i/gen_multdiv_fast.multdiv_i/div_counter_q_reg[3] not active when clocks are set on. (D9-214)
 Warning: Clock input CK of DFF u_ibex_core/load_store_unit_i/handle_misaligned_q_reg not active when clocks are set on. (D9-215)
 Warning: Clock input CK of DFF u_ibex_core/wb_stage_i/g_writeback_stage.wb_valid_q_reg not active when clocks are set on. (D9-216)
 Warning: Clock input CK of DFF u_ibex_core/ex_block_i/gen_multdiv_fast.multdiv_i/div_counter_q_reg[4] not active when clocks are set on. (D9-217)
 Warning: Clock input CK of DFF u_ibex_core/id_stage_i/controller_i/debug_mode_q_reg not active when clocks are set on. (D9-218)
 Warning: Clock input CK of DFF u_ibex_core/load_store_unit_i/ls_fsm_cs_reg[1] not active when clocks are set on. (D9-219)
 Warning: Clock input CK of DFF u_ibex_core/if_stage_i/gen_prefetch_buffer.prefetch_buffer_i/fifo_i/valid_q_reg[1] not active when clocks are set on. (D9-220)
 Warning: Clock input CK of DFF u_ibex_core/id_stage_i/controller_i/ctrl_fsm_cs_reg[3] not active when clocks are set on. (D9-221)
 Warning: Clock input CK of DFF u_ibex_core/if_stage_i/gen_prefetch_buffer.prefetch_buffer_i/fifo_i/instr_addr_q_reg[31] not active when clocks are set on. (D9-222)
 Warning: Clock input CK of DFF u_ibex_core/if_stage_i/gen_prefetch_buffer.prefetch_buffer_i/fifo_i/instr_addr_q_reg[4] not active when clocks are set on. (D9-223)
 Warning: Clock input CK of DFF u_ibex_core/if_stage_i/gen_prefetch_buffer.prefetch_buffer_i/fifo_i/instr_addr_q_reg[7] not active when clocks are set on. (D9-224)
 Warning: Clock input CK of DFF u_ibex_core/if_stage_i/gen_prefetch_buffer.prefetch_buffer_i/fifo_i/instr_addr_q_reg[6] not active when clocks are set on. (D9-225)
 Warning: Clock input CK of DFF u_ibex_core/if_stage_i/gen_prefetch_buffer.prefetch_buffer_i/fifo_i/instr_addr_q_reg[5] not active when clocks are set on. (D9-226)
 Warning: Clock input CK of DFF u_ibex_core/if_stage_i/gen_prefetch_buffer.prefetch_buffer_i/fifo_i/instr_addr_q_reg[3] not active when clocks are set on. (D9-227)
 Warning: Clock input CK of DFF u_ibex_core/if_stage_i/gen_prefetch_buffer.prefetch_buffer_i/fifo_i/instr_addr_q_reg[30] not active when clocks are set on. (D9-228)
 Warning: Clock input CK of DFF u_ibex_core/if_stage_i/gen_prefetch_buffer.prefetch_buffer_i/fifo_i/instr_addr_q_reg[29] not active when clocks are set on. (D9-229)
 Warning: Clock input CK of DFF u_ibex_core/if_stage_i/gen_prefetch_buffer.prefetch_buffer_i/fifo_i/instr_addr_q_reg[28] not active when clocks are set on. (D9-230)
 Warning: Clock input CK of DFF u_ibex_core/if_stage_i/gen_prefetch_buffer.prefetch_buffer_i/fifo_i/instr_addr_q_reg[27] not active when clocks are set on. (D9-231)
 Warning: Clock input CK of DFF u_ibex_core/if_stage_i/gen_prefetch_buffer.prefetch_buffer_i/fifo_i/instr_addr_q_reg[26] not active when clocks are set on. (D9-232)
 Warning: Clock input CK of DFF u_ibex_core/if_stage_i/gen_prefetch_buffer.prefetch_buffer_i/fifo_i/instr_addr_q_reg[25] not active when clocks are set on. (D9-233)
 Warning: Clock input CK of DFF u_ibex_core/if_stage_i/gen_prefetch_buffer.prefetch_buffer_i/fifo_i/instr_addr_q_reg[24] not active when clocks are set on. (D9-234)
 Warning: Clock input CK of DFF u_ibex_core/if_stage_i/gen_prefetch_buffer.prefetch_buffer_i/fifo_i/instr_addr_q_reg[23] not active when clocks are set on. (D9-235)
 Warning: Clock input CK of DFF u_ibex_core/if_stage_i/gen_prefetch_buffer.prefetch_buffer_i/fifo_i/instr_addr_q_reg[22] not active when clocks are set on. (D9-236)
 Warning: Clock input CK of DFF u_ibex_core/if_stage_i/gen_prefetch_buffer.prefetch_buffer_i/fifo_i/instr_addr_q_reg[21] not active when clocks are set on. (D9-237)
 Warning: Clock input CK of DFF u_ibex_core/if_stage_i/gen_prefetch_buffer.prefetch_buffer_i/fifo_i/instr_addr_q_reg[20] not active when clocks are set on. (D9-238)
 Warning: Clock input CK of DFF u_ibex_core/if_stage_i/gen_prefetch_buffer.prefetch_buffer_i/fifo_i/instr_addr_q_reg[19] not active when clocks are set on. (D9-239)
 Warning: Clock input CK of DFF u_ibex_core/if_stage_i/gen_prefetch_buffer.prefetch_buffer_i/fifo_i/instr_addr_q_reg[18] not active when clocks are set on. (D9-240)
 Warning: Clock input CK of DFF u_ibex_core/if_stage_i/gen_prefetch_buffer.prefetch_buffer_i/fifo_i/instr_addr_q_reg[17] not active when clocks are set on. (D9-241)
 Warning: Clock input CK of DFF u_ibex_core/if_stage_i/gen_prefetch_buffer.prefetch_buffer_i/fifo_i/instr_addr_q_reg[16] not active when clocks are set on. (D9-242)
 Warning: Clock input CK of DFF u_ibex_core/if_stage_i/gen_prefetch_buffer.prefetch_buffer_i/fifo_i/instr_addr_q_reg[15] not active when clocks are set on. (D9-243)
 Warning: Clock input CK of DFF u_ibex_core/if_stage_i/gen_prefetch_buffer.prefetch_buffer_i/fifo_i/instr_addr_q_reg[14] not active when clocks are set on. (D9-244)
 Warning: Clock input CK of DFF u_ibex_core/if_stage_i/gen_prefetch_buffer.prefetch_buffer_i/fifo_i/instr_addr_q_reg[13] not active when clocks are set on. (D9-245)
 Warning: Clock input CK of DFF u_ibex_core/if_stage_i/gen_prefetch_buffer.prefetch_buffer_i/fifo_i/instr_addr_q_reg[12] not active when clocks are set on. (D9-246)
 Warning: Clock input CK of DFF u_ibex_core/if_stage_i/gen_prefetch_buffer.prefetch_buffer_i/fifo_i/instr_addr_q_reg[11] not active when clocks are set on. (D9-247)
 Warning: Clock input CK of DFF u_ibex_core/if_stage_i/gen_prefetch_buffer.prefetch_buffer_i/fifo_i/instr_addr_q_reg[10] not active when clocks are set on. (D9-248)
 Warning: Clock input CK of DFF u_ibex_core/if_stage_i/gen_prefetch_buffer.prefetch_buffer_i/fifo_i/instr_addr_q_reg[9] not active when clocks are set on. (D9-249)
 Warning: Clock input CK of DFF u_ibex_core/if_stage_i/gen_prefetch_buffer.prefetch_buffer_i/fifo_i/instr_addr_q_reg[8] not active when clocks are set on. (D9-250)
 Warning: Clock input CK of DFF u_ibex_core/if_stage_i/gen_prefetch_buffer.prefetch_buffer_i/fifo_i/instr_addr_q_reg[2] not active when clocks are set on. (D9-251)
 Warning: Clock input CK of DFF u_ibex_core/if_stage_i/gen_prefetch_buffer.prefetch_buffer_i/fifo_i/rdata_q_reg[1][2] not active when clocks are set on. (D9-252)
 Warning: Clock input CK of DFF u_ibex_core/if_stage_i/gen_prefetch_buffer.prefetch_buffer_i/fifo_i/rdata_q_reg[1][3] not active when clocks are set on. (D9-253)
 Warning: Clock input CK of DFF u_ibex_core/if_stage_i/gen_prefetch_buffer.prefetch_buffer_i/fifo_i/rdata_q_reg[1][7] not active when clocks are set on. (D9-254)
 Warning: Clock input CK of DFF u_ibex_core/if_stage_i/gen_prefetch_buffer.prefetch_buffer_i/fifo_i/rdata_q_reg[2][4] not active when clocks are set on. (D9-255)
 Warning: Clock input CK of DFF u_ibex_core/if_stage_i/gen_prefetch_buffer.prefetch_buffer_i/fifo_i/rdata_q_reg[2][5] not active when clocks are set on. (D9-256)
 Warning: Clock input CK of DFF u_ibex_core/if_stage_i/gen_prefetch_buffer.prefetch_buffer_i/fifo_i/rdata_q_reg[2][6] not active when clocks are set on. (D9-257)
 Warning: Clock input CK of DFF u_ibex_core/if_stage_i/gen_prefetch_buffer.prefetch_buffer_i/fifo_i/rdata_q_reg[2][8] not active when clocks are set on. (D9-258)
 Warning: Clock input CK of DFF u_ibex_core/if_stage_i/gen_prefetch_buffer.prefetch_buffer_i/fifo_i/rdata_q_reg[2][13] not active when clocks are set on. (D9-259)
 Warning: Clock input CK of DFF u_ibex_core/if_stage_i/gen_prefetch_buffer.prefetch_buffer_i/fifo_i/err_q_reg[2] not active when clocks are set on. (D9-260)
 Warning: Clock input CK of DFF u_ibex_core/if_stage_i/instr_rdata_c_id_o_reg[15] not active when clocks are set on. (D9-261)
 Warning: Clock input CK of DFF u_ibex_core/if_stage_i/gen_prefetch_buffer.prefetch_buffer_i/fifo_i/rdata_q_reg[2][0] not active when clocks are set on. (D9-262)
 Warning: Clock input CK of DFF u_ibex_core/if_stage_i/gen_prefetch_buffer.prefetch_buffer_i/fifo_i/rdata_q_reg[2][20] not active when clocks are set on. (D9-263)
 Warning: Clock input CK of DFF u_ibex_core/if_stage_i/gen_prefetch_buffer.prefetch_buffer_i/fifo_i/rdata_q_reg[2][1] not active when clocks are set on. (D9-264)
 Warning: Clock input CK of DFF u_ibex_core/if_stage_i/gen_prefetch_buffer.prefetch_buffer_i/fifo_i/rdata_q_reg[2][2] not active when clocks are set on. (D9-265)
 Warning: Clock input CK of DFF u_ibex_core/if_stage_i/gen_prefetch_buffer.prefetch_buffer_i/fifo_i/rdata_q_reg[2][3] not active when clocks are set on. (D9-266)
 Warning: Clock input CK of DFF u_ibex_core/if_stage_i/gen_prefetch_buffer.prefetch_buffer_i/fifo_i/rdata_q_reg[2][7] not active when clocks are set on. (D9-267)
 Warning: Clock input CK of DFF u_ibex_core/if_stage_i/gen_prefetch_buffer.prefetch_buffer_i/fifo_i/rdata_q_reg[2][9] not active when clocks are set on. (D9-268)
 Warning: Clock input CK of DFF u_ibex_core/if_stage_i/gen_prefetch_buffer.prefetch_buffer_i/fifo_i/rdata_q_reg[2][10] not active when clocks are set on. (D9-269)
 Warning: Clock input CK of DFF u_ibex_core/if_stage_i/gen_prefetch_buffer.prefetch_buffer_i/fifo_i/rdata_q_reg[2][11] not active when clocks are set on. (D9-270)
 Warning: Clock input CK of DFF u_ibex_core/if_stage_i/gen_prefetch_buffer.prefetch_buffer_i/fifo_i/rdata_q_reg[2][12] not active when clocks are set on. (D9-271)
 Warning: Clock input CK of DFF u_ibex_core/if_stage_i/gen_prefetch_buffer.prefetch_buffer_i/fifo_i/rdata_q_reg[2][14] not active when clocks are set on. (D9-272)
 Warning: Clock input CK of DFF u_ibex_core/if_stage_i/gen_prefetch_buffer.prefetch_buffer_i/fifo_i/rdata_q_reg[2][15] not active when clocks are set on. (D9-273)
 Warning: Clock input CK of DFF u_ibex_core/if_stage_i/gen_prefetch_buffer.prefetch_buffer_i/fifo_i/rdata_q_reg[2][18] not active when clocks are set on. (D9-274)
 Warning: Clock input CK of DFF u_ibex_core/if_stage_i/gen_prefetch_buffer.prefetch_buffer_i/fifo_i/rdata_q_reg[2][21] not active when clocks are set on. (D9-275)
 Warning: Clock input CK of DFF u_ibex_core/if_stage_i/gen_prefetch_buffer.prefetch_buffer_i/fifo_i/rdata_q_reg[2][22] not active when clocks are set on. (D9-276)
 Warning: Clock input CK of DFF u_ibex_core/if_stage_i/gen_prefetch_buffer.prefetch_buffer_i/fifo_i/rdata_q_reg[2][23] not active when clocks are set on. (D9-277)
 Warning: Clock input CK of DFF u_ibex_core/if_stage_i/gen_prefetch_buffer.prefetch_buffer_i/fifo_i/rdata_q_reg[2][25] not active when clocks are set on. (D9-278)
 Warning: Clock input CK of DFF u_ibex_core/if_stage_i/gen_prefetch_buffer.prefetch_buffer_i/fifo_i/rdata_q_reg[2][27] not active when clocks are set on. (D9-279)
 Warning: Clock input CK of DFF u_ibex_core/if_stage_i/gen_prefetch_buffer.prefetch_buffer_i/fifo_i/rdata_q_reg[2][28] not active when clocks are set on. (D9-280)
 Warning: Clock input CK of DFF u_ibex_core/if_stage_i/gen_prefetch_buffer.prefetch_buffer_i/fifo_i/rdata_q_reg[2][29] not active when clocks are set on. (D9-281)
 Warning: Clock input CK of DFF u_ibex_core/if_stage_i/gen_prefetch_buffer.prefetch_buffer_i/fifo_i/rdata_q_reg[2][31] not active when clocks are set on. (D9-282)
 Warning: Clock input CK of DFF u_ibex_core/if_stage_i/instr_rdata_c_id_o_reg[5] not active when clocks are set on. (D9-283)
 Warning: Clock input CK of DFF u_ibex_core/if_stage_i/instr_rdata_c_id_o_reg[6] not active when clocks are set on. (D9-284)
 Warning: Clock input CK of DFF u_ibex_core/if_stage_i/instr_rdata_c_id_o_reg[13] not active when clocks are set on. (D9-285)
 Warning: Clock input CK of DFF u_ibex_core/wb_stage_i/g_writeback_stage.wb_pc_q_reg[31] not active when clocks are set on. (D9-286)
 Warning: Clock input CK of DFF u_ibex_core/wb_stage_i/g_writeback_stage.wb_pc_q_reg[30] not active when clocks are set on. (D9-287)
 Warning: Clock input CK of DFF u_ibex_core/wb_stage_i/g_writeback_stage.wb_pc_q_reg[29] not active when clocks are set on. (D9-288)
 Warning: Clock input CK of DFF u_ibex_core/wb_stage_i/g_writeback_stage.wb_pc_q_reg[28] not active when clocks are set on. (D9-289)
 Warning: Clock input CK of DFF u_ibex_core/wb_stage_i/g_writeback_stage.wb_pc_q_reg[27] not active when clocks are set on. (D9-290)
 Warning: Clock input CK of DFF u_ibex_core/wb_stage_i/g_writeback_stage.wb_pc_q_reg[26] not active when clocks are set on. (D9-291)
 Warning: Clock input CK of DFF u_ibex_core/wb_stage_i/g_writeback_stage.wb_pc_q_reg[25] not active when clocks are set on. (D9-292)
 Warning: Clock input CK of DFF u_ibex_core/wb_stage_i/g_writeback_stage.wb_pc_q_reg[24] not active when clocks are set on. (D9-293)
 Warning: Clock input CK of DFF u_ibex_core/if_stage_i/instr_rdata_c_id_o_reg[0] not active when clocks are set on. (D9-294)
 Warning: Clock input CK of DFF u_ibex_core/if_stage_i/gen_prefetch_buffer.prefetch_buffer_i/fifo_i/rdata_q_reg[1][0] not active when clocks are set on. (D9-295)
 Warning: Clock input CK of DFF u_ibex_core/if_stage_i/gen_prefetch_buffer.prefetch_buffer_i/fifo_i/rdata_q_reg[1][9] not active when clocks are set on. (D9-296)
 Warning: Clock input CK of DFF u_ibex_core/if_stage_i/gen_prefetch_buffer.prefetch_buffer_i/fifo_i/rdata_q_reg[0][20] not active when clocks are set on. (D9-297)
 Warning: Clock input CK of DFF u_ibex_core/if_stage_i/gen_prefetch_buffer.prefetch_buffer_i/fifo_i/rdata_q_reg[1][11] not active when clocks are set on. (D9-298)
 Warning: Clock input CK of DFF u_ibex_core/if_stage_i/gen_prefetch_buffer.prefetch_buffer_i/fifo_i/rdata_q_reg[1][12] not active when clocks are set on. (D9-299)
 Warning: Clock input CK of DFF u_ibex_core/if_stage_i/gen_prefetch_buffer.prefetch_buffer_i/fifo_i/rdata_q_reg[0][0] not active when clocks are set on. (D9-300)
 Warning: Clock input CK of DFF u_ibex_core/if_stage_i/instr_rdata_alu_id_o_reg[3] not active when clocks are set on. (D9-301)
 Warning: Clock input CK of DFF u_ibex_core/if_stage_i/instr_rdata_id_o_reg[29] not active when clocks are set on. (D9-302)
 Warning: Clock input CK of DFF u_ibex_core/if_stage_i/instr_rdata_alu_id_o_reg[26] not active when clocks are set on. (D9-303)
 Warning: Clock input CK of DFF u_ibex_core/if_stage_i/instr_rdata_alu_id_o_reg[25] not active when clocks are set on. (D9-304)
 Warning: Clock input CK of DFF u_ibex_core/if_stage_i/instr_rdata_id_o_reg[20] not active when clocks are set on. (D9-305)
 Warning: Clock input CK of DFF u_ibex_core/if_stage_i/gen_prefetch_buffer.prefetch_buffer_i/stored_addr_q_reg[2] not active when clocks are set on. (D9-306)
 Warning: Clock input CK of DFF u_ibex_core/if_stage_i/gen_prefetch_buffer.prefetch_buffer_i/stored_addr_q_reg[3] not active when clocks are set on. (D9-307)
 Warning: Clock input CK of DFF u_ibex_core/if_stage_i/gen_prefetch_buffer.prefetch_buffer_i/stored_addr_q_reg[4] not active when clocks are set on. (D9-308)
 Warning: Clock input CK of DFF u_ibex_core/if_stage_i/gen_prefetch_buffer.prefetch_buffer_i/stored_addr_q_reg[5] not active when clocks are set on. (D9-309)
 Warning: Clock input CK of DFF u_ibex_core/if_stage_i/gen_prefetch_buffer.prefetch_buffer_i/stored_addr_q_reg[6] not active when clocks are set on. (D9-310)
 Warning: Clock input CK of DFF u_ibex_core/if_stage_i/gen_prefetch_buffer.prefetch_buffer_i/stored_addr_q_reg[7] not active when clocks are set on. (D9-311)
 Warning: Clock input CK of DFF u_ibex_core/if_stage_i/gen_prefetch_buffer.prefetch_buffer_i/stored_addr_q_reg[8] not active when clocks are set on. (D9-312)
 Warning: Clock input CK of DFF u_ibex_core/if_stage_i/gen_prefetch_buffer.prefetch_buffer_i/stored_addr_q_reg[9] not active when clocks are set on. (D9-313)
 Warning: Clock input CK of DFF u_ibex_core/if_stage_i/gen_prefetch_buffer.prefetch_buffer_i/stored_addr_q_reg[10] not active when clocks are set on. (D9-314)
 Warning: Clock input CK of DFF u_ibex_core/if_stage_i/gen_prefetch_buffer.prefetch_buffer_i/stored_addr_q_reg[11] not active when clocks are set on. (D9-315)
 Warning: Clock input CK of DFF u_ibex_core/if_stage_i/gen_prefetch_buffer.prefetch_buffer_i/stored_addr_q_reg[12] not active when clocks are set on. (D9-316)
 Warning: Clock input CK of DFF u_ibex_core/if_stage_i/gen_prefetch_buffer.prefetch_buffer_i/stored_addr_q_reg[13] not active when clocks are set on. (D9-317)
 Warning: Clock input CK of DFF u_ibex_core/if_stage_i/gen_prefetch_buffer.prefetch_buffer_i/stored_addr_q_reg[14] not active when clocks are set on. (D9-318)
 Warning: Clock input CK of DFF u_ibex_core/if_stage_i/gen_prefetch_buffer.prefetch_buffer_i/stored_addr_q_reg[15] not active when clocks are set on. (D9-319)
 Warning: Clock input CK of DFF u_ibex_core/if_stage_i/gen_prefetch_buffer.prefetch_buffer_i/stored_addr_q_reg[16] not active when clocks are set on. (D9-320)
 Warning: Clock input CK of DFF u_ibex_core/if_stage_i/gen_prefetch_buffer.prefetch_buffer_i/stored_addr_q_reg[17] not active when clocks are set on. (D9-321)
 Warning: Clock input CK of DFF u_ibex_core/if_stage_i/gen_prefetch_buffer.prefetch_buffer_i/stored_addr_q_reg[18] not active when clocks are set on. (D9-322)
 Warning: Clock input CK of DFF u_ibex_core/if_stage_i/gen_prefetch_buffer.prefetch_buffer_i/stored_addr_q_reg[19] not active when clocks are set on. (D9-323)
 Warning: Clock input CK of DFF u_ibex_core/if_stage_i/gen_prefetch_buffer.prefetch_buffer_i/stored_addr_q_reg[20] not active when clocks are set on. (D9-324)
 Warning: Clock input CK of DFF u_ibex_core/if_stage_i/gen_prefetch_buffer.prefetch_buffer_i/stored_addr_q_reg[21] not active when clocks are set on. (D9-325)
 Warning: Clock input CK of DFF u_ibex_core/if_stage_i/gen_prefetch_buffer.prefetch_buffer_i/stored_addr_q_reg[22] not active when clocks are set on. (D9-326)
 Warning: Clock input CK of DFF u_ibex_core/if_stage_i/gen_prefetch_buffer.prefetch_buffer_i/stored_addr_q_reg[23] not active when clocks are set on. (D9-327)
 Warning: Clock input CK of DFF u_ibex_core/if_stage_i/gen_prefetch_buffer.prefetch_buffer_i/stored_addr_q_reg[24] not active when clocks are set on. (D9-328)
 Warning: Clock input CK of DFF u_ibex_core/if_stage_i/gen_prefetch_buffer.prefetch_buffer_i/stored_addr_q_reg[25] not active when clocks are set on. (D9-329)
 Warning: Clock input CK of DFF u_ibex_core/if_stage_i/gen_prefetch_buffer.prefetch_buffer_i/stored_addr_q_reg[26] not active when clocks are set on. (D9-330)
 Warning: Clock input CK of DFF u_ibex_core/if_stage_i/gen_prefetch_buffer.prefetch_buffer_i/stored_addr_q_reg[27] not active when clocks are set on. (D9-331)
 Warning: Clock input CK of DFF u_ibex_core/if_stage_i/gen_prefetch_buffer.prefetch_buffer_i/stored_addr_q_reg[28] not active when clocks are set on. (D9-332)
 Warning: Clock input CK of DFF u_ibex_core/if_stage_i/gen_prefetch_buffer.prefetch_buffer_i/stored_addr_q_reg[29] not active when clocks are set on. (D9-333)
 Warning: Clock input CK of DFF u_ibex_core/if_stage_i/gen_prefetch_buffer.prefetch_buffer_i/stored_addr_q_reg[30] not active when clocks are set on. (D9-334)
 Warning: Clock input CK of DFF u_ibex_core/if_stage_i/gen_prefetch_buffer.prefetch_buffer_i/stored_addr_q_reg[31] not active when clocks are set on. (D9-335)
 Warning: Clock input CK of DFF u_ibex_core/if_stage_i/gen_prefetch_buffer.prefetch_buffer_i/fetch_addr_q_reg[21] not active when clocks are set on. (D9-336)
 Warning: Clock input CK of DFF u_ibex_core/if_stage_i/gen_prefetch_buffer.prefetch_buffer_i/fetch_addr_q_reg[22] not active when clocks are set on. (D9-337)
 Warning: Clock input CK of DFF u_ibex_core/if_stage_i/gen_prefetch_buffer.prefetch_buffer_i/fetch_addr_q_reg[23] not active when clocks are set on. (D9-338)
 Warning: Clock input CK of DFF u_ibex_core/if_stage_i/gen_prefetch_buffer.prefetch_buffer_i/fetch_addr_q_reg[24] not active when clocks are set on. (D9-339)
 Warning: Clock input CK of DFF u_ibex_core/if_stage_i/gen_prefetch_buffer.prefetch_buffer_i/fetch_addr_q_reg[25] not active when clocks are set on. (D9-340)
 Warning: Clock input CK of DFF u_ibex_core/if_stage_i/gen_prefetch_buffer.prefetch_buffer_i/fetch_addr_q_reg[26] not active when clocks are set on. (D9-341)
 Warning: Clock input CK of DFF u_ibex_core/if_stage_i/gen_prefetch_buffer.prefetch_buffer_i/fetch_addr_q_reg[27] not active when clocks are set on. (D9-342)
 Warning: Clock input CK of DFF u_ibex_core/if_stage_i/gen_prefetch_buffer.prefetch_buffer_i/fetch_addr_q_reg[28] not active when clocks are set on. (D9-343)
 Warning: Clock input CK of DFF u_ibex_core/if_stage_i/gen_prefetch_buffer.prefetch_buffer_i/fetch_addr_q_reg[29] not active when clocks are set on. (D9-344)
 Warning: Clock input CK of DFF u_ibex_core/if_stage_i/gen_prefetch_buffer.prefetch_buffer_i/fetch_addr_q_reg[30] not active when clocks are set on. (D9-345)
 Warning: Clock input CK of DFF u_ibex_core/if_stage_i/gen_prefetch_buffer.prefetch_buffer_i/fetch_addr_q_reg[31] not active when clocks are set on. (D9-346)
 Warning: Clock input CK of DFF u_ibex_core/if_stage_i/gen_prefetch_buffer.prefetch_buffer_i/fetch_addr_q_reg[2] not active when clocks are set on. (D9-347)
 Warning: Clock input CK of DFF u_ibex_core/if_stage_i/gen_prefetch_buffer.prefetch_buffer_i/fetch_addr_q_reg[3] not active when clocks are set on. (D9-348)
 Warning: Clock input CK of DFF u_ibex_core/if_stage_i/gen_prefetch_buffer.prefetch_buffer_i/fetch_addr_q_reg[4] not active when clocks are set on. (D9-349)
 Warning: Clock input CK of DFF u_ibex_core/if_stage_i/gen_prefetch_buffer.prefetch_buffer_i/fetch_addr_q_reg[5] not active when clocks are set on. (D9-350)
 Warning: Clock input CK of DFF u_ibex_core/if_stage_i/gen_prefetch_buffer.prefetch_buffer_i/fetch_addr_q_reg[6] not active when clocks are set on. (D9-351)
 Warning: Clock input CK of DFF u_ibex_core/if_stage_i/gen_prefetch_buffer.prefetch_buffer_i/fetch_addr_q_reg[7] not active when clocks are set on. (D9-352)
 Warning: Clock input CK of DFF u_ibex_core/if_stage_i/gen_prefetch_buffer.prefetch_buffer_i/fetch_addr_q_reg[8] not active when clocks are set on. (D9-353)
 Warning: Clock input CK of DFF u_ibex_core/if_stage_i/gen_prefetch_buffer.prefetch_buffer_i/fetch_addr_q_reg[9] not active when clocks are set on. (D9-354)
 Warning: Clock input CK of DFF u_ibex_core/if_stage_i/gen_prefetch_buffer.prefetch_buffer_i/fetch_addr_q_reg[10] not active when clocks are set on. (D9-355)
 Warning: Clock input CK of DFF u_ibex_core/if_stage_i/gen_prefetch_buffer.prefetch_buffer_i/fetch_addr_q_reg[11] not active when clocks are set on. (D9-356)
 Warning: Clock input CK of DFF u_ibex_core/if_stage_i/gen_prefetch_buffer.prefetch_buffer_i/fetch_addr_q_reg[12] not active when clocks are set on. (D9-357)
 Warning: Clock input CK of DFF u_ibex_core/if_stage_i/gen_prefetch_buffer.prefetch_buffer_i/fetch_addr_q_reg[13] not active when clocks are set on. (D9-358)
 Warning: Clock input CK of DFF u_ibex_core/if_stage_i/gen_prefetch_buffer.prefetch_buffer_i/fetch_addr_q_reg[14] not active when clocks are set on. (D9-359)
 Warning: Clock input CK of DFF u_ibex_core/if_stage_i/gen_prefetch_buffer.prefetch_buffer_i/fetch_addr_q_reg[15] not active when clocks are set on. (D9-360)
 Warning: Clock input CK of DFF u_ibex_core/if_stage_i/gen_prefetch_buffer.prefetch_buffer_i/fetch_addr_q_reg[16] not active when clocks are set on. (D9-361)
 Warning: Clock input CK of DFF u_ibex_core/if_stage_i/gen_prefetch_buffer.prefetch_buffer_i/fetch_addr_q_reg[17] not active when clocks are set on. (D9-362)
 Warning: Clock input CK of DFF u_ibex_core/if_stage_i/gen_prefetch_buffer.prefetch_buffer_i/fetch_addr_q_reg[18] not active when clocks are set on. (D9-363)
 Warning: Clock input CK of DFF u_ibex_core/if_stage_i/gen_prefetch_buffer.prefetch_buffer_i/fetch_addr_q_reg[19] not active when clocks are set on. (D9-364)
 Warning: Clock input CK of DFF u_ibex_core/if_stage_i/gen_prefetch_buffer.prefetch_buffer_i/fetch_addr_q_reg[20] not active when clocks are set on. (D9-365)
 Warning: Clock input CK of DFF u_ibex_core/if_stage_i/gen_prefetch_buffer.prefetch_buffer_i/fifo_i/rdata_q_reg[1][30] not active when clocks are set on. (D9-366)
 Warning: Clock input CK of DFF u_ibex_core/if_stage_i/gen_prefetch_buffer.prefetch_buffer_i/fifo_i/rdata_q_reg[1][28] not active when clocks are set on. (D9-367)
 Warning: Clock input CK of DFF u_ibex_core/if_stage_i/gen_prefetch_buffer.prefetch_buffer_i/fifo_i/rdata_q_reg[1][27] not active when clocks are set on. (D9-368)
 Warning: Clock input CK of DFF u_ibex_core/if_stage_i/gen_prefetch_buffer.prefetch_buffer_i/fifo_i/rdata_q_reg[1][26] not active when clocks are set on. (D9-369)
 Warning: Clock input CK of DFF u_ibex_core/if_stage_i/gen_prefetch_buffer.prefetch_buffer_i/fifo_i/rdata_q_reg[1][23] not active when clocks are set on. (D9-370)
 Warning: Clock input CK of DFF u_ibex_core/if_stage_i/gen_prefetch_buffer.prefetch_buffer_i/fifo_i/rdata_q_reg[1][22] not active when clocks are set on. (D9-371)
 Warning: Clock input CK of DFF u_ibex_core/if_stage_i/gen_prefetch_buffer.prefetch_buffer_i/fifo_i/rdata_q_reg[1][21] not active when clocks are set on. (D9-372)
 Warning: Clock input CK of DFF u_ibex_core/if_stage_i/gen_prefetch_buffer.prefetch_buffer_i/fifo_i/rdata_q_reg[1][19] not active when clocks are set on. (D9-373)
 Warning: Clock input CK of DFF u_ibex_core/if_stage_i/gen_prefetch_buffer.prefetch_buffer_i/fifo_i/rdata_q_reg[1][18] not active when clocks are set on. (D9-374)
 Warning: Clock input CK of DFF u_ibex_core/if_stage_i/gen_prefetch_buffer.prefetch_buffer_i/fifo_i/rdata_q_reg[1][16] not active when clocks are set on. (D9-375)
 Warning: Clock input CK of DFF u_ibex_core/if_stage_i/gen_prefetch_buffer.prefetch_buffer_i/fifo_i/rdata_q_reg[1][31] not active when clocks are set on. (D9-376)
 Warning: Clock input CK of DFF u_ibex_core/if_stage_i/gen_prefetch_buffer.prefetch_buffer_i/fifo_i/rdata_q_reg[1][25] not active when clocks are set on. (D9-377)
 Warning: Clock input CK of DFF u_ibex_core/if_stage_i/gen_prefetch_buffer.prefetch_buffer_i/fifo_i/rdata_q_reg[0][29] not active when clocks are set on. (D9-378)
 Warning: Clock input CK of DFF u_ibex_core/if_stage_i/gen_prefetch_buffer.prefetch_buffer_i/fifo_i/rdata_q_reg[0][22] not active when clocks are set on. (D9-379)
 Warning: Clock input CK of DFF u_ibex_core/if_stage_i/gen_prefetch_buffer.prefetch_buffer_i/fifo_i/rdata_q_reg[0][21] not active when clocks are set on. (D9-380)
 Warning: Clock input CK of DFF u_ibex_core/if_stage_i/gen_prefetch_buffer.prefetch_buffer_i/fifo_i/rdata_q_reg[0][25] not active when clocks are set on. (D9-381)
 Warning: Clock input CK of DFF u_ibex_core/if_stage_i/gen_prefetch_buffer.prefetch_buffer_i/fifo_i/rdata_q_reg[0][23] not active when clocks are set on. (D9-382)
 Warning: Clock input CK of DFF u_ibex_core/if_stage_i/gen_prefetch_buffer.prefetch_buffer_i/fifo_i/rdata_q_reg[0][24] not active when clocks are set on. (D9-383)
 Warning: Clock input CK of DFF u_ibex_core/if_stage_i/gen_prefetch_buffer.prefetch_buffer_i/fifo_i/rdata_q_reg[0][27] not active when clocks are set on. (D9-384)
 Warning: Clock input CK of DFF u_ibex_core/if_stage_i/gen_prefetch_buffer.prefetch_buffer_i/fifo_i/rdata_q_reg[0][19] not active when clocks are set on. (D9-385)
 Warning: Clock input CK of DFF u_ibex_core/if_stage_i/gen_prefetch_buffer.prefetch_buffer_i/fifo_i/rdata_q_reg[0][26] not active when clocks are set on. (D9-386)
 Warning: Clock input CK of DFF u_ibex_core/if_stage_i/gen_prefetch_buffer.prefetch_buffer_i/fifo_i/rdata_q_reg[0][31] not active when clocks are set on. (D9-387)
 Warning: Clock input CK of DFF u_ibex_core/if_stage_i/gen_prefetch_buffer.prefetch_buffer_i/fifo_i/rdata_q_reg[0][30] not active when clocks are set on. (D9-388)
 Warning: Clock input CK of DFF u_ibex_core/if_stage_i/gen_prefetch_buffer.prefetch_buffer_i/fifo_i/rdata_q_reg[0][28] not active when clocks are set on. (D9-389)
 Warning: Clock input CK of DFF u_ibex_core/if_stage_i/gen_prefetch_buffer.prefetch_buffer_i/fifo_i/rdata_q_reg[0][16] not active when clocks are set on. (D9-390)
 Warning: Clock input CK of DFF u_ibex_core/if_stage_i/gen_prefetch_buffer.prefetch_buffer_i/fifo_i/rdata_q_reg[0][17] not active when clocks are set on. (D9-391)
 Warning: Clock input CK of DFF u_ibex_core/if_stage_i/pc_id_o_reg[1] not active when clocks are set on. (D9-392)
 Warning: Clock input CK of DFF u_ibex_core/if_stage_i/instr_rdata_alu_id_o_reg[2] not active when clocks are set on. (D9-393)
 Warning: Clock input CK of DFF u_ibex_core/wb_stage_i/g_writeback_stage.rf_waddr_wb_q_reg[4] not active when clocks are set on. (D9-394)
 Warning: Clock input CK of DFF u_ibex_core/wb_stage_i/g_writeback_stage.rf_waddr_wb_q_reg[3] not active when clocks are set on. (D9-395)
 Warning: Clock input CK of DFF u_ibex_core/if_stage_i/instr_rdata_id_o_reg[18] not active when clocks are set on. (D9-396)
 Warning: Clock input CK of DFF u_ibex_core/if_stage_i/instr_rdata_id_o_reg[19] not active when clocks are set on. (D9-397)
 Warning: Clock input CK of DFF u_ibex_core/if_stage_i/instr_rdata_id_o_reg[27] not active when clocks are set on. (D9-398)
 Warning: Clock input CK of DFF u_ibex_core/if_stage_i/instr_rdata_c_id_o_reg[4] not active when clocks are set on. (D9-399)
 Warning: Clock input CK of DFF u_ibex_core/if_stage_i/instr_rdata_c_id_o_reg[3] not active when clocks are set on. (D9-400)
 Warning: Clock input CK of DFF u_ibex_core/if_stage_i/instr_rdata_c_id_o_reg[1] not active when clocks are set on. (D9-401)
 Warning: Clock input CK of DFF u_ibex_core/if_stage_i/gen_prefetch_buffer.prefetch_buffer_i/fifo_i/rdata_q_reg[1][4] not active when clocks are set on. (D9-402)
 Warning: Clock input CK of DFF u_ibex_core/if_stage_i/gen_prefetch_buffer.prefetch_buffer_i/fifo_i/err_q_reg[1] not active when clocks are set on. (D9-403)
 Warning: Clock input CK of DFF u_ibex_core/if_stage_i/gen_prefetch_buffer.prefetch_buffer_i/fifo_i/rdata_q_reg[1][13] not active when clocks are set on. (D9-404)
 Warning: Clock input CK of DFF u_ibex_core/if_stage_i/gen_prefetch_buffer.prefetch_buffer_i/fifo_i/rdata_q_reg[1][8] not active when clocks are set on. (D9-405)
 Warning: Clock input CK of DFF u_ibex_core/if_stage_i/gen_prefetch_buffer.prefetch_buffer_i/fifo_i/rdata_q_reg[1][6] not active when clocks are set on. (D9-406)
 Warning: Clock input CK of DFF u_ibex_core/if_stage_i/gen_prefetch_buffer.prefetch_buffer_i/fifo_i/rdata_q_reg[1][5] not active when clocks are set on. (D9-407)
 Warning: Clock input CK of DFF u_ibex_core/if_stage_i/gen_prefetch_buffer.prefetch_buffer_i/fifo_i/rdata_q_reg[0][18] not active when clocks are set on. (D9-408)
 Warning: Clock input CK of DFF u_ibex_core/ex_block_i/gen_multdiv_fast.multdiv_i/op_quotient_q_reg[26] not active when clocks are set on. (D9-409)
 Warning: Clock input CK of DFF u_ibex_core/ex_block_i/gen_multdiv_fast.multdiv_i/op_quotient_q_reg[25] not active when clocks are set on. (D9-410)
 Warning: Clock input CK of DFF u_ibex_core/ex_block_i/gen_multdiv_fast.multdiv_i/op_quotient_q_reg[24] not active when clocks are set on. (D9-411)
 Warning: Clock input CK of DFF u_ibex_core/ex_block_i/gen_multdiv_fast.multdiv_i/op_quotient_q_reg[19] not active when clocks are set on. (D9-412)
 Warning: Clock input CK of DFF u_ibex_core/ex_block_i/gen_multdiv_fast.multdiv_i/op_quotient_q_reg[18] not active when clocks are set on. (D9-413)
 Warning: Clock input CK of DFF u_ibex_core/ex_block_i/gen_multdiv_fast.multdiv_i/op_quotient_q_reg[17] not active when clocks are set on. (D9-414)
 Warning: Clock input CK of DFF u_ibex_core/ex_block_i/gen_multdiv_fast.multdiv_i/op_quotient_q_reg[16] not active when clocks are set on. (D9-415)
 Warning: Clock input CK of DFF u_ibex_core/ex_block_i/gen_multdiv_fast.multdiv_i/op_quotient_q_reg[3] not active when clocks are set on. (D9-416)
 Warning: Clock input CK of DFF u_ibex_core/ex_block_i/gen_multdiv_fast.multdiv_i/op_quotient_q_reg[2] not active when clocks are set on. (D9-417)
 Warning: Clock input CK of DFF u_ibex_core/ex_block_i/gen_multdiv_fast.multdiv_i/op_quotient_q_reg[1] not active when clocks are set on. (D9-418)
 Warning: Clock input CK of DFF u_ibex_core/ex_block_i/gen_multdiv_fast.multdiv_i/op_quotient_q_reg[0] not active when clocks are set on. (D9-419)
 Warning: Clock input CK of DFF u_ibex_core/ex_block_i/gen_multdiv_fast.multdiv_i/op_quotient_q_reg[7] not active when clocks are set on. (D9-420)
 Warning: Clock input CK of DFF u_ibex_core/ex_block_i/gen_multdiv_fast.multdiv_i/op_quotient_q_reg[6] not active when clocks are set on. (D9-421)
 Warning: Clock input CK of DFF u_ibex_core/ex_block_i/gen_multdiv_fast.multdiv_i/op_quotient_q_reg[5] not active when clocks are set on. (D9-422)
 Warning: Clock input CK of DFF u_ibex_core/ex_block_i/gen_multdiv_fast.multdiv_i/op_quotient_q_reg[4] not active when clocks are set on. (D9-423)
 Warning: Clock input CK of DFF u_ibex_core/ex_block_i/gen_multdiv_fast.multdiv_i/op_quotient_q_reg[15] not active when clocks are set on. (D9-424)
 Warning: Clock input CK of DFF u_ibex_core/ex_block_i/gen_multdiv_fast.multdiv_i/op_quotient_q_reg[14] not active when clocks are set on. (D9-425)
 Warning: Clock input CK of DFF u_ibex_core/ex_block_i/gen_multdiv_fast.multdiv_i/op_quotient_q_reg[13] not active when clocks are set on. (D9-426)
 Warning: Clock input CK of DFF u_ibex_core/ex_block_i/gen_multdiv_fast.multdiv_i/op_quotient_q_reg[12] not active when clocks are set on. (D9-427)
 Warning: Clock input CK of DFF u_ibex_core/ex_block_i/gen_multdiv_fast.multdiv_i/op_quotient_q_reg[11] not active when clocks are set on. (D9-428)
 Warning: Clock input CK of DFF u_ibex_core/ex_block_i/gen_multdiv_fast.multdiv_i/op_quotient_q_reg[10] not active when clocks are set on. (D9-429)
 Warning: Clock input CK of DFF u_ibex_core/ex_block_i/gen_multdiv_fast.multdiv_i/op_quotient_q_reg[9] not active when clocks are set on. (D9-430)
 Warning: Clock input CK of DFF u_ibex_core/ex_block_i/gen_multdiv_fast.multdiv_i/op_quotient_q_reg[8] not active when clocks are set on. (D9-431)
 Warning: Clock input CK of DFF u_ibex_core/id_stage_i/branch_jump_set_done_q_reg not active when clocks are set on. (D9-432)
 Warning: Clock input CK of DFF u_ibex_core/if_stage_i/gen_prefetch_buffer.prefetch_buffer_i/rdata_outstanding_q_reg[1] not active when clocks are set on. (D9-433)
 Warning: Clock input CK of DFF u_ibex_core/if_stage_i/gen_prefetch_buffer.prefetch_buffer_i/valid_req_q_reg not active when clocks are set on. (D9-434)
 Warning: Clock input CK of DFF u_ibex_core/if_stage_i/gen_prefetch_buffer.prefetch_buffer_i/discard_req_q_reg not active when clocks are set on. (D9-435)
 Warning: Clock input CK of DFF u_ibex_core/if_stage_i/gen_prefetch_buffer.prefetch_buffer_i/branch_discard_q_reg[1] not active when clocks are set on. (D9-436)
 Warning: Clock input CK of DFF u_ibex_core/id_stage_i/imd_val_q_reg[1][5] not active when clocks are set on. (D9-437)
 Warning: Clock input CK of DFF u_ibex_core/id_stage_i/imd_val_q_reg[1][4] not active when clocks are set on. (D9-438)
 Warning: Clock input CK of DFF u_ibex_core/if_stage_i/instr_rdata_alu_id_o_reg[27] not active when clocks are set on. (D9-439)
 Warning: Clock input CK of DFF u_ibex_core/wb_stage_i/g_writeback_stage.rf_waddr_wb_q_reg[0] not active when clocks are set on. (D9-440)
 Warning: Clock input CK of DFF u_ibex_core/wb_stage_i/g_writeback_stage.wb_instr_type_q_reg[0] not active when clocks are set on. (D9-441)
 Warning: Clock input CK of DFF u_ibex_core/wb_stage_i/g_writeback_stage.rf_waddr_wb_q_reg[2] not active when clocks are set on. (D9-442)
 Warning: Clock input CK of DFF u_ibex_core/wb_stage_i/g_writeback_stage.rf_we_wb_q_reg not active when clocks are set on. (D9-443)
 Warning: Clock input CK of DFF u_ibex_core/if_stage_i/instr_rdata_id_o_reg[0] not active when clocks are set on. (D9-444)
 Warning: Clock input CK of DFF u_ibex_core/if_stage_i/instr_rdata_id_o_reg[1] not active when clocks are set on. (D9-445)
 Warning: Clock input CK of DFF u_ibex_core/if_stage_i/instr_rdata_id_o_reg[17] not active when clocks are set on. (D9-446)
 Warning: Clock input CK of DFF u_ibex_core/wb_stage_i/g_writeback_stage.rf_wdata_wb_q_reg[0] not active when clocks are set on. (D9-447)
 Warning: Clock input CK of DFF u_ibex_core/wb_stage_i/g_writeback_stage.rf_wdata_wb_q_reg[5] not active when clocks are set on. (D9-448)
 Warning: Clock input CK of DFF u_ibex_core/wb_stage_i/g_writeback_stage.rf_wdata_wb_q_reg[4] not active when clocks are set on. (D9-449)
 Warning: Clock input CK of DFF u_ibex_core/wb_stage_i/g_writeback_stage.rf_wdata_wb_q_reg[6] not active when clocks are set on. (D9-450)
 Warning: Clock input CK of DFF u_ibex_core/wb_stage_i/g_writeback_stage.rf_wdata_wb_q_reg[9] not active when clocks are set on. (D9-451)
 Warning: Clock input CK of DFF u_ibex_core/wb_stage_i/g_writeback_stage.rf_wdata_wb_q_reg[8] not active when clocks are set on. (D9-452)
 Warning: Clock input CK of DFF u_ibex_core/wb_stage_i/g_writeback_stage.rf_wdata_wb_q_reg[7] not active when clocks are set on. (D9-453)
 Warning: Clock input CK of DFF u_ibex_core/wb_stage_i/g_writeback_stage.rf_wdata_wb_q_reg[18] not active when clocks are set on. (D9-454)
 Warning: Clock input CK of DFF u_ibex_core/wb_stage_i/g_writeback_stage.rf_wdata_wb_q_reg[17] not active when clocks are set on. (D9-455)
 Warning: Clock input CK of DFF u_ibex_core/wb_stage_i/g_writeback_stage.rf_wdata_wb_q_reg[14] not active when clocks are set on. (D9-456)
 Warning: Clock input CK of DFF u_ibex_core/wb_stage_i/g_writeback_stage.rf_wdata_wb_q_reg[15] not active when clocks are set on. (D9-457)
 Warning: Clock input CK of DFF u_ibex_core/wb_stage_i/g_writeback_stage.rf_wdata_wb_q_reg[19] not active when clocks are set on. (D9-458)
 Warning: Clock input CK of DFF u_ibex_core/wb_stage_i/g_writeback_stage.rf_wdata_wb_q_reg[10] not active when clocks are set on. (D9-459)
 Warning: Clock input CK of DFF u_ibex_core/wb_stage_i/g_writeback_stage.rf_wdata_wb_q_reg[12] not active when clocks are set on. (D9-460)
 Warning: Clock input CK of DFF u_ibex_core/wb_stage_i/g_writeback_stage.rf_wdata_wb_q_reg[13] not active when clocks are set on. (D9-461)
 Warning: Clock input CK of DFF u_ibex_core/wb_stage_i/g_writeback_stage.rf_wdata_wb_q_reg[11] not active when clocks are set on. (D9-462)
 Warning: Clock input CK of DFF u_ibex_core/wb_stage_i/g_writeback_stage.rf_wdata_wb_q_reg[16] not active when clocks are set on. (D9-463)
 Warning: Clock input CK of DFF u_ibex_core/wb_stage_i/g_writeback_stage.rf_wdata_wb_q_reg[29] not active when clocks are set on. (D9-464)
 Warning: Clock input CK of DFF u_ibex_core/wb_stage_i/g_writeback_stage.rf_wdata_wb_q_reg[28] not active when clocks are set on. (D9-465)
 Warning: Clock input CK of DFF u_ibex_core/wb_stage_i/g_writeback_stage.rf_wdata_wb_q_reg[24] not active when clocks are set on. (D9-466)
 Warning: Clock input CK of DFF u_ibex_core/wb_stage_i/g_writeback_stage.rf_wdata_wb_q_reg[26] not active when clocks are set on. (D9-467)
 Warning: Clock input CK of DFF u_ibex_core/wb_stage_i/g_writeback_stage.rf_wdata_wb_q_reg[25] not active when clocks are set on. (D9-468)
 Warning: Clock input CK of DFF u_ibex_core/wb_stage_i/g_writeback_stage.rf_wdata_wb_q_reg[30] not active when clocks are set on. (D9-469)
 Warning: Clock input CK of DFF u_ibex_core/wb_stage_i/g_writeback_stage.rf_wdata_wb_q_reg[27] not active when clocks are set on. (D9-470)
 Warning: Clock input CK of DFF u_ibex_core/wb_stage_i/g_writeback_stage.rf_wdata_wb_q_reg[31] not active when clocks are set on. (D9-471)
 Warning: Clock input CK of DFF u_ibex_core/load_store_unit_i/rdata_q_reg[31] not active when clocks are set on. (D9-472)
 Warning: Clock input CK of DFF u_ibex_core/load_store_unit_i/rdata_q_reg[16] not active when clocks are set on. (D9-473)
 Warning: Clock input CK of DFF u_ibex_core/id_stage_i/controller_i/do_single_step_q_reg not active when clocks are set on. (D9-474)
 Warning: Clock input CK of DFF u_ibex_core/id_stage_i/imd_val_q_reg[1][14] not active when clocks are set on. (D9-475)
 Warning: Clock input CK of DFF u_ibex_core/id_stage_i/imd_val_q_reg[1][29] not active when clocks are set on. (D9-476)
 Warning: Clock input CK of DFF u_ibex_core/id_stage_i/imd_val_q_reg[0][19] not active when clocks are set on. (D9-477)
 Warning: Clock input CK of DFF u_ibex_core/id_stage_i/imd_val_q_reg[0][33] not active when clocks are set on. (D9-478)
 Warning: Clock input CK of DFF u_ibex_core/ex_block_i/gen_multdiv_fast.multdiv_i/op_numerator_q_reg[5] not active when clocks are set on. (D9-479)
 Warning: Clock input CK of DFF u_ibex_core/ex_block_i/gen_multdiv_fast.multdiv_i/op_numerator_q_reg[22] not active when clocks are set on. (D9-480)
 Warning: Clock input CK of DFF u_ibex_core/ex_block_i/gen_multdiv_fast.multdiv_i/op_quotient_q_reg[22] not active when clocks are set on. (D9-481)
 Warning: Clock input CK of DFF u_ibex_core/id_stage_i/imd_val_q_reg[0][1] not active when clocks are set on. (D9-482)
 Warning: Clock input CK of DFF u_ibex_core/load_store_unit_i/addr_last_q_reg[31] not active when clocks are set on. (D9-483)
 Warning: Clock input CK of DFF u_ibex_core/load_store_unit_i/addr_last_q_reg[29] not active when clocks are set on. (D9-484)
 Warning: Clock input CK of DFF u_ibex_core/load_store_unit_i/addr_last_q_reg[28] not active when clocks are set on. (D9-485)
 Warning: Clock input CK of DFF u_ibex_core/load_store_unit_i/addr_last_q_reg[27] not active when clocks are set on. (D9-486)
 Warning: Clock input CK of DFF u_ibex_core/load_store_unit_i/addr_last_q_reg[26] not active when clocks are set on. (D9-487)
 Warning: Clock input CK of DFF u_ibex_core/load_store_unit_i/addr_last_q_reg[25] not active when clocks are set on. (D9-488)
 Warning: Clock input CK of DFF u_ibex_core/load_store_unit_i/addr_last_q_reg[24] not active when clocks are set on. (D9-489)
 Warning: Clock input CK of DFF u_ibex_core/load_store_unit_i/addr_last_q_reg[23] not active when clocks are set on. (D9-490)
 Warning: Clock input CK of DFF u_ibex_core/load_store_unit_i/addr_last_q_reg[22] not active when clocks are set on. (D9-491)
 Warning: Clock input CK of DFF u_ibex_core/load_store_unit_i/addr_last_q_reg[19] not active when clocks are set on. (D9-492)
 Warning: Clock input CK of DFF u_ibex_core/load_store_unit_i/addr_last_q_reg[18] not active when clocks are set on. (D9-493)
 Warning: Clock input CK of DFF u_ibex_core/load_store_unit_i/addr_last_q_reg[16] not active when clocks are set on. (D9-494)
 Warning: Clock input CK of DFF u_ibex_core/load_store_unit_i/addr_last_q_reg[11] not active when clocks are set on. (D9-495)
 Warning: Clock input CK of DFF u_ibex_core/load_store_unit_i/addr_last_q_reg[9] not active when clocks are set on. (D9-496)
 Warning: Clock input CK of DFF u_ibex_core/load_store_unit_i/addr_last_q_reg[8] not active when clocks are set on. (D9-497)
 Warning: Clock input CK of DFF u_ibex_core/load_store_unit_i/addr_last_q_reg[5] not active when clocks are set on. (D9-498)
 Warning: Clock input CK of DFF u_ibex_core/ex_block_i/gen_multdiv_fast.multdiv_i/gen_mult_single_cycle.mult_state_q_reg not active when clocks are set on. (D9-499)
 Warning: Clock input CK of DFF u_ibex_core/if_stage_i/instr_rdata_id_o_reg[24] not active when clocks are set on. (D9-500)
 Warning: Clock input CK of DFF u_ibex_core/if_stage_i/gen_prefetch_buffer.prefetch_buffer_i/fifo_i/instr_addr_q_reg[1] not active when clocks are set on. (D9-501)
 Warning: Clock input CK of DFF u_ibex_core/if_stage_i/instr_rdata_alu_id_o_reg[14] not active when clocks are set on. (D9-502)
 Warning: Clock input CK of DFF u_ibex_core/if_stage_i/gen_prefetch_buffer.prefetch_buffer_i/fifo_i/valid_q_reg[0] not active when clocks are set on. (D9-503)
 Warning: Clock input CK of DFF u_ibex_core/if_stage_i/gen_prefetch_buffer.prefetch_buffer_i/fifo_i/valid_q_reg[2] not active when clocks are set on. (D9-504)
 Warning: Clock input CK of DFF u_ibex_core/load_store_unit_i/rdata_q_reg[8] not active when clocks are set on. (D9-505)
 Warning: Clock input CK of DFF u_ibex_core/load_store_unit_i/rdata_q_reg[30] not active when clocks are set on. (D9-506)
 Warning: Clock input CK of DFF u_ibex_core/load_store_unit_i/rdata_q_reg[29] not active when clocks are set on. (D9-507)
 Warning: Clock input CK of DFF u_ibex_core/load_store_unit_i/rdata_q_reg[28] not active when clocks are set on. (D9-508)
 Warning: Clock input CK of DFF u_ibex_core/load_store_unit_i/rdata_q_reg[27] not active when clocks are set on. (D9-509)
 Warning: Clock input CK of DFF u_ibex_core/load_store_unit_i/rdata_q_reg[26] not active when clocks are set on. (D9-510)
 Warning: Clock input CK of DFF u_ibex_core/load_store_unit_i/rdata_q_reg[25] not active when clocks are set on. (D9-511)
 Warning: Clock input CK of DFF u_ibex_core/load_store_unit_i/rdata_q_reg[24] not active when clocks are set on. (D9-512)
 Warning: Clock input CK of DFF u_ibex_core/load_store_unit_i/rdata_q_reg[23] not active when clocks are set on. (D9-513)
 Warning: Clock input CK of DFF u_ibex_core/load_store_unit_i/rdata_q_reg[22] not active when clocks are set on. (D9-514)
 Warning: Clock input CK of DFF u_ibex_core/load_store_unit_i/rdata_q_reg[21] not active when clocks are set on. (D9-515)
 Warning: Clock input CK of DFF u_ibex_core/load_store_unit_i/rdata_q_reg[20] not active when clocks are set on. (D9-516)
 Warning: Clock input CK of DFF u_ibex_core/load_store_unit_i/rdata_q_reg[19] not active when clocks are set on. (D9-517)
 Warning: Clock input CK of DFF u_ibex_core/load_store_unit_i/rdata_q_reg[18] not active when clocks are set on. (D9-518)
 Warning: Clock input CK of DFF u_ibex_core/load_store_unit_i/rdata_q_reg[17] not active when clocks are set on. (D9-519)
 Warning: Clock input CK of DFF u_ibex_core/load_store_unit_i/rdata_q_reg[15] not active when clocks are set on. (D9-520)
 Warning: Clock input CK of DFF u_ibex_core/load_store_unit_i/rdata_q_reg[14] not active when clocks are set on. (D9-521)
 Warning: Clock input CK of DFF u_ibex_core/load_store_unit_i/rdata_q_reg[12] not active when clocks are set on. (D9-522)
 Warning: Clock input CK of DFF u_ibex_core/load_store_unit_i/rdata_q_reg[11] not active when clocks are set on. (D9-523)
 Warning: Clock input CK of DFF u_ibex_core/load_store_unit_i/rdata_q_reg[10] not active when clocks are set on. (D9-524)
 Warning: Clock input CK of DFF u_ibex_core/load_store_unit_i/rdata_q_reg[9] not active when clocks are set on. (D9-525)
 Warning: Clock input CK of DFF u_ibex_core/id_stage_i/controller_i/enter_debug_mode_prio_q_reg not active when clocks are set on. (D9-526)
 Warning: Clock input CK of DFF u_ibex_core/id_stage_i/imd_val_q_reg[1][22] not active when clocks are set on. (D9-527)
 Warning: Clock input CK of DFF u_ibex_core/id_stage_i/imd_val_q_reg[1][23] not active when clocks are set on. (D9-528)
 Warning: Clock input CK of DFF u_ibex_core/id_stage_i/imd_val_q_reg[1][24] not active when clocks are set on. (D9-529)
 Warning: Clock input CK of DFF u_ibex_core/id_stage_i/imd_val_q_reg[1][25] not active when clocks are set on. (D9-530)
 Warning: Clock input CK of DFF u_ibex_core/id_stage_i/imd_val_q_reg[1][26] not active when clocks are set on. (D9-531)
 Warning: Clock input CK of DFF u_ibex_core/id_stage_i/imd_val_q_reg[1][28] not active when clocks are set on. (D9-532)
 Warning: Clock input CK of DFF u_ibex_core/id_stage_i/imd_val_q_reg[1][31] not active when clocks are set on. (D9-533)
 Warning: Clock input CK of DFF u_ibex_core/id_stage_i/imd_val_q_reg[0][5] not active when clocks are set on. (D9-534)
 Warning: Clock input CK of DFF u_ibex_core/id_stage_i/imd_val_q_reg[0][7] not active when clocks are set on. (D9-535)
 Warning: Clock input CK of DFF u_ibex_core/id_stage_i/imd_val_q_reg[0][9] not active when clocks are set on. (D9-536)
 Warning: Clock input CK of DFF u_ibex_core/id_stage_i/imd_val_q_reg[0][11] not active when clocks are set on. (D9-537)
 Warning: Clock input CK of DFF u_ibex_core/id_stage_i/imd_val_q_reg[0][12] not active when clocks are set on. (D9-538)
 Warning: Clock input CK of DFF u_ibex_core/id_stage_i/imd_val_q_reg[0][16] not active when clocks are set on. (D9-539)
 Warning: Clock input CK of DFF u_ibex_core/id_stage_i/imd_val_q_reg[0][24] not active when clocks are set on. (D9-540)
 Warning: Clock input CK of DFF u_ibex_core/id_stage_i/imd_val_q_reg[0][25] not active when clocks are set on. (D9-541)
 Warning: Clock input CK of DFF u_ibex_core/id_stage_i/imd_val_q_reg[0][26] not active when clocks are set on. (D9-542)
 Warning: Clock input CK of DFF u_ibex_core/id_stage_i/imd_val_q_reg[0][27] not active when clocks are set on. (D9-543)
 Warning: Clock input CK of DFF u_ibex_core/load_store_unit_i/data_type_q_reg[0] not active when clocks are set on. (D9-544)
 Warning: Clock input CK of DFF u_ibex_core/load_store_unit_i/addr_last_q_reg[30] not active when clocks are set on. (D9-545)
 Warning: Clock input CK of DFF u_ibex_core/ex_block_i/gen_multdiv_fast.multdiv_i/op_numerator_q_reg[4] not active when clocks are set on. (D9-546)
 Warning: Clock input CK of DFF u_ibex_core/ex_block_i/gen_multdiv_fast.multdiv_i/op_numerator_q_reg[8] not active when clocks are set on. (D9-547)
 Warning: Clock input CK of DFF u_ibex_core/ex_block_i/gen_multdiv_fast.multdiv_i/op_numerator_q_reg[9] not active when clocks are set on. (D9-548)
 Warning: Clock input CK of DFF u_ibex_core/ex_block_i/gen_multdiv_fast.multdiv_i/op_numerator_q_reg[10] not active when clocks are set on. (D9-549)
 Warning: Clock input CK of DFF u_ibex_core/ex_block_i/gen_multdiv_fast.multdiv_i/op_numerator_q_reg[12] not active when clocks are set on. (D9-550)
 Warning: Clock input CK of DFF u_ibex_core/ex_block_i/gen_multdiv_fast.multdiv_i/op_numerator_q_reg[13] not active when clocks are set on. (D9-551)
 Warning: Clock input CK of DFF u_ibex_core/ex_block_i/gen_multdiv_fast.multdiv_i/op_numerator_q_reg[14] not active when clocks are set on. (D9-552)
 Warning: Clock input CK of DFF u_ibex_core/ex_block_i/gen_multdiv_fast.multdiv_i/op_numerator_q_reg[15] not active when clocks are set on. (D9-553)
 Warning: Clock input CK of DFF u_ibex_core/ex_block_i/gen_multdiv_fast.multdiv_i/op_numerator_q_reg[16] not active when clocks are set on. (D9-554)
 Warning: Clock input CK of DFF u_ibex_core/ex_block_i/gen_multdiv_fast.multdiv_i/op_numerator_q_reg[17] not active when clocks are set on. (D9-555)
 Warning: Clock input CK of DFF u_ibex_core/ex_block_i/gen_multdiv_fast.multdiv_i/op_numerator_q_reg[18] not active when clocks are set on. (D9-556)
 Warning: Clock input CK of DFF u_ibex_core/ex_block_i/gen_multdiv_fast.multdiv_i/op_numerator_q_reg[19] not active when clocks are set on. (D9-557)
 Warning: Clock input CK of DFF u_ibex_core/ex_block_i/gen_multdiv_fast.multdiv_i/op_numerator_q_reg[20] not active when clocks are set on. (D9-558)
 Warning: Clock input CK of DFF u_ibex_core/ex_block_i/gen_multdiv_fast.multdiv_i/op_numerator_q_reg[21] not active when clocks are set on. (D9-559)
 Warning: Clock input CK of DFF u_ibex_core/ex_block_i/gen_multdiv_fast.multdiv_i/op_numerator_q_reg[23] not active when clocks are set on. (D9-560)
 Warning: Clock input CK of DFF u_ibex_core/ex_block_i/gen_multdiv_fast.multdiv_i/op_numerator_q_reg[24] not active when clocks are set on. (D9-561)
 Warning: Clock input CK of DFF u_ibex_core/ex_block_i/gen_multdiv_fast.multdiv_i/op_numerator_q_reg[25] not active when clocks are set on. (D9-562)
 Warning: Clock input CK of DFF u_ibex_core/ex_block_i/gen_multdiv_fast.multdiv_i/op_numerator_q_reg[28] not active when clocks are set on. (D9-563)
 Warning: Clock input CK of DFF u_ibex_core/ex_block_i/gen_multdiv_fast.multdiv_i/op_numerator_q_reg[29] not active when clocks are set on. (D9-564)
 Warning: Clock input CK of DFF u_ibex_core/ex_block_i/gen_multdiv_fast.multdiv_i/op_numerator_q_reg[31] not active when clocks are set on. (D9-565)
 Warning: Clock input CK of DFF u_ibex_core/ex_block_i/gen_multdiv_fast.multdiv_i/div_by_zero_q_reg not active when clocks are set on. (D9-566)
 Warning: Clock input CK of DFF u_ibex_core/ex_block_i/gen_multdiv_fast.multdiv_i/op_quotient_q_reg[20] not active when clocks are set on. (D9-567)
 Warning: Clock input CK of DFF u_ibex_core/ex_block_i/gen_multdiv_fast.multdiv_i/op_quotient_q_reg[21] not active when clocks are set on. (D9-568)
 Warning: Clock input CK of DFF u_ibex_core/ex_block_i/gen_multdiv_fast.multdiv_i/op_quotient_q_reg[23] not active when clocks are set on. (D9-569)
 Warning: Clock input CK of DFF u_ibex_core/ex_block_i/gen_multdiv_fast.multdiv_i/op_quotient_q_reg[27] not active when clocks are set on. (D9-570)
 Warning: Clock input CK of DFF u_ibex_core/ex_block_i/gen_multdiv_fast.multdiv_i/op_quotient_q_reg[28] not active when clocks are set on. (D9-571)
 Warning: Clock input CK of DFF u_ibex_core/ex_block_i/gen_multdiv_fast.multdiv_i/op_quotient_q_reg[29] not active when clocks are set on. (D9-572)
 Warning: Clock input CK of DFF u_ibex_core/ex_block_i/gen_multdiv_fast.multdiv_i/op_quotient_q_reg[30] not active when clocks are set on. (D9-573)
 Warning: Clock input CK of DFF u_ibex_core/ex_block_i/gen_multdiv_fast.multdiv_i/op_quotient_q_reg[31] not active when clocks are set on. (D9-574)
 Warning: Clock input CK of DFF u_ibex_core/id_stage_i/imd_val_q_reg[0][18] not active when clocks are set on. (D9-575)
 Warning: Clock input CK of DFF u_ibex_core/id_stage_i/imd_val_q_reg[0][17] not active when clocks are set on. (D9-576)
 Warning: Clock input CK of DFF u_ibex_core/id_stage_i/imd_val_q_reg[0][2] not active when clocks are set on. (D9-577)
 Warning: Clock input CK of DFF u_ibex_core/id_stage_i/imd_val_q_reg[0][6] not active when clocks are set on. (D9-578)
 Warning: Clock input CK of DFF u_ibex_core/id_stage_i/imd_val_q_reg[0][4] not active when clocks are set on. (D9-579)
 Warning: Clock input CK of DFF u_ibex_core/id_stage_i/imd_val_q_reg[0][3] not active when clocks are set on. (D9-580)
 Warning: Clock input CK of DFF u_ibex_core/id_stage_i/imd_val_q_reg[0][10] not active when clocks are set on. (D9-581)
 Warning: Clock input CK of DFF u_ibex_core/id_stage_i/imd_val_q_reg[0][0] not active when clocks are set on. (D9-582)
 Warning: Clock input CK of DFF u_ibex_core/if_stage_i/gen_prefetch_buffer.prefetch_buffer_i/fifo_i/rdata_q_reg[1][10] not active when clocks are set on. (D9-583)
 Warning: Clock input CK of DFF u_ibex_core/if_stage_i/gen_prefetch_buffer.prefetch_buffer_i/fifo_i/rdata_q_reg[1][29] not active when clocks are set on. (D9-584)
 Warning: Clock input CK of DFF u_ibex_core/load_store_unit_i/ls_fsm_cs_reg[2] not active when clocks are set on. (D9-585)
 Warning: Clock input CK of DFF u_ibex_core/load_store_unit_i/ls_fsm_cs_reg[0] not active when clocks are set on. (D9-586)
 Warning: Clock input CK of DFF u_ibex_core/load_store_unit_i/lsu_err_q_reg not active when clocks are set on. (D9-587)
 Warning: Clock input CK of DFF u_ibex_core/id_stage_i/imd_val_q_reg[0][15] not active when clocks are set on. (D9-588)
 Warning: Clock input CK of DFF u_ibex_core/load_store_unit_i/addr_last_q_reg[4] not active when clocks are set on. (D9-589)
 Warning: Clock input CK of DFF u_ibex_core/id_stage_i/imd_val_q_reg[1][30] not active when clocks are set on. (D9-590)
 Warning: Clock input CK of DFF u_ibex_core/id_stage_i/imd_val_q_reg[0][14] not active when clocks are set on. (D9-591)
 Warning: Clock input CK of DFF u_ibex_core/ex_block_i/gen_multdiv_fast.multdiv_i/op_numerator_q_reg[26] not active when clocks are set on. (D9-592)
 Warning: Clock input CK of DFF u_ibex_core/ex_block_i/gen_multdiv_fast.multdiv_i/op_numerator_q_reg[30] not active when clocks are set on. (D9-593)
 Warning: Clock input CK of DFF u_ibex_core/if_stage_i/instr_rdata_id_o_reg[22] not active when clocks are set on. (D9-594)
 Warning: Clock input CK of DFF u_ibex_core/if_stage_i/instr_rdata_id_o_reg[23] not active when clocks are set on. (D9-595)
 Warning: Clock input CK of DFF u_ibex_core/if_stage_i/instr_rdata_id_o_reg[21] not active when clocks are set on. (D9-596)
 Warning: Clock input clocked_on of DFF gen_regfile_ff.register_file_i/g_rf_flops[1].rf_reg_q_reg[31] not active when clocks are set on. (D9-597)
 Warning: Clock input clocked_on of DFF gen_regfile_ff.register_file_i/g_rf_flops[1].rf_reg_q_reg[30] not active when clocks are set on. (D9-598)
 Warning: Clock input clocked_on of DFF gen_regfile_ff.register_file_i/g_rf_flops[1].rf_reg_q_reg[29] not active when clocks are set on. (D9-599)
 Warning: Clock input clocked_on of DFF gen_regfile_ff.register_file_i/g_rf_flops[1].rf_reg_q_reg[28] not active when clocks are set on. (D9-600)
 Warning: Clock input clocked_on of DFF gen_regfile_ff.register_file_i/g_rf_flops[1].rf_reg_q_reg[27] not active when clocks are set on. (D9-601)
 Warning: Clock input clocked_on of DFF gen_regfile_ff.register_file_i/g_rf_flops[1].rf_reg_q_reg[26] not active when clocks are set on. (D9-602)
 Warning: Clock input clocked_on of DFF gen_regfile_ff.register_file_i/g_rf_flops[1].rf_reg_q_reg[25] not active when clocks are set on. (D9-603)
 Warning: Clock input clocked_on of DFF gen_regfile_ff.register_file_i/g_rf_flops[1].rf_reg_q_reg[24] not active when clocks are set on. (D9-604)
 Warning: Clock input clocked_on of DFF gen_regfile_ff.register_file_i/g_rf_flops[1].rf_reg_q_reg[23] not active when clocks are set on. (D9-605)
 Warning: Clock input clocked_on of DFF gen_regfile_ff.register_file_i/g_rf_flops[1].rf_reg_q_reg[22] not active when clocks are set on. (D9-606)
 Warning: Clock input clocked_on of DFF gen_regfile_ff.register_file_i/g_rf_flops[1].rf_reg_q_reg[21] not active when clocks are set on. (D9-607)
 Warning: Clock input clocked_on of DFF gen_regfile_ff.register_file_i/g_rf_flops[1].rf_reg_q_reg[20] not active when clocks are set on. (D9-608)
 Warning: Clock input clocked_on of DFF gen_regfile_ff.register_file_i/g_rf_flops[1].rf_reg_q_reg[19] not active when clocks are set on. (D9-609)
 Warning: Clock input clocked_on of DFF gen_regfile_ff.register_file_i/g_rf_flops[1].rf_reg_q_reg[18] not active when clocks are set on. (D9-610)
 Warning: Clock input clocked_on of DFF gen_regfile_ff.register_file_i/g_rf_flops[1].rf_reg_q_reg[17] not active when clocks are set on. (D9-611)
 Warning: Clock input clocked_on of DFF gen_regfile_ff.register_file_i/g_rf_flops[1].rf_reg_q_reg[16] not active when clocks are set on. (D9-612)
 Warning: Clock input clocked_on of DFF gen_regfile_ff.register_file_i/g_rf_flops[1].rf_reg_q_reg[15] not active when clocks are set on. (D9-613)
 Warning: Clock input clocked_on of DFF gen_regfile_ff.register_file_i/g_rf_flops[1].rf_reg_q_reg[14] not active when clocks are set on. (D9-614)
 Warning: Clock input clocked_on of DFF gen_regfile_ff.register_file_i/g_rf_flops[1].rf_reg_q_reg[13] not active when clocks are set on. (D9-615)
 Warning: Clock input clocked_on of DFF gen_regfile_ff.register_file_i/g_rf_flops[1].rf_reg_q_reg[12] not active when clocks are set on. (D9-616)
 Warning: Clock input clocked_on of DFF gen_regfile_ff.register_file_i/g_rf_flops[1].rf_reg_q_reg[11] not active when clocks are set on. (D9-617)
 Warning: Clock input clocked_on of DFF gen_regfile_ff.register_file_i/g_rf_flops[1].rf_reg_q_reg[10] not active when clocks are set on. (D9-618)
 Warning: Clock input clocked_on of DFF gen_regfile_ff.register_file_i/g_rf_flops[1].rf_reg_q_reg[9] not active when clocks are set on. (D9-619)
 Warning: Clock input clocked_on of DFF gen_regfile_ff.register_file_i/g_rf_flops[1].rf_reg_q_reg[8] not active when clocks are set on. (D9-620)
 Warning: Clock input clocked_on of DFF gen_regfile_ff.register_file_i/g_rf_flops[1].rf_reg_q_reg[7] not active when clocks are set on. (D9-621)
 Warning: Clock input clocked_on of DFF gen_regfile_ff.register_file_i/g_rf_flops[1].rf_reg_q_reg[6] not active when clocks are set on. (D9-622)
 Warning: Clock input clocked_on of DFF gen_regfile_ff.register_file_i/g_rf_flops[1].rf_reg_q_reg[5] not active when clocks are set on. (D9-623)
 Warning: Clock input clocked_on of DFF gen_regfile_ff.register_file_i/g_rf_flops[1].rf_reg_q_reg[4] not active when clocks are set on. (D9-624)
 Warning: Clock input clocked_on of DFF gen_regfile_ff.register_file_i/g_rf_flops[1].rf_reg_q_reg[3] not active when clocks are set on. (D9-625)
 Warning: Clock input clocked_on of DFF gen_regfile_ff.register_file_i/g_rf_flops[1].rf_reg_q_reg[2] not active when clocks are set on. (D9-626)
 Warning: Clock input clocked_on of DFF gen_regfile_ff.register_file_i/g_rf_flops[1].rf_reg_q_reg[1] not active when clocks are set on. (D9-627)
 Warning: Clock input clocked_on of DFF gen_regfile_ff.register_file_i/g_rf_flops[1].rf_reg_q_reg[0] not active when clocks are set on. (D9-628)
 Warning: Clock input clocked_on of DFF gen_regfile_ff.register_file_i/g_rf_flops[2].rf_reg_q_reg[31] not active when clocks are set on. (D9-629)
 Warning: Clock input clocked_on of DFF gen_regfile_ff.register_file_i/g_rf_flops[2].rf_reg_q_reg[30] not active when clocks are set on. (D9-630)
 Warning: Clock input clocked_on of DFF gen_regfile_ff.register_file_i/g_rf_flops[2].rf_reg_q_reg[29] not active when clocks are set on. (D9-631)
 Warning: Clock input clocked_on of DFF gen_regfile_ff.register_file_i/g_rf_flops[2].rf_reg_q_reg[28] not active when clocks are set on. (D9-632)
 Warning: Clock input clocked_on of DFF gen_regfile_ff.register_file_i/g_rf_flops[2].rf_reg_q_reg[27] not active when clocks are set on. (D9-633)
 Warning: Clock input clocked_on of DFF gen_regfile_ff.register_file_i/g_rf_flops[2].rf_reg_q_reg[26] not active when clocks are set on. (D9-634)
 Warning: Clock input clocked_on of DFF gen_regfile_ff.register_file_i/g_rf_flops[2].rf_reg_q_reg[25] not active when clocks are set on. (D9-635)
 Warning: Clock input clocked_on of DFF gen_regfile_ff.register_file_i/g_rf_flops[2].rf_reg_q_reg[24] not active when clocks are set on. (D9-636)
 Warning: Clock input clocked_on of DFF gen_regfile_ff.register_file_i/g_rf_flops[2].rf_reg_q_reg[23] not active when clocks are set on. (D9-637)
 Warning: Clock input clocked_on of DFF gen_regfile_ff.register_file_i/g_rf_flops[2].rf_reg_q_reg[22] not active when clocks are set on. (D9-638)
 Warning: Clock input clocked_on of DFF gen_regfile_ff.register_file_i/g_rf_flops[2].rf_reg_q_reg[21] not active when clocks are set on. (D9-639)
 Warning: Clock input clocked_on of DFF gen_regfile_ff.register_file_i/g_rf_flops[2].rf_reg_q_reg[20] not active when clocks are set on. (D9-640)
 Warning: Clock input clocked_on of DFF gen_regfile_ff.register_file_i/g_rf_flops[2].rf_reg_q_reg[19] not active when clocks are set on. (D9-641)
 Warning: Clock input clocked_on of DFF gen_regfile_ff.register_file_i/g_rf_flops[2].rf_reg_q_reg[18] not active when clocks are set on. (D9-642)
 Warning: Clock input clocked_on of DFF gen_regfile_ff.register_file_i/g_rf_flops[2].rf_reg_q_reg[17] not active when clocks are set on. (D9-643)
 Warning: Clock input clocked_on of DFF gen_regfile_ff.register_file_i/g_rf_flops[2].rf_reg_q_reg[16] not active when clocks are set on. (D9-644)
 Warning: Clock input clocked_on of DFF gen_regfile_ff.register_file_i/g_rf_flops[2].rf_reg_q_reg[15] not active when clocks are set on. (D9-645)
 Warning: Clock input clocked_on of DFF gen_regfile_ff.register_file_i/g_rf_flops[2].rf_reg_q_reg[14] not active when clocks are set on. (D9-646)
 Warning: Clock input clocked_on of DFF gen_regfile_ff.register_file_i/g_rf_flops[2].rf_reg_q_reg[13] not active when clocks are set on. (D9-647)
 Warning: Clock input clocked_on of DFF gen_regfile_ff.register_file_i/g_rf_flops[2].rf_reg_q_reg[12] not active when clocks are set on. (D9-648)
 Warning: Clock input clocked_on of DFF gen_regfile_ff.register_file_i/g_rf_flops[2].rf_reg_q_reg[11] not active when clocks are set on. (D9-649)
 Warning: Clock input clocked_on of DFF gen_regfile_ff.register_file_i/g_rf_flops[2].rf_reg_q_reg[10] not active when clocks are set on. (D9-650)
 Warning: Clock input clocked_on of DFF gen_regfile_ff.register_file_i/g_rf_flops[2].rf_reg_q_reg[9] not active when clocks are set on. (D9-651)
 Warning: Clock input clocked_on of DFF gen_regfile_ff.register_file_i/g_rf_flops[2].rf_reg_q_reg[8] not active when clocks are set on. (D9-652)
 Warning: Clock input clocked_on of DFF gen_regfile_ff.register_file_i/g_rf_flops[2].rf_reg_q_reg[7] not active when clocks are set on. (D9-653)
 Warning: Clock input clocked_on of DFF gen_regfile_ff.register_file_i/g_rf_flops[2].rf_reg_q_reg[6] not active when clocks are set on. (D9-654)
 Warning: Clock input clocked_on of DFF gen_regfile_ff.register_file_i/g_rf_flops[2].rf_reg_q_reg[5] not active when clocks are set on. (D9-655)
 Warning: Clock input clocked_on of DFF gen_regfile_ff.register_file_i/g_rf_flops[2].rf_reg_q_reg[4] not active when clocks are set on. (D9-656)
 Warning: Clock input clocked_on of DFF gen_regfile_ff.register_file_i/g_rf_flops[2].rf_reg_q_reg[3] not active when clocks are set on. (D9-657)
 Warning: Clock input clocked_on of DFF gen_regfile_ff.register_file_i/g_rf_flops[2].rf_reg_q_reg[2] not active when clocks are set on. (D9-658)
 Warning: Clock input clocked_on of DFF gen_regfile_ff.register_file_i/g_rf_flops[2].rf_reg_q_reg[1] not active when clocks are set on. (D9-659)
 Warning: Clock input clocked_on of DFF gen_regfile_ff.register_file_i/g_rf_flops[2].rf_reg_q_reg[0] not active when clocks are set on. (D9-660)
 Warning: Clock input clocked_on of DFF gen_regfile_ff.register_file_i/g_rf_flops[3].rf_reg_q_reg[31] not active when clocks are set on. (D9-661)
 Warning: Clock input clocked_on of DFF gen_regfile_ff.register_file_i/g_rf_flops[3].rf_reg_q_reg[30] not active when clocks are set on. (D9-662)
 Warning: Clock input clocked_on of DFF gen_regfile_ff.register_file_i/g_rf_flops[3].rf_reg_q_reg[29] not active when clocks are set on. (D9-663)
 Warning: Clock input clocked_on of DFF gen_regfile_ff.register_file_i/g_rf_flops[3].rf_reg_q_reg[28] not active when clocks are set on. (D9-664)
 Warning: Clock input clocked_on of DFF gen_regfile_ff.register_file_i/g_rf_flops[3].rf_reg_q_reg[27] not active when clocks are set on. (D9-665)
 Warning: Clock input clocked_on of DFF gen_regfile_ff.register_file_i/g_rf_flops[3].rf_reg_q_reg[26] not active when clocks are set on. (D9-666)
 Warning: Clock input clocked_on of DFF gen_regfile_ff.register_file_i/g_rf_flops[3].rf_reg_q_reg[25] not active when clocks are set on. (D9-667)
 Warning: Clock input clocked_on of DFF gen_regfile_ff.register_file_i/g_rf_flops[3].rf_reg_q_reg[24] not active when clocks are set on. (D9-668)
 Warning: Clock input clocked_on of DFF gen_regfile_ff.register_file_i/g_rf_flops[3].rf_reg_q_reg[23] not active when clocks are set on. (D9-669)
 Warning: Clock input clocked_on of DFF gen_regfile_ff.register_file_i/g_rf_flops[3].rf_reg_q_reg[22] not active when clocks are set on. (D9-670)
 Warning: Clock input clocked_on of DFF gen_regfile_ff.register_file_i/g_rf_flops[3].rf_reg_q_reg[21] not active when clocks are set on. (D9-671)
 Warning: Clock input clocked_on of DFF gen_regfile_ff.register_file_i/g_rf_flops[3].rf_reg_q_reg[20] not active when clocks are set on. (D9-672)
 Warning: Clock input clocked_on of DFF gen_regfile_ff.register_file_i/g_rf_flops[3].rf_reg_q_reg[19] not active when clocks are set on. (D9-673)
 Warning: Clock input clocked_on of DFF gen_regfile_ff.register_file_i/g_rf_flops[3].rf_reg_q_reg[18] not active when clocks are set on. (D9-674)
 Warning: Clock input clocked_on of DFF gen_regfile_ff.register_file_i/g_rf_flops[3].rf_reg_q_reg[17] not active when clocks are set on. (D9-675)
 Warning: Clock input clocked_on of DFF gen_regfile_ff.register_file_i/g_rf_flops[3].rf_reg_q_reg[16] not active when clocks are set on. (D9-676)
 Warning: Clock input clocked_on of DFF gen_regfile_ff.register_file_i/g_rf_flops[3].rf_reg_q_reg[15] not active when clocks are set on. (D9-677)
 Warning: Clock input clocked_on of DFF gen_regfile_ff.register_file_i/g_rf_flops[3].rf_reg_q_reg[14] not active when clocks are set on. (D9-678)
 Warning: Clock input clocked_on of DFF gen_regfile_ff.register_file_i/g_rf_flops[3].rf_reg_q_reg[13] not active when clocks are set on. (D9-679)
 Warning: Clock input clocked_on of DFF gen_regfile_ff.register_file_i/g_rf_flops[3].rf_reg_q_reg[12] not active when clocks are set on. (D9-680)
 Warning: Clock input clocked_on of DFF gen_regfile_ff.register_file_i/g_rf_flops[3].rf_reg_q_reg[11] not active when clocks are set on. (D9-681)
 Warning: Clock input clocked_on of DFF gen_regfile_ff.register_file_i/g_rf_flops[3].rf_reg_q_reg[10] not active when clocks are set on. (D9-682)
 Warning: Clock input clocked_on of DFF gen_regfile_ff.register_file_i/g_rf_flops[3].rf_reg_q_reg[9] not active when clocks are set on. (D9-683)
 Warning: Clock input clocked_on of DFF gen_regfile_ff.register_file_i/g_rf_flops[3].rf_reg_q_reg[8] not active when clocks are set on. (D9-684)
 Warning: Clock input clocked_on of DFF gen_regfile_ff.register_file_i/g_rf_flops[3].rf_reg_q_reg[7] not active when clocks are set on. (D9-685)
 Warning: Clock input clocked_on of DFF gen_regfile_ff.register_file_i/g_rf_flops[3].rf_reg_q_reg[6] not active when clocks are set on. (D9-686)
 Warning: Clock input clocked_on of DFF gen_regfile_ff.register_file_i/g_rf_flops[3].rf_reg_q_reg[5] not active when clocks are set on. (D9-687)
 Warning: Clock input clocked_on of DFF gen_regfile_ff.register_file_i/g_rf_flops[3].rf_reg_q_reg[4] not active when clocks are set on. (D9-688)
 Warning: Clock input clocked_on of DFF gen_regfile_ff.register_file_i/g_rf_flops[3].rf_reg_q_reg[3] not active when clocks are set on. (D9-689)
 Warning: Clock input clocked_on of DFF gen_regfile_ff.register_file_i/g_rf_flops[3].rf_reg_q_reg[2] not active when clocks are set on. (D9-690)
 Warning: Clock input clocked_on of DFF gen_regfile_ff.register_file_i/g_rf_flops[3].rf_reg_q_reg[1] not active when clocks are set on. (D9-691)
 Warning: Clock input clocked_on of DFF gen_regfile_ff.register_file_i/g_rf_flops[3].rf_reg_q_reg[0] not active when clocks are set on. (D9-692)
 Warning: Clock input clocked_on of DFF gen_regfile_ff.register_file_i/g_rf_flops[4].rf_reg_q_reg[31] not active when clocks are set on. (D9-693)
 Warning: Clock input clocked_on of DFF gen_regfile_ff.register_file_i/g_rf_flops[4].rf_reg_q_reg[30] not active when clocks are set on. (D9-694)
 Warning: Clock input clocked_on of DFF gen_regfile_ff.register_file_i/g_rf_flops[4].rf_reg_q_reg[29] not active when clocks are set on. (D9-695)
 Warning: Clock input clocked_on of DFF gen_regfile_ff.register_file_i/g_rf_flops[4].rf_reg_q_reg[28] not active when clocks are set on. (D9-696)
 Warning: Clock input clocked_on of DFF gen_regfile_ff.register_file_i/g_rf_flops[4].rf_reg_q_reg[27] not active when clocks are set on. (D9-697)
 Warning: Clock input clocked_on of DFF gen_regfile_ff.register_file_i/g_rf_flops[4].rf_reg_q_reg[26] not active when clocks are set on. (D9-698)
 Warning: Clock input clocked_on of DFF gen_regfile_ff.register_file_i/g_rf_flops[4].rf_reg_q_reg[25] not active when clocks are set on. (D9-699)
 Warning: Clock input clocked_on of DFF gen_regfile_ff.register_file_i/g_rf_flops[4].rf_reg_q_reg[24] not active when clocks are set on. (D9-700)
 Warning: Clock input clocked_on of DFF gen_regfile_ff.register_file_i/g_rf_flops[4].rf_reg_q_reg[23] not active when clocks are set on. (D9-701)
 Warning: Clock input clocked_on of DFF gen_regfile_ff.register_file_i/g_rf_flops[4].rf_reg_q_reg[22] not active when clocks are set on. (D9-702)
 Warning: Clock input clocked_on of DFF gen_regfile_ff.register_file_i/g_rf_flops[4].rf_reg_q_reg[21] not active when clocks are set on. (D9-703)
 Warning: Clock input clocked_on of DFF gen_regfile_ff.register_file_i/g_rf_flops[4].rf_reg_q_reg[20] not active when clocks are set on. (D9-704)
 Warning: Clock input clocked_on of DFF gen_regfile_ff.register_file_i/g_rf_flops[4].rf_reg_q_reg[19] not active when clocks are set on. (D9-705)
 Warning: Clock input clocked_on of DFF gen_regfile_ff.register_file_i/g_rf_flops[4].rf_reg_q_reg[18] not active when clocks are set on. (D9-706)
 Warning: Clock input clocked_on of DFF gen_regfile_ff.register_file_i/g_rf_flops[4].rf_reg_q_reg[17] not active when clocks are set on. (D9-707)
 Warning: Clock input clocked_on of DFF gen_regfile_ff.register_file_i/g_rf_flops[4].rf_reg_q_reg[16] not active when clocks are set on. (D9-708)
 Warning: Clock input clocked_on of DFF gen_regfile_ff.register_file_i/g_rf_flops[4].rf_reg_q_reg[15] not active when clocks are set on. (D9-709)
 Warning: Clock input clocked_on of DFF gen_regfile_ff.register_file_i/g_rf_flops[4].rf_reg_q_reg[14] not active when clocks are set on. (D9-710)
 Warning: Clock input clocked_on of DFF gen_regfile_ff.register_file_i/g_rf_flops[4].rf_reg_q_reg[13] not active when clocks are set on. (D9-711)
 Warning: Clock input clocked_on of DFF gen_regfile_ff.register_file_i/g_rf_flops[4].rf_reg_q_reg[12] not active when clocks are set on. (D9-712)
 Warning: Clock input clocked_on of DFF gen_regfile_ff.register_file_i/g_rf_flops[4].rf_reg_q_reg[11] not active when clocks are set on. (D9-713)
 Warning: Clock input clocked_on of DFF gen_regfile_ff.register_file_i/g_rf_flops[4].rf_reg_q_reg[10] not active when clocks are set on. (D9-714)
 Warning: Clock input clocked_on of DFF gen_regfile_ff.register_file_i/g_rf_flops[4].rf_reg_q_reg[9] not active when clocks are set on. (D9-715)
 Warning: Clock input clocked_on of DFF gen_regfile_ff.register_file_i/g_rf_flops[4].rf_reg_q_reg[8] not active when clocks are set on. (D9-716)
 Warning: Clock input clocked_on of DFF gen_regfile_ff.register_file_i/g_rf_flops[4].rf_reg_q_reg[7] not active when clocks are set on. (D9-717)
 Warning: Clock input clocked_on of DFF gen_regfile_ff.register_file_i/g_rf_flops[4].rf_reg_q_reg[6] not active when clocks are set on. (D9-718)
 Warning: Clock input clocked_on of DFF gen_regfile_ff.register_file_i/g_rf_flops[4].rf_reg_q_reg[5] not active when clocks are set on. (D9-719)
 Warning: Clock input clocked_on of DFF gen_regfile_ff.register_file_i/g_rf_flops[4].rf_reg_q_reg[4] not active when clocks are set on. (D9-720)
 Warning: Clock input clocked_on of DFF gen_regfile_ff.register_file_i/g_rf_flops[4].rf_reg_q_reg[3] not active when clocks are set on. (D9-721)
 Warning: Clock input clocked_on of DFF gen_regfile_ff.register_file_i/g_rf_flops[4].rf_reg_q_reg[2] not active when clocks are set on. (D9-722)
 Warning: Clock input clocked_on of DFF gen_regfile_ff.register_file_i/g_rf_flops[4].rf_reg_q_reg[1] not active when clocks are set on. (D9-723)
 Warning: Clock input clocked_on of DFF gen_regfile_ff.register_file_i/g_rf_flops[4].rf_reg_q_reg[0] not active when clocks are set on. (D9-724)
 Warning: Clock input clocked_on of DFF gen_regfile_ff.register_file_i/g_rf_flops[5].rf_reg_q_reg[31] not active when clocks are set on. (D9-725)
 Warning: Clock input clocked_on of DFF gen_regfile_ff.register_file_i/g_rf_flops[5].rf_reg_q_reg[30] not active when clocks are set on. (D9-726)
 Warning: Clock input clocked_on of DFF gen_regfile_ff.register_file_i/g_rf_flops[5].rf_reg_q_reg[29] not active when clocks are set on. (D9-727)
 Warning: Clock input clocked_on of DFF gen_regfile_ff.register_file_i/g_rf_flops[5].rf_reg_q_reg[28] not active when clocks are set on. (D9-728)
 Warning: Clock input clocked_on of DFF gen_regfile_ff.register_file_i/g_rf_flops[5].rf_reg_q_reg[27] not active when clocks are set on. (D9-729)
 Warning: Clock input clocked_on of DFF gen_regfile_ff.register_file_i/g_rf_flops[5].rf_reg_q_reg[26] not active when clocks are set on. (D9-730)
 Warning: Clock input clocked_on of DFF gen_regfile_ff.register_file_i/g_rf_flops[5].rf_reg_q_reg[25] not active when clocks are set on. (D9-731)
 Warning: Clock input clocked_on of DFF gen_regfile_ff.register_file_i/g_rf_flops[5].rf_reg_q_reg[24] not active when clocks are set on. (D9-732)
 Warning: Clock input clocked_on of DFF gen_regfile_ff.register_file_i/g_rf_flops[5].rf_reg_q_reg[23] not active when clocks are set on. (D9-733)
 Warning: Clock input clocked_on of DFF gen_regfile_ff.register_file_i/g_rf_flops[5].rf_reg_q_reg[22] not active when clocks are set on. (D9-734)
 Warning: Clock input clocked_on of DFF gen_regfile_ff.register_file_i/g_rf_flops[5].rf_reg_q_reg[21] not active when clocks are set on. (D9-735)
 Warning: Clock input clocked_on of DFF gen_regfile_ff.register_file_i/g_rf_flops[5].rf_reg_q_reg[20] not active when clocks are set on. (D9-736)
 Warning: Clock input clocked_on of DFF gen_regfile_ff.register_file_i/g_rf_flops[5].rf_reg_q_reg[19] not active when clocks are set on. (D9-737)
 Warning: Clock input clocked_on of DFF gen_regfile_ff.register_file_i/g_rf_flops[5].rf_reg_q_reg[18] not active when clocks are set on. (D9-738)
 Warning: Clock input clocked_on of DFF gen_regfile_ff.register_file_i/g_rf_flops[5].rf_reg_q_reg[17] not active when clocks are set on. (D9-739)
 Warning: Clock input clocked_on of DFF gen_regfile_ff.register_file_i/g_rf_flops[5].rf_reg_q_reg[16] not active when clocks are set on. (D9-740)
 Warning: Clock input clocked_on of DFF gen_regfile_ff.register_file_i/g_rf_flops[5].rf_reg_q_reg[15] not active when clocks are set on. (D9-741)
 Warning: Clock input clocked_on of DFF gen_regfile_ff.register_file_i/g_rf_flops[5].rf_reg_q_reg[14] not active when clocks are set on. (D9-742)
 Warning: Clock input clocked_on of DFF gen_regfile_ff.register_file_i/g_rf_flops[5].rf_reg_q_reg[13] not active when clocks are set on. (D9-743)
 Warning: Clock input clocked_on of DFF gen_regfile_ff.register_file_i/g_rf_flops[5].rf_reg_q_reg[12] not active when clocks are set on. (D9-744)
 Warning: Clock input clocked_on of DFF gen_regfile_ff.register_file_i/g_rf_flops[5].rf_reg_q_reg[11] not active when clocks are set on. (D9-745)
 Warning: Clock input clocked_on of DFF gen_regfile_ff.register_file_i/g_rf_flops[5].rf_reg_q_reg[10] not active when clocks are set on. (D9-746)
 Warning: Clock input clocked_on of DFF gen_regfile_ff.register_file_i/g_rf_flops[5].rf_reg_q_reg[9] not active when clocks are set on. (D9-747)
 Warning: Clock input clocked_on of DFF gen_regfile_ff.register_file_i/g_rf_flops[5].rf_reg_q_reg[8] not active when clocks are set on. (D9-748)
 Warning: Clock input clocked_on of DFF gen_regfile_ff.register_file_i/g_rf_flops[5].rf_reg_q_reg[7] not active when clocks are set on. (D9-749)
 Warning: Clock input clocked_on of DFF gen_regfile_ff.register_file_i/g_rf_flops[5].rf_reg_q_reg[6] not active when clocks are set on. (D9-750)
 Warning: Clock input clocked_on of DFF gen_regfile_ff.register_file_i/g_rf_flops[5].rf_reg_q_reg[5] not active when clocks are set on. (D9-751)
 Warning: Clock input clocked_on of DFF gen_regfile_ff.register_file_i/g_rf_flops[5].rf_reg_q_reg[4] not active when clocks are set on. (D9-752)
 Warning: Clock input clocked_on of DFF gen_regfile_ff.register_file_i/g_rf_flops[5].rf_reg_q_reg[3] not active when clocks are set on. (D9-753)
 Warning: Clock input clocked_on of DFF gen_regfile_ff.register_file_i/g_rf_flops[5].rf_reg_q_reg[2] not active when clocks are set on. (D9-754)
 Warning: Clock input clocked_on of DFF gen_regfile_ff.register_file_i/g_rf_flops[5].rf_reg_q_reg[1] not active when clocks are set on. (D9-755)
 Warning: Clock input clocked_on of DFF gen_regfile_ff.register_file_i/g_rf_flops[5].rf_reg_q_reg[0] not active when clocks are set on. (D9-756)
 Warning: Clock input clocked_on of DFF gen_regfile_ff.register_file_i/g_rf_flops[6].rf_reg_q_reg[31] not active when clocks are set on. (D9-757)
 Warning: Clock input clocked_on of DFF gen_regfile_ff.register_file_i/g_rf_flops[6].rf_reg_q_reg[30] not active when clocks are set on. (D9-758)
 Warning: Clock input clocked_on of DFF gen_regfile_ff.register_file_i/g_rf_flops[6].rf_reg_q_reg[29] not active when clocks are set on. (D9-759)
 Warning: Clock input clocked_on of DFF gen_regfile_ff.register_file_i/g_rf_flops[6].rf_reg_q_reg[28] not active when clocks are set on. (D9-760)
 Warning: Clock input clocked_on of DFF gen_regfile_ff.register_file_i/g_rf_flops[6].rf_reg_q_reg[27] not active when clocks are set on. (D9-761)
 Warning: Clock input clocked_on of DFF gen_regfile_ff.register_file_i/g_rf_flops[6].rf_reg_q_reg[26] not active when clocks are set on. (D9-762)
 Warning: Clock input clocked_on of DFF gen_regfile_ff.register_file_i/g_rf_flops[6].rf_reg_q_reg[25] not active when clocks are set on. (D9-763)
 Warning: Clock input clocked_on of DFF gen_regfile_ff.register_file_i/g_rf_flops[6].rf_reg_q_reg[24] not active when clocks are set on. (D9-764)
 Warning: Clock input clocked_on of DFF gen_regfile_ff.register_file_i/g_rf_flops[6].rf_reg_q_reg[23] not active when clocks are set on. (D9-765)
 Warning: Clock input clocked_on of DFF gen_regfile_ff.register_file_i/g_rf_flops[6].rf_reg_q_reg[22] not active when clocks are set on. (D9-766)
 Warning: Clock input clocked_on of DFF gen_regfile_ff.register_file_i/g_rf_flops[6].rf_reg_q_reg[21] not active when clocks are set on. (D9-767)
 Warning: Clock input clocked_on of DFF gen_regfile_ff.register_file_i/g_rf_flops[6].rf_reg_q_reg[20] not active when clocks are set on. (D9-768)
 Warning: Clock input clocked_on of DFF gen_regfile_ff.register_file_i/g_rf_flops[6].rf_reg_q_reg[19] not active when clocks are set on. (D9-769)
 Warning: Clock input clocked_on of DFF gen_regfile_ff.register_file_i/g_rf_flops[6].rf_reg_q_reg[18] not active when clocks are set on. (D9-770)
 Warning: Clock input clocked_on of DFF gen_regfile_ff.register_file_i/g_rf_flops[6].rf_reg_q_reg[17] not active when clocks are set on. (D9-771)
 Warning: Clock input clocked_on of DFF gen_regfile_ff.register_file_i/g_rf_flops[6].rf_reg_q_reg[16] not active when clocks are set on. (D9-772)
 Warning: Clock input clocked_on of DFF gen_regfile_ff.register_file_i/g_rf_flops[6].rf_reg_q_reg[15] not active when clocks are set on. (D9-773)
 Warning: Clock input clocked_on of DFF gen_regfile_ff.register_file_i/g_rf_flops[6].rf_reg_q_reg[14] not active when clocks are set on. (D9-774)
 Warning: Clock input clocked_on of DFF gen_regfile_ff.register_file_i/g_rf_flops[6].rf_reg_q_reg[13] not active when clocks are set on. (D9-775)
 Warning: Clock input clocked_on of DFF gen_regfile_ff.register_file_i/g_rf_flops[6].rf_reg_q_reg[12] not active when clocks are set on. (D9-776)
 Warning: Clock input clocked_on of DFF gen_regfile_ff.register_file_i/g_rf_flops[6].rf_reg_q_reg[11] not active when clocks are set on. (D9-777)
 Warning: Clock input clocked_on of DFF gen_regfile_ff.register_file_i/g_rf_flops[6].rf_reg_q_reg[10] not active when clocks are set on. (D9-778)
 Warning: Clock input clocked_on of DFF gen_regfile_ff.register_file_i/g_rf_flops[6].rf_reg_q_reg[9] not active when clocks are set on. (D9-779)
 Warning: Clock input clocked_on of DFF gen_regfile_ff.register_file_i/g_rf_flops[6].rf_reg_q_reg[8] not active when clocks are set on. (D9-780)
 Warning: Clock input clocked_on of DFF gen_regfile_ff.register_file_i/g_rf_flops[6].rf_reg_q_reg[7] not active when clocks are set on. (D9-781)
 Warning: Clock input clocked_on of DFF gen_regfile_ff.register_file_i/g_rf_flops[6].rf_reg_q_reg[6] not active when clocks are set on. (D9-782)
 Warning: Clock input clocked_on of DFF gen_regfile_ff.register_file_i/g_rf_flops[6].rf_reg_q_reg[5] not active when clocks are set on. (D9-783)
 Warning: Clock input clocked_on of DFF gen_regfile_ff.register_file_i/g_rf_flops[6].rf_reg_q_reg[4] not active when clocks are set on. (D9-784)
 Warning: Clock input clocked_on of DFF gen_regfile_ff.register_file_i/g_rf_flops[6].rf_reg_q_reg[3] not active when clocks are set on. (D9-785)
 Warning: Clock input clocked_on of DFF gen_regfile_ff.register_file_i/g_rf_flops[6].rf_reg_q_reg[2] not active when clocks are set on. (D9-786)
 Warning: Clock input clocked_on of DFF gen_regfile_ff.register_file_i/g_rf_flops[6].rf_reg_q_reg[1] not active when clocks are set on. (D9-787)
 Warning: Clock input clocked_on of DFF gen_regfile_ff.register_file_i/g_rf_flops[6].rf_reg_q_reg[0] not active when clocks are set on. (D9-788)
 Warning: Clock input clocked_on of DFF gen_regfile_ff.register_file_i/g_rf_flops[7].rf_reg_q_reg[31] not active when clocks are set on. (D9-789)
 Warning: Clock input clocked_on of DFF gen_regfile_ff.register_file_i/g_rf_flops[7].rf_reg_q_reg[30] not active when clocks are set on. (D9-790)
 Warning: Clock input clocked_on of DFF gen_regfile_ff.register_file_i/g_rf_flops[7].rf_reg_q_reg[29] not active when clocks are set on. (D9-791)
 Warning: Clock input clocked_on of DFF gen_regfile_ff.register_file_i/g_rf_flops[7].rf_reg_q_reg[28] not active when clocks are set on. (D9-792)
 Warning: Clock input clocked_on of DFF gen_regfile_ff.register_file_i/g_rf_flops[7].rf_reg_q_reg[27] not active when clocks are set on. (D9-793)
 Warning: Clock input clocked_on of DFF gen_regfile_ff.register_file_i/g_rf_flops[7].rf_reg_q_reg[26] not active when clocks are set on. (D9-794)
 Warning: Clock input clocked_on of DFF gen_regfile_ff.register_file_i/g_rf_flops[7].rf_reg_q_reg[25] not active when clocks are set on. (D9-795)
 Warning: Clock input clocked_on of DFF gen_regfile_ff.register_file_i/g_rf_flops[7].rf_reg_q_reg[24] not active when clocks are set on. (D9-796)
 Warning: Clock input clocked_on of DFF gen_regfile_ff.register_file_i/g_rf_flops[7].rf_reg_q_reg[23] not active when clocks are set on. (D9-797)
 Warning: Clock input clocked_on of DFF gen_regfile_ff.register_file_i/g_rf_flops[7].rf_reg_q_reg[22] not active when clocks are set on. (D9-798)
 Warning: Clock input clocked_on of DFF gen_regfile_ff.register_file_i/g_rf_flops[7].rf_reg_q_reg[21] not active when clocks are set on. (D9-799)
 Warning: Clock input clocked_on of DFF gen_regfile_ff.register_file_i/g_rf_flops[7].rf_reg_q_reg[20] not active when clocks are set on. (D9-800)
 Warning: Clock input clocked_on of DFF gen_regfile_ff.register_file_i/g_rf_flops[7].rf_reg_q_reg[19] not active when clocks are set on. (D9-801)
 Warning: Clock input clocked_on of DFF gen_regfile_ff.register_file_i/g_rf_flops[7].rf_reg_q_reg[18] not active when clocks are set on. (D9-802)
 Warning: Clock input clocked_on of DFF gen_regfile_ff.register_file_i/g_rf_flops[7].rf_reg_q_reg[17] not active when clocks are set on. (D9-803)
 Warning: Clock input clocked_on of DFF gen_regfile_ff.register_file_i/g_rf_flops[7].rf_reg_q_reg[16] not active when clocks are set on. (D9-804)
 Warning: Clock input clocked_on of DFF gen_regfile_ff.register_file_i/g_rf_flops[7].rf_reg_q_reg[15] not active when clocks are set on. (D9-805)
 Warning: Clock input clocked_on of DFF gen_regfile_ff.register_file_i/g_rf_flops[7].rf_reg_q_reg[14] not active when clocks are set on. (D9-806)
 Warning: Clock input clocked_on of DFF gen_regfile_ff.register_file_i/g_rf_flops[7].rf_reg_q_reg[13] not active when clocks are set on. (D9-807)
 Warning: Clock input clocked_on of DFF gen_regfile_ff.register_file_i/g_rf_flops[7].rf_reg_q_reg[12] not active when clocks are set on. (D9-808)
 Warning: Clock input clocked_on of DFF gen_regfile_ff.register_file_i/g_rf_flops[7].rf_reg_q_reg[11] not active when clocks are set on. (D9-809)
 Warning: Clock input clocked_on of DFF gen_regfile_ff.register_file_i/g_rf_flops[7].rf_reg_q_reg[10] not active when clocks are set on. (D9-810)
 Warning: Clock input clocked_on of DFF gen_regfile_ff.register_file_i/g_rf_flops[7].rf_reg_q_reg[9] not active when clocks are set on. (D9-811)
 Warning: Clock input clocked_on of DFF gen_regfile_ff.register_file_i/g_rf_flops[7].rf_reg_q_reg[8] not active when clocks are set on. (D9-812)
 Warning: Clock input clocked_on of DFF gen_regfile_ff.register_file_i/g_rf_flops[7].rf_reg_q_reg[7] not active when clocks are set on. (D9-813)
 Warning: Clock input clocked_on of DFF gen_regfile_ff.register_file_i/g_rf_flops[7].rf_reg_q_reg[6] not active when clocks are set on. (D9-814)
 Warning: Clock input clocked_on of DFF gen_regfile_ff.register_file_i/g_rf_flops[7].rf_reg_q_reg[5] not active when clocks are set on. (D9-815)
 Warning: Clock input clocked_on of DFF gen_regfile_ff.register_file_i/g_rf_flops[7].rf_reg_q_reg[4] not active when clocks are set on. (D9-816)
 Warning: Clock input clocked_on of DFF gen_regfile_ff.register_file_i/g_rf_flops[7].rf_reg_q_reg[3] not active when clocks are set on. (D9-817)
 Warning: Clock input clocked_on of DFF gen_regfile_ff.register_file_i/g_rf_flops[7].rf_reg_q_reg[2] not active when clocks are set on. (D9-818)
 Warning: Clock input clocked_on of DFF gen_regfile_ff.register_file_i/g_rf_flops[7].rf_reg_q_reg[1] not active when clocks are set on. (D9-819)
 Warning: Clock input clocked_on of DFF gen_regfile_ff.register_file_i/g_rf_flops[7].rf_reg_q_reg[0] not active when clocks are set on. (D9-820)
 Warning: Clock input clocked_on of DFF gen_regfile_ff.register_file_i/g_rf_flops[8].rf_reg_q_reg[31] not active when clocks are set on. (D9-821)
 Warning: Clock input clocked_on of DFF gen_regfile_ff.register_file_i/g_rf_flops[8].rf_reg_q_reg[30] not active when clocks are set on. (D9-822)
 Warning: Clock input clocked_on of DFF gen_regfile_ff.register_file_i/g_rf_flops[8].rf_reg_q_reg[29] not active when clocks are set on. (D9-823)
 Warning: Clock input clocked_on of DFF gen_regfile_ff.register_file_i/g_rf_flops[8].rf_reg_q_reg[28] not active when clocks are set on. (D9-824)
 Warning: Clock input clocked_on of DFF gen_regfile_ff.register_file_i/g_rf_flops[8].rf_reg_q_reg[27] not active when clocks are set on. (D9-825)
 Warning: Clock input clocked_on of DFF gen_regfile_ff.register_file_i/g_rf_flops[8].rf_reg_q_reg[26] not active when clocks are set on. (D9-826)
 Warning: Clock input clocked_on of DFF gen_regfile_ff.register_file_i/g_rf_flops[8].rf_reg_q_reg[25] not active when clocks are set on. (D9-827)
 Warning: Clock input clocked_on of DFF gen_regfile_ff.register_file_i/g_rf_flops[8].rf_reg_q_reg[24] not active when clocks are set on. (D9-828)
 Warning: Clock input clocked_on of DFF gen_regfile_ff.register_file_i/g_rf_flops[8].rf_reg_q_reg[23] not active when clocks are set on. (D9-829)
 Warning: Clock input clocked_on of DFF gen_regfile_ff.register_file_i/g_rf_flops[8].rf_reg_q_reg[22] not active when clocks are set on. (D9-830)
 Warning: Clock input clocked_on of DFF gen_regfile_ff.register_file_i/g_rf_flops[8].rf_reg_q_reg[21] not active when clocks are set on. (D9-831)
 Warning: Clock input clocked_on of DFF gen_regfile_ff.register_file_i/g_rf_flops[8].rf_reg_q_reg[20] not active when clocks are set on. (D9-832)
 Warning: Clock input clocked_on of DFF gen_regfile_ff.register_file_i/g_rf_flops[8].rf_reg_q_reg[19] not active when clocks are set on. (D9-833)
 Warning: Clock input clocked_on of DFF gen_regfile_ff.register_file_i/g_rf_flops[8].rf_reg_q_reg[18] not active when clocks are set on. (D9-834)
 Warning: Clock input clocked_on of DFF gen_regfile_ff.register_file_i/g_rf_flops[8].rf_reg_q_reg[17] not active when clocks are set on. (D9-835)
 Warning: Clock input clocked_on of DFF gen_regfile_ff.register_file_i/g_rf_flops[8].rf_reg_q_reg[16] not active when clocks are set on. (D9-836)
 Warning: Clock input clocked_on of DFF gen_regfile_ff.register_file_i/g_rf_flops[8].rf_reg_q_reg[15] not active when clocks are set on. (D9-837)
 Warning: Clock input clocked_on of DFF gen_regfile_ff.register_file_i/g_rf_flops[8].rf_reg_q_reg[14] not active when clocks are set on. (D9-838)
 Warning: Clock input clocked_on of DFF gen_regfile_ff.register_file_i/g_rf_flops[8].rf_reg_q_reg[13] not active when clocks are set on. (D9-839)
 Warning: Clock input clocked_on of DFF gen_regfile_ff.register_file_i/g_rf_flops[8].rf_reg_q_reg[12] not active when clocks are set on. (D9-840)
 Warning: Clock input clocked_on of DFF gen_regfile_ff.register_file_i/g_rf_flops[8].rf_reg_q_reg[11] not active when clocks are set on. (D9-841)
 Warning: Clock input clocked_on of DFF gen_regfile_ff.register_file_i/g_rf_flops[8].rf_reg_q_reg[10] not active when clocks are set on. (D9-842)
 Warning: Clock input clocked_on of DFF gen_regfile_ff.register_file_i/g_rf_flops[8].rf_reg_q_reg[9] not active when clocks are set on. (D9-843)
 Warning: Clock input clocked_on of DFF gen_regfile_ff.register_file_i/g_rf_flops[8].rf_reg_q_reg[8] not active when clocks are set on. (D9-844)
 Warning: Clock input clocked_on of DFF gen_regfile_ff.register_file_i/g_rf_flops[8].rf_reg_q_reg[7] not active when clocks are set on. (D9-845)
 Warning: Clock input clocked_on of DFF gen_regfile_ff.register_file_i/g_rf_flops[8].rf_reg_q_reg[6] not active when clocks are set on. (D9-846)
 Warning: Clock input clocked_on of DFF gen_regfile_ff.register_file_i/g_rf_flops[8].rf_reg_q_reg[5] not active when clocks are set on. (D9-847)
 Warning: Clock input clocked_on of DFF gen_regfile_ff.register_file_i/g_rf_flops[8].rf_reg_q_reg[4] not active when clocks are set on. (D9-848)
 Warning: Clock input clocked_on of DFF gen_regfile_ff.register_file_i/g_rf_flops[8].rf_reg_q_reg[3] not active when clocks are set on. (D9-849)
 Warning: Clock input clocked_on of DFF gen_regfile_ff.register_file_i/g_rf_flops[8].rf_reg_q_reg[2] not active when clocks are set on. (D9-850)
 Warning: Clock input clocked_on of DFF gen_regfile_ff.register_file_i/g_rf_flops[8].rf_reg_q_reg[1] not active when clocks are set on. (D9-851)
 Warning: Clock input clocked_on of DFF gen_regfile_ff.register_file_i/g_rf_flops[8].rf_reg_q_reg[0] not active when clocks are set on. (D9-852)
 Warning: Clock input clocked_on of DFF gen_regfile_ff.register_file_i/g_rf_flops[9].rf_reg_q_reg[31] not active when clocks are set on. (D9-853)
 Warning: Clock input clocked_on of DFF gen_regfile_ff.register_file_i/g_rf_flops[9].rf_reg_q_reg[30] not active when clocks are set on. (D9-854)
 Warning: Clock input clocked_on of DFF gen_regfile_ff.register_file_i/g_rf_flops[9].rf_reg_q_reg[29] not active when clocks are set on. (D9-855)
 Warning: Clock input clocked_on of DFF gen_regfile_ff.register_file_i/g_rf_flops[9].rf_reg_q_reg[28] not active when clocks are set on. (D9-856)
 Warning: Clock input clocked_on of DFF gen_regfile_ff.register_file_i/g_rf_flops[9].rf_reg_q_reg[27] not active when clocks are set on. (D9-857)
 Warning: Clock input clocked_on of DFF gen_regfile_ff.register_file_i/g_rf_flops[9].rf_reg_q_reg[26] not active when clocks are set on. (D9-858)
 Warning: Clock input clocked_on of DFF gen_regfile_ff.register_file_i/g_rf_flops[9].rf_reg_q_reg[25] not active when clocks are set on. (D9-859)
 Warning: Clock input clocked_on of DFF gen_regfile_ff.register_file_i/g_rf_flops[9].rf_reg_q_reg[24] not active when clocks are set on. (D9-860)
 Warning: Clock input clocked_on of DFF gen_regfile_ff.register_file_i/g_rf_flops[9].rf_reg_q_reg[23] not active when clocks are set on. (D9-861)
 Warning: Clock input clocked_on of DFF gen_regfile_ff.register_file_i/g_rf_flops[9].rf_reg_q_reg[22] not active when clocks are set on. (D9-862)
 Warning: Clock input clocked_on of DFF gen_regfile_ff.register_file_i/g_rf_flops[9].rf_reg_q_reg[21] not active when clocks are set on. (D9-863)
 Warning: Clock input clocked_on of DFF gen_regfile_ff.register_file_i/g_rf_flops[9].rf_reg_q_reg[20] not active when clocks are set on. (D9-864)
 Warning: Clock input clocked_on of DFF gen_regfile_ff.register_file_i/g_rf_flops[9].rf_reg_q_reg[19] not active when clocks are set on. (D9-865)
 Warning: Clock input clocked_on of DFF gen_regfile_ff.register_file_i/g_rf_flops[9].rf_reg_q_reg[18] not active when clocks are set on. (D9-866)
 Warning: Clock input clocked_on of DFF gen_regfile_ff.register_file_i/g_rf_flops[9].rf_reg_q_reg[17] not active when clocks are set on. (D9-867)
 Warning: Clock input clocked_on of DFF gen_regfile_ff.register_file_i/g_rf_flops[9].rf_reg_q_reg[16] not active when clocks are set on. (D9-868)
 Warning: Clock input clocked_on of DFF gen_regfile_ff.register_file_i/g_rf_flops[9].rf_reg_q_reg[15] not active when clocks are set on. (D9-869)
 Warning: Clock input clocked_on of DFF gen_regfile_ff.register_file_i/g_rf_flops[9].rf_reg_q_reg[14] not active when clocks are set on. (D9-870)
 Warning: Clock input clocked_on of DFF gen_regfile_ff.register_file_i/g_rf_flops[9].rf_reg_q_reg[13] not active when clocks are set on. (D9-871)
 Warning: Clock input clocked_on of DFF gen_regfile_ff.register_file_i/g_rf_flops[9].rf_reg_q_reg[12] not active when clocks are set on. (D9-872)
 Warning: Clock input clocked_on of DFF gen_regfile_ff.register_file_i/g_rf_flops[9].rf_reg_q_reg[11] not active when clocks are set on. (D9-873)
 Warning: Clock input clocked_on of DFF gen_regfile_ff.register_file_i/g_rf_flops[9].rf_reg_q_reg[10] not active when clocks are set on. (D9-874)
 Warning: Clock input clocked_on of DFF gen_regfile_ff.register_file_i/g_rf_flops[9].rf_reg_q_reg[9] not active when clocks are set on. (D9-875)
 Warning: Clock input clocked_on of DFF gen_regfile_ff.register_file_i/g_rf_flops[9].rf_reg_q_reg[8] not active when clocks are set on. (D9-876)
 Warning: Clock input clocked_on of DFF gen_regfile_ff.register_file_i/g_rf_flops[9].rf_reg_q_reg[7] not active when clocks are set on. (D9-877)
 Warning: Clock input clocked_on of DFF gen_regfile_ff.register_file_i/g_rf_flops[9].rf_reg_q_reg[6] not active when clocks are set on. (D9-878)
 Warning: Clock input clocked_on of DFF gen_regfile_ff.register_file_i/g_rf_flops[9].rf_reg_q_reg[5] not active when clocks are set on. (D9-879)
 Warning: Clock input clocked_on of DFF gen_regfile_ff.register_file_i/g_rf_flops[9].rf_reg_q_reg[4] not active when clocks are set on. (D9-880)
 Warning: Clock input clocked_on of DFF gen_regfile_ff.register_file_i/g_rf_flops[9].rf_reg_q_reg[3] not active when clocks are set on. (D9-881)
 Warning: Clock input clocked_on of DFF gen_regfile_ff.register_file_i/g_rf_flops[9].rf_reg_q_reg[2] not active when clocks are set on. (D9-882)
 Warning: Clock input clocked_on of DFF gen_regfile_ff.register_file_i/g_rf_flops[9].rf_reg_q_reg[1] not active when clocks are set on. (D9-883)
 Warning: Clock input clocked_on of DFF gen_regfile_ff.register_file_i/g_rf_flops[9].rf_reg_q_reg[0] not active when clocks are set on. (D9-884)
 Warning: Clock input clocked_on of DFF gen_regfile_ff.register_file_i/g_rf_flops[10].rf_reg_q_reg[31] not active when clocks are set on. (D9-885)
 Warning: Clock input clocked_on of DFF gen_regfile_ff.register_file_i/g_rf_flops[10].rf_reg_q_reg[30] not active when clocks are set on. (D9-886)
 Warning: Clock input clocked_on of DFF gen_regfile_ff.register_file_i/g_rf_flops[10].rf_reg_q_reg[29] not active when clocks are set on. (D9-887)
 Warning: Clock input clocked_on of DFF gen_regfile_ff.register_file_i/g_rf_flops[10].rf_reg_q_reg[28] not active when clocks are set on. (D9-888)
 Warning: Clock input clocked_on of DFF gen_regfile_ff.register_file_i/g_rf_flops[10].rf_reg_q_reg[27] not active when clocks are set on. (D9-889)
 Warning: Clock input clocked_on of DFF gen_regfile_ff.register_file_i/g_rf_flops[10].rf_reg_q_reg[26] not active when clocks are set on. (D9-890)
 Warning: Clock input clocked_on of DFF gen_regfile_ff.register_file_i/g_rf_flops[10].rf_reg_q_reg[25] not active when clocks are set on. (D9-891)
 Warning: Clock input clocked_on of DFF gen_regfile_ff.register_file_i/g_rf_flops[10].rf_reg_q_reg[24] not active when clocks are set on. (D9-892)
 Warning: Clock input clocked_on of DFF gen_regfile_ff.register_file_i/g_rf_flops[10].rf_reg_q_reg[23] not active when clocks are set on. (D9-893)
 Warning: Clock input clocked_on of DFF gen_regfile_ff.register_file_i/g_rf_flops[10].rf_reg_q_reg[22] not active when clocks are set on. (D9-894)
 Warning: Clock input clocked_on of DFF gen_regfile_ff.register_file_i/g_rf_flops[10].rf_reg_q_reg[21] not active when clocks are set on. (D9-895)
 Warning: Clock input clocked_on of DFF gen_regfile_ff.register_file_i/g_rf_flops[10].rf_reg_q_reg[20] not active when clocks are set on. (D9-896)
 Warning: Clock input clocked_on of DFF gen_regfile_ff.register_file_i/g_rf_flops[10].rf_reg_q_reg[19] not active when clocks are set on. (D9-897)
 Warning: Clock input clocked_on of DFF gen_regfile_ff.register_file_i/g_rf_flops[10].rf_reg_q_reg[18] not active when clocks are set on. (D9-898)
 Warning: Clock input clocked_on of DFF gen_regfile_ff.register_file_i/g_rf_flops[10].rf_reg_q_reg[17] not active when clocks are set on. (D9-899)
 Warning: Clock input clocked_on of DFF gen_regfile_ff.register_file_i/g_rf_flops[10].rf_reg_q_reg[16] not active when clocks are set on. (D9-900)
 Warning: Clock input clocked_on of DFF gen_regfile_ff.register_file_i/g_rf_flops[10].rf_reg_q_reg[15] not active when clocks are set on. (D9-901)
 Warning: Clock input clocked_on of DFF gen_regfile_ff.register_file_i/g_rf_flops[10].rf_reg_q_reg[14] not active when clocks are set on. (D9-902)
 Warning: Clock input clocked_on of DFF gen_regfile_ff.register_file_i/g_rf_flops[10].rf_reg_q_reg[13] not active when clocks are set on. (D9-903)
 Warning: Clock input clocked_on of DFF gen_regfile_ff.register_file_i/g_rf_flops[10].rf_reg_q_reg[12] not active when clocks are set on. (D9-904)
 Warning: Clock input clocked_on of DFF gen_regfile_ff.register_file_i/g_rf_flops[10].rf_reg_q_reg[11] not active when clocks are set on. (D9-905)
 Warning: Clock input clocked_on of DFF gen_regfile_ff.register_file_i/g_rf_flops[10].rf_reg_q_reg[10] not active when clocks are set on. (D9-906)
 Warning: Clock input clocked_on of DFF gen_regfile_ff.register_file_i/g_rf_flops[10].rf_reg_q_reg[9] not active when clocks are set on. (D9-907)
 Warning: Clock input clocked_on of DFF gen_regfile_ff.register_file_i/g_rf_flops[10].rf_reg_q_reg[8] not active when clocks are set on. (D9-908)
 Warning: Clock input clocked_on of DFF gen_regfile_ff.register_file_i/g_rf_flops[10].rf_reg_q_reg[7] not active when clocks are set on. (D9-909)
 Warning: Clock input clocked_on of DFF gen_regfile_ff.register_file_i/g_rf_flops[10].rf_reg_q_reg[6] not active when clocks are set on. (D9-910)
 Warning: Clock input clocked_on of DFF gen_regfile_ff.register_file_i/g_rf_flops[10].rf_reg_q_reg[5] not active when clocks are set on. (D9-911)
 Warning: Clock input clocked_on of DFF gen_regfile_ff.register_file_i/g_rf_flops[10].rf_reg_q_reg[4] not active when clocks are set on. (D9-912)
 Warning: Clock input clocked_on of DFF gen_regfile_ff.register_file_i/g_rf_flops[10].rf_reg_q_reg[3] not active when clocks are set on. (D9-913)
 Warning: Clock input clocked_on of DFF gen_regfile_ff.register_file_i/g_rf_flops[10].rf_reg_q_reg[2] not active when clocks are set on. (D9-914)
 Warning: Clock input clocked_on of DFF gen_regfile_ff.register_file_i/g_rf_flops[10].rf_reg_q_reg[1] not active when clocks are set on. (D9-915)
 Warning: Clock input clocked_on of DFF gen_regfile_ff.register_file_i/g_rf_flops[10].rf_reg_q_reg[0] not active when clocks are set on. (D9-916)
 Warning: Clock input clocked_on of DFF gen_regfile_ff.register_file_i/g_rf_flops[11].rf_reg_q_reg[31] not active when clocks are set on. (D9-917)
 Warning: Clock input clocked_on of DFF gen_regfile_ff.register_file_i/g_rf_flops[11].rf_reg_q_reg[30] not active when clocks are set on. (D9-918)
 Warning: Clock input clocked_on of DFF gen_regfile_ff.register_file_i/g_rf_flops[11].rf_reg_q_reg[29] not active when clocks are set on. (D9-919)
 Warning: Clock input clocked_on of DFF gen_regfile_ff.register_file_i/g_rf_flops[11].rf_reg_q_reg[28] not active when clocks are set on. (D9-920)
 Warning: Clock input clocked_on of DFF gen_regfile_ff.register_file_i/g_rf_flops[11].rf_reg_q_reg[27] not active when clocks are set on. (D9-921)
 Warning: Clock input clocked_on of DFF gen_regfile_ff.register_file_i/g_rf_flops[11].rf_reg_q_reg[26] not active when clocks are set on. (D9-922)
 Warning: Clock input clocked_on of DFF gen_regfile_ff.register_file_i/g_rf_flops[11].rf_reg_q_reg[25] not active when clocks are set on. (D9-923)
 Warning: Clock input clocked_on of DFF gen_regfile_ff.register_file_i/g_rf_flops[11].rf_reg_q_reg[24] not active when clocks are set on. (D9-924)
 Warning: Clock input clocked_on of DFF gen_regfile_ff.register_file_i/g_rf_flops[11].rf_reg_q_reg[23] not active when clocks are set on. (D9-925)
 Warning: Clock input clocked_on of DFF gen_regfile_ff.register_file_i/g_rf_flops[11].rf_reg_q_reg[22] not active when clocks are set on. (D9-926)
 Warning: Clock input clocked_on of DFF gen_regfile_ff.register_file_i/g_rf_flops[11].rf_reg_q_reg[21] not active when clocks are set on. (D9-927)
 Warning: Clock input clocked_on of DFF gen_regfile_ff.register_file_i/g_rf_flops[11].rf_reg_q_reg[20] not active when clocks are set on. (D9-928)
 Warning: Clock input clocked_on of DFF gen_regfile_ff.register_file_i/g_rf_flops[11].rf_reg_q_reg[19] not active when clocks are set on. (D9-929)
 Warning: Clock input clocked_on of DFF gen_regfile_ff.register_file_i/g_rf_flops[11].rf_reg_q_reg[18] not active when clocks are set on. (D9-930)
 Warning: Clock input clocked_on of DFF gen_regfile_ff.register_file_i/g_rf_flops[11].rf_reg_q_reg[17] not active when clocks are set on. (D9-931)
 Warning: Clock input clocked_on of DFF gen_regfile_ff.register_file_i/g_rf_flops[11].rf_reg_q_reg[16] not active when clocks are set on. (D9-932)
 Warning: Clock input clocked_on of DFF gen_regfile_ff.register_file_i/g_rf_flops[11].rf_reg_q_reg[15] not active when clocks are set on. (D9-933)
 Warning: Clock input clocked_on of DFF gen_regfile_ff.register_file_i/g_rf_flops[11].rf_reg_q_reg[14] not active when clocks are set on. (D9-934)
 Warning: Clock input clocked_on of DFF gen_regfile_ff.register_file_i/g_rf_flops[11].rf_reg_q_reg[13] not active when clocks are set on. (D9-935)
 Warning: Clock input clocked_on of DFF gen_regfile_ff.register_file_i/g_rf_flops[11].rf_reg_q_reg[12] not active when clocks are set on. (D9-936)
 Warning: Clock input clocked_on of DFF gen_regfile_ff.register_file_i/g_rf_flops[11].rf_reg_q_reg[11] not active when clocks are set on. (D9-937)
 Warning: Clock input clocked_on of DFF gen_regfile_ff.register_file_i/g_rf_flops[11].rf_reg_q_reg[10] not active when clocks are set on. (D9-938)
 Warning: Clock input clocked_on of DFF gen_regfile_ff.register_file_i/g_rf_flops[11].rf_reg_q_reg[9] not active when clocks are set on. (D9-939)
 Warning: Clock input clocked_on of DFF gen_regfile_ff.register_file_i/g_rf_flops[11].rf_reg_q_reg[8] not active when clocks are set on. (D9-940)
 Warning: Clock input clocked_on of DFF gen_regfile_ff.register_file_i/g_rf_flops[11].rf_reg_q_reg[7] not active when clocks are set on. (D9-941)
 Warning: Clock input clocked_on of DFF gen_regfile_ff.register_file_i/g_rf_flops[11].rf_reg_q_reg[6] not active when clocks are set on. (D9-942)
 Warning: Clock input clocked_on of DFF gen_regfile_ff.register_file_i/g_rf_flops[11].rf_reg_q_reg[5] not active when clocks are set on. (D9-943)
 Warning: Clock input clocked_on of DFF gen_regfile_ff.register_file_i/g_rf_flops[11].rf_reg_q_reg[4] not active when clocks are set on. (D9-944)
 Warning: Clock input clocked_on of DFF gen_regfile_ff.register_file_i/g_rf_flops[11].rf_reg_q_reg[3] not active when clocks are set on. (D9-945)
 Warning: Clock input clocked_on of DFF gen_regfile_ff.register_file_i/g_rf_flops[11].rf_reg_q_reg[2] not active when clocks are set on. (D9-946)
 Warning: Clock input clocked_on of DFF gen_regfile_ff.register_file_i/g_rf_flops[11].rf_reg_q_reg[1] not active when clocks are set on. (D9-947)
 Warning: Clock input clocked_on of DFF gen_regfile_ff.register_file_i/g_rf_flops[11].rf_reg_q_reg[0] not active when clocks are set on. (D9-948)
 Warning: Clock input clocked_on of DFF gen_regfile_ff.register_file_i/g_rf_flops[12].rf_reg_q_reg[31] not active when clocks are set on. (D9-949)
 Warning: Clock input clocked_on of DFF gen_regfile_ff.register_file_i/g_rf_flops[12].rf_reg_q_reg[30] not active when clocks are set on. (D9-950)
 Warning: Clock input clocked_on of DFF gen_regfile_ff.register_file_i/g_rf_flops[12].rf_reg_q_reg[29] not active when clocks are set on. (D9-951)
 Warning: Clock input clocked_on of DFF gen_regfile_ff.register_file_i/g_rf_flops[12].rf_reg_q_reg[28] not active when clocks are set on. (D9-952)
 Warning: Clock input clocked_on of DFF gen_regfile_ff.register_file_i/g_rf_flops[12].rf_reg_q_reg[27] not active when clocks are set on. (D9-953)
 Warning: Clock input clocked_on of DFF gen_regfile_ff.register_file_i/g_rf_flops[12].rf_reg_q_reg[26] not active when clocks are set on. (D9-954)
 Warning: Clock input clocked_on of DFF gen_regfile_ff.register_file_i/g_rf_flops[12].rf_reg_q_reg[25] not active when clocks are set on. (D9-955)
 Warning: Clock input clocked_on of DFF gen_regfile_ff.register_file_i/g_rf_flops[12].rf_reg_q_reg[24] not active when clocks are set on. (D9-956)
 Warning: Clock input clocked_on of DFF gen_regfile_ff.register_file_i/g_rf_flops[12].rf_reg_q_reg[23] not active when clocks are set on. (D9-957)
 Warning: Clock input clocked_on of DFF gen_regfile_ff.register_file_i/g_rf_flops[12].rf_reg_q_reg[22] not active when clocks are set on. (D9-958)
 Warning: Clock input clocked_on of DFF gen_regfile_ff.register_file_i/g_rf_flops[12].rf_reg_q_reg[21] not active when clocks are set on. (D9-959)
 Warning: Clock input clocked_on of DFF gen_regfile_ff.register_file_i/g_rf_flops[12].rf_reg_q_reg[20] not active when clocks are set on. (D9-960)
 Warning: Clock input clocked_on of DFF gen_regfile_ff.register_file_i/g_rf_flops[12].rf_reg_q_reg[19] not active when clocks are set on. (D9-961)
 Warning: Clock input clocked_on of DFF gen_regfile_ff.register_file_i/g_rf_flops[12].rf_reg_q_reg[18] not active when clocks are set on. (D9-962)
 Warning: Clock input clocked_on of DFF gen_regfile_ff.register_file_i/g_rf_flops[12].rf_reg_q_reg[17] not active when clocks are set on. (D9-963)
 Warning: Clock input clocked_on of DFF gen_regfile_ff.register_file_i/g_rf_flops[12].rf_reg_q_reg[16] not active when clocks are set on. (D9-964)
 Warning: Clock input clocked_on of DFF gen_regfile_ff.register_file_i/g_rf_flops[12].rf_reg_q_reg[15] not active when clocks are set on. (D9-965)
 Warning: Clock input clocked_on of DFF gen_regfile_ff.register_file_i/g_rf_flops[12].rf_reg_q_reg[14] not active when clocks are set on. (D9-966)
 Warning: Clock input clocked_on of DFF gen_regfile_ff.register_file_i/g_rf_flops[12].rf_reg_q_reg[13] not active when clocks are set on. (D9-967)
 Warning: Clock input clocked_on of DFF gen_regfile_ff.register_file_i/g_rf_flops[12].rf_reg_q_reg[12] not active when clocks are set on. (D9-968)
 Warning: Clock input clocked_on of DFF gen_regfile_ff.register_file_i/g_rf_flops[12].rf_reg_q_reg[11] not active when clocks are set on. (D9-969)
 Warning: Clock input clocked_on of DFF gen_regfile_ff.register_file_i/g_rf_flops[12].rf_reg_q_reg[10] not active when clocks are set on. (D9-970)
 Warning: Clock input clocked_on of DFF gen_regfile_ff.register_file_i/g_rf_flops[12].rf_reg_q_reg[9] not active when clocks are set on. (D9-971)
 Warning: Clock input clocked_on of DFF gen_regfile_ff.register_file_i/g_rf_flops[12].rf_reg_q_reg[8] not active when clocks are set on. (D9-972)
 Warning: Clock input clocked_on of DFF gen_regfile_ff.register_file_i/g_rf_flops[12].rf_reg_q_reg[7] not active when clocks are set on. (D9-973)
 Warning: Clock input clocked_on of DFF gen_regfile_ff.register_file_i/g_rf_flops[12].rf_reg_q_reg[6] not active when clocks are set on. (D9-974)
 Warning: Clock input clocked_on of DFF gen_regfile_ff.register_file_i/g_rf_flops[12].rf_reg_q_reg[5] not active when clocks are set on. (D9-975)
 Warning: Clock input clocked_on of DFF gen_regfile_ff.register_file_i/g_rf_flops[12].rf_reg_q_reg[4] not active when clocks are set on. (D9-976)
 Warning: Clock input clocked_on of DFF gen_regfile_ff.register_file_i/g_rf_flops[12].rf_reg_q_reg[3] not active when clocks are set on. (D9-977)
 Warning: Clock input clocked_on of DFF gen_regfile_ff.register_file_i/g_rf_flops[12].rf_reg_q_reg[2] not active when clocks are set on. (D9-978)
 Warning: Clock input clocked_on of DFF gen_regfile_ff.register_file_i/g_rf_flops[12].rf_reg_q_reg[1] not active when clocks are set on. (D9-979)
 Warning: Clock input clocked_on of DFF gen_regfile_ff.register_file_i/g_rf_flops[12].rf_reg_q_reg[0] not active when clocks are set on. (D9-980)
 Warning: Clock input clocked_on of DFF gen_regfile_ff.register_file_i/g_rf_flops[13].rf_reg_q_reg[31] not active when clocks are set on. (D9-981)
 Warning: Clock input clocked_on of DFF gen_regfile_ff.register_file_i/g_rf_flops[13].rf_reg_q_reg[30] not active when clocks are set on. (D9-982)
 Warning: Clock input clocked_on of DFF gen_regfile_ff.register_file_i/g_rf_flops[13].rf_reg_q_reg[29] not active when clocks are set on. (D9-983)
 Warning: Clock input clocked_on of DFF gen_regfile_ff.register_file_i/g_rf_flops[13].rf_reg_q_reg[28] not active when clocks are set on. (D9-984)
 Warning: Clock input clocked_on of DFF gen_regfile_ff.register_file_i/g_rf_flops[13].rf_reg_q_reg[27] not active when clocks are set on. (D9-985)
 Warning: Clock input clocked_on of DFF gen_regfile_ff.register_file_i/g_rf_flops[13].rf_reg_q_reg[26] not active when clocks are set on. (D9-986)
 Warning: Clock input clocked_on of DFF gen_regfile_ff.register_file_i/g_rf_flops[13].rf_reg_q_reg[25] not active when clocks are set on. (D9-987)
 Warning: Clock input clocked_on of DFF gen_regfile_ff.register_file_i/g_rf_flops[13].rf_reg_q_reg[24] not active when clocks are set on. (D9-988)
 Warning: Clock input clocked_on of DFF gen_regfile_ff.register_file_i/g_rf_flops[13].rf_reg_q_reg[23] not active when clocks are set on. (D9-989)
 Warning: Clock input clocked_on of DFF gen_regfile_ff.register_file_i/g_rf_flops[13].rf_reg_q_reg[22] not active when clocks are set on. (D9-990)
 Warning: Clock input clocked_on of DFF gen_regfile_ff.register_file_i/g_rf_flops[13].rf_reg_q_reg[21] not active when clocks are set on. (D9-991)
 Warning: Clock input clocked_on of DFF gen_regfile_ff.register_file_i/g_rf_flops[13].rf_reg_q_reg[20] not active when clocks are set on. (D9-992)
 Warning: Clock input clocked_on of DFF gen_regfile_ff.register_file_i/g_rf_flops[13].rf_reg_q_reg[19] not active when clocks are set on. (D9-993)
 Warning: Clock input clocked_on of DFF gen_regfile_ff.register_file_i/g_rf_flops[13].rf_reg_q_reg[18] not active when clocks are set on. (D9-994)
 Warning: Clock input clocked_on of DFF gen_regfile_ff.register_file_i/g_rf_flops[13].rf_reg_q_reg[17] not active when clocks are set on. (D9-995)
 Warning: Clock input clocked_on of DFF gen_regfile_ff.register_file_i/g_rf_flops[13].rf_reg_q_reg[16] not active when clocks are set on. (D9-996)
 Warning: Clock input clocked_on of DFF gen_regfile_ff.register_file_i/g_rf_flops[13].rf_reg_q_reg[15] not active when clocks are set on. (D9-997)
 Warning: Clock input clocked_on of DFF gen_regfile_ff.register_file_i/g_rf_flops[13].rf_reg_q_reg[14] not active when clocks are set on. (D9-998)
 Warning: Clock input clocked_on of DFF gen_regfile_ff.register_file_i/g_rf_flops[13].rf_reg_q_reg[13] not active when clocks are set on. (D9-999)
 Warning: Clock input clocked_on of DFF gen_regfile_ff.register_file_i/g_rf_flops[13].rf_reg_q_reg[12] not active when clocks are set on. (D9-1000)
 Warning: Clock input clocked_on of DFF gen_regfile_ff.register_file_i/g_rf_flops[13].rf_reg_q_reg[11] not active when clocks are set on. (D9-1001)
 Warning: Clock input clocked_on of DFF gen_regfile_ff.register_file_i/g_rf_flops[13].rf_reg_q_reg[10] not active when clocks are set on. (D9-1002)
 Warning: Clock input clocked_on of DFF gen_regfile_ff.register_file_i/g_rf_flops[13].rf_reg_q_reg[9] not active when clocks are set on. (D9-1003)
 Warning: Clock input clocked_on of DFF gen_regfile_ff.register_file_i/g_rf_flops[13].rf_reg_q_reg[8] not active when clocks are set on. (D9-1004)
 Warning: Clock input clocked_on of DFF gen_regfile_ff.register_file_i/g_rf_flops[13].rf_reg_q_reg[7] not active when clocks are set on. (D9-1005)
 Warning: Clock input clocked_on of DFF gen_regfile_ff.register_file_i/g_rf_flops[13].rf_reg_q_reg[6] not active when clocks are set on. (D9-1006)
 Warning: Clock input clocked_on of DFF gen_regfile_ff.register_file_i/g_rf_flops[13].rf_reg_q_reg[5] not active when clocks are set on. (D9-1007)
 Warning: Clock input clocked_on of DFF gen_regfile_ff.register_file_i/g_rf_flops[13].rf_reg_q_reg[4] not active when clocks are set on. (D9-1008)
 Warning: Clock input clocked_on of DFF gen_regfile_ff.register_file_i/g_rf_flops[13].rf_reg_q_reg[3] not active when clocks are set on. (D9-1009)
 Warning: Clock input clocked_on of DFF gen_regfile_ff.register_file_i/g_rf_flops[13].rf_reg_q_reg[2] not active when clocks are set on. (D9-1010)
 Warning: Clock input clocked_on of DFF gen_regfile_ff.register_file_i/g_rf_flops[13].rf_reg_q_reg[1] not active when clocks are set on. (D9-1011)
 Warning: Clock input clocked_on of DFF gen_regfile_ff.register_file_i/g_rf_flops[13].rf_reg_q_reg[0] not active when clocks are set on. (D9-1012)
 Warning: Clock input clocked_on of DFF gen_regfile_ff.register_file_i/g_rf_flops[14].rf_reg_q_reg[31] not active when clocks are set on. (D9-1013)
 Warning: Clock input clocked_on of DFF gen_regfile_ff.register_file_i/g_rf_flops[14].rf_reg_q_reg[30] not active when clocks are set on. (D9-1014)
 Warning: Clock input clocked_on of DFF gen_regfile_ff.register_file_i/g_rf_flops[14].rf_reg_q_reg[29] not active when clocks are set on. (D9-1015)
 Warning: Clock input clocked_on of DFF gen_regfile_ff.register_file_i/g_rf_flops[14].rf_reg_q_reg[28] not active when clocks are set on. (D9-1016)
 Warning: Clock input clocked_on of DFF gen_regfile_ff.register_file_i/g_rf_flops[14].rf_reg_q_reg[27] not active when clocks are set on. (D9-1017)
 Warning: Clock input clocked_on of DFF gen_regfile_ff.register_file_i/g_rf_flops[14].rf_reg_q_reg[26] not active when clocks are set on. (D9-1018)
 Warning: Clock input clocked_on of DFF gen_regfile_ff.register_file_i/g_rf_flops[14].rf_reg_q_reg[25] not active when clocks are set on. (D9-1019)
 Warning: Clock input clocked_on of DFF gen_regfile_ff.register_file_i/g_rf_flops[14].rf_reg_q_reg[24] not active when clocks are set on. (D9-1020)
 Warning: Clock input clocked_on of DFF gen_regfile_ff.register_file_i/g_rf_flops[14].rf_reg_q_reg[23] not active when clocks are set on. (D9-1021)
 Warning: Clock input clocked_on of DFF gen_regfile_ff.register_file_i/g_rf_flops[14].rf_reg_q_reg[22] not active when clocks are set on. (D9-1022)
 Warning: Clock input clocked_on of DFF gen_regfile_ff.register_file_i/g_rf_flops[14].rf_reg_q_reg[21] not active when clocks are set on. (D9-1023)
 Warning: Clock input clocked_on of DFF gen_regfile_ff.register_file_i/g_rf_flops[14].rf_reg_q_reg[20] not active when clocks are set on. (D9-1024)
 Warning: Clock input clocked_on of DFF gen_regfile_ff.register_file_i/g_rf_flops[14].rf_reg_q_reg[19] not active when clocks are set on. (D9-1025)
 Warning: Clock input clocked_on of DFF gen_regfile_ff.register_file_i/g_rf_flops[14].rf_reg_q_reg[18] not active when clocks are set on. (D9-1026)
 Warning: Clock input clocked_on of DFF gen_regfile_ff.register_file_i/g_rf_flops[14].rf_reg_q_reg[17] not active when clocks are set on. (D9-1027)
 Warning: Clock input clocked_on of DFF gen_regfile_ff.register_file_i/g_rf_flops[14].rf_reg_q_reg[16] not active when clocks are set on. (D9-1028)
 Warning: Clock input clocked_on of DFF gen_regfile_ff.register_file_i/g_rf_flops[14].rf_reg_q_reg[15] not active when clocks are set on. (D9-1029)
 Warning: Clock input clocked_on of DFF gen_regfile_ff.register_file_i/g_rf_flops[14].rf_reg_q_reg[14] not active when clocks are set on. (D9-1030)
 Warning: Clock input clocked_on of DFF gen_regfile_ff.register_file_i/g_rf_flops[14].rf_reg_q_reg[13] not active when clocks are set on. (D9-1031)
 Warning: Clock input clocked_on of DFF gen_regfile_ff.register_file_i/g_rf_flops[14].rf_reg_q_reg[12] not active when clocks are set on. (D9-1032)
 Warning: Clock input clocked_on of DFF gen_regfile_ff.register_file_i/g_rf_flops[14].rf_reg_q_reg[11] not active when clocks are set on. (D9-1033)
 Warning: Clock input clocked_on of DFF gen_regfile_ff.register_file_i/g_rf_flops[14].rf_reg_q_reg[10] not active when clocks are set on. (D9-1034)
 Warning: Clock input clocked_on of DFF gen_regfile_ff.register_file_i/g_rf_flops[14].rf_reg_q_reg[9] not active when clocks are set on. (D9-1035)
 Warning: Clock input clocked_on of DFF gen_regfile_ff.register_file_i/g_rf_flops[14].rf_reg_q_reg[8] not active when clocks are set on. (D9-1036)
 Warning: Clock input clocked_on of DFF gen_regfile_ff.register_file_i/g_rf_flops[14].rf_reg_q_reg[7] not active when clocks are set on. (D9-1037)
 Warning: Clock input clocked_on of DFF gen_regfile_ff.register_file_i/g_rf_flops[14].rf_reg_q_reg[6] not active when clocks are set on. (D9-1038)
 Warning: Clock input clocked_on of DFF gen_regfile_ff.register_file_i/g_rf_flops[14].rf_reg_q_reg[5] not active when clocks are set on. (D9-1039)
 Warning: Clock input clocked_on of DFF gen_regfile_ff.register_file_i/g_rf_flops[14].rf_reg_q_reg[4] not active when clocks are set on. (D9-1040)
 Warning: Clock input clocked_on of DFF gen_regfile_ff.register_file_i/g_rf_flops[14].rf_reg_q_reg[3] not active when clocks are set on. (D9-1041)
 Warning: Clock input clocked_on of DFF gen_regfile_ff.register_file_i/g_rf_flops[14].rf_reg_q_reg[2] not active when clocks are set on. (D9-1042)
 Warning: Clock input clocked_on of DFF gen_regfile_ff.register_file_i/g_rf_flops[14].rf_reg_q_reg[1] not active when clocks are set on. (D9-1043)
 Warning: Clock input clocked_on of DFF gen_regfile_ff.register_file_i/g_rf_flops[14].rf_reg_q_reg[0] not active when clocks are set on. (D9-1044)
 Warning: Clock input clocked_on of DFF gen_regfile_ff.register_file_i/g_rf_flops[15].rf_reg_q_reg[31] not active when clocks are set on. (D9-1045)
 Warning: Clock input clocked_on of DFF gen_regfile_ff.register_file_i/g_rf_flops[15].rf_reg_q_reg[30] not active when clocks are set on. (D9-1046)
 Warning: Clock input clocked_on of DFF gen_regfile_ff.register_file_i/g_rf_flops[15].rf_reg_q_reg[29] not active when clocks are set on. (D9-1047)
 Warning: Clock input clocked_on of DFF gen_regfile_ff.register_file_i/g_rf_flops[15].rf_reg_q_reg[28] not active when clocks are set on. (D9-1048)
 Warning: Clock input clocked_on of DFF gen_regfile_ff.register_file_i/g_rf_flops[15].rf_reg_q_reg[27] not active when clocks are set on. (D9-1049)
 Warning: Clock input clocked_on of DFF gen_regfile_ff.register_file_i/g_rf_flops[15].rf_reg_q_reg[26] not active when clocks are set on. (D9-1050)
 Warning: Clock input clocked_on of DFF gen_regfile_ff.register_file_i/g_rf_flops[15].rf_reg_q_reg[25] not active when clocks are set on. (D9-1051)
 Warning: Clock input clocked_on of DFF gen_regfile_ff.register_file_i/g_rf_flops[15].rf_reg_q_reg[24] not active when clocks are set on. (D9-1052)
 Warning: Clock input clocked_on of DFF gen_regfile_ff.register_file_i/g_rf_flops[15].rf_reg_q_reg[23] not active when clocks are set on. (D9-1053)
 Warning: Clock input clocked_on of DFF gen_regfile_ff.register_file_i/g_rf_flops[15].rf_reg_q_reg[22] not active when clocks are set on. (D9-1054)
 Warning: Clock input clocked_on of DFF gen_regfile_ff.register_file_i/g_rf_flops[15].rf_reg_q_reg[21] not active when clocks are set on. (D9-1055)
 Warning: Clock input clocked_on of DFF gen_regfile_ff.register_file_i/g_rf_flops[15].rf_reg_q_reg[20] not active when clocks are set on. (D9-1056)
 Warning: Clock input clocked_on of DFF gen_regfile_ff.register_file_i/g_rf_flops[15].rf_reg_q_reg[19] not active when clocks are set on. (D9-1057)
 Warning: Clock input clocked_on of DFF gen_regfile_ff.register_file_i/g_rf_flops[15].rf_reg_q_reg[18] not active when clocks are set on. (D9-1058)
 Warning: Clock input clocked_on of DFF gen_regfile_ff.register_file_i/g_rf_flops[15].rf_reg_q_reg[17] not active when clocks are set on. (D9-1059)
 Warning: Clock input clocked_on of DFF gen_regfile_ff.register_file_i/g_rf_flops[15].rf_reg_q_reg[16] not active when clocks are set on. (D9-1060)
 Warning: Clock input clocked_on of DFF gen_regfile_ff.register_file_i/g_rf_flops[15].rf_reg_q_reg[15] not active when clocks are set on. (D9-1061)
 Warning: Clock input clocked_on of DFF gen_regfile_ff.register_file_i/g_rf_flops[15].rf_reg_q_reg[14] not active when clocks are set on. (D9-1062)
 Warning: Clock input clocked_on of DFF gen_regfile_ff.register_file_i/g_rf_flops[15].rf_reg_q_reg[13] not active when clocks are set on. (D9-1063)
 Warning: Clock input clocked_on of DFF gen_regfile_ff.register_file_i/g_rf_flops[15].rf_reg_q_reg[12] not active when clocks are set on. (D9-1064)
 Warning: Clock input clocked_on of DFF gen_regfile_ff.register_file_i/g_rf_flops[15].rf_reg_q_reg[11] not active when clocks are set on. (D9-1065)
 Warning: Clock input clocked_on of DFF gen_regfile_ff.register_file_i/g_rf_flops[15].rf_reg_q_reg[10] not active when clocks are set on. (D9-1066)
 Warning: Clock input clocked_on of DFF gen_regfile_ff.register_file_i/g_rf_flops[15].rf_reg_q_reg[9] not active when clocks are set on. (D9-1067)
 Warning: Clock input clocked_on of DFF gen_regfile_ff.register_file_i/g_rf_flops[15].rf_reg_q_reg[8] not active when clocks are set on. (D9-1068)
 Warning: Clock input clocked_on of DFF gen_regfile_ff.register_file_i/g_rf_flops[15].rf_reg_q_reg[7] not active when clocks are set on. (D9-1069)
 Warning: Clock input clocked_on of DFF gen_regfile_ff.register_file_i/g_rf_flops[15].rf_reg_q_reg[6] not active when clocks are set on. (D9-1070)
 Warning: Clock input clocked_on of DFF gen_regfile_ff.register_file_i/g_rf_flops[15].rf_reg_q_reg[5] not active when clocks are set on. (D9-1071)
 Warning: Clock input clocked_on of DFF gen_regfile_ff.register_file_i/g_rf_flops[15].rf_reg_q_reg[4] not active when clocks are set on. (D9-1072)
 Warning: Clock input clocked_on of DFF gen_regfile_ff.register_file_i/g_rf_flops[15].rf_reg_q_reg[3] not active when clocks are set on. (D9-1073)
 Warning: Clock input clocked_on of DFF gen_regfile_ff.register_file_i/g_rf_flops[15].rf_reg_q_reg[2] not active when clocks are set on. (D9-1074)
 Warning: Clock input clocked_on of DFF gen_regfile_ff.register_file_i/g_rf_flops[15].rf_reg_q_reg[1] not active when clocks are set on. (D9-1075)
 Warning: Clock input clocked_on of DFF gen_regfile_ff.register_file_i/g_rf_flops[15].rf_reg_q_reg[0] not active when clocks are set on. (D9-1076)
 Warning: Clock input clocked_on of DFF gen_regfile_ff.register_file_i/g_rf_flops[16].rf_reg_q_reg[31] not active when clocks are set on. (D9-1077)
 Warning: Clock input clocked_on of DFF gen_regfile_ff.register_file_i/g_rf_flops[16].rf_reg_q_reg[30] not active when clocks are set on. (D9-1078)
 Warning: Clock input clocked_on of DFF gen_regfile_ff.register_file_i/g_rf_flops[16].rf_reg_q_reg[29] not active when clocks are set on. (D9-1079)
 Warning: Clock input clocked_on of DFF gen_regfile_ff.register_file_i/g_rf_flops[16].rf_reg_q_reg[28] not active when clocks are set on. (D9-1080)
 Warning: Clock input clocked_on of DFF gen_regfile_ff.register_file_i/g_rf_flops[16].rf_reg_q_reg[27] not active when clocks are set on. (D9-1081)
 Warning: Clock input clocked_on of DFF gen_regfile_ff.register_file_i/g_rf_flops[16].rf_reg_q_reg[26] not active when clocks are set on. (D9-1082)
 Warning: Clock input clocked_on of DFF gen_regfile_ff.register_file_i/g_rf_flops[16].rf_reg_q_reg[25] not active when clocks are set on. (D9-1083)
 Warning: Clock input clocked_on of DFF gen_regfile_ff.register_file_i/g_rf_flops[16].rf_reg_q_reg[24] not active when clocks are set on. (D9-1084)
 Warning: Clock input clocked_on of DFF gen_regfile_ff.register_file_i/g_rf_flops[16].rf_reg_q_reg[23] not active when clocks are set on. (D9-1085)
 Warning: Clock input clocked_on of DFF gen_regfile_ff.register_file_i/g_rf_flops[16].rf_reg_q_reg[22] not active when clocks are set on. (D9-1086)
 Warning: Clock input clocked_on of DFF gen_regfile_ff.register_file_i/g_rf_flops[16].rf_reg_q_reg[21] not active when clocks are set on. (D9-1087)
 Warning: Clock input clocked_on of DFF gen_regfile_ff.register_file_i/g_rf_flops[16].rf_reg_q_reg[20] not active when clocks are set on. (D9-1088)
 Warning: Clock input clocked_on of DFF gen_regfile_ff.register_file_i/g_rf_flops[16].rf_reg_q_reg[19] not active when clocks are set on. (D9-1089)
 Warning: Clock input clocked_on of DFF gen_regfile_ff.register_file_i/g_rf_flops[16].rf_reg_q_reg[18] not active when clocks are set on. (D9-1090)
 Warning: Clock input clocked_on of DFF gen_regfile_ff.register_file_i/g_rf_flops[16].rf_reg_q_reg[17] not active when clocks are set on. (D9-1091)
 Warning: Clock input clocked_on of DFF gen_regfile_ff.register_file_i/g_rf_flops[16].rf_reg_q_reg[16] not active when clocks are set on. (D9-1092)
 Warning: Clock input clocked_on of DFF gen_regfile_ff.register_file_i/g_rf_flops[16].rf_reg_q_reg[15] not active when clocks are set on. (D9-1093)
 Warning: Clock input clocked_on of DFF gen_regfile_ff.register_file_i/g_rf_flops[16].rf_reg_q_reg[14] not active when clocks are set on. (D9-1094)
 Warning: Clock input clocked_on of DFF gen_regfile_ff.register_file_i/g_rf_flops[16].rf_reg_q_reg[13] not active when clocks are set on. (D9-1095)
 Warning: Clock input clocked_on of DFF gen_regfile_ff.register_file_i/g_rf_flops[16].rf_reg_q_reg[12] not active when clocks are set on. (D9-1096)
 Warning: Clock input clocked_on of DFF gen_regfile_ff.register_file_i/g_rf_flops[16].rf_reg_q_reg[11] not active when clocks are set on. (D9-1097)
 Warning: Clock input clocked_on of DFF gen_regfile_ff.register_file_i/g_rf_flops[16].rf_reg_q_reg[10] not active when clocks are set on. (D9-1098)
 Warning: Clock input clocked_on of DFF gen_regfile_ff.register_file_i/g_rf_flops[16].rf_reg_q_reg[9] not active when clocks are set on. (D9-1099)
 Warning: Clock input clocked_on of DFF gen_regfile_ff.register_file_i/g_rf_flops[16].rf_reg_q_reg[8] not active when clocks are set on. (D9-1100)
 Warning: Clock input clocked_on of DFF gen_regfile_ff.register_file_i/g_rf_flops[16].rf_reg_q_reg[7] not active when clocks are set on. (D9-1101)
 Warning: Clock input clocked_on of DFF gen_regfile_ff.register_file_i/g_rf_flops[16].rf_reg_q_reg[6] not active when clocks are set on. (D9-1102)
 Warning: Clock input clocked_on of DFF gen_regfile_ff.register_file_i/g_rf_flops[16].rf_reg_q_reg[5] not active when clocks are set on. (D9-1103)
 Warning: Clock input clocked_on of DFF gen_regfile_ff.register_file_i/g_rf_flops[16].rf_reg_q_reg[4] not active when clocks are set on. (D9-1104)
 Warning: Clock input clocked_on of DFF gen_regfile_ff.register_file_i/g_rf_flops[16].rf_reg_q_reg[3] not active when clocks are set on. (D9-1105)
 Warning: Clock input clocked_on of DFF gen_regfile_ff.register_file_i/g_rf_flops[16].rf_reg_q_reg[2] not active when clocks are set on. (D9-1106)
 Warning: Clock input clocked_on of DFF gen_regfile_ff.register_file_i/g_rf_flops[16].rf_reg_q_reg[1] not active when clocks are set on. (D9-1107)
 Warning: Clock input clocked_on of DFF gen_regfile_ff.register_file_i/g_rf_flops[16].rf_reg_q_reg[0] not active when clocks are set on. (D9-1108)
 Warning: Clock input clocked_on of DFF gen_regfile_ff.register_file_i/g_rf_flops[17].rf_reg_q_reg[31] not active when clocks are set on. (D9-1109)
 Warning: Clock input clocked_on of DFF gen_regfile_ff.register_file_i/g_rf_flops[17].rf_reg_q_reg[30] not active when clocks are set on. (D9-1110)
 Warning: Clock input clocked_on of DFF gen_regfile_ff.register_file_i/g_rf_flops[17].rf_reg_q_reg[29] not active when clocks are set on. (D9-1111)
 Warning: Clock input clocked_on of DFF gen_regfile_ff.register_file_i/g_rf_flops[17].rf_reg_q_reg[28] not active when clocks are set on. (D9-1112)
 Warning: Clock input clocked_on of DFF gen_regfile_ff.register_file_i/g_rf_flops[17].rf_reg_q_reg[27] not active when clocks are set on. (D9-1113)
 Warning: Clock input clocked_on of DFF gen_regfile_ff.register_file_i/g_rf_flops[17].rf_reg_q_reg[26] not active when clocks are set on. (D9-1114)
 Warning: Clock input clocked_on of DFF gen_regfile_ff.register_file_i/g_rf_flops[17].rf_reg_q_reg[25] not active when clocks are set on. (D9-1115)
 Warning: Clock input clocked_on of DFF gen_regfile_ff.register_file_i/g_rf_flops[17].rf_reg_q_reg[24] not active when clocks are set on. (D9-1116)
 Warning: Clock input clocked_on of DFF gen_regfile_ff.register_file_i/g_rf_flops[17].rf_reg_q_reg[23] not active when clocks are set on. (D9-1117)
 Warning: Clock input clocked_on of DFF gen_regfile_ff.register_file_i/g_rf_flops[17].rf_reg_q_reg[22] not active when clocks are set on. (D9-1118)
 Warning: Clock input clocked_on of DFF gen_regfile_ff.register_file_i/g_rf_flops[17].rf_reg_q_reg[21] not active when clocks are set on. (D9-1119)
 Warning: Clock input clocked_on of DFF gen_regfile_ff.register_file_i/g_rf_flops[17].rf_reg_q_reg[20] not active when clocks are set on. (D9-1120)
 Warning: Clock input clocked_on of DFF gen_regfile_ff.register_file_i/g_rf_flops[17].rf_reg_q_reg[19] not active when clocks are set on. (D9-1121)
 Warning: Clock input clocked_on of DFF gen_regfile_ff.register_file_i/g_rf_flops[17].rf_reg_q_reg[18] not active when clocks are set on. (D9-1122)
 Warning: Clock input clocked_on of DFF gen_regfile_ff.register_file_i/g_rf_flops[17].rf_reg_q_reg[17] not active when clocks are set on. (D9-1123)
 Warning: Clock input clocked_on of DFF gen_regfile_ff.register_file_i/g_rf_flops[17].rf_reg_q_reg[16] not active when clocks are set on. (D9-1124)
 Warning: Clock input clocked_on of DFF gen_regfile_ff.register_file_i/g_rf_flops[17].rf_reg_q_reg[15] not active when clocks are set on. (D9-1125)
 Warning: Clock input clocked_on of DFF gen_regfile_ff.register_file_i/g_rf_flops[17].rf_reg_q_reg[14] not active when clocks are set on. (D9-1126)
 Warning: Clock input clocked_on of DFF gen_regfile_ff.register_file_i/g_rf_flops[17].rf_reg_q_reg[13] not active when clocks are set on. (D9-1127)
 Warning: Clock input clocked_on of DFF gen_regfile_ff.register_file_i/g_rf_flops[17].rf_reg_q_reg[12] not active when clocks are set on. (D9-1128)
 Warning: Clock input clocked_on of DFF gen_regfile_ff.register_file_i/g_rf_flops[17].rf_reg_q_reg[11] not active when clocks are set on. (D9-1129)
 Warning: Clock input clocked_on of DFF gen_regfile_ff.register_file_i/g_rf_flops[17].rf_reg_q_reg[10] not active when clocks are set on. (D9-1130)
 Warning: Clock input clocked_on of DFF gen_regfile_ff.register_file_i/g_rf_flops[17].rf_reg_q_reg[9] not active when clocks are set on. (D9-1131)
 Warning: Clock input clocked_on of DFF gen_regfile_ff.register_file_i/g_rf_flops[17].rf_reg_q_reg[8] not active when clocks are set on. (D9-1132)
 Warning: Clock input clocked_on of DFF gen_regfile_ff.register_file_i/g_rf_flops[17].rf_reg_q_reg[7] not active when clocks are set on. (D9-1133)
 Warning: Clock input clocked_on of DFF gen_regfile_ff.register_file_i/g_rf_flops[17].rf_reg_q_reg[6] not active when clocks are set on. (D9-1134)
 Warning: Clock input clocked_on of DFF gen_regfile_ff.register_file_i/g_rf_flops[17].rf_reg_q_reg[5] not active when clocks are set on. (D9-1135)
 Warning: Clock input clocked_on of DFF gen_regfile_ff.register_file_i/g_rf_flops[17].rf_reg_q_reg[4] not active when clocks are set on. (D9-1136)
 Warning: Clock input clocked_on of DFF gen_regfile_ff.register_file_i/g_rf_flops[17].rf_reg_q_reg[3] not active when clocks are set on. (D9-1137)
 Warning: Clock input clocked_on of DFF gen_regfile_ff.register_file_i/g_rf_flops[17].rf_reg_q_reg[2] not active when clocks are set on. (D9-1138)
 Warning: Clock input clocked_on of DFF gen_regfile_ff.register_file_i/g_rf_flops[17].rf_reg_q_reg[1] not active when clocks are set on. (D9-1139)
 Warning: Clock input clocked_on of DFF gen_regfile_ff.register_file_i/g_rf_flops[17].rf_reg_q_reg[0] not active when clocks are set on. (D9-1140)
 Warning: Clock input clocked_on of DFF gen_regfile_ff.register_file_i/g_rf_flops[18].rf_reg_q_reg[31] not active when clocks are set on. (D9-1141)
 Warning: Clock input clocked_on of DFF gen_regfile_ff.register_file_i/g_rf_flops[18].rf_reg_q_reg[30] not active when clocks are set on. (D9-1142)
 Warning: Clock input clocked_on of DFF gen_regfile_ff.register_file_i/g_rf_flops[18].rf_reg_q_reg[29] not active when clocks are set on. (D9-1143)
 Warning: Clock input clocked_on of DFF gen_regfile_ff.register_file_i/g_rf_flops[18].rf_reg_q_reg[28] not active when clocks are set on. (D9-1144)
 Warning: Clock input clocked_on of DFF gen_regfile_ff.register_file_i/g_rf_flops[18].rf_reg_q_reg[27] not active when clocks are set on. (D9-1145)
 Warning: Clock input clocked_on of DFF gen_regfile_ff.register_file_i/g_rf_flops[18].rf_reg_q_reg[26] not active when clocks are set on. (D9-1146)
 Warning: Clock input clocked_on of DFF gen_regfile_ff.register_file_i/g_rf_flops[18].rf_reg_q_reg[25] not active when clocks are set on. (D9-1147)
 Warning: Clock input clocked_on of DFF gen_regfile_ff.register_file_i/g_rf_flops[18].rf_reg_q_reg[24] not active when clocks are set on. (D9-1148)
 Warning: Clock input clocked_on of DFF gen_regfile_ff.register_file_i/g_rf_flops[18].rf_reg_q_reg[23] not active when clocks are set on. (D9-1149)
 Warning: Clock input clocked_on of DFF gen_regfile_ff.register_file_i/g_rf_flops[18].rf_reg_q_reg[22] not active when clocks are set on. (D9-1150)
 Warning: Clock input clocked_on of DFF gen_regfile_ff.register_file_i/g_rf_flops[18].rf_reg_q_reg[21] not active when clocks are set on. (D9-1151)
 Warning: Clock input clocked_on of DFF gen_regfile_ff.register_file_i/g_rf_flops[18].rf_reg_q_reg[20] not active when clocks are set on. (D9-1152)
 Warning: Clock input clocked_on of DFF gen_regfile_ff.register_file_i/g_rf_flops[18].rf_reg_q_reg[19] not active when clocks are set on. (D9-1153)
 Warning: Clock input clocked_on of DFF gen_regfile_ff.register_file_i/g_rf_flops[18].rf_reg_q_reg[18] not active when clocks are set on. (D9-1154)
 Warning: Clock input clocked_on of DFF gen_regfile_ff.register_file_i/g_rf_flops[18].rf_reg_q_reg[17] not active when clocks are set on. (D9-1155)
 Warning: Clock input clocked_on of DFF gen_regfile_ff.register_file_i/g_rf_flops[18].rf_reg_q_reg[16] not active when clocks are set on. (D9-1156)
 Warning: Clock input clocked_on of DFF gen_regfile_ff.register_file_i/g_rf_flops[18].rf_reg_q_reg[15] not active when clocks are set on. (D9-1157)
 Warning: Clock input clocked_on of DFF gen_regfile_ff.register_file_i/g_rf_flops[18].rf_reg_q_reg[14] not active when clocks are set on. (D9-1158)
 Warning: Clock input clocked_on of DFF gen_regfile_ff.register_file_i/g_rf_flops[18].rf_reg_q_reg[13] not active when clocks are set on. (D9-1159)
 Warning: Clock input clocked_on of DFF gen_regfile_ff.register_file_i/g_rf_flops[18].rf_reg_q_reg[12] not active when clocks are set on. (D9-1160)
 Warning: Clock input clocked_on of DFF gen_regfile_ff.register_file_i/g_rf_flops[18].rf_reg_q_reg[11] not active when clocks are set on. (D9-1161)
 Warning: Clock input clocked_on of DFF gen_regfile_ff.register_file_i/g_rf_flops[18].rf_reg_q_reg[10] not active when clocks are set on. (D9-1162)
 Warning: Clock input clocked_on of DFF gen_regfile_ff.register_file_i/g_rf_flops[18].rf_reg_q_reg[9] not active when clocks are set on. (D9-1163)
 Warning: Clock input clocked_on of DFF gen_regfile_ff.register_file_i/g_rf_flops[18].rf_reg_q_reg[8] not active when clocks are set on. (D9-1164)
 Warning: Clock input clocked_on of DFF gen_regfile_ff.register_file_i/g_rf_flops[18].rf_reg_q_reg[7] not active when clocks are set on. (D9-1165)
 Warning: Clock input clocked_on of DFF gen_regfile_ff.register_file_i/g_rf_flops[18].rf_reg_q_reg[6] not active when clocks are set on. (D9-1166)
 Warning: Clock input clocked_on of DFF gen_regfile_ff.register_file_i/g_rf_flops[18].rf_reg_q_reg[5] not active when clocks are set on. (D9-1167)
 Warning: Clock input clocked_on of DFF gen_regfile_ff.register_file_i/g_rf_flops[18].rf_reg_q_reg[4] not active when clocks are set on. (D9-1168)
 Warning: Clock input clocked_on of DFF gen_regfile_ff.register_file_i/g_rf_flops[18].rf_reg_q_reg[3] not active when clocks are set on. (D9-1169)
 Warning: Clock input clocked_on of DFF gen_regfile_ff.register_file_i/g_rf_flops[18].rf_reg_q_reg[2] not active when clocks are set on. (D9-1170)
 Warning: Clock input clocked_on of DFF gen_regfile_ff.register_file_i/g_rf_flops[18].rf_reg_q_reg[1] not active when clocks are set on. (D9-1171)
 Warning: Clock input clocked_on of DFF gen_regfile_ff.register_file_i/g_rf_flops[18].rf_reg_q_reg[0] not active when clocks are set on. (D9-1172)
 Warning: Clock input clocked_on of DFF gen_regfile_ff.register_file_i/g_rf_flops[19].rf_reg_q_reg[31] not active when clocks are set on. (D9-1173)
 Warning: Clock input clocked_on of DFF gen_regfile_ff.register_file_i/g_rf_flops[19].rf_reg_q_reg[30] not active when clocks are set on. (D9-1174)
 Warning: Clock input clocked_on of DFF gen_regfile_ff.register_file_i/g_rf_flops[19].rf_reg_q_reg[29] not active when clocks are set on. (D9-1175)
 Warning: Clock input clocked_on of DFF gen_regfile_ff.register_file_i/g_rf_flops[19].rf_reg_q_reg[28] not active when clocks are set on. (D9-1176)
 Warning: Clock input clocked_on of DFF gen_regfile_ff.register_file_i/g_rf_flops[19].rf_reg_q_reg[27] not active when clocks are set on. (D9-1177)
 Warning: Clock input clocked_on of DFF gen_regfile_ff.register_file_i/g_rf_flops[19].rf_reg_q_reg[26] not active when clocks are set on. (D9-1178)
 Warning: Clock input clocked_on of DFF gen_regfile_ff.register_file_i/g_rf_flops[19].rf_reg_q_reg[25] not active when clocks are set on. (D9-1179)
 Warning: Clock input clocked_on of DFF gen_regfile_ff.register_file_i/g_rf_flops[19].rf_reg_q_reg[24] not active when clocks are set on. (D9-1180)
 Warning: Clock input clocked_on of DFF gen_regfile_ff.register_file_i/g_rf_flops[19].rf_reg_q_reg[23] not active when clocks are set on. (D9-1181)
 Warning: Clock input clocked_on of DFF gen_regfile_ff.register_file_i/g_rf_flops[19].rf_reg_q_reg[22] not active when clocks are set on. (D9-1182)
 Warning: Clock input clocked_on of DFF gen_regfile_ff.register_file_i/g_rf_flops[19].rf_reg_q_reg[21] not active when clocks are set on. (D9-1183)
 Warning: Clock input clocked_on of DFF gen_regfile_ff.register_file_i/g_rf_flops[19].rf_reg_q_reg[20] not active when clocks are set on. (D9-1184)
 Warning: Clock input clocked_on of DFF gen_regfile_ff.register_file_i/g_rf_flops[19].rf_reg_q_reg[19] not active when clocks are set on. (D9-1185)
 Warning: Clock input clocked_on of DFF gen_regfile_ff.register_file_i/g_rf_flops[19].rf_reg_q_reg[18] not active when clocks are set on. (D9-1186)
 Warning: Clock input clocked_on of DFF gen_regfile_ff.register_file_i/g_rf_flops[19].rf_reg_q_reg[17] not active when clocks are set on. (D9-1187)
 Warning: Clock input clocked_on of DFF gen_regfile_ff.register_file_i/g_rf_flops[19].rf_reg_q_reg[16] not active when clocks are set on. (D9-1188)
 Warning: Clock input clocked_on of DFF gen_regfile_ff.register_file_i/g_rf_flops[19].rf_reg_q_reg[15] not active when clocks are set on. (D9-1189)
 Warning: Clock input clocked_on of DFF gen_regfile_ff.register_file_i/g_rf_flops[19].rf_reg_q_reg[14] not active when clocks are set on. (D9-1190)
 Warning: Clock input clocked_on of DFF gen_regfile_ff.register_file_i/g_rf_flops[19].rf_reg_q_reg[13] not active when clocks are set on. (D9-1191)
 Warning: Clock input clocked_on of DFF gen_regfile_ff.register_file_i/g_rf_flops[19].rf_reg_q_reg[12] not active when clocks are set on. (D9-1192)
 Warning: Clock input clocked_on of DFF gen_regfile_ff.register_file_i/g_rf_flops[19].rf_reg_q_reg[11] not active when clocks are set on. (D9-1193)
 Warning: Clock input clocked_on of DFF gen_regfile_ff.register_file_i/g_rf_flops[19].rf_reg_q_reg[10] not active when clocks are set on. (D9-1194)
 Warning: Clock input clocked_on of DFF gen_regfile_ff.register_file_i/g_rf_flops[19].rf_reg_q_reg[9] not active when clocks are set on. (D9-1195)
 Warning: Clock input clocked_on of DFF gen_regfile_ff.register_file_i/g_rf_flops[19].rf_reg_q_reg[8] not active when clocks are set on. (D9-1196)
 Warning: Clock input clocked_on of DFF gen_regfile_ff.register_file_i/g_rf_flops[19].rf_reg_q_reg[7] not active when clocks are set on. (D9-1197)
 Warning: Clock input clocked_on of DFF gen_regfile_ff.register_file_i/g_rf_flops[19].rf_reg_q_reg[6] not active when clocks are set on. (D9-1198)
 Warning: Clock input clocked_on of DFF gen_regfile_ff.register_file_i/g_rf_flops[19].rf_reg_q_reg[5] not active when clocks are set on. (D9-1199)
 Warning: Clock input clocked_on of DFF gen_regfile_ff.register_file_i/g_rf_flops[19].rf_reg_q_reg[4] not active when clocks are set on. (D9-1200)
 Warning: Clock input clocked_on of DFF gen_regfile_ff.register_file_i/g_rf_flops[19].rf_reg_q_reg[3] not active when clocks are set on. (D9-1201)
 Warning: Clock input clocked_on of DFF gen_regfile_ff.register_file_i/g_rf_flops[19].rf_reg_q_reg[2] not active when clocks are set on. (D9-1202)
 Warning: Clock input clocked_on of DFF gen_regfile_ff.register_file_i/g_rf_flops[19].rf_reg_q_reg[1] not active when clocks are set on. (D9-1203)
 Warning: Clock input clocked_on of DFF gen_regfile_ff.register_file_i/g_rf_flops[19].rf_reg_q_reg[0] not active when clocks are set on. (D9-1204)
 Warning: Clock input clocked_on of DFF gen_regfile_ff.register_file_i/g_rf_flops[20].rf_reg_q_reg[31] not active when clocks are set on. (D9-1205)
 Warning: Clock input clocked_on of DFF gen_regfile_ff.register_file_i/g_rf_flops[20].rf_reg_q_reg[30] not active when clocks are set on. (D9-1206)
 Warning: Clock input clocked_on of DFF gen_regfile_ff.register_file_i/g_rf_flops[20].rf_reg_q_reg[29] not active when clocks are set on. (D9-1207)
 Warning: Clock input clocked_on of DFF gen_regfile_ff.register_file_i/g_rf_flops[20].rf_reg_q_reg[28] not active when clocks are set on. (D9-1208)
 Warning: Clock input clocked_on of DFF gen_regfile_ff.register_file_i/g_rf_flops[20].rf_reg_q_reg[27] not active when clocks are set on. (D9-1209)
 Warning: Clock input clocked_on of DFF gen_regfile_ff.register_file_i/g_rf_flops[20].rf_reg_q_reg[26] not active when clocks are set on. (D9-1210)
 Warning: Clock input clocked_on of DFF gen_regfile_ff.register_file_i/g_rf_flops[20].rf_reg_q_reg[25] not active when clocks are set on. (D9-1211)
 Warning: Clock input clocked_on of DFF gen_regfile_ff.register_file_i/g_rf_flops[20].rf_reg_q_reg[24] not active when clocks are set on. (D9-1212)
 Warning: Clock input clocked_on of DFF gen_regfile_ff.register_file_i/g_rf_flops[20].rf_reg_q_reg[23] not active when clocks are set on. (D9-1213)
 Warning: Clock input clocked_on of DFF gen_regfile_ff.register_file_i/g_rf_flops[20].rf_reg_q_reg[22] not active when clocks are set on. (D9-1214)
 Warning: Clock input clocked_on of DFF gen_regfile_ff.register_file_i/g_rf_flops[20].rf_reg_q_reg[21] not active when clocks are set on. (D9-1215)
 Warning: Clock input clocked_on of DFF gen_regfile_ff.register_file_i/g_rf_flops[20].rf_reg_q_reg[20] not active when clocks are set on. (D9-1216)
 Warning: Clock input clocked_on of DFF gen_regfile_ff.register_file_i/g_rf_flops[20].rf_reg_q_reg[19] not active when clocks are set on. (D9-1217)
 Warning: Clock input clocked_on of DFF gen_regfile_ff.register_file_i/g_rf_flops[20].rf_reg_q_reg[18] not active when clocks are set on. (D9-1218)
 Warning: Clock input clocked_on of DFF gen_regfile_ff.register_file_i/g_rf_flops[20].rf_reg_q_reg[17] not active when clocks are set on. (D9-1219)
 Warning: Clock input clocked_on of DFF gen_regfile_ff.register_file_i/g_rf_flops[20].rf_reg_q_reg[16] not active when clocks are set on. (D9-1220)
 Warning: Clock input clocked_on of DFF gen_regfile_ff.register_file_i/g_rf_flops[20].rf_reg_q_reg[15] not active when clocks are set on. (D9-1221)
 Warning: Clock input clocked_on of DFF gen_regfile_ff.register_file_i/g_rf_flops[20].rf_reg_q_reg[14] not active when clocks are set on. (D9-1222)
 Warning: Clock input clocked_on of DFF gen_regfile_ff.register_file_i/g_rf_flops[20].rf_reg_q_reg[13] not active when clocks are set on. (D9-1223)
 Warning: Clock input clocked_on of DFF gen_regfile_ff.register_file_i/g_rf_flops[20].rf_reg_q_reg[12] not active when clocks are set on. (D9-1224)
 Warning: Clock input clocked_on of DFF gen_regfile_ff.register_file_i/g_rf_flops[20].rf_reg_q_reg[11] not active when clocks are set on. (D9-1225)
 Warning: Clock input clocked_on of DFF gen_regfile_ff.register_file_i/g_rf_flops[20].rf_reg_q_reg[10] not active when clocks are set on. (D9-1226)
 Warning: Clock input clocked_on of DFF gen_regfile_ff.register_file_i/g_rf_flops[20].rf_reg_q_reg[9] not active when clocks are set on. (D9-1227)
 Warning: Clock input clocked_on of DFF gen_regfile_ff.register_file_i/g_rf_flops[20].rf_reg_q_reg[8] not active when clocks are set on. (D9-1228)
 Warning: Clock input clocked_on of DFF gen_regfile_ff.register_file_i/g_rf_flops[20].rf_reg_q_reg[7] not active when clocks are set on. (D9-1229)
 Warning: Clock input clocked_on of DFF gen_regfile_ff.register_file_i/g_rf_flops[20].rf_reg_q_reg[6] not active when clocks are set on. (D9-1230)
 Warning: Clock input clocked_on of DFF gen_regfile_ff.register_file_i/g_rf_flops[20].rf_reg_q_reg[5] not active when clocks are set on. (D9-1231)
 Warning: Clock input clocked_on of DFF gen_regfile_ff.register_file_i/g_rf_flops[20].rf_reg_q_reg[4] not active when clocks are set on. (D9-1232)
 Warning: Clock input clocked_on of DFF gen_regfile_ff.register_file_i/g_rf_flops[20].rf_reg_q_reg[3] not active when clocks are set on. (D9-1233)
 Warning: Clock input clocked_on of DFF gen_regfile_ff.register_file_i/g_rf_flops[20].rf_reg_q_reg[2] not active when clocks are set on. (D9-1234)
 Warning: Clock input clocked_on of DFF gen_regfile_ff.register_file_i/g_rf_flops[20].rf_reg_q_reg[1] not active when clocks are set on. (D9-1235)
 Warning: Clock input clocked_on of DFF gen_regfile_ff.register_file_i/g_rf_flops[20].rf_reg_q_reg[0] not active when clocks are set on. (D9-1236)
 Warning: Clock input clocked_on of DFF gen_regfile_ff.register_file_i/g_rf_flops[21].rf_reg_q_reg[31] not active when clocks are set on. (D9-1237)
 Warning: Clock input clocked_on of DFF gen_regfile_ff.register_file_i/g_rf_flops[21].rf_reg_q_reg[30] not active when clocks are set on. (D9-1238)
 Warning: Clock input clocked_on of DFF gen_regfile_ff.register_file_i/g_rf_flops[21].rf_reg_q_reg[29] not active when clocks are set on. (D9-1239)
 Warning: Clock input clocked_on of DFF gen_regfile_ff.register_file_i/g_rf_flops[21].rf_reg_q_reg[28] not active when clocks are set on. (D9-1240)
 Warning: Clock input clocked_on of DFF gen_regfile_ff.register_file_i/g_rf_flops[21].rf_reg_q_reg[27] not active when clocks are set on. (D9-1241)
 Warning: Clock input clocked_on of DFF gen_regfile_ff.register_file_i/g_rf_flops[21].rf_reg_q_reg[26] not active when clocks are set on. (D9-1242)
 Warning: Clock input clocked_on of DFF gen_regfile_ff.register_file_i/g_rf_flops[21].rf_reg_q_reg[25] not active when clocks are set on. (D9-1243)
 Warning: Clock input clocked_on of DFF gen_regfile_ff.register_file_i/g_rf_flops[21].rf_reg_q_reg[24] not active when clocks are set on. (D9-1244)
 Warning: Clock input clocked_on of DFF gen_regfile_ff.register_file_i/g_rf_flops[21].rf_reg_q_reg[23] not active when clocks are set on. (D9-1245)
 Warning: Clock input clocked_on of DFF gen_regfile_ff.register_file_i/g_rf_flops[21].rf_reg_q_reg[22] not active when clocks are set on. (D9-1246)
 Warning: Clock input clocked_on of DFF gen_regfile_ff.register_file_i/g_rf_flops[21].rf_reg_q_reg[21] not active when clocks are set on. (D9-1247)
 Warning: Clock input clocked_on of DFF gen_regfile_ff.register_file_i/g_rf_flops[21].rf_reg_q_reg[20] not active when clocks are set on. (D9-1248)
 Warning: Clock input clocked_on of DFF gen_regfile_ff.register_file_i/g_rf_flops[21].rf_reg_q_reg[19] not active when clocks are set on. (D9-1249)
 Warning: Clock input clocked_on of DFF gen_regfile_ff.register_file_i/g_rf_flops[21].rf_reg_q_reg[18] not active when clocks are set on. (D9-1250)
 Warning: Clock input clocked_on of DFF gen_regfile_ff.register_file_i/g_rf_flops[21].rf_reg_q_reg[17] not active when clocks are set on. (D9-1251)
 Warning: Clock input clocked_on of DFF gen_regfile_ff.register_file_i/g_rf_flops[21].rf_reg_q_reg[16] not active when clocks are set on. (D9-1252)
 Warning: Clock input clocked_on of DFF gen_regfile_ff.register_file_i/g_rf_flops[21].rf_reg_q_reg[15] not active when clocks are set on. (D9-1253)
 Warning: Clock input clocked_on of DFF gen_regfile_ff.register_file_i/g_rf_flops[21].rf_reg_q_reg[14] not active when clocks are set on. (D9-1254)
 Warning: Clock input clocked_on of DFF gen_regfile_ff.register_file_i/g_rf_flops[21].rf_reg_q_reg[13] not active when clocks are set on. (D9-1255)
 Warning: Clock input clocked_on of DFF gen_regfile_ff.register_file_i/g_rf_flops[21].rf_reg_q_reg[12] not active when clocks are set on. (D9-1256)
 Warning: Clock input clocked_on of DFF gen_regfile_ff.register_file_i/g_rf_flops[21].rf_reg_q_reg[11] not active when clocks are set on. (D9-1257)
 Warning: Clock input clocked_on of DFF gen_regfile_ff.register_file_i/g_rf_flops[21].rf_reg_q_reg[10] not active when clocks are set on. (D9-1258)
 Warning: Clock input clocked_on of DFF gen_regfile_ff.register_file_i/g_rf_flops[21].rf_reg_q_reg[9] not active when clocks are set on. (D9-1259)
 Warning: Clock input clocked_on of DFF gen_regfile_ff.register_file_i/g_rf_flops[21].rf_reg_q_reg[8] not active when clocks are set on. (D9-1260)
 Warning: Clock input clocked_on of DFF gen_regfile_ff.register_file_i/g_rf_flops[21].rf_reg_q_reg[7] not active when clocks are set on. (D9-1261)
 Warning: Clock input clocked_on of DFF gen_regfile_ff.register_file_i/g_rf_flops[21].rf_reg_q_reg[6] not active when clocks are set on. (D9-1262)
 Warning: Clock input clocked_on of DFF gen_regfile_ff.register_file_i/g_rf_flops[21].rf_reg_q_reg[5] not active when clocks are set on. (D9-1263)
 Warning: Clock input clocked_on of DFF gen_regfile_ff.register_file_i/g_rf_flops[21].rf_reg_q_reg[4] not active when clocks are set on. (D9-1264)
 Warning: Clock input clocked_on of DFF gen_regfile_ff.register_file_i/g_rf_flops[21].rf_reg_q_reg[3] not active when clocks are set on. (D9-1265)
 Warning: Clock input clocked_on of DFF gen_regfile_ff.register_file_i/g_rf_flops[21].rf_reg_q_reg[2] not active when clocks are set on. (D9-1266)
 Warning: Clock input clocked_on of DFF gen_regfile_ff.register_file_i/g_rf_flops[21].rf_reg_q_reg[1] not active when clocks are set on. (D9-1267)
 Warning: Clock input clocked_on of DFF gen_regfile_ff.register_file_i/g_rf_flops[21].rf_reg_q_reg[0] not active when clocks are set on. (D9-1268)
 Warning: Clock input clocked_on of DFF gen_regfile_ff.register_file_i/g_rf_flops[22].rf_reg_q_reg[31] not active when clocks are set on. (D9-1269)
 Warning: Clock input clocked_on of DFF gen_regfile_ff.register_file_i/g_rf_flops[22].rf_reg_q_reg[30] not active when clocks are set on. (D9-1270)
 Warning: Clock input clocked_on of DFF gen_regfile_ff.register_file_i/g_rf_flops[22].rf_reg_q_reg[29] not active when clocks are set on. (D9-1271)
 Warning: Clock input clocked_on of DFF gen_regfile_ff.register_file_i/g_rf_flops[22].rf_reg_q_reg[28] not active when clocks are set on. (D9-1272)
 Warning: Clock input clocked_on of DFF gen_regfile_ff.register_file_i/g_rf_flops[22].rf_reg_q_reg[27] not active when clocks are set on. (D9-1273)
 Warning: Clock input clocked_on of DFF gen_regfile_ff.register_file_i/g_rf_flops[22].rf_reg_q_reg[26] not active when clocks are set on. (D9-1274)
 Warning: Clock input clocked_on of DFF gen_regfile_ff.register_file_i/g_rf_flops[22].rf_reg_q_reg[25] not active when clocks are set on. (D9-1275)
 Warning: Clock input clocked_on of DFF gen_regfile_ff.register_file_i/g_rf_flops[22].rf_reg_q_reg[24] not active when clocks are set on. (D9-1276)
 Warning: Clock input clocked_on of DFF gen_regfile_ff.register_file_i/g_rf_flops[22].rf_reg_q_reg[23] not active when clocks are set on. (D9-1277)
 Warning: Clock input clocked_on of DFF gen_regfile_ff.register_file_i/g_rf_flops[22].rf_reg_q_reg[22] not active when clocks are set on. (D9-1278)
 Warning: Clock input clocked_on of DFF gen_regfile_ff.register_file_i/g_rf_flops[22].rf_reg_q_reg[21] not active when clocks are set on. (D9-1279)
 Warning: Clock input clocked_on of DFF gen_regfile_ff.register_file_i/g_rf_flops[22].rf_reg_q_reg[20] not active when clocks are set on. (D9-1280)
 Warning: Clock input clocked_on of DFF gen_regfile_ff.register_file_i/g_rf_flops[22].rf_reg_q_reg[19] not active when clocks are set on. (D9-1281)
 Warning: Clock input clocked_on of DFF gen_regfile_ff.register_file_i/g_rf_flops[22].rf_reg_q_reg[18] not active when clocks are set on. (D9-1282)
 Warning: Clock input clocked_on of DFF gen_regfile_ff.register_file_i/g_rf_flops[22].rf_reg_q_reg[17] not active when clocks are set on. (D9-1283)
 Warning: Clock input clocked_on of DFF gen_regfile_ff.register_file_i/g_rf_flops[22].rf_reg_q_reg[16] not active when clocks are set on. (D9-1284)
 Warning: Clock input clocked_on of DFF gen_regfile_ff.register_file_i/g_rf_flops[22].rf_reg_q_reg[15] not active when clocks are set on. (D9-1285)
 Warning: Clock input clocked_on of DFF gen_regfile_ff.register_file_i/g_rf_flops[22].rf_reg_q_reg[14] not active when clocks are set on. (D9-1286)
 Warning: Clock input clocked_on of DFF gen_regfile_ff.register_file_i/g_rf_flops[22].rf_reg_q_reg[13] not active when clocks are set on. (D9-1287)
 Warning: Clock input clocked_on of DFF gen_regfile_ff.register_file_i/g_rf_flops[22].rf_reg_q_reg[12] not active when clocks are set on. (D9-1288)
 Warning: Clock input clocked_on of DFF gen_regfile_ff.register_file_i/g_rf_flops[22].rf_reg_q_reg[11] not active when clocks are set on. (D9-1289)
 Warning: Clock input clocked_on of DFF gen_regfile_ff.register_file_i/g_rf_flops[22].rf_reg_q_reg[10] not active when clocks are set on. (D9-1290)
 Warning: Clock input clocked_on of DFF gen_regfile_ff.register_file_i/g_rf_flops[22].rf_reg_q_reg[9] not active when clocks are set on. (D9-1291)
 Warning: Clock input clocked_on of DFF gen_regfile_ff.register_file_i/g_rf_flops[22].rf_reg_q_reg[8] not active when clocks are set on. (D9-1292)
 Warning: Clock input clocked_on of DFF gen_regfile_ff.register_file_i/g_rf_flops[22].rf_reg_q_reg[7] not active when clocks are set on. (D9-1293)
 Warning: Clock input clocked_on of DFF gen_regfile_ff.register_file_i/g_rf_flops[22].rf_reg_q_reg[6] not active when clocks are set on. (D9-1294)
 Warning: Clock input clocked_on of DFF gen_regfile_ff.register_file_i/g_rf_flops[22].rf_reg_q_reg[5] not active when clocks are set on. (D9-1295)
 Warning: Clock input clocked_on of DFF gen_regfile_ff.register_file_i/g_rf_flops[22].rf_reg_q_reg[4] not active when clocks are set on. (D9-1296)
 Warning: Clock input clocked_on of DFF gen_regfile_ff.register_file_i/g_rf_flops[22].rf_reg_q_reg[3] not active when clocks are set on. (D9-1297)
 Warning: Clock input clocked_on of DFF gen_regfile_ff.register_file_i/g_rf_flops[22].rf_reg_q_reg[2] not active when clocks are set on. (D9-1298)
 Warning: Clock input clocked_on of DFF gen_regfile_ff.register_file_i/g_rf_flops[22].rf_reg_q_reg[1] not active when clocks are set on. (D9-1299)
 Warning: Clock input clocked_on of DFF gen_regfile_ff.register_file_i/g_rf_flops[22].rf_reg_q_reg[0] not active when clocks are set on. (D9-1300)
 Warning: Clock input clocked_on of DFF gen_regfile_ff.register_file_i/g_rf_flops[23].rf_reg_q_reg[31] not active when clocks are set on. (D9-1301)
 Warning: Clock input clocked_on of DFF gen_regfile_ff.register_file_i/g_rf_flops[23].rf_reg_q_reg[30] not active when clocks are set on. (D9-1302)
 Warning: Clock input clocked_on of DFF gen_regfile_ff.register_file_i/g_rf_flops[23].rf_reg_q_reg[29] not active when clocks are set on. (D9-1303)
 Warning: Clock input clocked_on of DFF gen_regfile_ff.register_file_i/g_rf_flops[23].rf_reg_q_reg[28] not active when clocks are set on. (D9-1304)
 Warning: Clock input clocked_on of DFF gen_regfile_ff.register_file_i/g_rf_flops[23].rf_reg_q_reg[27] not active when clocks are set on. (D9-1305)
 Warning: Clock input clocked_on of DFF gen_regfile_ff.register_file_i/g_rf_flops[23].rf_reg_q_reg[26] not active when clocks are set on. (D9-1306)
 Warning: Clock input clocked_on of DFF gen_regfile_ff.register_file_i/g_rf_flops[23].rf_reg_q_reg[25] not active when clocks are set on. (D9-1307)
 Warning: Clock input clocked_on of DFF gen_regfile_ff.register_file_i/g_rf_flops[23].rf_reg_q_reg[24] not active when clocks are set on. (D9-1308)
 Warning: Clock input clocked_on of DFF gen_regfile_ff.register_file_i/g_rf_flops[23].rf_reg_q_reg[23] not active when clocks are set on. (D9-1309)
 Warning: Clock input clocked_on of DFF gen_regfile_ff.register_file_i/g_rf_flops[23].rf_reg_q_reg[22] not active when clocks are set on. (D9-1310)
 Warning: Clock input clocked_on of DFF gen_regfile_ff.register_file_i/g_rf_flops[23].rf_reg_q_reg[21] not active when clocks are set on. (D9-1311)
 Warning: Clock input clocked_on of DFF gen_regfile_ff.register_file_i/g_rf_flops[23].rf_reg_q_reg[20] not active when clocks are set on. (D9-1312)
 Warning: Clock input clocked_on of DFF gen_regfile_ff.register_file_i/g_rf_flops[23].rf_reg_q_reg[19] not active when clocks are set on. (D9-1313)
 Warning: Clock input clocked_on of DFF gen_regfile_ff.register_file_i/g_rf_flops[23].rf_reg_q_reg[18] not active when clocks are set on. (D9-1314)
 Warning: Clock input clocked_on of DFF gen_regfile_ff.register_file_i/g_rf_flops[23].rf_reg_q_reg[17] not active when clocks are set on. (D9-1315)
 Warning: Clock input clocked_on of DFF gen_regfile_ff.register_file_i/g_rf_flops[23].rf_reg_q_reg[16] not active when clocks are set on. (D9-1316)
 Warning: Clock input clocked_on of DFF gen_regfile_ff.register_file_i/g_rf_flops[23].rf_reg_q_reg[15] not active when clocks are set on. (D9-1317)
 Warning: Clock input clocked_on of DFF gen_regfile_ff.register_file_i/g_rf_flops[23].rf_reg_q_reg[14] not active when clocks are set on. (D9-1318)
 Warning: Clock input clocked_on of DFF gen_regfile_ff.register_file_i/g_rf_flops[23].rf_reg_q_reg[13] not active when clocks are set on. (D9-1319)
 Warning: Clock input clocked_on of DFF gen_regfile_ff.register_file_i/g_rf_flops[23].rf_reg_q_reg[12] not active when clocks are set on. (D9-1320)
 Warning: Clock input clocked_on of DFF gen_regfile_ff.register_file_i/g_rf_flops[23].rf_reg_q_reg[11] not active when clocks are set on. (D9-1321)
 Warning: Clock input clocked_on of DFF gen_regfile_ff.register_file_i/g_rf_flops[23].rf_reg_q_reg[10] not active when clocks are set on. (D9-1322)
 Warning: Clock input clocked_on of DFF gen_regfile_ff.register_file_i/g_rf_flops[23].rf_reg_q_reg[9] not active when clocks are set on. (D9-1323)
 Warning: Clock input clocked_on of DFF gen_regfile_ff.register_file_i/g_rf_flops[23].rf_reg_q_reg[8] not active when clocks are set on. (D9-1324)
 Warning: Clock input clocked_on of DFF gen_regfile_ff.register_file_i/g_rf_flops[23].rf_reg_q_reg[7] not active when clocks are set on. (D9-1325)
 Warning: Clock input clocked_on of DFF gen_regfile_ff.register_file_i/g_rf_flops[23].rf_reg_q_reg[6] not active when clocks are set on. (D9-1326)
 Warning: Clock input clocked_on of DFF gen_regfile_ff.register_file_i/g_rf_flops[23].rf_reg_q_reg[5] not active when clocks are set on. (D9-1327)
 Warning: Clock input clocked_on of DFF gen_regfile_ff.register_file_i/g_rf_flops[23].rf_reg_q_reg[4] not active when clocks are set on. (D9-1328)
 Warning: Clock input clocked_on of DFF gen_regfile_ff.register_file_i/g_rf_flops[23].rf_reg_q_reg[3] not active when clocks are set on. (D9-1329)
 Warning: Clock input clocked_on of DFF gen_regfile_ff.register_file_i/g_rf_flops[23].rf_reg_q_reg[2] not active when clocks are set on. (D9-1330)
 Warning: Clock input clocked_on of DFF gen_regfile_ff.register_file_i/g_rf_flops[23].rf_reg_q_reg[1] not active when clocks are set on. (D9-1331)
 Warning: Clock input clocked_on of DFF gen_regfile_ff.register_file_i/g_rf_flops[23].rf_reg_q_reg[0] not active when clocks are set on. (D9-1332)
 Warning: Clock input clocked_on of DFF gen_regfile_ff.register_file_i/g_rf_flops[24].rf_reg_q_reg[31] not active when clocks are set on. (D9-1333)
 Warning: Clock input clocked_on of DFF gen_regfile_ff.register_file_i/g_rf_flops[24].rf_reg_q_reg[30] not active when clocks are set on. (D9-1334)
 Warning: Clock input clocked_on of DFF gen_regfile_ff.register_file_i/g_rf_flops[24].rf_reg_q_reg[29] not active when clocks are set on. (D9-1335)
 Warning: Clock input clocked_on of DFF gen_regfile_ff.register_file_i/g_rf_flops[24].rf_reg_q_reg[28] not active when clocks are set on. (D9-1336)
 Warning: Clock input clocked_on of DFF gen_regfile_ff.register_file_i/g_rf_flops[24].rf_reg_q_reg[27] not active when clocks are set on. (D9-1337)
 Warning: Clock input clocked_on of DFF gen_regfile_ff.register_file_i/g_rf_flops[24].rf_reg_q_reg[26] not active when clocks are set on. (D9-1338)
 Warning: Clock input clocked_on of DFF gen_regfile_ff.register_file_i/g_rf_flops[24].rf_reg_q_reg[25] not active when clocks are set on. (D9-1339)
 Warning: Clock input clocked_on of DFF gen_regfile_ff.register_file_i/g_rf_flops[24].rf_reg_q_reg[24] not active when clocks are set on. (D9-1340)
 Warning: Clock input clocked_on of DFF gen_regfile_ff.register_file_i/g_rf_flops[24].rf_reg_q_reg[23] not active when clocks are set on. (D9-1341)
 Warning: Clock input clocked_on of DFF gen_regfile_ff.register_file_i/g_rf_flops[24].rf_reg_q_reg[22] not active when clocks are set on. (D9-1342)
 Warning: Clock input clocked_on of DFF gen_regfile_ff.register_file_i/g_rf_flops[24].rf_reg_q_reg[21] not active when clocks are set on. (D9-1343)
 Warning: Clock input clocked_on of DFF gen_regfile_ff.register_file_i/g_rf_flops[24].rf_reg_q_reg[20] not active when clocks are set on. (D9-1344)
 Warning: Clock input clocked_on of DFF gen_regfile_ff.register_file_i/g_rf_flops[24].rf_reg_q_reg[19] not active when clocks are set on. (D9-1345)
 Warning: Clock input clocked_on of DFF gen_regfile_ff.register_file_i/g_rf_flops[24].rf_reg_q_reg[18] not active when clocks are set on. (D9-1346)
 Warning: Clock input clocked_on of DFF gen_regfile_ff.register_file_i/g_rf_flops[24].rf_reg_q_reg[17] not active when clocks are set on. (D9-1347)
 Warning: Clock input clocked_on of DFF gen_regfile_ff.register_file_i/g_rf_flops[24].rf_reg_q_reg[16] not active when clocks are set on. (D9-1348)
 Warning: Clock input clocked_on of DFF gen_regfile_ff.register_file_i/g_rf_flops[24].rf_reg_q_reg[15] not active when clocks are set on. (D9-1349)
 Warning: Clock input clocked_on of DFF gen_regfile_ff.register_file_i/g_rf_flops[24].rf_reg_q_reg[14] not active when clocks are set on. (D9-1350)
 Warning: Clock input clocked_on of DFF gen_regfile_ff.register_file_i/g_rf_flops[24].rf_reg_q_reg[13] not active when clocks are set on. (D9-1351)
 Warning: Clock input clocked_on of DFF gen_regfile_ff.register_file_i/g_rf_flops[24].rf_reg_q_reg[12] not active when clocks are set on. (D9-1352)
 Warning: Clock input clocked_on of DFF gen_regfile_ff.register_file_i/g_rf_flops[24].rf_reg_q_reg[11] not active when clocks are set on. (D9-1353)
 Warning: Clock input clocked_on of DFF gen_regfile_ff.register_file_i/g_rf_flops[24].rf_reg_q_reg[10] not active when clocks are set on. (D9-1354)
 Warning: Clock input clocked_on of DFF gen_regfile_ff.register_file_i/g_rf_flops[24].rf_reg_q_reg[9] not active when clocks are set on. (D9-1355)
 Warning: Clock input clocked_on of DFF gen_regfile_ff.register_file_i/g_rf_flops[24].rf_reg_q_reg[8] not active when clocks are set on. (D9-1356)
 Warning: Clock input clocked_on of DFF gen_regfile_ff.register_file_i/g_rf_flops[24].rf_reg_q_reg[7] not active when clocks are set on. (D9-1357)
 Warning: Clock input clocked_on of DFF gen_regfile_ff.register_file_i/g_rf_flops[24].rf_reg_q_reg[6] not active when clocks are set on. (D9-1358)
 Warning: Clock input clocked_on of DFF gen_regfile_ff.register_file_i/g_rf_flops[24].rf_reg_q_reg[5] not active when clocks are set on. (D9-1359)
 Warning: Clock input clocked_on of DFF gen_regfile_ff.register_file_i/g_rf_flops[24].rf_reg_q_reg[4] not active when clocks are set on. (D9-1360)
 Warning: Clock input clocked_on of DFF gen_regfile_ff.register_file_i/g_rf_flops[24].rf_reg_q_reg[3] not active when clocks are set on. (D9-1361)
 Warning: Clock input clocked_on of DFF gen_regfile_ff.register_file_i/g_rf_flops[24].rf_reg_q_reg[2] not active when clocks are set on. (D9-1362)
 Warning: Clock input clocked_on of DFF gen_regfile_ff.register_file_i/g_rf_flops[24].rf_reg_q_reg[1] not active when clocks are set on. (D9-1363)
 Warning: Clock input clocked_on of DFF gen_regfile_ff.register_file_i/g_rf_flops[24].rf_reg_q_reg[0] not active when clocks are set on. (D9-1364)
 Warning: Clock input clocked_on of DFF gen_regfile_ff.register_file_i/g_rf_flops[25].rf_reg_q_reg[31] not active when clocks are set on. (D9-1365)
 Warning: Clock input clocked_on of DFF gen_regfile_ff.register_file_i/g_rf_flops[25].rf_reg_q_reg[30] not active when clocks are set on. (D9-1366)
 Warning: Clock input clocked_on of DFF gen_regfile_ff.register_file_i/g_rf_flops[25].rf_reg_q_reg[29] not active when clocks are set on. (D9-1367)
 Warning: Clock input clocked_on of DFF gen_regfile_ff.register_file_i/g_rf_flops[25].rf_reg_q_reg[28] not active when clocks are set on. (D9-1368)
 Warning: Clock input clocked_on of DFF gen_regfile_ff.register_file_i/g_rf_flops[25].rf_reg_q_reg[27] not active when clocks are set on. (D9-1369)
 Warning: Clock input clocked_on of DFF gen_regfile_ff.register_file_i/g_rf_flops[25].rf_reg_q_reg[26] not active when clocks are set on. (D9-1370)
 Warning: Clock input clocked_on of DFF gen_regfile_ff.register_file_i/g_rf_flops[25].rf_reg_q_reg[25] not active when clocks are set on. (D9-1371)
 Warning: Clock input clocked_on of DFF gen_regfile_ff.register_file_i/g_rf_flops[25].rf_reg_q_reg[24] not active when clocks are set on. (D9-1372)
 Warning: Clock input clocked_on of DFF gen_regfile_ff.register_file_i/g_rf_flops[25].rf_reg_q_reg[23] not active when clocks are set on. (D9-1373)
 Warning: Clock input clocked_on of DFF gen_regfile_ff.register_file_i/g_rf_flops[25].rf_reg_q_reg[22] not active when clocks are set on. (D9-1374)
 Warning: Clock input clocked_on of DFF gen_regfile_ff.register_file_i/g_rf_flops[25].rf_reg_q_reg[21] not active when clocks are set on. (D9-1375)
 Warning: Clock input clocked_on of DFF gen_regfile_ff.register_file_i/g_rf_flops[25].rf_reg_q_reg[20] not active when clocks are set on. (D9-1376)
 Warning: Clock input clocked_on of DFF gen_regfile_ff.register_file_i/g_rf_flops[25].rf_reg_q_reg[19] not active when clocks are set on. (D9-1377)
 Warning: Clock input clocked_on of DFF gen_regfile_ff.register_file_i/g_rf_flops[25].rf_reg_q_reg[18] not active when clocks are set on. (D9-1378)
 Warning: Clock input clocked_on of DFF gen_regfile_ff.register_file_i/g_rf_flops[25].rf_reg_q_reg[17] not active when clocks are set on. (D9-1379)
 Warning: Clock input clocked_on of DFF gen_regfile_ff.register_file_i/g_rf_flops[25].rf_reg_q_reg[16] not active when clocks are set on. (D9-1380)
 Warning: Clock input clocked_on of DFF gen_regfile_ff.register_file_i/g_rf_flops[25].rf_reg_q_reg[15] not active when clocks are set on. (D9-1381)
 Warning: Clock input clocked_on of DFF gen_regfile_ff.register_file_i/g_rf_flops[25].rf_reg_q_reg[14] not active when clocks are set on. (D9-1382)
 Warning: Clock input clocked_on of DFF gen_regfile_ff.register_file_i/g_rf_flops[25].rf_reg_q_reg[13] not active when clocks are set on. (D9-1383)
 Warning: Clock input clocked_on of DFF gen_regfile_ff.register_file_i/g_rf_flops[25].rf_reg_q_reg[12] not active when clocks are set on. (D9-1384)
 Warning: Clock input clocked_on of DFF gen_regfile_ff.register_file_i/g_rf_flops[25].rf_reg_q_reg[11] not active when clocks are set on. (D9-1385)
 Warning: Clock input clocked_on of DFF gen_regfile_ff.register_file_i/g_rf_flops[25].rf_reg_q_reg[10] not active when clocks are set on. (D9-1386)
 Warning: Clock input clocked_on of DFF gen_regfile_ff.register_file_i/g_rf_flops[25].rf_reg_q_reg[9] not active when clocks are set on. (D9-1387)
 Warning: Clock input clocked_on of DFF gen_regfile_ff.register_file_i/g_rf_flops[25].rf_reg_q_reg[8] not active when clocks are set on. (D9-1388)
 Warning: Clock input clocked_on of DFF gen_regfile_ff.register_file_i/g_rf_flops[25].rf_reg_q_reg[7] not active when clocks are set on. (D9-1389)
 Warning: Clock input clocked_on of DFF gen_regfile_ff.register_file_i/g_rf_flops[25].rf_reg_q_reg[6] not active when clocks are set on. (D9-1390)
 Warning: Clock input clocked_on of DFF gen_regfile_ff.register_file_i/g_rf_flops[25].rf_reg_q_reg[5] not active when clocks are set on. (D9-1391)
 Warning: Clock input clocked_on of DFF gen_regfile_ff.register_file_i/g_rf_flops[25].rf_reg_q_reg[4] not active when clocks are set on. (D9-1392)
 Warning: Clock input clocked_on of DFF gen_regfile_ff.register_file_i/g_rf_flops[25].rf_reg_q_reg[3] not active when clocks are set on. (D9-1393)
 Warning: Clock input clocked_on of DFF gen_regfile_ff.register_file_i/g_rf_flops[25].rf_reg_q_reg[2] not active when clocks are set on. (D9-1394)
 Warning: Clock input clocked_on of DFF gen_regfile_ff.register_file_i/g_rf_flops[25].rf_reg_q_reg[1] not active when clocks are set on. (D9-1395)
 Warning: Clock input clocked_on of DFF gen_regfile_ff.register_file_i/g_rf_flops[25].rf_reg_q_reg[0] not active when clocks are set on. (D9-1396)
 Warning: Clock input clocked_on of DFF gen_regfile_ff.register_file_i/g_rf_flops[26].rf_reg_q_reg[31] not active when clocks are set on. (D9-1397)
 Warning: Clock input clocked_on of DFF gen_regfile_ff.register_file_i/g_rf_flops[26].rf_reg_q_reg[30] not active when clocks are set on. (D9-1398)
 Warning: Clock input clocked_on of DFF gen_regfile_ff.register_file_i/g_rf_flops[26].rf_reg_q_reg[29] not active when clocks are set on. (D9-1399)
 Warning: Clock input clocked_on of DFF gen_regfile_ff.register_file_i/g_rf_flops[26].rf_reg_q_reg[28] not active when clocks are set on. (D9-1400)
 Warning: Clock input clocked_on of DFF gen_regfile_ff.register_file_i/g_rf_flops[26].rf_reg_q_reg[27] not active when clocks are set on. (D9-1401)
 Warning: Clock input clocked_on of DFF gen_regfile_ff.register_file_i/g_rf_flops[26].rf_reg_q_reg[26] not active when clocks are set on. (D9-1402)
 Warning: Clock input clocked_on of DFF gen_regfile_ff.register_file_i/g_rf_flops[26].rf_reg_q_reg[25] not active when clocks are set on. (D9-1403)
 Warning: Clock input clocked_on of DFF gen_regfile_ff.register_file_i/g_rf_flops[26].rf_reg_q_reg[24] not active when clocks are set on. (D9-1404)
 Warning: Clock input clocked_on of DFF gen_regfile_ff.register_file_i/g_rf_flops[26].rf_reg_q_reg[23] not active when clocks are set on. (D9-1405)
 Warning: Clock input clocked_on of DFF gen_regfile_ff.register_file_i/g_rf_flops[26].rf_reg_q_reg[22] not active when clocks are set on. (D9-1406)
 Warning: Clock input clocked_on of DFF gen_regfile_ff.register_file_i/g_rf_flops[26].rf_reg_q_reg[21] not active when clocks are set on. (D9-1407)
 Warning: Clock input clocked_on of DFF gen_regfile_ff.register_file_i/g_rf_flops[26].rf_reg_q_reg[20] not active when clocks are set on. (D9-1408)
 Warning: Clock input clocked_on of DFF gen_regfile_ff.register_file_i/g_rf_flops[26].rf_reg_q_reg[19] not active when clocks are set on. (D9-1409)
 Warning: Clock input clocked_on of DFF gen_regfile_ff.register_file_i/g_rf_flops[26].rf_reg_q_reg[18] not active when clocks are set on. (D9-1410)
 Warning: Clock input clocked_on of DFF gen_regfile_ff.register_file_i/g_rf_flops[26].rf_reg_q_reg[17] not active when clocks are set on. (D9-1411)
 Warning: Clock input clocked_on of DFF gen_regfile_ff.register_file_i/g_rf_flops[26].rf_reg_q_reg[16] not active when clocks are set on. (D9-1412)
 Warning: Clock input clocked_on of DFF gen_regfile_ff.register_file_i/g_rf_flops[26].rf_reg_q_reg[15] not active when clocks are set on. (D9-1413)
 Warning: Clock input clocked_on of DFF gen_regfile_ff.register_file_i/g_rf_flops[26].rf_reg_q_reg[14] not active when clocks are set on. (D9-1414)
 Warning: Clock input clocked_on of DFF gen_regfile_ff.register_file_i/g_rf_flops[26].rf_reg_q_reg[13] not active when clocks are set on. (D9-1415)
 Warning: Clock input clocked_on of DFF gen_regfile_ff.register_file_i/g_rf_flops[26].rf_reg_q_reg[12] not active when clocks are set on. (D9-1416)
 Warning: Clock input clocked_on of DFF gen_regfile_ff.register_file_i/g_rf_flops[26].rf_reg_q_reg[11] not active when clocks are set on. (D9-1417)
 Warning: Clock input clocked_on of DFF gen_regfile_ff.register_file_i/g_rf_flops[26].rf_reg_q_reg[10] not active when clocks are set on. (D9-1418)
 Warning: Clock input clocked_on of DFF gen_regfile_ff.register_file_i/g_rf_flops[26].rf_reg_q_reg[9] not active when clocks are set on. (D9-1419)
 Warning: Clock input clocked_on of DFF gen_regfile_ff.register_file_i/g_rf_flops[26].rf_reg_q_reg[8] not active when clocks are set on. (D9-1420)
 Warning: Clock input clocked_on of DFF gen_regfile_ff.register_file_i/g_rf_flops[26].rf_reg_q_reg[7] not active when clocks are set on. (D9-1421)
 Warning: Clock input clocked_on of DFF gen_regfile_ff.register_file_i/g_rf_flops[26].rf_reg_q_reg[6] not active when clocks are set on. (D9-1422)
 Warning: Clock input clocked_on of DFF gen_regfile_ff.register_file_i/g_rf_flops[26].rf_reg_q_reg[5] not active when clocks are set on. (D9-1423)
 Warning: Clock input clocked_on of DFF gen_regfile_ff.register_file_i/g_rf_flops[26].rf_reg_q_reg[4] not active when clocks are set on. (D9-1424)
 Warning: Clock input clocked_on of DFF gen_regfile_ff.register_file_i/g_rf_flops[26].rf_reg_q_reg[3] not active when clocks are set on. (D9-1425)
 Warning: Clock input clocked_on of DFF gen_regfile_ff.register_file_i/g_rf_flops[26].rf_reg_q_reg[2] not active when clocks are set on. (D9-1426)
 Warning: Clock input clocked_on of DFF gen_regfile_ff.register_file_i/g_rf_flops[26].rf_reg_q_reg[1] not active when clocks are set on. (D9-1427)
 Warning: Clock input clocked_on of DFF gen_regfile_ff.register_file_i/g_rf_flops[26].rf_reg_q_reg[0] not active when clocks are set on. (D9-1428)
 Warning: Clock input clocked_on of DFF gen_regfile_ff.register_file_i/g_rf_flops[27].rf_reg_q_reg[31] not active when clocks are set on. (D9-1429)
 Warning: Clock input clocked_on of DFF gen_regfile_ff.register_file_i/g_rf_flops[27].rf_reg_q_reg[30] not active when clocks are set on. (D9-1430)
 Warning: Clock input clocked_on of DFF gen_regfile_ff.register_file_i/g_rf_flops[27].rf_reg_q_reg[29] not active when clocks are set on. (D9-1431)
 Warning: Clock input clocked_on of DFF gen_regfile_ff.register_file_i/g_rf_flops[27].rf_reg_q_reg[28] not active when clocks are set on. (D9-1432)
 Warning: Clock input clocked_on of DFF gen_regfile_ff.register_file_i/g_rf_flops[27].rf_reg_q_reg[27] not active when clocks are set on. (D9-1433)
 Warning: Clock input clocked_on of DFF gen_regfile_ff.register_file_i/g_rf_flops[27].rf_reg_q_reg[26] not active when clocks are set on. (D9-1434)
 Warning: Clock input clocked_on of DFF gen_regfile_ff.register_file_i/g_rf_flops[27].rf_reg_q_reg[25] not active when clocks are set on. (D9-1435)
 Warning: Clock input clocked_on of DFF gen_regfile_ff.register_file_i/g_rf_flops[27].rf_reg_q_reg[24] not active when clocks are set on. (D9-1436)
 Warning: Clock input clocked_on of DFF gen_regfile_ff.register_file_i/g_rf_flops[27].rf_reg_q_reg[23] not active when clocks are set on. (D9-1437)
 Warning: Clock input clocked_on of DFF gen_regfile_ff.register_file_i/g_rf_flops[27].rf_reg_q_reg[22] not active when clocks are set on. (D9-1438)
 Warning: Clock input clocked_on of DFF gen_regfile_ff.register_file_i/g_rf_flops[27].rf_reg_q_reg[21] not active when clocks are set on. (D9-1439)
 Warning: Clock input clocked_on of DFF gen_regfile_ff.register_file_i/g_rf_flops[27].rf_reg_q_reg[20] not active when clocks are set on. (D9-1440)
 Warning: Clock input clocked_on of DFF gen_regfile_ff.register_file_i/g_rf_flops[27].rf_reg_q_reg[19] not active when clocks are set on. (D9-1441)
 Warning: Clock input clocked_on of DFF gen_regfile_ff.register_file_i/g_rf_flops[27].rf_reg_q_reg[18] not active when clocks are set on. (D9-1442)
 Warning: Clock input clocked_on of DFF gen_regfile_ff.register_file_i/g_rf_flops[27].rf_reg_q_reg[17] not active when clocks are set on. (D9-1443)
 Warning: Clock input clocked_on of DFF gen_regfile_ff.register_file_i/g_rf_flops[27].rf_reg_q_reg[16] not active when clocks are set on. (D9-1444)
 Warning: Clock input clocked_on of DFF gen_regfile_ff.register_file_i/g_rf_flops[27].rf_reg_q_reg[15] not active when clocks are set on. (D9-1445)
 Warning: Clock input clocked_on of DFF gen_regfile_ff.register_file_i/g_rf_flops[27].rf_reg_q_reg[14] not active when clocks are set on. (D9-1446)
 Warning: Clock input clocked_on of DFF gen_regfile_ff.register_file_i/g_rf_flops[27].rf_reg_q_reg[13] not active when clocks are set on. (D9-1447)
 Warning: Clock input clocked_on of DFF gen_regfile_ff.register_file_i/g_rf_flops[27].rf_reg_q_reg[12] not active when clocks are set on. (D9-1448)
 Warning: Clock input clocked_on of DFF gen_regfile_ff.register_file_i/g_rf_flops[27].rf_reg_q_reg[11] not active when clocks are set on. (D9-1449)
 Warning: Clock input clocked_on of DFF gen_regfile_ff.register_file_i/g_rf_flops[27].rf_reg_q_reg[10] not active when clocks are set on. (D9-1450)
 Warning: Clock input clocked_on of DFF gen_regfile_ff.register_file_i/g_rf_flops[27].rf_reg_q_reg[9] not active when clocks are set on. (D9-1451)
 Warning: Clock input clocked_on of DFF gen_regfile_ff.register_file_i/g_rf_flops[27].rf_reg_q_reg[8] not active when clocks are set on. (D9-1452)
 Warning: Clock input clocked_on of DFF gen_regfile_ff.register_file_i/g_rf_flops[27].rf_reg_q_reg[7] not active when clocks are set on. (D9-1453)
 Warning: Clock input clocked_on of DFF gen_regfile_ff.register_file_i/g_rf_flops[27].rf_reg_q_reg[6] not active when clocks are set on. (D9-1454)
 Warning: Clock input clocked_on of DFF gen_regfile_ff.register_file_i/g_rf_flops[27].rf_reg_q_reg[5] not active when clocks are set on. (D9-1455)
 Warning: Clock input clocked_on of DFF gen_regfile_ff.register_file_i/g_rf_flops[27].rf_reg_q_reg[4] not active when clocks are set on. (D9-1456)
 Warning: Clock input clocked_on of DFF gen_regfile_ff.register_file_i/g_rf_flops[27].rf_reg_q_reg[3] not active when clocks are set on. (D9-1457)
 Warning: Clock input clocked_on of DFF gen_regfile_ff.register_file_i/g_rf_flops[27].rf_reg_q_reg[2] not active when clocks are set on. (D9-1458)
 Warning: Clock input clocked_on of DFF gen_regfile_ff.register_file_i/g_rf_flops[27].rf_reg_q_reg[1] not active when clocks are set on. (D9-1459)
 Warning: Clock input clocked_on of DFF gen_regfile_ff.register_file_i/g_rf_flops[27].rf_reg_q_reg[0] not active when clocks are set on. (D9-1460)
 Warning: Clock input clocked_on of DFF gen_regfile_ff.register_file_i/g_rf_flops[28].rf_reg_q_reg[31] not active when clocks are set on. (D9-1461)
 Warning: Clock input clocked_on of DFF gen_regfile_ff.register_file_i/g_rf_flops[28].rf_reg_q_reg[30] not active when clocks are set on. (D9-1462)
 Warning: Clock input clocked_on of DFF gen_regfile_ff.register_file_i/g_rf_flops[28].rf_reg_q_reg[29] not active when clocks are set on. (D9-1463)
 Warning: Clock input clocked_on of DFF gen_regfile_ff.register_file_i/g_rf_flops[28].rf_reg_q_reg[28] not active when clocks are set on. (D9-1464)
 Warning: Clock input clocked_on of DFF gen_regfile_ff.register_file_i/g_rf_flops[28].rf_reg_q_reg[27] not active when clocks are set on. (D9-1465)
 Warning: Clock input clocked_on of DFF gen_regfile_ff.register_file_i/g_rf_flops[28].rf_reg_q_reg[26] not active when clocks are set on. (D9-1466)
 Warning: Clock input clocked_on of DFF gen_regfile_ff.register_file_i/g_rf_flops[28].rf_reg_q_reg[25] not active when clocks are set on. (D9-1467)
 Warning: Clock input clocked_on of DFF gen_regfile_ff.register_file_i/g_rf_flops[28].rf_reg_q_reg[24] not active when clocks are set on. (D9-1468)
 Warning: Clock input clocked_on of DFF gen_regfile_ff.register_file_i/g_rf_flops[28].rf_reg_q_reg[23] not active when clocks are set on. (D9-1469)
 Warning: Clock input clocked_on of DFF gen_regfile_ff.register_file_i/g_rf_flops[28].rf_reg_q_reg[22] not active when clocks are set on. (D9-1470)
 Warning: Clock input clocked_on of DFF gen_regfile_ff.register_file_i/g_rf_flops[28].rf_reg_q_reg[21] not active when clocks are set on. (D9-1471)
 Warning: Clock input clocked_on of DFF gen_regfile_ff.register_file_i/g_rf_flops[28].rf_reg_q_reg[20] not active when clocks are set on. (D9-1472)
 Warning: Clock input clocked_on of DFF gen_regfile_ff.register_file_i/g_rf_flops[28].rf_reg_q_reg[19] not active when clocks are set on. (D9-1473)
 Warning: Clock input clocked_on of DFF gen_regfile_ff.register_file_i/g_rf_flops[28].rf_reg_q_reg[18] not active when clocks are set on. (D9-1474)
 Warning: Clock input clocked_on of DFF gen_regfile_ff.register_file_i/g_rf_flops[28].rf_reg_q_reg[17] not active when clocks are set on. (D9-1475)
 Warning: Clock input clocked_on of DFF gen_regfile_ff.register_file_i/g_rf_flops[28].rf_reg_q_reg[16] not active when clocks are set on. (D9-1476)
 Warning: Clock input clocked_on of DFF gen_regfile_ff.register_file_i/g_rf_flops[28].rf_reg_q_reg[15] not active when clocks are set on. (D9-1477)
 Warning: Clock input clocked_on of DFF gen_regfile_ff.register_file_i/g_rf_flops[28].rf_reg_q_reg[14] not active when clocks are set on. (D9-1478)
 Warning: Clock input clocked_on of DFF gen_regfile_ff.register_file_i/g_rf_flops[28].rf_reg_q_reg[13] not active when clocks are set on. (D9-1479)
 Warning: Clock input clocked_on of DFF gen_regfile_ff.register_file_i/g_rf_flops[28].rf_reg_q_reg[12] not active when clocks are set on. (D9-1480)
 Warning: Clock input clocked_on of DFF gen_regfile_ff.register_file_i/g_rf_flops[28].rf_reg_q_reg[11] not active when clocks are set on. (D9-1481)
 Warning: Clock input clocked_on of DFF gen_regfile_ff.register_file_i/g_rf_flops[28].rf_reg_q_reg[10] not active when clocks are set on. (D9-1482)
 Warning: Clock input clocked_on of DFF gen_regfile_ff.register_file_i/g_rf_flops[28].rf_reg_q_reg[9] not active when clocks are set on. (D9-1483)
 Warning: Clock input clocked_on of DFF gen_regfile_ff.register_file_i/g_rf_flops[28].rf_reg_q_reg[8] not active when clocks are set on. (D9-1484)
 Warning: Clock input clocked_on of DFF gen_regfile_ff.register_file_i/g_rf_flops[28].rf_reg_q_reg[7] not active when clocks are set on. (D9-1485)
 Warning: Clock input clocked_on of DFF gen_regfile_ff.register_file_i/g_rf_flops[28].rf_reg_q_reg[6] not active when clocks are set on. (D9-1486)
 Warning: Clock input clocked_on of DFF gen_regfile_ff.register_file_i/g_rf_flops[28].rf_reg_q_reg[5] not active when clocks are set on. (D9-1487)
 Warning: Clock input clocked_on of DFF gen_regfile_ff.register_file_i/g_rf_flops[28].rf_reg_q_reg[4] not active when clocks are set on. (D9-1488)
 Warning: Clock input clocked_on of DFF gen_regfile_ff.register_file_i/g_rf_flops[28].rf_reg_q_reg[3] not active when clocks are set on. (D9-1489)
 Warning: Clock input clocked_on of DFF gen_regfile_ff.register_file_i/g_rf_flops[28].rf_reg_q_reg[2] not active when clocks are set on. (D9-1490)
 Warning: Clock input clocked_on of DFF gen_regfile_ff.register_file_i/g_rf_flops[28].rf_reg_q_reg[1] not active when clocks are set on. (D9-1491)
 Warning: Clock input clocked_on of DFF gen_regfile_ff.register_file_i/g_rf_flops[28].rf_reg_q_reg[0] not active when clocks are set on. (D9-1492)
 Warning: Clock input clocked_on of DFF gen_regfile_ff.register_file_i/g_rf_flops[29].rf_reg_q_reg[31] not active when clocks are set on. (D9-1493)
 Warning: Clock input clocked_on of DFF gen_regfile_ff.register_file_i/g_rf_flops[29].rf_reg_q_reg[30] not active when clocks are set on. (D9-1494)
 Warning: Clock input clocked_on of DFF gen_regfile_ff.register_file_i/g_rf_flops[29].rf_reg_q_reg[29] not active when clocks are set on. (D9-1495)
 Warning: Clock input clocked_on of DFF gen_regfile_ff.register_file_i/g_rf_flops[29].rf_reg_q_reg[28] not active when clocks are set on. (D9-1496)
 Warning: Clock input clocked_on of DFF gen_regfile_ff.register_file_i/g_rf_flops[29].rf_reg_q_reg[27] not active when clocks are set on. (D9-1497)
 Warning: Clock input clocked_on of DFF gen_regfile_ff.register_file_i/g_rf_flops[29].rf_reg_q_reg[26] not active when clocks are set on. (D9-1498)
 Warning: Clock input clocked_on of DFF gen_regfile_ff.register_file_i/g_rf_flops[29].rf_reg_q_reg[25] not active when clocks are set on. (D9-1499)
 Warning: Clock input clocked_on of DFF gen_regfile_ff.register_file_i/g_rf_flops[29].rf_reg_q_reg[24] not active when clocks are set on. (D9-1500)
 Warning: Clock input clocked_on of DFF gen_regfile_ff.register_file_i/g_rf_flops[29].rf_reg_q_reg[23] not active when clocks are set on. (D9-1501)
 Warning: Clock input clocked_on of DFF gen_regfile_ff.register_file_i/g_rf_flops[29].rf_reg_q_reg[22] not active when clocks are set on. (D9-1502)
 Warning: Clock input clocked_on of DFF gen_regfile_ff.register_file_i/g_rf_flops[29].rf_reg_q_reg[21] not active when clocks are set on. (D9-1503)
 Warning: Clock input clocked_on of DFF gen_regfile_ff.register_file_i/g_rf_flops[29].rf_reg_q_reg[20] not active when clocks are set on. (D9-1504)
 Warning: Clock input clocked_on of DFF gen_regfile_ff.register_file_i/g_rf_flops[29].rf_reg_q_reg[19] not active when clocks are set on. (D9-1505)
 Warning: Clock input clocked_on of DFF gen_regfile_ff.register_file_i/g_rf_flops[29].rf_reg_q_reg[18] not active when clocks are set on. (D9-1506)
 Warning: Clock input clocked_on of DFF gen_regfile_ff.register_file_i/g_rf_flops[29].rf_reg_q_reg[17] not active when clocks are set on. (D9-1507)
 Warning: Clock input clocked_on of DFF gen_regfile_ff.register_file_i/g_rf_flops[29].rf_reg_q_reg[16] not active when clocks are set on. (D9-1508)
 Warning: Clock input clocked_on of DFF gen_regfile_ff.register_file_i/g_rf_flops[29].rf_reg_q_reg[15] not active when clocks are set on. (D9-1509)
 Warning: Clock input clocked_on of DFF gen_regfile_ff.register_file_i/g_rf_flops[29].rf_reg_q_reg[14] not active when clocks are set on. (D9-1510)
 Warning: Clock input clocked_on of DFF gen_regfile_ff.register_file_i/g_rf_flops[29].rf_reg_q_reg[13] not active when clocks are set on. (D9-1511)
 Warning: Clock input clocked_on of DFF gen_regfile_ff.register_file_i/g_rf_flops[29].rf_reg_q_reg[12] not active when clocks are set on. (D9-1512)
 Warning: Clock input clocked_on of DFF gen_regfile_ff.register_file_i/g_rf_flops[29].rf_reg_q_reg[11] not active when clocks are set on. (D9-1513)
 Warning: Clock input clocked_on of DFF gen_regfile_ff.register_file_i/g_rf_flops[29].rf_reg_q_reg[10] not active when clocks are set on. (D9-1514)
 Warning: Clock input clocked_on of DFF gen_regfile_ff.register_file_i/g_rf_flops[29].rf_reg_q_reg[9] not active when clocks are set on. (D9-1515)
 Warning: Clock input clocked_on of DFF gen_regfile_ff.register_file_i/g_rf_flops[29].rf_reg_q_reg[8] not active when clocks are set on. (D9-1516)
 Warning: Clock input clocked_on of DFF gen_regfile_ff.register_file_i/g_rf_flops[29].rf_reg_q_reg[7] not active when clocks are set on. (D9-1517)
 Warning: Clock input clocked_on of DFF gen_regfile_ff.register_file_i/g_rf_flops[29].rf_reg_q_reg[6] not active when clocks are set on. (D9-1518)
 Warning: Clock input clocked_on of DFF gen_regfile_ff.register_file_i/g_rf_flops[29].rf_reg_q_reg[5] not active when clocks are set on. (D9-1519)
 Warning: Clock input clocked_on of DFF gen_regfile_ff.register_file_i/g_rf_flops[29].rf_reg_q_reg[4] not active when clocks are set on. (D9-1520)
 Warning: Clock input clocked_on of DFF gen_regfile_ff.register_file_i/g_rf_flops[29].rf_reg_q_reg[3] not active when clocks are set on. (D9-1521)
 Warning: Clock input clocked_on of DFF gen_regfile_ff.register_file_i/g_rf_flops[29].rf_reg_q_reg[2] not active when clocks are set on. (D9-1522)
 Warning: Clock input clocked_on of DFF gen_regfile_ff.register_file_i/g_rf_flops[29].rf_reg_q_reg[1] not active when clocks are set on. (D9-1523)
 Warning: Clock input clocked_on of DFF gen_regfile_ff.register_file_i/g_rf_flops[29].rf_reg_q_reg[0] not active when clocks are set on. (D9-1524)
 Warning: Clock input clocked_on of DFF gen_regfile_ff.register_file_i/g_rf_flops[30].rf_reg_q_reg[31] not active when clocks are set on. (D9-1525)
 Warning: Clock input clocked_on of DFF gen_regfile_ff.register_file_i/g_rf_flops[30].rf_reg_q_reg[30] not active when clocks are set on. (D9-1526)
 Warning: Clock input clocked_on of DFF gen_regfile_ff.register_file_i/g_rf_flops[30].rf_reg_q_reg[29] not active when clocks are set on. (D9-1527)
 Warning: Clock input clocked_on of DFF gen_regfile_ff.register_file_i/g_rf_flops[30].rf_reg_q_reg[28] not active when clocks are set on. (D9-1528)
 Warning: Clock input clocked_on of DFF gen_regfile_ff.register_file_i/g_rf_flops[30].rf_reg_q_reg[27] not active when clocks are set on. (D9-1529)
 Warning: Clock input clocked_on of DFF gen_regfile_ff.register_file_i/g_rf_flops[30].rf_reg_q_reg[26] not active when clocks are set on. (D9-1530)
 Warning: Clock input clocked_on of DFF gen_regfile_ff.register_file_i/g_rf_flops[30].rf_reg_q_reg[25] not active when clocks are set on. (D9-1531)
 Warning: Clock input clocked_on of DFF gen_regfile_ff.register_file_i/g_rf_flops[30].rf_reg_q_reg[24] not active when clocks are set on. (D9-1532)
 Warning: Clock input clocked_on of DFF gen_regfile_ff.register_file_i/g_rf_flops[30].rf_reg_q_reg[23] not active when clocks are set on. (D9-1533)
 Warning: Clock input clocked_on of DFF gen_regfile_ff.register_file_i/g_rf_flops[30].rf_reg_q_reg[22] not active when clocks are set on. (D9-1534)
 Warning: Clock input clocked_on of DFF gen_regfile_ff.register_file_i/g_rf_flops[30].rf_reg_q_reg[21] not active when clocks are set on. (D9-1535)
 Warning: Clock input clocked_on of DFF gen_regfile_ff.register_file_i/g_rf_flops[30].rf_reg_q_reg[20] not active when clocks are set on. (D9-1536)
 Warning: Clock input clocked_on of DFF gen_regfile_ff.register_file_i/g_rf_flops[30].rf_reg_q_reg[19] not active when clocks are set on. (D9-1537)
 Warning: Clock input clocked_on of DFF gen_regfile_ff.register_file_i/g_rf_flops[30].rf_reg_q_reg[18] not active when clocks are set on. (D9-1538)
 Warning: Clock input clocked_on of DFF gen_regfile_ff.register_file_i/g_rf_flops[30].rf_reg_q_reg[17] not active when clocks are set on. (D9-1539)
 Warning: Clock input clocked_on of DFF gen_regfile_ff.register_file_i/g_rf_flops[30].rf_reg_q_reg[16] not active when clocks are set on. (D9-1540)
 Warning: Clock input clocked_on of DFF gen_regfile_ff.register_file_i/g_rf_flops[30].rf_reg_q_reg[15] not active when clocks are set on. (D9-1541)
 Warning: Clock input clocked_on of DFF gen_regfile_ff.register_file_i/g_rf_flops[30].rf_reg_q_reg[14] not active when clocks are set on. (D9-1542)
 Warning: Clock input clocked_on of DFF gen_regfile_ff.register_file_i/g_rf_flops[30].rf_reg_q_reg[13] not active when clocks are set on. (D9-1543)
 Warning: Clock input clocked_on of DFF gen_regfile_ff.register_file_i/g_rf_flops[30].rf_reg_q_reg[12] not active when clocks are set on. (D9-1544)
 Warning: Clock input clocked_on of DFF gen_regfile_ff.register_file_i/g_rf_flops[30].rf_reg_q_reg[11] not active when clocks are set on. (D9-1545)
 Warning: Clock input clocked_on of DFF gen_regfile_ff.register_file_i/g_rf_flops[30].rf_reg_q_reg[10] not active when clocks are set on. (D9-1546)
 Warning: Clock input clocked_on of DFF gen_regfile_ff.register_file_i/g_rf_flops[30].rf_reg_q_reg[9] not active when clocks are set on. (D9-1547)
 Warning: Clock input clocked_on of DFF gen_regfile_ff.register_file_i/g_rf_flops[30].rf_reg_q_reg[8] not active when clocks are set on. (D9-1548)
 Warning: Clock input clocked_on of DFF gen_regfile_ff.register_file_i/g_rf_flops[30].rf_reg_q_reg[7] not active when clocks are set on. (D9-1549)
 Warning: Clock input clocked_on of DFF gen_regfile_ff.register_file_i/g_rf_flops[30].rf_reg_q_reg[6] not active when clocks are set on. (D9-1550)
 Warning: Clock input clocked_on of DFF gen_regfile_ff.register_file_i/g_rf_flops[30].rf_reg_q_reg[5] not active when clocks are set on. (D9-1551)
 Warning: Clock input clocked_on of DFF gen_regfile_ff.register_file_i/g_rf_flops[30].rf_reg_q_reg[4] not active when clocks are set on. (D9-1552)
 Warning: Clock input clocked_on of DFF gen_regfile_ff.register_file_i/g_rf_flops[30].rf_reg_q_reg[3] not active when clocks are set on. (D9-1553)
 Warning: Clock input clocked_on of DFF gen_regfile_ff.register_file_i/g_rf_flops[30].rf_reg_q_reg[2] not active when clocks are set on. (D9-1554)
 Warning: Clock input clocked_on of DFF gen_regfile_ff.register_file_i/g_rf_flops[30].rf_reg_q_reg[1] not active when clocks are set on. (D9-1555)
 Warning: Clock input clocked_on of DFF gen_regfile_ff.register_file_i/g_rf_flops[30].rf_reg_q_reg[0] not active when clocks are set on. (D9-1556)
 Warning: Clock input clocked_on of DFF gen_regfile_ff.register_file_i/g_rf_flops[31].rf_reg_q_reg[31] not active when clocks are set on. (D9-1557)
 Warning: Clock input clocked_on of DFF gen_regfile_ff.register_file_i/g_rf_flops[31].rf_reg_q_reg[30] not active when clocks are set on. (D9-1558)
 Warning: Clock input clocked_on of DFF gen_regfile_ff.register_file_i/g_rf_flops[31].rf_reg_q_reg[29] not active when clocks are set on. (D9-1559)
 Warning: Clock input clocked_on of DFF gen_regfile_ff.register_file_i/g_rf_flops[31].rf_reg_q_reg[28] not active when clocks are set on. (D9-1560)
 Warning: Clock input clocked_on of DFF gen_regfile_ff.register_file_i/g_rf_flops[31].rf_reg_q_reg[27] not active when clocks are set on. (D9-1561)
 Warning: Clock input clocked_on of DFF gen_regfile_ff.register_file_i/g_rf_flops[31].rf_reg_q_reg[26] not active when clocks are set on. (D9-1562)
 Warning: Clock input clocked_on of DFF gen_regfile_ff.register_file_i/g_rf_flops[31].rf_reg_q_reg[25] not active when clocks are set on. (D9-1563)
 Warning: Clock input clocked_on of DFF gen_regfile_ff.register_file_i/g_rf_flops[31].rf_reg_q_reg[24] not active when clocks are set on. (D9-1564)
 Warning: Clock input clocked_on of DFF gen_regfile_ff.register_file_i/g_rf_flops[31].rf_reg_q_reg[23] not active when clocks are set on. (D9-1565)
 Warning: Clock input clocked_on of DFF gen_regfile_ff.register_file_i/g_rf_flops[31].rf_reg_q_reg[22] not active when clocks are set on. (D9-1566)
 Warning: Clock input clocked_on of DFF gen_regfile_ff.register_file_i/g_rf_flops[31].rf_reg_q_reg[21] not active when clocks are set on. (D9-1567)
 Warning: Clock input clocked_on of DFF gen_regfile_ff.register_file_i/g_rf_flops[31].rf_reg_q_reg[20] not active when clocks are set on. (D9-1568)
 Warning: Clock input clocked_on of DFF gen_regfile_ff.register_file_i/g_rf_flops[31].rf_reg_q_reg[19] not active when clocks are set on. (D9-1569)
 Warning: Clock input clocked_on of DFF gen_regfile_ff.register_file_i/g_rf_flops[31].rf_reg_q_reg[18] not active when clocks are set on. (D9-1570)
 Warning: Clock input clocked_on of DFF gen_regfile_ff.register_file_i/g_rf_flops[31].rf_reg_q_reg[17] not active when clocks are set on. (D9-1571)
 Warning: Clock input clocked_on of DFF gen_regfile_ff.register_file_i/g_rf_flops[31].rf_reg_q_reg[16] not active when clocks are set on. (D9-1572)
 Warning: Clock input clocked_on of DFF gen_regfile_ff.register_file_i/g_rf_flops[31].rf_reg_q_reg[15] not active when clocks are set on. (D9-1573)
 Warning: Clock input clocked_on of DFF gen_regfile_ff.register_file_i/g_rf_flops[31].rf_reg_q_reg[14] not active when clocks are set on. (D9-1574)
 Warning: Clock input clocked_on of DFF gen_regfile_ff.register_file_i/g_rf_flops[31].rf_reg_q_reg[13] not active when clocks are set on. (D9-1575)
 Warning: Clock input clocked_on of DFF gen_regfile_ff.register_file_i/g_rf_flops[31].rf_reg_q_reg[12] not active when clocks are set on. (D9-1576)
 Warning: Clock input clocked_on of DFF gen_regfile_ff.register_file_i/g_rf_flops[31].rf_reg_q_reg[11] not active when clocks are set on. (D9-1577)
 Warning: Clock input clocked_on of DFF gen_regfile_ff.register_file_i/g_rf_flops[31].rf_reg_q_reg[10] not active when clocks are set on. (D9-1578)
 Warning: Clock input clocked_on of DFF gen_regfile_ff.register_file_i/g_rf_flops[31].rf_reg_q_reg[9] not active when clocks are set on. (D9-1579)
 Warning: Clock input clocked_on of DFF gen_regfile_ff.register_file_i/g_rf_flops[31].rf_reg_q_reg[8] not active when clocks are set on. (D9-1580)
 Warning: Clock input clocked_on of DFF gen_regfile_ff.register_file_i/g_rf_flops[31].rf_reg_q_reg[7] not active when clocks are set on. (D9-1581)
 Warning: Clock input clocked_on of DFF gen_regfile_ff.register_file_i/g_rf_flops[31].rf_reg_q_reg[6] not active when clocks are set on. (D9-1582)
 Warning: Clock input clocked_on of DFF gen_regfile_ff.register_file_i/g_rf_flops[31].rf_reg_q_reg[5] not active when clocks are set on. (D9-1583)
 Warning: Clock input clocked_on of DFF gen_regfile_ff.register_file_i/g_rf_flops[31].rf_reg_q_reg[4] not active when clocks are set on. (D9-1584)
 Warning: Clock input clocked_on of DFF gen_regfile_ff.register_file_i/g_rf_flops[31].rf_reg_q_reg[3] not active when clocks are set on. (D9-1585)
 Warning: Clock input clocked_on of DFF gen_regfile_ff.register_file_i/g_rf_flops[31].rf_reg_q_reg[2] not active when clocks are set on. (D9-1586)
 Warning: Clock input clocked_on of DFF gen_regfile_ff.register_file_i/g_rf_flops[31].rf_reg_q_reg[1] not active when clocks are set on. (D9-1587)
 Warning: Clock input clocked_on of DFF gen_regfile_ff.register_file_i/g_rf_flops[31].rf_reg_q_reg[0] not active when clocks are set on. (D9-1588)
 Warning: Clock input clocked_on of DFF u_ibex_core/cs_registers_i/priv_lvl_q_reg[1] not active when clocks are set on. (D9-1589)
 Warning: Clock input clocked_on of DFF u_ibex_core/cs_registers_i/priv_lvl_q_reg[0] not active when clocks are set on. (D9-1590)
 Warning: Clock input clocked_on of DFF u_ibex_core/cs_registers_i/mcountinhibit_q_reg[2] not active when clocks are set on. (D9-1591)
 Warning: Clock input clocked_on of DFF u_ibex_core/cs_registers_i/mcountinhibit_q_reg[1] not active when clocks are set on. (D9-1592)
 Warning: Clock input clocked_on of DFF u_ibex_core/cs_registers_i/mcountinhibit_q_reg[0] not active when clocks are set on. (D9-1593)
 Warning: Clock input clocked_on of DFF u_ibex_core/cs_registers_i/u_mstatus_csr/rdata_q_reg[5] not active when clocks are set on. (D9-1594)
 Warning: Clock input clocked_on of DFF u_ibex_core/cs_registers_i/u_mstatus_csr/rdata_q_reg[4] not active when clocks are set on. (D9-1595)
 Warning: Clock input clocked_on of DFF u_ibex_core/cs_registers_i/u_mstatus_csr/rdata_q_reg[3] not active when clocks are set on. (D9-1596)
 Warning: Clock input clocked_on of DFF u_ibex_core/cs_registers_i/u_mstatus_csr/rdata_q_reg[2] not active when clocks are set on. (D9-1597)
 Warning: Clock input clocked_on of DFF u_ibex_core/cs_registers_i/u_mstatus_csr/rdata_q_reg[1] not active when clocks are set on. (D9-1598)
 Warning: Clock input clocked_on of DFF u_ibex_core/cs_registers_i/u_mstatus_csr/rdata_q_reg[0] not active when clocks are set on. (D9-1599)
 Warning: Clock input clocked_on of DFF u_ibex_core/cs_registers_i/u_mepc_csr/rdata_q_reg[31] not active when clocks are set on. (D9-1600)
 Warning: Clock input clocked_on of DFF u_ibex_core/cs_registers_i/u_mepc_csr/rdata_q_reg[30] not active when clocks are set on. (D9-1601)
 Warning: Clock input clocked_on of DFF u_ibex_core/cs_registers_i/u_mepc_csr/rdata_q_reg[29] not active when clocks are set on. (D9-1602)
 Warning: Clock input clocked_on of DFF u_ibex_core/cs_registers_i/u_mepc_csr/rdata_q_reg[28] not active when clocks are set on. (D9-1603)
 Warning: Clock input clocked_on of DFF u_ibex_core/cs_registers_i/u_mepc_csr/rdata_q_reg[27] not active when clocks are set on. (D9-1604)
 Warning: Clock input clocked_on of DFF u_ibex_core/cs_registers_i/u_mepc_csr/rdata_q_reg[26] not active when clocks are set on. (D9-1605)
 Warning: Clock input clocked_on of DFF u_ibex_core/cs_registers_i/u_mepc_csr/rdata_q_reg[25] not active when clocks are set on. (D9-1606)
 Warning: Clock input clocked_on of DFF u_ibex_core/cs_registers_i/u_mepc_csr/rdata_q_reg[24] not active when clocks are set on. (D9-1607)
 Warning: Clock input clocked_on of DFF u_ibex_core/cs_registers_i/u_mepc_csr/rdata_q_reg[23] not active when clocks are set on. (D9-1608)
 Warning: Clock input clocked_on of DFF u_ibex_core/cs_registers_i/u_mepc_csr/rdata_q_reg[22] not active when clocks are set on. (D9-1609)
 Warning: Clock input clocked_on of DFF u_ibex_core/cs_registers_i/u_mepc_csr/rdata_q_reg[21] not active when clocks are set on. (D9-1610)
 Warning: Clock input clocked_on of DFF u_ibex_core/cs_registers_i/u_mepc_csr/rdata_q_reg[20] not active when clocks are set on. (D9-1611)
 Warning: Clock input clocked_on of DFF u_ibex_core/cs_registers_i/u_mepc_csr/rdata_q_reg[19] not active when clocks are set on. (D9-1612)
 Warning: Clock input clocked_on of DFF u_ibex_core/cs_registers_i/u_mepc_csr/rdata_q_reg[18] not active when clocks are set on. (D9-1613)
 Warning: Clock input clocked_on of DFF u_ibex_core/cs_registers_i/u_mepc_csr/rdata_q_reg[17] not active when clocks are set on. (D9-1614)
 Warning: Clock input clocked_on of DFF u_ibex_core/cs_registers_i/u_mepc_csr/rdata_q_reg[16] not active when clocks are set on. (D9-1615)
 Warning: Clock input clocked_on of DFF u_ibex_core/cs_registers_i/u_mepc_csr/rdata_q_reg[15] not active when clocks are set on. (D9-1616)
 Warning: Clock input clocked_on of DFF u_ibex_core/cs_registers_i/u_mepc_csr/rdata_q_reg[14] not active when clocks are set on. (D9-1617)
 Warning: Clock input clocked_on of DFF u_ibex_core/cs_registers_i/u_mepc_csr/rdata_q_reg[13] not active when clocks are set on. (D9-1618)
 Warning: Clock input clocked_on of DFF u_ibex_core/cs_registers_i/u_mepc_csr/rdata_q_reg[12] not active when clocks are set on. (D9-1619)
 Warning: Clock input clocked_on of DFF u_ibex_core/cs_registers_i/u_mepc_csr/rdata_q_reg[11] not active when clocks are set on. (D9-1620)
 Warning: Clock input clocked_on of DFF u_ibex_core/cs_registers_i/u_mepc_csr/rdata_q_reg[10] not active when clocks are set on. (D9-1621)
 Warning: Clock input clocked_on of DFF u_ibex_core/cs_registers_i/u_mepc_csr/rdata_q_reg[9] not active when clocks are set on. (D9-1622)
 Warning: Clock input clocked_on of DFF u_ibex_core/cs_registers_i/u_mepc_csr/rdata_q_reg[8] not active when clocks are set on. (D9-1623)
 Warning: Clock input clocked_on of DFF u_ibex_core/cs_registers_i/u_mepc_csr/rdata_q_reg[7] not active when clocks are set on. (D9-1624)
 Warning: Clock input clocked_on of DFF u_ibex_core/cs_registers_i/u_mepc_csr/rdata_q_reg[6] not active when clocks are set on. (D9-1625)
 Warning: Clock input clocked_on of DFF u_ibex_core/cs_registers_i/u_mepc_csr/rdata_q_reg[5] not active when clocks are set on. (D9-1626)
 Warning: Clock input clocked_on of DFF u_ibex_core/cs_registers_i/u_mepc_csr/rdata_q_reg[4] not active when clocks are set on. (D9-1627)
 Warning: Clock input clocked_on of DFF u_ibex_core/cs_registers_i/u_mepc_csr/rdata_q_reg[3] not active when clocks are set on. (D9-1628)
 Warning: Clock input clocked_on of DFF u_ibex_core/cs_registers_i/u_mepc_csr/rdata_q_reg[2] not active when clocks are set on. (D9-1629)
 Warning: Clock input clocked_on of DFF u_ibex_core/cs_registers_i/u_mepc_csr/rdata_q_reg[1] not active when clocks are set on. (D9-1630)
 Warning: Clock input clocked_on of DFF u_ibex_core/cs_registers_i/u_mepc_csr/rdata_q_reg[0] not active when clocks are set on. (D9-1631)
 Warning: Clock input clocked_on of DFF u_ibex_core/cs_registers_i/u_mie_csr/rdata_q_reg[17] not active when clocks are set on. (D9-1632)
 Warning: Clock input clocked_on of DFF u_ibex_core/cs_registers_i/u_mie_csr/rdata_q_reg[16] not active when clocks are set on. (D9-1633)
 Warning: Clock input clocked_on of DFF u_ibex_core/cs_registers_i/u_mie_csr/rdata_q_reg[15] not active when clocks are set on. (D9-1634)
 Warning: Clock input clocked_on of DFF u_ibex_core/cs_registers_i/u_mie_csr/rdata_q_reg[14] not active when clocks are set on. (D9-1635)
 Warning: Clock input clocked_on of DFF u_ibex_core/cs_registers_i/u_mie_csr/rdata_q_reg[13] not active when clocks are set on. (D9-1636)
 Warning: Clock input clocked_on of DFF u_ibex_core/cs_registers_i/u_mie_csr/rdata_q_reg[12] not active when clocks are set on. (D9-1637)
 Warning: Clock input clocked_on of DFF u_ibex_core/cs_registers_i/u_mie_csr/rdata_q_reg[11] not active when clocks are set on. (D9-1638)
 Warning: Clock input clocked_on of DFF u_ibex_core/cs_registers_i/u_mie_csr/rdata_q_reg[10] not active when clocks are set on. (D9-1639)
 Warning: Clock input clocked_on of DFF u_ibex_core/cs_registers_i/u_mie_csr/rdata_q_reg[9] not active when clocks are set on. (D9-1640)
 Warning: Clock input clocked_on of DFF u_ibex_core/cs_registers_i/u_mie_csr/rdata_q_reg[8] not active when clocks are set on. (D9-1641)
 Warning: Clock input clocked_on of DFF u_ibex_core/cs_registers_i/u_mie_csr/rdata_q_reg[7] not active when clocks are set on. (D9-1642)
 Warning: Clock input clocked_on of DFF u_ibex_core/cs_registers_i/u_mie_csr/rdata_q_reg[6] not active when clocks are set on. (D9-1643)
 Warning: Clock input clocked_on of DFF u_ibex_core/cs_registers_i/u_mie_csr/rdata_q_reg[5] not active when clocks are set on. (D9-1644)
 Warning: Clock input clocked_on of DFF u_ibex_core/cs_registers_i/u_mie_csr/rdata_q_reg[4] not active when clocks are set on. (D9-1645)
 Warning: Clock input clocked_on of DFF u_ibex_core/cs_registers_i/u_mie_csr/rdata_q_reg[3] not active when clocks are set on. (D9-1646)
 Warning: Clock input clocked_on of DFF u_ibex_core/cs_registers_i/u_mie_csr/rdata_q_reg[2] not active when clocks are set on. (D9-1647)
 Warning: Clock input clocked_on of DFF u_ibex_core/cs_registers_i/u_mie_csr/rdata_q_reg[1] not active when clocks are set on. (D9-1648)
 Warning: Clock input clocked_on of DFF u_ibex_core/cs_registers_i/u_mie_csr/rdata_q_reg[0] not active when clocks are set on. (D9-1649)
 Warning: Clock input clocked_on of DFF u_ibex_core/cs_registers_i/u_mscratch_csr/rdata_q_reg[31] not active when clocks are set on. (D9-1650)
 Warning: Clock input clocked_on of DFF u_ibex_core/cs_registers_i/u_mscratch_csr/rdata_q_reg[30] not active when clocks are set on. (D9-1651)
 Warning: Clock input clocked_on of DFF u_ibex_core/cs_registers_i/u_mscratch_csr/rdata_q_reg[29] not active when clocks are set on. (D9-1652)
 Warning: Clock input clocked_on of DFF u_ibex_core/cs_registers_i/u_mscratch_csr/rdata_q_reg[28] not active when clocks are set on. (D9-1653)
 Warning: Clock input clocked_on of DFF u_ibex_core/cs_registers_i/u_mscratch_csr/rdata_q_reg[27] not active when clocks are set on. (D9-1654)
 Warning: Clock input clocked_on of DFF u_ibex_core/cs_registers_i/u_mscratch_csr/rdata_q_reg[26] not active when clocks are set on. (D9-1655)
 Warning: Clock input clocked_on of DFF u_ibex_core/cs_registers_i/u_mscratch_csr/rdata_q_reg[25] not active when clocks are set on. (D9-1656)
 Warning: Clock input clocked_on of DFF u_ibex_core/cs_registers_i/u_mscratch_csr/rdata_q_reg[24] not active when clocks are set on. (D9-1657)
 Warning: Clock input clocked_on of DFF u_ibex_core/cs_registers_i/u_mscratch_csr/rdata_q_reg[23] not active when clocks are set on. (D9-1658)
 Warning: Clock input clocked_on of DFF u_ibex_core/cs_registers_i/u_mscratch_csr/rdata_q_reg[22] not active when clocks are set on. (D9-1659)
 Warning: Clock input clocked_on of DFF u_ibex_core/cs_registers_i/u_mscratch_csr/rdata_q_reg[21] not active when clocks are set on. (D9-1660)
 Warning: Clock input clocked_on of DFF u_ibex_core/cs_registers_i/u_mscratch_csr/rdata_q_reg[20] not active when clocks are set on. (D9-1661)
 Warning: Clock input clocked_on of DFF u_ibex_core/cs_registers_i/u_mscratch_csr/rdata_q_reg[19] not active when clocks are set on. (D9-1662)
 Warning: Clock input clocked_on of DFF u_ibex_core/cs_registers_i/u_mscratch_csr/rdata_q_reg[18] not active when clocks are set on. (D9-1663)
 Warning: Clock input clocked_on of DFF u_ibex_core/cs_registers_i/u_mscratch_csr/rdata_q_reg[17] not active when clocks are set on. (D9-1664)
 Warning: Clock input clocked_on of DFF u_ibex_core/cs_registers_i/u_mscratch_csr/rdata_q_reg[16] not active when clocks are set on. (D9-1665)
 Warning: Clock input clocked_on of DFF u_ibex_core/cs_registers_i/u_mscratch_csr/rdata_q_reg[15] not active when clocks are set on. (D9-1666)
 Warning: Clock input clocked_on of DFF u_ibex_core/cs_registers_i/u_mscratch_csr/rdata_q_reg[14] not active when clocks are set on. (D9-1667)
 Warning: Clock input clocked_on of DFF u_ibex_core/cs_registers_i/u_mscratch_csr/rdata_q_reg[13] not active when clocks are set on. (D9-1668)
 Warning: Clock input clocked_on of DFF u_ibex_core/cs_registers_i/u_mscratch_csr/rdata_q_reg[12] not active when clocks are set on. (D9-1669)
 Warning: Clock input clocked_on of DFF u_ibex_core/cs_registers_i/u_mscratch_csr/rdata_q_reg[11] not active when clocks are set on. (D9-1670)
 Warning: Clock input clocked_on of DFF u_ibex_core/cs_registers_i/u_mscratch_csr/rdata_q_reg[10] not active when clocks are set on. (D9-1671)
 Warning: Clock input clocked_on of DFF u_ibex_core/cs_registers_i/u_mscratch_csr/rdata_q_reg[9] not active when clocks are set on. (D9-1672)
 Warning: Clock input clocked_on of DFF u_ibex_core/cs_registers_i/u_mscratch_csr/rdata_q_reg[8] not active when clocks are set on. (D9-1673)
 Warning: Clock input clocked_on of DFF u_ibex_core/cs_registers_i/u_mscratch_csr/rdata_q_reg[7] not active when clocks are set on. (D9-1674)
 Warning: Clock input clocked_on of DFF u_ibex_core/cs_registers_i/u_mscratch_csr/rdata_q_reg[6] not active when clocks are set on. (D9-1675)
 Warning: Clock input clocked_on of DFF u_ibex_core/cs_registers_i/u_mscratch_csr/rdata_q_reg[5] not active when clocks are set on. (D9-1676)
 Warning: Clock input clocked_on of DFF u_ibex_core/cs_registers_i/u_mscratch_csr/rdata_q_reg[4] not active when clocks are set on. (D9-1677)
 Warning: Clock input clocked_on of DFF u_ibex_core/cs_registers_i/u_mscratch_csr/rdata_q_reg[3] not active when clocks are set on. (D9-1678)
 Warning: Clock input clocked_on of DFF u_ibex_core/cs_registers_i/u_mscratch_csr/rdata_q_reg[2] not active when clocks are set on. (D9-1679)
 Warning: Clock input clocked_on of DFF u_ibex_core/cs_registers_i/u_mscratch_csr/rdata_q_reg[1] not active when clocks are set on. (D9-1680)
 Warning: Clock input clocked_on of DFF u_ibex_core/cs_registers_i/u_mscratch_csr/rdata_q_reg[0] not active when clocks are set on. (D9-1681)
 Warning: Clock input clocked_on of DFF u_ibex_core/cs_registers_i/u_mcause_csr/rdata_q_reg[6] not active when clocks are set on. (D9-1682)
 Warning: Clock input clocked_on of DFF u_ibex_core/cs_registers_i/u_mcause_csr/rdata_q_reg[5] not active when clocks are set on. (D9-1683)
 Warning: Clock input clocked_on of DFF u_ibex_core/cs_registers_i/u_mcause_csr/rdata_q_reg[4] not active when clocks are set on. (D9-1684)
 Warning: Clock input clocked_on of DFF u_ibex_core/cs_registers_i/u_mcause_csr/rdata_q_reg[3] not active when clocks are set on. (D9-1685)
 Warning: Clock input clocked_on of DFF u_ibex_core/cs_registers_i/u_mcause_csr/rdata_q_reg[2] not active when clocks are set on. (D9-1686)
 Warning: Clock input clocked_on of DFF u_ibex_core/cs_registers_i/u_mcause_csr/rdata_q_reg[1] not active when clocks are set on. (D9-1687)
 Warning: Clock input clocked_on of DFF u_ibex_core/cs_registers_i/u_mcause_csr/rdata_q_reg[0] not active when clocks are set on. (D9-1688)
 Warning: Clock input clocked_on of DFF u_ibex_core/cs_registers_i/u_mtval_csr/rdata_q_reg[31] not active when clocks are set on. (D9-1689)
 Warning: Clock input clocked_on of DFF u_ibex_core/cs_registers_i/u_mtval_csr/rdata_q_reg[30] not active when clocks are set on. (D9-1690)
 Warning: Clock input clocked_on of DFF u_ibex_core/cs_registers_i/u_mtval_csr/rdata_q_reg[29] not active when clocks are set on. (D9-1691)
 Warning: Clock input clocked_on of DFF u_ibex_core/cs_registers_i/u_mtval_csr/rdata_q_reg[28] not active when clocks are set on. (D9-1692)
 Warning: Clock input clocked_on of DFF u_ibex_core/cs_registers_i/u_mtval_csr/rdata_q_reg[27] not active when clocks are set on. (D9-1693)
 Warning: Clock input clocked_on of DFF u_ibex_core/cs_registers_i/u_mtval_csr/rdata_q_reg[26] not active when clocks are set on. (D9-1694)
 Warning: Clock input clocked_on of DFF u_ibex_core/cs_registers_i/u_mtval_csr/rdata_q_reg[25] not active when clocks are set on. (D9-1695)
 Warning: Clock input clocked_on of DFF u_ibex_core/cs_registers_i/u_mtval_csr/rdata_q_reg[24] not active when clocks are set on. (D9-1696)
 Warning: Clock input clocked_on of DFF u_ibex_core/cs_registers_i/u_mtval_csr/rdata_q_reg[23] not active when clocks are set on. (D9-1697)
 Warning: Clock input clocked_on of DFF u_ibex_core/cs_registers_i/u_mtval_csr/rdata_q_reg[22] not active when clocks are set on. (D9-1698)
 Warning: Clock input clocked_on of DFF u_ibex_core/cs_registers_i/u_mtval_csr/rdata_q_reg[21] not active when clocks are set on. (D9-1699)
 Warning: Clock input clocked_on of DFF u_ibex_core/cs_registers_i/u_mtval_csr/rdata_q_reg[20] not active when clocks are set on. (D9-1700)
 Warning: Clock input clocked_on of DFF u_ibex_core/cs_registers_i/u_mtval_csr/rdata_q_reg[19] not active when clocks are set on. (D9-1701)
 Warning: Clock input clocked_on of DFF u_ibex_core/cs_registers_i/u_mtval_csr/rdata_q_reg[18] not active when clocks are set on. (D9-1702)
 Warning: Clock input clocked_on of DFF u_ibex_core/cs_registers_i/u_mtval_csr/rdata_q_reg[17] not active when clocks are set on. (D9-1703)
 Warning: Clock input clocked_on of DFF u_ibex_core/cs_registers_i/u_mtval_csr/rdata_q_reg[16] not active when clocks are set on. (D9-1704)
 Warning: Clock input clocked_on of DFF u_ibex_core/cs_registers_i/u_mtval_csr/rdata_q_reg[15] not active when clocks are set on. (D9-1705)
 Warning: Clock input clocked_on of DFF u_ibex_core/cs_registers_i/u_mtval_csr/rdata_q_reg[14] not active when clocks are set on. (D9-1706)
 Warning: Clock input clocked_on of DFF u_ibex_core/cs_registers_i/u_mtval_csr/rdata_q_reg[13] not active when clocks are set on. (D9-1707)
 Warning: Clock input clocked_on of DFF u_ibex_core/cs_registers_i/u_mtval_csr/rdata_q_reg[12] not active when clocks are set on. (D9-1708)
 Warning: Clock input clocked_on of DFF u_ibex_core/cs_registers_i/u_mtval_csr/rdata_q_reg[11] not active when clocks are set on. (D9-1709)
 Warning: Clock input clocked_on of DFF u_ibex_core/cs_registers_i/u_mtval_csr/rdata_q_reg[10] not active when clocks are set on. (D9-1710)
 Warning: Clock input clocked_on of DFF u_ibex_core/cs_registers_i/u_mtval_csr/rdata_q_reg[9] not active when clocks are set on. (D9-1711)
 Warning: Clock input clocked_on of DFF u_ibex_core/cs_registers_i/u_mtval_csr/rdata_q_reg[8] not active when clocks are set on. (D9-1712)
 Warning: Clock input clocked_on of DFF u_ibex_core/cs_registers_i/u_mtval_csr/rdata_q_reg[7] not active when clocks are set on. (D9-1713)
 Warning: Clock input clocked_on of DFF u_ibex_core/cs_registers_i/u_mtval_csr/rdata_q_reg[6] not active when clocks are set on. (D9-1714)
 Warning: Clock input clocked_on of DFF u_ibex_core/cs_registers_i/u_mtval_csr/rdata_q_reg[5] not active when clocks are set on. (D9-1715)
 Warning: Clock input clocked_on of DFF u_ibex_core/cs_registers_i/u_mtval_csr/rdata_q_reg[4] not active when clocks are set on. (D9-1716)
 Warning: Clock input clocked_on of DFF u_ibex_core/cs_registers_i/u_mtval_csr/rdata_q_reg[3] not active when clocks are set on. (D9-1717)
 Warning: Clock input clocked_on of DFF u_ibex_core/cs_registers_i/u_mtval_csr/rdata_q_reg[2] not active when clocks are set on. (D9-1718)
 Warning: Clock input clocked_on of DFF u_ibex_core/cs_registers_i/u_mtval_csr/rdata_q_reg[1] not active when clocks are set on. (D9-1719)
 Warning: Clock input clocked_on of DFF u_ibex_core/cs_registers_i/u_mtval_csr/rdata_q_reg[0] not active when clocks are set on. (D9-1720)
 Warning: Clock input clocked_on of DFF u_ibex_core/cs_registers_i/u_mtvec_csr/rdata_q_reg[31] not active when clocks are set on. (D9-1721)
 Warning: Clock input clocked_on of DFF u_ibex_core/cs_registers_i/u_mtvec_csr/rdata_q_reg[30] not active when clocks are set on. (D9-1722)
 Warning: Clock input clocked_on of DFF u_ibex_core/cs_registers_i/u_mtvec_csr/rdata_q_reg[29] not active when clocks are set on. (D9-1723)
 Warning: Clock input clocked_on of DFF u_ibex_core/cs_registers_i/u_mtvec_csr/rdata_q_reg[28] not active when clocks are set on. (D9-1724)
 Warning: Clock input clocked_on of DFF u_ibex_core/cs_registers_i/u_mtvec_csr/rdata_q_reg[27] not active when clocks are set on. (D9-1725)
 Warning: Clock input clocked_on of DFF u_ibex_core/cs_registers_i/u_mtvec_csr/rdata_q_reg[26] not active when clocks are set on. (D9-1726)
 Warning: Clock input clocked_on of DFF u_ibex_core/cs_registers_i/u_mtvec_csr/rdata_q_reg[25] not active when clocks are set on. (D9-1727)
 Warning: Clock input clocked_on of DFF u_ibex_core/cs_registers_i/u_mtvec_csr/rdata_q_reg[24] not active when clocks are set on. (D9-1728)
 Warning: Clock input clocked_on of DFF u_ibex_core/cs_registers_i/u_mtvec_csr/rdata_q_reg[23] not active when clocks are set on. (D9-1729)
 Warning: Clock input clocked_on of DFF u_ibex_core/cs_registers_i/u_mtvec_csr/rdata_q_reg[22] not active when clocks are set on. (D9-1730)
 Warning: Clock input clocked_on of DFF u_ibex_core/cs_registers_i/u_mtvec_csr/rdata_q_reg[21] not active when clocks are set on. (D9-1731)
 Warning: Clock input clocked_on of DFF u_ibex_core/cs_registers_i/u_mtvec_csr/rdata_q_reg[20] not active when clocks are set on. (D9-1732)
 Warning: Clock input clocked_on of DFF u_ibex_core/cs_registers_i/u_mtvec_csr/rdata_q_reg[19] not active when clocks are set on. (D9-1733)
 Warning: Clock input clocked_on of DFF u_ibex_core/cs_registers_i/u_mtvec_csr/rdata_q_reg[18] not active when clocks are set on. (D9-1734)
 Warning: Clock input clocked_on of DFF u_ibex_core/cs_registers_i/u_mtvec_csr/rdata_q_reg[17] not active when clocks are set on. (D9-1735)
 Warning: Clock input clocked_on of DFF u_ibex_core/cs_registers_i/u_mtvec_csr/rdata_q_reg[16] not active when clocks are set on. (D9-1736)
 Warning: Clock input clocked_on of DFF u_ibex_core/cs_registers_i/u_mtvec_csr/rdata_q_reg[15] not active when clocks are set on. (D9-1737)
 Warning: Clock input clocked_on of DFF u_ibex_core/cs_registers_i/u_mtvec_csr/rdata_q_reg[14] not active when clocks are set on. (D9-1738)
 Warning: Clock input clocked_on of DFF u_ibex_core/cs_registers_i/u_mtvec_csr/rdata_q_reg[13] not active when clocks are set on. (D9-1739)
 Warning: Clock input clocked_on of DFF u_ibex_core/cs_registers_i/u_mtvec_csr/rdata_q_reg[12] not active when clocks are set on. (D9-1740)
 Warning: Clock input clocked_on of DFF u_ibex_core/cs_registers_i/u_mtvec_csr/rdata_q_reg[11] not active when clocks are set on. (D9-1741)
 Warning: Clock input clocked_on of DFF u_ibex_core/cs_registers_i/u_mtvec_csr/rdata_q_reg[10] not active when clocks are set on. (D9-1742)
 Warning: Clock input clocked_on of DFF u_ibex_core/cs_registers_i/u_mtvec_csr/rdata_q_reg[9] not active when clocks are set on. (D9-1743)
 Warning: Clock input clocked_on of DFF u_ibex_core/cs_registers_i/u_mtvec_csr/rdata_q_reg[8] not active when clocks are set on. (D9-1744)
 Warning: Clock input clocked_on of DFF u_ibex_core/cs_registers_i/u_mtvec_csr/rdata_q_reg[7] not active when clocks are set on. (D9-1745)
 Warning: Clock input clocked_on of DFF u_ibex_core/cs_registers_i/u_mtvec_csr/rdata_q_reg[6] not active when clocks are set on. (D9-1746)
 Warning: Clock input clocked_on of DFF u_ibex_core/cs_registers_i/u_mtvec_csr/rdata_q_reg[5] not active when clocks are set on. (D9-1747)
 Warning: Clock input clocked_on of DFF u_ibex_core/cs_registers_i/u_mtvec_csr/rdata_q_reg[4] not active when clocks are set on. (D9-1748)
 Warning: Clock input clocked_on of DFF u_ibex_core/cs_registers_i/u_mtvec_csr/rdata_q_reg[3] not active when clocks are set on. (D9-1749)
 Warning: Clock input clocked_on of DFF u_ibex_core/cs_registers_i/u_mtvec_csr/rdata_q_reg[2] not active when clocks are set on. (D9-1750)
 Warning: Clock input clocked_on of DFF u_ibex_core/cs_registers_i/u_mtvec_csr/rdata_q_reg[1] not active when clocks are set on. (D9-1751)
 Warning: Clock input clocked_on of DFF u_ibex_core/cs_registers_i/u_mtvec_csr/rdata_q_reg[0] not active when clocks are set on. (D9-1752)
 Warning: Clock input clocked_on of DFF u_ibex_core/cs_registers_i/u_dcsr_csr/rdata_q_reg[31] not active when clocks are set on. (D9-1753)
 Warning: Clock input clocked_on of DFF u_ibex_core/cs_registers_i/u_dcsr_csr/rdata_q_reg[30] not active when clocks are set on. (D9-1754)
 Warning: Clock input clocked_on of DFF u_ibex_core/cs_registers_i/u_dcsr_csr/rdata_q_reg[29] not active when clocks are set on. (D9-1755)
 Warning: Clock input clocked_on of DFF u_ibex_core/cs_registers_i/u_dcsr_csr/rdata_q_reg[28] not active when clocks are set on. (D9-1756)
 Warning: Clock input clocked_on of DFF u_ibex_core/cs_registers_i/u_dcsr_csr/rdata_q_reg[27] not active when clocks are set on. (D9-1757)
 Warning: Clock input clocked_on of DFF u_ibex_core/cs_registers_i/u_dcsr_csr/rdata_q_reg[26] not active when clocks are set on. (D9-1758)
 Warning: Clock input clocked_on of DFF u_ibex_core/cs_registers_i/u_dcsr_csr/rdata_q_reg[25] not active when clocks are set on. (D9-1759)
 Warning: Clock input clocked_on of DFF u_ibex_core/cs_registers_i/u_dcsr_csr/rdata_q_reg[24] not active when clocks are set on. (D9-1760)
 Warning: Clock input clocked_on of DFF u_ibex_core/cs_registers_i/u_dcsr_csr/rdata_q_reg[23] not active when clocks are set on. (D9-1761)
 Warning: Clock input clocked_on of DFF u_ibex_core/cs_registers_i/u_dcsr_csr/rdata_q_reg[22] not active when clocks are set on. (D9-1762)
 Warning: Clock input clocked_on of DFF u_ibex_core/cs_registers_i/u_dcsr_csr/rdata_q_reg[21] not active when clocks are set on. (D9-1763)
 Warning: Clock input clocked_on of DFF u_ibex_core/cs_registers_i/u_dcsr_csr/rdata_q_reg[20] not active when clocks are set on. (D9-1764)
 Warning: Clock input clocked_on of DFF u_ibex_core/cs_registers_i/u_dcsr_csr/rdata_q_reg[19] not active when clocks are set on. (D9-1765)
 Warning: Clock input clocked_on of DFF u_ibex_core/cs_registers_i/u_dcsr_csr/rdata_q_reg[18] not active when clocks are set on. (D9-1766)
 Warning: Clock input clocked_on of DFF u_ibex_core/cs_registers_i/u_dcsr_csr/rdata_q_reg[17] not active when clocks are set on. (D9-1767)
 Warning: Clock input clocked_on of DFF u_ibex_core/cs_registers_i/u_dcsr_csr/rdata_q_reg[16] not active when clocks are set on. (D9-1768)
 Warning: Clock input clocked_on of DFF u_ibex_core/cs_registers_i/u_dcsr_csr/rdata_q_reg[15] not active when clocks are set on. (D9-1769)
 Warning: Clock input clocked_on of DFF u_ibex_core/cs_registers_i/u_dcsr_csr/rdata_q_reg[14] not active when clocks are set on. (D9-1770)
 Warning: Clock input clocked_on of DFF u_ibex_core/cs_registers_i/u_dcsr_csr/rdata_q_reg[13] not active when clocks are set on. (D9-1771)
 Warning: Clock input clocked_on of DFF u_ibex_core/cs_registers_i/u_dcsr_csr/rdata_q_reg[12] not active when clocks are set on. (D9-1772)
 Warning: Clock input clocked_on of DFF u_ibex_core/cs_registers_i/u_dcsr_csr/rdata_q_reg[11] not active when clocks are set on. (D9-1773)
 Warning: Clock input clocked_on of DFF u_ibex_core/cs_registers_i/u_dcsr_csr/rdata_q_reg[10] not active when clocks are set on. (D9-1774)
 Warning: Clock input clocked_on of DFF u_ibex_core/cs_registers_i/u_dcsr_csr/rdata_q_reg[9] not active when clocks are set on. (D9-1775)
 Warning: Clock input clocked_on of DFF u_ibex_core/cs_registers_i/u_dcsr_csr/rdata_q_reg[8] not active when clocks are set on. (D9-1776)
 Warning: Clock input clocked_on of DFF u_ibex_core/cs_registers_i/u_dcsr_csr/rdata_q_reg[7] not active when clocks are set on. (D9-1777)
 Warning: Clock input clocked_on of DFF u_ibex_core/cs_registers_i/u_dcsr_csr/rdata_q_reg[6] not active when clocks are set on. (D9-1778)
 Warning: Clock input clocked_on of DFF u_ibex_core/cs_registers_i/u_dcsr_csr/rdata_q_reg[5] not active when clocks are set on. (D9-1779)
 Warning: Clock input clocked_on of DFF u_ibex_core/cs_registers_i/u_dcsr_csr/rdata_q_reg[4] not active when clocks are set on. (D9-1780)
 Warning: Clock input clocked_on of DFF u_ibex_core/cs_registers_i/u_dcsr_csr/rdata_q_reg[3] not active when clocks are set on. (D9-1781)
 Warning: Clock input clocked_on of DFF u_ibex_core/cs_registers_i/u_dcsr_csr/rdata_q_reg[2] not active when clocks are set on. (D9-1782)
 Warning: Clock input clocked_on of DFF u_ibex_core/cs_registers_i/u_dcsr_csr/rdata_q_reg[1] not active when clocks are set on. (D9-1783)
 Warning: Clock input clocked_on of DFF u_ibex_core/cs_registers_i/u_dcsr_csr/rdata_q_reg[0] not active when clocks are set on. (D9-1784)
 Warning: Clock input clocked_on of DFF u_ibex_core/cs_registers_i/u_depc_csr/rdata_q_reg[31] not active when clocks are set on. (D9-1785)
 Warning: Clock input clocked_on of DFF u_ibex_core/cs_registers_i/u_depc_csr/rdata_q_reg[30] not active when clocks are set on. (D9-1786)
 Warning: Clock input clocked_on of DFF u_ibex_core/cs_registers_i/u_depc_csr/rdata_q_reg[29] not active when clocks are set on. (D9-1787)
 Warning: Clock input clocked_on of DFF u_ibex_core/cs_registers_i/u_depc_csr/rdata_q_reg[28] not active when clocks are set on. (D9-1788)
 Warning: Clock input clocked_on of DFF u_ibex_core/cs_registers_i/u_depc_csr/rdata_q_reg[27] not active when clocks are set on. (D9-1789)
 Warning: Clock input clocked_on of DFF u_ibex_core/cs_registers_i/u_depc_csr/rdata_q_reg[26] not active when clocks are set on. (D9-1790)
 Warning: Clock input clocked_on of DFF u_ibex_core/cs_registers_i/u_depc_csr/rdata_q_reg[25] not active when clocks are set on. (D9-1791)
 Warning: Clock input clocked_on of DFF u_ibex_core/cs_registers_i/u_depc_csr/rdata_q_reg[24] not active when clocks are set on. (D9-1792)
 Warning: Clock input clocked_on of DFF u_ibex_core/cs_registers_i/u_depc_csr/rdata_q_reg[23] not active when clocks are set on. (D9-1793)
 Warning: Clock input clocked_on of DFF u_ibex_core/cs_registers_i/u_depc_csr/rdata_q_reg[22] not active when clocks are set on. (D9-1794)
 Warning: Clock input clocked_on of DFF u_ibex_core/cs_registers_i/u_depc_csr/rdata_q_reg[21] not active when clocks are set on. (D9-1795)
 Warning: Clock input clocked_on of DFF u_ibex_core/cs_registers_i/u_depc_csr/rdata_q_reg[20] not active when clocks are set on. (D9-1796)
 Warning: Clock input clocked_on of DFF u_ibex_core/cs_registers_i/u_depc_csr/rdata_q_reg[19] not active when clocks are set on. (D9-1797)
 Warning: Clock input clocked_on of DFF u_ibex_core/cs_registers_i/u_depc_csr/rdata_q_reg[18] not active when clocks are set on. (D9-1798)
 Warning: Clock input clocked_on of DFF u_ibex_core/cs_registers_i/u_depc_csr/rdata_q_reg[17] not active when clocks are set on. (D9-1799)
 Warning: Clock input clocked_on of DFF u_ibex_core/cs_registers_i/u_depc_csr/rdata_q_reg[16] not active when clocks are set on. (D9-1800)
 Warning: Clock input clocked_on of DFF u_ibex_core/cs_registers_i/u_depc_csr/rdata_q_reg[15] not active when clocks are set on. (D9-1801)
 Warning: Clock input clocked_on of DFF u_ibex_core/cs_registers_i/u_depc_csr/rdata_q_reg[14] not active when clocks are set on. (D9-1802)
 Warning: Clock input clocked_on of DFF u_ibex_core/cs_registers_i/u_depc_csr/rdata_q_reg[13] not active when clocks are set on. (D9-1803)
 Warning: Clock input clocked_on of DFF u_ibex_core/cs_registers_i/u_depc_csr/rdata_q_reg[12] not active when clocks are set on. (D9-1804)
 Warning: Clock input clocked_on of DFF u_ibex_core/cs_registers_i/u_depc_csr/rdata_q_reg[11] not active when clocks are set on. (D9-1805)
 Warning: Clock input clocked_on of DFF u_ibex_core/cs_registers_i/u_depc_csr/rdata_q_reg[10] not active when clocks are set on. (D9-1806)
 Warning: Clock input clocked_on of DFF u_ibex_core/cs_registers_i/u_depc_csr/rdata_q_reg[9] not active when clocks are set on. (D9-1807)
 Warning: Clock input clocked_on of DFF u_ibex_core/cs_registers_i/u_depc_csr/rdata_q_reg[8] not active when clocks are set on. (D9-1808)
 Warning: Clock input clocked_on of DFF u_ibex_core/cs_registers_i/u_depc_csr/rdata_q_reg[7] not active when clocks are set on. (D9-1809)
 Warning: Clock input clocked_on of DFF u_ibex_core/cs_registers_i/u_depc_csr/rdata_q_reg[6] not active when clocks are set on. (D9-1810)
 Warning: Clock input clocked_on of DFF u_ibex_core/cs_registers_i/u_depc_csr/rdata_q_reg[5] not active when clocks are set on. (D9-1811)
 Warning: Clock input clocked_on of DFF u_ibex_core/cs_registers_i/u_depc_csr/rdata_q_reg[4] not active when clocks are set on. (D9-1812)
 Warning: Clock input clocked_on of DFF u_ibex_core/cs_registers_i/u_depc_csr/rdata_q_reg[3] not active when clocks are set on. (D9-1813)
 Warning: Clock input clocked_on of DFF u_ibex_core/cs_registers_i/u_depc_csr/rdata_q_reg[2] not active when clocks are set on. (D9-1814)
 Warning: Clock input clocked_on of DFF u_ibex_core/cs_registers_i/u_depc_csr/rdata_q_reg[1] not active when clocks are set on. (D9-1815)
 Warning: Clock input clocked_on of DFF u_ibex_core/cs_registers_i/u_depc_csr/rdata_q_reg[0] not active when clocks are set on. (D9-1816)
 Warning: Clock input clocked_on of DFF u_ibex_core/cs_registers_i/u_dscratch0_csr/rdata_q_reg[31] not active when clocks are set on. (D9-1817)
 Warning: Clock input clocked_on of DFF u_ibex_core/cs_registers_i/u_dscratch0_csr/rdata_q_reg[30] not active when clocks are set on. (D9-1818)
 Warning: Clock input clocked_on of DFF u_ibex_core/cs_registers_i/u_dscratch0_csr/rdata_q_reg[29] not active when clocks are set on. (D9-1819)
 Warning: Clock input clocked_on of DFF u_ibex_core/cs_registers_i/u_dscratch0_csr/rdata_q_reg[28] not active when clocks are set on. (D9-1820)
 Warning: Clock input clocked_on of DFF u_ibex_core/cs_registers_i/u_dscratch0_csr/rdata_q_reg[27] not active when clocks are set on. (D9-1821)
 Warning: Clock input clocked_on of DFF u_ibex_core/cs_registers_i/u_dscratch0_csr/rdata_q_reg[26] not active when clocks are set on. (D9-1822)
 Warning: Clock input clocked_on of DFF u_ibex_core/cs_registers_i/u_dscratch0_csr/rdata_q_reg[25] not active when clocks are set on. (D9-1823)
 Warning: Clock input clocked_on of DFF u_ibex_core/cs_registers_i/u_dscratch0_csr/rdata_q_reg[24] not active when clocks are set on. (D9-1824)
 Warning: Clock input clocked_on of DFF u_ibex_core/cs_registers_i/u_dscratch0_csr/rdata_q_reg[23] not active when clocks are set on. (D9-1825)
 Warning: Clock input clocked_on of DFF u_ibex_core/cs_registers_i/u_dscratch0_csr/rdata_q_reg[22] not active when clocks are set on. (D9-1826)
 Warning: Clock input clocked_on of DFF u_ibex_core/cs_registers_i/u_dscratch0_csr/rdata_q_reg[21] not active when clocks are set on. (D9-1827)
 Warning: Clock input clocked_on of DFF u_ibex_core/cs_registers_i/u_dscratch0_csr/rdata_q_reg[20] not active when clocks are set on. (D9-1828)
 Warning: Clock input clocked_on of DFF u_ibex_core/cs_registers_i/u_dscratch0_csr/rdata_q_reg[19] not active when clocks are set on. (D9-1829)
 Warning: Clock input clocked_on of DFF u_ibex_core/cs_registers_i/u_dscratch0_csr/rdata_q_reg[18] not active when clocks are set on. (D9-1830)
 Warning: Clock input clocked_on of DFF u_ibex_core/cs_registers_i/u_dscratch0_csr/rdata_q_reg[17] not active when clocks are set on. (D9-1831)
 Warning: Clock input clocked_on of DFF u_ibex_core/cs_registers_i/u_dscratch0_csr/rdata_q_reg[16] not active when clocks are set on. (D9-1832)
 Warning: Clock input clocked_on of DFF u_ibex_core/cs_registers_i/u_dscratch0_csr/rdata_q_reg[15] not active when clocks are set on. (D9-1833)
 Warning: Clock input clocked_on of DFF u_ibex_core/cs_registers_i/u_dscratch0_csr/rdata_q_reg[14] not active when clocks are set on. (D9-1834)
 Warning: Clock input clocked_on of DFF u_ibex_core/cs_registers_i/u_dscratch0_csr/rdata_q_reg[13] not active when clocks are set on. (D9-1835)
 Warning: Clock input clocked_on of DFF u_ibex_core/cs_registers_i/u_dscratch0_csr/rdata_q_reg[12] not active when clocks are set on. (D9-1836)
 Warning: Clock input clocked_on of DFF u_ibex_core/cs_registers_i/u_dscratch0_csr/rdata_q_reg[11] not active when clocks are set on. (D9-1837)
 Warning: Clock input clocked_on of DFF u_ibex_core/cs_registers_i/u_dscratch0_csr/rdata_q_reg[10] not active when clocks are set on. (D9-1838)
 Warning: Clock input clocked_on of DFF u_ibex_core/cs_registers_i/u_dscratch0_csr/rdata_q_reg[9] not active when clocks are set on. (D9-1839)
 Warning: Clock input clocked_on of DFF u_ibex_core/cs_registers_i/u_dscratch0_csr/rdata_q_reg[8] not active when clocks are set on. (D9-1840)
 Warning: Clock input clocked_on of DFF u_ibex_core/cs_registers_i/u_dscratch0_csr/rdata_q_reg[7] not active when clocks are set on. (D9-1841)
 Warning: Clock input clocked_on of DFF u_ibex_core/cs_registers_i/u_dscratch0_csr/rdata_q_reg[6] not active when clocks are set on. (D9-1842)
 Warning: Clock input clocked_on of DFF u_ibex_core/cs_registers_i/u_dscratch0_csr/rdata_q_reg[5] not active when clocks are set on. (D9-1843)
 Warning: Clock input clocked_on of DFF u_ibex_core/cs_registers_i/u_dscratch0_csr/rdata_q_reg[4] not active when clocks are set on. (D9-1844)
 Warning: Clock input clocked_on of DFF u_ibex_core/cs_registers_i/u_dscratch0_csr/rdata_q_reg[3] not active when clocks are set on. (D9-1845)
 Warning: Clock input clocked_on of DFF u_ibex_core/cs_registers_i/u_dscratch0_csr/rdata_q_reg[2] not active when clocks are set on. (D9-1846)
 Warning: Clock input clocked_on of DFF u_ibex_core/cs_registers_i/u_dscratch0_csr/rdata_q_reg[1] not active when clocks are set on. (D9-1847)
 Warning: Clock input clocked_on of DFF u_ibex_core/cs_registers_i/u_dscratch0_csr/rdata_q_reg[0] not active when clocks are set on. (D9-1848)
 Warning: Clock input clocked_on of DFF u_ibex_core/cs_registers_i/u_dscratch1_csr/rdata_q_reg[31] not active when clocks are set on. (D9-1849)
 Warning: Clock input clocked_on of DFF u_ibex_core/cs_registers_i/u_dscratch1_csr/rdata_q_reg[30] not active when clocks are set on. (D9-1850)
 Warning: Clock input clocked_on of DFF u_ibex_core/cs_registers_i/u_dscratch1_csr/rdata_q_reg[29] not active when clocks are set on. (D9-1851)
 Warning: Clock input clocked_on of DFF u_ibex_core/cs_registers_i/u_dscratch1_csr/rdata_q_reg[28] not active when clocks are set on. (D9-1852)
 Warning: Clock input clocked_on of DFF u_ibex_core/cs_registers_i/u_dscratch1_csr/rdata_q_reg[27] not active when clocks are set on. (D9-1853)
 Warning: Clock input clocked_on of DFF u_ibex_core/cs_registers_i/u_dscratch1_csr/rdata_q_reg[26] not active when clocks are set on. (D9-1854)
 Warning: Clock input clocked_on of DFF u_ibex_core/cs_registers_i/u_dscratch1_csr/rdata_q_reg[25] not active when clocks are set on. (D9-1855)
 Warning: Clock input clocked_on of DFF u_ibex_core/cs_registers_i/u_dscratch1_csr/rdata_q_reg[24] not active when clocks are set on. (D9-1856)
 Warning: Clock input clocked_on of DFF u_ibex_core/cs_registers_i/u_dscratch1_csr/rdata_q_reg[23] not active when clocks are set on. (D9-1857)
 Warning: Clock input clocked_on of DFF u_ibex_core/cs_registers_i/u_dscratch1_csr/rdata_q_reg[22] not active when clocks are set on. (D9-1858)
 Warning: Clock input clocked_on of DFF u_ibex_core/cs_registers_i/u_dscratch1_csr/rdata_q_reg[21] not active when clocks are set on. (D9-1859)
 Warning: Clock input clocked_on of DFF u_ibex_core/cs_registers_i/u_dscratch1_csr/rdata_q_reg[20] not active when clocks are set on. (D9-1860)
 Warning: Clock input clocked_on of DFF u_ibex_core/cs_registers_i/u_dscratch1_csr/rdata_q_reg[19] not active when clocks are set on. (D9-1861)
 Warning: Clock input clocked_on of DFF u_ibex_core/cs_registers_i/u_dscratch1_csr/rdata_q_reg[18] not active when clocks are set on. (D9-1862)
 Warning: Clock input clocked_on of DFF u_ibex_core/cs_registers_i/u_dscratch1_csr/rdata_q_reg[17] not active when clocks are set on. (D9-1863)
 Warning: Clock input clocked_on of DFF u_ibex_core/cs_registers_i/u_dscratch1_csr/rdata_q_reg[16] not active when clocks are set on. (D9-1864)
 Warning: Clock input clocked_on of DFF u_ibex_core/cs_registers_i/u_dscratch1_csr/rdata_q_reg[15] not active when clocks are set on. (D9-1865)
 Warning: Clock input clocked_on of DFF u_ibex_core/cs_registers_i/u_dscratch1_csr/rdata_q_reg[14] not active when clocks are set on. (D9-1866)
 Warning: Clock input clocked_on of DFF u_ibex_core/cs_registers_i/u_dscratch1_csr/rdata_q_reg[13] not active when clocks are set on. (D9-1867)
 Warning: Clock input clocked_on of DFF u_ibex_core/cs_registers_i/u_dscratch1_csr/rdata_q_reg[12] not active when clocks are set on. (D9-1868)
 Warning: Clock input clocked_on of DFF u_ibex_core/cs_registers_i/u_dscratch1_csr/rdata_q_reg[11] not active when clocks are set on. (D9-1869)
 Warning: Clock input clocked_on of DFF u_ibex_core/cs_registers_i/u_dscratch1_csr/rdata_q_reg[10] not active when clocks are set on. (D9-1870)
 Warning: Clock input clocked_on of DFF u_ibex_core/cs_registers_i/u_dscratch1_csr/rdata_q_reg[9] not active when clocks are set on. (D9-1871)
 Warning: Clock input clocked_on of DFF u_ibex_core/cs_registers_i/u_dscratch1_csr/rdata_q_reg[8] not active when clocks are set on. (D9-1872)
 Warning: Clock input clocked_on of DFF u_ibex_core/cs_registers_i/u_dscratch1_csr/rdata_q_reg[7] not active when clocks are set on. (D9-1873)
 Warning: Clock input clocked_on of DFF u_ibex_core/cs_registers_i/u_dscratch1_csr/rdata_q_reg[6] not active when clocks are set on. (D9-1874)
 Warning: Clock input clocked_on of DFF u_ibex_core/cs_registers_i/u_dscratch1_csr/rdata_q_reg[5] not active when clocks are set on. (D9-1875)
 Warning: Clock input clocked_on of DFF u_ibex_core/cs_registers_i/u_dscratch1_csr/rdata_q_reg[4] not active when clocks are set on. (D9-1876)
 Warning: Clock input clocked_on of DFF u_ibex_core/cs_registers_i/u_dscratch1_csr/rdata_q_reg[3] not active when clocks are set on. (D9-1877)
 Warning: Clock input clocked_on of DFF u_ibex_core/cs_registers_i/u_dscratch1_csr/rdata_q_reg[2] not active when clocks are set on. (D9-1878)
 Warning: Clock input clocked_on of DFF u_ibex_core/cs_registers_i/u_dscratch1_csr/rdata_q_reg[1] not active when clocks are set on. (D9-1879)
 Warning: Clock input clocked_on of DFF u_ibex_core/cs_registers_i/u_dscratch1_csr/rdata_q_reg[0] not active when clocks are set on. (D9-1880)
 Warning: Clock input clocked_on of DFF u_ibex_core/cs_registers_i/u_mstack_csr/rdata_q_reg[2] not active when clocks are set on. (D9-1881)
 Warning: Clock input clocked_on of DFF u_ibex_core/cs_registers_i/u_mstack_csr/rdata_q_reg[1] not active when clocks are set on. (D9-1882)
 Warning: Clock input clocked_on of DFF u_ibex_core/cs_registers_i/u_mstack_csr/rdata_q_reg[0] not active when clocks are set on. (D9-1883)
 Warning: Clock input clocked_on of DFF u_ibex_core/cs_registers_i/u_mstack_epc_csr/rdata_q_reg[31] not active when clocks are set on. (D9-1884)
 Warning: Clock input clocked_on of DFF u_ibex_core/cs_registers_i/u_mstack_epc_csr/rdata_q_reg[30] not active when clocks are set on. (D9-1885)
 Warning: Clock input clocked_on of DFF u_ibex_core/cs_registers_i/u_mstack_epc_csr/rdata_q_reg[29] not active when clocks are set on. (D9-1886)
 Warning: Clock input clocked_on of DFF u_ibex_core/cs_registers_i/u_mstack_epc_csr/rdata_q_reg[28] not active when clocks are set on. (D9-1887)
 Warning: Clock input clocked_on of DFF u_ibex_core/cs_registers_i/u_mstack_epc_csr/rdata_q_reg[27] not active when clocks are set on. (D9-1888)
 Warning: Clock input clocked_on of DFF u_ibex_core/cs_registers_i/u_mstack_epc_csr/rdata_q_reg[26] not active when clocks are set on. (D9-1889)
 Warning: Clock input clocked_on of DFF u_ibex_core/cs_registers_i/u_mstack_epc_csr/rdata_q_reg[25] not active when clocks are set on. (D9-1890)
 Warning: Clock input clocked_on of DFF u_ibex_core/cs_registers_i/u_mstack_epc_csr/rdata_q_reg[24] not active when clocks are set on. (D9-1891)
 Warning: Clock input clocked_on of DFF u_ibex_core/cs_registers_i/u_mstack_epc_csr/rdata_q_reg[23] not active when clocks are set on. (D9-1892)
 Warning: Clock input clocked_on of DFF u_ibex_core/cs_registers_i/u_mstack_epc_csr/rdata_q_reg[22] not active when clocks are set on. (D9-1893)
 Warning: Clock input clocked_on of DFF u_ibex_core/cs_registers_i/u_mstack_epc_csr/rdata_q_reg[21] not active when clocks are set on. (D9-1894)
 Warning: Clock input clocked_on of DFF u_ibex_core/cs_registers_i/u_mstack_epc_csr/rdata_q_reg[20] not active when clocks are set on. (D9-1895)
 Warning: Clock input clocked_on of DFF u_ibex_core/cs_registers_i/u_mstack_epc_csr/rdata_q_reg[19] not active when clocks are set on. (D9-1896)
 Warning: Clock input clocked_on of DFF u_ibex_core/cs_registers_i/u_mstack_epc_csr/rdata_q_reg[18] not active when clocks are set on. (D9-1897)
 Warning: Clock input clocked_on of DFF u_ibex_core/cs_registers_i/u_mstack_epc_csr/rdata_q_reg[17] not active when clocks are set on. (D9-1898)
 Warning: Clock input clocked_on of DFF u_ibex_core/cs_registers_i/u_mstack_epc_csr/rdata_q_reg[16] not active when clocks are set on. (D9-1899)
 Warning: Clock input clocked_on of DFF u_ibex_core/cs_registers_i/u_mstack_epc_csr/rdata_q_reg[15] not active when clocks are set on. (D9-1900)
 Warning: Clock input clocked_on of DFF u_ibex_core/cs_registers_i/u_mstack_epc_csr/rdata_q_reg[14] not active when clocks are set on. (D9-1901)
 Warning: Clock input clocked_on of DFF u_ibex_core/cs_registers_i/u_mstack_epc_csr/rdata_q_reg[13] not active when clocks are set on. (D9-1902)
 Warning: Clock input clocked_on of DFF u_ibex_core/cs_registers_i/u_mstack_epc_csr/rdata_q_reg[12] not active when clocks are set on. (D9-1903)
 Warning: Clock input clocked_on of DFF u_ibex_core/cs_registers_i/u_mstack_epc_csr/rdata_q_reg[11] not active when clocks are set on. (D9-1904)
 Warning: Clock input clocked_on of DFF u_ibex_core/cs_registers_i/u_mstack_epc_csr/rdata_q_reg[10] not active when clocks are set on. (D9-1905)
 Warning: Clock input clocked_on of DFF u_ibex_core/cs_registers_i/u_mstack_epc_csr/rdata_q_reg[9] not active when clocks are set on. (D9-1906)
 Warning: Clock input clocked_on of DFF u_ibex_core/cs_registers_i/u_mstack_epc_csr/rdata_q_reg[8] not active when clocks are set on. (D9-1907)
 Warning: Clock input clocked_on of DFF u_ibex_core/cs_registers_i/u_mstack_epc_csr/rdata_q_reg[7] not active when clocks are set on. (D9-1908)
 Warning: Clock input clocked_on of DFF u_ibex_core/cs_registers_i/u_mstack_epc_csr/rdata_q_reg[6] not active when clocks are set on. (D9-1909)
 Warning: Clock input clocked_on of DFF u_ibex_core/cs_registers_i/u_mstack_epc_csr/rdata_q_reg[5] not active when clocks are set on. (D9-1910)
 Warning: Clock input clocked_on of DFF u_ibex_core/cs_registers_i/u_mstack_epc_csr/rdata_q_reg[4] not active when clocks are set on. (D9-1911)
 Warning: Clock input clocked_on of DFF u_ibex_core/cs_registers_i/u_mstack_epc_csr/rdata_q_reg[3] not active when clocks are set on. (D9-1912)
 Warning: Clock input clocked_on of DFF u_ibex_core/cs_registers_i/u_mstack_epc_csr/rdata_q_reg[2] not active when clocks are set on. (D9-1913)
 Warning: Clock input clocked_on of DFF u_ibex_core/cs_registers_i/u_mstack_epc_csr/rdata_q_reg[1] not active when clocks are set on. (D9-1914)
 Warning: Clock input clocked_on of DFF u_ibex_core/cs_registers_i/u_mstack_epc_csr/rdata_q_reg[0] not active when clocks are set on. (D9-1915)
 Warning: Clock input clocked_on of DFF u_ibex_core/cs_registers_i/u_mstack_cause_csr/rdata_q_reg[6] not active when clocks are set on. (D9-1916)
 Warning: Clock input clocked_on of DFF u_ibex_core/cs_registers_i/u_mstack_cause_csr/rdata_q_reg[5] not active when clocks are set on. (D9-1917)
 Warning: Clock input clocked_on of DFF u_ibex_core/cs_registers_i/u_mstack_cause_csr/rdata_q_reg[4] not active when clocks are set on. (D9-1918)
 Warning: Clock input clocked_on of DFF u_ibex_core/cs_registers_i/u_mstack_cause_csr/rdata_q_reg[3] not active when clocks are set on. (D9-1919)
 Warning: Clock input clocked_on of DFF u_ibex_core/cs_registers_i/u_mstack_cause_csr/rdata_q_reg[2] not active when clocks are set on. (D9-1920)
 Warning: Clock input clocked_on of DFF u_ibex_core/cs_registers_i/u_mstack_cause_csr/rdata_q_reg[1] not active when clocks are set on. (D9-1921)
 Warning: Clock input clocked_on of DFF u_ibex_core/cs_registers_i/u_mstack_cause_csr/rdata_q_reg[0] not active when clocks are set on. (D9-1922)
 Warning: Clock input clocked_on of DFF u_ibex_core/cs_registers_i/mcycle_counter_i/counter_q_reg[63] not active when clocks are set on. (D9-1923)
 Warning: Clock input clocked_on of DFF u_ibex_core/cs_registers_i/mcycle_counter_i/counter_q_reg[62] not active when clocks are set on. (D9-1924)
 Warning: Clock input clocked_on of DFF u_ibex_core/cs_registers_i/mcycle_counter_i/counter_q_reg[61] not active when clocks are set on. (D9-1925)
 Warning: Clock input clocked_on of DFF u_ibex_core/cs_registers_i/mcycle_counter_i/counter_q_reg[60] not active when clocks are set on. (D9-1926)
 Warning: Clock input clocked_on of DFF u_ibex_core/cs_registers_i/mcycle_counter_i/counter_q_reg[59] not active when clocks are set on. (D9-1927)
 Warning: Clock input clocked_on of DFF u_ibex_core/cs_registers_i/mcycle_counter_i/counter_q_reg[58] not active when clocks are set on. (D9-1928)
 Warning: Clock input clocked_on of DFF u_ibex_core/cs_registers_i/mcycle_counter_i/counter_q_reg[57] not active when clocks are set on. (D9-1929)
 Warning: Clock input clocked_on of DFF u_ibex_core/cs_registers_i/mcycle_counter_i/counter_q_reg[56] not active when clocks are set on. (D9-1930)
 Warning: Clock input clocked_on of DFF u_ibex_core/cs_registers_i/mcycle_counter_i/counter_q_reg[55] not active when clocks are set on. (D9-1931)
 Warning: Clock input clocked_on of DFF u_ibex_core/cs_registers_i/mcycle_counter_i/counter_q_reg[54] not active when clocks are set on. (D9-1932)
 Warning: Clock input clocked_on of DFF u_ibex_core/cs_registers_i/mcycle_counter_i/counter_q_reg[53] not active when clocks are set on. (D9-1933)
 Warning: Clock input clocked_on of DFF u_ibex_core/cs_registers_i/mcycle_counter_i/counter_q_reg[52] not active when clocks are set on. (D9-1934)
 Warning: Clock input clocked_on of DFF u_ibex_core/cs_registers_i/mcycle_counter_i/counter_q_reg[51] not active when clocks are set on. (D9-1935)
 Warning: Clock input clocked_on of DFF u_ibex_core/cs_registers_i/mcycle_counter_i/counter_q_reg[50] not active when clocks are set on. (D9-1936)
 Warning: Clock input clocked_on of DFF u_ibex_core/cs_registers_i/mcycle_counter_i/counter_q_reg[49] not active when clocks are set on. (D9-1937)
 Warning: Clock input clocked_on of DFF u_ibex_core/cs_registers_i/mcycle_counter_i/counter_q_reg[48] not active when clocks are set on. (D9-1938)
 Warning: Clock input clocked_on of DFF u_ibex_core/cs_registers_i/mcycle_counter_i/counter_q_reg[47] not active when clocks are set on. (D9-1939)
 Warning: Clock input clocked_on of DFF u_ibex_core/cs_registers_i/mcycle_counter_i/counter_q_reg[46] not active when clocks are set on. (D9-1940)
 Warning: Clock input clocked_on of DFF u_ibex_core/cs_registers_i/mcycle_counter_i/counter_q_reg[45] not active when clocks are set on. (D9-1941)
 Warning: Clock input clocked_on of DFF u_ibex_core/cs_registers_i/mcycle_counter_i/counter_q_reg[44] not active when clocks are set on. (D9-1942)
 Warning: Clock input clocked_on of DFF u_ibex_core/cs_registers_i/mcycle_counter_i/counter_q_reg[43] not active when clocks are set on. (D9-1943)
 Warning: Clock input clocked_on of DFF u_ibex_core/cs_registers_i/mcycle_counter_i/counter_q_reg[42] not active when clocks are set on. (D9-1944)
 Warning: Clock input clocked_on of DFF u_ibex_core/cs_registers_i/mcycle_counter_i/counter_q_reg[41] not active when clocks are set on. (D9-1945)
 Warning: Clock input clocked_on of DFF u_ibex_core/cs_registers_i/mcycle_counter_i/counter_q_reg[40] not active when clocks are set on. (D9-1946)
 Warning: Clock input clocked_on of DFF u_ibex_core/cs_registers_i/mcycle_counter_i/counter_q_reg[39] not active when clocks are set on. (D9-1947)
 Warning: Clock input clocked_on of DFF u_ibex_core/cs_registers_i/mcycle_counter_i/counter_q_reg[38] not active when clocks are set on. (D9-1948)
 Warning: Clock input clocked_on of DFF u_ibex_core/cs_registers_i/mcycle_counter_i/counter_q_reg[37] not active when clocks are set on. (D9-1949)
 Warning: Clock input clocked_on of DFF u_ibex_core/cs_registers_i/mcycle_counter_i/counter_q_reg[36] not active when clocks are set on. (D9-1950)
 Warning: Clock input clocked_on of DFF u_ibex_core/cs_registers_i/mcycle_counter_i/counter_q_reg[35] not active when clocks are set on. (D9-1951)
 Warning: Clock input clocked_on of DFF u_ibex_core/cs_registers_i/mcycle_counter_i/counter_q_reg[34] not active when clocks are set on. (D9-1952)
 Warning: Clock input clocked_on of DFF u_ibex_core/cs_registers_i/mcycle_counter_i/counter_q_reg[33] not active when clocks are set on. (D9-1953)
 Warning: Clock input clocked_on of DFF u_ibex_core/cs_registers_i/mcycle_counter_i/counter_q_reg[32] not active when clocks are set on. (D9-1954)
 Warning: Clock input clocked_on of DFF u_ibex_core/cs_registers_i/mcycle_counter_i/counter_q_reg[31] not active when clocks are set on. (D9-1955)
 Warning: Clock input clocked_on of DFF u_ibex_core/cs_registers_i/mcycle_counter_i/counter_q_reg[30] not active when clocks are set on. (D9-1956)
 Warning: Clock input clocked_on of DFF u_ibex_core/cs_registers_i/mcycle_counter_i/counter_q_reg[29] not active when clocks are set on. (D9-1957)
 Warning: Clock input clocked_on of DFF u_ibex_core/cs_registers_i/mcycle_counter_i/counter_q_reg[28] not active when clocks are set on. (D9-1958)
 Warning: Clock input clocked_on of DFF u_ibex_core/cs_registers_i/mcycle_counter_i/counter_q_reg[27] not active when clocks are set on. (D9-1959)
 Warning: Clock input clocked_on of DFF u_ibex_core/cs_registers_i/mcycle_counter_i/counter_q_reg[26] not active when clocks are set on. (D9-1960)
 Warning: Clock input clocked_on of DFF u_ibex_core/cs_registers_i/mcycle_counter_i/counter_q_reg[25] not active when clocks are set on. (D9-1961)
 Warning: Clock input clocked_on of DFF u_ibex_core/cs_registers_i/mcycle_counter_i/counter_q_reg[24] not active when clocks are set on. (D9-1962)
 Warning: Clock input clocked_on of DFF u_ibex_core/cs_registers_i/mcycle_counter_i/counter_q_reg[23] not active when clocks are set on. (D9-1963)
 Warning: Clock input clocked_on of DFF u_ibex_core/cs_registers_i/mcycle_counter_i/counter_q_reg[22] not active when clocks are set on. (D9-1964)
 Warning: Clock input clocked_on of DFF u_ibex_core/cs_registers_i/mcycle_counter_i/counter_q_reg[21] not active when clocks are set on. (D9-1965)
 Warning: Clock input clocked_on of DFF u_ibex_core/cs_registers_i/mcycle_counter_i/counter_q_reg[20] not active when clocks are set on. (D9-1966)
 Warning: Clock input clocked_on of DFF u_ibex_core/cs_registers_i/mcycle_counter_i/counter_q_reg[19] not active when clocks are set on. (D9-1967)
 Warning: Clock input clocked_on of DFF u_ibex_core/cs_registers_i/mcycle_counter_i/counter_q_reg[18] not active when clocks are set on. (D9-1968)
 Warning: Clock input clocked_on of DFF u_ibex_core/cs_registers_i/mcycle_counter_i/counter_q_reg[17] not active when clocks are set on. (D9-1969)
 Warning: Clock input clocked_on of DFF u_ibex_core/cs_registers_i/mcycle_counter_i/counter_q_reg[16] not active when clocks are set on. (D9-1970)
 Warning: Clock input clocked_on of DFF u_ibex_core/cs_registers_i/mcycle_counter_i/counter_q_reg[15] not active when clocks are set on. (D9-1971)
 Warning: Clock input clocked_on of DFF u_ibex_core/cs_registers_i/mcycle_counter_i/counter_q_reg[14] not active when clocks are set on. (D9-1972)
 Warning: Clock input clocked_on of DFF u_ibex_core/cs_registers_i/mcycle_counter_i/counter_q_reg[13] not active when clocks are set on. (D9-1973)
 Warning: Clock input clocked_on of DFF u_ibex_core/cs_registers_i/mcycle_counter_i/counter_q_reg[12] not active when clocks are set on. (D9-1974)
 Warning: Clock input clocked_on of DFF u_ibex_core/cs_registers_i/mcycle_counter_i/counter_q_reg[11] not active when clocks are set on. (D9-1975)
 Warning: Clock input clocked_on of DFF u_ibex_core/cs_registers_i/mcycle_counter_i/counter_q_reg[10] not active when clocks are set on. (D9-1976)
 Warning: Clock input clocked_on of DFF u_ibex_core/cs_registers_i/mcycle_counter_i/counter_q_reg[9] not active when clocks are set on. (D9-1977)
 Warning: Clock input clocked_on of DFF u_ibex_core/cs_registers_i/mcycle_counter_i/counter_q_reg[8] not active when clocks are set on. (D9-1978)
 Warning: Clock input clocked_on of DFF u_ibex_core/cs_registers_i/mcycle_counter_i/counter_q_reg[7] not active when clocks are set on. (D9-1979)
 Warning: Clock input clocked_on of DFF u_ibex_core/cs_registers_i/mcycle_counter_i/counter_q_reg[6] not active when clocks are set on. (D9-1980)
 Warning: Clock input clocked_on of DFF u_ibex_core/cs_registers_i/mcycle_counter_i/counter_q_reg[5] not active when clocks are set on. (D9-1981)
 Warning: Clock input clocked_on of DFF u_ibex_core/cs_registers_i/mcycle_counter_i/counter_q_reg[4] not active when clocks are set on. (D9-1982)
 Warning: Clock input clocked_on of DFF u_ibex_core/cs_registers_i/mcycle_counter_i/counter_q_reg[3] not active when clocks are set on. (D9-1983)
 Warning: Clock input clocked_on of DFF u_ibex_core/cs_registers_i/mcycle_counter_i/counter_q_reg[2] not active when clocks are set on. (D9-1984)
 Warning: Clock input clocked_on of DFF u_ibex_core/cs_registers_i/mcycle_counter_i/counter_q_reg[1] not active when clocks are set on. (D9-1985)
 Warning: Clock input clocked_on of DFF u_ibex_core/cs_registers_i/mcycle_counter_i/counter_q_reg[0] not active when clocks are set on. (D9-1986)
 Warning: Clock input clocked_on of DFF u_ibex_core/cs_registers_i/minstret_counter_i/counter_q_reg[63] not active when clocks are set on. (D9-1987)
 Warning: Clock input clocked_on of DFF u_ibex_core/cs_registers_i/minstret_counter_i/counter_q_reg[62] not active when clocks are set on. (D9-1988)
 Warning: Clock input clocked_on of DFF u_ibex_core/cs_registers_i/minstret_counter_i/counter_q_reg[61] not active when clocks are set on. (D9-1989)
 Warning: Clock input clocked_on of DFF u_ibex_core/cs_registers_i/minstret_counter_i/counter_q_reg[60] not active when clocks are set on. (D9-1990)
 Warning: Clock input clocked_on of DFF u_ibex_core/cs_registers_i/minstret_counter_i/counter_q_reg[59] not active when clocks are set on. (D9-1991)
 Warning: Clock input clocked_on of DFF u_ibex_core/cs_registers_i/minstret_counter_i/counter_q_reg[58] not active when clocks are set on. (D9-1992)
 Warning: Clock input clocked_on of DFF u_ibex_core/cs_registers_i/minstret_counter_i/counter_q_reg[57] not active when clocks are set on. (D9-1993)
 Warning: Clock input clocked_on of DFF u_ibex_core/cs_registers_i/minstret_counter_i/counter_q_reg[56] not active when clocks are set on. (D9-1994)
 Warning: Clock input clocked_on of DFF u_ibex_core/cs_registers_i/minstret_counter_i/counter_q_reg[55] not active when clocks are set on. (D9-1995)
 Warning: Clock input clocked_on of DFF u_ibex_core/cs_registers_i/minstret_counter_i/counter_q_reg[54] not active when clocks are set on. (D9-1996)
 Warning: Clock input clocked_on of DFF u_ibex_core/cs_registers_i/minstret_counter_i/counter_q_reg[53] not active when clocks are set on. (D9-1997)
 Warning: Clock input clocked_on of DFF u_ibex_core/cs_registers_i/minstret_counter_i/counter_q_reg[52] not active when clocks are set on. (D9-1998)
 Warning: Clock input clocked_on of DFF u_ibex_core/cs_registers_i/minstret_counter_i/counter_q_reg[51] not active when clocks are set on. (D9-1999)
 Warning: Clock input clocked_on of DFF u_ibex_core/cs_registers_i/minstret_counter_i/counter_q_reg[50] not active when clocks are set on. (D9-2000)
 Warning: Clock input clocked_on of DFF u_ibex_core/cs_registers_i/minstret_counter_i/counter_q_reg[49] not active when clocks are set on. (D9-2001)
 Warning: Clock input clocked_on of DFF u_ibex_core/cs_registers_i/minstret_counter_i/counter_q_reg[48] not active when clocks are set on. (D9-2002)
 Warning: Clock input clocked_on of DFF u_ibex_core/cs_registers_i/minstret_counter_i/counter_q_reg[47] not active when clocks are set on. (D9-2003)
 Warning: Clock input clocked_on of DFF u_ibex_core/cs_registers_i/minstret_counter_i/counter_q_reg[46] not active when clocks are set on. (D9-2004)
 Warning: Clock input clocked_on of DFF u_ibex_core/cs_registers_i/minstret_counter_i/counter_q_reg[45] not active when clocks are set on. (D9-2005)
 Warning: Clock input clocked_on of DFF u_ibex_core/cs_registers_i/minstret_counter_i/counter_q_reg[44] not active when clocks are set on. (D9-2006)
 Warning: Clock input clocked_on of DFF u_ibex_core/cs_registers_i/minstret_counter_i/counter_q_reg[43] not active when clocks are set on. (D9-2007)
 Warning: Clock input clocked_on of DFF u_ibex_core/cs_registers_i/minstret_counter_i/counter_q_reg[42] not active when clocks are set on. (D9-2008)
 Warning: Clock input clocked_on of DFF u_ibex_core/cs_registers_i/minstret_counter_i/counter_q_reg[41] not active when clocks are set on. (D9-2009)
 Warning: Clock input clocked_on of DFF u_ibex_core/cs_registers_i/minstret_counter_i/counter_q_reg[40] not active when clocks are set on. (D9-2010)
 Warning: Clock input clocked_on of DFF u_ibex_core/cs_registers_i/minstret_counter_i/counter_q_reg[39] not active when clocks are set on. (D9-2011)
 Warning: Clock input clocked_on of DFF u_ibex_core/cs_registers_i/minstret_counter_i/counter_q_reg[38] not active when clocks are set on. (D9-2012)
 Warning: Clock input clocked_on of DFF u_ibex_core/cs_registers_i/minstret_counter_i/counter_q_reg[37] not active when clocks are set on. (D9-2013)
 Warning: Clock input clocked_on of DFF u_ibex_core/cs_registers_i/minstret_counter_i/counter_q_reg[36] not active when clocks are set on. (D9-2014)
 Warning: Clock input clocked_on of DFF u_ibex_core/cs_registers_i/minstret_counter_i/counter_q_reg[35] not active when clocks are set on. (D9-2015)
 Warning: Clock input clocked_on of DFF u_ibex_core/cs_registers_i/minstret_counter_i/counter_q_reg[34] not active when clocks are set on. (D9-2016)
 Warning: Clock input clocked_on of DFF u_ibex_core/cs_registers_i/minstret_counter_i/counter_q_reg[33] not active when clocks are set on. (D9-2017)
 Warning: Clock input clocked_on of DFF u_ibex_core/cs_registers_i/minstret_counter_i/counter_q_reg[32] not active when clocks are set on. (D9-2018)
 Warning: Clock input clocked_on of DFF u_ibex_core/cs_registers_i/minstret_counter_i/counter_q_reg[31] not active when clocks are set on. (D9-2019)
 Warning: Clock input clocked_on of DFF u_ibex_core/cs_registers_i/minstret_counter_i/counter_q_reg[30] not active when clocks are set on. (D9-2020)
 Warning: Clock input clocked_on of DFF u_ibex_core/cs_registers_i/minstret_counter_i/counter_q_reg[29] not active when clocks are set on. (D9-2021)
 Warning: Clock input clocked_on of DFF u_ibex_core/cs_registers_i/minstret_counter_i/counter_q_reg[28] not active when clocks are set on. (D9-2022)
 Warning: Clock input clocked_on of DFF u_ibex_core/cs_registers_i/minstret_counter_i/counter_q_reg[27] not active when clocks are set on. (D9-2023)
 Warning: Clock input clocked_on of DFF u_ibex_core/cs_registers_i/minstret_counter_i/counter_q_reg[26] not active when clocks are set on. (D9-2024)
 Warning: Clock input clocked_on of DFF u_ibex_core/cs_registers_i/minstret_counter_i/counter_q_reg[25] not active when clocks are set on. (D9-2025)
 Warning: Clock input clocked_on of DFF u_ibex_core/cs_registers_i/minstret_counter_i/counter_q_reg[24] not active when clocks are set on. (D9-2026)
 Warning: Clock input clocked_on of DFF u_ibex_core/cs_registers_i/minstret_counter_i/counter_q_reg[23] not active when clocks are set on. (D9-2027)
 Warning: Clock input clocked_on of DFF u_ibex_core/cs_registers_i/minstret_counter_i/counter_q_reg[22] not active when clocks are set on. (D9-2028)
 Warning: Clock input clocked_on of DFF u_ibex_core/cs_registers_i/minstret_counter_i/counter_q_reg[21] not active when clocks are set on. (D9-2029)
 Warning: Clock input clocked_on of DFF u_ibex_core/cs_registers_i/minstret_counter_i/counter_q_reg[20] not active when clocks are set on. (D9-2030)
 Warning: Clock input clocked_on of DFF u_ibex_core/cs_registers_i/minstret_counter_i/counter_q_reg[19] not active when clocks are set on. (D9-2031)
 Warning: Clock input clocked_on of DFF u_ibex_core/cs_registers_i/minstret_counter_i/counter_q_reg[18] not active when clocks are set on. (D9-2032)
 Warning: Clock input clocked_on of DFF u_ibex_core/cs_registers_i/minstret_counter_i/counter_q_reg[17] not active when clocks are set on. (D9-2033)
 Warning: Clock input clocked_on of DFF u_ibex_core/cs_registers_i/minstret_counter_i/counter_q_reg[16] not active when clocks are set on. (D9-2034)
 Warning: Clock input clocked_on of DFF u_ibex_core/cs_registers_i/minstret_counter_i/counter_q_reg[15] not active when clocks are set on. (D9-2035)
 Warning: Clock input clocked_on of DFF u_ibex_core/cs_registers_i/minstret_counter_i/counter_q_reg[14] not active when clocks are set on. (D9-2036)
 Warning: Clock input clocked_on of DFF u_ibex_core/cs_registers_i/minstret_counter_i/counter_q_reg[13] not active when clocks are set on. (D9-2037)
 Warning: Clock input clocked_on of DFF u_ibex_core/cs_registers_i/minstret_counter_i/counter_q_reg[12] not active when clocks are set on. (D9-2038)
 Warning: Clock input clocked_on of DFF u_ibex_core/cs_registers_i/minstret_counter_i/counter_q_reg[11] not active when clocks are set on. (D9-2039)
 Warning: Clock input clocked_on of DFF u_ibex_core/cs_registers_i/minstret_counter_i/counter_q_reg[10] not active when clocks are set on. (D9-2040)
 Warning: Clock input clocked_on of DFF u_ibex_core/cs_registers_i/minstret_counter_i/counter_q_reg[9] not active when clocks are set on. (D9-2041)
 Warning: Clock input clocked_on of DFF u_ibex_core/cs_registers_i/minstret_counter_i/counter_q_reg[8] not active when clocks are set on. (D9-2042)
 Warning: Clock input clocked_on of DFF u_ibex_core/cs_registers_i/minstret_counter_i/counter_q_reg[7] not active when clocks are set on. (D9-2043)
 Warning: Clock input clocked_on of DFF u_ibex_core/cs_registers_i/minstret_counter_i/counter_q_reg[6] not active when clocks are set on. (D9-2044)
 Warning: Clock input clocked_on of DFF u_ibex_core/cs_registers_i/minstret_counter_i/counter_q_reg[5] not active when clocks are set on. (D9-2045)
 Warning: Clock input clocked_on of DFF u_ibex_core/cs_registers_i/minstret_counter_i/counter_q_reg[4] not active when clocks are set on. (D9-2046)
 Warning: Clock input clocked_on of DFF u_ibex_core/cs_registers_i/minstret_counter_i/counter_q_reg[3] not active when clocks are set on. (D9-2047)
 Warning: Clock input clocked_on of DFF u_ibex_core/cs_registers_i/minstret_counter_i/counter_q_reg[2] not active when clocks are set on. (D9-2048)
 Warning: Clock input clocked_on of DFF u_ibex_core/cs_registers_i/minstret_counter_i/counter_q_reg[1] not active when clocks are set on. (D9-2049)
 Warning: Clock input clocked_on of DFF u_ibex_core/cs_registers_i/minstret_counter_i/counter_q_reg[0] not active when clocks are set on. (D9-2050)
 Warning: Clock input clocked_on of DFF u_ibex_core/cs_registers_i/u_cpuctrlsts_part_csr/rdata_q_reg[7] not active when clocks are set on. (D9-2051)
 Warning: Clock input clocked_on of DFF u_ibex_core/cs_registers_i/u_cpuctrlsts_part_csr/rdata_q_reg[6] not active when clocks are set on. (D9-2052)
 Warning: Clock input clocked_on of DFF u_ibex_core/cs_registers_i/u_cpuctrlsts_part_csr/rdata_q_reg[5] not active when clocks are set on. (D9-2053)
 Warning: Clock input clocked_on of DFF u_ibex_core/cs_registers_i/u_cpuctrlsts_part_csr/rdata_q_reg[4] not active when clocks are set on. (D9-2054)
 Warning: Clock input clocked_on of DFF u_ibex_core/cs_registers_i/u_cpuctrlsts_part_csr/rdata_q_reg[3] not active when clocks are set on. (D9-2055)
 Warning: Clock input clocked_on of DFF u_ibex_core/cs_registers_i/u_cpuctrlsts_part_csr/rdata_q_reg[2] not active when clocks are set on. (D9-2056)
 Warning: Clock input clocked_on of DFF u_ibex_core/cs_registers_i/u_cpuctrlsts_part_csr/rdata_q_reg[1] not active when clocks are set on. (D9-2057)
 Warning: Clock input clocked_on of DFF u_ibex_core/cs_registers_i/u_cpuctrlsts_part_csr/rdata_q_reg[0] not active when clocks are set on. (D9-2058)

Pre-DFT violations completed...
-----------------------------------------------------------------

-----------------------------------------------------------------
  DRC Report

  Total violations: 2058

-----------------------------------------------------------------

2058 PRE-DFT VIOLATIONS
  2058 Clock_port not active when clocks set to on violations (D9)


Warning: Violations occurred during test design rule checking. (TEST-124)
Information: Test design rule checking completed. (TEST-123)
Warning: The current design contains unmapped components. The output netlist might not be read back into the system. (TEST-268)
1
