Information: Performing power optimization. (PWR-850)
Information: Choosing a test methodology will restrict the optimization of sequential cells. (UIO-12)
Information: Evaluating DesignWare library utilization. (UISN-27)

============================================================================
| DesignWare Building Block Library  |         Version         | Available |
============================================================================
| Basic DW Building Blocks           | O-2018.06-DWBB_201806.1 |     *     |
| Licensed DW Building Blocks        |                         |     *     |
============================================================================

Warning: Dont_touch on net 'u_ibex_core/cs_registers_i/minstret_next[0]' may be overridden by compile because it
	is connected to generic logic. Use all_connected to see net
	connections. (OPT-461)
Warning: Dont_touch on net 'u_ibex_core/cs_registers_i/minstret_next[1]' may be overridden by compile because it
	is connected to generic logic. Use all_connected to see net
	connections. (OPT-461)
Warning: Dont_touch on net 'u_ibex_core/cs_registers_i/minstret_next[2]' may be overridden by compile because it
	is connected to generic logic. Use all_connected to see net
	connections. (OPT-461)
Warning: Dont_touch on net 'u_ibex_core/cs_registers_i/minstret_next[3]' may be overridden by compile because it
	is connected to generic logic. Use all_connected to see net
	connections. (OPT-461)
Warning: Dont_touch on net 'u_ibex_core/cs_registers_i/minstret_next[4]' may be overridden by compile because it
	is connected to generic logic. Use all_connected to see net
	connections. (OPT-461)
Warning: Dont_touch on net 'u_ibex_core/cs_registers_i/minstret_next[5]' may be overridden by compile because it
	is connected to generic logic. Use all_connected to see net
	connections. (OPT-461)
Warning: Dont_touch on net 'u_ibex_core/cs_registers_i/minstret_next[6]' may be overridden by compile because it
	is connected to generic logic. Use all_connected to see net
	connections. (OPT-461)
Warning: Dont_touch on net 'u_ibex_core/cs_registers_i/minstret_next[7]' may be overridden by compile because it
	is connected to generic logic. Use all_connected to see net
	connections. (OPT-461)
Warning: Dont_touch on net 'u_ibex_core/cs_registers_i/minstret_next[8]' may be overridden by compile because it
	is connected to generic logic. Use all_connected to see net
	connections. (OPT-461)
Warning: Dont_touch on net 'u_ibex_core/cs_registers_i/minstret_next[9]' may be overridden by compile because it
	is connected to generic logic. Use all_connected to see net
	connections. (OPT-461)
Warning: Dont_touch on net 'u_ibex_core/cs_registers_i/minstret_next[10]' may be overridden by compile because it
	is connected to generic logic. Use all_connected to see net
	connections. (OPT-461)
Warning: Dont_touch on net 'u_ibex_core/cs_registers_i/minstret_next[11]' may be overridden by compile because it
	is connected to generic logic. Use all_connected to see net
	connections. (OPT-461)
Warning: Dont_touch on net 'u_ibex_core/cs_registers_i/minstret_next[12]' may be overridden by compile because it
	is connected to generic logic. Use all_connected to see net
	connections. (OPT-461)
Warning: Dont_touch on net 'u_ibex_core/cs_registers_i/minstret_next[13]' may be overridden by compile because it
	is connected to generic logic. Use all_connected to see net
	connections. (OPT-461)
Warning: Dont_touch on net 'u_ibex_core/cs_registers_i/minstret_next[14]' may be overridden by compile because it
	is connected to generic logic. Use all_connected to see net
	connections. (OPT-461)
Warning: Dont_touch on net 'u_ibex_core/cs_registers_i/minstret_next[15]' may be overridden by compile because it
	is connected to generic logic. Use all_connected to see net
	connections. (OPT-461)
Warning: Dont_touch on net 'u_ibex_core/cs_registers_i/minstret_next[16]' may be overridden by compile because it
	is connected to generic logic. Use all_connected to see net
	connections. (OPT-461)
Warning: Dont_touch on net 'u_ibex_core/cs_registers_i/minstret_next[17]' may be overridden by compile because it
	is connected to generic logic. Use all_connected to see net
	connections. (OPT-461)
Warning: Dont_touch on net 'u_ibex_core/cs_registers_i/minstret_next[18]' may be overridden by compile because it
	is connected to generic logic. Use all_connected to see net
	connections. (OPT-461)
Warning: Dont_touch on net 'u_ibex_core/cs_registers_i/minstret_next[19]' may be overridden by compile because it
	is connected to generic logic. Use all_connected to see net
	connections. (OPT-461)
Warning: Dont_touch on net 'u_ibex_core/cs_registers_i/minstret_next[20]' may be overridden by compile because it
	is connected to generic logic. Use all_connected to see net
	connections. (OPT-461)
Warning: Dont_touch on net 'u_ibex_core/cs_registers_i/minstret_next[21]' may be overridden by compile because it
	is connected to generic logic. Use all_connected to see net
	connections. (OPT-461)
Warning: Dont_touch on net 'u_ibex_core/cs_registers_i/minstret_next[22]' may be overridden by compile because it
	is connected to generic logic. Use all_connected to see net
	connections. (OPT-461)
Warning: Dont_touch on net 'u_ibex_core/cs_registers_i/minstret_next[23]' may be overridden by compile because it
	is connected to generic logic. Use all_connected to see net
	connections. (OPT-461)
Warning: Dont_touch on net 'u_ibex_core/cs_registers_i/minstret_next[24]' may be overridden by compile because it
	is connected to generic logic. Use all_connected to see net
	connections. (OPT-461)
Warning: Dont_touch on net 'u_ibex_core/cs_registers_i/minstret_next[25]' may be overridden by compile because it
	is connected to generic logic. Use all_connected to see net
	connections. (OPT-461)
Warning: Dont_touch on net 'u_ibex_core/cs_registers_i/minstret_next[26]' may be overridden by compile because it
	is connected to generic logic. Use all_connected to see net
	connections. (OPT-461)
Warning: Dont_touch on net 'u_ibex_core/cs_registers_i/minstret_next[27]' may be overridden by compile because it
	is connected to generic logic. Use all_connected to see net
	connections. (OPT-461)
Warning: Dont_touch on net 'u_ibex_core/cs_registers_i/minstret_next[28]' may be overridden by compile because it
	is connected to generic logic. Use all_connected to see net
	connections. (OPT-461)
Warning: Dont_touch on net 'u_ibex_core/cs_registers_i/minstret_next[29]' may be overridden by compile because it
	is connected to generic logic. Use all_connected to see net
	connections. (OPT-461)
Warning: Dont_touch on net 'u_ibex_core/cs_registers_i/minstret_next[30]' may be overridden by compile because it
	is connected to generic logic. Use all_connected to see net
	connections. (OPT-461)
Warning: Dont_touch on net 'u_ibex_core/cs_registers_i/minstret_next[31]' may be overridden by compile because it
	is connected to generic logic. Use all_connected to see net
	connections. (OPT-461)
Warning: Dont_touch on net 'u_ibex_core/cs_registers_i/minstret_next[32]' may be overridden by compile because it
	is connected to generic logic. Use all_connected to see net
	connections. (OPT-461)
Warning: Dont_touch on net 'u_ibex_core/cs_registers_i/minstret_next[33]' may be overridden by compile because it
	is connected to generic logic. Use all_connected to see net
	connections. (OPT-461)
Warning: Dont_touch on net 'u_ibex_core/cs_registers_i/minstret_next[34]' may be overridden by compile because it
	is connected to generic logic. Use all_connected to see net
	connections. (OPT-461)
Warning: Dont_touch on net 'u_ibex_core/cs_registers_i/minstret_next[35]' may be overridden by compile because it
	is connected to generic logic. Use all_connected to see net
	connections. (OPT-461)
Warning: Dont_touch on net 'u_ibex_core/cs_registers_i/minstret_next[36]' may be overridden by compile because it
	is connected to generic logic. Use all_connected to see net
	connections. (OPT-461)
Warning: Dont_touch on net 'u_ibex_core/cs_registers_i/minstret_next[37]' may be overridden by compile because it
	is connected to generic logic. Use all_connected to see net
	connections. (OPT-461)
Warning: Dont_touch on net 'u_ibex_core/cs_registers_i/minstret_next[38]' may be overridden by compile because it
	is connected to generic logic. Use all_connected to see net
	connections. (OPT-461)
Warning: Dont_touch on net 'u_ibex_core/cs_registers_i/minstret_next[39]' may be overridden by compile because it
	is connected to generic logic. Use all_connected to see net
	connections. (OPT-461)
Warning: Dont_touch on net 'u_ibex_core/cs_registers_i/minstret_next[40]' may be overridden by compile because it
	is connected to generic logic. Use all_connected to see net
	connections. (OPT-461)
Warning: Dont_touch on net 'u_ibex_core/cs_registers_i/minstret_next[41]' may be overridden by compile because it
	is connected to generic logic. Use all_connected to see net
	connections. (OPT-461)
Warning: Dont_touch on net 'u_ibex_core/cs_registers_i/minstret_next[42]' may be overridden by compile because it
	is connected to generic logic. Use all_connected to see net
	connections. (OPT-461)
Warning: Dont_touch on net 'u_ibex_core/cs_registers_i/minstret_next[43]' may be overridden by compile because it
	is connected to generic logic. Use all_connected to see net
	connections. (OPT-461)
Warning: Dont_touch on net 'u_ibex_core/cs_registers_i/minstret_next[44]' may be overridden by compile because it
	is connected to generic logic. Use all_connected to see net
	connections. (OPT-461)
Warning: Dont_touch on net 'u_ibex_core/cs_registers_i/minstret_next[45]' may be overridden by compile because it
	is connected to generic logic. Use all_connected to see net
	connections. (OPT-461)
Warning: Dont_touch on net 'u_ibex_core/cs_registers_i/minstret_next[46]' may be overridden by compile because it
	is connected to generic logic. Use all_connected to see net
	connections. (OPT-461)
Warning: Dont_touch on net 'u_ibex_core/cs_registers_i/minstret_next[47]' may be overridden by compile because it
	is connected to generic logic. Use all_connected to see net
	connections. (OPT-461)
Warning: Dont_touch on net 'u_ibex_core/cs_registers_i/minstret_next[48]' may be overridden by compile because it
	is connected to generic logic. Use all_connected to see net
	connections. (OPT-461)
Warning: Dont_touch on net 'u_ibex_core/cs_registers_i/minstret_next[49]' may be overridden by compile because it
	is connected to generic logic. Use all_connected to see net
	connections. (OPT-461)
Warning: Dont_touch on net 'u_ibex_core/cs_registers_i/minstret_next[50]' may be overridden by compile because it
	is connected to generic logic. Use all_connected to see net
	connections. (OPT-461)
Warning: Dont_touch on net 'u_ibex_core/cs_registers_i/minstret_next[51]' may be overridden by compile because it
	is connected to generic logic. Use all_connected to see net
	connections. (OPT-461)
Warning: Dont_touch on net 'u_ibex_core/cs_registers_i/minstret_next[52]' may be overridden by compile because it
	is connected to generic logic. Use all_connected to see net
	connections. (OPT-461)
Warning: Dont_touch on net 'u_ibex_core/cs_registers_i/minstret_next[53]' may be overridden by compile because it
	is connected to generic logic. Use all_connected to see net
	connections. (OPT-461)
Warning: Dont_touch on net 'u_ibex_core/cs_registers_i/minstret_next[54]' may be overridden by compile because it
	is connected to generic logic. Use all_connected to see net
	connections. (OPT-461)
Warning: Dont_touch on net 'u_ibex_core/cs_registers_i/minstret_next[55]' may be overridden by compile because it
	is connected to generic logic. Use all_connected to see net
	connections. (OPT-461)
Warning: Dont_touch on net 'u_ibex_core/cs_registers_i/minstret_next[56]' may be overridden by compile because it
	is connected to generic logic. Use all_connected to see net
	connections. (OPT-461)
Warning: Dont_touch on net 'u_ibex_core/cs_registers_i/minstret_next[57]' may be overridden by compile because it
	is connected to generic logic. Use all_connected to see net
	connections. (OPT-461)
Warning: Dont_touch on net 'u_ibex_core/cs_registers_i/minstret_next[58]' may be overridden by compile because it
	is connected to generic logic. Use all_connected to see net
	connections. (OPT-461)
Warning: Dont_touch on net 'u_ibex_core/cs_registers_i/minstret_next[59]' may be overridden by compile because it
	is connected to generic logic. Use all_connected to see net
	connections. (OPT-461)
Warning: Dont_touch on net 'u_ibex_core/cs_registers_i/minstret_next[60]' may be overridden by compile because it
	is connected to generic logic. Use all_connected to see net
	connections. (OPT-461)
Warning: Dont_touch on net 'u_ibex_core/cs_registers_i/minstret_next[61]' may be overridden by compile because it
	is connected to generic logic. Use all_connected to see net
	connections. (OPT-461)
Warning: Dont_touch on net 'u_ibex_core/cs_registers_i/minstret_next[62]' may be overridden by compile because it
	is connected to generic logic. Use all_connected to see net
	connections. (OPT-461)
Warning: Dont_touch on net 'u_ibex_core/cs_registers_i/minstret_next[63]' may be overridden by compile because it
	is connected to generic logic. Use all_connected to see net
	connections. (OPT-461)
Warning: Dont_touch on net 'u_ibex_core/cs_registers_i/minstret_raw[0]' may be overridden by compile because it
	is connected to generic logic. Use all_connected to see net
	connections. (OPT-461)
Warning: Dont_touch on net 'u_ibex_core/cs_registers_i/minstret_raw[1]' may be overridden by compile because it
	is connected to generic logic. Use all_connected to see net
	connections. (OPT-461)
Warning: Dont_touch on net 'u_ibex_core/cs_registers_i/minstret_raw[2]' may be overridden by compile because it
	is connected to generic logic. Use all_connected to see net
	connections. (OPT-461)
Warning: Dont_touch on net 'u_ibex_core/cs_registers_i/minstret_raw[3]' may be overridden by compile because it
	is connected to generic logic. Use all_connected to see net
	connections. (OPT-461)
Warning: Dont_touch on net 'u_ibex_core/cs_registers_i/minstret_raw[4]' may be overridden by compile because it
	is connected to generic logic. Use all_connected to see net
	connections. (OPT-461)
Warning: Dont_touch on net 'u_ibex_core/cs_registers_i/minstret_raw[5]' may be overridden by compile because it
	is connected to generic logic. Use all_connected to see net
	connections. (OPT-461)
Warning: Dont_touch on net 'u_ibex_core/cs_registers_i/minstret_raw[6]' may be overridden by compile because it
	is connected to generic logic. Use all_connected to see net
	connections. (OPT-461)
Warning: Dont_touch on net 'u_ibex_core/cs_registers_i/minstret_raw[7]' may be overridden by compile because it
	is connected to generic logic. Use all_connected to see net
	connections. (OPT-461)
Warning: Dont_touch on net 'u_ibex_core/cs_registers_i/minstret_raw[8]' may be overridden by compile because it
	is connected to generic logic. Use all_connected to see net
	connections. (OPT-461)
Warning: Dont_touch on net 'u_ibex_core/cs_registers_i/minstret_raw[9]' may be overridden by compile because it
	is connected to generic logic. Use all_connected to see net
	connections. (OPT-461)
Warning: Dont_touch on net 'u_ibex_core/cs_registers_i/minstret_raw[10]' may be overridden by compile because it
	is connected to generic logic. Use all_connected to see net
	connections. (OPT-461)
Warning: Dont_touch on net 'u_ibex_core/cs_registers_i/minstret_raw[11]' may be overridden by compile because it
	is connected to generic logic. Use all_connected to see net
	connections. (OPT-461)
Warning: Dont_touch on net 'u_ibex_core/cs_registers_i/minstret_raw[12]' may be overridden by compile because it
	is connected to generic logic. Use all_connected to see net
	connections. (OPT-461)
Warning: Dont_touch on net 'u_ibex_core/cs_registers_i/minstret_raw[13]' may be overridden by compile because it
	is connected to generic logic. Use all_connected to see net
	connections. (OPT-461)
Warning: Dont_touch on net 'u_ibex_core/cs_registers_i/minstret_raw[14]' may be overridden by compile because it
	is connected to generic logic. Use all_connected to see net
	connections. (OPT-461)
Warning: Dont_touch on net 'u_ibex_core/cs_registers_i/minstret_raw[15]' may be overridden by compile because it
	is connected to generic logic. Use all_connected to see net
	connections. (OPT-461)
Warning: Dont_touch on net 'u_ibex_core/cs_registers_i/minstret_raw[16]' may be overridden by compile because it
	is connected to generic logic. Use all_connected to see net
	connections. (OPT-461)
Warning: Dont_touch on net 'u_ibex_core/cs_registers_i/minstret_raw[17]' may be overridden by compile because it
	is connected to generic logic. Use all_connected to see net
	connections. (OPT-461)
Warning: Dont_touch on net 'u_ibex_core/cs_registers_i/minstret_raw[18]' may be overridden by compile because it
	is connected to generic logic. Use all_connected to see net
	connections. (OPT-461)
Warning: Dont_touch on net 'u_ibex_core/cs_registers_i/minstret_raw[19]' may be overridden by compile because it
	is connected to generic logic. Use all_connected to see net
	connections. (OPT-461)
Warning: Dont_touch on net 'u_ibex_core/cs_registers_i/minstret_raw[20]' may be overridden by compile because it
	is connected to generic logic. Use all_connected to see net
	connections. (OPT-461)
Warning: Dont_touch on net 'u_ibex_core/cs_registers_i/minstret_raw[21]' may be overridden by compile because it
	is connected to generic logic. Use all_connected to see net
	connections. (OPT-461)
Warning: Dont_touch on net 'u_ibex_core/cs_registers_i/minstret_raw[22]' may be overridden by compile because it
	is connected to generic logic. Use all_connected to see net
	connections. (OPT-461)
Warning: Dont_touch on net 'u_ibex_core/cs_registers_i/minstret_raw[23]' may be overridden by compile because it
	is connected to generic logic. Use all_connected to see net
	connections. (OPT-461)
Warning: Dont_touch on net 'u_ibex_core/cs_registers_i/minstret_raw[24]' may be overridden by compile because it
	is connected to generic logic. Use all_connected to see net
	connections. (OPT-461)
Warning: Dont_touch on net 'u_ibex_core/cs_registers_i/minstret_raw[25]' may be overridden by compile because it
	is connected to generic logic. Use all_connected to see net
	connections. (OPT-461)
Warning: Dont_touch on net 'u_ibex_core/cs_registers_i/minstret_raw[26]' may be overridden by compile because it
	is connected to generic logic. Use all_connected to see net
	connections. (OPT-461)
Warning: Dont_touch on net 'u_ibex_core/cs_registers_i/minstret_raw[27]' may be overridden by compile because it
	is connected to generic logic. Use all_connected to see net
	connections. (OPT-461)
Warning: Dont_touch on net 'u_ibex_core/cs_registers_i/minstret_raw[28]' may be overridden by compile because it
	is connected to generic logic. Use all_connected to see net
	connections. (OPT-461)
Warning: Dont_touch on net 'u_ibex_core/cs_registers_i/minstret_raw[29]' may be overridden by compile because it
	is connected to generic logic. Use all_connected to see net
	connections. (OPT-461)
Warning: Dont_touch on net 'u_ibex_core/cs_registers_i/minstret_raw[30]' may be overridden by compile because it
	is connected to generic logic. Use all_connected to see net
	connections. (OPT-461)
Warning: Dont_touch on net 'u_ibex_core/cs_registers_i/minstret_raw[31]' may be overridden by compile because it
	is connected to generic logic. Use all_connected to see net
	connections. (OPT-461)
Warning: Dont_touch on net 'u_ibex_core/cs_registers_i/minstret_raw[32]' may be overridden by compile because it
	is connected to generic logic. Use all_connected to see net
	connections. (OPT-461)
Warning: Dont_touch on net 'u_ibex_core/cs_registers_i/minstret_raw[33]' may be overridden by compile because it
	is connected to generic logic. Use all_connected to see net
	connections. (OPT-461)
Warning: Dont_touch on net 'u_ibex_core/cs_registers_i/minstret_raw[34]' may be overridden by compile because it
	is connected to generic logic. Use all_connected to see net
	connections. (OPT-461)
Warning: Dont_touch on net 'u_ibex_core/cs_registers_i/minstret_raw[35]' may be overridden by compile because it
	is connected to generic logic. Use all_connected to see net
	connections. (OPT-461)
Warning: Dont_touch on net 'u_ibex_core/cs_registers_i/minstret_raw[36]' may be overridden by compile because it
	is connected to generic logic. Use all_connected to see net
	connections. (OPT-461)
Warning: Dont_touch on net 'u_ibex_core/cs_registers_i/minstret_raw[37]' may be overridden by compile because it
	is connected to generic logic. Use all_connected to see net
	connections. (OPT-461)
Warning: Dont_touch on net 'u_ibex_core/cs_registers_i/minstret_raw[38]' may be overridden by compile because it
	is connected to generic logic. Use all_connected to see net
	connections. (OPT-461)
Warning: Dont_touch on net 'u_ibex_core/cs_registers_i/minstret_raw[39]' may be overridden by compile because it
	is connected to generic logic. Use all_connected to see net
	connections. (OPT-461)
Warning: Dont_touch on net 'u_ibex_core/cs_registers_i/minstret_raw[40]' may be overridden by compile because it
	is connected to generic logic. Use all_connected to see net
	connections. (OPT-461)
Warning: Dont_touch on net 'u_ibex_core/cs_registers_i/minstret_raw[41]' may be overridden by compile because it
	is connected to generic logic. Use all_connected to see net
	connections. (OPT-461)
Warning: Dont_touch on net 'u_ibex_core/cs_registers_i/minstret_raw[42]' may be overridden by compile because it
	is connected to generic logic. Use all_connected to see net
	connections. (OPT-461)
Warning: Dont_touch on net 'u_ibex_core/cs_registers_i/minstret_raw[43]' may be overridden by compile because it
	is connected to generic logic. Use all_connected to see net
	connections. (OPT-461)
Warning: Dont_touch on net 'u_ibex_core/cs_registers_i/minstret_raw[44]' may be overridden by compile because it
	is connected to generic logic. Use all_connected to see net
	connections. (OPT-461)
Warning: Dont_touch on net 'u_ibex_core/cs_registers_i/minstret_raw[45]' may be overridden by compile because it
	is connected to generic logic. Use all_connected to see net
	connections. (OPT-461)
Warning: Dont_touch on net 'u_ibex_core/cs_registers_i/minstret_raw[46]' may be overridden by compile because it
	is connected to generic logic. Use all_connected to see net
	connections. (OPT-461)
Warning: Dont_touch on net 'u_ibex_core/cs_registers_i/minstret_raw[47]' may be overridden by compile because it
	is connected to generic logic. Use all_connected to see net
	connections. (OPT-461)
Warning: Dont_touch on net 'u_ibex_core/cs_registers_i/minstret_raw[48]' may be overridden by compile because it
	is connected to generic logic. Use all_connected to see net
	connections. (OPT-461)
Warning: Dont_touch on net 'u_ibex_core/cs_registers_i/minstret_raw[49]' may be overridden by compile because it
	is connected to generic logic. Use all_connected to see net
	connections. (OPT-461)
Warning: Dont_touch on net 'u_ibex_core/cs_registers_i/minstret_raw[50]' may be overridden by compile because it
	is connected to generic logic. Use all_connected to see net
	connections. (OPT-461)
Warning: Dont_touch on net 'u_ibex_core/cs_registers_i/minstret_raw[51]' may be overridden by compile because it
	is connected to generic logic. Use all_connected to see net
	connections. (OPT-461)
Warning: Dont_touch on net 'u_ibex_core/cs_registers_i/minstret_raw[52]' may be overridden by compile because it
	is connected to generic logic. Use all_connected to see net
	connections. (OPT-461)
Warning: Dont_touch on net 'u_ibex_core/cs_registers_i/minstret_raw[53]' may be overridden by compile because it
	is connected to generic logic. Use all_connected to see net
	connections. (OPT-461)
Warning: Dont_touch on net 'u_ibex_core/cs_registers_i/minstret_raw[54]' may be overridden by compile because it
	is connected to generic logic. Use all_connected to see net
	connections. (OPT-461)
Warning: Dont_touch on net 'u_ibex_core/cs_registers_i/minstret_raw[55]' may be overridden by compile because it
	is connected to generic logic. Use all_connected to see net
	connections. (OPT-461)
Warning: Dont_touch on net 'u_ibex_core/cs_registers_i/minstret_raw[56]' may be overridden by compile because it
	is connected to generic logic. Use all_connected to see net
	connections. (OPT-461)
Warning: Dont_touch on net 'u_ibex_core/cs_registers_i/minstret_raw[57]' may be overridden by compile because it
	is connected to generic logic. Use all_connected to see net
	connections. (OPT-461)
Warning: Dont_touch on net 'u_ibex_core/cs_registers_i/minstret_raw[58]' may be overridden by compile because it
	is connected to generic logic. Use all_connected to see net
	connections. (OPT-461)
Warning: Dont_touch on net 'u_ibex_core/cs_registers_i/minstret_raw[59]' may be overridden by compile because it
	is connected to generic logic. Use all_connected to see net
	connections. (OPT-461)
Warning: Dont_touch on net 'u_ibex_core/cs_registers_i/minstret_raw[60]' may be overridden by compile because it
	is connected to generic logic. Use all_connected to see net
	connections. (OPT-461)
Warning: Dont_touch on net 'u_ibex_core/cs_registers_i/minstret_raw[61]' may be overridden by compile because it
	is connected to generic logic. Use all_connected to see net
	connections. (OPT-461)
Warning: Dont_touch on net 'u_ibex_core/cs_registers_i/minstret_raw[62]' may be overridden by compile because it
	is connected to generic logic. Use all_connected to see net
	connections. (OPT-461)
Warning: Dont_touch on net 'u_ibex_core/cs_registers_i/minstret_raw[63]' may be overridden by compile because it
	is connected to generic logic. Use all_connected to see net
	connections. (OPT-461)
Warning: Dont_touch on net 'u_ibex_core/cs_registers_i/mcountinhibit_d[0]' may be overridden by compile because it
	is connected to generic logic. Use all_connected to see net
	connections. (OPT-461)
Warning: Dont_touch on net 'u_ibex_core/cs_registers_i/mcountinhibit_d[2]' may be overridden by compile because it
	is connected to generic logic. Use all_connected to see net
	connections. (OPT-461)
Warning: Dont_touch on net 'u_ibex_core/cs_registers_i/mstack_cause_q[lower_cause][0]' may be overridden by compile because it
	is connected to generic logic. Use all_connected to see net
	connections. (OPT-461)
Warning: Dont_touch on net 'u_ibex_core/cs_registers_i/mstack_cause_q[lower_cause][1]' may be overridden by compile because it
	is connected to generic logic. Use all_connected to see net
	connections. (OPT-461)
Warning: Dont_touch on net 'u_ibex_core/cs_registers_i/mstack_cause_q[lower_cause][2]' may be overridden by compile because it
	is connected to generic logic. Use all_connected to see net
	connections. (OPT-461)
Warning: Dont_touch on net 'u_ibex_core/cs_registers_i/mstack_cause_q[lower_cause][3]' may be overridden by compile because it
	is connected to generic logic. Use all_connected to see net
	connections. (OPT-461)
Warning: Dont_touch on net 'u_ibex_core/cs_registers_i/mstack_cause_q[lower_cause][4]' may be overridden by compile because it
	is connected to generic logic. Use all_connected to see net
	connections. (OPT-461)
Warning: Dont_touch on net 'u_ibex_core/cs_registers_i/mstack_cause_q[irq_ext]' may be overridden by compile because it
	is connected to generic logic. Use all_connected to see net
	connections. (OPT-461)
Warning: Dont_touch on net 'u_ibex_core/cs_registers_i/mstack_cause_q[irq_int]' may be overridden by compile because it
	is connected to generic logic. Use all_connected to see net
	connections. (OPT-461)
Warning: Dont_touch on net 'u_ibex_core/cs_registers_i/mstack_epc_q[0]' may be overridden by compile because it
	is connected to generic logic. Use all_connected to see net
	connections. (OPT-461)
Warning: Dont_touch on net 'u_ibex_core/cs_registers_i/mstack_epc_q[1]' may be overridden by compile because it
	is connected to generic logic. Use all_connected to see net
	connections. (OPT-461)
Warning: Dont_touch on net 'u_ibex_core/cs_registers_i/mstack_epc_q[2]' may be overridden by compile because it
	is connected to generic logic. Use all_connected to see net
	connections. (OPT-461)
Warning: Dont_touch on net 'u_ibex_core/cs_registers_i/mstack_epc_q[3]' may be overridden by compile because it
	is connected to generic logic. Use all_connected to see net
	connections. (OPT-461)
Warning: Dont_touch on net 'u_ibex_core/cs_registers_i/mstack_epc_q[4]' may be overridden by compile because it
	is connected to generic logic. Use all_connected to see net
	connections. (OPT-461)
Warning: Dont_touch on net 'u_ibex_core/cs_registers_i/mstack_epc_q[5]' may be overridden by compile because it
	is connected to generic logic. Use all_connected to see net
	connections. (OPT-461)
Warning: Dont_touch on net 'u_ibex_core/cs_registers_i/mstack_epc_q[6]' may be overridden by compile because it
	is connected to generic logic. Use all_connected to see net
	connections. (OPT-461)
Warning: Dont_touch on net 'u_ibex_core/cs_registers_i/mstack_epc_q[7]' may be overridden by compile because it
	is connected to generic logic. Use all_connected to see net
	connections. (OPT-461)
Warning: Dont_touch on net 'u_ibex_core/cs_registers_i/mstack_epc_q[8]' may be overridden by compile because it
	is connected to generic logic. Use all_connected to see net
	connections. (OPT-461)
Warning: Dont_touch on net 'u_ibex_core/cs_registers_i/mstack_epc_q[9]' may be overridden by compile because it
	is connected to generic logic. Use all_connected to see net
	connections. (OPT-461)
Warning: Dont_touch on net 'u_ibex_core/cs_registers_i/mstack_epc_q[10]' may be overridden by compile because it
	is connected to generic logic. Use all_connected to see net
	connections. (OPT-461)
Warning: Dont_touch on net 'u_ibex_core/cs_registers_i/mstack_epc_q[11]' may be overridden by compile because it
	is connected to generic logic. Use all_connected to see net
	connections. (OPT-461)
Warning: Dont_touch on net 'u_ibex_core/cs_registers_i/mstack_epc_q[12]' may be overridden by compile because it
	is connected to generic logic. Use all_connected to see net
	connections. (OPT-461)
Warning: Dont_touch on net 'u_ibex_core/cs_registers_i/mstack_epc_q[13]' may be overridden by compile because it
	is connected to generic logic. Use all_connected to see net
	connections. (OPT-461)
Warning: Dont_touch on net 'u_ibex_core/cs_registers_i/mstack_epc_q[14]' may be overridden by compile because it
	is connected to generic logic. Use all_connected to see net
	connections. (OPT-461)
Warning: Dont_touch on net 'u_ibex_core/cs_registers_i/mstack_epc_q[15]' may be overridden by compile because it
	is connected to generic logic. Use all_connected to see net
	connections. (OPT-461)
Warning: Dont_touch on net 'u_ibex_core/cs_registers_i/mstack_epc_q[16]' may be overridden by compile because it
	is connected to generic logic. Use all_connected to see net
	connections. (OPT-461)
Warning: Dont_touch on net 'u_ibex_core/cs_registers_i/mstack_epc_q[17]' may be overridden by compile because it
	is connected to generic logic. Use all_connected to see net
	connections. (OPT-461)
Warning: Dont_touch on net 'u_ibex_core/cs_registers_i/mstack_epc_q[18]' may be overridden by compile because it
	is connected to generic logic. Use all_connected to see net
	connections. (OPT-461)
Warning: Dont_touch on net 'u_ibex_core/cs_registers_i/mstack_epc_q[19]' may be overridden by compile because it
	is connected to generic logic. Use all_connected to see net
	connections. (OPT-461)
Warning: Dont_touch on net 'u_ibex_core/cs_registers_i/mstack_epc_q[20]' may be overridden by compile because it
	is connected to generic logic. Use all_connected to see net
	connections. (OPT-461)
Warning: Dont_touch on net 'u_ibex_core/cs_registers_i/mstack_epc_q[21]' may be overridden by compile because it
	is connected to generic logic. Use all_connected to see net
	connections. (OPT-461)
Warning: Dont_touch on net 'u_ibex_core/cs_registers_i/mstack_epc_q[22]' may be overridden by compile because it
	is connected to generic logic. Use all_connected to see net
	connections. (OPT-461)
Warning: Dont_touch on net 'u_ibex_core/cs_registers_i/mstack_epc_q[23]' may be overridden by compile because it
	is connected to generic logic. Use all_connected to see net
	connections. (OPT-461)
Warning: Dont_touch on net 'u_ibex_core/cs_registers_i/mstack_epc_q[24]' may be overridden by compile because it
	is connected to generic logic. Use all_connected to see net
	connections. (OPT-461)
Warning: Dont_touch on net 'u_ibex_core/cs_registers_i/mstack_epc_q[25]' may be overridden by compile because it
	is connected to generic logic. Use all_connected to see net
	connections. (OPT-461)
Warning: Dont_touch on net 'u_ibex_core/cs_registers_i/mstack_epc_q[26]' may be overridden by compile because it
	is connected to generic logic. Use all_connected to see net
	connections. (OPT-461)
Warning: Dont_touch on net 'u_ibex_core/cs_registers_i/mstack_epc_q[27]' may be overridden by compile because it
	is connected to generic logic. Use all_connected to see net
	connections. (OPT-461)
Warning: Dont_touch on net 'u_ibex_core/cs_registers_i/mstack_epc_q[28]' may be overridden by compile because it
	is connected to generic logic. Use all_connected to see net
	connections. (OPT-461)
Warning: Dont_touch on net 'u_ibex_core/cs_registers_i/mstack_epc_q[29]' may be overridden by compile because it
	is connected to generic logic. Use all_connected to see net
	connections. (OPT-461)
Warning: Dont_touch on net 'u_ibex_core/cs_registers_i/mstack_epc_q[30]' may be overridden by compile because it
	is connected to generic logic. Use all_connected to see net
	connections. (OPT-461)
Warning: Dont_touch on net 'u_ibex_core/cs_registers_i/mstack_epc_q[31]' may be overridden by compile because it
	is connected to generic logic. Use all_connected to see net
	connections. (OPT-461)
Warning: Dont_touch on net 'u_ibex_core/cs_registers_i/mstack_q[mpp][0]' may be overridden by compile because it
	is connected to generic logic. Use all_connected to see net
	connections. (OPT-461)
Warning: Dont_touch on net 'u_ibex_core/cs_registers_i/mstack_q[mpp][1]' may be overridden by compile because it
	is connected to generic logic. Use all_connected to see net
	connections. (OPT-461)
Warning: Dont_touch on net 'u_ibex_core/cs_registers_i/mstack_q[mpie]' may be overridden by compile because it
	is connected to generic logic. Use all_connected to see net
	connections. (OPT-461)
Warning: Dont_touch on net 'u_ibex_core/cs_registers_i/cpuctrlsts_part_d[sync_exc_seen]' may be overridden by compile because it
	is connected to generic logic. Use all_connected to see net
	connections. (OPT-461)
Warning: Dont_touch on net 'u_ibex_core/cs_registers_i/cpuctrlsts_part_d[double_fault_seen]' may be overridden by compile because it
	is connected to generic logic. Use all_connected to see net
	connections. (OPT-461)
Warning: Dont_touch on net 'u_ibex_core/cs_registers_i/cpuctrlsts_part_we' may be overridden by compile because it
	is connected to generic logic. Use all_connected to see net
	connections. (OPT-461)
Warning: Dont_touch on net 'u_ibex_core/cs_registers_i/mhpmcounterh_we_0' may be overridden by compile because it
	is connected to generic logic. Use all_connected to see net
	connections. (OPT-461)
Warning: Dont_touch on net 'u_ibex_core/cs_registers_i/mhpmcounterh_we[2]' may be overridden by compile because it
	is connected to generic logic. Use all_connected to see net
	connections. (OPT-461)
Warning: Dont_touch on net 'u_ibex_core/cs_registers_i/mhpmcounter_we_0' may be overridden by compile because it
	is connected to generic logic. Use all_connected to see net
	connections. (OPT-461)
Warning: Dont_touch on net 'u_ibex_core/cs_registers_i/mhpmcounter_we[2]' may be overridden by compile because it
	is connected to generic logic. Use all_connected to see net
	connections. (OPT-461)
Warning: Dont_touch on net 'u_ibex_core/cs_registers_i/mstack_cause_d[lower_cause][0]' may be overridden by compile because it
	is connected to generic logic. Use all_connected to see net
	connections. (OPT-461)
Warning: Dont_touch on net 'u_ibex_core/cs_registers_i/mstack_cause_d[lower_cause][1]' may be overridden by compile because it
	is connected to generic logic. Use all_connected to see net
	connections. (OPT-461)
Warning: Dont_touch on net 'u_ibex_core/cs_registers_i/mstack_cause_d[lower_cause][2]' may be overridden by compile because it
	is connected to generic logic. Use all_connected to see net
	connections. (OPT-461)
Warning: Dont_touch on net 'u_ibex_core/cs_registers_i/mstack_cause_d[lower_cause][3]' may be overridden by compile because it
	is connected to generic logic. Use all_connected to see net
	connections. (OPT-461)
Warning: Dont_touch on net 'u_ibex_core/cs_registers_i/mstack_cause_d[lower_cause][4]' may be overridden by compile because it
	is connected to generic logic. Use all_connected to see net
	connections. (OPT-461)
Warning: Dont_touch on net 'u_ibex_core/cs_registers_i/mstack_d[mpp][0]' may be overridden by compile because it
	is connected to generic logic. Use all_connected to see net
	connections. (OPT-461)
Warning: Dont_touch on net 'u_ibex_core/cs_registers_i/mstack_d[mpp][1]' may be overridden by compile because it
	is connected to generic logic. Use all_connected to see net
	connections. (OPT-461)
Warning: Dont_touch on net 'u_ibex_core/cs_registers_i/mstack_d[mpie]' may be overridden by compile because it
	is connected to generic logic. Use all_connected to see net
	connections. (OPT-461)
Warning: Dont_touch on net 'u_ibex_core/cs_registers_i/mstack_en' may be overridden by compile because it
	is connected to generic logic. Use all_connected to see net
	connections. (OPT-461)
Warning: Dont_touch on net 'u_ibex_core/cs_registers_i/dscratch1_en' may be overridden by compile because it
	is connected to generic logic. Use all_connected to see net
	connections. (OPT-461)
Warning: Dont_touch on net 'u_ibex_core/cs_registers_i/dscratch0_en' may be overridden by compile because it
	is connected to generic logic. Use all_connected to see net
	connections. (OPT-461)
Warning: Dont_touch on net 'u_ibex_core/cs_registers_i/depc_en' may be overridden by compile because it
	is connected to generic logic. Use all_connected to see net
	connections. (OPT-461)
Warning: Dont_touch on net 'u_ibex_core/cs_registers_i/depc_d[0]' may be overridden by compile because it
	is connected to generic logic. Use all_connected to see net
	connections. (OPT-461)
Warning: Dont_touch on net 'u_ibex_core/cs_registers_i/depc_d[1]' may be overridden by compile because it
	is connected to generic logic. Use all_connected to see net
	connections. (OPT-461)
Warning: Dont_touch on net 'u_ibex_core/cs_registers_i/depc_d[2]' may be overridden by compile because it
	is connected to generic logic. Use all_connected to see net
	connections. (OPT-461)
Warning: Dont_touch on net 'u_ibex_core/cs_registers_i/depc_d[3]' may be overridden by compile because it
	is connected to generic logic. Use all_connected to see net
	connections. (OPT-461)
Warning: Dont_touch on net 'u_ibex_core/cs_registers_i/depc_d[4]' may be overridden by compile because it
	is connected to generic logic. Use all_connected to see net
	connections. (OPT-461)
Warning: Dont_touch on net 'u_ibex_core/cs_registers_i/depc_d[5]' may be overridden by compile because it
	is connected to generic logic. Use all_connected to see net
	connections. (OPT-461)
Warning: Dont_touch on net 'u_ibex_core/cs_registers_i/depc_d[6]' may be overridden by compile because it
	is connected to generic logic. Use all_connected to see net
	connections. (OPT-461)
Warning: Dont_touch on net 'u_ibex_core/cs_registers_i/depc_d[7]' may be overridden by compile because it
	is connected to generic logic. Use all_connected to see net
	connections. (OPT-461)
Warning: Dont_touch on net 'u_ibex_core/cs_registers_i/depc_d[8]' may be overridden by compile because it
	is connected to generic logic. Use all_connected to see net
	connections. (OPT-461)
Warning: Dont_touch on net 'u_ibex_core/cs_registers_i/depc_d[9]' may be overridden by compile because it
	is connected to generic logic. Use all_connected to see net
	connections. (OPT-461)
Warning: Dont_touch on net 'u_ibex_core/cs_registers_i/depc_d[10]' may be overridden by compile because it
	is connected to generic logic. Use all_connected to see net
	connections. (OPT-461)
Warning: Dont_touch on net 'u_ibex_core/cs_registers_i/depc_d[11]' may be overridden by compile because it
	is connected to generic logic. Use all_connected to see net
	connections. (OPT-461)
Warning: Dont_touch on net 'u_ibex_core/cs_registers_i/depc_d[12]' may be overridden by compile because it
	is connected to generic logic. Use all_connected to see net
	connections. (OPT-461)
Warning: Dont_touch on net 'u_ibex_core/cs_registers_i/depc_d[13]' may be overridden by compile because it
	is connected to generic logic. Use all_connected to see net
	connections. (OPT-461)
Warning: Dont_touch on net 'u_ibex_core/cs_registers_i/depc_d[14]' may be overridden by compile because it
	is connected to generic logic. Use all_connected to see net
	connections. (OPT-461)
Warning: Dont_touch on net 'u_ibex_core/cs_registers_i/depc_d[15]' may be overridden by compile because it
	is connected to generic logic. Use all_connected to see net
	connections. (OPT-461)
Warning: Dont_touch on net 'u_ibex_core/cs_registers_i/depc_d[16]' may be overridden by compile because it
	is connected to generic logic. Use all_connected to see net
	connections. (OPT-461)
Warning: Dont_touch on net 'u_ibex_core/cs_registers_i/depc_d[17]' may be overridden by compile because it
	is connected to generic logic. Use all_connected to see net
	connections. (OPT-461)
Warning: Dont_touch on net 'u_ibex_core/cs_registers_i/depc_d[18]' may be overridden by compile because it
	is connected to generic logic. Use all_connected to see net
	connections. (OPT-461)
Warning: Dont_touch on net 'u_ibex_core/cs_registers_i/depc_d[19]' may be overridden by compile because it
	is connected to generic logic. Use all_connected to see net
	connections. (OPT-461)
Warning: Dont_touch on net 'u_ibex_core/cs_registers_i/depc_d[20]' may be overridden by compile because it
	is connected to generic logic. Use all_connected to see net
	connections. (OPT-461)
Warning: Dont_touch on net 'u_ibex_core/cs_registers_i/depc_d[21]' may be overridden by compile because it
	is connected to generic logic. Use all_connected to see net
	connections. (OPT-461)
Warning: Dont_touch on net 'u_ibex_core/cs_registers_i/depc_d[22]' may be overridden by compile because it
	is connected to generic logic. Use all_connected to see net
	connections. (OPT-461)
Warning: Dont_touch on net 'u_ibex_core/cs_registers_i/depc_d[23]' may be overridden by compile because it
	is connected to generic logic. Use all_connected to see net
	connections. (OPT-461)
Warning: Dont_touch on net 'u_ibex_core/cs_registers_i/depc_d[24]' may be overridden by compile because it
	is connected to generic logic. Use all_connected to see net
	connections. (OPT-461)
Warning: Dont_touch on net 'u_ibex_core/cs_registers_i/depc_d[25]' may be overridden by compile because it
	is connected to generic logic. Use all_connected to see net
	connections. (OPT-461)
Warning: Dont_touch on net 'u_ibex_core/cs_registers_i/depc_d[26]' may be overridden by compile because it
	is connected to generic logic. Use all_connected to see net
	connections. (OPT-461)
Warning: Dont_touch on net 'u_ibex_core/cs_registers_i/depc_d[27]' may be overridden by compile because it
	is connected to generic logic. Use all_connected to see net
	connections. (OPT-461)
Warning: Dont_touch on net 'u_ibex_core/cs_registers_i/depc_d[28]' may be overridden by compile because it
	is connected to generic logic. Use all_connected to see net
	connections. (OPT-461)
Warning: Dont_touch on net 'u_ibex_core/cs_registers_i/depc_d[29]' may be overridden by compile because it
	is connected to generic logic. Use all_connected to see net
	connections. (OPT-461)
Warning: Dont_touch on net 'u_ibex_core/cs_registers_i/depc_d[30]' may be overridden by compile because it
	is connected to generic logic. Use all_connected to see net
	connections. (OPT-461)
Warning: Dont_touch on net 'u_ibex_core/cs_registers_i/depc_d[31]' may be overridden by compile because it
	is connected to generic logic. Use all_connected to see net
	connections. (OPT-461)
Warning: Dont_touch on net 'u_ibex_core/cs_registers_i/dcsr_d[prv][0]' may be overridden by compile because it
	is connected to generic logic. Use all_connected to see net
	connections. (OPT-461)
Warning: Dont_touch on net 'u_ibex_core/cs_registers_i/dcsr_d[prv][1]' may be overridden by compile because it
	is connected to generic logic. Use all_connected to see net
	connections. (OPT-461)
Warning: Dont_touch on net 'u_ibex_core/cs_registers_i/dcsr_d[cause][0]' may be overridden by compile because it
	is connected to generic logic. Use all_connected to see net
	connections. (OPT-461)
Warning: Dont_touch on net 'u_ibex_core/cs_registers_i/dcsr_d[cause][1]' may be overridden by compile because it
	is connected to generic logic. Use all_connected to see net
	connections. (OPT-461)
Warning: Dont_touch on net 'u_ibex_core/cs_registers_i/dcsr_d[cause][2]' may be overridden by compile because it
	is connected to generic logic. Use all_connected to see net
	connections. (OPT-461)
Warning: Dont_touch on net 'u_ibex_core/cs_registers_i/dcsr_en' may be overridden by compile because it
	is connected to generic logic. Use all_connected to see net
	connections. (OPT-461)
Warning: Dont_touch on net 'u_ibex_core/cs_registers_i/mtvec_d[8]' may be overridden by compile because it
	is connected to generic logic. Use all_connected to see net
	connections. (OPT-461)
Warning: Dont_touch on net 'u_ibex_core/cs_registers_i/mtvec_d[9]' may be overridden by compile because it
	is connected to generic logic. Use all_connected to see net
	connections. (OPT-461)
Warning: Dont_touch on net 'u_ibex_core/cs_registers_i/mtvec_d[10]' may be overridden by compile because it
	is connected to generic logic. Use all_connected to see net
	connections. (OPT-461)
Warning: Dont_touch on net 'u_ibex_core/cs_registers_i/mtvec_d[11]' may be overridden by compile because it
	is connected to generic logic. Use all_connected to see net
	connections. (OPT-461)
Warning: Dont_touch on net 'u_ibex_core/cs_registers_i/mtvec_d[12]' may be overridden by compile because it
	is connected to generic logic. Use all_connected to see net
	connections. (OPT-461)
Warning: Dont_touch on net 'u_ibex_core/cs_registers_i/mtvec_d[13]' may be overridden by compile because it
	is connected to generic logic. Use all_connected to see net
	connections. (OPT-461)
Warning: Dont_touch on net 'u_ibex_core/cs_registers_i/mtvec_d[14]' may be overridden by compile because it
	is connected to generic logic. Use all_connected to see net
	connections. (OPT-461)
Warning: Dont_touch on net 'u_ibex_core/cs_registers_i/mtvec_d[15]' may be overridden by compile because it
	is connected to generic logic. Use all_connected to see net
	connections. (OPT-461)
Warning: Dont_touch on net 'u_ibex_core/cs_registers_i/mtvec_d[16]' may be overridden by compile because it
	is connected to generic logic. Use all_connected to see net
	connections. (OPT-461)
Warning: Dont_touch on net 'u_ibex_core/cs_registers_i/mtvec_d[17]' may be overridden by compile because it
	is connected to generic logic. Use all_connected to see net
	connections. (OPT-461)
Warning: Dont_touch on net 'u_ibex_core/cs_registers_i/mtvec_d[18]' may be overridden by compile because it
	is connected to generic logic. Use all_connected to see net
	connections. (OPT-461)
Warning: Dont_touch on net 'u_ibex_core/cs_registers_i/mtvec_d[19]' may be overridden by compile because it
	is connected to generic logic. Use all_connected to see net
	connections. (OPT-461)
Warning: Dont_touch on net 'u_ibex_core/cs_registers_i/mtvec_d[20]' may be overridden by compile because it
	is connected to generic logic. Use all_connected to see net
	connections. (OPT-461)
Warning: Dont_touch on net 'u_ibex_core/cs_registers_i/mtvec_d[21]' may be overridden by compile because it
	is connected to generic logic. Use all_connected to see net
	connections. (OPT-461)
Warning: Dont_touch on net 'u_ibex_core/cs_registers_i/mtvec_d[22]' may be overridden by compile because it
	is connected to generic logic. Use all_connected to see net
	connections. (OPT-461)
Warning: Dont_touch on net 'u_ibex_core/cs_registers_i/mtvec_d[23]' may be overridden by compile because it
	is connected to generic logic. Use all_connected to see net
	connections. (OPT-461)
Warning: Dont_touch on net 'u_ibex_core/cs_registers_i/mtvec_d[24]' may be overridden by compile because it
	is connected to generic logic. Use all_connected to see net
	connections. (OPT-461)
Warning: Dont_touch on net 'u_ibex_core/cs_registers_i/mtvec_d[25]' may be overridden by compile because it
	is connected to generic logic. Use all_connected to see net
	connections. (OPT-461)
Warning: Dont_touch on net 'u_ibex_core/cs_registers_i/mtvec_d[26]' may be overridden by compile because it
	is connected to generic logic. Use all_connected to see net
	connections. (OPT-461)
Warning: Dont_touch on net 'u_ibex_core/cs_registers_i/mtvec_d[27]' may be overridden by compile because it
	is connected to generic logic. Use all_connected to see net
	connections. (OPT-461)
Warning: Dont_touch on net 'u_ibex_core/cs_registers_i/mtvec_d[28]' may be overridden by compile because it
	is connected to generic logic. Use all_connected to see net
	connections. (OPT-461)
Warning: Dont_touch on net 'u_ibex_core/cs_registers_i/mtvec_d[29]' may be overridden by compile because it
	is connected to generic logic. Use all_connected to see net
	connections. (OPT-461)
Warning: Dont_touch on net 'u_ibex_core/cs_registers_i/mtvec_d[30]' may be overridden by compile because it
	is connected to generic logic. Use all_connected to see net
	connections. (OPT-461)
Warning: Dont_touch on net 'u_ibex_core/cs_registers_i/mtvec_d[31]' may be overridden by compile because it
	is connected to generic logic. Use all_connected to see net
	connections. (OPT-461)
Warning: Dont_touch on net 'u_ibex_core/cs_registers_i/mtvec_en' may be overridden by compile because it
	is connected to generic logic. Use all_connected to see net
	connections. (OPT-461)
Warning: Dont_touch on net 'u_ibex_core/cs_registers_i/mtval_d[0]' may be overridden by compile because it
	is connected to generic logic. Use all_connected to see net
	connections. (OPT-461)
Warning: Dont_touch on net 'u_ibex_core/cs_registers_i/mtval_d[1]' may be overridden by compile because it
	is connected to generic logic. Use all_connected to see net
	connections. (OPT-461)
Warning: Dont_touch on net 'u_ibex_core/cs_registers_i/mtval_d[2]' may be overridden by compile because it
	is connected to generic logic. Use all_connected to see net
	connections. (OPT-461)
Warning: Dont_touch on net 'u_ibex_core/cs_registers_i/mtval_d[3]' may be overridden by compile because it
	is connected to generic logic. Use all_connected to see net
	connections. (OPT-461)
Warning: Dont_touch on net 'u_ibex_core/cs_registers_i/mtval_d[4]' may be overridden by compile because it
	is connected to generic logic. Use all_connected to see net
	connections. (OPT-461)
Warning: Dont_touch on net 'u_ibex_core/cs_registers_i/mtval_d[5]' may be overridden by compile because it
	is connected to generic logic. Use all_connected to see net
	connections. (OPT-461)
Warning: Dont_touch on net 'u_ibex_core/cs_registers_i/mtval_d[6]' may be overridden by compile because it
	is connected to generic logic. Use all_connected to see net
	connections. (OPT-461)
Warning: Dont_touch on net 'u_ibex_core/cs_registers_i/mtval_d[7]' may be overridden by compile because it
	is connected to generic logic. Use all_connected to see net
	connections. (OPT-461)
Warning: Dont_touch on net 'u_ibex_core/cs_registers_i/mtval_d[8]' may be overridden by compile because it
	is connected to generic logic. Use all_connected to see net
	connections. (OPT-461)
Warning: Dont_touch on net 'u_ibex_core/cs_registers_i/mtval_d[9]' may be overridden by compile because it
	is connected to generic logic. Use all_connected to see net
	connections. (OPT-461)
Warning: Dont_touch on net 'u_ibex_core/cs_registers_i/mtval_d[10]' may be overridden by compile because it
	is connected to generic logic. Use all_connected to see net
	connections. (OPT-461)
Warning: Dont_touch on net 'u_ibex_core/cs_registers_i/mtval_d[11]' may be overridden by compile because it
	is connected to generic logic. Use all_connected to see net
	connections. (OPT-461)
Warning: Dont_touch on net 'u_ibex_core/cs_registers_i/mtval_d[12]' may be overridden by compile because it
	is connected to generic logic. Use all_connected to see net
	connections. (OPT-461)
Warning: Dont_touch on net 'u_ibex_core/cs_registers_i/mtval_d[13]' may be overridden by compile because it
	is connected to generic logic. Use all_connected to see net
	connections. (OPT-461)
Warning: Dont_touch on net 'u_ibex_core/cs_registers_i/mtval_d[14]' may be overridden by compile because it
	is connected to generic logic. Use all_connected to see net
	connections. (OPT-461)
Warning: Dont_touch on net 'u_ibex_core/cs_registers_i/mtval_d[15]' may be overridden by compile because it
	is connected to generic logic. Use all_connected to see net
	connections. (OPT-461)
Warning: Dont_touch on net 'u_ibex_core/cs_registers_i/mtval_d[16]' may be overridden by compile because it
	is connected to generic logic. Use all_connected to see net
	connections. (OPT-461)
Warning: Dont_touch on net 'u_ibex_core/cs_registers_i/mtval_d[17]' may be overridden by compile because it
	is connected to generic logic. Use all_connected to see net
	connections. (OPT-461)
Warning: Dont_touch on net 'u_ibex_core/cs_registers_i/mtval_d[18]' may be overridden by compile because it
	is connected to generic logic. Use all_connected to see net
	connections. (OPT-461)
Warning: Dont_touch on net 'u_ibex_core/cs_registers_i/mtval_d[19]' may be overridden by compile because it
	is connected to generic logic. Use all_connected to see net
	connections. (OPT-461)
Warning: Dont_touch on net 'u_ibex_core/cs_registers_i/mtval_d[20]' may be overridden by compile because it
	is connected to generic logic. Use all_connected to see net
	connections. (OPT-461)
Warning: Dont_touch on net 'u_ibex_core/cs_registers_i/mtval_d[21]' may be overridden by compile because it
	is connected to generic logic. Use all_connected to see net
	connections. (OPT-461)
Warning: Dont_touch on net 'u_ibex_core/cs_registers_i/mtval_d[22]' may be overridden by compile because it
	is connected to generic logic. Use all_connected to see net
	connections. (OPT-461)
Warning: Dont_touch on net 'u_ibex_core/cs_registers_i/mtval_d[23]' may be overridden by compile because it
	is connected to generic logic. Use all_connected to see net
	connections. (OPT-461)
Warning: Dont_touch on net 'u_ibex_core/cs_registers_i/mtval_d[24]' may be overridden by compile because it
	is connected to generic logic. Use all_connected to see net
	connections. (OPT-461)
Warning: Dont_touch on net 'u_ibex_core/cs_registers_i/mtval_d[25]' may be overridden by compile because it
	is connected to generic logic. Use all_connected to see net
	connections. (OPT-461)
Warning: Dont_touch on net 'u_ibex_core/cs_registers_i/mtval_d[26]' may be overridden by compile because it
	is connected to generic logic. Use all_connected to see net
	connections. (OPT-461)
Warning: Dont_touch on net 'u_ibex_core/cs_registers_i/mtval_d[27]' may be overridden by compile because it
	is connected to generic logic. Use all_connected to see net
	connections. (OPT-461)
Warning: Dont_touch on net 'u_ibex_core/cs_registers_i/mtval_d[28]' may be overridden by compile because it
	is connected to generic logic. Use all_connected to see net
	connections. (OPT-461)
Warning: Dont_touch on net 'u_ibex_core/cs_registers_i/mtval_d[29]' may be overridden by compile because it
	is connected to generic logic. Use all_connected to see net
	connections. (OPT-461)
Warning: Dont_touch on net 'u_ibex_core/cs_registers_i/mtval_d[30]' may be overridden by compile because it
	is connected to generic logic. Use all_connected to see net
	connections. (OPT-461)
Warning: Dont_touch on net 'u_ibex_core/cs_registers_i/mtval_d[31]' may be overridden by compile because it
	is connected to generic logic. Use all_connected to see net
	connections. (OPT-461)
Warning: Dont_touch on net 'u_ibex_core/cs_registers_i/mtval_en' may be overridden by compile because it
	is connected to generic logic. Use all_connected to see net
	connections. (OPT-461)
Warning: Dont_touch on net 'u_ibex_core/cs_registers_i/mcause_d[lower_cause][0]' may be overridden by compile because it
	is connected to generic logic. Use all_connected to see net
	connections. (OPT-461)
Warning: Dont_touch on net 'u_ibex_core/cs_registers_i/mcause_d[lower_cause][1]' may be overridden by compile because it
	is connected to generic logic. Use all_connected to see net
	connections. (OPT-461)
Warning: Dont_touch on net 'u_ibex_core/cs_registers_i/mcause_d[lower_cause][2]' may be overridden by compile because it
	is connected to generic logic. Use all_connected to see net
	connections. (OPT-461)
Warning: Dont_touch on net 'u_ibex_core/cs_registers_i/mcause_d[lower_cause][3]' may be overridden by compile because it
	is connected to generic logic. Use all_connected to see net
	connections. (OPT-461)
Warning: Dont_touch on net 'u_ibex_core/cs_registers_i/mcause_d[lower_cause][4]' may be overridden by compile because it
	is connected to generic logic. Use all_connected to see net
	connections. (OPT-461)
Warning: Dont_touch on net 'u_ibex_core/cs_registers_i/mcause_d[irq_ext]' may be overridden by compile because it
	is connected to generic logic. Use all_connected to see net
	connections. (OPT-461)
Warning: Dont_touch on net 'u_ibex_core/cs_registers_i/mcause_d[irq_int]' may be overridden by compile because it
	is connected to generic logic. Use all_connected to see net
	connections. (OPT-461)
Warning: Dont_touch on net 'u_ibex_core/cs_registers_i/mcause_en' may be overridden by compile because it
	is connected to generic logic. Use all_connected to see net
	connections. (OPT-461)
Warning: Dont_touch on net 'u_ibex_core/cs_registers_i/mepc_d[1]' may be overridden by compile because it
	is connected to generic logic. Use all_connected to see net
	connections. (OPT-461)
Warning: Dont_touch on net 'u_ibex_core/cs_registers_i/mepc_d[2]' may be overridden by compile because it
	is connected to generic logic. Use all_connected to see net
	connections. (OPT-461)
Warning: Dont_touch on net 'u_ibex_core/cs_registers_i/mepc_d[3]' may be overridden by compile because it
	is connected to generic logic. Use all_connected to see net
	connections. (OPT-461)
Warning: Dont_touch on net 'u_ibex_core/cs_registers_i/mepc_d[4]' may be overridden by compile because it
	is connected to generic logic. Use all_connected to see net
	connections. (OPT-461)
Warning: Dont_touch on net 'u_ibex_core/cs_registers_i/mepc_d[5]' may be overridden by compile because it
	is connected to generic logic. Use all_connected to see net
	connections. (OPT-461)
Warning: Dont_touch on net 'u_ibex_core/cs_registers_i/mepc_d[6]' may be overridden by compile because it
	is connected to generic logic. Use all_connected to see net
	connections. (OPT-461)
Warning: Dont_touch on net 'u_ibex_core/cs_registers_i/mepc_d[7]' may be overridden by compile because it
	is connected to generic logic. Use all_connected to see net
	connections. (OPT-461)
Warning: Dont_touch on net 'u_ibex_core/cs_registers_i/mepc_d[8]' may be overridden by compile because it
	is connected to generic logic. Use all_connected to see net
	connections. (OPT-461)
Warning: Dont_touch on net 'u_ibex_core/cs_registers_i/mepc_d[9]' may be overridden by compile because it
	is connected to generic logic. Use all_connected to see net
	connections. (OPT-461)
Warning: Dont_touch on net 'u_ibex_core/cs_registers_i/mepc_d[10]' may be overridden by compile because it
	is connected to generic logic. Use all_connected to see net
	connections. (OPT-461)
Warning: Dont_touch on net 'u_ibex_core/cs_registers_i/mepc_d[11]' may be overridden by compile because it
	is connected to generic logic. Use all_connected to see net
	connections. (OPT-461)
Warning: Dont_touch on net 'u_ibex_core/cs_registers_i/mepc_d[12]' may be overridden by compile because it
	is connected to generic logic. Use all_connected to see net
	connections. (OPT-461)
Warning: Dont_touch on net 'u_ibex_core/cs_registers_i/mepc_d[13]' may be overridden by compile because it
	is connected to generic logic. Use all_connected to see net
	connections. (OPT-461)
Warning: Dont_touch on net 'u_ibex_core/cs_registers_i/mepc_d[14]' may be overridden by compile because it
	is connected to generic logic. Use all_connected to see net
	connections. (OPT-461)
Warning: Dont_touch on net 'u_ibex_core/cs_registers_i/mepc_d[15]' may be overridden by compile because it
	is connected to generic logic. Use all_connected to see net
	connections. (OPT-461)
Warning: Dont_touch on net 'u_ibex_core/cs_registers_i/mepc_d[16]' may be overridden by compile because it
	is connected to generic logic. Use all_connected to see net
	connections. (OPT-461)
Warning: Dont_touch on net 'u_ibex_core/cs_registers_i/mepc_d[17]' may be overridden by compile because it
	is connected to generic logic. Use all_connected to see net
	connections. (OPT-461)
Warning: Dont_touch on net 'u_ibex_core/cs_registers_i/mepc_d[18]' may be overridden by compile because it
	is connected to generic logic. Use all_connected to see net
	connections. (OPT-461)
Warning: Dont_touch on net 'u_ibex_core/cs_registers_i/mepc_d[19]' may be overridden by compile because it
	is connected to generic logic. Use all_connected to see net
	connections. (OPT-461)
Warning: Dont_touch on net 'u_ibex_core/cs_registers_i/mepc_d[20]' may be overridden by compile because it
	is connected to generic logic. Use all_connected to see net
	connections. (OPT-461)
Warning: Dont_touch on net 'u_ibex_core/cs_registers_i/mepc_d[21]' may be overridden by compile because it
	is connected to generic logic. Use all_connected to see net
	connections. (OPT-461)
Warning: Dont_touch on net 'u_ibex_core/cs_registers_i/mepc_d[22]' may be overridden by compile because it
	is connected to generic logic. Use all_connected to see net
	connections. (OPT-461)
Warning: Dont_touch on net 'u_ibex_core/cs_registers_i/mepc_d[23]' may be overridden by compile because it
	is connected to generic logic. Use all_connected to see net
	connections. (OPT-461)
Warning: Dont_touch on net 'u_ibex_core/cs_registers_i/mepc_d[24]' may be overridden by compile because it
	is connected to generic logic. Use all_connected to see net
	connections. (OPT-461)
Warning: Dont_touch on net 'u_ibex_core/cs_registers_i/mepc_d[25]' may be overridden by compile because it
	is connected to generic logic. Use all_connected to see net
	connections. (OPT-461)
Warning: Dont_touch on net 'u_ibex_core/cs_registers_i/mepc_d[26]' may be overridden by compile because it
	is connected to generic logic. Use all_connected to see net
	connections. (OPT-461)
Warning: Dont_touch on net 'u_ibex_core/cs_registers_i/mepc_d[27]' may be overridden by compile because it
	is connected to generic logic. Use all_connected to see net
	connections. (OPT-461)
Warning: Dont_touch on net 'u_ibex_core/cs_registers_i/mepc_d[28]' may be overridden by compile because it
	is connected to generic logic. Use all_connected to see net
	connections. (OPT-461)
Warning: Dont_touch on net 'u_ibex_core/cs_registers_i/mepc_d[29]' may be overridden by compile because it
	is connected to generic logic. Use all_connected to see net
	connections. (OPT-461)
Warning: Dont_touch on net 'u_ibex_core/cs_registers_i/mepc_d[30]' may be overridden by compile because it
	is connected to generic logic. Use all_connected to see net
	connections. (OPT-461)
Warning: Dont_touch on net 'u_ibex_core/cs_registers_i/mepc_d[31]' may be overridden by compile because it
	is connected to generic logic. Use all_connected to see net
	connections. (OPT-461)
Warning: Dont_touch on net 'u_ibex_core/cs_registers_i/csr_wdata_int[2]' may be overridden by compile because it
	is connected to generic logic. Use all_connected to see net
	connections. (OPT-461)
Warning: Dont_touch on net 'u_ibex_core/cs_registers_i/csr_wdata_int[31]' may be overridden by compile because it
	is connected to generic logic. Use all_connected to see net
	connections. (OPT-461)
Warning: Dont_touch on net 'u_ibex_core/cs_registers_i/mepc_en' may be overridden by compile because it
	is connected to generic logic. Use all_connected to see net
	connections. (OPT-461)
Warning: Dont_touch on net 'u_ibex_core/cs_registers_i/mscratch_en' may be overridden by compile because it
	is connected to generic logic. Use all_connected to see net
	connections. (OPT-461)
Warning: Dont_touch on net 'u_ibex_core/cs_registers_i/mie_en' may be overridden by compile because it
	is connected to generic logic. Use all_connected to see net
	connections. (OPT-461)
Warning: Dont_touch on net 'u_ibex_core/cs_registers_i/mstatus_d[mprv]' may be overridden by compile because it
	is connected to generic logic. Use all_connected to see net
	connections. (OPT-461)
Warning: Dont_touch on net 'u_ibex_core/cs_registers_i/mstatus_d[mpp][0]' may be overridden by compile because it
	is connected to generic logic. Use all_connected to see net
	connections. (OPT-461)
Warning: Dont_touch on net 'u_ibex_core/cs_registers_i/mstatus_d[mpp][1]' may be overridden by compile because it
	is connected to generic logic. Use all_connected to see net
	connections. (OPT-461)
Warning: Dont_touch on net 'u_ibex_core/cs_registers_i/mstatus_d[mpie]' may be overridden by compile because it
	is connected to generic logic. Use all_connected to see net
	connections. (OPT-461)
Warning: Dont_touch on net 'u_ibex_core/cs_registers_i/mstatus_d[mie]' may be overridden by compile because it
	is connected to generic logic. Use all_connected to see net
	connections. (OPT-461)
Warning: Dont_touch on net 'u_ibex_core/cs_registers_i/mstatus_en' may be overridden by compile because it
	is connected to generic logic. Use all_connected to see net
	connections. (OPT-461)
Warning: Dont_touch on net 'u_ibex_core/cs_registers_i/cpuctrlsts_part_q[icache_enable]' may be overridden by compile because it
	is connected to generic logic. Use all_connected to see net
	connections. (OPT-461)
Warning: Dont_touch on net 'u_ibex_core/cs_registers_i/cpuctrlsts_part_q[sync_exc_seen]' may be overridden by compile because it
	is connected to generic logic. Use all_connected to see net
	connections. (OPT-461)
Warning: Dont_touch on net 'u_ibex_core/cs_registers_i/cpuctrlsts_part_q[double_fault_seen]' may be overridden by compile because it
	is connected to generic logic. Use all_connected to see net
	connections. (OPT-461)
Warning: Dont_touch on net 'u_ibex_core/cs_registers_i/mhpmcounter[0][0]' may be overridden by compile because it
	is connected to generic logic. Use all_connected to see net
	connections. (OPT-461)
Warning: Dont_touch on net 'u_ibex_core/cs_registers_i/mhpmcounter[0][1]' may be overridden by compile because it
	is connected to generic logic. Use all_connected to see net
	connections. (OPT-461)
Warning: Dont_touch on net 'u_ibex_core/cs_registers_i/mhpmcounter[0][2]' may be overridden by compile because it
	is connected to generic logic. Use all_connected to see net
	connections. (OPT-461)
Warning: Dont_touch on net 'u_ibex_core/cs_registers_i/mhpmcounter[0][3]' may be overridden by compile because it
	is connected to generic logic. Use all_connected to see net
	connections. (OPT-461)
Warning: Dont_touch on net 'u_ibex_core/cs_registers_i/mhpmcounter[0][4]' may be overridden by compile because it
	is connected to generic logic. Use all_connected to see net
	connections. (OPT-461)
Warning: Dont_touch on net 'u_ibex_core/cs_registers_i/mhpmcounter[0][5]' may be overridden by compile because it
	is connected to generic logic. Use all_connected to see net
	connections. (OPT-461)
Warning: Dont_touch on net 'u_ibex_core/cs_registers_i/mhpmcounter[0][6]' may be overridden by compile because it
	is connected to generic logic. Use all_connected to see net
	connections. (OPT-461)
Warning: Dont_touch on net 'u_ibex_core/cs_registers_i/mhpmcounter[0][7]' may be overridden by compile because it
	is connected to generic logic. Use all_connected to see net
	connections. (OPT-461)
Warning: Dont_touch on net 'u_ibex_core/cs_registers_i/mhpmcounter[0][8]' may be overridden by compile because it
	is connected to generic logic. Use all_connected to see net
	connections. (OPT-461)
Warning: Dont_touch on net 'u_ibex_core/cs_registers_i/mhpmcounter[0][9]' may be overridden by compile because it
	is connected to generic logic. Use all_connected to see net
	connections. (OPT-461)
Warning: Dont_touch on net 'u_ibex_core/cs_registers_i/mhpmcounter[0][10]' may be overridden by compile because it
	is connected to generic logic. Use all_connected to see net
	connections. (OPT-461)
Warning: Dont_touch on net 'u_ibex_core/cs_registers_i/mhpmcounter[0][11]' may be overridden by compile because it
	is connected to generic logic. Use all_connected to see net
	connections. (OPT-461)
Warning: Dont_touch on net 'u_ibex_core/cs_registers_i/mhpmcounter[0][12]' may be overridden by compile because it
	is connected to generic logic. Use all_connected to see net
	connections. (OPT-461)
Warning: Dont_touch on net 'u_ibex_core/cs_registers_i/mhpmcounter[0][13]' may be overridden by compile because it
	is connected to generic logic. Use all_connected to see net
	connections. (OPT-461)
Warning: Dont_touch on net 'u_ibex_core/cs_registers_i/mhpmcounter[0][14]' may be overridden by compile because it
	is connected to generic logic. Use all_connected to see net
	connections. (OPT-461)
Warning: Dont_touch on net 'u_ibex_core/cs_registers_i/mhpmcounter[0][15]' may be overridden by compile because it
	is connected to generic logic. Use all_connected to see net
	connections. (OPT-461)
Warning: Dont_touch on net 'u_ibex_core/cs_registers_i/mhpmcounter[0][16]' may be overridden by compile because it
	is connected to generic logic. Use all_connected to see net
	connections. (OPT-461)
Warning: Dont_touch on net 'u_ibex_core/cs_registers_i/mhpmcounter[0][17]' may be overridden by compile because it
	is connected to generic logic. Use all_connected to see net
	connections. (OPT-461)
Warning: Dont_touch on net 'u_ibex_core/cs_registers_i/mhpmcounter[0][18]' may be overridden by compile because it
	is connected to generic logic. Use all_connected to see net
	connections. (OPT-461)
Warning: Dont_touch on net 'u_ibex_core/cs_registers_i/mhpmcounter[0][19]' may be overridden by compile because it
	is connected to generic logic. Use all_connected to see net
	connections. (OPT-461)
Warning: Dont_touch on net 'u_ibex_core/cs_registers_i/mhpmcounter[0][20]' may be overridden by compile because it
	is connected to generic logic. Use all_connected to see net
	connections. (OPT-461)
Warning: Dont_touch on net 'u_ibex_core/cs_registers_i/mhpmcounter[0][21]' may be overridden by compile because it
	is connected to generic logic. Use all_connected to see net
	connections. (OPT-461)
Warning: Dont_touch on net 'u_ibex_core/cs_registers_i/mhpmcounter[0][22]' may be overridden by compile because it
	is connected to generic logic. Use all_connected to see net
	connections. (OPT-461)
Warning: Dont_touch on net 'u_ibex_core/cs_registers_i/mhpmcounter[0][23]' may be overridden by compile because it
	is connected to generic logic. Use all_connected to see net
	connections. (OPT-461)
Warning: Dont_touch on net 'u_ibex_core/cs_registers_i/mhpmcounter[0][24]' may be overridden by compile because it
	is connected to generic logic. Use all_connected to see net
	connections. (OPT-461)
Warning: Dont_touch on net 'u_ibex_core/cs_registers_i/mhpmcounter[0][25]' may be overridden by compile because it
	is connected to generic logic. Use all_connected to see net
	connections. (OPT-461)
Warning: Dont_touch on net 'u_ibex_core/cs_registers_i/mhpmcounter[0][26]' may be overridden by compile because it
	is connected to generic logic. Use all_connected to see net
	connections. (OPT-461)
Warning: Dont_touch on net 'u_ibex_core/cs_registers_i/mhpmcounter[0][27]' may be overridden by compile because it
	is connected to generic logic. Use all_connected to see net
	connections. (OPT-461)
Warning: Dont_touch on net 'u_ibex_core/cs_registers_i/mhpmcounter[0][28]' may be overridden by compile because it
	is connected to generic logic. Use all_connected to see net
	connections. (OPT-461)
Warning: Dont_touch on net 'u_ibex_core/cs_registers_i/mhpmcounter[0][29]' may be overridden by compile because it
	is connected to generic logic. Use all_connected to see net
	connections. (OPT-461)
Warning: Dont_touch on net 'u_ibex_core/cs_registers_i/mhpmcounter[0][30]' may be overridden by compile because it
	is connected to generic logic. Use all_connected to see net
	connections. (OPT-461)
Warning: Dont_touch on net 'u_ibex_core/cs_registers_i/mhpmcounter[0][31]' may be overridden by compile because it
	is connected to generic logic. Use all_connected to see net
	connections. (OPT-461)
Warning: Dont_touch on net 'u_ibex_core/cs_registers_i/mhpmcounter[0][32]' may be overridden by compile because it
	is connected to generic logic. Use all_connected to see net
	connections. (OPT-461)
Warning: Dont_touch on net 'u_ibex_core/cs_registers_i/mhpmcounter[0][33]' may be overridden by compile because it
	is connected to generic logic. Use all_connected to see net
	connections. (OPT-461)
Warning: Dont_touch on net 'u_ibex_core/cs_registers_i/mhpmcounter[0][34]' may be overridden by compile because it
	is connected to generic logic. Use all_connected to see net
	connections. (OPT-461)
Warning: Dont_touch on net 'u_ibex_core/cs_registers_i/mhpmcounter[0][35]' may be overridden by compile because it
	is connected to generic logic. Use all_connected to see net
	connections. (OPT-461)
Warning: Dont_touch on net 'u_ibex_core/cs_registers_i/mhpmcounter[0][36]' may be overridden by compile because it
	is connected to generic logic. Use all_connected to see net
	connections. (OPT-461)
Warning: Dont_touch on net 'u_ibex_core/cs_registers_i/mhpmcounter[0][37]' may be overridden by compile because it
	is connected to generic logic. Use all_connected to see net
	connections. (OPT-461)
Warning: Dont_touch on net 'u_ibex_core/cs_registers_i/mhpmcounter[0][38]' may be overridden by compile because it
	is connected to generic logic. Use all_connected to see net
	connections. (OPT-461)
Warning: Dont_touch on net 'u_ibex_core/cs_registers_i/mhpmcounter[0][39]' may be overridden by compile because it
	is connected to generic logic. Use all_connected to see net
	connections. (OPT-461)
Warning: Dont_touch on net 'u_ibex_core/cs_registers_i/mhpmcounter[0][40]' may be overridden by compile because it
	is connected to generic logic. Use all_connected to see net
	connections. (OPT-461)
Warning: Dont_touch on net 'u_ibex_core/cs_registers_i/mhpmcounter[0][41]' may be overridden by compile because it
	is connected to generic logic. Use all_connected to see net
	connections. (OPT-461)
Warning: Dont_touch on net 'u_ibex_core/cs_registers_i/mhpmcounter[0][42]' may be overridden by compile because it
	is connected to generic logic. Use all_connected to see net
	connections. (OPT-461)
Warning: Dont_touch on net 'u_ibex_core/cs_registers_i/mhpmcounter[0][43]' may be overridden by compile because it
	is connected to generic logic. Use all_connected to see net
	connections. (OPT-461)
Warning: Dont_touch on net 'u_ibex_core/cs_registers_i/mhpmcounter[0][44]' may be overridden by compile because it
	is connected to generic logic. Use all_connected to see net
	connections. (OPT-461)
Warning: Dont_touch on net 'u_ibex_core/cs_registers_i/mhpmcounter[0][45]' may be overridden by compile because it
	is connected to generic logic. Use all_connected to see net
	connections. (OPT-461)
Warning: Dont_touch on net 'u_ibex_core/cs_registers_i/mhpmcounter[0][46]' may be overridden by compile because it
	is connected to generic logic. Use all_connected to see net
	connections. (OPT-461)
Warning: Dont_touch on net 'u_ibex_core/cs_registers_i/mhpmcounter[0][47]' may be overridden by compile because it
	is connected to generic logic. Use all_connected to see net
	connections. (OPT-461)
Warning: Dont_touch on net 'u_ibex_core/cs_registers_i/mhpmcounter[0][48]' may be overridden by compile because it
	is connected to generic logic. Use all_connected to see net
	connections. (OPT-461)
Warning: Dont_touch on net 'u_ibex_core/cs_registers_i/mhpmcounter[0][49]' may be overridden by compile because it
	is connected to generic logic. Use all_connected to see net
	connections. (OPT-461)
Warning: Dont_touch on net 'u_ibex_core/cs_registers_i/mhpmcounter[0][50]' may be overridden by compile because it
	is connected to generic logic. Use all_connected to see net
	connections. (OPT-461)
Warning: Dont_touch on net 'u_ibex_core/cs_registers_i/mhpmcounter[0][51]' may be overridden by compile because it
	is connected to generic logic. Use all_connected to see net
	connections. (OPT-461)
Warning: Dont_touch on net 'u_ibex_core/cs_registers_i/mhpmcounter[0][52]' may be overridden by compile because it
	is connected to generic logic. Use all_connected to see net
	connections. (OPT-461)
Warning: Dont_touch on net 'u_ibex_core/cs_registers_i/mhpmcounter[0][53]' may be overridden by compile because it
	is connected to generic logic. Use all_connected to see net
	connections. (OPT-461)
Warning: Dont_touch on net 'u_ibex_core/cs_registers_i/mhpmcounter[0][54]' may be overridden by compile because it
	is connected to generic logic. Use all_connected to see net
	connections. (OPT-461)
Warning: Dont_touch on net 'u_ibex_core/cs_registers_i/mhpmcounter[0][55]' may be overridden by compile because it
	is connected to generic logic. Use all_connected to see net
	connections. (OPT-461)
Warning: Dont_touch on net 'u_ibex_core/cs_registers_i/mhpmcounter[0][56]' may be overridden by compile because it
	is connected to generic logic. Use all_connected to see net
	connections. (OPT-461)
Warning: Dont_touch on net 'u_ibex_core/cs_registers_i/mhpmcounter[0][57]' may be overridden by compile because it
	is connected to generic logic. Use all_connected to see net
	connections. (OPT-461)
Warning: Dont_touch on net 'u_ibex_core/cs_registers_i/mhpmcounter[0][58]' may be overridden by compile because it
	is connected to generic logic. Use all_connected to see net
	connections. (OPT-461)
Warning: Dont_touch on net 'u_ibex_core/cs_registers_i/mhpmcounter[0][59]' may be overridden by compile because it
	is connected to generic logic. Use all_connected to see net
	connections. (OPT-461)
Warning: Dont_touch on net 'u_ibex_core/cs_registers_i/mhpmcounter[0][60]' may be overridden by compile because it
	is connected to generic logic. Use all_connected to see net
	connections. (OPT-461)
Warning: Dont_touch on net 'u_ibex_core/cs_registers_i/mhpmcounter[0][61]' may be overridden by compile because it
	is connected to generic logic. Use all_connected to see net
	connections. (OPT-461)
Warning: Dont_touch on net 'u_ibex_core/cs_registers_i/mhpmcounter[0][62]' may be overridden by compile because it
	is connected to generic logic. Use all_connected to see net
	connections. (OPT-461)
Warning: Dont_touch on net 'u_ibex_core/cs_registers_i/mhpmcounter[0][63]' may be overridden by compile because it
	is connected to generic logic. Use all_connected to see net
	connections. (OPT-461)
Warning: Dont_touch on net 'u_ibex_core/cs_registers_i/mcountinhibit[0]' may be overridden by compile because it
	is connected to generic logic. Use all_connected to see net
	connections. (OPT-461)
Warning: Dont_touch on net 'u_ibex_core/cs_registers_i/mcountinhibit[2]' may be overridden by compile because it
	is connected to generic logic. Use all_connected to see net
	connections. (OPT-461)
Warning: Dont_touch on net 'u_ibex_core/cs_registers_i/dscratch1_q[0]' may be overridden by compile because it
	is connected to generic logic. Use all_connected to see net
	connections. (OPT-461)
Warning: Dont_touch on net 'u_ibex_core/cs_registers_i/dscratch1_q[1]' may be overridden by compile because it
	is connected to generic logic. Use all_connected to see net
	connections. (OPT-461)
Warning: Dont_touch on net 'u_ibex_core/cs_registers_i/dscratch1_q[2]' may be overridden by compile because it
	is connected to generic logic. Use all_connected to see net
	connections. (OPT-461)
Warning: Dont_touch on net 'u_ibex_core/cs_registers_i/dscratch1_q[3]' may be overridden by compile because it
	is connected to generic logic. Use all_connected to see net
	connections. (OPT-461)
Warning: Dont_touch on net 'u_ibex_core/cs_registers_i/dscratch1_q[4]' may be overridden by compile because it
	is connected to generic logic. Use all_connected to see net
	connections. (OPT-461)
Warning: Dont_touch on net 'u_ibex_core/cs_registers_i/dscratch1_q[5]' may be overridden by compile because it
	is connected to generic logic. Use all_connected to see net
	connections. (OPT-461)
Warning: Dont_touch on net 'u_ibex_core/cs_registers_i/dscratch1_q[6]' may be overridden by compile because it
	is connected to generic logic. Use all_connected to see net
	connections. (OPT-461)
Warning: Dont_touch on net 'u_ibex_core/cs_registers_i/dscratch1_q[7]' may be overridden by compile because it
	is connected to generic logic. Use all_connected to see net
	connections. (OPT-461)
Warning: Dont_touch on net 'u_ibex_core/cs_registers_i/dscratch1_q[8]' may be overridden by compile because it
	is connected to generic logic. Use all_connected to see net
	connections. (OPT-461)
Warning: Dont_touch on net 'u_ibex_core/cs_registers_i/dscratch1_q[9]' may be overridden by compile because it
	is connected to generic logic. Use all_connected to see net
	connections. (OPT-461)
Warning: Dont_touch on net 'u_ibex_core/cs_registers_i/dscratch1_q[10]' may be overridden by compile because it
	is connected to generic logic. Use all_connected to see net
	connections. (OPT-461)
Warning: Dont_touch on net 'u_ibex_core/cs_registers_i/dscratch1_q[11]' may be overridden by compile because it
	is connected to generic logic. Use all_connected to see net
	connections. (OPT-461)
Warning: Dont_touch on net 'u_ibex_core/cs_registers_i/dscratch1_q[12]' may be overridden by compile because it
	is connected to generic logic. Use all_connected to see net
	connections. (OPT-461)
Warning: Dont_touch on net 'u_ibex_core/cs_registers_i/dscratch1_q[13]' may be overridden by compile because it
	is connected to generic logic. Use all_connected to see net
	connections. (OPT-461)
Warning: Dont_touch on net 'u_ibex_core/cs_registers_i/dscratch1_q[14]' may be overridden by compile because it
	is connected to generic logic. Use all_connected to see net
	connections. (OPT-461)
Warning: Dont_touch on net 'u_ibex_core/cs_registers_i/dscratch1_q[15]' may be overridden by compile because it
	is connected to generic logic. Use all_connected to see net
	connections. (OPT-461)
Warning: Dont_touch on net 'u_ibex_core/cs_registers_i/dscratch1_q[16]' may be overridden by compile because it
	is connected to generic logic. Use all_connected to see net
	connections. (OPT-461)
Warning: Dont_touch on net 'u_ibex_core/cs_registers_i/dscratch1_q[17]' may be overridden by compile because it
	is connected to generic logic. Use all_connected to see net
	connections. (OPT-461)
Warning: Dont_touch on net 'u_ibex_core/cs_registers_i/dscratch1_q[18]' may be overridden by compile because it
	is connected to generic logic. Use all_connected to see net
	connections. (OPT-461)
Warning: Dont_touch on net 'u_ibex_core/cs_registers_i/dscratch1_q[19]' may be overridden by compile because it
	is connected to generic logic. Use all_connected to see net
	connections. (OPT-461)
Warning: Dont_touch on net 'u_ibex_core/cs_registers_i/dscratch1_q[20]' may be overridden by compile because it
	is connected to generic logic. Use all_connected to see net
	connections. (OPT-461)
Warning: Dont_touch on net 'u_ibex_core/cs_registers_i/dscratch1_q[21]' may be overridden by compile because it
	is connected to generic logic. Use all_connected to see net
	connections. (OPT-461)
Warning: Dont_touch on net 'u_ibex_core/cs_registers_i/dscratch1_q[22]' may be overridden by compile because it
	is connected to generic logic. Use all_connected to see net
	connections. (OPT-461)
Warning: Dont_touch on net 'u_ibex_core/cs_registers_i/dscratch1_q[23]' may be overridden by compile because it
	is connected to generic logic. Use all_connected to see net
	connections. (OPT-461)
Warning: Dont_touch on net 'u_ibex_core/cs_registers_i/dscratch1_q[24]' may be overridden by compile because it
	is connected to generic logic. Use all_connected to see net
	connections. (OPT-461)
Warning: Dont_touch on net 'u_ibex_core/cs_registers_i/dscratch1_q[25]' may be overridden by compile because it
	is connected to generic logic. Use all_connected to see net
	connections. (OPT-461)
Warning: Dont_touch on net 'u_ibex_core/cs_registers_i/dscratch1_q[26]' may be overridden by compile because it
	is connected to generic logic. Use all_connected to see net
	connections. (OPT-461)
Warning: Dont_touch on net 'u_ibex_core/cs_registers_i/dscratch1_q[27]' may be overridden by compile because it
	is connected to generic logic. Use all_connected to see net
	connections. (OPT-461)
Warning: Dont_touch on net 'u_ibex_core/cs_registers_i/dscratch1_q[28]' may be overridden by compile because it
	is connected to generic logic. Use all_connected to see net
	connections. (OPT-461)
Warning: Dont_touch on net 'u_ibex_core/cs_registers_i/dscratch1_q[29]' may be overridden by compile because it
	is connected to generic logic. Use all_connected to see net
	connections. (OPT-461)
Warning: Dont_touch on net 'u_ibex_core/cs_registers_i/dscratch1_q[30]' may be overridden by compile because it
	is connected to generic logic. Use all_connected to see net
	connections. (OPT-461)
Warning: Dont_touch on net 'u_ibex_core/cs_registers_i/dscratch1_q[31]' may be overridden by compile because it
	is connected to generic logic. Use all_connected to see net
	connections. (OPT-461)
Warning: Dont_touch on net 'u_ibex_core/cs_registers_i/dscratch0_q[0]' may be overridden by compile because it
	is connected to generic logic. Use all_connected to see net
	connections. (OPT-461)
Warning: Dont_touch on net 'u_ibex_core/cs_registers_i/dscratch0_q[1]' may be overridden by compile because it
	is connected to generic logic. Use all_connected to see net
	connections. (OPT-461)
Warning: Dont_touch on net 'u_ibex_core/cs_registers_i/dscratch0_q[2]' may be overridden by compile because it
	is connected to generic logic. Use all_connected to see net
	connections. (OPT-461)
Warning: Dont_touch on net 'u_ibex_core/cs_registers_i/dscratch0_q[3]' may be overridden by compile because it
	is connected to generic logic. Use all_connected to see net
	connections. (OPT-461)
Warning: Dont_touch on net 'u_ibex_core/cs_registers_i/dscratch0_q[4]' may be overridden by compile because it
	is connected to generic logic. Use all_connected to see net
	connections. (OPT-461)
Warning: Dont_touch on net 'u_ibex_core/cs_registers_i/dscratch0_q[5]' may be overridden by compile because it
	is connected to generic logic. Use all_connected to see net
	connections. (OPT-461)
Warning: Dont_touch on net 'u_ibex_core/cs_registers_i/dscratch0_q[6]' may be overridden by compile because it
	is connected to generic logic. Use all_connected to see net
	connections. (OPT-461)
Warning: Dont_touch on net 'u_ibex_core/cs_registers_i/dscratch0_q[7]' may be overridden by compile because it
	is connected to generic logic. Use all_connected to see net
	connections. (OPT-461)
Warning: Dont_touch on net 'u_ibex_core/cs_registers_i/dscratch0_q[8]' may be overridden by compile because it
	is connected to generic logic. Use all_connected to see net
	connections. (OPT-461)
Warning: Dont_touch on net 'u_ibex_core/cs_registers_i/dscratch0_q[9]' may be overridden by compile because it
	is connected to generic logic. Use all_connected to see net
	connections. (OPT-461)
Warning: Dont_touch on net 'u_ibex_core/cs_registers_i/dscratch0_q[10]' may be overridden by compile because it
	is connected to generic logic. Use all_connected to see net
	connections. (OPT-461)
Warning: Dont_touch on net 'u_ibex_core/cs_registers_i/dscratch0_q[11]' may be overridden by compile because it
	is connected to generic logic. Use all_connected to see net
	connections. (OPT-461)
Warning: Dont_touch on net 'u_ibex_core/cs_registers_i/dscratch0_q[12]' may be overridden by compile because it
	is connected to generic logic. Use all_connected to see net
	connections. (OPT-461)
Warning: Dont_touch on net 'u_ibex_core/cs_registers_i/dscratch0_q[13]' may be overridden by compile because it
	is connected to generic logic. Use all_connected to see net
	connections. (OPT-461)
Warning: Dont_touch on net 'u_ibex_core/cs_registers_i/dscratch0_q[14]' may be overridden by compile because it
	is connected to generic logic. Use all_connected to see net
	connections. (OPT-461)
Warning: Dont_touch on net 'u_ibex_core/cs_registers_i/dscratch0_q[15]' may be overridden by compile because it
	is connected to generic logic. Use all_connected to see net
	connections. (OPT-461)
Warning: Dont_touch on net 'u_ibex_core/cs_registers_i/dscratch0_q[16]' may be overridden by compile because it
	is connected to generic logic. Use all_connected to see net
	connections. (OPT-461)
Warning: Dont_touch on net 'u_ibex_core/cs_registers_i/dscratch0_q[17]' may be overridden by compile because it
	is connected to generic logic. Use all_connected to see net
	connections. (OPT-461)
Warning: Dont_touch on net 'u_ibex_core/cs_registers_i/dscratch0_q[18]' may be overridden by compile because it
	is connected to generic logic. Use all_connected to see net
	connections. (OPT-461)
Warning: Dont_touch on net 'u_ibex_core/cs_registers_i/dscratch0_q[19]' may be overridden by compile because it
	is connected to generic logic. Use all_connected to see net
	connections. (OPT-461)
Warning: Dont_touch on net 'u_ibex_core/cs_registers_i/dscratch0_q[20]' may be overridden by compile because it
	is connected to generic logic. Use all_connected to see net
	connections. (OPT-461)
Warning: Dont_touch on net 'u_ibex_core/cs_registers_i/dscratch0_q[21]' may be overridden by compile because it
	is connected to generic logic. Use all_connected to see net
	connections. (OPT-461)
Warning: Dont_touch on net 'u_ibex_core/cs_registers_i/dscratch0_q[22]' may be overridden by compile because it
	is connected to generic logic. Use all_connected to see net
	connections. (OPT-461)
Warning: Dont_touch on net 'u_ibex_core/cs_registers_i/dscratch0_q[23]' may be overridden by compile because it
	is connected to generic logic. Use all_connected to see net
	connections. (OPT-461)
Warning: Dont_touch on net 'u_ibex_core/cs_registers_i/dscratch0_q[24]' may be overridden by compile because it
	is connected to generic logic. Use all_connected to see net
	connections. (OPT-461)
Warning: Dont_touch on net 'u_ibex_core/cs_registers_i/dscratch0_q[25]' may be overridden by compile because it
	is connected to generic logic. Use all_connected to see net
	connections. (OPT-461)
Warning: Dont_touch on net 'u_ibex_core/cs_registers_i/dscratch0_q[26]' may be overridden by compile because it
	is connected to generic logic. Use all_connected to see net
	connections. (OPT-461)
Warning: Dont_touch on net 'u_ibex_core/cs_registers_i/dscratch0_q[27]' may be overridden by compile because it
	is connected to generic logic. Use all_connected to see net
	connections. (OPT-461)
Warning: Dont_touch on net 'u_ibex_core/cs_registers_i/dscratch0_q[28]' may be overridden by compile because it
	is connected to generic logic. Use all_connected to see net
	connections. (OPT-461)
Warning: Dont_touch on net 'u_ibex_core/cs_registers_i/dscratch0_q[29]' may be overridden by compile because it
	is connected to generic logic. Use all_connected to see net
	connections. (OPT-461)
Warning: Dont_touch on net 'u_ibex_core/cs_registers_i/dscratch0_q[30]' may be overridden by compile because it
	is connected to generic logic. Use all_connected to see net
	connections. (OPT-461)
Warning: Dont_touch on net 'u_ibex_core/cs_registers_i/dscratch0_q[31]' may be overridden by compile because it
	is connected to generic logic. Use all_connected to see net
	connections. (OPT-461)
Warning: Dont_touch on net 'u_ibex_core/cs_registers_i/dcsr_q[prv][0]' may be overridden by compile because it
	is connected to generic logic. Use all_connected to see net
	connections. (OPT-461)
Warning: Dont_touch on net 'u_ibex_core/cs_registers_i/dcsr_q[prv][1]' may be overridden by compile because it
	is connected to generic logic. Use all_connected to see net
	connections. (OPT-461)
Warning: Dont_touch on net 'u_ibex_core/cs_registers_i/dcsr_q[nmip]' may be overridden by compile because it
	is connected to generic logic. Use all_connected to see net
	connections. (OPT-461)
Warning: Dont_touch on net 'u_ibex_core/cs_registers_i/dcsr_q[mprven]' may be overridden by compile because it
	is connected to generic logic. Use all_connected to see net
	connections. (OPT-461)
Warning: Dont_touch on net 'u_ibex_core/cs_registers_i/dcsr_q[zero0]' may be overridden by compile because it
	is connected to generic logic. Use all_connected to see net
	connections. (OPT-461)
Warning: Dont_touch on net 'u_ibex_core/cs_registers_i/dcsr_q[cause][0]' may be overridden by compile because it
	is connected to generic logic. Use all_connected to see net
	connections. (OPT-461)
Warning: Dont_touch on net 'u_ibex_core/cs_registers_i/dcsr_q[cause][1]' may be overridden by compile because it
	is connected to generic logic. Use all_connected to see net
	connections. (OPT-461)
Warning: Dont_touch on net 'u_ibex_core/cs_registers_i/dcsr_q[cause][2]' may be overridden by compile because it
	is connected to generic logic. Use all_connected to see net
	connections. (OPT-461)
Warning: Dont_touch on net 'u_ibex_core/cs_registers_i/dcsr_q[stoptime]' may be overridden by compile because it
	is connected to generic logic. Use all_connected to see net
	connections. (OPT-461)
Warning: Dont_touch on net 'u_ibex_core/cs_registers_i/dcsr_q[stopcount]' may be overridden by compile because it
	is connected to generic logic. Use all_connected to see net
	connections. (OPT-461)
Warning: Dont_touch on net 'u_ibex_core/cs_registers_i/dcsr_q[stepie]' may be overridden by compile because it
	is connected to generic logic. Use all_connected to see net
	connections. (OPT-461)
Warning: Dont_touch on net 'u_ibex_core/cs_registers_i/dcsr_q[ebreaks]' may be overridden by compile because it
	is connected to generic logic. Use all_connected to see net
	connections. (OPT-461)
Warning: Dont_touch on net 'u_ibex_core/cs_registers_i/dcsr_q[zero1]' may be overridden by compile because it
	is connected to generic logic. Use all_connected to see net
	connections. (OPT-461)
Warning: Dont_touch on net 'u_ibex_core/cs_registers_i/dcsr_q[zero2][0]' may be overridden by compile because it
	is connected to generic logic. Use all_connected to see net
	connections. (OPT-461)
Warning: Dont_touch on net 'u_ibex_core/cs_registers_i/dcsr_q[zero2][1]' may be overridden by compile because it
	is connected to generic logic. Use all_connected to see net
	connections. (OPT-461)
Warning: Dont_touch on net 'u_ibex_core/cs_registers_i/dcsr_q[zero2][2]' may be overridden by compile because it
	is connected to generic logic. Use all_connected to see net
	connections. (OPT-461)
Warning: Dont_touch on net 'u_ibex_core/cs_registers_i/dcsr_q[zero2][3]' may be overridden by compile because it
	is connected to generic logic. Use all_connected to see net
	connections. (OPT-461)
Warning: Dont_touch on net 'u_ibex_core/cs_registers_i/dcsr_q[zero2][4]' may be overridden by compile because it
	is connected to generic logic. Use all_connected to see net
	connections. (OPT-461)
Warning: Dont_touch on net 'u_ibex_core/cs_registers_i/dcsr_q[zero2][5]' may be overridden by compile because it
	is connected to generic logic. Use all_connected to see net
	connections. (OPT-461)
Warning: Dont_touch on net 'u_ibex_core/cs_registers_i/dcsr_q[zero2][6]' may be overridden by compile because it
	is connected to generic logic. Use all_connected to see net
	connections. (OPT-461)
Warning: Dont_touch on net 'u_ibex_core/cs_registers_i/dcsr_q[zero2][7]' may be overridden by compile because it
	is connected to generic logic. Use all_connected to see net
	connections. (OPT-461)
Warning: Dont_touch on net 'u_ibex_core/cs_registers_i/dcsr_q[zero2][8]' may be overridden by compile because it
	is connected to generic logic. Use all_connected to see net
	connections. (OPT-461)
Warning: Dont_touch on net 'u_ibex_core/cs_registers_i/dcsr_q[zero2][9]' may be overridden by compile because it
	is connected to generic logic. Use all_connected to see net
	connections. (OPT-461)
Warning: Dont_touch on net 'u_ibex_core/cs_registers_i/dcsr_q[zero2][10]' may be overridden by compile because it
	is connected to generic logic. Use all_connected to see net
	connections. (OPT-461)
Warning: Dont_touch on net 'u_ibex_core/cs_registers_i/dcsr_q[zero2][11]' may be overridden by compile because it
	is connected to generic logic. Use all_connected to see net
	connections. (OPT-461)
Warning: Dont_touch on net 'u_ibex_core/cs_registers_i/dcsr_q[xdebugver][0]' may be overridden by compile because it
	is connected to generic logic. Use all_connected to see net
	connections. (OPT-461)
Warning: Dont_touch on net 'u_ibex_core/cs_registers_i/dcsr_q[xdebugver][1]' may be overridden by compile because it
	is connected to generic logic. Use all_connected to see net
	connections. (OPT-461)
Warning: Dont_touch on net 'u_ibex_core/cs_registers_i/dcsr_q[xdebugver][2]' may be overridden by compile because it
	is connected to generic logic. Use all_connected to see net
	connections. (OPT-461)
Warning: Dont_touch on net 'u_ibex_core/cs_registers_i/dcsr_q[xdebugver][3]' may be overridden by compile because it
	is connected to generic logic. Use all_connected to see net
	connections. (OPT-461)
Warning: Dont_touch on net 'u_ibex_core/cs_registers_i/mscratch_q[0]' may be overridden by compile because it
	is connected to generic logic. Use all_connected to see net
	connections. (OPT-461)
Warning: Dont_touch on net 'u_ibex_core/cs_registers_i/mscratch_q[1]' may be overridden by compile because it
	is connected to generic logic. Use all_connected to see net
	connections. (OPT-461)
Warning: Dont_touch on net 'u_ibex_core/cs_registers_i/mscratch_q[2]' may be overridden by compile because it
	is connected to generic logic. Use all_connected to see net
	connections. (OPT-461)
Warning: Dont_touch on net 'u_ibex_core/cs_registers_i/mscratch_q[3]' may be overridden by compile because it
	is connected to generic logic. Use all_connected to see net
	connections. (OPT-461)
Warning: Dont_touch on net 'u_ibex_core/cs_registers_i/mscratch_q[4]' may be overridden by compile because it
	is connected to generic logic. Use all_connected to see net
	connections. (OPT-461)
Warning: Dont_touch on net 'u_ibex_core/cs_registers_i/mscratch_q[5]' may be overridden by compile because it
	is connected to generic logic. Use all_connected to see net
	connections. (OPT-461)
Warning: Dont_touch on net 'u_ibex_core/cs_registers_i/mscratch_q[6]' may be overridden by compile because it
	is connected to generic logic. Use all_connected to see net
	connections. (OPT-461)
Warning: Dont_touch on net 'u_ibex_core/cs_registers_i/mscratch_q[7]' may be overridden by compile because it
	is connected to generic logic. Use all_connected to see net
	connections. (OPT-461)
Warning: Dont_touch on net 'u_ibex_core/cs_registers_i/mscratch_q[8]' may be overridden by compile because it
	is connected to generic logic. Use all_connected to see net
	connections. (OPT-461)
Warning: Dont_touch on net 'u_ibex_core/cs_registers_i/mscratch_q[9]' may be overridden by compile because it
	is connected to generic logic. Use all_connected to see net
	connections. (OPT-461)
Warning: Dont_touch on net 'u_ibex_core/cs_registers_i/mscratch_q[10]' may be overridden by compile because it
	is connected to generic logic. Use all_connected to see net
	connections. (OPT-461)
Warning: Dont_touch on net 'u_ibex_core/cs_registers_i/mscratch_q[11]' may be overridden by compile because it
	is connected to generic logic. Use all_connected to see net
	connections. (OPT-461)
Warning: Dont_touch on net 'u_ibex_core/cs_registers_i/mscratch_q[12]' may be overridden by compile because it
	is connected to generic logic. Use all_connected to see net
	connections. (OPT-461)
Warning: Dont_touch on net 'u_ibex_core/cs_registers_i/mscratch_q[13]' may be overridden by compile because it
	is connected to generic logic. Use all_connected to see net
	connections. (OPT-461)
Warning: Dont_touch on net 'u_ibex_core/cs_registers_i/mscratch_q[14]' may be overridden by compile because it
	is connected to generic logic. Use all_connected to see net
	connections. (OPT-461)
Warning: Dont_touch on net 'u_ibex_core/cs_registers_i/mscratch_q[15]' may be overridden by compile because it
	is connected to generic logic. Use all_connected to see net
	connections. (OPT-461)
Warning: Dont_touch on net 'u_ibex_core/cs_registers_i/mscratch_q[16]' may be overridden by compile because it
	is connected to generic logic. Use all_connected to see net
	connections. (OPT-461)
Warning: Dont_touch on net 'u_ibex_core/cs_registers_i/mscratch_q[17]' may be overridden by compile because it
	is connected to generic logic. Use all_connected to see net
	connections. (OPT-461)
Warning: Dont_touch on net 'u_ibex_core/cs_registers_i/mscratch_q[18]' may be overridden by compile because it
	is connected to generic logic. Use all_connected to see net
	connections. (OPT-461)
Warning: Dont_touch on net 'u_ibex_core/cs_registers_i/mscratch_q[19]' may be overridden by compile because it
	is connected to generic logic. Use all_connected to see net
	connections. (OPT-461)
Warning: Dont_touch on net 'u_ibex_core/cs_registers_i/mscratch_q[20]' may be overridden by compile because it
	is connected to generic logic. Use all_connected to see net
	connections. (OPT-461)
Warning: Dont_touch on net 'u_ibex_core/cs_registers_i/mscratch_q[21]' may be overridden by compile because it
	is connected to generic logic. Use all_connected to see net
	connections. (OPT-461)
Warning: Dont_touch on net 'u_ibex_core/cs_registers_i/mscratch_q[22]' may be overridden by compile because it
	is connected to generic logic. Use all_connected to see net
	connections. (OPT-461)
Warning: Dont_touch on net 'u_ibex_core/cs_registers_i/mscratch_q[23]' may be overridden by compile because it
	is connected to generic logic. Use all_connected to see net
	connections. (OPT-461)
Warning: Dont_touch on net 'u_ibex_core/cs_registers_i/mscratch_q[24]' may be overridden by compile because it
	is connected to generic logic. Use all_connected to see net
	connections. (OPT-461)
Warning: Dont_touch on net 'u_ibex_core/cs_registers_i/mscratch_q[25]' may be overridden by compile because it
	is connected to generic logic. Use all_connected to see net
	connections. (OPT-461)
Warning: Dont_touch on net 'u_ibex_core/cs_registers_i/mscratch_q[26]' may be overridden by compile because it
	is connected to generic logic. Use all_connected to see net
	connections. (OPT-461)
Warning: Dont_touch on net 'u_ibex_core/cs_registers_i/mscratch_q[27]' may be overridden by compile because it
	is connected to generic logic. Use all_connected to see net
	connections. (OPT-461)
Warning: Dont_touch on net 'u_ibex_core/cs_registers_i/mscratch_q[28]' may be overridden by compile because it
	is connected to generic logic. Use all_connected to see net
	connections. (OPT-461)
Warning: Dont_touch on net 'u_ibex_core/cs_registers_i/mscratch_q[29]' may be overridden by compile because it
	is connected to generic logic. Use all_connected to see net
	connections. (OPT-461)
Warning: Dont_touch on net 'u_ibex_core/cs_registers_i/mscratch_q[30]' may be overridden by compile because it
	is connected to generic logic. Use all_connected to see net
	connections. (OPT-461)
Warning: Dont_touch on net 'u_ibex_core/cs_registers_i/mscratch_q[31]' may be overridden by compile because it
	is connected to generic logic. Use all_connected to see net
	connections. (OPT-461)
Warning: Dont_touch on net 'u_ibex_core/cs_registers_i/mie_q[irq_fast][0]' may be overridden by compile because it
	is connected to generic logic. Use all_connected to see net
	connections. (OPT-461)
Warning: Dont_touch on net 'u_ibex_core/cs_registers_i/mie_q[irq_fast][1]' may be overridden by compile because it
	is connected to generic logic. Use all_connected to see net
	connections. (OPT-461)
Warning: Dont_touch on net 'u_ibex_core/cs_registers_i/mie_q[irq_fast][2]' may be overridden by compile because it
	is connected to generic logic. Use all_connected to see net
	connections. (OPT-461)
Warning: Dont_touch on net 'u_ibex_core/cs_registers_i/mie_q[irq_fast][3]' may be overridden by compile because it
	is connected to generic logic. Use all_connected to see net
	connections. (OPT-461)
Warning: Dont_touch on net 'u_ibex_core/cs_registers_i/mie_q[irq_fast][4]' may be overridden by compile because it
	is connected to generic logic. Use all_connected to see net
	connections. (OPT-461)
Warning: Dont_touch on net 'u_ibex_core/cs_registers_i/mie_q[irq_fast][5]' may be overridden by compile because it
	is connected to generic logic. Use all_connected to see net
	connections. (OPT-461)
Warning: Dont_touch on net 'u_ibex_core/cs_registers_i/mie_q[irq_fast][6]' may be overridden by compile because it
	is connected to generic logic. Use all_connected to see net
	connections. (OPT-461)
Warning: Dont_touch on net 'u_ibex_core/cs_registers_i/mie_q[irq_fast][7]' may be overridden by compile because it
	is connected to generic logic. Use all_connected to see net
	connections. (OPT-461)
Warning: Dont_touch on net 'u_ibex_core/cs_registers_i/mie_q[irq_fast][8]' may be overridden by compile because it
	is connected to generic logic. Use all_connected to see net
	connections. (OPT-461)
Warning: Dont_touch on net 'u_ibex_core/cs_registers_i/mie_q[irq_fast][9]' may be overridden by compile because it
	is connected to generic logic. Use all_connected to see net
	connections. (OPT-461)
Warning: Dont_touch on net 'u_ibex_core/cs_registers_i/mie_q[irq_fast][10]' may be overridden by compile because it
	is connected to generic logic. Use all_connected to see net
	connections. (OPT-461)
Warning: Dont_touch on net 'u_ibex_core/cs_registers_i/mie_q[irq_fast][11]' may be overridden by compile because it
	is connected to generic logic. Use all_connected to see net
	connections. (OPT-461)
Warning: Dont_touch on net 'u_ibex_core/cs_registers_i/mie_q[irq_fast][12]' may be overridden by compile because it
	is connected to generic logic. Use all_connected to see net
	connections. (OPT-461)
Warning: Dont_touch on net 'u_ibex_core/cs_registers_i/mie_q[irq_fast][13]' may be overridden by compile because it
	is connected to generic logic. Use all_connected to see net
	connections. (OPT-461)
Warning: Dont_touch on net 'u_ibex_core/cs_registers_i/mie_q[irq_fast][14]' may be overridden by compile because it
	is connected to generic logic. Use all_connected to see net
	connections. (OPT-461)
Warning: Dont_touch on net 'u_ibex_core/cs_registers_i/mie_q[irq_external]' may be overridden by compile because it
	is connected to generic logic. Use all_connected to see net
	connections. (OPT-461)
Warning: Dont_touch on net 'u_ibex_core/cs_registers_i/mie_q[irq_timer]' may be overridden by compile because it
	is connected to generic logic. Use all_connected to see net
	connections. (OPT-461)
Warning: Dont_touch on net 'u_ibex_core/cs_registers_i/mie_q[irq_software]' may be overridden by compile because it
	is connected to generic logic. Use all_connected to see net
	connections. (OPT-461)
Warning: Dont_touch on net 'u_ibex_core/cs_registers_i/mstatus_q[mprv]' may be overridden by compile because it
	is connected to generic logic. Use all_connected to see net
	connections. (OPT-461)
Warning: Dont_touch on net 'u_ibex_core/cs_registers_i/double_fault_seen_o' may be overridden by compile because it
	is connected to generic logic. Use all_connected to see net
	connections. (OPT-461)
Warning: Dont_touch on net 'u_ibex_core/cs_registers_i/csr_mtval_i[0]' may be overridden by compile because it
	is connected to generic logic. Use all_connected to see net
	connections. (OPT-461)
Warning: Dont_touch on net 'u_ibex_core/cs_registers_i/csr_mtval_i[1]' may be overridden by compile because it
	is connected to generic logic. Use all_connected to see net
	connections. (OPT-461)
Warning: Dont_touch on net 'u_ibex_core/cs_registers_i/csr_mtval_i[2]' may be overridden by compile because it
	is connected to generic logic. Use all_connected to see net
	connections. (OPT-461)
Warning: Dont_touch on net 'u_ibex_core/cs_registers_i/csr_mtval_i[3]' may be overridden by compile because it
	is connected to generic logic. Use all_connected to see net
	connections. (OPT-461)
Warning: Dont_touch on net 'u_ibex_core/cs_registers_i/csr_mtval_i[4]' may be overridden by compile because it
	is connected to generic logic. Use all_connected to see net
	connections. (OPT-461)
Warning: Dont_touch on net 'u_ibex_core/cs_registers_i/csr_mtval_i[5]' may be overridden by compile because it
	is connected to generic logic. Use all_connected to see net
	connections. (OPT-461)
Warning: Dont_touch on net 'u_ibex_core/cs_registers_i/csr_mtval_i[6]' may be overridden by compile because it
	is connected to generic logic. Use all_connected to see net
	connections. (OPT-461)
Warning: Dont_touch on net 'u_ibex_core/cs_registers_i/csr_mtval_i[7]' may be overridden by compile because it
	is connected to generic logic. Use all_connected to see net
	connections. (OPT-461)
Warning: Dont_touch on net 'u_ibex_core/cs_registers_i/csr_mtval_i[8]' may be overridden by compile because it
	is connected to generic logic. Use all_connected to see net
	connections. (OPT-461)
Warning: Dont_touch on net 'u_ibex_core/cs_registers_i/csr_mtval_i[9]' may be overridden by compile because it
	is connected to generic logic. Use all_connected to see net
	connections. (OPT-461)
Warning: Dont_touch on net 'u_ibex_core/cs_registers_i/csr_mtval_i[10]' may be overridden by compile because it
	is connected to generic logic. Use all_connected to see net
	connections. (OPT-461)
Warning: Dont_touch on net 'u_ibex_core/cs_registers_i/csr_mtval_i[11]' may be overridden by compile because it
	is connected to generic logic. Use all_connected to see net
	connections. (OPT-461)
Warning: Dont_touch on net 'u_ibex_core/cs_registers_i/csr_mtval_i[12]' may be overridden by compile because it
	is connected to generic logic. Use all_connected to see net
	connections. (OPT-461)
Warning: Dont_touch on net 'u_ibex_core/cs_registers_i/csr_mtval_i[13]' may be overridden by compile because it
	is connected to generic logic. Use all_connected to see net
	connections. (OPT-461)
Warning: Dont_touch on net 'u_ibex_core/cs_registers_i/csr_mtval_i[14]' may be overridden by compile because it
	is connected to generic logic. Use all_connected to see net
	connections. (OPT-461)
Warning: Dont_touch on net 'u_ibex_core/cs_registers_i/csr_mtval_i[15]' may be overridden by compile because it
	is connected to generic logic. Use all_connected to see net
	connections. (OPT-461)
Warning: Dont_touch on net 'u_ibex_core/cs_registers_i/csr_mtval_i[16]' may be overridden by compile because it
	is connected to generic logic. Use all_connected to see net
	connections. (OPT-461)
Warning: Dont_touch on net 'u_ibex_core/cs_registers_i/csr_mtval_i[17]' may be overridden by compile because it
	is connected to generic logic. Use all_connected to see net
	connections. (OPT-461)
Warning: Dont_touch on net 'u_ibex_core/cs_registers_i/csr_mtval_i[18]' may be overridden by compile because it
	is connected to generic logic. Use all_connected to see net
	connections. (OPT-461)
Warning: Dont_touch on net 'u_ibex_core/cs_registers_i/csr_mtval_i[19]' may be overridden by compile because it
	is connected to generic logic. Use all_connected to see net
	connections. (OPT-461)
Warning: Dont_touch on net 'u_ibex_core/cs_registers_i/csr_mtval_i[20]' may be overridden by compile because it
	is connected to generic logic. Use all_connected to see net
	connections. (OPT-461)
Warning: Dont_touch on net 'u_ibex_core/cs_registers_i/csr_mtval_i[21]' may be overridden by compile because it
	is connected to generic logic. Use all_connected to see net
	connections. (OPT-461)
Warning: Dont_touch on net 'u_ibex_core/cs_registers_i/csr_mtval_i[22]' may be overridden by compile because it
	is connected to generic logic. Use all_connected to see net
	connections. (OPT-461)
Warning: Dont_touch on net 'u_ibex_core/cs_registers_i/csr_mtval_i[23]' may be overridden by compile because it
	is connected to generic logic. Use all_connected to see net
	connections. (OPT-461)
Warning: Dont_touch on net 'u_ibex_core/cs_registers_i/csr_mtval_i[24]' may be overridden by compile because it
	is connected to generic logic. Use all_connected to see net
	connections. (OPT-461)
Warning: Dont_touch on net 'u_ibex_core/cs_registers_i/csr_mtval_i[25]' may be overridden by compile because it
	is connected to generic logic. Use all_connected to see net
	connections. (OPT-461)
Warning: Dont_touch on net 'u_ibex_core/cs_registers_i/csr_mtval_i[26]' may be overridden by compile because it
	is connected to generic logic. Use all_connected to see net
	connections. (OPT-461)
Warning: Dont_touch on net 'u_ibex_core/cs_registers_i/csr_mtval_i[27]' may be overridden by compile because it
	is connected to generic logic. Use all_connected to see net
	connections. (OPT-461)
Warning: Dont_touch on net 'u_ibex_core/cs_registers_i/csr_mtval_i[28]' may be overridden by compile because it
	is connected to generic logic. Use all_connected to see net
	connections. (OPT-461)
Warning: Dont_touch on net 'u_ibex_core/cs_registers_i/csr_mtval_i[29]' may be overridden by compile because it
	is connected to generic logic. Use all_connected to see net
	connections. (OPT-461)
Warning: Dont_touch on net 'u_ibex_core/cs_registers_i/csr_mtval_i[30]' may be overridden by compile because it
	is connected to generic logic. Use all_connected to see net
	connections. (OPT-461)
Warning: Dont_touch on net 'u_ibex_core/cs_registers_i/csr_mtval_i[31]' may be overridden by compile because it
	is connected to generic logic. Use all_connected to see net
	connections. (OPT-461)
Warning: Dont_touch on net 'u_ibex_core/cs_registers_i/csr_mcause_i[lower_cause][0]' may be overridden by compile because it
	is connected to generic logic. Use all_connected to see net
	connections. (OPT-461)
Warning: Dont_touch on net 'u_ibex_core/cs_registers_i/csr_mcause_i[lower_cause][1]' may be overridden by compile because it
	is connected to generic logic. Use all_connected to see net
	connections. (OPT-461)
Warning: Dont_touch on net 'u_ibex_core/cs_registers_i/csr_mcause_i[lower_cause][2]' may be overridden by compile because it
	is connected to generic logic. Use all_connected to see net
	connections. (OPT-461)
Warning: Dont_touch on net 'u_ibex_core/cs_registers_i/csr_mcause_i[lower_cause][3]' may be overridden by compile because it
	is connected to generic logic. Use all_connected to see net
	connections. (OPT-461)
Warning: Dont_touch on net 'u_ibex_core/cs_registers_i/csr_mcause_i[lower_cause][4]' may be overridden by compile because it
	is connected to generic logic. Use all_connected to see net
	connections. (OPT-461)
Warning: Dont_touch on net 'u_ibex_core/cs_registers_i/csr_mcause_i[irq_ext]' may be overridden by compile because it
	is connected to generic logic. Use all_connected to see net
	connections. (OPT-461)
Warning: Dont_touch on net 'u_ibex_core/cs_registers_i/csr_mcause_i[irq_int]' may be overridden by compile because it
	is connected to generic logic. Use all_connected to see net
	connections. (OPT-461)
Warning: Dont_touch on net 'u_ibex_core/cs_registers_i/dummy_instr_mask_o[0]' may be overridden by compile because it
	is connected to generic logic. Use all_connected to see net
	connections. (OPT-461)
Warning: Dont_touch on net 'u_ibex_core/cs_registers_i/dummy_instr_mask_o[1]' may be overridden by compile because it
	is connected to generic logic. Use all_connected to see net
	connections. (OPT-461)
Warning: Dont_touch on net 'u_ibex_core/cs_registers_i/dummy_instr_mask_o[2]' may be overridden by compile because it
	is connected to generic logic. Use all_connected to see net
	connections. (OPT-461)
Warning: Dont_touch on net 'u_ibex_core/cs_registers_i/dummy_instr_en_o' may be overridden by compile because it
	is connected to generic logic. Use all_connected to see net
	connections. (OPT-461)
Warning: Dont_touch on net 'u_ibex_core/cs_registers_i/data_ind_timing_o' may be overridden by compile because it
	is connected to generic logic. Use all_connected to see net
	connections. (OPT-461)
Warning: Dont_touch on net 'u_ibex_core/cs_registers_i/pc_wb_i[0]' may be overridden by compile because it
	is connected to generic logic. Use all_connected to see net
	connections. (OPT-461)
Warning: Dont_touch on net 'u_ibex_core/cs_registers_i/pc_wb_i[1]' may be overridden by compile because it
	is connected to generic logic. Use all_connected to see net
	connections. (OPT-461)
Warning: Dont_touch on net 'u_ibex_core/cs_registers_i/pc_wb_i[2]' may be overridden by compile because it
	is connected to generic logic. Use all_connected to see net
	connections. (OPT-461)
Warning: Dont_touch on net 'u_ibex_core/cs_registers_i/pc_wb_i[3]' may be overridden by compile because it
	is connected to generic logic. Use all_connected to see net
	connections. (OPT-461)
Warning: Dont_touch on net 'u_ibex_core/cs_registers_i/pc_wb_i[4]' may be overridden by compile because it
	is connected to generic logic. Use all_connected to see net
	connections. (OPT-461)
Warning: Dont_touch on net 'u_ibex_core/cs_registers_i/pc_wb_i[5]' may be overridden by compile because it
	is connected to generic logic. Use all_connected to see net
	connections. (OPT-461)
Warning: Dont_touch on net 'u_ibex_core/cs_registers_i/pc_wb_i[6]' may be overridden by compile because it
	is connected to generic logic. Use all_connected to see net
	connections. (OPT-461)
Warning: Dont_touch on net 'u_ibex_core/cs_registers_i/pc_wb_i[7]' may be overridden by compile because it
	is connected to generic logic. Use all_connected to see net
	connections. (OPT-461)
Warning: Dont_touch on net 'u_ibex_core/cs_registers_i/pc_wb_i[8]' may be overridden by compile because it
	is connected to generic logic. Use all_connected to see net
	connections. (OPT-461)
Warning: Dont_touch on net 'u_ibex_core/cs_registers_i/pc_wb_i[9]' may be overridden by compile because it
	is connected to generic logic. Use all_connected to see net
	connections. (OPT-461)
Warning: Dont_touch on net 'u_ibex_core/cs_registers_i/pc_wb_i[10]' may be overridden by compile because it
	is connected to generic logic. Use all_connected to see net
	connections. (OPT-461)
Warning: Dont_touch on net 'u_ibex_core/cs_registers_i/pc_wb_i[11]' may be overridden by compile because it
	is connected to generic logic. Use all_connected to see net
	connections. (OPT-461)
Warning: Dont_touch on net 'u_ibex_core/cs_registers_i/pc_wb_i[12]' may be overridden by compile because it
	is connected to generic logic. Use all_connected to see net
	connections. (OPT-461)
Warning: Dont_touch on net 'u_ibex_core/cs_registers_i/pc_wb_i[13]' may be overridden by compile because it
	is connected to generic logic. Use all_connected to see net
	connections. (OPT-461)
Warning: Dont_touch on net 'u_ibex_core/cs_registers_i/pc_wb_i[14]' may be overridden by compile because it
	is connected to generic logic. Use all_connected to see net
	connections. (OPT-461)
Warning: Dont_touch on net 'u_ibex_core/cs_registers_i/pc_wb_i[15]' may be overridden by compile because it
	is connected to generic logic. Use all_connected to see net
	connections. (OPT-461)
Warning: Dont_touch on net 'u_ibex_core/cs_registers_i/pc_wb_i[16]' may be overridden by compile because it
	is connected to generic logic. Use all_connected to see net
	connections. (OPT-461)
Warning: Dont_touch on net 'u_ibex_core/cs_registers_i/pc_wb_i[17]' may be overridden by compile because it
	is connected to generic logic. Use all_connected to see net
	connections. (OPT-461)
Warning: Dont_touch on net 'u_ibex_core/cs_registers_i/pc_wb_i[18]' may be overridden by compile because it
	is connected to generic logic. Use all_connected to see net
	connections. (OPT-461)
Warning: Dont_touch on net 'u_ibex_core/cs_registers_i/pc_wb_i[19]' may be overridden by compile because it
	is connected to generic logic. Use all_connected to see net
	connections. (OPT-461)
Warning: Dont_touch on net 'u_ibex_core/cs_registers_i/pc_wb_i[20]' may be overridden by compile because it
	is connected to generic logic. Use all_connected to see net
	connections. (OPT-461)
Warning: Dont_touch on net 'u_ibex_core/cs_registers_i/pc_wb_i[21]' may be overridden by compile because it
	is connected to generic logic. Use all_connected to see net
	connections. (OPT-461)
Warning: Dont_touch on net 'u_ibex_core/cs_registers_i/pc_wb_i[22]' may be overridden by compile because it
	is connected to generic logic. Use all_connected to see net
	connections. (OPT-461)
Warning: Dont_touch on net 'u_ibex_core/cs_registers_i/pc_wb_i[23]' may be overridden by compile because it
	is connected to generic logic. Use all_connected to see net
	connections. (OPT-461)
Warning: Dont_touch on net 'u_ibex_core/cs_registers_i/pc_wb_i[24]' may be overridden by compile because it
	is connected to generic logic. Use all_connected to see net
	connections. (OPT-461)
Warning: Dont_touch on net 'u_ibex_core/cs_registers_i/pc_wb_i[25]' may be overridden by compile because it
	is connected to generic logic. Use all_connected to see net
	connections. (OPT-461)
Warning: Dont_touch on net 'u_ibex_core/cs_registers_i/pc_wb_i[26]' may be overridden by compile because it
	is connected to generic logic. Use all_connected to see net
	connections. (OPT-461)
Warning: Dont_touch on net 'u_ibex_core/cs_registers_i/pc_wb_i[27]' may be overridden by compile because it
	is connected to generic logic. Use all_connected to see net
	connections. (OPT-461)
Warning: Dont_touch on net 'u_ibex_core/cs_registers_i/pc_wb_i[28]' may be overridden by compile because it
	is connected to generic logic. Use all_connected to see net
	connections. (OPT-461)
Warning: Dont_touch on net 'u_ibex_core/cs_registers_i/pc_wb_i[29]' may be overridden by compile because it
	is connected to generic logic. Use all_connected to see net
	connections. (OPT-461)
Warning: Dont_touch on net 'u_ibex_core/cs_registers_i/pc_wb_i[30]' may be overridden by compile because it
	is connected to generic logic. Use all_connected to see net
	connections. (OPT-461)
Warning: Dont_touch on net 'u_ibex_core/cs_registers_i/pc_wb_i[31]' may be overridden by compile because it
	is connected to generic logic. Use all_connected to see net
	connections. (OPT-461)
Warning: Dont_touch on net 'u_ibex_core/cs_registers_i/pc_id_i[0]' may be overridden by compile because it
	is connected to generic logic. Use all_connected to see net
	connections. (OPT-461)
Warning: Dont_touch on net 'u_ibex_core/cs_registers_i/pc_id_i[1]' may be overridden by compile because it
	is connected to generic logic. Use all_connected to see net
	connections. (OPT-461)
Warning: Dont_touch on net 'u_ibex_core/cs_registers_i/pc_id_i[2]' may be overridden by compile because it
	is connected to generic logic. Use all_connected to see net
	connections. (OPT-461)
Warning: Dont_touch on net 'u_ibex_core/cs_registers_i/pc_id_i[3]' may be overridden by compile because it
	is connected to generic logic. Use all_connected to see net
	connections. (OPT-461)
Warning: Dont_touch on net 'u_ibex_core/cs_registers_i/pc_id_i[4]' may be overridden by compile because it
	is connected to generic logic. Use all_connected to see net
	connections. (OPT-461)
Warning: Dont_touch on net 'u_ibex_core/cs_registers_i/pc_id_i[5]' may be overridden by compile because it
	is connected to generic logic. Use all_connected to see net
	connections. (OPT-461)
Warning: Dont_touch on net 'u_ibex_core/cs_registers_i/pc_id_i[6]' may be overridden by compile because it
	is connected to generic logic. Use all_connected to see net
	connections. (OPT-461)
Warning: Dont_touch on net 'u_ibex_core/cs_registers_i/pc_id_i[7]' may be overridden by compile because it
	is connected to generic logic. Use all_connected to see net
	connections. (OPT-461)
Warning: Dont_touch on net 'u_ibex_core/cs_registers_i/pc_id_i[8]' may be overridden by compile because it
	is connected to generic logic. Use all_connected to see net
	connections. (OPT-461)
Warning: Dont_touch on net 'u_ibex_core/cs_registers_i/pc_id_i[9]' may be overridden by compile because it
	is connected to generic logic. Use all_connected to see net
	connections. (OPT-461)
Warning: Dont_touch on net 'u_ibex_core/cs_registers_i/pc_id_i[10]' may be overridden by compile because it
	is connected to generic logic. Use all_connected to see net
	connections. (OPT-461)
Warning: Dont_touch on net 'u_ibex_core/cs_registers_i/pc_id_i[11]' may be overridden by compile because it
	is connected to generic logic. Use all_connected to see net
	connections. (OPT-461)
Warning: Dont_touch on net 'u_ibex_core/cs_registers_i/pc_id_i[12]' may be overridden by compile because it
	is connected to generic logic. Use all_connected to see net
	connections. (OPT-461)
Warning: Dont_touch on net 'u_ibex_core/cs_registers_i/pc_id_i[13]' may be overridden by compile because it
	is connected to generic logic. Use all_connected to see net
	connections. (OPT-461)
Warning: Dont_touch on net 'u_ibex_core/cs_registers_i/pc_id_i[14]' may be overridden by compile because it
	is connected to generic logic. Use all_connected to see net
	connections. (OPT-461)
Warning: Dont_touch on net 'u_ibex_core/cs_registers_i/pc_id_i[15]' may be overridden by compile because it
	is connected to generic logic. Use all_connected to see net
	connections. (OPT-461)
Warning: Dont_touch on net 'u_ibex_core/cs_registers_i/pc_id_i[16]' may be overridden by compile because it
	is connected to generic logic. Use all_connected to see net
	connections. (OPT-461)
Warning: Dont_touch on net 'u_ibex_core/cs_registers_i/pc_id_i[17]' may be overridden by compile because it
	is connected to generic logic. Use all_connected to see net
	connections. (OPT-461)
Warning: Dont_touch on net 'u_ibex_core/cs_registers_i/pc_id_i[18]' may be overridden by compile because it
	is connected to generic logic. Use all_connected to see net
	connections. (OPT-461)
Warning: Dont_touch on net 'u_ibex_core/cs_registers_i/pc_id_i[19]' may be overridden by compile because it
	is connected to generic logic. Use all_connected to see net
	connections. (OPT-461)
Warning: Dont_touch on net 'u_ibex_core/cs_registers_i/pc_id_i[20]' may be overridden by compile because it
	is connected to generic logic. Use all_connected to see net
	connections. (OPT-461)
Warning: Dont_touch on net 'u_ibex_core/cs_registers_i/pc_id_i[21]' may be overridden by compile because it
	is connected to generic logic. Use all_connected to see net
	connections. (OPT-461)
Warning: Dont_touch on net 'u_ibex_core/cs_registers_i/pc_id_i[22]' may be overridden by compile because it
	is connected to generic logic. Use all_connected to see net
	connections. (OPT-461)
Warning: Dont_touch on net 'u_ibex_core/cs_registers_i/pc_id_i[23]' may be overridden by compile because it
	is connected to generic logic. Use all_connected to see net
	connections. (OPT-461)
Warning: Dont_touch on net 'u_ibex_core/cs_registers_i/pc_id_i[24]' may be overridden by compile because it
	is connected to generic logic. Use all_connected to see net
	connections. (OPT-461)
Warning: Dont_touch on net 'u_ibex_core/cs_registers_i/pc_id_i[25]' may be overridden by compile because it
	is connected to generic logic. Use all_connected to see net
	connections. (OPT-461)
Warning: Dont_touch on net 'u_ibex_core/cs_registers_i/pc_id_i[26]' may be overridden by compile because it
	is connected to generic logic. Use all_connected to see net
	connections. (OPT-461)
Warning: Dont_touch on net 'u_ibex_core/cs_registers_i/pc_id_i[27]' may be overridden by compile because it
	is connected to generic logic. Use all_connected to see net
	connections. (OPT-461)
Warning: Dont_touch on net 'u_ibex_core/cs_registers_i/pc_id_i[28]' may be overridden by compile because it
	is connected to generic logic. Use all_connected to see net
	connections. (OPT-461)
Warning: Dont_touch on net 'u_ibex_core/cs_registers_i/pc_id_i[29]' may be overridden by compile because it
	is connected to generic logic. Use all_connected to see net
	connections. (OPT-461)
Warning: Dont_touch on net 'u_ibex_core/cs_registers_i/pc_id_i[30]' may be overridden by compile because it
	is connected to generic logic. Use all_connected to see net
	connections. (OPT-461)
Warning: Dont_touch on net 'u_ibex_core/cs_registers_i/pc_id_i[31]' may be overridden by compile because it
	is connected to generic logic. Use all_connected to see net
	connections. (OPT-461)
Warning: Dont_touch on net 'u_ibex_core/cs_registers_i/pc_if_i[0]' may be overridden by compile because it
	is connected to generic logic. Use all_connected to see net
	connections. (OPT-461)
Warning: Dont_touch on net 'u_ibex_core/cs_registers_i/pc_if_i[1]' may be overridden by compile because it
	is connected to generic logic. Use all_connected to see net
	connections. (OPT-461)
Warning: Dont_touch on net 'u_ibex_core/cs_registers_i/pc_if_i[2]' may be overridden by compile because it
	is connected to generic logic. Use all_connected to see net
	connections. (OPT-461)
Warning: Dont_touch on net 'u_ibex_core/cs_registers_i/pc_if_i[3]' may be overridden by compile because it
	is connected to generic logic. Use all_connected to see net
	connections. (OPT-461)
Warning: Dont_touch on net 'u_ibex_core/cs_registers_i/pc_if_i[4]' may be overridden by compile because it
	is connected to generic logic. Use all_connected to see net
	connections. (OPT-461)
Warning: Dont_touch on net 'u_ibex_core/cs_registers_i/pc_if_i[5]' may be overridden by compile because it
	is connected to generic logic. Use all_connected to see net
	connections. (OPT-461)
Warning: Dont_touch on net 'u_ibex_core/cs_registers_i/pc_if_i[6]' may be overridden by compile because it
	is connected to generic logic. Use all_connected to see net
	connections. (OPT-461)
Warning: Dont_touch on net 'u_ibex_core/cs_registers_i/pc_if_i[7]' may be overridden by compile because it
	is connected to generic logic. Use all_connected to see net
	connections. (OPT-461)
Warning: Dont_touch on net 'u_ibex_core/cs_registers_i/pc_if_i[8]' may be overridden by compile because it
	is connected to generic logic. Use all_connected to see net
	connections. (OPT-461)
Warning: Dont_touch on net 'u_ibex_core/cs_registers_i/pc_if_i[9]' may be overridden by compile because it
	is connected to generic logic. Use all_connected to see net
	connections. (OPT-461)
Warning: Dont_touch on net 'u_ibex_core/cs_registers_i/pc_if_i[10]' may be overridden by compile because it
	is connected to generic logic. Use all_connected to see net
	connections. (OPT-461)
Warning: Dont_touch on net 'u_ibex_core/cs_registers_i/pc_if_i[11]' may be overridden by compile because it
	is connected to generic logic. Use all_connected to see net
	connections. (OPT-461)
Warning: Dont_touch on net 'u_ibex_core/cs_registers_i/pc_if_i[12]' may be overridden by compile because it
	is connected to generic logic. Use all_connected to see net
	connections. (OPT-461)
Warning: Dont_touch on net 'u_ibex_core/cs_registers_i/pc_if_i[13]' may be overridden by compile because it
	is connected to generic logic. Use all_connected to see net
	connections. (OPT-461)
Warning: Dont_touch on net 'u_ibex_core/cs_registers_i/pc_if_i[14]' may be overridden by compile because it
	is connected to generic logic. Use all_connected to see net
	connections. (OPT-461)
Warning: Dont_touch on net 'u_ibex_core/cs_registers_i/pc_if_i[15]' may be overridden by compile because it
	is connected to generic logic. Use all_connected to see net
	connections. (OPT-461)
Warning: Dont_touch on net 'u_ibex_core/cs_registers_i/pc_if_i[16]' may be overridden by compile because it
	is connected to generic logic. Use all_connected to see net
	connections. (OPT-461)
Warning: Dont_touch on net 'u_ibex_core/cs_registers_i/pc_if_i[17]' may be overridden by compile because it
	is connected to generic logic. Use all_connected to see net
	connections. (OPT-461)
Warning: Dont_touch on net 'u_ibex_core/cs_registers_i/pc_if_i[18]' may be overridden by compile because it
	is connected to generic logic. Use all_connected to see net
	connections. (OPT-461)
Warning: Dont_touch on net 'u_ibex_core/cs_registers_i/pc_if_i[19]' may be overridden by compile because it
	is connected to generic logic. Use all_connected to see net
	connections. (OPT-461)
Warning: Dont_touch on net 'u_ibex_core/cs_registers_i/pc_if_i[20]' may be overridden by compile because it
	is connected to generic logic. Use all_connected to see net
	connections. (OPT-461)
Warning: Dont_touch on net 'u_ibex_core/cs_registers_i/pc_if_i[21]' may be overridden by compile because it
	is connected to generic logic. Use all_connected to see net
	connections. (OPT-461)
Warning: Dont_touch on net 'u_ibex_core/cs_registers_i/pc_if_i[22]' may be overridden by compile because it
	is connected to generic logic. Use all_connected to see net
	connections. (OPT-461)
Warning: Dont_touch on net 'u_ibex_core/cs_registers_i/pc_if_i[23]' may be overridden by compile because it
	is connected to generic logic. Use all_connected to see net
	connections. (OPT-461)
Warning: Dont_touch on net 'u_ibex_core/cs_registers_i/pc_if_i[24]' may be overridden by compile because it
	is connected to generic logic. Use all_connected to see net
	connections. (OPT-461)
Warning: Dont_touch on net 'u_ibex_core/cs_registers_i/pc_if_i[25]' may be overridden by compile because it
	is connected to generic logic. Use all_connected to see net
	connections. (OPT-461)
Warning: Dont_touch on net 'u_ibex_core/cs_registers_i/pc_if_i[26]' may be overridden by compile because it
	is connected to generic logic. Use all_connected to see net
	connections. (OPT-461)
Warning: Dont_touch on net 'u_ibex_core/cs_registers_i/pc_if_i[27]' may be overridden by compile because it
	is connected to generic logic. Use all_connected to see net
	connections. (OPT-461)
Warning: Dont_touch on net 'u_ibex_core/cs_registers_i/pc_if_i[28]' may be overridden by compile because it
	is connected to generic logic. Use all_connected to see net
	connections. (OPT-461)
Warning: Dont_touch on net 'u_ibex_core/cs_registers_i/pc_if_i[29]' may be overridden by compile because it
	is connected to generic logic. Use all_connected to see net
	connections. (OPT-461)
Warning: Dont_touch on net 'u_ibex_core/cs_registers_i/pc_if_i[30]' may be overridden by compile because it
	is connected to generic logic. Use all_connected to see net
	connections. (OPT-461)
Warning: Dont_touch on net 'u_ibex_core/cs_registers_i/pc_if_i[31]' may be overridden by compile because it
	is connected to generic logic. Use all_connected to see net
	connections. (OPT-461)
Warning: Dont_touch on net 'u_ibex_core/cs_registers_i/debug_ebreaku_o' may be overridden by compile because it
	is connected to generic logic. Use all_connected to see net
	connections. (OPT-461)
Warning: Dont_touch on net 'u_ibex_core/cs_registers_i/debug_ebreakm_o' may be overridden by compile because it
	is connected to generic logic. Use all_connected to see net
	connections. (OPT-461)
Warning: Dont_touch on net 'u_ibex_core/cs_registers_i/debug_single_step_o' may be overridden by compile because it
	is connected to generic logic. Use all_connected to see net
	connections. (OPT-461)
Warning: Dont_touch on net 'u_ibex_core/cs_registers_i/csr_depc_o[0]' may be overridden by compile because it
	is connected to generic logic. Use all_connected to see net
	connections. (OPT-461)
Warning: Dont_touch on net 'u_ibex_core/cs_registers_i/csr_depc_o[1]' may be overridden by compile because it
	is connected to generic logic. Use all_connected to see net
	connections. (OPT-461)
Warning: Dont_touch on net 'u_ibex_core/cs_registers_i/csr_depc_o[2]' may be overridden by compile because it
	is connected to generic logic. Use all_connected to see net
	connections. (OPT-461)
Warning: Dont_touch on net 'u_ibex_core/cs_registers_i/csr_depc_o[3]' may be overridden by compile because it
	is connected to generic logic. Use all_connected to see net
	connections. (OPT-461)
Warning: Dont_touch on net 'u_ibex_core/cs_registers_i/csr_depc_o[4]' may be overridden by compile because it
	is connected to generic logic. Use all_connected to see net
	connections. (OPT-461)
Warning: Dont_touch on net 'u_ibex_core/cs_registers_i/csr_depc_o[5]' may be overridden by compile because it
	is connected to generic logic. Use all_connected to see net
	connections. (OPT-461)
Warning: Dont_touch on net 'u_ibex_core/cs_registers_i/csr_depc_o[6]' may be overridden by compile because it
	is connected to generic logic. Use all_connected to see net
	connections. (OPT-461)
Warning: Dont_touch on net 'u_ibex_core/cs_registers_i/csr_depc_o[7]' may be overridden by compile because it
	is connected to generic logic. Use all_connected to see net
	connections. (OPT-461)
Warning: Dont_touch on net 'u_ibex_core/cs_registers_i/csr_depc_o[8]' may be overridden by compile because it
	is connected to generic logic. Use all_connected to see net
	connections. (OPT-461)
Warning: Dont_touch on net 'u_ibex_core/cs_registers_i/csr_depc_o[9]' may be overridden by compile because it
	is connected to generic logic. Use all_connected to see net
	connections. (OPT-461)
Warning: Dont_touch on net 'u_ibex_core/cs_registers_i/csr_depc_o[10]' may be overridden by compile because it
	is connected to generic logic. Use all_connected to see net
	connections. (OPT-461)
Warning: Dont_touch on net 'u_ibex_core/cs_registers_i/csr_depc_o[11]' may be overridden by compile because it
	is connected to generic logic. Use all_connected to see net
	connections. (OPT-461)
Warning: Dont_touch on net 'u_ibex_core/cs_registers_i/csr_depc_o[12]' may be overridden by compile because it
	is connected to generic logic. Use all_connected to see net
	connections. (OPT-461)
Warning: Dont_touch on net 'u_ibex_core/cs_registers_i/csr_depc_o[13]' may be overridden by compile because it
	is connected to generic logic. Use all_connected to see net
	connections. (OPT-461)
Warning: Dont_touch on net 'u_ibex_core/cs_registers_i/csr_depc_o[14]' may be overridden by compile because it
	is connected to generic logic. Use all_connected to see net
	connections. (OPT-461)
Warning: Dont_touch on net 'u_ibex_core/cs_registers_i/csr_depc_o[15]' may be overridden by compile because it
	is connected to generic logic. Use all_connected to see net
	connections. (OPT-461)
Warning: Dont_touch on net 'u_ibex_core/cs_registers_i/csr_depc_o[16]' may be overridden by compile because it
	is connected to generic logic. Use all_connected to see net
	connections. (OPT-461)
Warning: Dont_touch on net 'u_ibex_core/cs_registers_i/csr_depc_o[17]' may be overridden by compile because it
	is connected to generic logic. Use all_connected to see net
	connections. (OPT-461)
Warning: Dont_touch on net 'u_ibex_core/cs_registers_i/csr_depc_o[18]' may be overridden by compile because it
	is connected to generic logic. Use all_connected to see net
	connections. (OPT-461)
Warning: Dont_touch on net 'u_ibex_core/cs_registers_i/csr_depc_o[19]' may be overridden by compile because it
	is connected to generic logic. Use all_connected to see net
	connections. (OPT-461)
Warning: Dont_touch on net 'u_ibex_core/cs_registers_i/csr_depc_o[20]' may be overridden by compile because it
	is connected to generic logic. Use all_connected to see net
	connections. (OPT-461)
Warning: Dont_touch on net 'u_ibex_core/cs_registers_i/csr_depc_o[21]' may be overridden by compile because it
	is connected to generic logic. Use all_connected to see net
	connections. (OPT-461)
Warning: Dont_touch on net 'u_ibex_core/cs_registers_i/csr_depc_o[22]' may be overridden by compile because it
	is connected to generic logic. Use all_connected to see net
	connections. (OPT-461)
Warning: Dont_touch on net 'u_ibex_core/cs_registers_i/csr_depc_o[23]' may be overridden by compile because it
	is connected to generic logic. Use all_connected to see net
	connections. (OPT-461)
Warning: Dont_touch on net 'u_ibex_core/cs_registers_i/csr_depc_o[24]' may be overridden by compile because it
	is connected to generic logic. Use all_connected to see net
	connections. (OPT-461)
Warning: Dont_touch on net 'u_ibex_core/cs_registers_i/csr_depc_o[25]' may be overridden by compile because it
	is connected to generic logic. Use all_connected to see net
	connections. (OPT-461)
Warning: Dont_touch on net 'u_ibex_core/cs_registers_i/csr_depc_o[26]' may be overridden by compile because it
	is connected to generic logic. Use all_connected to see net
	connections. (OPT-461)
Warning: Dont_touch on net 'u_ibex_core/cs_registers_i/csr_depc_o[27]' may be overridden by compile because it
	is connected to generic logic. Use all_connected to see net
	connections. (OPT-461)
Warning: Dont_touch on net 'u_ibex_core/cs_registers_i/csr_depc_o[28]' may be overridden by compile because it
	is connected to generic logic. Use all_connected to see net
	connections. (OPT-461)
Warning: Dont_touch on net 'u_ibex_core/cs_registers_i/csr_depc_o[29]' may be overridden by compile because it
	is connected to generic logic. Use all_connected to see net
	connections. (OPT-461)
Warning: Dont_touch on net 'u_ibex_core/cs_registers_i/csr_depc_o[30]' may be overridden by compile because it
	is connected to generic logic. Use all_connected to see net
	connections. (OPT-461)
Warning: Dont_touch on net 'u_ibex_core/cs_registers_i/csr_depc_o[31]' may be overridden by compile because it
	is connected to generic logic. Use all_connected to see net
	connections. (OPT-461)
Warning: Dont_touch on net 'u_ibex_core/cs_registers_i/debug_cause_i[0]' may be overridden by compile because it
	is connected to generic logic. Use all_connected to see net
	connections. (OPT-461)
Warning: Dont_touch on net 'u_ibex_core/cs_registers_i/debug_cause_i[1]' may be overridden by compile because it
	is connected to generic logic. Use all_connected to see net
	connections. (OPT-461)
Warning: Dont_touch on net 'u_ibex_core/cs_registers_i/debug_cause_i[2]' may be overridden by compile because it
	is connected to generic logic. Use all_connected to see net
	connections. (OPT-461)
Warning: Dont_touch on net 'u_ibex_core/cs_registers_i/csr_mtval_o[0]' may be overridden by compile because it
	is connected to generic logic. Use all_connected to see net
	connections. (OPT-461)
Warning: Dont_touch on net 'u_ibex_core/cs_registers_i/csr_mtval_o[1]' may be overridden by compile because it
	is connected to generic logic. Use all_connected to see net
	connections. (OPT-461)
Warning: Dont_touch on net 'u_ibex_core/cs_registers_i/csr_mtval_o[2]' may be overridden by compile because it
	is connected to generic logic. Use all_connected to see net
	connections. (OPT-461)
Warning: Dont_touch on net 'u_ibex_core/cs_registers_i/csr_mtval_o[3]' may be overridden by compile because it
	is connected to generic logic. Use all_connected to see net
	connections. (OPT-461)
Warning: Dont_touch on net 'u_ibex_core/cs_registers_i/csr_mtval_o[4]' may be overridden by compile because it
	is connected to generic logic. Use all_connected to see net
	connections. (OPT-461)
Warning: Dont_touch on net 'u_ibex_core/cs_registers_i/csr_mtval_o[5]' may be overridden by compile because it
	is connected to generic logic. Use all_connected to see net
	connections. (OPT-461)
Warning: Dont_touch on net 'u_ibex_core/cs_registers_i/csr_mtval_o[6]' may be overridden by compile because it
	is connected to generic logic. Use all_connected to see net
	connections. (OPT-461)
Warning: Dont_touch on net 'u_ibex_core/cs_registers_i/csr_mtval_o[7]' may be overridden by compile because it
	is connected to generic logic. Use all_connected to see net
	connections. (OPT-461)
Warning: Dont_touch on net 'u_ibex_core/cs_registers_i/csr_mtval_o[8]' may be overridden by compile because it
	is connected to generic logic. Use all_connected to see net
	connections. (OPT-461)
Warning: Dont_touch on net 'u_ibex_core/cs_registers_i/csr_mtval_o[9]' may be overridden by compile because it
	is connected to generic logic. Use all_connected to see net
	connections. (OPT-461)
Warning: Dont_touch on net 'u_ibex_core/cs_registers_i/csr_mtval_o[10]' may be overridden by compile because it
	is connected to generic logic. Use all_connected to see net
	connections. (OPT-461)
Warning: Dont_touch on net 'u_ibex_core/cs_registers_i/csr_mtval_o[11]' may be overridden by compile because it
	is connected to generic logic. Use all_connected to see net
	connections. (OPT-461)
Warning: Dont_touch on net 'u_ibex_core/cs_registers_i/csr_mtval_o[12]' may be overridden by compile because it
	is connected to generic logic. Use all_connected to see net
	connections. (OPT-461)
Warning: Dont_touch on net 'u_ibex_core/cs_registers_i/csr_mtval_o[13]' may be overridden by compile because it
	is connected to generic logic. Use all_connected to see net
	connections. (OPT-461)
Warning: Dont_touch on net 'u_ibex_core/cs_registers_i/csr_mtval_o[14]' may be overridden by compile because it
	is connected to generic logic. Use all_connected to see net
	connections. (OPT-461)
Warning: Dont_touch on net 'u_ibex_core/cs_registers_i/csr_mtval_o[15]' may be overridden by compile because it
	is connected to generic logic. Use all_connected to see net
	connections. (OPT-461)
Warning: Dont_touch on net 'u_ibex_core/cs_registers_i/csr_mtval_o[16]' may be overridden by compile because it
	is connected to generic logic. Use all_connected to see net
	connections. (OPT-461)
Warning: Dont_touch on net 'u_ibex_core/cs_registers_i/csr_mtval_o[17]' may be overridden by compile because it
	is connected to generic logic. Use all_connected to see net
	connections. (OPT-461)
Warning: Dont_touch on net 'u_ibex_core/cs_registers_i/csr_mtval_o[18]' may be overridden by compile because it
	is connected to generic logic. Use all_connected to see net
	connections. (OPT-461)
Warning: Dont_touch on net 'u_ibex_core/cs_registers_i/csr_mtval_o[19]' may be overridden by compile because it
	is connected to generic logic. Use all_connected to see net
	connections. (OPT-461)
Warning: Dont_touch on net 'u_ibex_core/cs_registers_i/csr_mtval_o[20]' may be overridden by compile because it
	is connected to generic logic. Use all_connected to see net
	connections. (OPT-461)
Warning: Dont_touch on net 'u_ibex_core/cs_registers_i/csr_mtval_o[21]' may be overridden by compile because it
	is connected to generic logic. Use all_connected to see net
	connections. (OPT-461)
Warning: Dont_touch on net 'u_ibex_core/cs_registers_i/csr_mtval_o[22]' may be overridden by compile because it
	is connected to generic logic. Use all_connected to see net
	connections. (OPT-461)
Warning: Dont_touch on net 'u_ibex_core/cs_registers_i/csr_mtval_o[23]' may be overridden by compile because it
	is connected to generic logic. Use all_connected to see net
	connections. (OPT-461)
Warning: Dont_touch on net 'u_ibex_core/cs_registers_i/csr_mtval_o[24]' may be overridden by compile because it
	is connected to generic logic. Use all_connected to see net
	connections. (OPT-461)
Warning: Dont_touch on net 'u_ibex_core/cs_registers_i/csr_mtval_o[25]' may be overridden by compile because it
	is connected to generic logic. Use all_connected to see net
	connections. (OPT-461)
Warning: Dont_touch on net 'u_ibex_core/cs_registers_i/csr_mtval_o[26]' may be overridden by compile because it
	is connected to generic logic. Use all_connected to see net
	connections. (OPT-461)
Warning: Dont_touch on net 'u_ibex_core/cs_registers_i/csr_mtval_o[27]' may be overridden by compile because it
	is connected to generic logic. Use all_connected to see net
	connections. (OPT-461)
Warning: Dont_touch on net 'u_ibex_core/cs_registers_i/csr_mtval_o[28]' may be overridden by compile because it
	is connected to generic logic. Use all_connected to see net
	connections. (OPT-461)
Warning: Dont_touch on net 'u_ibex_core/cs_registers_i/csr_mtval_o[29]' may be overridden by compile because it
	is connected to generic logic. Use all_connected to see net
	connections. (OPT-461)
Warning: Dont_touch on net 'u_ibex_core/cs_registers_i/csr_mtval_o[30]' may be overridden by compile because it
	is connected to generic logic. Use all_connected to see net
	connections. (OPT-461)
Warning: Dont_touch on net 'u_ibex_core/cs_registers_i/csr_mtval_o[31]' may be overridden by compile because it
	is connected to generic logic. Use all_connected to see net
	connections. (OPT-461)
Warning: Dont_touch on net 'u_ibex_core/cs_registers_i/csr_mepc_o[0]' may be overridden by compile because it
	is connected to generic logic. Use all_connected to see net
	connections. (OPT-461)
Warning: Dont_touch on net 'u_ibex_core/cs_registers_i/csr_mepc_o[1]' may be overridden by compile because it
	is connected to generic logic. Use all_connected to see net
	connections. (OPT-461)
Warning: Dont_touch on net 'u_ibex_core/cs_registers_i/csr_mepc_o[2]' may be overridden by compile because it
	is connected to generic logic. Use all_connected to see net
	connections. (OPT-461)
Warning: Dont_touch on net 'u_ibex_core/cs_registers_i/csr_mepc_o[3]' may be overridden by compile because it
	is connected to generic logic. Use all_connected to see net
	connections. (OPT-461)
Warning: Dont_touch on net 'u_ibex_core/cs_registers_i/csr_mepc_o[4]' may be overridden by compile because it
	is connected to generic logic. Use all_connected to see net
	connections. (OPT-461)
Warning: Dont_touch on net 'u_ibex_core/cs_registers_i/csr_mepc_o[5]' may be overridden by compile because it
	is connected to generic logic. Use all_connected to see net
	connections. (OPT-461)
Warning: Dont_touch on net 'u_ibex_core/cs_registers_i/csr_mepc_o[6]' may be overridden by compile because it
	is connected to generic logic. Use all_connected to see net
	connections. (OPT-461)
Warning: Dont_touch on net 'u_ibex_core/cs_registers_i/csr_mepc_o[7]' may be overridden by compile because it
	is connected to generic logic. Use all_connected to see net
	connections. (OPT-461)
Warning: Dont_touch on net 'u_ibex_core/cs_registers_i/csr_mepc_o[8]' may be overridden by compile because it
	is connected to generic logic. Use all_connected to see net
	connections. (OPT-461)
Warning: Dont_touch on net 'u_ibex_core/cs_registers_i/csr_mepc_o[9]' may be overridden by compile because it
	is connected to generic logic. Use all_connected to see net
	connections. (OPT-461)
Warning: Dont_touch on net 'u_ibex_core/cs_registers_i/csr_mepc_o[10]' may be overridden by compile because it
	is connected to generic logic. Use all_connected to see net
	connections. (OPT-461)
Warning: Dont_touch on net 'u_ibex_core/cs_registers_i/csr_mepc_o[11]' may be overridden by compile because it
	is connected to generic logic. Use all_connected to see net
	connections. (OPT-461)
Warning: Dont_touch on net 'u_ibex_core/cs_registers_i/csr_mepc_o[12]' may be overridden by compile because it
	is connected to generic logic. Use all_connected to see net
	connections. (OPT-461)
Warning: Dont_touch on net 'u_ibex_core/cs_registers_i/csr_mepc_o[13]' may be overridden by compile because it
	is connected to generic logic. Use all_connected to see net
	connections. (OPT-461)
Warning: Dont_touch on net 'u_ibex_core/cs_registers_i/csr_mepc_o[14]' may be overridden by compile because it
	is connected to generic logic. Use all_connected to see net
	connections. (OPT-461)
Warning: Dont_touch on net 'u_ibex_core/cs_registers_i/csr_mepc_o[15]' may be overridden by compile because it
	is connected to generic logic. Use all_connected to see net
	connections. (OPT-461)
Warning: Dont_touch on net 'u_ibex_core/cs_registers_i/csr_mepc_o[16]' may be overridden by compile because it
	is connected to generic logic. Use all_connected to see net
	connections. (OPT-461)
Warning: Dont_touch on net 'u_ibex_core/cs_registers_i/csr_mepc_o[17]' may be overridden by compile because it
	is connected to generic logic. Use all_connected to see net
	connections. (OPT-461)
Warning: Dont_touch on net 'u_ibex_core/cs_registers_i/csr_mepc_o[18]' may be overridden by compile because it
	is connected to generic logic. Use all_connected to see net
	connections. (OPT-461)
Warning: Dont_touch on net 'u_ibex_core/cs_registers_i/csr_mepc_o[19]' may be overridden by compile because it
	is connected to generic logic. Use all_connected to see net
	connections. (OPT-461)
Warning: Dont_touch on net 'u_ibex_core/cs_registers_i/csr_mepc_o[20]' may be overridden by compile because it
	is connected to generic logic. Use all_connected to see net
	connections. (OPT-461)
Warning: Dont_touch on net 'u_ibex_core/cs_registers_i/csr_mepc_o[21]' may be overridden by compile because it
	is connected to generic logic. Use all_connected to see net
	connections. (OPT-461)
Warning: Dont_touch on net 'u_ibex_core/cs_registers_i/csr_mepc_o[22]' may be overridden by compile because it
	is connected to generic logic. Use all_connected to see net
	connections. (OPT-461)
Warning: Dont_touch on net 'u_ibex_core/cs_registers_i/csr_mepc_o[23]' may be overridden by compile because it
	is connected to generic logic. Use all_connected to see net
	connections. (OPT-461)
Warning: Dont_touch on net 'u_ibex_core/cs_registers_i/csr_mepc_o[24]' may be overridden by compile because it
	is connected to generic logic. Use all_connected to see net
	connections. (OPT-461)
Warning: Dont_touch on net 'u_ibex_core/cs_registers_i/csr_mepc_o[25]' may be overridden by compile because it
	is connected to generic logic. Use all_connected to see net
	connections. (OPT-461)
Warning: Dont_touch on net 'u_ibex_core/cs_registers_i/csr_mepc_o[26]' may be overridden by compile because it
	is connected to generic logic. Use all_connected to see net
	connections. (OPT-461)
Warning: Dont_touch on net 'u_ibex_core/cs_registers_i/csr_mepc_o[27]' may be overridden by compile because it
	is connected to generic logic. Use all_connected to see net
	connections. (OPT-461)
Warning: Dont_touch on net 'u_ibex_core/cs_registers_i/csr_mepc_o[28]' may be overridden by compile because it
	is connected to generic logic. Use all_connected to see net
	connections. (OPT-461)
Warning: Dont_touch on net 'u_ibex_core/cs_registers_i/csr_mepc_o[29]' may be overridden by compile because it
	is connected to generic logic. Use all_connected to see net
	connections. (OPT-461)
Warning: Dont_touch on net 'u_ibex_core/cs_registers_i/csr_mepc_o[30]' may be overridden by compile because it
	is connected to generic logic. Use all_connected to see net
	connections. (OPT-461)
Warning: Dont_touch on net 'u_ibex_core/cs_registers_i/csr_mepc_o[31]' may be overridden by compile because it
	is connected to generic logic. Use all_connected to see net
	connections. (OPT-461)
Warning: Dont_touch on net 'u_ibex_core/cs_registers_i/csr_mstatus_mie_o' may be overridden by compile because it
	is connected to generic logic. Use all_connected to see net
	connections. (OPT-461)
Warning: Dont_touch on net 'u_ibex_core/cs_registers_i/irq_fast_i[0]' may be overridden by compile because it
	is connected to generic logic. Use all_connected to see net
	connections. (OPT-461)
Warning: Dont_touch on net 'u_ibex_core/cs_registers_i/irq_fast_i[1]' may be overridden by compile because it
	is connected to generic logic. Use all_connected to see net
	connections. (OPT-461)
Warning: Dont_touch on net 'u_ibex_core/cs_registers_i/irq_fast_i[2]' may be overridden by compile because it
	is connected to generic logic. Use all_connected to see net
	connections. (OPT-461)
Warning: Dont_touch on net 'u_ibex_core/cs_registers_i/irq_fast_i[3]' may be overridden by compile because it
	is connected to generic logic. Use all_connected to see net
	connections. (OPT-461)
Warning: Dont_touch on net 'u_ibex_core/cs_registers_i/irq_fast_i[4]' may be overridden by compile because it
	is connected to generic logic. Use all_connected to see net
	connections. (OPT-461)
Warning: Dont_touch on net 'u_ibex_core/cs_registers_i/irq_fast_i[5]' may be overridden by compile because it
	is connected to generic logic. Use all_connected to see net
	connections. (OPT-461)
Warning: Dont_touch on net 'u_ibex_core/cs_registers_i/irq_fast_i[6]' may be overridden by compile because it
	is connected to generic logic. Use all_connected to see net
	connections. (OPT-461)
Warning: Dont_touch on net 'u_ibex_core/cs_registers_i/irq_fast_i[7]' may be overridden by compile because it
	is connected to generic logic. Use all_connected to see net
	connections. (OPT-461)
Warning: Dont_touch on net 'u_ibex_core/cs_registers_i/irq_fast_i[8]' may be overridden by compile because it
	is connected to generic logic. Use all_connected to see net
	connections. (OPT-461)
Warning: Dont_touch on net 'u_ibex_core/cs_registers_i/irq_fast_i[9]' may be overridden by compile because it
	is connected to generic logic. Use all_connected to see net
	connections. (OPT-461)
Warning: Dont_touch on net 'u_ibex_core/cs_registers_i/irq_fast_i[10]' may be overridden by compile because it
	is connected to generic logic. Use all_connected to see net
	connections. (OPT-461)
Warning: Dont_touch on net 'u_ibex_core/cs_registers_i/irq_fast_i[11]' may be overridden by compile because it
	is connected to generic logic. Use all_connected to see net
	connections. (OPT-461)
Warning: Dont_touch on net 'u_ibex_core/cs_registers_i/irq_fast_i[12]' may be overridden by compile because it
	is connected to generic logic. Use all_connected to see net
	connections. (OPT-461)
Warning: Dont_touch on net 'u_ibex_core/cs_registers_i/irq_fast_i[13]' may be overridden by compile because it
	is connected to generic logic. Use all_connected to see net
	connections. (OPT-461)
Warning: Dont_touch on net 'u_ibex_core/cs_registers_i/irq_fast_i[14]' may be overridden by compile because it
	is connected to generic logic. Use all_connected to see net
	connections. (OPT-461)
Warning: Dont_touch on net 'u_ibex_core/cs_registers_i/irq_external_i' may be overridden by compile because it
	is connected to generic logic. Use all_connected to see net
	connections. (OPT-461)
Warning: Dont_touch on net 'u_ibex_core/cs_registers_i/irq_timer_i' may be overridden by compile because it
	is connected to generic logic. Use all_connected to see net
	connections. (OPT-461)
Warning: Dont_touch on net 'u_ibex_core/cs_registers_i/irq_software_i' may be overridden by compile because it
	is connected to generic logic. Use all_connected to see net
	connections. (OPT-461)
Warning: Dont_touch on net 'u_ibex_core/cs_registers_i/csr_rdata_o[0]' may be overridden by compile because it
	is connected to generic logic. Use all_connected to see net
	connections. (OPT-461)
Warning: Dont_touch on net 'u_ibex_core/cs_registers_i/csr_rdata_o[1]' may be overridden by compile because it
	is connected to generic logic. Use all_connected to see net
	connections. (OPT-461)
Warning: Dont_touch on net 'u_ibex_core/cs_registers_i/csr_rdata_o[2]' may be overridden by compile because it
	is connected to generic logic. Use all_connected to see net
	connections. (OPT-461)
Warning: Dont_touch on net 'u_ibex_core/cs_registers_i/csr_rdata_o[3]' may be overridden by compile because it
	is connected to generic logic. Use all_connected to see net
	connections. (OPT-461)
Warning: Dont_touch on net 'u_ibex_core/cs_registers_i/csr_rdata_o[4]' may be overridden by compile because it
	is connected to generic logic. Use all_connected to see net
	connections. (OPT-461)
Warning: Dont_touch on net 'u_ibex_core/cs_registers_i/csr_rdata_o[5]' may be overridden by compile because it
	is connected to generic logic. Use all_connected to see net
	connections. (OPT-461)
Warning: Dont_touch on net 'u_ibex_core/cs_registers_i/csr_rdata_o[6]' may be overridden by compile because it
	is connected to generic logic. Use all_connected to see net
	connections. (OPT-461)
Warning: Dont_touch on net 'u_ibex_core/cs_registers_i/csr_rdata_o[7]' may be overridden by compile because it
	is connected to generic logic. Use all_connected to see net
	connections. (OPT-461)
Warning: Dont_touch on net 'u_ibex_core/cs_registers_i/csr_rdata_o[8]' may be overridden by compile because it
	is connected to generic logic. Use all_connected to see net
	connections. (OPT-461)
Warning: Dont_touch on net 'u_ibex_core/cs_registers_i/csr_rdata_o[9]' may be overridden by compile because it
	is connected to generic logic. Use all_connected to see net
	connections. (OPT-461)
Warning: Dont_touch on net 'u_ibex_core/cs_registers_i/csr_rdata_o[10]' may be overridden by compile because it
	is connected to generic logic. Use all_connected to see net
	connections. (OPT-461)
Warning: Dont_touch on net 'u_ibex_core/cs_registers_i/csr_rdata_o[11]' may be overridden by compile because it
	is connected to generic logic. Use all_connected to see net
	connections. (OPT-461)
Warning: Dont_touch on net 'u_ibex_core/cs_registers_i/csr_rdata_o[12]' may be overridden by compile because it
	is connected to generic logic. Use all_connected to see net
	connections. (OPT-461)
Warning: Dont_touch on net 'u_ibex_core/cs_registers_i/csr_rdata_o[13]' may be overridden by compile because it
	is connected to generic logic. Use all_connected to see net
	connections. (OPT-461)
Warning: Dont_touch on net 'u_ibex_core/cs_registers_i/csr_rdata_o[14]' may be overridden by compile because it
	is connected to generic logic. Use all_connected to see net
	connections. (OPT-461)
Warning: Dont_touch on net 'u_ibex_core/cs_registers_i/csr_rdata_o[15]' may be overridden by compile because it
	is connected to generic logic. Use all_connected to see net
	connections. (OPT-461)
Warning: Dont_touch on net 'u_ibex_core/cs_registers_i/csr_rdata_o[16]' may be overridden by compile because it
	is connected to generic logic. Use all_connected to see net
	connections. (OPT-461)
Warning: Dont_touch on net 'u_ibex_core/cs_registers_i/csr_rdata_o[17]' may be overridden by compile because it
	is connected to generic logic. Use all_connected to see net
	connections. (OPT-461)
Warning: Dont_touch on net 'u_ibex_core/cs_registers_i/csr_rdata_o[18]' may be overridden by compile because it
	is connected to generic logic. Use all_connected to see net
	connections. (OPT-461)
Warning: Dont_touch on net 'u_ibex_core/cs_registers_i/csr_rdata_o[19]' may be overridden by compile because it
	is connected to generic logic. Use all_connected to see net
	connections. (OPT-461)
Warning: Dont_touch on net 'u_ibex_core/cs_registers_i/csr_rdata_o[20]' may be overridden by compile because it
	is connected to generic logic. Use all_connected to see net
	connections. (OPT-461)
Warning: Dont_touch on net 'u_ibex_core/cs_registers_i/csr_rdata_o[21]' may be overridden by compile because it
	is connected to generic logic. Use all_connected to see net
	connections. (OPT-461)
Warning: Dont_touch on net 'u_ibex_core/cs_registers_i/csr_rdata_o[22]' may be overridden by compile because it
	is connected to generic logic. Use all_connected to see net
	connections. (OPT-461)
Warning: Dont_touch on net 'u_ibex_core/cs_registers_i/csr_rdata_o[23]' may be overridden by compile because it
	is connected to generic logic. Use all_connected to see net
	connections. (OPT-461)
Warning: Dont_touch on net 'u_ibex_core/cs_registers_i/csr_rdata_o[24]' may be overridden by compile because it
	is connected to generic logic. Use all_connected to see net
	connections. (OPT-461)
Warning: Dont_touch on net 'u_ibex_core/cs_registers_i/csr_rdata_o[25]' may be overridden by compile because it
	is connected to generic logic. Use all_connected to see net
	connections. (OPT-461)
Warning: Dont_touch on net 'u_ibex_core/cs_registers_i/csr_rdata_o[26]' may be overridden by compile because it
	is connected to generic logic. Use all_connected to see net
	connections. (OPT-461)
Warning: Dont_touch on net 'u_ibex_core/cs_registers_i/csr_rdata_o[27]' may be overridden by compile because it
	is connected to generic logic. Use all_connected to see net
	connections. (OPT-461)
Warning: Dont_touch on net 'u_ibex_core/cs_registers_i/csr_rdata_o[28]' may be overridden by compile because it
	is connected to generic logic. Use all_connected to see net
	connections. (OPT-461)
Warning: Dont_touch on net 'u_ibex_core/cs_registers_i/csr_rdata_o[29]' may be overridden by compile because it
	is connected to generic logic. Use all_connected to see net
	connections. (OPT-461)
Warning: Dont_touch on net 'u_ibex_core/cs_registers_i/csr_rdata_o[30]' may be overridden by compile because it
	is connected to generic logic. Use all_connected to see net
	connections. (OPT-461)
Warning: Dont_touch on net 'u_ibex_core/cs_registers_i/csr_rdata_o[31]' may be overridden by compile because it
	is connected to generic logic. Use all_connected to see net
	connections. (OPT-461)
Warning: Dont_touch on net 'u_ibex_core/cs_registers_i/csr_wdata_i[0]' may be overridden by compile because it
	is connected to generic logic. Use all_connected to see net
	connections. (OPT-461)
Warning: Dont_touch on net 'u_ibex_core/cs_registers_i/csr_wdata_i[1]' may be overridden by compile because it
	is connected to generic logic. Use all_connected to see net
	connections. (OPT-461)
Warning: Dont_touch on net 'u_ibex_core/cs_registers_i/csr_wdata_i[2]' may be overridden by compile because it
	is connected to generic logic. Use all_connected to see net
	connections. (OPT-461)
Warning: Dont_touch on net 'u_ibex_core/cs_registers_i/csr_wdata_i[3]' may be overridden by compile because it
	is connected to generic logic. Use all_connected to see net
	connections. (OPT-461)
Warning: Dont_touch on net 'u_ibex_core/cs_registers_i/csr_wdata_i[4]' may be overridden by compile because it
	is connected to generic logic. Use all_connected to see net
	connections. (OPT-461)
Warning: Dont_touch on net 'u_ibex_core/cs_registers_i/csr_wdata_i[5]' may be overridden by compile because it
	is connected to generic logic. Use all_connected to see net
	connections. (OPT-461)
Warning: Dont_touch on net 'u_ibex_core/cs_registers_i/csr_wdata_i[6]' may be overridden by compile because it
	is connected to generic logic. Use all_connected to see net
	connections. (OPT-461)
Warning: Dont_touch on net 'u_ibex_core/cs_registers_i/csr_wdata_i[7]' may be overridden by compile because it
	is connected to generic logic. Use all_connected to see net
	connections. (OPT-461)
Warning: Dont_touch on net 'u_ibex_core/cs_registers_i/csr_wdata_i[8]' may be overridden by compile because it
	is connected to generic logic. Use all_connected to see net
	connections. (OPT-461)
Warning: Dont_touch on net 'u_ibex_core/cs_registers_i/csr_wdata_i[9]' may be overridden by compile because it
	is connected to generic logic. Use all_connected to see net
	connections. (OPT-461)
Warning: Dont_touch on net 'u_ibex_core/cs_registers_i/csr_wdata_i[10]' may be overridden by compile because it
	is connected to generic logic. Use all_connected to see net
	connections. (OPT-461)
Warning: Dont_touch on net 'u_ibex_core/cs_registers_i/csr_wdata_i[11]' may be overridden by compile because it
	is connected to generic logic. Use all_connected to see net
	connections. (OPT-461)
Warning: Dont_touch on net 'u_ibex_core/cs_registers_i/csr_wdata_i[12]' may be overridden by compile because it
	is connected to generic logic. Use all_connected to see net
	connections. (OPT-461)
Warning: Dont_touch on net 'u_ibex_core/cs_registers_i/csr_wdata_i[13]' may be overridden by compile because it
	is connected to generic logic. Use all_connected to see net
	connections. (OPT-461)
Warning: Dont_touch on net 'u_ibex_core/cs_registers_i/csr_wdata_i[14]' may be overridden by compile because it
	is connected to generic logic. Use all_connected to see net
	connections. (OPT-461)
Warning: Dont_touch on net 'u_ibex_core/cs_registers_i/csr_wdata_i[15]' may be overridden by compile because it
	is connected to generic logic. Use all_connected to see net
	connections. (OPT-461)
Warning: Dont_touch on net 'u_ibex_core/cs_registers_i/csr_wdata_i[16]' may be overridden by compile because it
	is connected to generic logic. Use all_connected to see net
	connections. (OPT-461)
Warning: Dont_touch on net 'u_ibex_core/cs_registers_i/csr_wdata_i[17]' may be overridden by compile because it
	is connected to generic logic. Use all_connected to see net
	connections. (OPT-461)
Warning: Dont_touch on net 'u_ibex_core/cs_registers_i/csr_wdata_i[18]' may be overridden by compile because it
	is connected to generic logic. Use all_connected to see net
	connections. (OPT-461)
Warning: Dont_touch on net 'u_ibex_core/cs_registers_i/csr_wdata_i[19]' may be overridden by compile because it
	is connected to generic logic. Use all_connected to see net
	connections. (OPT-461)
Warning: Dont_touch on net 'u_ibex_core/cs_registers_i/csr_wdata_i[20]' may be overridden by compile because it
	is connected to generic logic. Use all_connected to see net
	connections. (OPT-461)
Warning: Dont_touch on net 'u_ibex_core/cs_registers_i/csr_wdata_i[21]' may be overridden by compile because it
	is connected to generic logic. Use all_connected to see net
	connections. (OPT-461)
Warning: Dont_touch on net 'u_ibex_core/cs_registers_i/csr_wdata_i[22]' may be overridden by compile because it
	is connected to generic logic. Use all_connected to see net
	connections. (OPT-461)
Warning: Dont_touch on net 'u_ibex_core/cs_registers_i/csr_wdata_i[23]' may be overridden by compile because it
	is connected to generic logic. Use all_connected to see net
	connections. (OPT-461)
Warning: Dont_touch on net 'u_ibex_core/cs_registers_i/csr_wdata_i[24]' may be overridden by compile because it
	is connected to generic logic. Use all_connected to see net
	connections. (OPT-461)
Warning: Dont_touch on net 'u_ibex_core/cs_registers_i/csr_wdata_i[25]' may be overridden by compile because it
	is connected to generic logic. Use all_connected to see net
	connections. (OPT-461)
Warning: Dont_touch on net 'u_ibex_core/cs_registers_i/csr_wdata_i[26]' may be overridden by compile because it
	is connected to generic logic. Use all_connected to see net
	connections. (OPT-461)
Warning: Dont_touch on net 'u_ibex_core/cs_registers_i/csr_wdata_i[27]' may be overridden by compile because it
	is connected to generic logic. Use all_connected to see net
	connections. (OPT-461)
Warning: Dont_touch on net 'u_ibex_core/cs_registers_i/csr_wdata_i[28]' may be overridden by compile because it
	is connected to generic logic. Use all_connected to see net
	connections. (OPT-461)
Warning: Dont_touch on net 'u_ibex_core/cs_registers_i/csr_wdata_i[29]' may be overridden by compile because it
	is connected to generic logic. Use all_connected to see net
	connections. (OPT-461)
Warning: Dont_touch on net 'u_ibex_core/cs_registers_i/csr_wdata_i[30]' may be overridden by compile because it
	is connected to generic logic. Use all_connected to see net
	connections. (OPT-461)
Warning: Dont_touch on net 'u_ibex_core/cs_registers_i/csr_wdata_i[31]' may be overridden by compile because it
	is connected to generic logic. Use all_connected to see net
	connections. (OPT-461)
Warning: Dont_touch on net 'u_ibex_core/cs_registers_i/boot_addr_i[8]' may be overridden by compile because it
	is connected to generic logic. Use all_connected to see net
	connections. (OPT-461)
Warning: Dont_touch on net 'u_ibex_core/cs_registers_i/boot_addr_i[9]' may be overridden by compile because it
	is connected to generic logic. Use all_connected to see net
	connections. (OPT-461)
Warning: Dont_touch on net 'u_ibex_core/cs_registers_i/boot_addr_i[10]' may be overridden by compile because it
	is connected to generic logic. Use all_connected to see net
	connections. (OPT-461)
Warning: Dont_touch on net 'u_ibex_core/cs_registers_i/boot_addr_i[11]' may be overridden by compile because it
	is connected to generic logic. Use all_connected to see net
	connections. (OPT-461)
Warning: Dont_touch on net 'u_ibex_core/cs_registers_i/boot_addr_i[12]' may be overridden by compile because it
	is connected to generic logic. Use all_connected to see net
	connections. (OPT-461)
Warning: Dont_touch on net 'u_ibex_core/cs_registers_i/boot_addr_i[13]' may be overridden by compile because it
	is connected to generic logic. Use all_connected to see net
	connections. (OPT-461)
Warning: Dont_touch on net 'u_ibex_core/cs_registers_i/boot_addr_i[14]' may be overridden by compile because it
	is connected to generic logic. Use all_connected to see net
	connections. (OPT-461)
Warning: Dont_touch on net 'u_ibex_core/cs_registers_i/boot_addr_i[15]' may be overridden by compile because it
	is connected to generic logic. Use all_connected to see net
	connections. (OPT-461)
Warning: Dont_touch on net 'u_ibex_core/cs_registers_i/boot_addr_i[16]' may be overridden by compile because it
	is connected to generic logic. Use all_connected to see net
	connections. (OPT-461)
Warning: Dont_touch on net 'u_ibex_core/cs_registers_i/boot_addr_i[17]' may be overridden by compile because it
	is connected to generic logic. Use all_connected to see net
	connections. (OPT-461)
Warning: Dont_touch on net 'u_ibex_core/cs_registers_i/boot_addr_i[18]' may be overridden by compile because it
	is connected to generic logic. Use all_connected to see net
	connections. (OPT-461)
Warning: Dont_touch on net 'u_ibex_core/cs_registers_i/boot_addr_i[19]' may be overridden by compile because it
	is connected to generic logic. Use all_connected to see net
	connections. (OPT-461)
Warning: Dont_touch on net 'u_ibex_core/cs_registers_i/boot_addr_i[20]' may be overridden by compile because it
	is connected to generic logic. Use all_connected to see net
	connections. (OPT-461)
Warning: Dont_touch on net 'u_ibex_core/cs_registers_i/boot_addr_i[21]' may be overridden by compile because it
	is connected to generic logic. Use all_connected to see net
	connections. (OPT-461)
Warning: Dont_touch on net 'u_ibex_core/cs_registers_i/boot_addr_i[22]' may be overridden by compile because it
	is connected to generic logic. Use all_connected to see net
	connections. (OPT-461)
Warning: Dont_touch on net 'u_ibex_core/cs_registers_i/boot_addr_i[23]' may be overridden by compile because it
	is connected to generic logic. Use all_connected to see net
	connections. (OPT-461)
Warning: Dont_touch on net 'u_ibex_core/cs_registers_i/boot_addr_i[24]' may be overridden by compile because it
	is connected to generic logic. Use all_connected to see net
	connections. (OPT-461)
Warning: Dont_touch on net 'u_ibex_core/cs_registers_i/boot_addr_i[25]' may be overridden by compile because it
	is connected to generic logic. Use all_connected to see net
	connections. (OPT-461)
Warning: Dont_touch on net 'u_ibex_core/cs_registers_i/boot_addr_i[26]' may be overridden by compile because it
	is connected to generic logic. Use all_connected to see net
	connections. (OPT-461)
Warning: Dont_touch on net 'u_ibex_core/cs_registers_i/boot_addr_i[27]' may be overridden by compile because it
	is connected to generic logic. Use all_connected to see net
	connections. (OPT-461)
Warning: Dont_touch on net 'u_ibex_core/cs_registers_i/boot_addr_i[28]' may be overridden by compile because it
	is connected to generic logic. Use all_connected to see net
	connections. (OPT-461)
Warning: Dont_touch on net 'u_ibex_core/cs_registers_i/boot_addr_i[29]' may be overridden by compile because it
	is connected to generic logic. Use all_connected to see net
	connections. (OPT-461)
Warning: Dont_touch on net 'u_ibex_core/cs_registers_i/boot_addr_i[30]' may be overridden by compile because it
	is connected to generic logic. Use all_connected to see net
	connections. (OPT-461)
Warning: Dont_touch on net 'u_ibex_core/cs_registers_i/boot_addr_i[31]' may be overridden by compile because it
	is connected to generic logic. Use all_connected to see net
	connections. (OPT-461)
Warning: Dont_touch on net 'u_ibex_core/cs_registers_i/csr_mtvec_init_i' may be overridden by compile because it
	is connected to generic logic. Use all_connected to see net
	connections. (OPT-461)
Warning: Dont_touch on net 'u_ibex_core/cs_registers_i/csr_mtvec_o[0]' may be overridden by compile because it
	is connected to generic logic. Use all_connected to see net
	connections. (OPT-461)
Warning: Dont_touch on net 'u_ibex_core/cs_registers_i/csr_mtvec_o[1]' may be overridden by compile because it
	is connected to generic logic. Use all_connected to see net
	connections. (OPT-461)
Warning: Dont_touch on net 'u_ibex_core/cs_registers_i/csr_mtvec_o[2]' may be overridden by compile because it
	is connected to generic logic. Use all_connected to see net
	connections. (OPT-461)
Warning: Dont_touch on net 'u_ibex_core/cs_registers_i/csr_mtvec_o[3]' may be overridden by compile because it
	is connected to generic logic. Use all_connected to see net
	connections. (OPT-461)
Warning: Dont_touch on net 'u_ibex_core/cs_registers_i/csr_mtvec_o[4]' may be overridden by compile because it
	is connected to generic logic. Use all_connected to see net
	connections. (OPT-461)
Warning: Dont_touch on net 'u_ibex_core/cs_registers_i/csr_mtvec_o[5]' may be overridden by compile because it
	is connected to generic logic. Use all_connected to see net
	connections. (OPT-461)
Warning: Dont_touch on net 'u_ibex_core/cs_registers_i/csr_mtvec_o[6]' may be overridden by compile because it
	is connected to generic logic. Use all_connected to see net
	connections. (OPT-461)
Warning: Dont_touch on net 'u_ibex_core/cs_registers_i/csr_mtvec_o[7]' may be overridden by compile because it
	is connected to generic logic. Use all_connected to see net
	connections. (OPT-461)
Warning: Dont_touch on net 'u_ibex_core/cs_registers_i/csr_mtvec_o[8]' may be overridden by compile because it
	is connected to generic logic. Use all_connected to see net
	connections. (OPT-461)
Warning: Dont_touch on net 'u_ibex_core/cs_registers_i/csr_mtvec_o[9]' may be overridden by compile because it
	is connected to generic logic. Use all_connected to see net
	connections. (OPT-461)
Warning: Dont_touch on net 'u_ibex_core/cs_registers_i/csr_mtvec_o[10]' may be overridden by compile because it
	is connected to generic logic. Use all_connected to see net
	connections. (OPT-461)
Warning: Dont_touch on net 'u_ibex_core/cs_registers_i/csr_mtvec_o[11]' may be overridden by compile because it
	is connected to generic logic. Use all_connected to see net
	connections. (OPT-461)
Warning: Dont_touch on net 'u_ibex_core/cs_registers_i/csr_mtvec_o[12]' may be overridden by compile because it
	is connected to generic logic. Use all_connected to see net
	connections. (OPT-461)
Warning: Dont_touch on net 'u_ibex_core/cs_registers_i/csr_mtvec_o[13]' may be overridden by compile because it
	is connected to generic logic. Use all_connected to see net
	connections. (OPT-461)
Warning: Dont_touch on net 'u_ibex_core/cs_registers_i/csr_mtvec_o[14]' may be overridden by compile because it
	is connected to generic logic. Use all_connected to see net
	connections. (OPT-461)
Warning: Dont_touch on net 'u_ibex_core/cs_registers_i/csr_mtvec_o[15]' may be overridden by compile because it
	is connected to generic logic. Use all_connected to see net
	connections. (OPT-461)
Warning: Dont_touch on net 'u_ibex_core/cs_registers_i/csr_mtvec_o[16]' may be overridden by compile because it
	is connected to generic logic. Use all_connected to see net
	connections. (OPT-461)
Warning: Dont_touch on net 'u_ibex_core/cs_registers_i/csr_mtvec_o[17]' may be overridden by compile because it
	is connected to generic logic. Use all_connected to see net
	connections. (OPT-461)
Warning: Dont_touch on net 'u_ibex_core/cs_registers_i/csr_mtvec_o[18]' may be overridden by compile because it
	is connected to generic logic. Use all_connected to see net
	connections. (OPT-461)
Warning: Dont_touch on net 'u_ibex_core/cs_registers_i/csr_mtvec_o[19]' may be overridden by compile because it
	is connected to generic logic. Use all_connected to see net
	connections. (OPT-461)
Warning: Dont_touch on net 'u_ibex_core/cs_registers_i/csr_mtvec_o[20]' may be overridden by compile because it
	is connected to generic logic. Use all_connected to see net
	connections. (OPT-461)
Warning: Dont_touch on net 'u_ibex_core/cs_registers_i/csr_mtvec_o[21]' may be overridden by compile because it
	is connected to generic logic. Use all_connected to see net
	connections. (OPT-461)
Warning: Dont_touch on net 'u_ibex_core/cs_registers_i/csr_mtvec_o[22]' may be overridden by compile because it
	is connected to generic logic. Use all_connected to see net
	connections. (OPT-461)
Warning: Dont_touch on net 'u_ibex_core/cs_registers_i/csr_mtvec_o[23]' may be overridden by compile because it
	is connected to generic logic. Use all_connected to see net
	connections. (OPT-461)
Warning: Dont_touch on net 'u_ibex_core/cs_registers_i/csr_mtvec_o[24]' may be overridden by compile because it
	is connected to generic logic. Use all_connected to see net
	connections. (OPT-461)
Warning: Dont_touch on net 'u_ibex_core/cs_registers_i/csr_mtvec_o[25]' may be overridden by compile because it
	is connected to generic logic. Use all_connected to see net
	connections. (OPT-461)
Warning: Dont_touch on net 'u_ibex_core/cs_registers_i/csr_mtvec_o[26]' may be overridden by compile because it
	is connected to generic logic. Use all_connected to see net
	connections. (OPT-461)
Warning: Dont_touch on net 'u_ibex_core/cs_registers_i/csr_mtvec_o[27]' may be overridden by compile because it
	is connected to generic logic. Use all_connected to see net
	connections. (OPT-461)
Warning: Dont_touch on net 'u_ibex_core/cs_registers_i/csr_mtvec_o[28]' may be overridden by compile because it
	is connected to generic logic. Use all_connected to see net
	connections. (OPT-461)
Warning: Dont_touch on net 'u_ibex_core/cs_registers_i/csr_mtvec_o[29]' may be overridden by compile because it
	is connected to generic logic. Use all_connected to see net
	connections. (OPT-461)
Warning: Dont_touch on net 'u_ibex_core/cs_registers_i/csr_mtvec_o[30]' may be overridden by compile because it
	is connected to generic logic. Use all_connected to see net
	connections. (OPT-461)
Warning: Dont_touch on net 'u_ibex_core/cs_registers_i/csr_mtvec_o[31]' may be overridden by compile because it
	is connected to generic logic. Use all_connected to see net
	connections. (OPT-461)
Warning: Dont_touch on net 'u_ibex_core/cs_registers_i/csr_mstatus_tw_o' may be overridden by compile because it
	is connected to generic logic. Use all_connected to see net
	connections. (OPT-461)
Warning: Dont_touch on net 'u_ibex_core/cs_registers_i/priv_mode_lsu_o[0]' may be overridden by compile because it
	is connected to generic logic. Use all_connected to see net
	connections. (OPT-461)
Warning: Dont_touch on net 'u_ibex_core/cs_registers_i/priv_mode_lsu_o[1]' may be overridden by compile because it
	is connected to generic logic. Use all_connected to see net
	connections. (OPT-461)
Warning: Dont_touch on net 'u_ibex_core/cs_registers_i/priv_mode_id_o[0]' may be overridden by compile because it
	is connected to generic logic. Use all_connected to see net
	connections. (OPT-461)
Warning: Dont_touch on net 'u_ibex_core/cs_registers_i/priv_mode_id_o[1]' may be overridden by compile because it
	is connected to generic logic. Use all_connected to see net
	connections. (OPT-461)
Warning: Dont_touch on net 'u_ibex_core/cs_registers_i/hart_id_i[0]' may be overridden by compile because it
	is connected to generic logic. Use all_connected to see net
	connections. (OPT-461)
Warning: Dont_touch on net 'u_ibex_core/cs_registers_i/hart_id_i[1]' may be overridden by compile because it
	is connected to generic logic. Use all_connected to see net
	connections. (OPT-461)
Warning: Dont_touch on net 'u_ibex_core/cs_registers_i/hart_id_i[2]' may be overridden by compile because it
	is connected to generic logic. Use all_connected to see net
	connections. (OPT-461)
Warning: Dont_touch on net 'u_ibex_core/cs_registers_i/hart_id_i[3]' may be overridden by compile because it
	is connected to generic logic. Use all_connected to see net
	connections. (OPT-461)
Warning: Dont_touch on net 'u_ibex_core/cs_registers_i/hart_id_i[4]' may be overridden by compile because it
	is connected to generic logic. Use all_connected to see net
	connections. (OPT-461)
Warning: Dont_touch on net 'u_ibex_core/cs_registers_i/hart_id_i[5]' may be overridden by compile because it
	is connected to generic logic. Use all_connected to see net
	connections. (OPT-461)
Warning: Dont_touch on net 'u_ibex_core/cs_registers_i/hart_id_i[6]' may be overridden by compile because it
	is connected to generic logic. Use all_connected to see net
	connections. (OPT-461)
Warning: Dont_touch on net 'u_ibex_core/cs_registers_i/hart_id_i[7]' may be overridden by compile because it
	is connected to generic logic. Use all_connected to see net
	connections. (OPT-461)
Warning: Dont_touch on net 'u_ibex_core/cs_registers_i/hart_id_i[8]' may be overridden by compile because it
	is connected to generic logic. Use all_connected to see net
	connections. (OPT-461)
Warning: Dont_touch on net 'u_ibex_core/cs_registers_i/hart_id_i[9]' may be overridden by compile because it
	is connected to generic logic. Use all_connected to see net
	connections. (OPT-461)
Warning: Dont_touch on net 'u_ibex_core/cs_registers_i/hart_id_i[10]' may be overridden by compile because it
	is connected to generic logic. Use all_connected to see net
	connections. (OPT-461)
Warning: Dont_touch on net 'u_ibex_core/cs_registers_i/hart_id_i[11]' may be overridden by compile because it
	is connected to generic logic. Use all_connected to see net
	connections. (OPT-461)
Warning: Dont_touch on net 'u_ibex_core/cs_registers_i/hart_id_i[12]' may be overridden by compile because it
	is connected to generic logic. Use all_connected to see net
	connections. (OPT-461)
Warning: Dont_touch on net 'u_ibex_core/cs_registers_i/hart_id_i[13]' may be overridden by compile because it
	is connected to generic logic. Use all_connected to see net
	connections. (OPT-461)
Warning: Dont_touch on net 'u_ibex_core/cs_registers_i/hart_id_i[14]' may be overridden by compile because it
	is connected to generic logic. Use all_connected to see net
	connections. (OPT-461)
Warning: Dont_touch on net 'u_ibex_core/cs_registers_i/hart_id_i[15]' may be overridden by compile because it
	is connected to generic logic. Use all_connected to see net
	connections. (OPT-461)
Warning: Dont_touch on net 'u_ibex_core/cs_registers_i/hart_id_i[16]' may be overridden by compile because it
	is connected to generic logic. Use all_connected to see net
	connections. (OPT-461)
Warning: Dont_touch on net 'u_ibex_core/cs_registers_i/hart_id_i[17]' may be overridden by compile because it
	is connected to generic logic. Use all_connected to see net
	connections. (OPT-461)
Warning: Dont_touch on net 'u_ibex_core/cs_registers_i/hart_id_i[18]' may be overridden by compile because it
	is connected to generic logic. Use all_connected to see net
	connections. (OPT-461)
Warning: Dont_touch on net 'u_ibex_core/cs_registers_i/hart_id_i[19]' may be overridden by compile because it
	is connected to generic logic. Use all_connected to see net
	connections. (OPT-461)
Warning: Dont_touch on net 'u_ibex_core/cs_registers_i/hart_id_i[20]' may be overridden by compile because it
	is connected to generic logic. Use all_connected to see net
	connections. (OPT-461)
Warning: Dont_touch on net 'u_ibex_core/cs_registers_i/hart_id_i[21]' may be overridden by compile because it
	is connected to generic logic. Use all_connected to see net
	connections. (OPT-461)
Warning: Dont_touch on net 'u_ibex_core/cs_registers_i/hart_id_i[22]' may be overridden by compile because it
	is connected to generic logic. Use all_connected to see net
	connections. (OPT-461)
Warning: Dont_touch on net 'u_ibex_core/cs_registers_i/hart_id_i[23]' may be overridden by compile because it
	is connected to generic logic. Use all_connected to see net
	connections. (OPT-461)
Warning: Dont_touch on net 'u_ibex_core/cs_registers_i/hart_id_i[24]' may be overridden by compile because it
	is connected to generic logic. Use all_connected to see net
	connections. (OPT-461)
Warning: Dont_touch on net 'u_ibex_core/cs_registers_i/hart_id_i[25]' may be overridden by compile because it
	is connected to generic logic. Use all_connected to see net
	connections. (OPT-461)
Warning: Dont_touch on net 'u_ibex_core/cs_registers_i/hart_id_i[26]' may be overridden by compile because it
	is connected to generic logic. Use all_connected to see net
	connections. (OPT-461)
Warning: Dont_touch on net 'u_ibex_core/cs_registers_i/hart_id_i[27]' may be overridden by compile because it
	is connected to generic logic. Use all_connected to see net
	connections. (OPT-461)
Warning: Dont_touch on net 'u_ibex_core/cs_registers_i/hart_id_i[28]' may be overridden by compile because it
	is connected to generic logic. Use all_connected to see net
	connections. (OPT-461)
Warning: Dont_touch on net 'u_ibex_core/cs_registers_i/hart_id_i[29]' may be overridden by compile because it
	is connected to generic logic. Use all_connected to see net
	connections. (OPT-461)
Warning: Dont_touch on net 'u_ibex_core/cs_registers_i/hart_id_i[30]' may be overridden by compile because it
	is connected to generic logic. Use all_connected to see net
	connections. (OPT-461)
Warning: Dont_touch on net 'u_ibex_core/cs_registers_i/hart_id_i[31]' may be overridden by compile because it
	is connected to generic logic. Use all_connected to see net
	connections. (OPT-461)
Warning: Dont_touch on net 'u_ibex_core/cs_registers_i/clk_i' may be overridden by compile because it
	is connected to generic logic. Use all_connected to see net
	connections. (OPT-461)
Warning: Dont_touch on net 'u_ibex_core/cs_registers_i/*Logic0*' may be overridden by compile because it
	is connected to generic logic. Use all_connected to see net
	connections. (OPT-461)
Warning: Dont_touch on net 'u_ibex_core/cs_registers_i/*Logic1*' may be overridden by compile because it
	is connected to generic logic. Use all_connected to see net
	connections. (OPT-461)

Information: There are 1075 potential problems in your design. Please run 'check_design' for more information. (LINT-99)


  Loading target library 'saed14hvt_ss0p72vm40c'
  Loading target library 'saed14hvt_ff0p88v125c'
Warning: No single bit degenerate for multibit library cell 'SAEDHVT14_FSDN4_V2_4'. (OPT-914)
Warning: No single bit degenerate for multibit library cell 'SAEDHVT14_FSDN4_V2_2'. (OPT-914)
Warning: No single bit degenerate for multibit library cell 'SAEDHVT14_FSDN4_V2_1'. (OPT-914)
Warning: No single bit degenerate for multibit library cell 'SAEDHVT14_FSDN4_V2_0P5'. (OPT-914)
Warning: No single bit degenerate for multibit library cell 'SAEDHVT14_FSDN2_V2_4'. (OPT-914)
Warning: No single bit degenerate for multibit library cell 'SAEDHVT14_FSDN2_V2_2'. (OPT-914)
Warning: No single bit degenerate for multibit library cell 'SAEDHVT14_FSDN2_V2_1'. (OPT-914)
Warning: No single bit degenerate for multibit library cell 'SAEDHVT14_FSDN2_V2_0P5'. (OPT-914)
Warning: Operating condition ss0p72vm40c set on design ibex_top has different process,
voltage and temperatures parameters than the parameters at which target library 
saed14hvt_tt0p8v25c is characterized. Delays may be inaccurate as a result. (OPT-998)
Information: State dependent leakage is now switched from on to off.

  Beginning Pass 1 Mapping  (Incremental)
  ------------------------
  Processing 'ibex_csr_8_0_0_1'
  Processing 'ibex_counter_CounterWidth64_ProvideValUpd1_1'
  Processing 'ibex_counter_CounterWidth64_1'
  Processing 'ibex_csr_7_0_0_0'
  Processing 'ibex_csr_32_0_0_0'
  Processing 'ibex_csr_3_0_4_1'
  Processing 'ibex_csr_32_0_40000003_1'
  Processing 'ibex_csr_32_0_00000001_1'
  Processing 'ibex_csr_18_0_0_1'
  Processing 'ibex_csr_6_0_10_1'
  Processing 'ibex_cs_registers_0_00000001_0_0_0_0_00000000_00000028_0_00000000_00000004_0_0_3_0_1'
Information: The register 'mcountinhibit_q_reg[1]' is a constant and will be removed. (OPT-1206)
  Processing 'ibex_register_file_ff_0_00000020_0_0_0_00000000_1'

  Updating timing information
Information: Updating design information... (UID-85)
Information: The library cell 'SAEDHVT14_TIE1_PV1ECO_1' in the library 'saed14hvt_tt0p8v25c' is not characterized for internal power. (PWR-536)
Information: The library cell 'SAEDHVT14_TIE0_PV1ECO_1' in the library 'saed14hvt_tt0p8v25c' is not characterized for internal power. (PWR-536)
Information: The library cell 'SAEDHVT14_TIE1_V1ECO_1' in the library 'saed14hvt_tt0p8v25c' is not characterized for internal power. (PWR-536)
Information: The library cell 'SAEDHVT14_TIE1_V1_2' in the library 'saed14hvt_tt0p8v25c' is not characterized for internal power. (PWR-536)
Information: The library cell 'SAEDHVT14_TIE1_4' in the library 'saed14hvt_tt0p8v25c' is not characterized for internal power. (PWR-536)
Information: The library cell 'SAEDHVT14_TIE0_V1_2' in the library 'saed14hvt_tt0p8v25c' is not characterized for internal power. (PWR-536)
Information: The library cell 'SAEDHVT14_TIE0_4' in the library 'saed14hvt_tt0p8v25c' is not characterized for internal power. (PWR-536)
Information: The target library(s) contains cell(s), other than black boxes, that are not characterized for internal power. (PWR-24)
  Processing 'ibex_counter_CounterWidth64_ProvideValUpd1_1_DW01_inc_0'
  Processing 'ibex_counter_CounterWidth64_1_DW01_inc_0'
Warning: No scan equivalent exists for cell core_clock_gate_i/gen_generic.u_impl_generic/en_latch_reg (SAEDHVT14_LDNR2PQ_1). (TEST-120)
Warning: No scan equivalent exists for cell core_clock_gate_i/gen_generic.u_impl_generic/en_latch_reg (SAEDHVT14_LDNR2PQ_1). (TEST-120)

  Beginning Mapping Optimizations  (Medium effort)  (Incremental)
  -------------------------------

  Beginning Incremental Implementation Selection
  ----------------------------------------------
  Selecting implementations
  Selecting implementations
Information: compile falsified 32 infeasible paths. (OPT-1720)

                                  TOTAL                                                
   ELAPSED            WORST NEG   SETUP    DESIGN                              LEAKAGE 
    TIME      AREA      SLACK     COST    RULE COST         ENDPOINT            POWER  
  --------- --------- --------- --------- --------- ------------------------- ---------
    0:00:30    7928.3  54412.48 7946633.0    5816.7                           2370592.7500
    0:00:32    7927.4  54834.45 7435070.0    5822.7                           2369651.7500
    0:00:32    7927.4  54834.45 7435070.0    5822.7                           2369651.7500
    0:00:32    7927.4  54834.45 7435070.0    5822.7                           2369651.7500
    0:00:33    7927.7  15226.09 6848760.5    5822.7                           2369557.5000
    0:00:34    7927.7  15226.09 6848761.5    5822.7                           2369557.5000
    0:00:37    8064.9 105402.39 32537840.0    5819.2                           2274995.5000
    0:00:37    8101.8 104196.40 33037776.0    5819.2                           2268426.7500
    0:00:38    8114.4 104196.40 33012712.0    5819.2                           2258902.5000
    0:00:38    8130.6 104196.40 32933798.0    5819.2                           2255174.2500
    0:00:39    8139.6 104196.40 31887228.0    5819.2                           2253401.7500
    0:00:39    8145.3 104196.40 31995432.0    5819.2                           2252551.2500
    0:00:39    8147.3 104196.40 31981656.0    5819.2                           2251898.5000
    0:00:39    8147.8 104196.40 31981656.0    5819.2                           2251841.2500
    0:00:39    8147.9 104196.40 31981656.0    5819.2                           2251831.7500
    0:00:39    8147.9 104196.40 31981656.0    5819.2                           2251831.7500
    0:00:39    8147.9 104196.40 31981656.0    5819.2                           2251831.7500
    0:00:42    8243.0 104196.40 35819400.0    4965.2                           2316157.2500
    0:00:43    8285.3 581310.19 235531376.0    4636.2                           2338983.0000
    0:00:43    8308.0 407202.62 221474160.0    4440.2                           2345014.5000
    0:00:44    8329.2 426393.41 221808144.0    4297.6                           2358684.7500
    0:00:44    8342.0 407630.44 221464656.0    4234.6                           2372616.5000
    0:00:45    8348.6 426393.81 221803616.0    4192.6                           2381359.5000
    0:00:45    8355.3 411357.31 221526160.0    4150.6                           2386305.5000
    0:00:45    8363.9 407202.44 221448288.0    4108.6                           2393032.5000
    0:00:45    8375.8 426393.41 221805520.0    4045.6                           2402566.5000
    0:00:45    8375.8 426393.41 221805520.0    4045.6                           2402566.5000
    0:00:48    8403.6  41132.55 21166928.0    4069.4 u_ibex_core/cs_registers_i/u_mepc_csr/rdata_q_reg[19]/D 2419944.0000
    0:00:49    8414.2  35177.37 19485700.0    4066.4 u_ibex_core/cs_registers_i/mcycle_counter_i/counter_q_reg[31]/D 2422736.5000
    0:00:50    8432.4  29195.61 18042648.0    4052.4 u_ibex_core/id_stage_i/imd_val_q_reg[0][30]/D 2434395.7500
    0:00:51    8453.0  20197.27 14362778.0    4052.4 u_ibex_core/if_stage_i/gen_prefetch_buffer.prefetch_buffer_i/fifo_i/instr_addr_q_reg[24]/D 2444773.0000
    0:00:52    8469.1  14148.32 9697808.0    4052.4 u_ibex_core/cs_registers_i/u_mscratch_csr/rdata_q_reg[1]/D 2451569.0000
    0:00:53    8480.9  13157.97 9566679.0    4054.4 u_ibex_core/wb_stage_i/g_writeback_stage.rf_wdata_wb_q_reg[5]/D 2458881.7500
    0:00:54    8479.6  13135.99 9566657.0    4054.4                           2457289.7500
    0:00:54    8485.8  11838.67 9439364.0    4054.4                           2462305.5000
    0:00:55    8493.0  11724.09 9204035.0    4054.4                           2465324.7500
    0:00:56    8495.6  11724.09 9202157.0    4034.4                           2465863.7500
    0:00:56    8502.6  11724.09 9168085.0    4034.4                           2472295.7500
    0:00:57    8511.1  11711.75 9109322.0    4036.4                           2478428.7500
    0:00:57    8511.9  11711.75 9102034.0    4036.4                           2478438.0000



  Beginning Delay Optimization Phase
  ----------------------------------

                                  TOTAL                                                
   ELAPSED            WORST NEG   SETUP    DESIGN                              LEAKAGE 
    TIME      AREA      SLACK     COST    RULE COST         ENDPOINT            POWER  
  --------- --------- --------- --------- --------- ------------------------- ---------
    0:00:57    8511.9  11711.75 9102034.0    4036.4                           2478438.0000
    0:00:58    8512.7  10987.37 9084665.0    4038.4 u_ibex_core/cs_registers_i/u_mscratch_csr/rdata_q_reg[0]/D 2478668.5000
    0:00:58    8512.5  10965.29 9086649.0    4038.4 u_ibex_core/wb_stage_i/g_writeback_stage.rf_wdata_wb_q_reg[0]/D 2478068.5000
    0:00:59    8514.6  10940.65 9082729.0    4038.4 u_ibex_core/wb_stage_i/g_writeback_stage.rf_wdata_wb_q_reg[0]/D 2478737.0000
    0:01:01    8515.0  10940.67 9073870.0    4038.4 u_ibex_core/wb_stage_i/g_writeback_stage.rf_wdata_wb_q_reg[0]/D 2478676.2500
    0:01:01    8519.1  10818.96 9052883.0    4038.4                           2480632.7500
    0:01:03    8518.3  10683.07 8302116.5    4038.4                           2480259.7500
    0:01:04    8518.4  10683.07 8302116.5    4038.4                           2479946.2500
    0:01:05    8517.7  10683.07 9581892.0    4038.4                           2469597.7500
    0:01:06    8517.8  10683.07 9581891.0    4038.4                           2469282.0000
    0:01:09    8516.8  10683.07 9604115.0    4048.4                           2468954.0000
    0:01:11    8517.7  10683.07 9604115.0    4048.4                           2467192.2500
    0:01:11    8517.7  10683.07 9612122.0    4048.4                           2467128.2500


  Beginning Design Rule Fixing  (max_fanout)  (max_capacitance)
  ----------------------------

                                  TOTAL                                                
   ELAPSED            WORST NEG   SETUP    DESIGN                              LEAKAGE 
    TIME      AREA      SLACK     COST    RULE COST         ENDPOINT            POWER  
  --------- --------- --------- --------- --------- ------------------------- ---------
    0:01:11    8517.7  10683.07 9612122.0    4048.4                           2467128.2500
    0:01:11    8561.7  10683.07 9485465.0    3085.0 gen_regfile_ff.register_file_i/n2004 2489549.7500
    0:01:12    8582.8  10683.07 9428658.0    2665.0 gen_regfile_ff.register_file_i/C4739/net25933 2498339.5000
    0:01:12    8602.6  10683.07 9427779.0    2282.0 gen_regfile_ff.register_file_i/net40273 2505324.0000
    0:01:13    8618.5  10683.07 9424200.0    2166.1 gen_regfile_ff.register_file_i/net61997 2516386.7500
    0:01:13    8627.6  10683.07 9416854.0    2080.1 gen_regfile_ff.register_file_i/net61624 2522216.2500
    0:01:13    8635.4  10683.07 9416854.0    1984.1 gen_regfile_ff.register_file_i/net61675 2522480.7500
    0:01:13    8643.1  10683.07 9416854.0    1888.1 gen_regfile_ff.register_file_i/net61715 2522745.2500
    0:01:14    8650.4  10683.07 9416854.0    1792.1 gen_regfile_ff.register_file_i/net61755 2523320.5000
    0:01:14    8658.1  10683.07 9416854.0    1696.1 gen_regfile_ff.register_file_i/net61795 2523584.7500
    0:01:14    8665.8  10683.07 9416853.0    1600.1 gen_regfile_ff.register_file_i/net61835 2523849.2500
    0:01:14    8673.1  10683.07 9416853.0    1504.1 gen_regfile_ff.register_file_i/net61875 2524424.5000
    0:01:15    8675.6  10683.07 9397079.0    1444.1 gen_regfile_ff.register_file_i/net61954 2525710.0000
    0:01:15    8682.6  10683.07 9396776.0    1348.1 gen_regfile_ff.register_file_i/net62059 2528915.0000
    0:01:16    8687.0  10683.07 9396769.0    1294.1 gen_regfile_ff.register_file_i/net62088 2531130.5000
    0:01:16    8689.8  10683.07 9396769.0    1240.1 gen_regfile_ff.register_file_i/net62118 2531827.5000
    0:01:16    8694.7  10683.07 9396769.0    1150.1 gen_regfile_ff.register_file_i/net62156 2532157.7500
    0:01:17    8698.0  10683.07 9407899.0    1114.2 gen_regfile_ff.register_file_i/net61636 2534510.5000
    0:01:17    8706.6  10683.07 9428137.0    1083.2 u_ibex_core/id_stage_i/imm_i_type[1] 2540793.2500
    0:01:22    8709.6  10574.21 9425415.0    1078.2 u_ibex_core/cs_registers_i/u_mepc_csr/rdata_q_reg[23]/D 2541803.0000
    0:01:23    8714.4   9788.65 9361446.0    1078.2 u_ibex_core/cs_registers_i/u_mcause_csr/rdata_q_reg[0]/D 2544877.7500
    0:01:24    8719.5   9780.62 9360487.0    1087.1 gen_regfile_ff.register_file_i/net61632 2550417.2500
    0:01:25    8721.8   9780.62 9360487.0    1006.0 gen_regfile_ff.register_file_i/C4739/net25936 2546715.5000
    0:01:25    8729.3   9780.62 9331742.0     919.0 u_ibex_core/cs_registers_i/u_mscratch_csr/rst_ni 2548257.0000
    0:01:25    8733.3   9780.62 9331742.0     884.0 gen_regfile_ff.register_file_i/N70 2548491.0000
    0:01:26    8739.9   9780.62 9286025.0     808.0 gen_regfile_ff.register_file_i/net63541 2549618.5000
    0:01:27    8742.4   9780.62 9285977.0     751.0 gen_regfile_ff.register_file_i/net62058 2550278.7500
    0:01:27    8745.2   9780.62 9285821.0     745.0 u_ibex_core/cs_registers_i/minstret_counter_i/net63437 2552761.7500
    0:01:28    8751.9   9780.62 9286000.0     713.0 gen_regfile_ff.register_file_i/net63508 2557865.7500
    0:01:29    8750.0   9780.62 9285523.0     703.0 gen_regfile_ff.register_file_i/C4738/net27534 2555342.2500
    0:01:31    8755.9   9685.98 9266858.0     703.0 u_ibex_core/cs_registers_i/minstret_counter_i/counter_q_reg[59]/D 2560287.7500
    0:01:31    8765.7  15448.50 9316371.0     701.0 u_ibex_core/cs_registers_i/u_mtvec_csr/rdata_q_reg[28]/D 2569078.5000
    0:01:32    8776.9   9524.72 9220077.0     699.0 u_ibex_core/cs_registers_i/mcycle_counter_i/counter_q_reg[56]/D 2582075.5000
    0:01:32    8781.4   9499.54 9218249.0     699.0 u_ibex_core/cs_registers_i/mcycle_counter_i/counter_q_reg[16]/D 2582625.5000
    0:01:33    8795.9   9443.04 9214027.0     699.0 u_ibex_core/id_stage_i/imd_val_q_reg[0][28]/D 2594584.5000
    0:01:34    8803.3   9427.63 9201568.0     699.0 u_ibex_core/cs_registers_i/minstret_counter_i/counter_q_reg[26]/D 2602723.0000
    0:01:34    8809.3   9408.99 9199611.0     699.0 u_ibex_core/id_stage_i/imd_val_q_reg[0][28]/D 2607794.7500
    0:01:35    8819.8   9376.05 9192534.0     694.0 u_ibex_core/cs_registers_i/u_dscratch0_csr/rdata_q_reg[24]/D 2616236.5000
    0:01:35    8835.5   9337.77 9176802.0     694.0 u_ibex_core/cs_registers_i/u_dscratch1_csr/rdata_q_reg[16]/D 2624635.7500
    0:01:35    8849.1   9324.34 9144881.0     694.0 u_ibex_core/cs_registers_i/mcountinhibit_q_reg[2]/D 2634457.2500
    0:01:36    8868.7   9178.99 9076654.0     694.0 u_ibex_core/cs_registers_i/mcountinhibit_q_reg[2]/D 2651854.2500
    0:01:36    8880.1   9077.27 9056948.0     694.0 u_ibex_core/cs_registers_i/u_mscratch_csr/rdata_q_reg[28]/D 2660429.0000
    0:01:36    8886.5   9038.27 9064942.0     690.0 u_ibex_core/cs_registers_i/mcountinhibit_q_reg[2]/D 2663851.0000
    0:01:36    8889.9   8982.22 9051797.0     690.0 u_ibex_core/cs_registers_i/u_dscratch1_csr/rdata_q_reg[15]/D 2665123.7500
    0:01:37    8890.5   8965.02 9022928.0     690.0 u_ibex_core/cs_registers_i/u_mtvec_csr/wr_en_i 2665368.7500
    0:01:40    8900.9  56329.10 36596168.0     570.0 gen_regfile_ff.register_file_i/C4738/net27527 2672761.2500
    0:01:40    8912.5  59460.01 45057068.0     425.0 gen_regfile_ff.register_file_i/N65 2680094.5000
    0:01:40    8922.2  67082.32 53386772.0     353.0 gen_regfile_ff.register_file_i/net63549 2689461.2500
    0:01:41    8924.2  67082.32 52893108.0     303.0 gen_regfile_ff.register_file_i/net64572 2690394.5000
    0:01:42    8926.6 1046700.38 1136957952.0     223.0 gen_regfile_ff.register_file_i/net62107 2690624.5000
    0:01:42    8931.6 1159459.62 1261219200.0     189.0 gen_regfile_ff.register_file_i/net64572 2693994.2500
    0:01:43    8931.5 1150933.88 1261177344.0     185.0 u_ibex_core/cs_registers_i/u_dcsr_csr/rdata_q_reg[15]/D 2692283.0000
    0:01:43    8928.1 1150769.62 1261089024.0     185.0 u_ibex_core/cs_registers_i/u_dcsr_csr/rdata_q_reg[10]/D 2689034.5000
    0:01:44    8934.3  55684.68 40375088.0     185.0 u_ibex_core/wb_stage_i/g_writeback_stage.rf_wdata_wb_q_reg[15]/D 2692943.7500
    0:01:44    8959.8  55339.58 40357868.0     185.0 u_ibex_core/wb_stage_i/g_writeback_stage.rf_wdata_wb_q_reg[15]/D 2713976.7500
    0:01:44    8982.8  55281.95 40351704.0     185.0 u_ibex_core/wb_stage_i/g_writeback_stage.rf_wdata_wb_q_reg[15]/D 2735557.7500
    0:01:45    9001.7  55241.79 40347404.0     185.0 u_ibex_core/wb_stage_i/g_writeback_stage.rf_wdata_wb_q_reg[15]/D 2753241.5000
    0:01:45    9015.7  55203.23 40343280.0     185.0 u_ibex_core/wb_stage_i/g_writeback_stage.rf_wdata_wb_q_reg[15]/D 2766387.7500
    0:01:45    9028.8  55171.75 40339912.0     185.0 u_ibex_core/wb_stage_i/g_writeback_stage.rf_wdata_wb_q_reg[15]/D 2778719.7500
    0:01:45    9041.2  55147.33 40337300.0     185.0 u_ibex_core/wb_stage_i/g_writeback_stage.rf_wdata_wb_q_reg[15]/D 2790237.5000
    0:01:46    9051.8  55116.65 40334016.0     185.0 u_ibex_core/wb_stage_i/g_writeback_stage.rf_wdata_wb_q_reg[15]/D 2800300.7500
    0:01:46    9061.7  55093.04 40331488.0     185.0 u_ibex_core/wb_stage_i/g_writeback_stage.rf_wdata_wb_q_reg[15]/D 2809549.7500
    0:01:46    9071.5  55069.42 40328964.0     185.0 u_ibex_core/wb_stage_i/g_writeback_stage.rf_wdata_wb_q_reg[15]/D 2818798.7500
    0:01:46    9080.6  55052.88 40327192.0     185.0 u_ibex_core/wb_stage_i/g_writeback_stage.rf_wdata_wb_q_reg[15]/D 2827233.5000
    0:01:46    9088.0  55030.07 40324752.0     185.0 u_ibex_core/wb_stage_i/g_writeback_stage.rf_wdata_wb_q_reg[15]/D 2834213.7500
    0:01:46    9097.0  55013.52 40322980.0     185.0 u_ibex_core/wb_stage_i/g_writeback_stage.rf_wdata_wb_q_reg[15]/D 2842648.5000
    0:01:47    9104.4  54990.71 40320540.0     185.0 u_ibex_core/wb_stage_i/g_writeback_stage.rf_wdata_wb_q_reg[15]/D 2849628.7500
    0:01:47    9113.5  54974.17 40318772.0     185.0 u_ibex_core/wb_stage_i/g_writeback_stage.rf_wdata_wb_q_reg[15]/D 2858063.5000
    0:01:47    9120.0  54958.43 40317084.0     185.0 u_ibex_core/wb_stage_i/g_writeback_stage.rf_wdata_wb_q_reg[15]/D 2864229.5000
    0:01:47    9126.6  54942.68 40315400.0     185.0 u_ibex_core/wb_stage_i/g_writeback_stage.rf_wdata_wb_q_reg[15]/D 2870395.5000
    0:01:47    9133.2  54926.94 40313716.0     185.0 u_ibex_core/wb_stage_i/g_writeback_stage.rf_wdata_wb_q_reg[15]/D 2876561.5000
    0:01:48    9139.7  54911.20 40312032.0     185.0 u_ibex_core/wb_stage_i/g_writeback_stage.rf_wdata_wb_q_reg[15]/D 2882727.5000
    0:01:48    9146.3  54895.46 40310348.0     185.0 u_ibex_core/wb_stage_i/g_writeback_stage.rf_wdata_wb_q_reg[15]/D 2888893.5000
    0:01:48    9152.9  54879.71 40308664.0     185.0 u_ibex_core/wb_stage_i/g_writeback_stage.rf_wdata_wb_q_reg[15]/D 2895059.5000
    0:01:48    9160.4  54863.97 40306264.0     185.0 u_ibex_core/wb_stage_i/g_writeback_stage.rf_wdata_wb_q_reg[15]/D 2902083.2500
    0:01:48    9167.0  54848.23 40304580.0     185.0 u_ibex_core/wb_stage_i/g_writeback_stage.rf_wdata_wb_q_reg[15]/D 2908249.2500
    0:01:49    9173.5  54832.49 40302896.0     185.0 u_ibex_core/wb_stage_i/g_writeback_stage.rf_wdata_wb_q_reg[15]/D 2914415.2500
    0:01:49    9182.3  54816.75 40300268.0     185.0 u_ibex_core/wb_stage_i/g_writeback_stage.rf_wdata_wb_q_reg[15]/D 2922210.0000
    0:01:49    9188.8  54801.00 40298584.0     185.0 u_ibex_core/wb_stage_i/g_writeback_stage.rf_wdata_wb_q_reg[15]/D 2928376.0000
    0:01:49    9192.9  54786.06 40296988.0     185.0 u_ibex_core/wb_stage_i/g_writeback_stage.rf_wdata_wb_q_reg[15]/D 2932273.2500
    0:01:50    9198.7  54777.39 40296060.0     185.0 u_ibex_core/wb_stage_i/g_writeback_stage.rf_wdata_wb_q_reg[15]/D 2937625.0000
    0:01:50    9202.8  54762.45 40294460.0     185.0 u_ibex_core/wb_stage_i/g_writeback_stage.rf_wdata_wb_q_reg[15]/D 2941522.2500
    0:01:50    9208.6  54753.78 40293532.0     185.0 u_ibex_core/wb_stage_i/g_writeback_stage.rf_wdata_wb_q_reg[15]/D 2946874.0000
    0:01:50    9212.6  54738.84 40291932.0     185.0 u_ibex_core/wb_stage_i/g_writeback_stage.rf_wdata_wb_q_reg[15]/D 2950771.2500
    0:01:50    9218.4  54730.16 40291004.0     185.0 u_ibex_core/wb_stage_i/g_writeback_stage.rf_wdata_wb_q_reg[15]/D 2956123.0000
    0:01:51    9222.5  54715.22 40289408.0     185.0 u_ibex_core/wb_stage_i/g_writeback_stage.rf_wdata_wb_q_reg[15]/D 2960020.2500
    0:01:51    9228.3  54706.55 40288480.0     185.0 u_ibex_core/wb_stage_i/g_writeback_stage.rf_wdata_wb_q_reg[15]/D 2965372.0000
    0:01:51    9232.4  54691.61 40286880.0     185.0 u_ibex_core/wb_stage_i/g_writeback_stage.rf_wdata_wb_q_reg[15]/D 2969269.2500
    0:01:51    9238.1  54682.94 40285952.0     185.0 u_ibex_core/wb_stage_i/g_writeback_stage.rf_wdata_wb_q_reg[15]/D 2974621.0000
    0:01:52    9240.8  54675.68 40283560.0     185.0 u_ibex_core/wb_stage_i/g_writeback_stage.rf_wdata_wb_q_reg[15]/D 2977331.2500
    0:01:52    9246.7  54553.04 40239784.0     185.0 u_ibex_core/id_stage_i/imd_val_q_reg[0][31]/D 2982571.0000
    0:01:52    9266.9  54130.12 40052360.0     185.0 u_ibex_core/id_stage_i/imd_val_q_reg[0][31]/D 3001560.2500
    0:01:53    9276.6  53989.51 39997696.0     185.0 u_ibex_core/id_stage_i/imd_val_q_reg[0][23]/D 3010608.0000
    0:01:53    9278.3  53986.92 39997440.0     185.0 u_ibex_core/id_stage_i/imd_val_q_reg[0][8]/D 3011163.7500
    0:01:54    9286.4  36535.47 32489364.0     185.0 u_ibex_core/cs_registers_i/u_mtvec_csr/rdata_q_reg[14]/D 3017205.2500
    0:01:55    9290.5  36446.75 32482894.0     185.0 u_ibex_core/id_stage_i/imd_val_q_reg[0][28]/D 3020762.7500
    0:01:56    9292.1  33037.07 27727434.0     185.0 u_ibex_core/id_stage_i/imd_val_q_reg[0][31]/D 3021763.5000
    0:01:57    9297.1  25446.38 27479396.0     185.0 net39354                  3027075.7500
    0:01:57    9300.4  25446.38 27464540.0     185.0                           3029119.7500
    0:01:58    9308.0  25367.95 27428476.0     185.0                           3038286.5000
    0:01:58    9313.6  20490.80 20116402.0     185.0                           3043001.0000
    0:01:59    9318.0  20490.79 19914522.0     185.0                           3043086.5000
    0:02:00    9322.7  20490.79 19912748.0     185.0                           3047342.7500
    0:02:00    9322.5  20490.79 19894768.0     185.0                           3047263.0000
    0:02:01    9323.7  20490.79 19876774.0     185.0                           3048004.2500
    0:02:02    9322.7  20490.79 19876990.0     185.0                           3048273.5000
    0:02:02    9323.7  20490.79 19875388.0     185.0                           3049649.2500
    0:02:02    9323.2  20490.79 19875632.0     185.0                           3049608.5000
    0:02:02    9325.1  20490.79 19856600.0     185.0                           3051017.0000
    0:02:03    9328.2  20490.79 19802686.0     185.0                           3053537.0000
    0:02:03    9328.6  20490.79 19802662.0     185.0                           3053645.0000
    0:02:03    9333.4  20490.79 19784500.0     185.0                           3058421.0000
    0:02:03    9335.1  20490.79 19676728.0     185.0                           3060166.2500
    0:02:04    9335.1  20490.79 19568964.0     185.0                           3060550.0000
    0:02:04    9335.3  20490.79 19497132.0     185.0                           3060707.5000
    0:02:04    9335.6  20490.79 19407338.0     185.0                           3060998.7500
    0:02:04    9335.9  20490.79 19353456.0     185.0                           3061162.0000
    0:02:04    9337.9  20490.79 19335632.0     185.0                           3063045.7500
    0:02:05    9337.9  20490.79 19281758.0     185.0                           3063237.7500
    0:02:05    9337.9  20490.79 19227886.0     185.0                           3063355.5000
    0:02:05    9338.2  20490.79 19156054.0     185.0                           3063583.0000
    0:02:05    9338.3  20490.79 19138098.0     185.0                           3063637.5000
    0:02:05    9338.5  20490.79 19084224.0     185.0                           3063711.7500
    0:02:05    9338.7  20490.79 18958522.0     185.0                           3064140.2500
    0:02:06    9338.7  20490.79 18904648.0     185.0                           3064332.2500
    0:02:06    9338.2  20490.79 18886694.0     185.0                           3064259.5000
    0:02:07    9339.9  20490.79 18886688.0     185.0                           3065917.5000
    0:02:07    9343.6  20490.79 18884942.0     185.0                           3069526.7500
    0:02:07    9351.0  20490.79 18777204.0     185.0                           3077613.5000
    0:02:08    9354.0  20490.79 18723338.0     185.0                           3080822.2500
    0:02:08    9357.3  20490.79 18705378.0     185.0                           3083712.7500
    0:02:08    9357.7  20490.79 18705450.0     185.0                           3083714.7500
    0:02:09    9363.9  20490.79 18705450.0     185.0                           3089199.0000
    0:02:09    9369.3  20490.79 18705448.0     185.0                           3093035.0000
    0:02:10    9373.1  20490.79 18687094.0     185.0                           3096331.2500
    0:02:10    9373.3  20490.79 18597314.0     185.0                           3096627.5000
    0:02:10    9376.0  20490.79 18597012.0     185.0                           3099194.5000
    0:02:11    9375.8  20490.79 18592832.0     185.0                           3099026.7500
    0:02:11    9375.8  20490.79 18538964.0     185.0                           3099218.5000
    0:02:11    9375.5  20490.79 18485096.0     185.0                           3099081.2500
    0:02:11    9375.8  20490.79 18485148.0     185.0                           3098385.7500
    0:02:12    9375.7  20490.79 18485128.0     185.0                           3097297.7500
    0:02:12    9377.9  20490.79 18481822.0     185.0                           3099311.5000
    0:02:12    9377.9  20490.79 18463888.0     185.0                           3099375.5000
    0:02:12    9377.8  20490.79 18374290.0     185.0                           3099682.0000
    0:02:13    9377.0  20490.79 18353034.0     185.0                           3098071.7500
    0:02:13    9379.3  20490.79 18333896.0     185.0                           3099559.7500
    0:02:13    9377.9  20490.79 18331368.0     185.0                           3099672.0000
    0:02:14    9378.3  20490.79 18330706.0     185.0                           3100178.0000
    0:02:14    9374.8  20490.79 18328036.0     185.0                           3097253.0000
    0:02:14    9376.9  20490.79 18327458.0     185.0                           3099620.2500
    0:02:14    9381.7  20490.79 18326858.0     185.0                           3104079.2500
    0:02:15    9382.1  20490.79 18326786.0     185.0                           3104365.5000
    0:02:15    9382.3  20490.79 18325738.0     185.0                           3104392.5000
    0:02:16    9380.7  20490.79 18325980.0     185.0                           3102699.2500
    0:02:16    9377.3  20490.79 18326040.0     185.0                           3100070.5000
    0:02:16    9373.6  20490.79 18326044.0     185.0                           3096017.2500
    0:02:16    9369.5  20490.79 18326044.0     185.0                           3091781.0000
    0:02:17    9367.5  20490.79 18326044.0     185.0                           3090426.0000
    0:02:17    9363.9  20490.79 18326002.0     185.0                           3088131.0000
    0:02:17    9362.6  20490.79 18326000.0     185.0                           3087188.5000
    0:02:17    9361.9  20490.79 18326004.0     185.0                           3086525.7500
    0:02:18    9359.7  20490.79 18326004.0     185.0                           3085020.2500
    0:02:18    9359.5  20490.79 18326004.0     185.0                           3084663.7500
    0:02:18    9357.4  20490.79 18325976.0     185.0                           3082299.5000
    0:02:18    9354.5  20490.79 18321748.0     185.0                           3073148.0000
    0:02:18    9352.2  20490.79 18321746.0     185.0                           3071327.0000
    0:02:19    9350.3  20490.79 18315844.0     185.0                           3068354.7500
    0:02:19    9347.5  20490.79 18315916.0     185.0                           3065934.5000
    0:02:19    9340.6  20490.79 18316076.0     185.0                           3061709.2500
    0:02:19    9341.2  20490.79 18315948.0     185.0                           3062582.0000
    0:02:20    9341.6  20490.79 18310282.0     185.0                           3061635.5000
    0:02:20    9341.4  20490.79 18308894.0     185.0                           3060858.0000
    0:02:21    9338.7  20490.79 18307606.0     185.0                           3059006.7500
    0:02:21    9338.4  20490.79 18307596.0     185.0                           3058159.2500
    0:02:22    9336.7  20490.79 18307238.0     185.0                           3057649.5000
    0:02:22    9334.5  20490.79 18307230.0     185.0                           3056281.5000
    0:02:22    9333.9  20490.79 18307232.0     185.0                           3055802.2500
    0:02:22    9333.8  20490.79 18307210.0     185.0                           3055629.7500
    0:02:23    9334.2  20490.79 18304624.0     185.0                           3054513.2500
    0:02:23    9332.4  20490.79 18304048.0     185.0                           3051182.5000
    0:02:24    9332.7  20490.79 18303992.0     185.0                           3052265.5000
    0:02:24    9333.0  20490.79 18303992.0     185.0                           3052151.2500
    0:02:24    9332.8  20490.79 18303992.0     185.0                           3052102.2500
    0:02:25    9332.1  20490.79 18304000.0     185.0                           3051366.2500


  Beginning Leakage Power Optimization  (max_leakage_power 0)
  ------------------------------------

                                  TOTAL                                                
   ELAPSED            WORST NEG   SETUP    DESIGN                              LEAKAGE 
    TIME      AREA      SLACK     COST    RULE COST         ENDPOINT            POWER  
  --------- --------- --------- --------- --------- ------------------------- ---------
    0:02:25    9332.1  20490.79 18303918.0     185.0                           3051366.2500
    0:02:25    9332.1  20490.79 18303918.0     185.0                           3051366.2500
    0:02:28    9259.3  56905.54 39992272.0     185.0                           2980127.2500
    0:02:29    9221.6  50833.19 38862812.0     185.0                           2940230.0000
    0:02:29    9215.3  50833.19 39390276.0     185.0                           2934766.0000
    0:02:29    9210.4  50833.19 39390276.0     185.0                           2930085.2500
    0:02:29    9204.7  50833.19 39390276.0     185.0                           2925233.2500
    0:02:29    9204.7  50833.19 39390276.0     185.0                           2925233.2500
    0:02:30    9206.4  17007.55 13553131.0     185.0                           2923435.2500
    0:02:31    9193.9  17007.55 13417303.0     185.0                           2917475.7500
    0:02:31    9179.3  17007.55 13414503.0     185.0                           2907289.0000
    0:02:32    9159.2  16760.55 14443301.0     185.0                           2894282.7500
    0:02:33    9154.4  16584.83 14412270.0     185.0                           2891398.7500
    0:02:34    9139.9  16584.83 14412180.0     185.0                           2881069.5000
    0:02:34    9129.9  16584.83 14412149.0     185.0                           2877938.0000
    0:02:35    9115.6  16584.83 14388349.0     185.0                           2869304.5000
    0:02:36    9099.9  16584.83 14388349.0     185.0                           2857847.5000
    0:02:36    8821.6  16584.83 14387888.0     185.0                           2600126.5000
    0:02:37    8801.4  16584.83 14388056.0     185.0                           2584378.2500
    0:02:37    8781.2  16584.28 14332705.0     185.0                           2572049.0000
    0:02:38    8767.2  16584.28 14334885.0     185.0                           2564920.0000
    0:02:38    8739.8  16584.28 14340771.0     185.0                           2545900.5000
    0:02:38    8735.3  16584.28 14327602.0     185.0                           2543966.0000
    0:02:39    8731.1  16583.09 14325403.0     185.0                           2541376.5000
    0:02:40    8729.9  16583.09 14325403.0     185.0                           2541286.7500
    0:02:40    8725.0  16583.09 14325363.0     185.0                           2540511.0000
    0:02:41    8722.5  16583.09 14325301.0     185.0                           2534691.2500
    0:02:42    8719.3  16583.09 14325301.0     185.0                           2533305.0000
    0:02:43    8713.7  16583.09 14318211.0     185.0                           2529286.2500
    0:02:43    8708.9  16583.09 14318217.0     185.0                           2527319.0000
    0:02:44    8705.7  16583.09 14318166.0     185.0                           2526018.7500
    0:02:46    8704.5  16471.18 13488888.0     185.0 u_ibex_core/wb_stage_i/g_writeback_stage.rf_wdata_wb_q_reg[27]/D 2524428.5000
    0:02:46    8708.1  15207.51 13269508.0     185.0 u_ibex_core/cs_registers_i/u_mtval_csr/rdata_q_reg[4]/D 2526477.2500
    0:02:47    8720.6  15030.80 13220865.0     185.0 u_ibex_core/wb_stage_i/g_writeback_stage.rf_wdata_wb_q_reg[4]/D 2537187.0000
    0:02:47    8719.0  15030.80 13220994.0     185.0                           2535686.0000
    0:02:47    8715.9  15030.80 13221709.0     185.0                           2533535.2500
    0:02:48    8709.3  14940.16 13221423.0     185.0                           2527484.7500
    0:02:48    8708.2  14940.16 13221423.0     185.0                           2527056.0000
    0:02:49    8707.6  14940.16 13219813.0     185.0                           2526796.0000
    0:02:51    8706.8  14940.16 13221638.0     185.0                           2526778.2500
    0:02:52    8706.1  14940.16 13221638.0     185.0                           2526606.2500
    0:02:54    8699.2  14940.16 13220249.0     185.0                           2521137.2500
    0:02:57    8699.2  14780.60 13217947.0     185.0 u_ibex_core/wb_stage_i/g_writeback_stage.rf_wdata_wb_q_reg[9]/D 2521141.5000
    0:02:58    8701.9  12716.18 11400085.0     185.0 u_ibex_core/wb_stage_i/g_writeback_stage.rf_wdata_wb_q_reg[15]/D 2522808.0000
    0:02:58    8710.7  10909.27 9675468.0     185.0 u_ibex_core/cs_registers_i/u_mepc_csr/rdata_q_reg[4]/D 2529090.7500
    0:02:59    8723.8   9263.54 8560128.0     185.0 u_ibex_core/id_stage_i/imd_val_q_reg[0][31]/D 2539140.5000
    0:02:59    8732.7   9194.26 8555371.0     185.0 u_ibex_core/cs_registers_i/mcycle_counter_i/counter_q_reg[5]/D 2546587.2500
    0:03:00    8742.3   8889.36 8513457.0     185.0 u_ibex_core/wb_stage_i/g_writeback_stage.rf_wdata_wb_q_reg[31]/D 2554432.7500
    0:03:01    8753.4   8862.79 8511335.0     185.0 u_ibex_core/id_stage_i/imd_val_q_reg[0][26]/D 2560600.2500
    0:03:02    8753.4   8807.52 8494068.0     185.0 u_ibex_core/id_stage_i/imd_val_q_reg[0][26]/D 2559353.7500
    0:03:03    8756.7   8806.61 8493817.0     185.0 u_ibex_core/id_stage_i/imd_val_q_reg[0][31]/D 2561248.0000
    0:03:03    8758.2   8806.23 8493545.0     185.0 u_ibex_core/id_stage_i/imd_val_q_reg[0][31]/D 2562228.0000
    0:03:04    8765.9   8806.09 8493528.0     185.0 u_ibex_core/wb_stage_i/g_writeback_stage.rf_wdata_wb_q_reg[31]/D 2569701.2500
    0:03:04    8761.7   8806.09 8493529.0     185.0                           2566227.0000
    0:03:05    8760.3   8806.09 8492755.0     185.0                           2565549.2500
    0:03:05    8755.4   8806.09 8492755.0     185.0                           2562122.5000
    0:03:05    8754.5   8806.09 8493359.0     185.0                           2561987.7500
    0:03:05    8751.8   8806.09 8493359.0     185.0                           2559589.7500
    0:03:06    8750.0   8806.09 8493359.0     185.0                           2557334.5000
    0:03:06    8749.9   8806.09 8493363.0     185.0                           2557306.7500
    0:03:07    8749.4   8806.09 8488948.0     185.0                           2557284.7500
    0:03:07    8749.2   8806.09 8488403.0     185.0                           2557267.7500
    0:03:07    8749.6   8805.86 8488403.0     185.0                           2557791.0000
    0:03:08    8748.8   8805.70 8488373.0     185.0                           2556436.2500
    0:03:09    8749.0   8805.71 8488371.0     185.0                           2556305.2500
    0:03:09    8751.2   8805.71 8488368.0     185.0                           2557851.2500
    0:03:09    8756.7   8805.71 8487699.0     185.0                           2563810.0000
    0:03:10    8756.9   8805.73 8487700.0     185.0                           2563866.7500
    0:03:10    8757.8   8805.73 8487700.0     185.0                           2564287.0000
    0:03:10    8757.7   8805.73 8487700.0     185.0                           2563965.7500
    0:03:10    8757.6   8805.73 8478894.0     185.0                           2563987.5000
    0:03:11    8761.7   8805.73 8476473.0     185.0                           2567301.7500
    0:03:11    8765.0   8805.73 8475431.0     185.0                           2569982.7500
    0:03:11    8769.2   8805.73 8472922.0     185.0                           2576834.0000
    0:03:12    8772.9   8805.73 8472920.0     185.0                           2578769.2500
    0:03:12    8780.7   8805.73 8472808.0     185.0                           2586395.2500
    0:03:12    8782.2   8805.73 8470409.0     185.0                           2588000.5000
    0:03:12    8782.1   8805.73 8451994.0     185.0                           2587679.0000
    0:03:12    8782.2   8805.73 8425728.0     185.0                           2587652.0000
    0:03:13    8782.2   8805.73 8390786.0     185.0                           2588006.5000
    0:03:13    8783.6   8805.73 8382029.0     185.0                           2588414.2500
    0:03:13    8785.9   8805.73 8355765.0     185.0                           2590313.7500
    0:03:13    8788.4   8805.73 8355765.0     185.0                           2592262.7500
    0:03:13    8788.4   8805.73 8347010.0     185.0                           2592252.7500
    0:03:13    8796.0   8805.73 8347010.0     185.0                           2597970.2500
    0:03:14    8796.3   8805.73 8329397.0     185.0                           2598193.7500
    0:03:14    8796.8   8805.73 8329390.0     185.0                           2598354.2500
    0:03:14    8796.9   8805.73 8320635.0     185.0                           2598408.7500
    0:03:14    8797.6   8805.73 8311811.5     185.0                           2598870.0000
    0:03:14    8797.9   8805.73 8311807.0     185.0                           2599004.0000
    0:03:15    8814.6   8805.73 8146312.0     185.0                           2614029.5000
    0:03:15    8819.7   8805.73 8140609.5     185.0                           2618724.5000
    0:03:17    8818.1   8805.73 8140656.5     185.0                           2617320.7500
    0:03:17    8818.3   8805.73 8132630.5     185.0                           2617371.2500
    0:03:17    8821.0   8805.73 8132651.0     185.0                           2619720.7500
    0:03:18    8821.5   8805.73 8132650.0     185.0                           2619917.0000
    0:03:18    8823.2   8805.73 8131449.0     185.0                           2620798.5000
    0:03:18    8826.3   8805.73 8131532.0     185.0                           2624080.5000
    0:03:19    8826.7   8805.73 8123513.0     185.0                           2624099.0000
    0:03:19    8830.7   8805.73 8114981.5     185.0                           2627875.0000
    0:03:19    8831.2   8805.73 8114978.5     185.0                           2628043.2500
    0:03:20    8831.6   8805.73 8010522.5     185.0                           2628361.7500
    0:03:20    8832.2   8805.73 8008909.5     185.0                           2628552.5000
    0:03:21    8834.3   8805.73 8006167.0     185.0                           2630438.0000
    0:03:21    8842.8   8805.73 8005720.0     185.0                           2638757.2500
    0:03:21    8848.2   8805.73 8003052.5     185.0                           2643738.0000
    0:03:22    8854.0   8805.73 7999136.5     185.0                           2648290.0000
    0:03:22    8856.5   8805.73 7993157.0     185.0                           2650777.5000
    0:03:22    8867.7   8805.73 7992553.5     185.0                           2661238.5000
    0:03:23    8885.9   8805.73 7987287.0     185.0                           2676290.0000
    0:03:23    8900.3   8805.73 7976134.0     185.0                           2689478.2500
    0:03:23    8909.6   8805.70 7966020.5     185.0                           2698171.0000
    0:03:24    8919.3   8805.70 7949464.5     185.0                           2705648.2500
    0:03:24    8925.7   8805.70 7948873.5     185.0                           2709607.0000
    0:03:25    8929.5   8805.70 7947185.5     185.0                           2712666.5000
    0:03:25    8930.2   8805.70 7947169.0     185.0                           2712781.2500
    0:03:25    8926.7   8805.70 7947005.0     185.0                           2710741.5000
    0:03:26    8926.6   8805.70 7947039.0     185.0                           2710710.5000
    0:03:26    8925.3   8805.70 7946849.5     185.0                           2709191.7500
    0:03:26    8921.3   8805.70 7946878.0     185.0                           2705826.2500
    0:03:27    8921.1   8805.70 7946878.0     185.0                           2705666.2500
    0:03:27    8916.7   8805.70 7945404.5     185.0                           2702293.0000
    0:03:27    8921.6   8805.70 7945405.0     185.0                           2706782.2500
    0:03:27    8919.5   8805.70 7945174.5     185.0                           2704938.0000
    0:03:27    8922.1   8805.70 7945036.5     185.0                           2707867.7500
    0:03:28    8921.1   8805.70 7945037.0     185.0                           2707119.5000
    0:03:28    8921.4   8805.70 7945068.0     185.0                           2707592.5000
    0:03:28    8925.4   8805.70 7941390.5     185.0                           2711149.5000
    0:03:28    8927.8   8805.70 7941369.0     185.0                           2713609.7500
    0:03:29    8929.6   8805.70 7941367.5     185.0                           2715637.0000
    0:03:29    8929.1   8805.70 7940252.0     185.0                           2714918.5000
    0:03:30    8931.9   8805.70 7939785.5     185.0                           2716505.7500
    0:03:30    8937.1   8805.70 7938303.0     185.0                           2721106.5000
    0:03:31    8941.5   8805.70 7938283.5     185.0                           2725329.5000
    0:03:31    8941.7   8805.70 7938236.5     185.0                           2725488.2500
    0:03:31    8944.2   8805.70 7938160.5     185.0                           2728580.7500
    0:03:31    8942.5   8805.70 7938162.0     185.0                           2727298.0000
    0:03:32    8946.7   8805.70 7937971.0     185.0                           2729622.2500
    0:03:32    8951.1   8805.70 7935996.0     185.0                           2731888.7500
    0:03:32    8956.6   8805.70 7935639.0     185.0                           2738084.2500
    0:03:32    8957.6   8805.70 7935645.0     185.0                           2739139.2500
    0:03:33    8956.5   8805.70 7935646.5     185.0                           2738331.5000
    0:03:33    8955.0   8805.70 7935638.5     185.0                           2737003.7500
    0:03:33    8957.3   8805.70 7934397.0     185.0                           2738790.0000
    0:03:33    8956.5   8805.70 7934338.0     185.0                           2737629.5000
    0:03:34    8953.2   8805.70 7933724.0     185.0                           2733956.7500
    0:03:34    8952.2   8805.75 7933724.5     185.0 u_ibex_core/id_stage_i/imd_val_q_reg[0][29]/D 2732648.7500
    0:03:35    8952.8   8805.75 7933724.5     185.0 u_ibex_core/wb_stage_i/g_writeback_stage.rf_wdata_wb_q_reg[29]/D 2732445.7500
    0:03:36    8953.3   8805.72 7933723.5     185.0 u_ibex_core/id_stage_i/imd_val_q_reg[0][29]/D 2732595.0000
    0:03:37    8956.1   8805.64 7933722.0     185.0 u_ibex_core/wb_stage_i/g_writeback_stage.rf_wdata_wb_q_reg[26]/D 2734403.0000
Information: State dependent leakage is now switched from off to on.
Information: Propagating switching activity (low effort zero delay simulation). (PWR-6)
    0:03:42    8957.2   8805.64 7933722.0     185.0                           2740424.0000
Loading db file '/mnt/hgfs/0_GP/PDK/saed14_pdk/SAED14nm_EDK_CORE_HVT_v_062020/stdcell_hvt/db_ccs/saed14hvt_tt0p8v25c.db'
Loading db file '/mnt/hgfs/0_GP/PDK/saed14_pdk/SAED14nm_EDK_CORE_HVT_v_062020/stdcell_hvt/db_ccs/saed14hvt_ss0p72vm40c.db'
Loading db file '/mnt/hgfs/0_GP/PDK/saed14_pdk/SAED14nm_EDK_CORE_HVT_v_062020/stdcell_hvt/db_ccs/saed14hvt_ff0p88v125c.db'


Note: Symbol # after min delay cost means estimated hold TNS across all active scenarios 


  Optimization Complete
  ---------------------
Warning: Design 'ibex_top' contains 2 high-fanout nets. A fanout number of 1000 will be used for delay calculations involving these nets. (TIM-134)
     Net 'clk': 1589 load(s), 1 driver(s)
     Net 'gen_regfile_ff.register_file_i/n992': 1984 load(s), 1 driver(s)
1
