#@ # 
#@ # Running icc2_shell Version O-2018.06-SP1 for linux64 -- Jul 17, 2018
#@ # Date:   Tue Jul  8 09:13:54 2025
#@ # Run by: ICer@IC_EDA
#@ 

puts "############################"
puts "#######   Finishing  ########"
puts "############################"
set PATH "./ibex_hvt"
# set the block name at the previous stage
set PREV_BLOCK "ibex_hvt_routing_change_5"
set BLOCK "ibex_hvt_finishing"
set LOG "./finishing/LOG"
sh rm -rf $LOG
sh mkdir -p $LOG
set REPORT "./finishing/REPORT"
sh rm -rf $REPORT
sh mkdir $REPORT
set OUTPUT "./finishing/OUTPUT"
sh rm -rf $OUTPUT
sh mkdir -p $OUTPUT
# open block design view
open_block "$PATH:$PREV_BLOCK.design" > "$LOG/open_block.log"
copy_block -from_block "$PREV_BLOCK" -to_block "$BLOCK" > "$LOG/copy_block.log"
# guide the tool to change in the current block
current_block $BLOCK > "$LOG/current_block.log"
start_gui
gui_set_pref_value -category {SelectByNamePalette} -key {ObjectType} -value {Logical Cells}
link_block
win_set_filter -visible -class cell -filter {hard_macro_margin hard_margin route_blockage_margin soft_margin}
win_set_filter -visible -class placement_blockage -filter {wiring} -layer {0-72}
win_set_filter -expand_cell_types {soft_macro  }
win_set_select_class -visible {cell port bound routing_blockage shaping_blockage pg_region pin_blockage block_shielding topology_node topology_edge core_area die_area edit_group shape via terminal fill_cell placement_blockage }
win_set_filter -class cell -filter {cell_array hard_macro_margin hard_margin route_blockage_margin soft_margin}
win_set_filter -class placement_blockage -filter {wiring} -layer {0-72}
win_set_select_class {cell port bound routing_blockage shaping_blockage pg_region pin_blockage topology_node topology_edge edit_group shape via placement_blockage }
set_svf "$OUTPUT/ibex_wrapper_rt.svf" > "$LOG/svf.log"
set pnr_std_fillers " */SAEDHVT14_FILL_ECO_18   */SAEDHVT14_FILL_ECO_15 */SAEDHVT14_FILL_ECO_12 */SAEDHVT14_FILL_ECO_9   */SAEDHVT14_FILL_ECO_2 */SAEDHVT14_FILL_ECO_1    */SAEDHVT14_FILL_NNWIV1Y2_2 */SAEDHVT14_FILL_NNWIV1Y2_3 */SAEDHVT14_FILL_NNWIY2_2 */SAEDHVT14_FILL_NNWIY2_3 */SAEDHVT14_FILL_NNWSPACERY2_7 */SAEDHVT14_FILL_NNWVDDBRKY2_3 */SAEDHVT14_FILLP2 */SAEDHVT14_FILLP3 */SAEDHVT14_FILL_SPACER_7 */SAEDHVT14_FILL_Y2_3 "
set std_fillers_dont_use "  */SAEDHVT14_DCAP_PV1ECO_*   "
set std_fillers "  */SAEDHVT14_DCAP_*   "
set_dont_use [get_lib_cells $std_fillers_dont_use]
create_stdcell_filler -lib_cell $std_fillers > "$LOG/create_stdcell_filler.log"
remove_stdcell_fillers_with_violation > "$LOG/remove_stdcell_fillers_with_violation.log"
connect_pg_net -net "VDD" [get_pins -hierarchical "*/VDD*"] > "$LOG/connect_pg_net.log"
connect_pg_net -net "GND" [get_pins -hierarchical "*/VSS*"] >> "$LOG/connect_pg_net.log"
create_stdcell_filler -lib_cell $pnr_std_fillers >> "$LOG/create_stdcell_filler.log"
remove_stdcell_fillers_with_violation >> "$LOG/remove_stdcell_fillers_with_violation.log"
connect_pg_net -net "VDD" [get_pins -hierarchical "*/VDD*"] >> "$LOG/connect_pg_net.log"
connect_pg_net -net "GND" [get_pins -hierarchical "*/VSS*"] >> "$LOG/connect_pg_net.log"
check_routes
report_qor
gui_zoom -window [gui_get_current_window -types Layout -view] -factor 2 -at_point {150.168 38.448}
gui_zoom -window [gui_get_current_window -types Layout -view] -factor 2 -at_point {95.696 27.998}
gui_zoom -window [gui_get_current_window -view] -full
gui_set_layout_layer_visibility -toggle [get_layers -filter {mask_name == metal1} -quiet]
gui_set_setting -window [gui_get_current_window -types Layout -mru] -setting showLayer_M1 -value true
gui_set_setting -window [gui_get_current_window -types Layout -mru] -setting showLayer_NWELL -value false
gui_set_setting -window [gui_get_current_window -types Layout -mru] -setting showLayer_LVTIMP -value false
gui_set_setting -window [gui_get_current_window -types Layout -mru] -setting showLayer_PO -value false
gui_set_setting -window [gui_get_current_window -types Layout -mru] -setting showLayer_M1 -value false
gui_set_setting -window [gui_get_current_window -types Layout -mru] -setting showLayer_M1DMY -value false
gui_set_setting -window [gui_get_current_window -types Layout -mru] -setting showLayer_VIA1 -value false
gui_set_setting -window [gui_get_current_window -types Layout -mru] -setting showLayer_M2 -value false
gui_set_setting -window [gui_get_current_window -types Layout -mru] -setting showLayer_M2DMY -value false
gui_set_setting -window [gui_get_current_window -types Layout -mru] -setting showLayer_VIA2 -value false
gui_set_setting -window [gui_get_current_window -types Layout -mru] -setting showLayer_M3 -value false
gui_set_setting -window [gui_get_current_window -types Layout -mru] -setting showLayer_M3DMY -value false
gui_set_setting -window [gui_get_current_window -types Layout -mru] -setting showLayer_VIA3 -value false
gui_set_setting -window [gui_get_current_window -types Layout -mru] -setting showLayer_M4 -value false
gui_set_setting -window [gui_get_current_window -types Layout -mru] -setting showLayer_M4DMY -value false
gui_set_setting -window [gui_get_current_window -types Layout -mru] -setting showLayer_VIA4 -value false
gui_set_setting -window [gui_get_current_window -types Layout -mru] -setting showLayer_M5 -value false
gui_set_setting -window [gui_get_current_window -types Layout -mru] -setting showLayer_M5DMY -value false
gui_set_setting -window [gui_get_current_window -types Layout -mru] -setting showLayer_VIA5 -value false
gui_set_setting -window [gui_get_current_window -types Layout -mru] -setting showLayer_M6 -value false
gui_set_setting -window [gui_get_current_window -types Layout -mru] -setting showLayer_M6DMY -value false
gui_set_setting -window [gui_get_current_window -types Layout -mru] -setting showLayer_VIA6 -value false
gui_set_setting -window [gui_get_current_window -types Layout -mru] -setting showLayer_M7 -value false
gui_set_setting -window [gui_get_current_window -types Layout -mru] -setting showLayer_M7DMY -value false
gui_set_setting -window [gui_get_current_window -types Layout -mru] -setting showLayer_VIA7 -value false
gui_set_setting -window [gui_get_current_window -types Layout -mru] -setting showLayer_M8 -value false
gui_set_setting -window [gui_get_current_window -types Layout -mru] -setting showLayer_M8DMY -value false
gui_set_setting -window [gui_get_current_window -types Layout -mru] -setting showLayer_VIA8 -value false
gui_set_setting -window [gui_get_current_window -types Layout -mru] -setting showLayer_M9 -value false
gui_set_setting -window [gui_get_current_window -types Layout -mru] -setting showLayer_M9DMY -value false
gui_set_setting -window [gui_get_current_window -types Layout -mru] -setting showLayer_VIARDL -value false
gui_set_setting -window [gui_get_current_window -types Layout -mru] -setting showLayer_MRDL -value false
gui_set_setting -window [gui_get_current_window -types Layout -mru] -setting showLayer_DIFF -value false
gui_set_setting -window [gui_get_current_window -types Layout -mru] -setting showLayer_BJTDMY -value false
gui_set_setting -window [gui_get_current_window -types Layout -mru] -setting showLayer_CPO -value false
gui_set_setting -window [gui_get_current_window -types Layout -mru] -setting showLayer_CTM1 -value false
gui_set_setting -window [gui_get_current_window -types Layout -mru] -setting showLayer_DIFF_15 -value false
gui_set_setting -window [gui_get_current_window -types Layout -mru] -setting showLayer_DIFF_25 -value false
gui_set_setting -window [gui_get_current_window -types Layout -mru] -setting showLayer_DIOD -value false
gui_set_setting -window [gui_get_current_window -types Layout -mru] -setting showLayer_DNW -value false
gui_set_setting -window [gui_get_current_window -types Layout -mru] -setting showLayer_ESD -value false
gui_set_setting -window [gui_get_current_window -types Layout -mru] -setting showLayer_FIN -value false
gui_set_setting -window [gui_get_current_window -types Layout -mru] -setting showLayer_HOTNWL -value false
gui_set_setting -window [gui_get_current_window -types Layout -mru] -setting showLayer_HVTIMP -value false
gui_set_setting -window [gui_get_current_window -types Layout -mru] -setting showLayer_IP -value false
gui_set_setting -window [gui_get_current_window -types Layout -mru] -setting showLayer_LOGO -value false
gui_set_setting -window [gui_get_current_window -types Layout -mru] -setting showLayer_M1PIN -value false
gui_set_setting -window [gui_get_current_window -types Layout -mru] -setting showLayer_M2PIN -value false
gui_set_setting -window [gui_get_current_window -types Layout -mru] -setting showLayer_M3PIN -value false
gui_set_setting -window [gui_get_current_window -types Layout -mru] -setting showLayer_M4PIN -value false
gui_set_setting -window [gui_get_current_window -types Layout -mru] -setting showLayer_M5PIN -value false
gui_set_setting -window [gui_get_current_window -types Layout -mru] -setting showLayer_M6PIN -value false
gui_set_setting -window [gui_get_current_window -types Layout -mru] -setting showLayer_M7PIN -value false
gui_set_setting -window [gui_get_current_window -types Layout -mru] -setting showLayer_M8PIN -value false
gui_set_setting -window [gui_get_current_window -types Layout -mru] -setting showLayer_M9PIN -value false
gui_set_setting -window [gui_get_current_window -types Layout -mru] -setting showLayer_MRPIN -value false
gui_set_setting -window [gui_get_current_window -types Layout -mru] -setting showLayer_NIMP -value false
gui_set_setting -window [gui_get_current_window -types Layout -mru] -setting showLayer_PAD -value false
gui_set_setting -window [gui_get_current_window -types Layout -mru] -setting showLayer_PIMP -value false
gui_set_setting -window [gui_get_current_window -types Layout -mru] -setting showLayer_RM1 -value false
gui_set_setting -window [gui_get_current_window -types Layout -mru] -setting showLayer_RM2 -value false
gui_set_setting -window [gui_get_current_window -types Layout -mru] -setting showLayer_RM3 -value false
gui_set_setting -window [gui_get_current_window -types Layout -mru] -setting showLayer_RM4 -value false
gui_set_setting -window [gui_get_current_window -types Layout -mru] -setting showLayer_RM5 -value false
gui_set_setting -window [gui_get_current_window -types Layout -mru] -setting showLayer_RM6 -value false
gui_set_setting -window [gui_get_current_window -types Layout -mru] -setting showLayer_RM7 -value false
gui_set_setting -window [gui_get_current_window -types Layout -mru] -setting showLayer_RM8 -value false
gui_set_setting -window [gui_get_current_window -types Layout -mru] -setting showLayer_RM9 -value false
gui_set_setting -window [gui_get_current_window -types Layout -mru] -setting showLayer_RMARK -value false
gui_set_setting -window [gui_get_current_window -types Layout -mru] -setting showLayer_RNW -value false
gui_set_setting -window [gui_get_current_window -types Layout -mru] -setting showLayer_SBLK -value false
gui_set_setting -window [gui_get_current_window -types Layout -mru] -setting showLayer_VIA0 -value false
gui_set_setting -window [gui_get_current_window -types Layout -mru] -setting showLayer_prBoundary -value false
gui_set_setting -window [gui_get_current_window -types Layout -mru] -setting showLayer_UNASSIGNED -value false
win_set_filter -visible -class routing_blockage -layer {0-72}
win_set_filter -visible -class shape -filter {} -layer {0-72}
win_set_filter -visible -class via -filter {} -layer {0-72}
win_set_filter -visible -class terminal -filter {}  -layer {0-72}
win_set_filter -class routing_blockage -layer {0-72}
win_set_filter -class shape -filter {} -layer {0-72}
win_set_filter -class via -filter {} -layer {0-72}
gui_zoom -window [gui_get_current_window -types Layout -view] -factor 2 -at_point {136.448 70.592}
gui_zoom -window [gui_get_current_window -types Layout -view] -factor 2 -at_point {140.983 63.922}
gui_zoom -window [gui_get_current_window -types Layout -view] -factor 2 -at_point {142.989 63.827}
gui_zoom -window [gui_get_current_window -types Layout -view] -factor 2 -at_point {142.989 63.827}
gui_zoom -window [gui_get_current_window -types Layout -view] -factor 2 -at_point {143.085 63.994}
gui_zoom -window [gui_get_current_window -types Layout -view] -factor 0.5 -at_point {143.128 64.908}
gui_zoom -window [gui_get_current_window -types Layout -view] -factor 0.5 -at_point {143.130 64.910}
gui_zoom -window [gui_get_current_window -types Layout -view] -factor 0.5 -at_point {143.108 64.909}
gui_zoom -window [gui_get_current_window -types Layout -view] -factor 0.5 -at_point {143.111 64.955}
create_stdcell_filler -lib_cell $pnr_std_fillers >> "$LOG/create_stdcell_filler.log"
connect_pg_net -net "VDD" [get_pins -hierarchical "*/VDD*"] >> "$LOG/connect_pg_net.log"
connect_pg_net -net "GND" [get_pins -hierarchical "*/VSS*"] >> "$LOG/connect_pg_net.log"
check_routes
save_block
gui_show_error_data
gui_set_error_browser_option -show_mode all
gui_set_error_browser_option -view_mode zoom
gui_set_error_browser_option -zoom_factor 1.000000
gui_set_error_browser_option -grouping type
gui_error_browser -show
gui_open_error_data -name {zroute.err}
gui_set_current_errors -data_name {zroute.err} -group {End of line enclosure}
gui_set_selected_errors -replace [gui_get_errors -data_name {zroute.err} -id {0}] -force
gui_set_setting -window [gui_get_current_window -types Layout -mru] -setting showPin -value true
gui_set_setting -window [gui_get_current_window -types Layout -mru] -setting showLayer_M2 -value true
gui_set_setting -window [gui_get_current_window -types Layout -mru] -setting showLayer_VIA1 -value true
win_set_filter -visible -class pin -filter {} -layer {0-4 7-72}
win_set_filter -visible -class routing_blockage -layer {0-4 7-72}
win_set_filter -visible -class shape -filter {} -layer {0-4 7-72}
win_set_filter -visible -class via -filter {} -layer {0-4 7-72}
win_set_filter -visible -class terminal -filter {}  -layer {0-4 7-72}
win_set_select_class -visible {cell pin port bound routing_blockage shaping_blockage pg_region pin_blockage block_shielding topology_node topology_edge core_area die_area edit_group shape via terminal fill_cell placement_blockage }
win_set_filter -class pin -filter {} -layer {0-4 7-72}
win_set_filter -class routing_blockage -layer {0-4 7-72}
win_set_filter -class shape -filter {} -layer {0-4 7-72}
win_set_filter -class via -filter {} -layer {0-4 7-72}
win_set_select_class {cell pin port bound routing_blockage shaping_blockage pg_region pin_blockage topology_node topology_edge edit_group shape via placement_blockage }
win_select_objects -slct_targets global -at {59.919 21.903} -radius 0.0001
gui_mouse_tool -window [gui_get_current_window -types Layout -mru] -start StretchTool
gui_mouse_tool -window [gui_get_current_window -types Layout -mru] -add_point {59.920 21.902} -scale 0.0001
gui_mouse_tool -window [gui_get_current_window -types Layout -mru] -reset
gui_zoom -window [gui_get_current_window -types Layout -view] -factor 0.5 -at_point {59.943 21.900}
gui_zoom -window [gui_get_current_window -types Layout -view] -factor 0.5 -at_point {59.927 21.899}
gui_mouse_tool -window [gui_get_current_window -types Layout -mru] -reset
win_select_objects -slct_targets global -at {59.907 21.897} -radius 0.0004
win_select_objects -slct_targets global -at {59.774 21.897} -radius 0.0004
gui_mouse_tool -window [gui_get_current_window -types Layout -mru] -start StretchTool
gui_mouse_tool -window [gui_get_current_window -types Layout -mru] -add_point {59.909 21.899} -scale 0.0004
gui_mouse_tool -window [gui_get_current_window -types Layout -mru] -reset
gui_mouse_tool -window [gui_get_current_window -types Layout -mru] -add_point {59.918 21.900} -scale 0.0004
gui_mouse_tool -window [gui_get_current_window -types Layout -mru] -reset
gui_mouse_tool -window [gui_get_current_window -types Layout -mru] -reset
win_select_objects -slct_targets global -at {59.917 21.874} -radius 0.0004
gui_set_setting -window [gui_get_current_window -types Layout -mru] -setting selectLayer_VIA1 -value false
gui_set_setting -window [gui_get_current_window -types Layout -mru] -setting selectLayer_VIA1 -value true
gui_set_setting -window [gui_get_current_window -types Layout -mru] -setting selectLayer_NWELL -value false
gui_set_setting -window [gui_get_current_window -types Layout -mru] -setting selectLayer_LVTIMP -value false
gui_set_setting -window [gui_get_current_window -types Layout -mru] -setting selectLayer_PO -value false
gui_set_setting -window [gui_get_current_window -types Layout -mru] -setting selectLayer_M1 -value false
gui_set_setting -window [gui_get_current_window -types Layout -mru] -setting selectLayer_M1DMY -value false
gui_set_setting -window [gui_get_current_window -types Layout -mru] -setting selectLayer_VIA1 -value false
gui_set_setting -window [gui_get_current_window -types Layout -mru] -setting selectLayer_M2 -value false
gui_set_setting -window [gui_get_current_window -types Layout -mru] -setting selectLayer_M2DMY -value false
gui_set_setting -window [gui_get_current_window -types Layout -mru] -setting selectLayer_VIA2 -value false
gui_set_setting -window [gui_get_current_window -types Layout -mru] -setting selectLayer_M3 -value false
gui_set_setting -window [gui_get_current_window -types Layout -mru] -setting selectLayer_M3DMY -value false
gui_set_setting -window [gui_get_current_window -types Layout -mru] -setting selectLayer_VIA3 -value false
gui_set_setting -window [gui_get_current_window -types Layout -mru] -setting selectLayer_M4 -value false
gui_set_setting -window [gui_get_current_window -types Layout -mru] -setting selectLayer_M4DMY -value false
gui_set_setting -window [gui_get_current_window -types Layout -mru] -setting selectLayer_VIA4 -value false
gui_set_setting -window [gui_get_current_window -types Layout -mru] -setting selectLayer_M5 -value false
gui_set_setting -window [gui_get_current_window -types Layout -mru] -setting selectLayer_M5DMY -value false
gui_set_setting -window [gui_get_current_window -types Layout -mru] -setting selectLayer_VIA5 -value false
gui_set_setting -window [gui_get_current_window -types Layout -mru] -setting selectLayer_M6 -value false
gui_set_setting -window [gui_get_current_window -types Layout -mru] -setting selectLayer_M6DMY -value false
gui_set_setting -window [gui_get_current_window -types Layout -mru] -setting selectLayer_VIA6 -value false
gui_set_setting -window [gui_get_current_window -types Layout -mru] -setting selectLayer_M7 -value false
gui_set_setting -window [gui_get_current_window -types Layout -mru] -setting selectLayer_M7DMY -value false
gui_set_setting -window [gui_get_current_window -types Layout -mru] -setting selectLayer_VIA7 -value false
gui_set_setting -window [gui_get_current_window -types Layout -mru] -setting selectLayer_M8 -value false
gui_set_setting -window [gui_get_current_window -types Layout -mru] -setting selectLayer_M8DMY -value false
gui_set_setting -window [gui_get_current_window -types Layout -mru] -setting selectLayer_VIA8 -value false
gui_set_setting -window [gui_get_current_window -types Layout -mru] -setting selectLayer_M9 -value false
gui_set_setting -window [gui_get_current_window -types Layout -mru] -setting selectLayer_M9DMY -value false
gui_set_setting -window [gui_get_current_window -types Layout -mru] -setting selectLayer_VIARDL -value false
gui_set_setting -window [gui_get_current_window -types Layout -mru] -setting selectLayer_MRDL -value false
gui_set_setting -window [gui_get_current_window -types Layout -mru] -setting selectLayer_DIFF -value false
gui_set_setting -window [gui_get_current_window -types Layout -mru] -setting selectLayer_BJTDMY -value false
gui_set_setting -window [gui_get_current_window -types Layout -mru] -setting selectLayer_CPO -value false
gui_set_setting -window [gui_get_current_window -types Layout -mru] -setting selectLayer_CTM1 -value false
gui_set_setting -window [gui_get_current_window -types Layout -mru] -setting selectLayer_DIFF_15 -value false
gui_set_setting -window [gui_get_current_window -types Layout -mru] -setting selectLayer_DIFF_25 -value false
gui_set_setting -window [gui_get_current_window -types Layout -mru] -setting selectLayer_DIOD -value false
gui_set_setting -window [gui_get_current_window -types Layout -mru] -setting selectLayer_DNW -value false
gui_set_setting -window [gui_get_current_window -types Layout -mru] -setting selectLayer_ESD -value false
gui_set_setting -window [gui_get_current_window -types Layout -mru] -setting selectLayer_FIN -value false
gui_set_setting -window [gui_get_current_window -types Layout -mru] -setting selectLayer_HOTNWL -value false
gui_set_setting -window [gui_get_current_window -types Layout -mru] -setting selectLayer_HVTIMP -value false
gui_set_setting -window [gui_get_current_window -types Layout -mru] -setting selectLayer_IP -value false
gui_set_setting -window [gui_get_current_window -types Layout -mru] -setting selectLayer_LOGO -value false
gui_set_setting -window [gui_get_current_window -types Layout -mru] -setting selectLayer_M1PIN -value false
gui_set_setting -window [gui_get_current_window -types Layout -mru] -setting selectLayer_M2PIN -value false
gui_set_setting -window [gui_get_current_window -types Layout -mru] -setting selectLayer_M3PIN -value false
gui_set_setting -window [gui_get_current_window -types Layout -mru] -setting selectLayer_M4PIN -value false
gui_set_setting -window [gui_get_current_window -types Layout -mru] -setting selectLayer_M5PIN -value false
gui_set_setting -window [gui_get_current_window -types Layout -mru] -setting selectLayer_M6PIN -value false
gui_set_setting -window [gui_get_current_window -types Layout -mru] -setting selectLayer_M7PIN -value false
gui_set_setting -window [gui_get_current_window -types Layout -mru] -setting selectLayer_M8PIN -value false
gui_set_setting -window [gui_get_current_window -types Layout -mru] -setting selectLayer_M9PIN -value false
gui_set_setting -window [gui_get_current_window -types Layout -mru] -setting selectLayer_MRPIN -value false
gui_set_setting -window [gui_get_current_window -types Layout -mru] -setting selectLayer_NIMP -value false
gui_set_setting -window [gui_get_current_window -types Layout -mru] -setting selectLayer_PAD -value false
gui_set_setting -window [gui_get_current_window -types Layout -mru] -setting selectLayer_PIMP -value false
gui_set_setting -window [gui_get_current_window -types Layout -mru] -setting selectLayer_RM1 -value false
gui_set_setting -window [gui_get_current_window -types Layout -mru] -setting selectLayer_RM2 -value false
gui_set_setting -window [gui_get_current_window -types Layout -mru] -setting selectLayer_RM3 -value false
gui_set_setting -window [gui_get_current_window -types Layout -mru] -setting selectLayer_RM4 -value false
gui_set_setting -window [gui_get_current_window -types Layout -mru] -setting selectLayer_RM5 -value false
gui_set_setting -window [gui_get_current_window -types Layout -mru] -setting selectLayer_RM6 -value false
gui_set_setting -window [gui_get_current_window -types Layout -mru] -setting selectLayer_RM7 -value false
gui_set_setting -window [gui_get_current_window -types Layout -mru] -setting selectLayer_RM8 -value false
gui_set_setting -window [gui_get_current_window -types Layout -mru] -setting selectLayer_RM9 -value false
gui_set_setting -window [gui_get_current_window -types Layout -mru] -setting selectLayer_RMARK -value false
gui_set_setting -window [gui_get_current_window -types Layout -mru] -setting selectLayer_RNW -value false
gui_set_setting -window [gui_get_current_window -types Layout -mru] -setting selectLayer_SBLK -value false
gui_set_setting -window [gui_get_current_window -types Layout -mru] -setting selectLayer_VIA0 -value false
gui_set_setting -window [gui_get_current_window -types Layout -mru] -setting selectLayer_prBoundary -value false
gui_set_setting -window [gui_get_current_window -types Layout -mru] -setting selectLayer_UNASSIGNED -value false
gui_set_setting -window [gui_get_current_window -types Layout -mru] -setting showLayer_NWELL -value true
gui_set_setting -window [gui_get_current_window -types Layout -mru] -setting showLayer_LVTIMP -value true
gui_set_setting -window [gui_get_current_window -types Layout -mru] -setting showLayer_PO -value true
gui_set_setting -window [gui_get_current_window -types Layout -mru] -setting showLayer_M1 -value true
gui_set_setting -window [gui_get_current_window -types Layout -mru] -setting showLayer_M1DMY -value true
gui_set_setting -window [gui_get_current_window -types Layout -mru] -setting showLayer_M2DMY -value true
gui_set_setting -window [gui_get_current_window -types Layout -mru] -setting showLayer_VIA2 -value true
gui_set_setting -window [gui_get_current_window -types Layout -mru] -setting showLayer_M3 -value true
gui_set_setting -window [gui_get_current_window -types Layout -mru] -setting showLayer_M3DMY -value true
gui_set_setting -window [gui_get_current_window -types Layout -mru] -setting showLayer_VIA3 -value true
gui_set_setting -window [gui_get_current_window -types Layout -mru] -setting showLayer_M4 -value true
gui_set_setting -window [gui_get_current_window -types Layout -mru] -setting showLayer_M4DMY -value true
gui_set_setting -window [gui_get_current_window -types Layout -mru] -setting showLayer_VIA4 -value true
gui_set_setting -window [gui_get_current_window -types Layout -mru] -setting showLayer_M5 -value true
gui_set_setting -window [gui_get_current_window -types Layout -mru] -setting showLayer_M5DMY -value true
gui_set_setting -window [gui_get_current_window -types Layout -mru] -setting showLayer_VIA5 -value true
gui_set_setting -window [gui_get_current_window -types Layout -mru] -setting showLayer_M6 -value true
gui_set_setting -window [gui_get_current_window -types Layout -mru] -setting showLayer_M6DMY -value true
gui_set_setting -window [gui_get_current_window -types Layout -mru] -setting showLayer_VIA6 -value true
gui_set_setting -window [gui_get_current_window -types Layout -mru] -setting showLayer_M7 -value true
gui_set_setting -window [gui_get_current_window -types Layout -mru] -setting showLayer_M7DMY -value true
gui_set_setting -window [gui_get_current_window -types Layout -mru] -setting showLayer_VIA7 -value true
gui_set_setting -window [gui_get_current_window -types Layout -mru] -setting showLayer_M8 -value true
gui_set_setting -window [gui_get_current_window -types Layout -mru] -setting showLayer_M8DMY -value true
gui_set_setting -window [gui_get_current_window -types Layout -mru] -setting showLayer_VIA8 -value true
gui_set_setting -window [gui_get_current_window -types Layout -mru] -setting showLayer_M9 -value true
gui_set_setting -window [gui_get_current_window -types Layout -mru] -setting showLayer_M9DMY -value true
gui_set_setting -window [gui_get_current_window -types Layout -mru] -setting showLayer_VIARDL -value true
gui_set_setting -window [gui_get_current_window -types Layout -mru] -setting showLayer_MRDL -value true
gui_set_setting -window [gui_get_current_window -types Layout -mru] -setting showLayer_DIFF -value true
gui_set_setting -window [gui_get_current_window -types Layout -mru] -setting showLayer_BJTDMY -value true
gui_set_setting -window [gui_get_current_window -types Layout -mru] -setting showLayer_CPO -value true
gui_set_setting -window [gui_get_current_window -types Layout -mru] -setting showLayer_CTM1 -value true
gui_set_setting -window [gui_get_current_window -types Layout -mru] -setting showLayer_DIFF_15 -value true
gui_set_setting -window [gui_get_current_window -types Layout -mru] -setting showLayer_DIFF_25 -value true
gui_set_setting -window [gui_get_current_window -types Layout -mru] -setting showLayer_DIOD -value true
gui_set_setting -window [gui_get_current_window -types Layout -mru] -setting showLayer_DNW -value true
gui_set_setting -window [gui_get_current_window -types Layout -mru] -setting showLayer_ESD -value true
gui_set_setting -window [gui_get_current_window -types Layout -mru] -setting showLayer_FIN -value true
gui_set_setting -window [gui_get_current_window -types Layout -mru] -setting showLayer_HOTNWL -value true
gui_set_setting -window [gui_get_current_window -types Layout -mru] -setting showLayer_HVTIMP -value true
gui_set_setting -window [gui_get_current_window -types Layout -mru] -setting showLayer_IP -value true
gui_set_setting -window [gui_get_current_window -types Layout -mru] -setting showLayer_LOGO -value true
gui_set_setting -window [gui_get_current_window -types Layout -mru] -setting showLayer_M1PIN -value true
gui_set_setting -window [gui_get_current_window -types Layout -mru] -setting showLayer_M2PIN -value true
gui_set_setting -window [gui_get_current_window -types Layout -mru] -setting showLayer_M3PIN -value true
gui_set_setting -window [gui_get_current_window -types Layout -mru] -setting showLayer_M4PIN -value true
gui_set_setting -window [gui_get_current_window -types Layout -mru] -setting showLayer_M5PIN -value true
gui_set_setting -window [gui_get_current_window -types Layout -mru] -setting showLayer_M6PIN -value true
gui_set_setting -window [gui_get_current_window -types Layout -mru] -setting showLayer_M7PIN -value true
gui_set_setting -window [gui_get_current_window -types Layout -mru] -setting showLayer_M8PIN -value true
gui_set_setting -window [gui_get_current_window -types Layout -mru] -setting showLayer_M9PIN -value true
gui_set_setting -window [gui_get_current_window -types Layout -mru] -setting showLayer_MRPIN -value true
gui_set_setting -window [gui_get_current_window -types Layout -mru] -setting showLayer_NIMP -value true
gui_set_setting -window [gui_get_current_window -types Layout -mru] -setting showLayer_PAD -value true
gui_set_setting -window [gui_get_current_window -types Layout -mru] -setting showLayer_PIMP -value true
gui_set_setting -window [gui_get_current_window -types Layout -mru] -setting showLayer_RM1 -value true
gui_set_setting -window [gui_get_current_window -types Layout -mru] -setting showLayer_RM2 -value true
gui_set_setting -window [gui_get_current_window -types Layout -mru] -setting showLayer_RM3 -value true
gui_set_setting -window [gui_get_current_window -types Layout -mru] -setting showLayer_RM4 -value true
gui_set_setting -window [gui_get_current_window -types Layout -mru] -setting showLayer_RM5 -value true
gui_set_setting -window [gui_get_current_window -types Layout -mru] -setting showLayer_RM6 -value true
gui_set_setting -window [gui_get_current_window -types Layout -mru] -setting showLayer_RM7 -value true
gui_set_setting -window [gui_get_current_window -types Layout -mru] -setting showLayer_RM8 -value true
gui_set_setting -window [gui_get_current_window -types Layout -mru] -setting showLayer_RM9 -value true
gui_set_setting -window [gui_get_current_window -types Layout -mru] -setting showLayer_RMARK -value true
gui_set_setting -window [gui_get_current_window -types Layout -mru] -setting showLayer_RNW -value true
gui_set_setting -window [gui_get_current_window -types Layout -mru] -setting showLayer_SBLK -value true
gui_set_setting -window [gui_get_current_window -types Layout -mru] -setting showLayer_VIA0 -value true
gui_set_setting -window [gui_get_current_window -types Layout -mru] -setting showLayer_prBoundary -value true
gui_set_setting -window [gui_get_current_window -types Layout -mru] -setting showLayer_UNASSIGNED -value true
gui_set_setting -window [gui_get_current_window -types Layout -mru] -setting selectLayer_NWELL -value true
gui_set_setting -window [gui_get_current_window -types Layout -mru] -setting selectLayer_LVTIMP -value true
gui_set_setting -window [gui_get_current_window -types Layout -mru] -setting selectLayer_PO -value true
gui_set_setting -window [gui_get_current_window -types Layout -mru] -setting selectLayer_M1 -value true
gui_set_setting -window [gui_get_current_window -types Layout -mru] -setting selectLayer_M1DMY -value true
gui_set_setting -window [gui_get_current_window -types Layout -mru] -setting selectLayer_VIA1 -value true
gui_set_setting -window [gui_get_current_window -types Layout -mru] -setting selectLayer_M2 -value true
gui_set_setting -window [gui_get_current_window -types Layout -mru] -setting selectLayer_M2DMY -value true
gui_set_setting -window [gui_get_current_window -types Layout -mru] -setting selectLayer_VIA2 -value true
gui_set_setting -window [gui_get_current_window -types Layout -mru] -setting selectLayer_M3 -value true
gui_set_setting -window [gui_get_current_window -types Layout -mru] -setting selectLayer_M3DMY -value true
gui_set_setting -window [gui_get_current_window -types Layout -mru] -setting selectLayer_VIA3 -value true
gui_set_setting -window [gui_get_current_window -types Layout -mru] -setting selectLayer_M4 -value true
gui_set_setting -window [gui_get_current_window -types Layout -mru] -setting selectLayer_M4DMY -value true
gui_set_setting -window [gui_get_current_window -types Layout -mru] -setting selectLayer_VIA4 -value true
gui_set_setting -window [gui_get_current_window -types Layout -mru] -setting selectLayer_M5 -value true
gui_set_setting -window [gui_get_current_window -types Layout -mru] -setting selectLayer_M5DMY -value true
gui_set_setting -window [gui_get_current_window -types Layout -mru] -setting selectLayer_VIA5 -value true
gui_set_setting -window [gui_get_current_window -types Layout -mru] -setting selectLayer_M6 -value true
gui_set_setting -window [gui_get_current_window -types Layout -mru] -setting selectLayer_M6DMY -value true
gui_set_setting -window [gui_get_current_window -types Layout -mru] -setting selectLayer_VIA6 -value true
gui_set_setting -window [gui_get_current_window -types Layout -mru] -setting selectLayer_M7 -value true
gui_set_setting -window [gui_get_current_window -types Layout -mru] -setting selectLayer_M7DMY -value true
gui_set_setting -window [gui_get_current_window -types Layout -mru] -setting selectLayer_VIA7 -value true
gui_set_setting -window [gui_get_current_window -types Layout -mru] -setting selectLayer_M8 -value true
gui_set_setting -window [gui_get_current_window -types Layout -mru] -setting selectLayer_M8DMY -value true
gui_set_setting -window [gui_get_current_window -types Layout -mru] -setting selectLayer_VIA8 -value true
gui_set_setting -window [gui_get_current_window -types Layout -mru] -setting selectLayer_M9 -value true
gui_set_setting -window [gui_get_current_window -types Layout -mru] -setting selectLayer_M9DMY -value true
gui_set_setting -window [gui_get_current_window -types Layout -mru] -setting selectLayer_VIARDL -value true
gui_set_setting -window [gui_get_current_window -types Layout -mru] -setting selectLayer_MRDL -value true
gui_set_setting -window [gui_get_current_window -types Layout -mru] -setting selectLayer_DIFF -value true
gui_set_setting -window [gui_get_current_window -types Layout -mru] -setting selectLayer_BJTDMY -value true
gui_set_setting -window [gui_get_current_window -types Layout -mru] -setting selectLayer_CPO -value true
gui_set_setting -window [gui_get_current_window -types Layout -mru] -setting selectLayer_CTM1 -value true
gui_set_setting -window [gui_get_current_window -types Layout -mru] -setting selectLayer_DIFF_15 -value true
gui_set_setting -window [gui_get_current_window -types Layout -mru] -setting selectLayer_DIFF_25 -value true
gui_set_setting -window [gui_get_current_window -types Layout -mru] -setting selectLayer_DIOD -value true
gui_set_setting -window [gui_get_current_window -types Layout -mru] -setting selectLayer_DNW -value true
gui_set_setting -window [gui_get_current_window -types Layout -mru] -setting selectLayer_ESD -value true
gui_set_setting -window [gui_get_current_window -types Layout -mru] -setting selectLayer_FIN -value true
gui_set_setting -window [gui_get_current_window -types Layout -mru] -setting selectLayer_HOTNWL -value true
gui_set_setting -window [gui_get_current_window -types Layout -mru] -setting selectLayer_HVTIMP -value true
gui_set_setting -window [gui_get_current_window -types Layout -mru] -setting selectLayer_IP -value true
gui_set_setting -window [gui_get_current_window -types Layout -mru] -setting selectLayer_LOGO -value true
gui_set_setting -window [gui_get_current_window -types Layout -mru] -setting selectLayer_M1PIN -value true
gui_set_setting -window [gui_get_current_window -types Layout -mru] -setting selectLayer_M2PIN -value true
gui_set_setting -window [gui_get_current_window -types Layout -mru] -setting selectLayer_M3PIN -value true
gui_set_setting -window [gui_get_current_window -types Layout -mru] -setting selectLayer_M4PIN -value true
gui_set_setting -window [gui_get_current_window -types Layout -mru] -setting selectLayer_M5PIN -value true
gui_set_setting -window [gui_get_current_window -types Layout -mru] -setting selectLayer_M6PIN -value true
gui_set_setting -window [gui_get_current_window -types Layout -mru] -setting selectLayer_M7PIN -value true
gui_set_setting -window [gui_get_current_window -types Layout -mru] -setting selectLayer_M8PIN -value true
gui_set_setting -window [gui_get_current_window -types Layout -mru] -setting selectLayer_M9PIN -value true
gui_set_setting -window [gui_get_current_window -types Layout -mru] -setting selectLayer_MRPIN -value true
gui_set_setting -window [gui_get_current_window -types Layout -mru] -setting selectLayer_NIMP -value true
gui_set_setting -window [gui_get_current_window -types Layout -mru] -setting selectLayer_PAD -value true
gui_set_setting -window [gui_get_current_window -types Layout -mru] -setting selectLayer_PIMP -value true
gui_set_setting -window [gui_get_current_window -types Layout -mru] -setting selectLayer_RM1 -value true
gui_set_setting -window [gui_get_current_window -types Layout -mru] -setting selectLayer_RM2 -value true
gui_set_setting -window [gui_get_current_window -types Layout -mru] -setting selectLayer_RM3 -value true
gui_set_setting -window [gui_get_current_window -types Layout -mru] -setting selectLayer_RM4 -value true
gui_set_setting -window [gui_get_current_window -types Layout -mru] -setting selectLayer_RM5 -value true
gui_set_setting -window [gui_get_current_window -types Layout -mru] -setting selectLayer_RM6 -value true
gui_set_setting -window [gui_get_current_window -types Layout -mru] -setting selectLayer_RM7 -value true
gui_set_setting -window [gui_get_current_window -types Layout -mru] -setting selectLayer_RM8 -value true
gui_set_setting -window [gui_get_current_window -types Layout -mru] -setting selectLayer_RM9 -value true
gui_set_setting -window [gui_get_current_window -types Layout -mru] -setting selectLayer_RMARK -value true
gui_set_setting -window [gui_get_current_window -types Layout -mru] -setting selectLayer_RNW -value true
gui_set_setting -window [gui_get_current_window -types Layout -mru] -setting selectLayer_SBLK -value true
gui_set_setting -window [gui_get_current_window -types Layout -mru] -setting selectLayer_VIA0 -value true
gui_set_setting -window [gui_get_current_window -types Layout -mru] -setting selectLayer_prBoundary -value true
gui_set_setting -window [gui_get_current_window -types Layout -mru] -setting selectLayer_UNASSIGNED -value true
win_set_filter -visible -class pin -filter {} -layer {}
win_set_filter -visible -class routing_blockage -layer {}
win_set_filter -visible -class shape -filter {} -layer {}
win_set_filter -visible -class via -filter {} -layer {}
win_set_filter -visible -class terminal -filter {}  -layer {}
win_set_filter -class pin -filter {} -layer {}
win_set_filter -class routing_blockage -layer {}
win_set_filter -class shape -filter {} -layer {}
win_set_filter -class via -filter {} -layer {}
gui_set_setting -window [gui_get_current_window -types Layout -mru] -setting selectLayer_NWELL -value false
gui_set_setting -window [gui_get_current_window -types Layout -mru] -setting selectLayer_LVTIMP -value false
gui_set_setting -window [gui_get_current_window -types Layout -mru] -setting selectLayer_PO -value false
gui_set_setting -window [gui_get_current_window -types Layout -mru] -setting selectLayer_M1 -value false
gui_set_setting -window [gui_get_current_window -types Layout -mru] -setting selectLayer_M1DMY -value false
gui_set_setting -window [gui_get_current_window -types Layout -mru] -setting selectLayer_VIA1 -value false
gui_set_setting -window [gui_get_current_window -types Layout -mru] -setting selectLayer_M2 -value false
gui_set_setting -window [gui_get_current_window -types Layout -mru] -setting selectLayer_M2DMY -value false
gui_set_setting -window [gui_get_current_window -types Layout -mru] -setting selectLayer_VIA2 -value false
gui_set_setting -window [gui_get_current_window -types Layout -mru] -setting selectLayer_M3 -value false
gui_set_setting -window [gui_get_current_window -types Layout -mru] -setting selectLayer_M3DMY -value false
gui_set_setting -window [gui_get_current_window -types Layout -mru] -setting selectLayer_VIA3 -value false
gui_set_setting -window [gui_get_current_window -types Layout -mru] -setting selectLayer_M4 -value false
gui_set_setting -window [gui_get_current_window -types Layout -mru] -setting selectLayer_M4DMY -value false
gui_set_setting -window [gui_get_current_window -types Layout -mru] -setting selectLayer_VIA4 -value false
gui_set_setting -window [gui_get_current_window -types Layout -mru] -setting selectLayer_M5 -value false
gui_set_setting -window [gui_get_current_window -types Layout -mru] -setting selectLayer_M5DMY -value false
gui_set_setting -window [gui_get_current_window -types Layout -mru] -setting selectLayer_VIA5 -value false
gui_set_setting -window [gui_get_current_window -types Layout -mru] -setting selectLayer_M6 -value false
gui_set_setting -window [gui_get_current_window -types Layout -mru] -setting selectLayer_M6DMY -value false
gui_set_setting -window [gui_get_current_window -types Layout -mru] -setting selectLayer_VIA6 -value false
gui_set_setting -window [gui_get_current_window -types Layout -mru] -setting selectLayer_M7 -value false
gui_set_setting -window [gui_get_current_window -types Layout -mru] -setting selectLayer_M7DMY -value false
gui_set_setting -window [gui_get_current_window -types Layout -mru] -setting selectLayer_VIA7 -value false
gui_set_setting -window [gui_get_current_window -types Layout -mru] -setting selectLayer_M8 -value false
gui_set_setting -window [gui_get_current_window -types Layout -mru] -setting selectLayer_M8DMY -value false
gui_set_setting -window [gui_get_current_window -types Layout -mru] -setting selectLayer_VIA8 -value false
gui_set_setting -window [gui_get_current_window -types Layout -mru] -setting selectLayer_M9 -value false
gui_set_setting -window [gui_get_current_window -types Layout -mru] -setting selectLayer_M9DMY -value false
gui_set_setting -window [gui_get_current_window -types Layout -mru] -setting selectLayer_VIARDL -value false
gui_set_setting -window [gui_get_current_window -types Layout -mru] -setting selectLayer_MRDL -value false
gui_set_setting -window [gui_get_current_window -types Layout -mru] -setting selectLayer_DIFF -value false
gui_set_setting -window [gui_get_current_window -types Layout -mru] -setting selectLayer_BJTDMY -value false
gui_set_setting -window [gui_get_current_window -types Layout -mru] -setting selectLayer_CPO -value false
gui_set_setting -window [gui_get_current_window -types Layout -mru] -setting selectLayer_CTM1 -value false
gui_set_setting -window [gui_get_current_window -types Layout -mru] -setting selectLayer_DIFF_15 -value false
gui_set_setting -window [gui_get_current_window -types Layout -mru] -setting selectLayer_DIFF_25 -value false
gui_set_setting -window [gui_get_current_window -types Layout -mru] -setting selectLayer_DIOD -value false
gui_set_setting -window [gui_get_current_window -types Layout -mru] -setting selectLayer_DNW -value false
gui_set_setting -window [gui_get_current_window -types Layout -mru] -setting selectLayer_ESD -value false
gui_set_setting -window [gui_get_current_window -types Layout -mru] -setting selectLayer_FIN -value false
gui_set_setting -window [gui_get_current_window -types Layout -mru] -setting selectLayer_HOTNWL -value false
gui_set_setting -window [gui_get_current_window -types Layout -mru] -setting selectLayer_HVTIMP -value false
gui_set_setting -window [gui_get_current_window -types Layout -mru] -setting selectLayer_IP -value false
gui_set_setting -window [gui_get_current_window -types Layout -mru] -setting selectLayer_LOGO -value false
gui_set_setting -window [gui_get_current_window -types Layout -mru] -setting selectLayer_M1PIN -value false
gui_set_setting -window [gui_get_current_window -types Layout -mru] -setting selectLayer_M2PIN -value false
gui_set_setting -window [gui_get_current_window -types Layout -mru] -setting selectLayer_M3PIN -value false
gui_set_setting -window [gui_get_current_window -types Layout -mru] -setting selectLayer_M4PIN -value false
gui_set_setting -window [gui_get_current_window -types Layout -mru] -setting selectLayer_M5PIN -value false
gui_set_setting -window [gui_get_current_window -types Layout -mru] -setting selectLayer_M6PIN -value false
gui_set_setting -window [gui_get_current_window -types Layout -mru] -setting selectLayer_M7PIN -value false
gui_set_setting -window [gui_get_current_window -types Layout -mru] -setting selectLayer_M8PIN -value false
gui_set_setting -window [gui_get_current_window -types Layout -mru] -setting selectLayer_M9PIN -value false
gui_set_setting -window [gui_get_current_window -types Layout -mru] -setting selectLayer_MRPIN -value false
gui_set_setting -window [gui_get_current_window -types Layout -mru] -setting selectLayer_NIMP -value false
gui_set_setting -window [gui_get_current_window -types Layout -mru] -setting selectLayer_PAD -value false
gui_set_setting -window [gui_get_current_window -types Layout -mru] -setting selectLayer_PIMP -value false
gui_set_setting -window [gui_get_current_window -types Layout -mru] -setting selectLayer_RM1 -value false
gui_set_setting -window [gui_get_current_window -types Layout -mru] -setting selectLayer_RM2 -value false
gui_set_setting -window [gui_get_current_window -types Layout -mru] -setting selectLayer_RM3 -value false
gui_set_setting -window [gui_get_current_window -types Layout -mru] -setting selectLayer_RM4 -value false
gui_set_setting -window [gui_get_current_window -types Layout -mru] -setting selectLayer_RM5 -value false
gui_set_setting -window [gui_get_current_window -types Layout -mru] -setting selectLayer_RM6 -value false
gui_set_setting -window [gui_get_current_window -types Layout -mru] -setting selectLayer_RM7 -value false
gui_set_setting -window [gui_get_current_window -types Layout -mru] -setting selectLayer_RM8 -value false
gui_set_setting -window [gui_get_current_window -types Layout -mru] -setting selectLayer_RM9 -value false
gui_set_setting -window [gui_get_current_window -types Layout -mru] -setting selectLayer_RMARK -value false
gui_set_setting -window [gui_get_current_window -types Layout -mru] -setting selectLayer_RNW -value false
gui_set_setting -window [gui_get_current_window -types Layout -mru] -setting selectLayer_SBLK -value false
gui_set_setting -window [gui_get_current_window -types Layout -mru] -setting selectLayer_VIA0 -value false
gui_set_setting -window [gui_get_current_window -types Layout -mru] -setting selectLayer_prBoundary -value false
gui_set_setting -window [gui_get_current_window -types Layout -mru] -setting selectLayer_UNASSIGNED -value false
gui_set_setting -window [gui_get_current_window -types Layout -mru] -setting showLayer_NWELL -value false
gui_set_setting -window [gui_get_current_window -types Layout -mru] -setting showLayer_LVTIMP -value false
gui_set_setting -window [gui_get_current_window -types Layout -mru] -setting showLayer_PO -value false
gui_set_setting -window [gui_get_current_window -types Layout -mru] -setting showLayer_M1 -value false
gui_set_setting -window [gui_get_current_window -types Layout -mru] -setting showLayer_M1DMY -value false
gui_set_setting -window [gui_get_current_window -types Layout -mru] -setting showLayer_VIA1 -value false
gui_set_setting -window [gui_get_current_window -types Layout -mru] -setting showLayer_M2 -value false
gui_set_setting -window [gui_get_current_window -types Layout -mru] -setting showLayer_M2DMY -value false
gui_set_setting -window [gui_get_current_window -types Layout -mru] -setting showLayer_VIA2 -value false
gui_set_setting -window [gui_get_current_window -types Layout -mru] -setting showLayer_M3 -value false
gui_set_setting -window [gui_get_current_window -types Layout -mru] -setting showLayer_M3DMY -value false
gui_set_setting -window [gui_get_current_window -types Layout -mru] -setting showLayer_VIA3 -value false
gui_set_setting -window [gui_get_current_window -types Layout -mru] -setting showLayer_M4 -value false
gui_set_setting -window [gui_get_current_window -types Layout -mru] -setting showLayer_M4DMY -value false
gui_set_setting -window [gui_get_current_window -types Layout -mru] -setting showLayer_VIA4 -value false
gui_set_setting -window [gui_get_current_window -types Layout -mru] -setting showLayer_M5 -value false
gui_set_setting -window [gui_get_current_window -types Layout -mru] -setting showLayer_M5DMY -value false
gui_set_setting -window [gui_get_current_window -types Layout -mru] -setting showLayer_VIA5 -value false
gui_set_setting -window [gui_get_current_window -types Layout -mru] -setting showLayer_M6 -value false
gui_set_setting -window [gui_get_current_window -types Layout -mru] -setting showLayer_M6DMY -value false
gui_set_setting -window [gui_get_current_window -types Layout -mru] -setting showLayer_VIA6 -value false
gui_set_setting -window [gui_get_current_window -types Layout -mru] -setting showLayer_M7 -value false
gui_set_setting -window [gui_get_current_window -types Layout -mru] -setting showLayer_M7DMY -value false
gui_set_setting -window [gui_get_current_window -types Layout -mru] -setting showLayer_VIA7 -value false
gui_set_setting -window [gui_get_current_window -types Layout -mru] -setting showLayer_M8 -value false
gui_set_setting -window [gui_get_current_window -types Layout -mru] -setting showLayer_M8DMY -value false
gui_set_setting -window [gui_get_current_window -types Layout -mru] -setting showLayer_VIA8 -value false
gui_set_setting -window [gui_get_current_window -types Layout -mru] -setting showLayer_M9 -value false
gui_set_setting -window [gui_get_current_window -types Layout -mru] -setting showLayer_M9DMY -value false
gui_set_setting -window [gui_get_current_window -types Layout -mru] -setting showLayer_VIARDL -value false
gui_set_setting -window [gui_get_current_window -types Layout -mru] -setting showLayer_MRDL -value false
gui_set_setting -window [gui_get_current_window -types Layout -mru] -setting showLayer_DIFF -value false
gui_set_setting -window [gui_get_current_window -types Layout -mru] -setting showLayer_BJTDMY -value false
gui_set_setting -window [gui_get_current_window -types Layout -mru] -setting showLayer_CPO -value false
gui_set_setting -window [gui_get_current_window -types Layout -mru] -setting showLayer_CTM1 -value false
gui_set_setting -window [gui_get_current_window -types Layout -mru] -setting showLayer_DIFF_15 -value false
gui_set_setting -window [gui_get_current_window -types Layout -mru] -setting showLayer_DIFF_25 -value false
gui_set_setting -window [gui_get_current_window -types Layout -mru] -setting showLayer_DIOD -value false
gui_set_setting -window [gui_get_current_window -types Layout -mru] -setting showLayer_DNW -value false
gui_set_setting -window [gui_get_current_window -types Layout -mru] -setting showLayer_ESD -value false
gui_set_setting -window [gui_get_current_window -types Layout -mru] -setting showLayer_FIN -value false
gui_set_setting -window [gui_get_current_window -types Layout -mru] -setting showLayer_HOTNWL -value false
gui_set_setting -window [gui_get_current_window -types Layout -mru] -setting showLayer_HVTIMP -value false
gui_set_setting -window [gui_get_current_window -types Layout -mru] -setting showLayer_IP -value false
gui_set_setting -window [gui_get_current_window -types Layout -mru] -setting showLayer_LOGO -value false
gui_set_setting -window [gui_get_current_window -types Layout -mru] -setting showLayer_M1PIN -value false
gui_set_setting -window [gui_get_current_window -types Layout -mru] -setting showLayer_M2PIN -value false
gui_set_setting -window [gui_get_current_window -types Layout -mru] -setting showLayer_M3PIN -value false
gui_set_setting -window [gui_get_current_window -types Layout -mru] -setting showLayer_M4PIN -value false
gui_set_setting -window [gui_get_current_window -types Layout -mru] -setting showLayer_M5PIN -value false
gui_set_setting -window [gui_get_current_window -types Layout -mru] -setting showLayer_M6PIN -value false
gui_set_setting -window [gui_get_current_window -types Layout -mru] -setting showLayer_M7PIN -value false
gui_set_setting -window [gui_get_current_window -types Layout -mru] -setting showLayer_M8PIN -value false
gui_set_setting -window [gui_get_current_window -types Layout -mru] -setting showLayer_M9PIN -value false
gui_set_setting -window [gui_get_current_window -types Layout -mru] -setting showLayer_MRPIN -value false
gui_set_setting -window [gui_get_current_window -types Layout -mru] -setting showLayer_NIMP -value false
gui_set_setting -window [gui_get_current_window -types Layout -mru] -setting showLayer_PAD -value false
gui_set_setting -window [gui_get_current_window -types Layout -mru] -setting showLayer_PIMP -value false
gui_set_setting -window [gui_get_current_window -types Layout -mru] -setting showLayer_RM1 -value false
gui_set_setting -window [gui_get_current_window -types Layout -mru] -setting showLayer_RM2 -value false
gui_set_setting -window [gui_get_current_window -types Layout -mru] -setting showLayer_RM3 -value false
gui_set_setting -window [gui_get_current_window -types Layout -mru] -setting showLayer_RM4 -value false
gui_set_setting -window [gui_get_current_window -types Layout -mru] -setting showLayer_RM5 -value false
gui_set_setting -window [gui_get_current_window -types Layout -mru] -setting showLayer_RM6 -value false
gui_set_setting -window [gui_get_current_window -types Layout -mru] -setting showLayer_RM7 -value false
gui_set_setting -window [gui_get_current_window -types Layout -mru] -setting showLayer_RM8 -value false
gui_set_setting -window [gui_get_current_window -types Layout -mru] -setting showLayer_RM9 -value false
gui_set_setting -window [gui_get_current_window -types Layout -mru] -setting showLayer_RMARK -value false
gui_set_setting -window [gui_get_current_window -types Layout -mru] -setting showLayer_RNW -value false
gui_set_setting -window [gui_get_current_window -types Layout -mru] -setting showLayer_SBLK -value false
gui_set_setting -window [gui_get_current_window -types Layout -mru] -setting showLayer_VIA0 -value false
gui_set_setting -window [gui_get_current_window -types Layout -mru] -setting showLayer_prBoundary -value false
gui_set_setting -window [gui_get_current_window -types Layout -mru] -setting showLayer_UNASSIGNED -value false
gui_set_setting -window [gui_get_current_window -types Layout -mru] -setting showLayer_M1 -value true
gui_set_setting -window [gui_get_current_window -types Layout -mru] -setting showLayer_M2 -value true
gui_set_setting -window [gui_get_current_window -types Layout -mru] -setting showLayer_VIA2 -value true
gui_set_setting -window [gui_get_current_window -types Layout -mru] -setting selectLayer_M2 -value true
gui_set_setting -window [gui_get_current_window -types Layout -mru] -setting selectLayer_M1 -value true
win_set_filter -visible -class pin -filter {} -layer {0-2 4-5 7 9-72}
win_set_filter -visible -class routing_blockage -layer {0-2 4-5 7 9-72}
win_set_filter -visible -class shape -filter {} -layer {0-2 4-5 7 9-72}
win_set_filter -visible -class via -filter {} -layer {0-2 4-5 7 9-72}
win_set_filter -visible -class terminal -filter {}  -layer {0-2 4-5 7 9-72}
win_set_filter -class pin -filter {} -layer {0-2 4-5 7-72}
win_set_filter -class routing_blockage -layer {0-2 4-5 7-72}
win_set_filter -class shape -filter {} -layer {0-2 4-5 7-72}
win_set_filter -class via -filter {} -layer {0-2 4-5 7-72}
win_select_objects -slct_targets global -at {60.101 21.908} -radius 0.0004
win_select_objects -slct_targets global -at {59.998 21.907} -radius 0.0004
win_select_objects -slct_targets global -at {59.903 21.901} -radius 0.0004
win_select_objects -slct_targets global -at {59.783 21.902} -radius 0.0004
gui_mouse_tool -window [gui_get_current_window -types Layout -mru] -start StretchTool
gui_mouse_tool -window [gui_get_current_window -types Layout -mru] -add_point {59.767 21.902} -scale 0.0004
gui_mouse_tool -window [gui_get_current_window -types Layout -mru] -reset
gui_mouse_tool -window [gui_get_current_window -types Layout -mru] -reset
check_lvs
win_select_objects -slct_targets global -at {59.778 21.899} -radius 0.0004
gui_mouse_tool -window [gui_get_current_window -types Layout -mru] -start StretchTool
gui_mouse_tool -window [gui_get_current_window -types Layout -mru] -add_point {59.778 21.899} -scale 0.0004
gui_mouse_tool -window [gui_get_current_window -types Layout -mru] -add_point {59.849 21.902} -scale 0.0004
check_lvs
gui_mouse_tool -window [gui_get_current_window -types Layout -mru] -add_point {59.780 21.896} -scale 0.0004
gui_mouse_tool -window [gui_get_current_window -types Layout -mru] -reset
undo
undo
gui_mouse_tool -window [gui_get_current_window -types Layout -mru] -add_point {59.757 21.898} -scale 0.0004
gui_mouse_tool -window [gui_get_current_window -types Layout -mru] -apply
gui_mouse_tool -window [gui_get_current_window -types Layout -mru] -reset
gui_mouse_tool -window [gui_get_current_window -types Layout -mru] -reset
win_select_objects -slct_targets global -at {59.764 21.951} -radius 0.0004
gui_zoom -window [gui_get_current_window -types Layout -view] -factor 0.5 -at_point {59.769 21.930}
gui_scroll -window [gui_get_current_window -view] -hrel -.2
win_select_objects -slct_targets global -at {59.761 21.900} -radius 0.0007
gui_mouse_tool -window [gui_get_current_window -types Layout -mru] -start StretchTool
gui_mouse_tool -window [gui_get_current_window -types Layout -mru] -add_point {59.840 21.900} -scale 0.0007
gui_mouse_tool -window [gui_get_current_window -types Layout -mru] -reset
gui_mouse_tool -window [gui_get_current_window -types Layout -mru] -add_point {59.877 21.902} -scale 0.0007
gui_mouse_tool -window [gui_get_current_window -types Layout -mru] -add_point {59.882 21.902} -scale 0.0007
gui_mouse_tool -window [gui_get_current_window -types Layout -mru] -add_point {59.882 21.899} -scale 0.0007
gui_mouse_tool -window [gui_get_current_window -types Layout -mru] -add_point {59.882 21.899} -scale 0.0007
gui_mouse_tool -window [gui_get_current_window -types Layout -mru] -reset
win_select_objects -slct_targets global -at {59.818 21.896} -radius 0.0007
win_select_objects -slct_targets global -at {59.762 21.897} -radius 0.0007
gui_mouse_tool -window [gui_get_current_window -types Layout -mru] -start StretchTool
gui_mouse_tool -window [gui_get_current_window -types Layout -mru] -add_point {59.882 21.900} -scale 0.0007
gui_mouse_tool -window [gui_get_current_window -types Layout -mru] -add_point {59.927 21.899} -scale 0.0007
gui_mouse_tool -window [gui_get_current_window -types Layout -mru] -reset
win_select_objects -slct_targets global -at {59.935 21.901} -radius 0.0007
gui_zoom -window [gui_get_current_window -types Layout -view] -factor 2 -at_point {59.894 21.892}
gui_zoom -window [gui_get_current_window -types Layout -view] -factor 0.5 -at_point {59.920 21.895}
check_routes
win_set_filter -visible -class pin -filter {} -layer {0-2 4 7 9-72}
win_set_filter -visible -class routing_blockage -layer {0-2 4 7 9-72}
win_set_filter -visible -class shape -filter {} -layer {0-2 4 7 9-72}
win_set_filter -visible -class via -filter {} -layer {0-2 4 7 9-72}
win_set_filter -visible -class terminal -filter {}  -layer {0-2 4 7 9-72}
undo
win_select_objects -slct_targets global -at {59.757 21.871} -radius 0.0007
win_select_objects -slct_targets global -at {59.903 21.899} -radius 0.0007
win_select_objects -slct_targets global -at {59.782 21.899} -radius 0.0007
gui_mouse_tool -window [gui_get_current_window -types Layout -mru] -start StretchTool
gui_mouse_tool -window [gui_get_current_window -types Layout -mru] -add_point {59.920 21.899} -scale 0.0007
gui_mouse_tool -window [gui_get_current_window -types Layout -mru] -reset
gui_mouse_tool -window [gui_get_current_window -types Layout -mru] -add_point {59.766 21.901} -scale 0.0007
gui_mouse_tool -window [gui_get_current_window -types Layout -mru] -reset
gui_mouse_tool -window [gui_get_current_window -types Layout -mru] -add_point {59.747 21.900} -scale 0.0007
gui_mouse_tool -window [gui_get_current_window -types Layout -mru] -reset
gui_mouse_tool -window [gui_get_current_window -types Layout -mru] -reset
win_select_objects -slct_targets global -at {59.753 21.904} -radius 0.0007
win_select_objects -slct_targets global -at {59.760 21.860} -radius 0.0007
win_select_objects -slct_targets global -at {59.763 21.905} -radius 0.0007
gui_mouse_tool -window [gui_get_current_window -types Layout -mru] -start StretchTool
gui_mouse_tool -window [gui_get_current_window -types Layout -mru] -add_point {59.881 21.899} -scale 0.0007
gui_mouse_tool -window [gui_get_current_window -types Layout -mru] -reset
gui_mouse_tool -window [gui_get_current_window -types Layout -mru] -reset
win_select_objects -slct_targets global -at {59.761 21.942} -radius 0.0007
win_select_objects -slct_targets global -at {59.786 21.902} -radius 0.0007
gui_mouse_tool -window [gui_get_current_window -types Layout -mru] -start StretchTool
gui_mouse_tool -window [gui_get_current_window -types Layout -mru] -add_point {59.883 21.900} -scale 0.0007
gui_mouse_tool -window [gui_get_current_window -types Layout -mru] -add_point {59.950 21.897} -scale 0.0007
gui_mouse_tool -window [gui_get_current_window -types Layout -mru] -reset
check_routes
check_lvs
gui_set_selected_errors -replace [gui_get_errors -data_name {zroute.err} -id {1}] -force
gui_set_selected_errors -replace [gui_get_errors -data_name {zroute.err} -id {0}] -force
gui_zoom -window [gui_get_current_window -types Layout -view] -factor 0.5 -at_point {21.292 27.298}
gui_zoom -window [gui_get_current_window -types Layout -view] -factor 0.5 -at_point {21.291 27.299}
gui_scroll -window [gui_get_current_window -view] -hrel -.2
gui_zoom -window [gui_get_current_window -types Layout -view] -factor 0.5 -at_point {21.110 27.293}
gui_scroll -window [gui_get_current_window -view] -hrel -.2
win_select_objects -slct_targets global -at {21.123 27.297} -radius 0.0007
gui_mouse_tool -window [gui_get_current_window -types Layout -mru] -start StretchTool
gui_mouse_tool -window [gui_get_current_window -types Layout -mru] -add_point {21.255 27.298} -scale 0.0007
gui_mouse_tool -window [gui_get_current_window -types Layout -mru] -add_point {21.318 27.293} -scale 0.0007
gui_set_selected_errors -replace [gui_get_errors -data_name {zroute.err} -id {1}] -force
gui_zoom -window [gui_get_current_window -types Layout -view] -factor 0.5 -at_point {86.948 34.494}
gui_zoom -window [gui_get_current_window -types Layout -view] -factor 0.5 -at_point {86.948 34.494}
gui_mouse_tool -window [gui_get_current_window -types Layout -mru] -add_point {86.797 34.496} -scale 0.0004
gui_mouse_tool -window [gui_get_current_window -types Layout -mru] -reset
gui_zoom -window [gui_get_current_window -types Layout -view] -factor 0.5 -at_point {86.855 34.499}
gui_scroll -window [gui_get_current_window -view] -hrel -.2
gui_mouse_tool -window [gui_get_current_window -types Layout -mru] -add_point {86.891 34.501} -scale 0.0007
gui_mouse_tool -window [gui_get_current_window -types Layout -mru] -add_point {86.959 34.495} -scale 0.0007
gui_set_selected_errors -replace [gui_get_errors -data_name {zroute.err} -id {2}] -force
gui_zoom -window [gui_get_current_window -types Layout -view] -factor 0.5 -at_point {100.770 48.292}
gui_zoom -window [gui_get_current_window -types Layout -view] -factor 0.5 -at_point {100.740 48.297}
gui_scroll -window [gui_get_current_window -view] -hrel -.2
gui_mouse_tool -window [gui_get_current_window -types Layout -mru] -add_point {100.642 48.302} -scale 0.0004
gui_mouse_tool -window [gui_get_current_window -types Layout -mru] -reset
gui_zoom -window [gui_get_current_window -types Layout -view] -factor 0.5 -at_point {100.662 48.301}
gui_mouse_tool -window [gui_get_current_window -types Layout -mru] -reset
win_select_objects -slct_targets global -at {100.638 48.294} -radius 0.0007
gui_mouse_tool -window [gui_get_current_window -types Layout -mru] -start StretchTool
gui_mouse_tool -window [gui_get_current_window -types Layout -mru] -add_point {100.730 48.300} -scale 0.0007
gui_zoom -window [gui_get_current_window -types Layout -view] -factor 0.5 -at_point {100.786 48.296}
gui_zoom -window [gui_get_current_window -types Layout -view] -factor 2 -at_point {100.778 48.292}
gui_zoom -window [gui_get_current_window -types Layout -view] -factor 2 -at_point {100.794 48.294}
gui_zoom -window [gui_get_current_window -types Layout -view] -factor 0.5 -at_point {100.804 48.296}
gui_zoom -window [gui_get_current_window -types Layout -view] -factor 0.5 -at_point {100.784 48.296}
gui_zoom -window [gui_get_current_window -types Layout -view] -factor 2 -at_point {100.794 48.294}
gui_mouse_tool -window [gui_get_current_window -types Layout -mru] -add_point {100.805 48.295} -scale 0.0007
check_lvs
check_routes
gui_set_selected_errors -replace [gui_get_errors -data_name {zroute.err} -id {1}] -force
gui_zoom -window [gui_get_current_window -types Layout -view] -factor 0.5 -at_point {152.235 63.307}
gui_scroll -window [gui_get_current_window -view] -hrel -.2
gui_zoom -window [gui_get_current_window -types Layout -view] -factor 0.5 -at_point {152.273 63.258}
gui_scroll -window [gui_get_current_window -view] -vrel .2
gui_mouse_tool -window [gui_get_current_window -types Layout -mru] -add_point {152.117 63.295} -scale 0.0004
gui_mouse_tool -window [gui_get_current_window -types Layout -mru] -apply
gui_mouse_tool -window [gui_get_current_window -types Layout -mru] -reset
gui_zoom -window [gui_get_current_window -types Layout -view] -factor 0.5 -at_point {152.160 63.303}
gui_scroll -window [gui_get_current_window -view] -hrel -.2
gui_mouse_tool -window [gui_get_current_window -types Layout -mru] -reset
win_select_objects -slct_targets global -at {152.079 63.299} -radius 0.0007
win_select_objects -slct_targets global -at {152.135 63.297} -radius 0.0007
gui_mouse_tool -window [gui_get_current_window -types Layout -mru] -start StretchTool
gui_mouse_tool -window [gui_get_current_window -types Layout -mru] -add_point {152.234 63.300} -scale 0.0007
gui_mouse_tool -window [gui_get_current_window -types Layout -mru] -add_point {152.300 63.297} -scale 0.0007
gui_set_selected_errors -replace [gui_get_errors -data_name {zroute.err} -id {0}] -force
gui_set_selected_errors -replace [gui_get_errors -data_name {zroute.err} -id {1}] -force
gui_set_selected_errors -replace [gui_get_errors -data_name {zroute.err} -id {2}] -force
gui_zoom -window [gui_get_current_window -types Layout -view] -factor 0.5 -at_point {77.890 67.502}
gui_zoom -window [gui_get_current_window -types Layout -view] -factor 0.5 -at_point {77.900 67.492}
gui_scroll -window [gui_get_current_window -view] -hrel -.2
gui_scroll -window [gui_get_current_window -view] -hrel -.2
gui_mouse_tool -window [gui_get_current_window -types Layout -mru] -add_point {77.727 67.497} -scale 0.0004
gui_mouse_tool -window [gui_get_current_window -types Layout -mru] -reset
gui_zoom -window [gui_get_current_window -types Layout -view] -factor 0.5 -at_point {77.730 67.497}
gui_mouse_tool -window [gui_get_current_window -types Layout -mru] -reset
win_select_objects -slct_targets global -at {77.769 67.468} -radius 0.0007
win_select_objects -slct_targets global -at {77.769 67.496} -radius 0.0007
gui_mouse_tool -window [gui_get_current_window -types Layout -mru] -start StretchTool
gui_mouse_tool -window [gui_get_current_window -types Layout -mru] -add_point {77.865 67.499} -scale 0.0007
gui_mouse_tool -window [gui_get_current_window -types Layout -mru] -reset
gui_mouse_tool -window [gui_get_current_window -types Layout -mru] -add_point {77.863 67.501} -scale 0.0007
gui_mouse_tool -window [gui_get_current_window -types Layout -mru] -apply
gui_mouse_tool -window [gui_get_current_window -types Layout -mru] -add_point {77.938 67.497} -scale 0.0007
gui_mouse_tool -window [gui_get_current_window -types Layout -mru] -reset
gui_set_selected_errors -replace [gui_get_errors -data_name {zroute.err} -id {3}] -force
gui_zoom -window [gui_get_current_window -types Layout -view] -factor 2 -at_point {140.126 68.696}
gui_zoom -window [gui_get_current_window -types Layout -view] -factor 0.5 -at_point {140.123 68.696}
gui_zoom -window [gui_get_current_window -types Layout -view] -factor 0.5 -at_point {140.122 68.697}
gui_scroll -window [gui_get_current_window -view] -hrel -.2
gui_zoom -window [gui_get_current_window -types Layout -view] -factor 0.5 -at_point {140.076 68.696}
gui_scroll -window [gui_get_current_window -view] -hrel -.2
gui_scroll -window [gui_get_current_window -view] -hrel -.2
gui_zoom -window [gui_get_current_window -types Layout -view] -factor 0.5 -at_point {139.946 68.696}
win_select_objects -slct_targets global -at {140.004 68.695} -radius 0.0007
gui_mouse_tool -window [gui_get_current_window -types Layout -mru] -start StretchTool
gui_mouse_tool -window [gui_get_current_window -types Layout -mru] -add_point {140.099 68.701} -scale 0.0007
gui_mouse_tool -window [gui_get_current_window -types Layout -mru] -add_point {140.169 68.699} -scale 0.0007
gui_set_selected_errors -replace [gui_get_errors -data_name {zroute.err} -id {4}] -force
gui_zoom -window [gui_get_current_window -types Layout -view] -factor 0.5 -at_point {59.163 71.099}
gui_zoom -window [gui_get_current_window -types Layout -view] -factor 0.5 -at_point {59.163 71.099}
gui_scroll -window [gui_get_current_window -view] -hrel -.2
gui_scroll -window [gui_get_current_window -view] -hrel -.2
gui_mouse_tool -window [gui_get_current_window -types Layout -mru] -add_point {59.033 71.098} -scale 0.0004
gui_mouse_tool -window [gui_get_current_window -types Layout -mru] -reset
gui_zoom -window [gui_get_current_window -types Layout -view] -factor 0.5 -at_point {59.124 71.097}
gui_mouse_tool -window [gui_get_current_window -types Layout -mru] -add_point {59.141 71.101} -scale 0.0007
gui_mouse_tool -window [gui_get_current_window -types Layout -mru] -add_point {59.228 71.095} -scale 0.0007
gui_set_selected_errors -replace [gui_get_errors -data_name {zroute.err} -id {5}] -force
gui_zoom -window [gui_get_current_window -types Layout -view] -factor 0.5 -at_point {42.878 78.298}
gui_zoom -window [gui_get_current_window -types Layout -view] -factor 0.5 -at_point {42.879 78.297}
gui_scroll -window [gui_get_current_window -view] -hrel -.2
gui_scroll -window [gui_get_current_window -view] -hrel -.2
gui_zoom -window [gui_get_current_window -types Layout -view] -factor 0.5 -at_point {42.741 78.293}
gui_mouse_tool -window [gui_get_current_window -types Layout -mru] -reset
win_select_objects -slct_targets global -at {42.763 78.297} -radius 0.0007
gui_mouse_tool -window [gui_get_current_window -types Layout -mru] -start StretchTool
gui_mouse_tool -window [gui_get_current_window -types Layout -mru] -add_point {42.862 78.301} -scale 0.0007
gui_mouse_tool -window [gui_get_current_window -types Layout -mru] -reset
gui_zoom -window [gui_get_current_window -types Layout -view] -factor 0.5 -at_point {42.950 78.302}
gui_mouse_tool -window [gui_get_current_window -types Layout -mru] -add_point {42.860 78.300} -scale 0.0014
gui_zoom -window [gui_get_current_window -types Layout -view] -factor 2 -at_point {42.920 78.298}
gui_mouse_tool -window [gui_get_current_window -types Layout -mru] -add_point {42.949 78.300} -scale 0.0007
gui_mouse_tool -window [gui_get_current_window -types Layout -mru] -reset
check_routes
gui_error_browser -hide
gui_set_selected_errors -replace [gui_get_errors -data_name {zroute.err} -id {4 5 6 7 8 9}] -force
check_lvs
gui_zoom -window [gui_get_current_window -types Layout -view] -factor 2 -at_point {95.904 95.713}
gui_set_selected_errors -replace [gui_get_errors -data_name {zroute.err} -id {0}] -force
gui_zoom -window [gui_get_current_window -types Layout -view] -factor 0.5 -at_point {21.310 27.294}
gui_mouse_tool -window [gui_get_current_window -types Layout -mru] -start StretchTool
gui_mouse_tool -window [gui_get_current_window -types Layout -mru] -add_point {21.317 27.300} -scale 0.0002
gui_mouse_tool -window [gui_get_current_window -types Layout -mru] -add_point {21.333 27.300} -scale 0.0002
gui_set_selected_errors -replace [gui_get_errors -data_name {zroute.err} -id {1}] -force
gui_mouse_tool -window [gui_get_current_window -types Layout -mru] -reset
win_select_objects -slct_targets global -at {152.293 63.297} -radius 0.0001
gui_mouse_tool -window [gui_get_current_window -types Layout -mru] -start StretchTool
gui_mouse_tool -window [gui_get_current_window -types Layout -mru] -add_point {152.297 63.301} -scale 0.0001
gui_mouse_tool -window [gui_get_current_window -types Layout -mru] -add_point {152.311 63.300} -scale 0.0001
gui_set_selected_errors -replace [gui_get_errors -data_name {zroute.err} -id {2}] -force
gui_zoom -window [gui_get_current_window -types Layout -view] -factor 0.5 -at_point {92.555 83.701}
gui_scroll -window [gui_get_current_window -view] -hrel -.2
gui_scroll -window [gui_get_current_window -view] -hrel -.2
gui_mouse_tool -window [gui_get_current_window -types Layout -mru] -add_point {92.435 83.693} -scale 0.0002
gui_mouse_tool -window [gui_get_current_window -types Layout -mru] -reset
gui_zoom -window [gui_get_current_window -types Layout -view] -factor 0.5 -at_point {92.492 83.694}
gui_mouse_tool -window [gui_get_current_window -types Layout -mru] -add_point {92.516 83.700} -scale 0.0004
gui_mouse_tool -window [gui_get_current_window -types Layout -mru] -add_point {92.590 83.699} -scale 0.0004
gui_set_selected_errors -replace [gui_get_errors -data_name {zroute.err} -id {3}] -force
gui_zoom -window [gui_get_current_window -types Layout -view] -factor 0.5 -at_point {119.919 82.501}
gui_zoom -window [gui_get_current_window -types Layout -view] -factor 0.5 -at_point {119.920 82.501}
gui_scroll -window [gui_get_current_window -view] -hrel -.2
gui_scroll -window [gui_get_current_window -view] -hrel -.2
gui_mouse_tool -window [gui_get_current_window -types Layout -mru] -add_point {119.799 82.496} -scale 0.0004
gui_mouse_tool -window [gui_get_current_window -types Layout -mru] -reset
gui_mouse_tool -window [gui_get_current_window -types Layout -mru] -add_point {119.897 82.499} -scale 0.0004
gui_mouse_tool -window [gui_get_current_window -types Layout -mru] -add_point {119.995 82.498} -scale 0.0004
check_routes
gui_set_selected_errors -replace [gui_get_errors -data_name {zroute.err} -id {1}] -force
gui_set_selected_errors -replace [gui_get_errors -data_name {zroute.err} -id {0}] -force
gui_zoom -window [gui_get_current_window -types Layout -view] -factor 0.5 -at_point {11.591 88.498}
gui_scroll -window [gui_get_current_window -view] -hrel -.2
gui_zoom -window [gui_get_current_window -types Layout -view] -factor 0.5 -at_point {11.544 88.498}
gui_mouse_tool -window [gui_get_current_window -types Layout -mru] -add_point {11.458 88.500} -scale 0.0004
gui_mouse_tool -window [gui_get_current_window -types Layout -mru] -reset
gui_mouse_tool -window [gui_get_current_window -types Layout -mru] -add_point {11.561 88.500} -scale 0.0004
gui_mouse_tool -window [gui_get_current_window -types Layout -mru] -add_point {11.638 88.497} -scale 0.0004
gui_set_selected_errors -replace [gui_get_errors -data_name {zroute.err} -id {1}] -force
gui_zoom -window [gui_get_current_window -types Layout -view] -factor 0.5 -at_point {67.305 99.896}
gui_scroll -window [gui_get_current_window -view] -hrel -.2
gui_scroll -window [gui_get_current_window -view] -hrel -.2
gui_zoom -window [gui_get_current_window -types Layout -view] -factor 0.5 -at_point {67.210 99.896}
gui_mouse_tool -window [gui_get_current_window -types Layout -mru] -add_point {67.187 99.901} -scale 0.0004
gui_mouse_tool -window [gui_get_current_window -types Layout -mru] -reset
gui_mouse_tool -window [gui_get_current_window -types Layout -mru] -add_point {67.282 99.900} -scale 0.0004
gui_mouse_tool -window [gui_get_current_window -types Layout -mru] -add_point {67.375 99.900} -scale 0.0004
gui_set_selected_errors -replace [gui_get_errors -data_name {zroute.err} -id {3}] -force
gui_set_selected_errors -replace [gui_get_errors -data_name {zroute.err} -id {2}] -force
gui_zoom -window [gui_get_current_window -types Layout -view] -factor 0.5 -at_point {106.948 97.499}
gui_zoom -window [gui_get_current_window -types Layout -view] -factor 0.5 -at_point {106.949 97.500}
gui_scroll -window [gui_get_current_window -view] -hrel -.2
gui_scroll -window [gui_get_current_window -view] -hrel -.2
gui_mouse_tool -window [gui_get_current_window -types Layout -mru] -add_point {106.847 97.494} -scale 0.0004
gui_mouse_tool -window [gui_get_current_window -types Layout -mru] -reset
gui_mouse_tool -window [gui_get_current_window -types Layout -mru] -add_point {106.948 97.500} -scale 0.0004
gui_zoom -window [gui_get_current_window -types Layout -view] -factor 0.5 -at_point {107.023 97.497}
gui_mouse_tool -window [gui_get_current_window -types Layout -mru] -add_point {107.036 97.498} -scale 0.0007
gui_mouse_tool -window [gui_get_current_window -types Layout -mru] -reset
gui_set_selected_errors -replace [gui_get_errors -data_name {zroute.err} -id {3}] -force
gui_zoom -window [gui_get_current_window -types Layout -view] -factor 0.5 -at_point {151.960 106.493}
gui_zoom -window [gui_get_current_window -types Layout -view] -factor 0.5 -at_point {151.959 106.494}
gui_scroll -window [gui_get_current_window -view] -hrel -.2
gui_scroll -window [gui_get_current_window -view] -hrel -.2
win_select_objects -slct_targets global -at {151.835 106.493} -radius 0.0004
gui_mouse_tool -window [gui_get_current_window -types Layout -mru] -start StretchTool
gui_mouse_tool -window [gui_get_current_window -types Layout -mru] -add_point {151.939 106.500} -scale 0.0004
gui_mouse_tool -window [gui_get_current_window -types Layout -mru] -add_point {152.030 106.499} -scale 0.0004
gui_set_selected_errors -replace [gui_get_errors -data_name {zroute.err} -id {4}] -force
check_lvs
check_routes
gui_zoom -window [gui_get_current_window -types Layout -view] -factor 0.5 -at_point {53.093 117.300}
gui_zoom -window [gui_get_current_window -types Layout -view] -factor 0.5 -at_point {53.093 117.299}
gui_scroll -window [gui_get_current_window -view] -hrel -.2
gui_zoom -window [gui_get_current_window -types Layout -view] -factor 0.5 -at_point {53.000 117.299}
gui_scroll -window [gui_get_current_window -view] -hrel -.2
gui_mouse_tool -window [gui_get_current_window -types Layout -mru] -add_point {52.947 117.292} -scale 0.0007
gui_mouse_tool -window [gui_get_current_window -types Layout -mru] -reset
gui_zoom -window [gui_get_current_window -types Layout -view] -factor 2 -at_point {53.076 117.299}
gui_mouse_tool -window [gui_get_current_window -types Layout -mru] -add_point {53.075 117.299} -scale 0.0004
gui_mouse_tool -window [gui_get_current_window -types Layout -mru] -add_point {53.166 117.299} -scale 0.0004
gui_set_selected_errors -replace [gui_get_errors -data_name {zroute.err} -id {1}] -force
gui_zoom -window [gui_get_current_window -types Layout -view] -factor 0.5 -at_point {75.883 117.901}
gui_zoom -window [gui_get_current_window -types Layout -view] -factor 0.5 -at_point {75.883 117.901}
gui_scroll -window [gui_get_current_window -view] -hrel -.2
gui_scroll -window [gui_get_current_window -view] -hrel -.2
gui_mouse_tool -window [gui_get_current_window -types Layout -mru] -add_point {75.750 117.897} -scale 0.0004
gui_mouse_tool -window [gui_get_current_window -types Layout -mru] -reset
gui_mouse_tool -window [gui_get_current_window -types Layout -mru] -add_point {75.866 117.899} -scale 0.0004
gui_mouse_tool -window [gui_get_current_window -types Layout -mru] -add_point {75.958 117.899} -scale 0.0004
gui_mouse_tool -window [gui_get_current_window -types Layout -mru] -reset
gui_set_selected_errors -replace [gui_get_errors -data_name {zroute.err} -id {2}] -force
gui_zoom -window [gui_get_current_window -types Layout -view] -factor 0.5 -at_point {151.648 121.502}
gui_scroll -window [gui_get_current_window -view] -hrel -.2
gui_zoom -window [gui_get_current_window -types Layout -view] -factor 0.5 -at_point {151.602 121.502}
gui_scroll -window [gui_get_current_window -view] -hrel -.2
gui_scroll -window [gui_get_current_window -view] -vrel .2
gui_zoom -window [gui_get_current_window -types Layout -view] -factor 0.5 -at_point {151.558 121.417}
gui_scroll -window [gui_get_current_window -view] -hrel -.2
win_select_objects -slct_targets global -at {151.545 121.495} -radius 0.0007
gui_mouse_tool -window [gui_get_current_window -types Layout -mru] -start StretchTool
gui_mouse_tool -window [gui_get_current_window -types Layout -mru] -add_point {151.642 121.498} -scale 0.0007
gui_mouse_tool -window [gui_get_current_window -types Layout -mru] -reset
gui_set_layout_layer_visibility -toggle [get_layers -filter {mask_name == metal3} -quiet]
win_set_filter -visible -class pin -filter {} -layer {0-2 4 7 10-72}
win_set_filter -visible -class routing_blockage -layer {0-2 4 7 10-72}
win_set_filter -visible -class shape -filter {} -layer {0-2 4 7 10-72}
win_set_filter -visible -class via -filter {} -layer {0-2 4 7 10-72}
win_set_filter -visible -class terminal -filter {}  -layer {0-2 4 7 10-72}
gui_set_layout_layer_visibility -toggle [get_layers -filter {mask_name == metal3} -quiet]
win_set_filter -visible -class pin -filter {} -layer {0-2 4 7 9-72}
win_set_filter -visible -class routing_blockage -layer {0-2 4 7 9-72}
win_set_filter -visible -class shape -filter {} -layer {0-2 4 7 9-72}
win_set_filter -visible -class via -filter {} -layer {0-2 4 7 9-72}
win_set_filter -visible -class terminal -filter {}  -layer {0-2 4 7 9-72}
gui_mouse_tool -window [gui_get_current_window -types Layout -mru] -add_point {151.643 121.501} -scale 0.0007
gui_mouse_tool -window [gui_get_current_window -types Layout -mru] -reset
gui_mouse_tool -window [gui_get_current_window -types Layout -mru] -reset
gui_set_layout_layer_visibility -toggle [get_layers -filter {mask_name == metal3} -quiet]
win_set_filter -visible -class pin -filter {} -layer {0-2 4 7 10-72}
win_set_filter -visible -class routing_blockage -layer {0-2 4 7 10-72}
win_set_filter -visible -class shape -filter {} -layer {0-2 4 7 10-72}
win_set_filter -visible -class via -filter {} -layer {0-2 4 7 10-72}
win_set_filter -visible -class terminal -filter {}  -layer {0-2 4 7 10-72}
gui_set_layout_layer_visibility -toggle [get_layers -filter {mask_name == metal1} -quiet]
win_set_filter -visible -class pin -filter {} -layer {0-4 7 10-72}
win_set_filter -visible -class routing_blockage -layer {0-4 7 10-72}
win_set_filter -visible -class shape -filter {} -layer {0-4 7 10-72}
win_set_filter -visible -class via -filter {} -layer {0-4 7 10-72}
win_set_filter -visible -class terminal -filter {}  -layer {0-4 7 10-72}
win_set_filter -class pin -filter {} -layer {0-5 7-72}
win_set_filter -class routing_blockage -layer {0-5 7-72}
win_set_filter -class shape -filter {} -layer {0-5 7-72}
win_set_filter -class via -filter {} -layer {0-5 7-72}
gui_set_layout_layer_visibility -toggle [get_layers -filter {mask_name == metal1} -quiet]
win_set_filter -visible -class pin -filter {} -layer {0-2 4 7 10-72}
win_set_filter -visible -class routing_blockage -layer {0-2 4 7 10-72}
win_set_filter -visible -class shape -filter {} -layer {0-2 4 7 10-72}
win_set_filter -visible -class via -filter {} -layer {0-2 4 7 10-72}
win_set_filter -visible -class terminal -filter {}  -layer {0-2 4 7 10-72}
win_set_filter -class pin -filter {} -layer {0-2 4-5 7-72}
win_set_filter -class routing_blockage -layer {0-2 4-5 7-72}
win_set_filter -class shape -filter {} -layer {0-2 4-5 7-72}
win_set_filter -class via -filter {} -layer {0-2 4-5 7-72}
gui_zoom -window [gui_get_current_window -types Layout -view] -factor 2 -at_point {151.637 121.452}
win_select_objects -slct_targets global -at {151.619 121.498} -radius 0.0004
gui_mouse_tool -window [gui_get_current_window -types Layout -mru] -start MoveTool
gui_mouse_tool -window [gui_get_current_window -types Layout -mru] -add_point {151.625 121.497} -scale 0.0004
gui_mouse_tool -window [gui_get_current_window -types Layout -mru] -reset
gui_set_setting -window [gui_get_current_window -types Layout -mru] -setting showWiringGrid -value true
win_set_filter -visible -class trackdef -filter {non_preferred} -layer {0-2 4 7 10-72}
win_set_select_class -visible {cell pin port bound routing_blockage shaping_blockage pg_region pin_blockage block_shielding topology_node topology_edge core_area die_area edit_group shape via terminal fill_cell trackdef placement_blockage }
gui_mouse_tool -window [gui_get_current_window -types Layout -mru] -add_point {151.626 121.500} -scale 0.0004
gui_zoom -window [gui_get_current_window -types Layout -view] -factor 2 -at_point {151.551 121.498}
gui_mouse_tool -window [gui_get_current_window -types Layout -mru] -add_point {151.551 121.498} -scale 0.0002
gui_set_setting -window [gui_get_current_window -types Layout -mru] -setting showPinShapeLayer_M2 -value true
gui_set_setting -window [gui_get_current_window -types Layout -mru] -setting showPinShapeLayer_VIA2 -value true
gui_set_setting -window [gui_get_current_window -types Layout -mru] -setting showPinShapeLayer_M3 -value true
gui_zoom -window [gui_get_current_window -types Layout -view] -factor 0.5 -at_point {151.551 121.498}
gui_mouse_tool -window [gui_get_current_window -types Layout -mru] -reset
win_select_objects -slct_targets global -at {151.648 121.463} -radius 0.0004
gui_scroll -window [gui_get_current_window -view] -vrel -.2
gui_scroll -window [gui_get_current_window -view] -vrel .2
win_select_objects -slct_targets global -at {151.552 121.499} -radius 0.0004
gui_set_layout_layer_visibility -toggle [get_layers -filter {mask_name == metal2} -quiet]
win_set_filter -visible -class pin -filter {} -layer {0-2 4 6-7 10-72}
win_set_filter -visible -class routing_blockage -layer {0-2 4 6-7 10-72}
win_set_filter -visible -class shape -filter {} -layer {0-2 4 6-7 10-72}
win_set_filter -visible -class via -filter {} -layer {0-2 4 6-7 10-72}
win_set_filter -visible -class terminal -filter {}  -layer {0-2 4 6-7 10-72}
win_set_filter -visible -class trackdef -filter {non_preferred} -layer {0-2 4 6-7 10-72}
win_set_filter -class pin -filter {} -layer {0-2 4-72}
win_set_filter -class routing_blockage -layer {0-2 4-72}
win_set_filter -class shape -filter {} -layer {0-2 4-72}
win_set_filter -class via -filter {} -layer {0-2 4-72}
win_select_objects -slct_targets global -at {151.645 121.456} -radius 0.0004
gui_mouse_tool -window [gui_get_current_window -types Layout -mru] -start CreateShapeTool
gui_set_mouse_tool_option -tool CreateShapeTool -option {layer} -value {M1}
gui_set_mouse_tool_option -tool CreateShapeTool -option {wireWidth} -value {0.034}
gui_set_mouse_tool_option -tool CreateShapeTool -option {layer} -value {M3}
gui_set_mouse_tool_option -tool CreateShapeTool -option {autoLayer} -value {false}
gui_mouse_tool -window [gui_get_current_window -types Layout -mru] -add_point {151.551 121.499} -scale 0.0004
gui_mouse_tool -window [gui_get_current_window -types Layout -mru] -add_point {151.631 121.493} -scale 0.0004
gui_mouse_tool -window [gui_get_current_window -types Layout -mru] -reset
gui_set_mouse_tool_option -tool SELECT -option {Operation} -value {Replace}
set_attribute -objects [get_shapes PATH_23_95123] -name shape_use -value detail_route
win_select_objects -slct_targets global -at {151.692 121.461} -radius 0.0004
gui_set_layout_layer_visibility -toggle [get_layers -filter {mask_name == metal2} -quiet]
win_set_filter -visible -class pin -filter {} -layer {0-2 4 7 10-72}
win_set_filter -visible -class routing_blockage -layer {0-2 4 7 10-72}
win_set_filter -visible -class shape -filter {} -layer {0-2 4 7 10-72}
win_set_filter -visible -class via -filter {} -layer {0-2 4 7 10-72}
win_set_filter -visible -class terminal -filter {}  -layer {0-2 4 7 10-72}
win_set_filter -visible -class trackdef -filter {non_preferred} -layer {0-2 4 7 10-72}
win_set_filter -class pin -filter {} -layer {0-2 4-5 7-72}
win_set_filter -class routing_blockage -layer {0-2 4-5 7-72}
win_set_filter -class shape -filter {} -layer {0-2 4-5 7-72}
win_set_filter -class via -filter {} -layer {0-2 4-5 7-72}
gui_set_layout_layer_visibility -toggle [get_layers -filter {mask_name == metal2} -quiet]
win_set_filter -visible -class pin -filter {} -layer {0-2 4 6-7 10-72}
win_set_filter -visible -class routing_blockage -layer {0-2 4 6-7 10-72}
win_set_filter -visible -class shape -filter {} -layer {0-2 4 6-7 10-72}
win_set_filter -visible -class via -filter {} -layer {0-2 4 6-7 10-72}
win_set_filter -visible -class terminal -filter {}  -layer {0-2 4 6-7 10-72}
win_set_filter -visible -class trackdef -filter {non_preferred} -layer {0-2 4 6-7 10-72}
win_set_filter -class pin -filter {} -layer {0-2 4-72}
win_set_filter -class routing_blockage -layer {0-2 4-72}
win_set_filter -class shape -filter {} -layer {0-2 4-72}
win_set_filter -class via -filter {} -layer {0-2 4-72}
check_routes
gui_set_current_errors -data_name {zroute.err} -group {Less than minimum area} -sub_group {M3 (23)}
gui_set_selected_errors -replace [gui_get_errors -data_name {zroute.err} -id {1}] -force
gui_set_current_errors -data_name {zroute.err} -group {Short} -sub_group {M3 (23)}
gui_set_selected_errors -replace [gui_get_errors -data_name {zroute.err} -id {0}] -force
gui_set_current_errors -data_name {zroute.err} -group {Short}
gui_set_selected_errors -replace [gui_get_errors -data_name {zroute.err} -id {0}] -force
gui_set_current_errors -data_name {zroute.err} -group {Less than minimum area} -sub_group {M3 (23)}
gui_set_selected_errors -replace [gui_get_errors -data_name {zroute.err} -id {1}] -force
gui_set_current_errors -data_name {zroute.err} -group {End of line enclosure} -sub_group {VIA1 (20)-M2 (21)}
gui_set_selected_errors -replace [gui_get_errors -data_name {zroute.err} -id {2}] -force
win_set_filter -visible -class pin -filter {} -layer {0-2 4 7 10-72}
win_set_filter -visible -class routing_blockage -layer {0-2 4 7 10-72}
win_set_filter -visible -class shape -filter {} -layer {0-2 4 7 10-72}
win_set_filter -visible -class via -filter {} -layer {0-2 4 7 10-72}
win_set_filter -visible -class terminal -filter {}  -layer {0-2 4 7 10-72}
win_set_filter -visible -class trackdef -filter {non_preferred} -layer {0-2 4 7 10-72}
win_set_filter -class pin -filter {} -layer {0-2 4-5 7-72}
win_set_filter -class routing_blockage -layer {0-2 4-5 7-72}
win_set_filter -class shape -filter {} -layer {0-2 4-5 7-72}
win_set_filter -class via -filter {} -layer {0-2 4-5 7-72}
gui_zoom -window [gui_get_current_window -types Layout -view] -factor 0.5 -at_point {132.153 148.490}
gui_zoom -window [gui_get_current_window -types Layout -view] -factor 0.5 -at_point {132.152 148.489}
win_select_objects -slct_targets global -at {132.015 148.499} -radius 0.0004
gui_mouse_tool -window [gui_get_current_window -types Layout -mru] -start StretchTool
gui_mouse_tool -window [gui_get_current_window -types Layout -mru] -add_point {132.107 148.500} -scale 0.0004
gui_zoom -window [gui_get_current_window -types Layout -view] -factor 0.5 -at_point {132.141 148.498}
gui_mouse_tool -window [gui_get_current_window -types Layout -mru] -add_point {132.181 148.498} -scale 0.0007
gui_mouse_tool -window [gui_get_current_window -types Layout -mru] -reset
gui_set_current_errors -data_name {zroute.err} -group {Less than minimum area} -sub_group {M3 (23)}
gui_set_selected_errors -replace [gui_get_errors -data_name {zroute.err} -id {1}] -force
gui_scroll -window [gui_get_current_window -view] -vrel -.2
gui_scroll -window [gui_get_current_window -view] -vrel -.2
gui_scroll -window [gui_get_current_window -view] -vrel -.2
gui_scroll -window [gui_get_current_window -view] -vrel -.2
gui_scroll -window [gui_get_current_window -view] -vrel -.2
gui_scroll -window [gui_get_current_window -view] -vrel -.2
gui_scroll -window [gui_get_current_window -view] -vrel -.2
gui_scroll -window [gui_get_current_window -view] -vrel .2
gui_scroll -window [gui_get_current_window -view] -vrel .2
gui_scroll -window [gui_get_current_window -view] -vrel .2
gui_scroll -window [gui_get_current_window -view] -vrel .2
gui_scroll -window [gui_get_current_window -view] -vrel .2
gui_scroll -window [gui_get_current_window -view] -vrel .2
gui_scroll -window [gui_get_current_window -view] -vrel .2
win_select_objects -slct_targets global -at {151.546 121.500} -radius 0.0003
set_attribute -objects [get_vias VIA_S_139183] -name via_def -value [get_via_defs -library [current_lib] VIA23SQ]
win_select_objects -slct_targets global -at {151.687 121.465} -radius 0.0003
win_select_objects -slct_targets global -at {151.554 121.499} -radius 0.0003
gui_set_layout_layer_visibility -toggle [get_layers -filter {mask_name == metal3} -quiet]
gui_set_layout_layer_visibility -toggle [get_layers -filter {mask_name == metal3} -quiet]
gui_set_layout_layer_visibility -toggle [get_layers -filter {mask_name == metal2} -quiet]
win_set_filter -visible -class pin -filter {} -layer {0-2 4 6-7 10-72}
win_set_filter -visible -class routing_blockage -layer {0-2 4 6-7 10-72}
win_set_filter -visible -class shape -filter {} -layer {0-2 4 6-7 10-72}
win_set_filter -visible -class via -filter {} -layer {0-2 4 6-7 10-72}
win_set_filter -visible -class terminal -filter {}  -layer {0-2 4 6-7 10-72}
win_set_filter -visible -class trackdef -filter {non_preferred} -layer {0-2 4 6-7 10-72}
win_set_filter -class pin -filter {} -layer {0-2 4-72}
win_set_filter -class routing_blockage -layer {0-2 4-72}
win_set_filter -class shape -filter {} -layer {0-2 4-72}
win_set_filter -class via -filter {} -layer {0-2 4-72}
win_select_objects -slct_targets global -at {151.556 121.499} -radius 0.0003
gui_set_layout_layer_visibility -toggle [get_layers -filter {mask_name == metal2} -quiet]
win_set_filter -visible -class pin -filter {} -layer {0-2 4 7 10-72}
win_set_filter -visible -class routing_blockage -layer {0-2 4 7 10-72}
win_set_filter -visible -class shape -filter {} -layer {0-2 4 7 10-72}
win_set_filter -visible -class via -filter {} -layer {0-2 4 7 10-72}
win_set_filter -visible -class terminal -filter {}  -layer {0-2 4 7 10-72}
win_set_filter -visible -class trackdef -filter {non_preferred} -layer {0-2 4 7 10-72}
win_set_filter -class pin -filter {} -layer {0-2 4-5 7-72}
win_set_filter -class routing_blockage -layer {0-2 4-5 7-72}
win_set_filter -class shape -filter {} -layer {0-2 4-5 7-72}
win_set_filter -class via -filter {} -layer {0-2 4-5 7-72}
win_select_objects -slct_targets global -at {151.560 121.465} -radius 0.0003
gui_set_layout_layer_visibility -toggle [get_layers -filter {mask_name == metal1} -quiet]
win_set_filter -visible -class pin -filter {} -layer {0-4 7 10-72}
win_set_filter -visible -class routing_blockage -layer {0-4 7 10-72}
win_set_filter -visible -class shape -filter {} -layer {0-4 7 10-72}
win_set_filter -visible -class via -filter {} -layer {0-4 7 10-72}
win_set_filter -visible -class terminal -filter {}  -layer {0-4 7 10-72}
win_set_filter -visible -class trackdef -filter {non_preferred} -layer {0-4 7 10-72}
win_set_filter -class pin -filter {} -layer {0-5 7-72}
win_set_filter -class routing_blockage -layer {0-5 7-72}
win_set_filter -class shape -filter {} -layer {0-5 7-72}
win_set_filter -class via -filter {} -layer {0-5 7-72}
gui_set_layout_layer_visibility -toggle [get_layers -filter {mask_name == metal1} -quiet]
gui_set_layout_layer_visibility -toggle [get_layers -filter {mask_name == metal2} -quiet]
gui_set_layout_layer_visibility -toggle [get_layers -filter {mask_name == metal2} -quiet]
win_set_filter -visible -class pin -filter {} -layer {0-2 4 7 10-72}
win_set_filter -visible -class routing_blockage -layer {0-2 4 7 10-72}
win_set_filter -visible -class shape -filter {} -layer {0-2 4 7 10-72}
win_set_filter -visible -class via -filter {} -layer {0-2 4 7 10-72}
win_set_filter -visible -class terminal -filter {}  -layer {0-2 4 7 10-72}
win_set_filter -visible -class trackdef -filter {non_preferred} -layer {0-2 4 7 10-72}
win_set_filter -class pin -filter {} -layer {0-2 4-5 7-72}
win_set_filter -class routing_blockage -layer {0-2 4-5 7-72}
win_set_filter -class shape -filter {} -layer {0-2 4-5 7-72}
win_set_filter -class via -filter {} -layer {0-2 4-5 7-72}
gui_set_setting -window [gui_get_current_window -types Layout -mru] -setting selectLayer_VIA2 -value true
gui_set_setting -window [gui_get_current_window -types Layout -mru] -setting selectLayer_VIA1 -value true
win_set_filter -class pin -filter {} -layer {0-2 4 7 9-72}
win_set_filter -class routing_blockage -layer {0-2 4 7 9-72}
win_set_filter -class shape -filter {} -layer {0-2 4 7 9-72}
win_set_filter -class via -filter {} -layer {0-2 4 7 9-72}
win_select_objects -slct_targets global -at {151.561 121.504} -radius 0.0003
gui_mouse_tool -window [gui_get_current_window -types Layout -mru] -start MoveTool
gui_mouse_tool -window [gui_get_current_window -types Layout -mru] -add_point {151.554 121.500} -scale 0.0003
gui_mouse_tool -window [gui_get_current_window -types Layout -mru] -add_point {151.631 121.499} -scale 0.0003
gui_mouse_tool -window [gui_get_current_window -types Layout -mru] -reset
win_select_objects -slct_targets global -at {151.521 121.497} -radius 0.0003
win_select_objects -slct_targets global -at {151.551 121.492} -radius 0.0003
win_select_objects -slct_targets global -at {151.545 121.493} -radius 0.0003
gui_set_layout_layer_visibility -toggle [get_layers -filter {mask_name == metal3} -quiet]
gui_set_layout_layer_visibility -toggle [get_layers -filter {mask_name == metal3} -quiet]
gui_set_layout_layer_visibility -toggle [get_layers -filter {mask_name == metal1} -quiet]
gui_set_layout_layer_visibility -toggle [get_layers -filter {mask_name == metal2} -quiet]
win_set_filter -visible -class pin -filter {} -layer {0-4 6-7 10-72}
win_set_filter -visible -class routing_blockage -layer {0-4 6-7 10-72}
win_set_filter -visible -class shape -filter {} -layer {0-4 6-7 10-72}
win_set_filter -visible -class via -filter {} -layer {0-4 6-7 10-72}
win_set_filter -visible -class terminal -filter {}  -layer {0-4 6-7 10-72}
win_set_filter -visible -class trackdef -filter {non_preferred} -layer {0-4 6-7 10-72}
win_set_filter -class pin -filter {} -layer {0-4 6-7 9-72}
win_set_filter -class routing_blockage -layer {0-4 6-7 9-72}
win_set_filter -class shape -filter {} -layer {0-4 6-7 9-72}
win_set_filter -class via -filter {} -layer {0-4 6-7 9-72}
gui_scroll -window [gui_get_current_window -view] -hrel .2
gui_set_layout_layer_visibility -toggle [get_layers -filter {mask_name == metal2} -quiet]
win_set_filter -visible -class pin -filter {} -layer {0-4 7 10-72}
win_set_filter -visible -class routing_blockage -layer {0-4 7 10-72}
win_set_filter -visible -class shape -filter {} -layer {0-4 7 10-72}
win_set_filter -visible -class via -filter {} -layer {0-4 7 10-72}
win_set_filter -visible -class terminal -filter {}  -layer {0-4 7 10-72}
win_set_filter -visible -class trackdef -filter {non_preferred} -layer {0-4 7 10-72}
win_set_filter -class pin -filter {} -layer {0-4 7 9-72}
win_set_filter -class routing_blockage -layer {0-4 7 9-72}
win_set_filter -class shape -filter {} -layer {0-4 7 9-72}
win_set_filter -class via -filter {} -layer {0-4 7 9-72}
gui_set_layout_layer_visibility -toggle [get_layers -filter {mask_name == metal2} -quiet]
win_set_filter -visible -class pin -filter {} -layer {0-4 6-7 10-72}
win_set_filter -visible -class routing_blockage -layer {0-4 6-7 10-72}
win_set_filter -visible -class shape -filter {} -layer {0-4 6-7 10-72}
win_set_filter -visible -class via -filter {} -layer {0-4 6-7 10-72}
win_set_filter -visible -class terminal -filter {}  -layer {0-4 6-7 10-72}
win_set_filter -visible -class trackdef -filter {non_preferred} -layer {0-4 6-7 10-72}
win_set_filter -class pin -filter {} -layer {0-4 6-7 9-72}
win_set_filter -class routing_blockage -layer {0-4 6-7 9-72}
win_set_filter -class shape -filter {} -layer {0-4 6-7 9-72}
win_set_filter -class via -filter {} -layer {0-4 6-7 9-72}
win_select_objects -slct_targets global -at {151.550 121.490} -radius 0.0003
gui_scroll -window [gui_get_current_window -view] -hrel -.2
win_select_objects -slct_targets global -at {151.559 121.497} -radius 0.0003 -index 1
win_select_objects -slct_targets global -at {151.602 121.517} -radius 0.0003 -index 2
win_select_objects -slct_targets global -at {151.597 121.494} -radius 0.0003 -index 3
win_select_objects -slct_targets global -at {151.593 121.486} -radius 0.0003
gui_scroll -window [gui_get_current_window -view] -vrel .2
gui_zoom -window [gui_get_current_window -types Layout -view] -factor 0.5 -at_point {151.593 121.457}
win_select_objects -slct_targets global -at {151.601 121.442} -radius 0.0005 -index 1
gui_set_setting -window [gui_get_current_window -types Layout -mru] -setting selectLayer_M3 -value true
win_set_filter -class pin -filter {} -layer {0-4 6-7 10-72}
win_set_filter -class routing_blockage -layer {0-4 6-7 10-72}
win_set_filter -class shape -filter {} -layer {0-4 6-7 10-72}
win_set_filter -class via -filter {} -layer {0-4 6-7 10-72}
win_select_objects -slct_targets global -at {151.544 121.500} -radius 0.0005
remove_physical_objects
gui_set_selected_errors -replace [gui_get_errors -data_name {zroute.err} -id {1}] -force
win_select_objects -slct_targets global -at {151.589 121.399} -radius 0.0005
gui_set_layout_layer_visibility -toggle [get_layers -filter {mask_name == metal2} -quiet]
win_set_filter -visible -class pin -filter {} -layer {0-4 7 10-72}
win_set_filter -visible -class routing_blockage -layer {0-4 7 10-72}
win_set_filter -visible -class shape -filter {} -layer {0-4 7 10-72}
win_set_filter -visible -class via -filter {} -layer {0-4 7 10-72}
win_set_filter -visible -class terminal -filter {}  -layer {0-4 7 10-72}
win_set_filter -visible -class trackdef -filter {non_preferred} -layer {0-4 7 10-72}
win_set_filter -class pin -filter {} -layer {0-4 7 10-72}
win_set_filter -class routing_blockage -layer {0-4 7 10-72}
win_set_filter -class shape -filter {} -layer {0-4 7 10-72}
win_set_filter -class via -filter {} -layer {0-4 7 10-72}
win_select_objects -slct_targets global -at {151.579 121.419} -radius 0.0005 -index 1
win_select_objects -slct_targets global -at {151.522 121.500} -radius 0.0005
gui_mouse_tool -window [gui_get_current_window -types Layout -mru] -start StretchTool
gui_mouse_tool -window [gui_get_current_window -types Layout -mru] -add_point {151.642 121.501} -scale 0.0005
gui_mouse_tool -window [gui_get_current_window -types Layout -mru] -add_point {151.689 121.496} -scale 0.0005
gui_mouse_tool -window [gui_get_current_window -types Layout -mru] -reset
check_routes
gui_set_current_errors -data_name {zroute.err} -group {End of line enclosure}
gui_set_selected_errors -replace [gui_get_errors -data_name {zroute.err} -id {0}] -force
gui_zoom -window [gui_get_current_window -types Layout -view] -factor 0.5 -at_point {151.690 121.485}
gui_scroll -window [gui_get_current_window -view] -hrel -.2
gui_set_layout_layer_visibility -toggle [get_layers -filter {mask_name == metal3} -quiet]
gui_set_layout_layer_visibility -toggle [get_layers -filter {mask_name == metal3} -quiet]
gui_set_layout_layer_visibility -toggle [get_layers -filter {mask_name == metal2} -quiet]
win_set_filter -visible -class pin -filter {} -layer {0-4 6-7 10-72}
win_set_filter -visible -class routing_blockage -layer {0-4 6-7 10-72}
win_set_filter -visible -class shape -filter {} -layer {0-4 6-7 10-72}
win_set_filter -visible -class via -filter {} -layer {0-4 6-7 10-72}
win_set_filter -visible -class terminal -filter {}  -layer {0-4 6-7 10-72}
win_set_filter -visible -class trackdef -filter {non_preferred} -layer {0-4 6-7 10-72}
win_set_filter -class pin -filter {} -layer {0-4 6-7 10-72}
win_set_filter -class routing_blockage -layer {0-4 6-7 10-72}
win_set_filter -class shape -filter {} -layer {0-4 6-7 10-72}
win_set_filter -class via -filter {} -layer {0-4 6-7 10-72}
gui_zoom -window [gui_get_current_window -types Layout -view] -factor 0.5 -at_point {151.679 121.486}
gui_set_layout_layer_visibility -toggle [get_layers -filter {mask_name == metal3} -quiet]
win_set_filter -visible -class pin -filter {} -layer {0-4 6-7 9-72}
win_set_filter -visible -class routing_blockage -layer {0-4 6-7 9-72}
win_set_filter -visible -class shape -filter {} -layer {0-4 6-7 9-72}
win_set_filter -visible -class via -filter {} -layer {0-4 6-7 9-72}
win_set_filter -visible -class terminal -filter {}  -layer {0-4 6-7 9-72}
win_set_filter -visible -class trackdef -filter {non_preferred} -layer {0-4 6-7 9-72}
win_set_filter -class pin -filter {} -layer {0-4 6-7 9-72}
win_set_filter -class routing_blockage -layer {0-4 6-7 9-72}
win_set_filter -class shape -filter {} -layer {0-4 6-7 9-72}
win_set_filter -class via -filter {} -layer {0-4 6-7 9-72}
gui_set_layout_layer_visibility -toggle [get_layers -filter {mask_name == metal3} -quiet]
gui_set_layout_layer_visibility -toggle [get_layers -filter {mask_name == metal2} -quiet]
gui_zoom -window [gui_get_current_window -types Layout -view] -factor 0.5 -at_point {151.677 121.466}
win_set_filter -visible -class pin -filter {} -layer {0-4 7 10-72}
win_set_filter -visible -class routing_blockage -layer {0-4 7 10-72}
win_set_filter -visible -class shape -filter {} -layer {0-4 7 10-72}
win_set_filter -visible -class via -filter {} -layer {0-4 7 10-72}
win_set_filter -visible -class terminal -filter {}  -layer {0-4 7 10-72}
win_set_filter -visible -class trackdef -filter {non_preferred} -layer {0-4 7 10-72}
win_set_filter -class pin -filter {} -layer {0-4 7 10-72}
win_set_filter -class routing_blockage -layer {0-4 7 10-72}
win_set_filter -class shape -filter {} -layer {0-4 7 10-72}
win_set_filter -class via -filter {} -layer {0-4 7 10-72}
gui_scroll -window [gui_get_current_window -view] -vrel .2
gui_zoom -window [gui_get_current_window -types Layout -view] -factor 2 -at_point {151.675 121.425}
gui_set_layout_layer_visibility -toggle [get_layers -filter {mask_name == metal3} -quiet]
win_set_filter -visible -class pin -filter {} -layer {0-4 7 9-72}
win_set_filter -visible -class routing_blockage -layer {0-4 7 9-72}
win_set_filter -visible -class shape -filter {} -layer {0-4 7 9-72}
win_set_filter -visible -class via -filter {} -layer {0-4 7 9-72}
win_set_filter -visible -class terminal -filter {}  -layer {0-4 7 9-72}
win_set_filter -visible -class trackdef -filter {non_preferred} -layer {0-4 7 9-72}
win_set_filter -class pin -filter {} -layer {0-4 7 9-72}
win_set_filter -class routing_blockage -layer {0-4 7 9-72}
win_set_filter -class shape -filter {} -layer {0-4 7 9-72}
win_set_filter -class via -filter {} -layer {0-4 7 9-72}
gui_set_layout_layer_visibility -toggle [get_layers -filter {mask_name == metal3} -quiet]
win_set_filter -visible -class pin -filter {} -layer {0-4 7 10-72}
win_set_filter -visible -class routing_blockage -layer {0-4 7 10-72}
win_set_filter -visible -class shape -filter {} -layer {0-4 7 10-72}
win_set_filter -visible -class via -filter {} -layer {0-4 7 10-72}
win_set_filter -visible -class terminal -filter {}  -layer {0-4 7 10-72}
win_set_filter -visible -class trackdef -filter {non_preferred} -layer {0-4 7 10-72}
win_set_filter -class pin -filter {} -layer {0-4 7 10-72}
win_set_filter -class routing_blockage -layer {0-4 7 10-72}
win_set_filter -class shape -filter {} -layer {0-4 7 10-72}
win_set_filter -class via -filter {} -layer {0-4 7 10-72}
win_select_objects -slct_targets global -at {151.534 121.492} -radius 0.0004
gui_set_current_errors -data_name {zroute.err} -group {Diff net spacing}
gui_set_selected_errors -replace [gui_get_errors -data_name {zroute.err} -id {1}] -force
gui_zoom -window [gui_get_current_window -types Layout -view] -factor 0.5 -at_point {151.725 121.498}
gui_zoom -window [gui_get_current_window -types Layout -view] -factor 0.5 -at_point {151.724 121.497}
win_select_objects -slct_targets global -at {151.741 121.445} -radius 0.0009
gui_zoom -window [gui_get_current_window -types Layout -view] -factor 2 -at_point {151.741 121.445}
gui_mouse_tool -window [gui_get_current_window -types Layout -mru] -start MoveTool
gui_mouse_tool -window [gui_get_current_window -types Layout -mru] -add_point {151.736 121.446} -scale 0.0004
gui_mouse_tool -window [gui_get_current_window -types Layout -mru] -reset
gui_mouse_tool -window [gui_get_current_window -types Layout -mru] -reset
win_select_objects -slct_targets global -at {151.741 121.441} -radius 0.0004
win_select_objects -slct_targets global -at {151.745 121.421} -radius 0.0004 -index 1
win_select_objects -slct_targets global -at {151.738 121.435} -radius 0.0004 -index 2
win_select_objects -slct_targets global -at {151.736 121.448} -radius 0.0004 -index 3
gui_mouse_tool -window [gui_get_current_window -types Layout -mru] -start MoveTool
gui_mouse_tool -window [gui_get_current_window -types Layout -mru] -reset
win_select_objects -slct_targets global -at {151.821 121.418} -radius 0.0004
win_select_objects -slct_targets global -at {151.737 121.438} -radius 0.0004
gui_mouse_tool -window [gui_get_current_window -types Layout -mru] -start MoveTool
gui_mouse_tool -window [gui_get_current_window -types Layout -mru] -add_point {151.738 121.438} -scale 0.0004
gui_mouse_tool -window [gui_get_current_window -types Layout -mru] -reset
gui_mouse_tool -window [gui_get_current_window -types Layout -mru] -drag {{151.746 121.437} {151.928 121.442}} -scale 0.0004
gui_scroll -window [gui_get_current_window -view] -vrel .2
gui_zoom -window [gui_get_current_window -types Layout -view] -factor 2 -at_point {151.878 121.421}
gui_scroll -window [gui_get_current_window -view] -hrel .2
gui_mouse_tool -window [gui_get_current_window -types Layout -mru] -add_point {151.966 121.414} -scale 0.0002
gui_mouse_tool -window [gui_get_current_window -types Layout -mru] -reset
gui_zoom -window [gui_get_current_window -types Layout -view] -factor 0.5 -at_point {151.868 121.425}
gui_scroll -window [gui_get_current_window -view] -hrel -.2
gui_mouse_tool -window [gui_get_current_window -types Layout -mru] -reset
win_select_objects -slct_targets global -at {151.746 121.380} -radius 0.0004
gui_mouse_tool -window [gui_get_current_window -types Layout -mru] -start StretchTool
gui_mouse_tool -window [gui_get_current_window -types Layout -mru] -add_point {151.755 121.378} -scale 0.0004
gui_mouse_tool -window [gui_get_current_window -types Layout -mru] -add_point {151.929 121.375} -scale 0.0004
gui_scroll -window [gui_get_current_window -view] -vrel -.2
gui_scroll -window [gui_get_current_window -view] -vrel -.2
gui_mouse_tool -window [gui_get_current_window -types Layout -mru] -add_point {151.720 121.498} -scale 0.0004
gui_mouse_tool -window [gui_get_current_window -types Layout -mru] -add_point {151.905 121.496} -scale 0.0004
gui_mouse_tool -window [gui_get_current_window -types Layout -mru] -add_point {151.695 121.499} -scale 0.0004
gui_mouse_tool -window [gui_get_current_window -types Layout -mru] -add_point {151.709 121.498} -scale 0.0004
gui_mouse_tool -window [gui_get_current_window -types Layout -mru] -reset
check_routes
gui_set_current_errors -data_name {zroute.err} -group {Off-grid}
gui_set_selected_errors -replace [gui_get_errors -data_name {zroute.err} -id {0}] -force
win_select_objects -slct_targets global -at {151.917 121.433} -radius 0.0004
gui_set_layout_layer_visibility -toggle [get_layers -filter {mask_name == metal3} -quiet]
win_set_filter -visible -class pin -filter {} -layer {0-4 7 9-72}
win_set_filter -visible -class routing_blockage -layer {0-4 7 9-72}
win_set_filter -visible -class shape -filter {} -layer {0-4 7 9-72}
win_set_filter -visible -class via -filter {} -layer {0-4 7 9-72}
win_set_filter -visible -class terminal -filter {}  -layer {0-4 7 9-72}
win_set_filter -visible -class trackdef -filter {non_preferred} -layer {0-4 7 9-72}
win_set_filter -class pin -filter {} -layer {0-4 7 9-72}
win_set_filter -class routing_blockage -layer {0-4 7 9-72}
win_set_filter -class shape -filter {} -layer {0-4 7 9-72}
win_set_filter -class via -filter {} -layer {0-4 7 9-72}
win_select_objects -slct_targets global -at {152.000 121.428} -radius 0.0004
gui_mouse_tool -window [gui_get_current_window -types Layout -mru] -start MoveTool
gui_mouse_tool -window [gui_get_current_window -types Layout -mru] -add_point {151.928 121.441} -scale 0.0004
gui_set_layout_layer_visibility -toggle [get_layers -filter {mask_name == metal3} -quiet]
gui_set_layout_layer_visibility -toggle [get_layers -filter {mask_name == metal4} -quiet]
gui_set_layout_layer_visibility -toggle [get_layers -filter {mask_name == metal5} -quiet]
gui_set_layout_layer_visibility -toggle [get_layers -filter {mask_name == metal5} -quiet]
gui_set_layout_layer_visibility -toggle [get_layers -filter {mask_name == metal4} -quiet]
gui_set_layout_layer_visibility -toggle [get_layers -filter {mask_name == metal5} -quiet]
gui_set_layout_layer_visibility -toggle [get_layers -filter {mask_name == metal6} -quiet]
gui_set_layout_layer_visibility -toggle [get_layers -filter {mask_name == metal6} -quiet]
gui_set_layout_layer_visibility -toggle [get_layers -filter {mask_name == metal6} -quiet]
gui_set_layout_layer_visibility -toggle [get_layers -filter {mask_name == metal7} -quiet]
gui_set_layout_layer_visibility -toggle [get_layers -filter {mask_name == metal4} -quiet]
gui_set_layout_layer_visibility -toggle [get_layers -filter {mask_name == metal1} -quiet]
gui_set_layout_layer_visibility -toggle [get_layers -filter {mask_name == metal1} -quiet]
win_set_filter -visible -class pin -filter {} -layer {0-4 7 10-11 13-14 16-17 19-20 22-72}
win_set_filter -visible -class routing_blockage -layer {0-4 7 10-11 13-14 16-17 19-20 22-72}
win_set_filter -visible -class shape -filter {} -layer {0-4 7 10-11 13-14 16-17 19-20 22-72}
win_set_filter -visible -class via -filter {} -layer {0-4 7 10-11 13-14 16-17 19-20 22-72}
win_set_filter -visible -class terminal -filter {}  -layer {0-4 7 10-11 13-14 16-17 19-20 22-72}
win_set_filter -visible -class trackdef -filter {non_preferred} -layer {0-4 7 10-11 13-14 16-17 19-20 22-72}
win_set_filter -class pin -filter {} -layer {0-4 7 10-72}
win_set_filter -class routing_blockage -layer {0-4 7 10-72}
win_set_filter -class shape -filter {} -layer {0-4 7 10-72}
win_set_filter -class via -filter {} -layer {0-4 7 10-72}
gui_set_layout_layer_visibility -toggle [get_layers -filter {mask_name == metal2} -quiet]
gui_set_layout_layer_visibility -toggle [get_layers -filter {mask_name == metal2} -quiet]
gui_set_layout_layer_visibility -toggle [get_layers -filter {mask_name == metal3} -quiet]
gui_set_layout_layer_visibility -toggle [get_layers -filter {mask_name == metal4} -quiet]
gui_set_layout_layer_visibility -toggle [get_layers -filter {mask_name == metal4} -quiet]
gui_set_layout_layer_visibility -toggle [get_layers -filter {mask_name == metal5} -quiet]
gui_set_layout_layer_visibility -toggle [get_layers -filter {mask_name == metal6} -quiet]
gui_set_layout_layer_visibility -toggle [get_layers -filter {mask_name == metal7} -quiet]
gui_set_layout_layer_visibility -toggle [get_layers -filter {mask_name == metal8} -quiet]
gui_set_layout_layer_visibility -toggle [get_layers -filter {mask_name == metal7} -quiet]
gui_set_layout_layer_visibility -toggle [get_layers -filter {mask_name == metal1} -quiet]
gui_set_layout_layer_visibility -toggle [get_layers -filter {mask_name == metal2} -quiet]
gui_set_layout_layer_visibility -toggle [get_layers -filter {mask_name == metal4} -quiet]
gui_set_layout_layer_visibility -toggle [get_layers -filter {mask_name == metal5} -quiet]
gui_set_layout_layer_visibility -toggle [get_layers -filter {mask_name == metal6} -quiet]
gui_set_layout_layer_visibility -toggle [get_layers -filter {mask_name == metal7} -quiet]
gui_set_layout_layer_visibility -toggle [get_layers -filter {mask_name == metal8} -quiet]
gui_set_layout_layer_visibility -toggle [get_layers -filter {mask_name == metal8} -quiet]
gui_set_layout_layer_visibility -toggle [get_layers -filter {mask_name == metal7} -quiet]
gui_set_layout_layer_visibility -toggle [get_layers -filter {mask_name == metal7} -quiet]
gui_set_layout_layer_visibility -toggle [get_layers -filter {mask_name == metal6} -quiet]
gui_set_layout_layer_visibility -toggle [get_layers -filter {mask_name == metal5} -quiet]
gui_set_layout_layer_visibility -toggle [get_layers -filter {mask_name == metal4} -quiet]
gui_set_layout_layer_visibility -toggle [get_layers -filter {mask_name == metal4} -quiet]
gui_set_layout_layer_visibility -toggle [get_layers -filter {mask_name == metal3} -quiet]
win_set_filter -visible -class pin -filter {} -layer {0-2 4 6-7 10-23 25-72}
win_set_filter -visible -class routing_blockage -layer {0-2 4 6-7 10-23 25-72}
win_set_filter -visible -class shape -filter {} -layer {0-2 4 6-7 10-23 25-72}
win_set_filter -visible -class via -filter {} -layer {0-2 4 6-7 10-23 25-72}
win_set_filter -visible -class terminal -filter {}  -layer {0-2 4 6-7 10-23 25-72}
win_set_filter -visible -class trackdef -filter {non_preferred} -layer {0-2 4 6-7 10-23 25-72}
win_set_filter -class pin -filter {} -layer {0-2 4 6-7 10-72}
win_set_filter -class routing_blockage -layer {0-2 4 6-7 10-72}
win_set_filter -class shape -filter {} -layer {0-2 4 6-7 10-72}
win_set_filter -class via -filter {} -layer {0-2 4 6-7 10-72}
gui_set_layout_layer_visibility -toggle [get_layers -filter {mask_name == metal2} -quiet]
win_set_filter -visible -class pin -filter {} -layer {0-2 4 7 10-23 25-72}
win_set_filter -visible -class routing_blockage -layer {0-2 4 7 10-23 25-72}
win_set_filter -visible -class shape -filter {} -layer {0-2 4 7 10-23 25-72}
win_set_filter -visible -class via -filter {} -layer {0-2 4 7 10-23 25-72}
win_set_filter -visible -class terminal -filter {}  -layer {0-2 4 7 10-23 25-72}
win_set_filter -visible -class trackdef -filter {non_preferred} -layer {0-2 4 7 10-23 25-72}
win_set_filter -class pin -filter {} -layer {0-2 4 7 10-72}
win_set_filter -class routing_blockage -layer {0-2 4 7 10-72}
win_set_filter -class shape -filter {} -layer {0-2 4 7 10-72}
win_set_filter -class via -filter {} -layer {0-2 4 7 10-72}
gui_mouse_tool -window [gui_get_current_window -types Layout -mru] -reset
gui_mouse_tool -window [gui_get_current_window -types Layout -mru] -reset
win_select_objects -slct_targets global -at {151.913 121.448} -radius 0.0004
win_select_objects -slct_targets global -at {151.914 121.451} -radius 0.0004 -index 1
gui_set_layout_layer_visibility -toggle [get_layers -filter {mask_name == metal3} -quiet]
gui_set_layout_layer_visibility -toggle [get_layers -filter {mask_name == metal1} -quiet]
win_set_filter -visible -class pin -filter {} -layer {0-4 7 9-23 25-72}
win_set_filter -visible -class routing_blockage -layer {0-4 7 9-23 25-72}
win_set_filter -visible -class shape -filter {} -layer {0-4 7 9-23 25-72}
win_set_filter -visible -class via -filter {} -layer {0-4 7 9-23 25-72}
win_set_filter -visible -class terminal -filter {}  -layer {0-4 7 9-23 25-72}
win_set_filter -visible -class trackdef -filter {non_preferred} -layer {0-4 7 9-23 25-72}
win_set_filter -class pin -filter {} -layer {0-4 7 9-72}
win_set_filter -class routing_blockage -layer {0-4 7 9-72}
win_set_filter -class shape -filter {} -layer {0-4 7 9-72}
win_set_filter -class via -filter {} -layer {0-4 7 9-72}
win_select_objects -slct_targets global -at {151.914 121.452} -radius 0.0004 -index 1
win_select_objects -slct_targets global -at {151.912 121.452} -radius 0.0004 -index 2
gui_mouse_tool -window [gui_get_current_window -types Layout -mru] -start MoveTool
gui_mouse_tool -window [gui_get_current_window -types Layout -mru] -add_point {151.914 121.452} -scale 0.0004
gui_mouse_tool -window [gui_get_current_window -types Layout -mru] -reset
gui_mouse_tool -window [gui_get_current_window -types Layout -mru] -reset
win_select_objects -slct_targets global -at {151.909 121.455} -radius 0.0004
gui_mouse_tool -window [gui_get_current_window -types Layout -mru] -start MoveTool
gui_mouse_tool -window [gui_get_current_window -types Layout -mru] -add_point {151.914 121.457} -scale 0.0004
gui_set_layout_layer_visibility -toggle [get_layers -filter {mask_name == metal1} -quiet]
win_set_filter -visible -class pin -filter {} -layer {0-2 4 7 9-23 25-72}
win_set_filter -visible -class routing_blockage -layer {0-2 4 7 9-23 25-72}
win_set_filter -visible -class shape -filter {} -layer {0-2 4 7 9-23 25-72}
win_set_filter -visible -class via -filter {} -layer {0-2 4 7 9-23 25-72}
win_set_filter -visible -class terminal -filter {}  -layer {0-2 4 7 9-23 25-72}
win_set_filter -visible -class trackdef -filter {non_preferred} -layer {0-2 4 7 9-23 25-72}
win_set_filter -class pin -filter {} -layer {0-2 4 7 9-72}
win_set_filter -class routing_blockage -layer {0-2 4 7 9-72}
win_set_filter -class shape -filter {} -layer {0-2 4 7 9-72}
win_set_filter -class via -filter {} -layer {0-2 4 7 9-72}
gui_set_layout_layer_visibility -toggle [get_layers -filter {mask_name == metal3} -quiet]
win_set_filter -visible -class pin -filter {} -layer {0-2 4 7 10-23 25-72}
win_set_filter -visible -class routing_blockage -layer {0-2 4 7 10-23 25-72}
win_set_filter -visible -class shape -filter {} -layer {0-2 4 7 10-23 25-72}
win_set_filter -visible -class via -filter {} -layer {0-2 4 7 10-23 25-72}
win_set_filter -visible -class terminal -filter {}  -layer {0-2 4 7 10-23 25-72}
win_set_filter -visible -class trackdef -filter {non_preferred} -layer {0-2 4 7 10-23 25-72}
win_set_filter -class pin -filter {} -layer {0-2 4 7 10-72}
win_set_filter -class routing_blockage -layer {0-2 4 7 10-72}
win_set_filter -class shape -filter {} -layer {0-2 4 7 10-72}
win_set_filter -class via -filter {} -layer {0-2 4 7 10-72}
gui_mouse_tool -window [gui_get_current_window -types Layout -mru] -reset
gui_mouse_tool -window [gui_get_current_window -types Layout -mru] -add_point {151.921 121.363} -scale 0.0004
gui_mouse_tool -window [gui_get_current_window -types Layout -mru] -reset
gui_scroll -window [gui_get_current_window -view] -vrel .2
gui_mouse_tool -window [gui_get_current_window -types Layout -mru] -add_point {151.920 121.363} -scale 0.0004
gui_mouse_tool -window [gui_get_current_window -types Layout -mru] -reset
gui_scroll -window [gui_get_current_window -view] -vrel -.2
gui_mouse_tool -window [gui_get_current_window -types Layout -mru] -add_point {151.919 121.516} -scale 0.0004
gui_mouse_tool -window [gui_get_current_window -types Layout -mru] -reset
gui_mouse_tool -window [gui_get_current_window -types Layout -mru] -reset
win_select_objects -slct_targets global -at {151.949 121.451} -radius 0.0004
gui_set_layout_layer_visibility -toggle [get_layers -filter {mask_name == metal1} -quiet]
gui_set_layout_layer_visibility -toggle [get_layers -filter {mask_name == metal3} -quiet]
win_set_filter -visible -class pin -filter {} -layer {0-4 7 9-23 25-72}
win_set_filter -visible -class routing_blockage -layer {0-4 7 9-23 25-72}
win_set_filter -visible -class shape -filter {} -layer {0-4 7 9-23 25-72}
win_set_filter -visible -class via -filter {} -layer {0-4 7 9-23 25-72}
win_set_filter -visible -class terminal -filter {}  -layer {0-4 7 9-23 25-72}
win_set_filter -visible -class trackdef -filter {non_preferred} -layer {0-4 7 9-23 25-72}
win_set_filter -class pin -filter {} -layer {0-4 7 9-72}
win_set_filter -class routing_blockage -layer {0-4 7 9-72}
win_set_filter -class shape -filter {} -layer {0-4 7 9-72}
win_set_filter -class via -filter {} -layer {0-4 7 9-72}
gui_scroll -window [gui_get_current_window -view] -vrel .2
gui_zoom -window [gui_get_current_window -types Layout -view] -factor 0.5 -at_point {151.927 121.424}
gui_set_layout_layer_visibility -toggle [get_layers -filter {mask_name == metal3} -quiet]
win_set_filter -visible -class pin -filter {} -layer {0-4 7 10-23 25-72}
win_set_filter -visible -class routing_blockage -layer {0-4 7 10-23 25-72}
win_set_filter -visible -class shape -filter {} -layer {0-4 7 10-23 25-72}
win_set_filter -visible -class via -filter {} -layer {0-4 7 10-23 25-72}
win_set_filter -visible -class terminal -filter {}  -layer {0-4 7 10-23 25-72}
win_set_filter -visible -class trackdef -filter {non_preferred} -layer {0-4 7 10-23 25-72}
win_set_filter -class pin -filter {} -layer {0-4 7 10-72}
win_set_filter -class routing_blockage -layer {0-4 7 10-72}
win_set_filter -class shape -filter {} -layer {0-4 7 10-72}
win_set_filter -class via -filter {} -layer {0-4 7 10-72}
gui_set_layout_layer_visibility -toggle [get_layers -filter {mask_name == metal2} -quiet]
gui_set_layout_layer_visibility -toggle [get_layers -filter {mask_name == metal2} -quiet]
gui_set_layout_layer_visibility -toggle [get_layers -filter {mask_name == metal3} -quiet]
gui_set_layout_layer_visibility -toggle [get_layers -filter {mask_name == metal3} -quiet]
gui_set_layout_layer_visibility -toggle [get_layers -filter {mask_name == metal1} -quiet]
gui_set_layout_layer_visibility -toggle [get_layers -filter {mask_name == metal1} -quiet]
gui_set_layout_layer_visibility -toggle [get_layers -filter {mask_name == metal1} -quiet]
win_set_filter -visible -class pin -filter {} -layer {0-2 4 7 10-23 25-72}
win_set_filter -visible -class routing_blockage -layer {0-2 4 7 10-23 25-72}
win_set_filter -visible -class shape -filter {} -layer {0-2 4 7 10-23 25-72}
win_set_filter -visible -class via -filter {} -layer {0-2 4 7 10-23 25-72}
win_set_filter -visible -class terminal -filter {}  -layer {0-2 4 7 10-23 25-72}
win_set_filter -visible -class trackdef -filter {non_preferred} -layer {0-2 4 7 10-23 25-72}
win_set_filter -class pin -filter {} -layer {0-2 4 7 10-72}
win_set_filter -class routing_blockage -layer {0-2 4 7 10-72}
win_set_filter -class shape -filter {} -layer {0-2 4 7 10-72}
win_set_filter -class via -filter {} -layer {0-2 4 7 10-72}
gui_zoom -window [gui_get_current_window -types Layout -view] -factor 2 -at_point {151.889 121.437}
win_select_objects -slct_targets global -at {151.913 121.448} -radius 0.0004
gui_set_layout_layer_visibility -toggle [get_layers -filter {mask_name == metal3} -quiet]
win_set_filter -visible -class pin -filter {} -layer {0-2 4 7 9-23 25-72}
win_set_filter -visible -class routing_blockage -layer {0-2 4 7 9-23 25-72}
win_set_filter -visible -class shape -filter {} -layer {0-2 4 7 9-23 25-72}
win_set_filter -visible -class via -filter {} -layer {0-2 4 7 9-23 25-72}
win_set_filter -visible -class terminal -filter {}  -layer {0-2 4 7 9-23 25-72}
win_set_filter -visible -class trackdef -filter {non_preferred} -layer {0-2 4 7 9-23 25-72}
win_set_filter -class pin -filter {} -layer {0-2 4 7 9-72}
win_set_filter -class routing_blockage -layer {0-2 4 7 9-72}
win_set_filter -class shape -filter {} -layer {0-2 4 7 9-72}
win_set_filter -class via -filter {} -layer {0-2 4 7 9-72}
gui_set_layout_layer_visibility -toggle [get_layers -filter {mask_name == metal1} -quiet]
win_set_filter -visible -class pin -filter {} -layer {0-4 7 9-23 25-72}
win_set_filter -visible -class routing_blockage -layer {0-4 7 9-23 25-72}
win_set_filter -visible -class shape -filter {} -layer {0-4 7 9-23 25-72}
win_set_filter -visible -class via -filter {} -layer {0-4 7 9-23 25-72}
win_set_filter -visible -class terminal -filter {}  -layer {0-4 7 9-23 25-72}
win_set_filter -visible -class trackdef -filter {non_preferred} -layer {0-4 7 9-23 25-72}
win_set_filter -class pin -filter {} -layer {0-4 7 9-72}
win_set_filter -class routing_blockage -layer {0-4 7 9-72}
win_set_filter -class shape -filter {} -layer {0-4 7 9-72}
win_set_filter -class via -filter {} -layer {0-4 7 9-72}
win_select_objects -slct_targets global -at {152.020 121.414} -radius 0.0004
win_select_objects -slct_targets global -at {151.931 121.423} -radius 0.0004
gui_set_layout_layer_visibility -toggle [get_layers -filter {mask_name == metal1} -quiet]
win_set_filter -visible -class pin -filter {} -layer {0-2 4 7 9-23 25-72}
win_set_filter -visible -class routing_blockage -layer {0-2 4 7 9-23 25-72}
win_set_filter -visible -class shape -filter {} -layer {0-2 4 7 9-23 25-72}
win_set_filter -visible -class via -filter {} -layer {0-2 4 7 9-23 25-72}
win_set_filter -visible -class terminal -filter {}  -layer {0-2 4 7 9-23 25-72}
win_set_filter -visible -class trackdef -filter {non_preferred} -layer {0-2 4 7 9-23 25-72}
win_set_filter -class pin -filter {} -layer {0-2 4 7 9-72}
win_set_filter -class routing_blockage -layer {0-2 4 7 9-72}
win_set_filter -class shape -filter {} -layer {0-2 4 7 9-72}
win_set_filter -class via -filter {} -layer {0-2 4 7 9-72}
gui_mouse_tool -window [gui_get_current_window -types Layout -mru] -start RulerTool
gui_mouse_tool -window [gui_get_current_window -types Layout -mru] -add_point {151.920 121.439} -scale 0.0004
gui_mouse_tool -window [gui_get_current_window -types Layout -mru] -add_point {151.884 121.442} -scale 0.0004
gui_mouse_tool -window [gui_get_current_window -types Layout -mru] -reset
gui_set_mouse_tool_option -tool SELECT -option {Operation} -value {Replace}
gui_scroll -window [gui_get_current_window -view] -vrel -.2
gui_scroll -window [gui_get_current_window -view] -vrel .2
gui_remove_all_rulers -window [gui_get_current_window -types Layout -mru];  gui_remove_all_rulers -window global
win_select_objects -slct_targets global -at {151.984 121.420} -radius 0.0004
win_select_objects -slct_targets global -at {151.920 121.460} -radius 0.0004
gui_scroll -window [gui_get_current_window -view] -vrel -.2
win_select_objects -slct_targets global -at {151.989 121.397} -radius 0.0004
gui_set_layout_layer_visibility -toggle [get_layers -filter {mask_name == metal1} -quiet]
win_set_filter -visible -class pin -filter {} -layer {0-4 7 9-23 25-72}
win_set_filter -visible -class routing_blockage -layer {0-4 7 9-23 25-72}
win_set_filter -visible -class shape -filter {} -layer {0-4 7 9-23 25-72}
win_set_filter -visible -class via -filter {} -layer {0-4 7 9-23 25-72}
win_set_filter -visible -class terminal -filter {}  -layer {0-4 7 9-23 25-72}
win_set_filter -visible -class trackdef -filter {non_preferred} -layer {0-4 7 9-23 25-72}
win_set_filter -class pin -filter {} -layer {0-4 7 9-72}
win_set_filter -class routing_blockage -layer {0-4 7 9-72}
win_set_filter -class shape -filter {} -layer {0-4 7 9-72}
win_set_filter -class via -filter {} -layer {0-4 7 9-72}
win_select_objects -slct_targets global -at {151.973 121.400} -radius 0.0004 -index 1
gui_mouse_tool -window [gui_get_current_window -types Layout -mru] -start StretchTool
gui_mouse_tool -window [gui_get_current_window -types Layout -mru] -add_point {151.919 121.362} -scale 0.0004
gui_mouse_tool -window [gui_get_current_window -types Layout -mru] -reset
gui_mouse_tool -window [gui_get_current_window -types Layout -mru] -add_point {151.920 121.518} -scale 0.0004
gui_mouse_tool -window [gui_get_current_window -types Layout -mru] -reset
gui_mouse_tool -window [gui_get_current_window -types Layout -mru] -reset
gui_mouse_tool -window [gui_get_current_window -types Layout -mru] -start StretchTool
gui_mouse_tool -window [gui_get_current_window -types Layout -mru] -reset
gui_mouse_tool -window [gui_get_current_window -types Layout -mru] -start RulerTool
gui_zoom -window [gui_get_current_window -types Layout -view] -factor 2 -at_point {151.920 121.364}
gui_zoom -window [gui_get_current_window -types Layout -view] -factor 2 -at_point {151.920 121.364}
gui_mouse_tool -window [gui_get_current_window -types Layout -mru] -add_point {151.920 121.363} -scale 0.0001
gui_scroll -window [gui_get_current_window -view] -vrel -.2
gui_scroll -window [gui_get_current_window -view] -vrel -.2
gui_scroll -window [gui_get_current_window -view] -vrel -.2
gui_scroll -window [gui_get_current_window -view] -vrel -.2
gui_scroll -window [gui_get_current_window -view] -vrel -.2
gui_scroll -window [gui_get_current_window -view] -vrel -.2
gui_scroll -window [gui_get_current_window -view] -vrel -.2
gui_scroll -window [gui_get_current_window -view] -vrel -.2
gui_scroll -window [gui_get_current_window -view] -vrel -.2
gui_scroll -window [gui_get_current_window -view] -vrel -.2
gui_scroll -window [gui_get_current_window -view] -vrel -.2
gui_scroll -window [gui_get_current_window -view] -vrel -.2
gui_scroll -window [gui_get_current_window -view] -vrel -.2
gui_mouse_tool -window [gui_get_current_window -types Layout -mru] -add_point {151.920 121.517} -scale 0.0001
gui_zoom -window [gui_get_current_window -types Layout -view] -factor 0.5 -at_point {151.921 121.492}
gui_mouse_tool -window [gui_get_current_window -types Layout -mru] -reset
gui_set_mouse_tool_option -tool SELECT -option {Operation} -value {Replace}
gui_mouse_tool -window [gui_get_current_window -types Layout -mru] -start RulerTool
gui_mouse_tool -window [gui_get_current_window -types Layout -mru] -add_point {151.902 121.500} -scale 0.0002
gui_mouse_tool -window [gui_get_current_window -types Layout -mru] -reset
create_shape -layer M2 -path {{151.884 121.363} {151.884 121.517}} -width 0.034
gui_zoom -window [gui_get_current_window -types Layout -view] -factor 2 -at_point {151.883 121.479}
gui_zoom -window [gui_get_current_window -types Layout -view] -factor 0.5 -at_point {151.883 121.479}
gui_zoom -window [gui_get_current_window -view] -full
gui_mouse_tool -window [gui_get_current_window -types Layout -mru] -reset
gui_set_mouse_tool_option -tool SELECT -option {Operation} -value {Replace}
gui_zoom -window [gui_get_current_window -types Layout -view] -factor 2 -at_point {159.717 124.246}
gui_zoom -window [gui_get_current_window -types Layout -view] -factor 0.5 -at_point {160.824 125.048}
gui_zoom -window [gui_get_current_window -types Layout -view] -factor 2 -at_point {148.522 118.452}
gui_zoom -window [gui_get_current_window -types Layout -view] -factor 2 -at_point {148.522 118.452}
gui_zoom -window [gui_get_current_window -types Layout -view] -factor 2 -at_point {152.088 120.591}
gui_zoom -window [gui_get_current_window -types Layout -view] -factor 2 -at_point {152.090 120.590}
gui_zoom -window [gui_get_current_window -types Layout -view] -factor 2 -at_point {152.090 120.769}
gui_zoom -window [gui_get_current_window -types Layout -view] -factor 2 -at_point {152.168 120.991}
gui_zoom -window [gui_get_current_window -types Layout -view] -factor 2 -at_point {151.990 121.392}
gui_zoom -window [gui_get_current_window -types Layout -view] -factor 2 -at_point {151.933 121.432}
gui_scroll -window [gui_get_current_window -view] -vrel -.2
gui_scroll -window [gui_get_current_window -view] -vrel -.2
gui_zoom -window [gui_get_current_window -types Layout -view] -factor 2 -at_point {151.985 121.444}
create_shape -layer M2 -path {{151.884 121.363} {151.884 121.517}} -width 0.034 -shape_type rect
create_shape -layer M2 -path {{151.884 121.363} {151.884 121.517}} -width 0.034
create_shape -layer M2 -path {{151.884 121.363} {151.884 121.517}} -width 0.034 -shape_type path
win_select_objects -slct_targets global -at {151.986 121.349} -radius 0.0007
gui_zoom -window [gui_get_current_window -types Layout -view] -factor 2 -at_point {151.986 121.349}
gui_set_layout_layer_visibility -toggle [get_layers -filter {mask_name == metal1} -quiet]
win_set_filter -visible -class pin -filter {} -layer {0-2 4 7 9-23 25-72}
win_set_filter -visible -class routing_blockage -layer {0-2 4 7 9-23 25-72}
win_set_filter -visible -class shape -filter {} -layer {0-2 4 7 9-23 25-72}
win_set_filter -visible -class via -filter {} -layer {0-2 4 7 9-23 25-72}
win_set_filter -visible -class terminal -filter {}  -layer {0-2 4 7 9-23 25-72}
win_set_filter -visible -class trackdef -filter {non_preferred} -layer {0-2 4 7 9-23 25-72}
win_set_filter -class pin -filter {} -layer {0-2 4 7 9-72}
win_set_filter -class routing_blockage -layer {0-2 4 7 9-72}
win_set_filter -class shape -filter {} -layer {0-2 4 7 9-72}
win_set_filter -class via -filter {} -layer {0-2 4 7 9-72}
gui_scroll -window [gui_get_current_window -view] -vrel -.2
gui_scroll -window [gui_get_current_window -view] -vrel -.2
win_select_objects -slct_targets global -at {151.932 121.458} -radius 0.0003
remove_physical_objects
gui_set_selected_errors -replace [gui_get_errors -data_name {zroute.err} -id {0}] -force
gui_remove_all_rulers -window [gui_get_current_window -types Layout -mru];  gui_remove_all_rulers -window global
win_select_objects -slct_targets global -at {152.008 121.452} -radius 0.0003
gui_set_layout_layer_visibility -toggle [get_layers -filter {mask_name == metal2} -quiet]
gui_set_layout_layer_visibility -toggle [get_layers -filter {mask_name == metal2} -quiet]
gui_zoom -window [gui_get_current_window -types Layout -view] -factor 2 -at_point {151.891 121.456}
win_select_objects -slct_targets global -at {151.892 121.458} -radius 0.0002
gui_zoom -window [gui_get_current_window -types Layout -view] -factor 2 -at_point {151.887 121.453}
gui_zoom -window [gui_get_current_window -types Layout -view] -factor 2 -at_point {151.884 121.454}
gui_zoom -window [gui_get_current_window -types Layout -view] -factor 2 -at_point {151.884 121.454}
gui_mouse_tool -window [gui_get_current_window -types Layout -mru] -start RulerTool
gui_mouse_tool -window [gui_get_current_window -types Layout -mru] -add_point {151.885 121.454} -scale 0
gui_mouse_tool -window [gui_get_current_window -types Layout -mru] -reset
undo
undo
gui_set_selected_errors -replace [gui_get_errors -data_name {zroute.err} -id {0}] -force
gui_mouse_tool -window [gui_get_current_window -types Layout -mru] -reset
gui_set_mouse_tool_option -tool SELECT -option {Operation} -value {Replace}
win_select_objects -slct_targets global -at {151.885 121.455} -radius 0
create_shape -layer M2 -path {{151.885 121.363} {151.884 121.517}} -width 0.034 -shape_type rect
create_shape -layer M2 -path {{151.885 121.363} {151.885 121.517}} -width 0.034 -shape_type path
gui_zoom -window [gui_get_current_window -types Layout -view] -factor 0.5 -at_point {151.890 121.455}
gui_zoom -window [gui_get_current_window -types Layout -view] -factor 0.5 -at_point {151.887 121.447}
gui_zoom -window [gui_get_current_window -types Layout -view] -factor 0.5 -at_point {151.888 121.448}
win_select_objects -slct_targets global -at {151.920 121.460} -radius 0.0002
remove_physical_objects
gui_set_selected_errors -replace [gui_get_errors -data_name {zroute.err} -id {0}] -force
gui_zoom -window [gui_get_current_window -types Layout -view] -factor 0.5 -at_point {151.927 121.459}
gui_scroll -window [gui_get_current_window -view] -vrel .2
gui_scroll -window [gui_get_current_window -view] -vrel .2
gui_set_layout_layer_visibility -toggle [get_layers -filter {mask_name == metal1} -quiet]
win_set_filter -visible -class pin -filter {} -layer {0-4 7 9-23 25-72}
win_set_filter -visible -class routing_blockage -layer {0-4 7 9-23 25-72}
win_set_filter -visible -class shape -filter {} -layer {0-4 7 9-23 25-72}
win_set_filter -visible -class via -filter {} -layer {0-4 7 9-23 25-72}
win_set_filter -visible -class terminal -filter {}  -layer {0-4 7 9-23 25-72}
win_set_filter -visible -class trackdef -filter {non_preferred} -layer {0-4 7 9-23 25-72}
win_set_filter -class pin -filter {} -layer {0-4 7 9-72}
win_set_filter -class routing_blockage -layer {0-4 7 9-72}
win_set_filter -class shape -filter {} -layer {0-4 7 9-72}
win_set_filter -class via -filter {} -layer {0-4 7 9-72}
win_select_objects -slct_targets global -at {151.989 121.391} -radius 0.0004
win_select_objects -slct_targets global -at {151.919 121.377} -radius 0.0004
gui_mouse_tool -window [gui_get_current_window -types Layout -mru] -start StretchTool
gui_mouse_tool -window [gui_get_current_window -types Layout -mru] -add_point {151.937 121.380} -scale 0.0004
gui_mouse_tool -window [gui_get_current_window -types Layout -mru] -add_point {151.899 121.378} -scale 0.0004
gui_scroll -window [gui_get_current_window -view] -vrel -.2
gui_scroll -window [gui_get_current_window -view] -vrel -.2
gui_mouse_tool -window [gui_get_current_window -types Layout -mru] -add_point {151.909 121.493} -scale 0.0004
gui_mouse_tool -window [gui_get_current_window -types Layout -mru] -add_point {151.903 121.499} -scale 0.0004
gui_mouse_tool -window [gui_get_current_window -types Layout -mru] -reset
gui_zoom -window [gui_get_current_window -types Layout -view] -factor 0.5 -at_point {151.911 121.497}
win_select_objects -slct_targets global -at {152.003 121.401} -radius 0.0007
win_select_objects -slct_targets global -at {151.953 121.492} -radius 0.0007
gui_mouse_tool -window [gui_get_current_window -types Layout -mru] -start StretchTool
gui_mouse_tool -window [gui_get_current_window -types Layout -mru] -add_point {151.901 121.499} -scale 0.0007
gui_mouse_tool -window [gui_get_current_window -types Layout -mru] -add_point {151.868 121.499} -scale 0.0007
gui_mouse_tool -window [gui_get_current_window -types Layout -mru] -reset
win_select_objects -slct_targets global -at {151.769 121.433} -radius 0.0007
gui_set_layout_layer_visibility -toggle [get_layers -filter {mask_name == metal2} -quiet]
gui_set_layout_layer_visibility -toggle [get_layers -filter {mask_name == metal2} -quiet]
gui_set_layout_layer_visibility -toggle [get_layers -filter {mask_name == metal3} -quiet]
gui_set_layout_layer_visibility -toggle [get_layers -filter {mask_name == metal1} -quiet]
win_set_filter -visible -class pin -filter {} -layer {0-2 4 7 10-23 25-72}
win_set_filter -visible -class routing_blockage -layer {0-2 4 7 10-23 25-72}
win_set_filter -visible -class shape -filter {} -layer {0-2 4 7 10-23 25-72}
win_set_filter -visible -class via -filter {} -layer {0-2 4 7 10-23 25-72}
win_set_filter -visible -class terminal -filter {}  -layer {0-2 4 7 10-23 25-72}
win_set_filter -visible -class trackdef -filter {non_preferred} -layer {0-2 4 7 10-23 25-72}
win_set_filter -class pin -filter {} -layer {0-2 4 7 10-72}
win_set_filter -class routing_blockage -layer {0-2 4 7 10-72}
win_set_filter -class shape -filter {} -layer {0-2 4 7 10-72}
win_set_filter -class via -filter {} -layer {0-2 4 7 10-72}
check_routes
gui_set_current_errors -data_name {zroute.err} -group {Short} -sub_group {M2 (21)}
gui_set_selected_errors -replace [gui_get_errors -data_name {zroute.err} -id {0}] -force
gui_scroll -window [gui_get_current_window -view] -vrel .2
gui_zoom -window [gui_get_current_window -types Layout -view] -factor 0.5 -at_point {151.890 121.465}
gui_scroll -window [gui_get_current_window -view] -vrel .2
win_select_objects -slct_targets global -at {151.889 121.447} -radius 0.0005
gui_set_setting -window [gui_get_current_window -types Layout -mru] -setting viewLevel -value 1
gui_set_setting -window [gui_get_current_window -types Layout -mru] -setting viewLevel -value 2
gui_set_layout_layer_visibility -toggle [get_layers -filter {mask_name == metal3} -quiet]
gui_set_setting -window [gui_get_current_window -types Layout -mru] -setting viewLevel -value 3
gui_set_setting -window [gui_get_current_window -types Layout -mru] -setting viewLevel -value 4
gui_set_setting -window [gui_get_current_window -types Layout -mru] -setting viewLevel -value 5
win_set_filter -visible -class pin -filter {} -layer {0-2 4 7 9-23 25-72}
win_set_filter -visible -class routing_blockage -layer {0-2 4 7 9-23 25-72}
win_set_filter -visible -class shape -filter {} -layer {0-2 4 7 9-23 25-72}
win_set_filter -visible -class via -filter {} -layer {0-2 4 7 9-23 25-72}
win_set_filter -visible -class terminal -filter {}  -layer {0-2 4 7 9-23 25-72}
win_set_filter -visible -class trackdef -filter {non_preferred} -layer {0-2 4 7 9-23 25-72}
win_set_filter -start_level 0 -stop_level 5 -visible
win_set_filter -class pin -filter {} -layer {0-2 4 7 9-72}
win_set_filter -class routing_blockage -layer {0-2 4 7 9-72}
win_set_filter -class shape -filter {} -layer {0-2 4 7 9-72}
win_set_filter -class via -filter {} -layer {0-2 4 7 9-72}
gui_set_layout_layer_visibility -toggle [get_layers -filter {mask_name == metal1} -quiet]
win_set_filter -visible -class pin -filter {} -layer {0-4 7 9-23 25-72}
win_set_filter -visible -class routing_blockage -layer {0-4 7 9-23 25-72}
win_set_filter -visible -class shape -filter {} -layer {0-4 7 9-23 25-72}
win_set_filter -visible -class via -filter {} -layer {0-4 7 9-23 25-72}
win_set_filter -visible -class terminal -filter {}  -layer {0-4 7 9-23 25-72}
win_set_filter -visible -class trackdef -filter {non_preferred} -layer {0-4 7 9-23 25-72}
win_set_filter -class pin -filter {} -layer {0-4 7 9-72}
win_set_filter -class routing_blockage -layer {0-4 7 9-72}
win_set_filter -class shape -filter {} -layer {0-4 7 9-72}
win_set_filter -class via -filter {} -layer {0-4 7 9-72}
gui_set_setting -window [gui_get_current_window -types Layout -mru] -setting deepSelect -value true
gui_set_setting -window [gui_get_current_window -types Layout -mru] -setting showPASiteArray -value true
gui_set_setting -window [gui_get_current_window -types Layout -mru] -setting showPACore -value true
gui_set_setting -window [gui_get_current_window -types Layout -mru] -setting showVoltageArea -value true
gui_set_setting -window [gui_get_current_window -types Layout -mru] -setting showRPGroup -value true
gui_set_setting -window [gui_get_current_window -types Layout -mru] -setting showRPKeepout -value true
gui_set_setting -window [gui_get_current_window -types Layout -mru] -setting showRouteCorridorShape -value true
gui_set_setting -window [gui_get_current_window -types Layout -mru] -setting showContactRegion -value true
gui_set_setting -window [gui_get_current_window -types Layout -mru] -setting showTextObject -value true
gui_set_setting -window [gui_get_current_window -types Layout -mru] -setting showRailAnalysisTap -value true
gui_set_setting -window [gui_get_current_window -types Layout -mru] -setting expandCellCore -value true
gui_set_setting -window [gui_get_current_window -types Layout -mru] -setting expandCellHardMacro -value true
gui_set_setting -window [gui_get_current_window -types Layout -mru] -setting expandCellOthers -value true
gui_set_setting -window [gui_get_current_window -types Layout -mru] -setting expandFillInst -value true
gui_set_setting -window [gui_get_current_window -types Layout -mru] -setting expandCellIO -value true
win_set_filter -visible -class voltage_area -filter {guardband}
win_set_filter -visible -class site_row -filter {io}
win_set_filter -visible -class text -layer {0-4 7 9-23 25-72}
win_set_filter -expand_cell_types {std io hard_macro soft_macro other fill  }
win_set_select_class -visible {cell pin port bound rp_group rp_blockage tap routing_blockage shaping_blockage pg_region pin_blockage routing_corridor_shape block_shielding voltage_area topology_node topology_edge core_area die_area site_row site_array text edit_group shape via via_region terminal fill_cell trackdef placement_blockage }
win_set_filter -class voltage_area -filter {guardband}
win_set_filter -start_level 0 -stop_level 5
win_set_select_class {cell pin port bound rp_blockage tap routing_blockage shaping_blockage pg_region pin_blockage routing_corridor_shape voltage_area topology_node topology_edge edit_group shape via via_region placement_blockage }
win_select_objects -slct_targets global -at {152.038 121.339} -radius 0.0005
win_select_objects -slct_targets global -at {151.963 121.461} -radius 0.0005
gui_set_layout_layer_visibility -toggle [get_layers -filter {mask_name == metal3} -quiet]
gui_set_layout_layer_visibility -toggle [get_layers -filter {mask_name == metal3} -quiet]
gui_zoom -window [gui_get_current_window -types Layout -view] -factor 2 -at_point {151.898 121.483}
gui_zoom -window [gui_get_current_window -types Layout -view] -factor 0.5 -at_point {151.985 121.447}
gui_zoom -window [gui_get_current_window -types Layout -view] -factor 2 -at_point {151.893 121.484}
win_select_objects -slct_targets global -at {151.895 121.466} -radius 0.0003
gui_scroll -window [gui_get_current_window -view] -vrel .2
gui_scroll -window [gui_get_current_window -view] -vrel .2
gui_scroll -window [gui_get_current_window -view] -vrel .2
gui_zoom -window [gui_get_current_window -types Layout -view] -factor 0.5 -at_point {151.926 121.388}
win_select_objects -slct_targets global -at {151.895 121.432} -radius 0.0005
win_select_objects -slct_targets global -at {151.804 121.380} -radius 0.0005
win_select_objects -slct_targets global -at {151.970 121.423} -radius 0.0005
win_select_objects -slct_targets global -at {151.893 121.431} -radius 0.0005
win_select_objects -slct_targets global -at {151.704 121.376} -radius 0.0005
win_select_objects -slct_targets global -at {151.692 121.438} -radius 0.0005
win_select_objects -slct_targets global -at {151.888 121.438} -radius 0.0005
set_attribute -objects [get_shapes PATH_21_120897] -name owner -value [get_nets -design [current_block] -quiet n7627]
check_routes
win_select_objects -slct_targets global -at {151.953 121.411} -radius 0.0005
gui_set_layout_layer_visibility -toggle [get_layers -filter {mask_name == metal1} -quiet]
win_set_filter -visible -class pin -filter {} -layer {0-2 4 7 9-23 25-72}
win_set_filter -visible -class routing_blockage -layer {0-2 4 7 9-23 25-72}
win_set_filter -visible -class text -layer {0-2 4 7 9-23 25-72}
win_set_filter -visible -class shape -filter {} -layer {0-2 4 7 9-23 25-72}
win_set_filter -visible -class via -filter {} -layer {0-2 4 7 9-23 25-72}
win_set_filter -visible -class terminal -filter {}  -layer {0-2 4 7 9-23 25-72}
win_set_filter -visible -class trackdef -filter {non_preferred} -layer {0-2 4 7 9-23 25-72}
win_set_filter -class pin -filter {} -layer {0-2 4 7 9-72}
win_set_filter -class routing_blockage -layer {0-2 4 7 9-72}
win_set_filter -class shape -filter {} -layer {0-2 4 7 9-72}
win_set_filter -class via -filter {} -layer {0-2 4 7 9-72}
gui_set_layout_layer_visibility -toggle [get_layers -filter {mask_name == metal3} -quiet]
win_set_filter -visible -class pin -filter {} -layer {0-2 4 7 10-23 25-72}
win_set_filter -visible -class routing_blockage -layer {0-2 4 7 10-23 25-72}
win_set_filter -visible -class text -layer {0-2 4 7 10-23 25-72}
win_set_filter -visible -class shape -filter {} -layer {0-2 4 7 10-23 25-72}
win_set_filter -visible -class via -filter {} -layer {0-2 4 7 10-23 25-72}
win_set_filter -visible -class terminal -filter {}  -layer {0-2 4 7 10-23 25-72}
win_set_filter -visible -class trackdef -filter {non_preferred} -layer {0-2 4 7 10-23 25-72}
win_set_filter -class pin -filter {} -layer {0-2 4 7 10-72}
win_set_filter -class routing_blockage -layer {0-2 4 7 10-72}
win_set_filter -class shape -filter {} -layer {0-2 4 7 10-72}
win_set_filter -class via -filter {} -layer {0-2 4 7 10-72}
win_select_objects -slct_targets global -at {151.888 121.422} -radius 0.0005
win_select_objects -slct_targets global -at {151.758 121.443} -radius 0.0005
report_qor
update_timing
report_qor
check_lvs
save_block
check_pg_drc > "$REPORT/check_pg_drc.log"
report_utilization > "$REPORT/report_utilization.log"
check_pg_connectivity > "$REPORT/check_pg_connectivity.rpt"
check_pg_missing_vias > "$REPORT/check_missing_vias.rpt"
check_routes > "$REPORT/check_routes.rpt"
check_lvs > "$REPORT/check_lvs.rpt"
report_clock_timing -type summary > "$REPORT/report_clock_timing.rpt"
report_timing  > "$REPORT/report_timing.rpt"
report_timing -delay_type min > "$REPORT/report_timing_min.rpt"
report_constraints -all_violators -max_delay -min_delay > "$REPORT/report_constraints.rpt"
report_qor  > "$REPORT/report_qor.rpt"
check_legality > "$REPORT/check_legality.rpt"
write_def "$OUTPUT/ibex_wrapper_finishing.def"
write_sdc -scenario Func_Fast -output "$OUTPUT/ibex_wrapper_fast_finishing.sdc"
write_sdc -scenario Func_Slow -output "$OUTPUT/ibex_wrapper_slow_finishing.sdc"
write_verilog "$OUTPUT/ibex_wrapper_rt_finishing.v"
write_parasitics -output "$OUTPUT/ibex_wrapper_finishing"
exit
