 
****************************************
Report : constraint
        -all_violators
Design : ibex_top
Version: O-2018.06-SP1
Date   : Thu May  1 07:25:13 2025
****************************************


   min_delay/hold ('clk_i' group)

                             Required        Actual
   Endpoint                 Path Delay     Path Delay        Slack
   -----------------------------------------------------------------
   core_clock_gate_i/gen_generic.u_impl_generic/en_latch_reg/EN
                                0.11           0.00 f        -0.11  (VIOLATED)
   core_busy_q_reg[0]/D         0.13           0.09 f        -0.04  (VIOLATED)


   min_delay/hold ('cluster_clock_gating' group)

                             Required        Actual
   Endpoint                 Path Delay     Path Delay        Slack
   -----------------------------------------------------------------
   u_ibex_core/load_store_unit_i/addr_last_q_reg[10]/D
                                0.13          -0.06 f        -0.19  (VIOLATED)
   u_ibex_core/wb_stage_i/g_writeback_stage.rf_wdata_wb_q_reg[10]/D
                                0.11          -0.06 r        -0.17  (VIOLATED)
   u_ibex_core/load_store_unit_i/addr_last_q_reg[11]/D
                                0.13          -0.02 f        -0.15  (VIOLATED)
   u_ibex_core/wb_stage_i/g_writeback_stage.rf_wdata_wb_q_reg[11]/D
                                0.11          -0.02 r        -0.13  (VIOLATED)
   u_ibex_core/load_store_unit_i/addr_last_q_reg[7]/D
                                0.13           0.00 f        -0.13  (VIOLATED)
   u_ibex_core/ex_block_i/gen_multdiv_fast.multdiv_i/div_by_zero_q_reg/D
                                0.13           0.01 f        -0.12  (VIOLATED)
   u_ibex_core/load_store_unit_i/addr_last_q_reg[6]/D
                                0.13           0.01 f        -0.12  (VIOLATED)
   u_ibex_core/load_store_unit_i/addr_last_q_reg[12]/D
                                0.13           0.02 f        -0.11  (VIOLATED)
   u_ibex_core/wb_stage_i/g_writeback_stage.rf_wdata_wb_q_reg[7]/D
                                0.11           0.00 r        -0.11  (VIOLATED)
   u_ibex_core/cs_registers_i/u_mtvec_csr/rdata_q_reg[31]/D
                                0.13           0.02 f        -0.11  (VIOLATED)
   u_ibex_core/cs_registers_i/u_mtvec_csr/rdata_q_reg[11]/D
                                0.13           0.02 f        -0.11  (VIOLATED)
   u_ibex_core/cs_registers_i/u_mtvec_csr/rdata_q_reg[15]/D
                                0.13           0.02 f        -0.11  (VIOLATED)
   u_ibex_core/cs_registers_i/u_mtvec_csr/rdata_q_reg[8]/D
                                0.13           0.02 f        -0.11  (VIOLATED)
   u_ibex_core/cs_registers_i/u_mtvec_csr/rdata_q_reg[23]/D
                                0.13           0.02 f        -0.11  (VIOLATED)
   u_ibex_core/cs_registers_i/u_mtvec_csr/rdata_q_reg[28]/D
                                0.13           0.02 f        -0.11  (VIOLATED)
   u_ibex_core/cs_registers_i/u_mtvec_csr/rdata_q_reg[20]/D
                                0.13           0.02 f        -0.11  (VIOLATED)
   u_ibex_core/cs_registers_i/u_mtvec_csr/rdata_q_reg[21]/D
                                0.13           0.02 f        -0.11  (VIOLATED)
   u_ibex_core/cs_registers_i/u_mtvec_csr/rdata_q_reg[30]/D
                                0.13           0.02 f        -0.11  (VIOLATED)
   u_ibex_core/cs_registers_i/u_mtvec_csr/rdata_q_reg[9]/D
                                0.13           0.02 f        -0.11  (VIOLATED)
   u_ibex_core/cs_registers_i/u_mtvec_csr/rdata_q_reg[10]/D
                                0.13           0.02 f        -0.11  (VIOLATED)
   u_ibex_core/cs_registers_i/u_mtvec_csr/rdata_q_reg[22]/D
                                0.13           0.02 f        -0.11  (VIOLATED)
   u_ibex_core/cs_registers_i/u_mtvec_csr/rdata_q_reg[24]/D
                                0.13           0.02 f        -0.11  (VIOLATED)
   u_ibex_core/cs_registers_i/u_mtvec_csr/rdata_q_reg[25]/D
                                0.13           0.02 f        -0.11  (VIOLATED)
   u_ibex_core/cs_registers_i/u_mtvec_csr/rdata_q_reg[26]/D
                                0.13           0.02 f        -0.11  (VIOLATED)
   u_ibex_core/cs_registers_i/u_mtvec_csr/rdata_q_reg[27]/D
                                0.13           0.02 f        -0.11  (VIOLATED)
   u_ibex_core/cs_registers_i/u_mtvec_csr/rdata_q_reg[29]/D
                                0.13           0.02 f        -0.11  (VIOLATED)
   u_ibex_core/cs_registers_i/u_mtvec_csr/rdata_q_reg[12]/D
                                0.13           0.02 f        -0.11  (VIOLATED)
   u_ibex_core/cs_registers_i/u_mtvec_csr/rdata_q_reg[13]/D
                                0.13           0.02 f        -0.11  (VIOLATED)
   u_ibex_core/cs_registers_i/u_mtvec_csr/rdata_q_reg[14]/D
                                0.13           0.02 f        -0.11  (VIOLATED)
   u_ibex_core/cs_registers_i/u_mtvec_csr/rdata_q_reg[16]/D
                                0.13           0.02 f        -0.11  (VIOLATED)
   u_ibex_core/cs_registers_i/u_mtvec_csr/rdata_q_reg[17]/D
                                0.13           0.02 f        -0.11  (VIOLATED)
   u_ibex_core/cs_registers_i/u_mtvec_csr/rdata_q_reg[18]/D
                                0.13           0.02 f        -0.11  (VIOLATED)
   u_ibex_core/cs_registers_i/u_mtvec_csr/rdata_q_reg[19]/D
                                0.13           0.02 f        -0.11  (VIOLATED)
   u_ibex_core/ex_block_i/gen_multdiv_fast.multdiv_i/md_state_q_reg[2]/D
                                0.13           0.03 f        -0.10  (VIOLATED)
   u_ibex_core/id_stage_i/imd_val_q_reg[0][13]/D
                                0.13           0.03 f        -0.10  (VIOLATED)
   u_ibex_core/if_stage_i/gen_prefetch_buffer.prefetch_buffer_i/fifo_i/instr_addr_q_reg[31]/D
                                0.12           0.02 f        -0.10  (VIOLATED)
   u_ibex_core/wb_stage_i/g_writeback_stage.rf_wdata_wb_q_reg[6]/D
                                0.11           0.01 r        -0.10  (VIOLATED)
   u_ibex_core/if_stage_i/gen_prefetch_buffer.prefetch_buffer_i/fifo_i/instr_addr_q_reg[30]/D
                                0.12           0.03 f        -0.09  (VIOLATED)
   u_ibex_core/if_stage_i/gen_prefetch_buffer.prefetch_buffer_i/fifo_i/instr_addr_q_reg[26]/D
                                0.12           0.03 f        -0.09  (VIOLATED)
   u_ibex_core/if_stage_i/gen_prefetch_buffer.prefetch_buffer_i/fifo_i/instr_addr_q_reg[10]/D
                                0.12           0.03 f        -0.09  (VIOLATED)
   u_ibex_core/if_stage_i/gen_prefetch_buffer.prefetch_buffer_i/fifo_i/instr_addr_q_reg[24]/D
                                0.12           0.03 f        -0.09  (VIOLATED)
   u_ibex_core/if_stage_i/gen_prefetch_buffer.prefetch_buffer_i/fifo_i/instr_addr_q_reg[12]/D
                                0.12           0.03 f        -0.09  (VIOLATED)
   u_ibex_core/if_stage_i/gen_prefetch_buffer.prefetch_buffer_i/fifo_i/instr_addr_q_reg[14]/D
                                0.12           0.03 f        -0.09  (VIOLATED)
   u_ibex_core/if_stage_i/gen_prefetch_buffer.prefetch_buffer_i/fifo_i/instr_addr_q_reg[18]/D
                                0.12           0.03 f        -0.09  (VIOLATED)
   u_ibex_core/if_stage_i/gen_prefetch_buffer.prefetch_buffer_i/fifo_i/instr_addr_q_reg[22]/D
                                0.12           0.03 f        -0.09  (VIOLATED)
   u_ibex_core/if_stage_i/gen_prefetch_buffer.prefetch_buffer_i/fifo_i/instr_addr_q_reg[16]/D
                                0.12           0.03 f        -0.09  (VIOLATED)
   u_ibex_core/if_stage_i/gen_prefetch_buffer.prefetch_buffer_i/fifo_i/instr_addr_q_reg[19]/D
                                0.12           0.03 f        -0.09  (VIOLATED)
   u_ibex_core/if_stage_i/gen_prefetch_buffer.prefetch_buffer_i/fifo_i/instr_addr_q_reg[29]/D
                                0.12           0.03 f        -0.09  (VIOLATED)
   u_ibex_core/if_stage_i/gen_prefetch_buffer.prefetch_buffer_i/fifo_i/instr_addr_q_reg[27]/D
                                0.12           0.03 f        -0.09  (VIOLATED)
   u_ibex_core/id_stage_i/imd_val_q_reg[0][12]/D
                                0.13           0.04 f        -0.09  (VIOLATED)
   u_ibex_core/ex_block_i/gen_multdiv_fast.multdiv_i/md_state_q_reg[1]/D
                                0.13           0.04 f        -0.09  (VIOLATED)
   u_ibex_core/load_store_unit_i/addr_last_q_reg[8]/D
                                0.13           0.04 f        -0.09  (VIOLATED)
   u_ibex_core/if_stage_i/gen_prefetch_buffer.prefetch_buffer_i/fifo_i/instr_addr_q_reg[15]/D
                                0.12           0.03 f        -0.09  (VIOLATED)
   u_ibex_core/wb_stage_i/g_writeback_stage.rf_wdata_wb_q_reg[13]/D
                                0.12           0.04 f        -0.09  (VIOLATED)
   u_ibex_core/wb_stage_i/g_writeback_stage.rf_wdata_wb_q_reg[12]/D
                                0.11           0.02 r        -0.09  (VIOLATED)
   u_ibex_core/if_stage_i/gen_prefetch_buffer.prefetch_buffer_i/fifo_i/instr_addr_q_reg[11]/D
                                0.12           0.04 f        -0.09  (VIOLATED)
   u_ibex_core/if_stage_i/gen_prefetch_buffer.prefetch_buffer_i/fifo_i/instr_addr_q_reg[13]/D
                                0.12           0.04 f        -0.08  (VIOLATED)
   u_ibex_core/if_stage_i/gen_prefetch_buffer.prefetch_buffer_i/fifo_i/instr_addr_q_reg[9]/D
                                0.12           0.04 f        -0.08  (VIOLATED)
   u_ibex_core/if_stage_i/gen_prefetch_buffer.prefetch_buffer_i/fifo_i/instr_addr_q_reg[17]/D
                                0.12           0.04 f        -0.08  (VIOLATED)
   u_ibex_core/if_stage_i/gen_prefetch_buffer.prefetch_buffer_i/valid_req_q_reg/D
                                0.13           0.05 f        -0.08  (VIOLATED)
   u_ibex_core/id_stage_i/imd_val_q_reg[0][15]/D
                                0.13           0.05 f        -0.08  (VIOLATED)
   u_ibex_core/if_stage_i/gen_prefetch_buffer.prefetch_buffer_i/fetch_addr_q_reg[15]/D
                                0.12           0.05 f        -0.08  (VIOLATED)
   u_ibex_core/if_stage_i/gen_prefetch_buffer.prefetch_buffer_i/fetch_addr_q_reg[11]/D
                                0.12           0.05 f        -0.08  (VIOLATED)
   u_ibex_core/if_stage_i/gen_prefetch_buffer.prefetch_buffer_i/stored_addr_q_reg[15]/D
                                0.12           0.05 f        -0.07  (VIOLATED)
   u_ibex_core/if_stage_i/gen_prefetch_buffer.prefetch_buffer_i/fifo_i/instr_addr_q_reg[25]/D
                                0.12           0.05 f        -0.07  (VIOLATED)
   u_ibex_core/id_stage_i/imd_val_q_reg[0][7]/D
                                0.13           0.06 f        -0.07  (VIOLATED)
   u_ibex_core/if_stage_i/gen_prefetch_buffer.prefetch_buffer_i/stored_addr_q_reg[11]/D
                                0.12           0.05 f        -0.07  (VIOLATED)
   u_ibex_core/ex_block_i/gen_multdiv_fast.multdiv_i/op_numerator_q_reg[10]/D
                                0.13           0.06 f        -0.07  (VIOLATED)
   u_ibex_core/if_stage_i/gen_prefetch_buffer.prefetch_buffer_i/fetch_addr_q_reg[13]/D
                                0.12           0.05 f        -0.07  (VIOLATED)
   u_ibex_core/if_stage_i/gen_prefetch_buffer.prefetch_buffer_i/fetch_addr_q_reg[9]/D
                                0.12           0.05 f        -0.07  (VIOLATED)
   u_ibex_core/if_stage_i/gen_prefetch_buffer.prefetch_buffer_i/stored_addr_q_reg[31]/D
                                0.12           0.05 f        -0.07  (VIOLATED)
   u_ibex_core/if_stage_i/gen_prefetch_buffer.prefetch_buffer_i/fetch_addr_q_reg[17]/D
                                0.12           0.05 f        -0.07  (VIOLATED)
   u_ibex_core/if_stage_i/gen_prefetch_buffer.prefetch_buffer_i/fetch_addr_q_reg[19]/D
                                0.12           0.05 f        -0.07  (VIOLATED)
   u_ibex_core/if_stage_i/gen_prefetch_buffer.prefetch_buffer_i/fetch_addr_q_reg[29]/D
                                0.12           0.05 f        -0.07  (VIOLATED)
   u_ibex_core/if_stage_i/gen_prefetch_buffer.prefetch_buffer_i/fetch_addr_q_reg[27]/D
                                0.12           0.05 f        -0.07  (VIOLATED)
   u_ibex_core/ex_block_i/gen_multdiv_fast.multdiv_i/md_state_q_reg[0]/D
                                0.11           0.04 r        -0.07  (VIOLATED)
   u_ibex_core/id_stage_i/imd_val_q_reg[0][11]/D
                                0.13           0.06 f        -0.07  (VIOLATED)
   u_ibex_core/id_stage_i/imd_val_q_reg[0][10]/D
                                0.13           0.06 f        -0.07  (VIOLATED)
   u_ibex_core/load_store_unit_i/addr_last_q_reg[13]/D
                                0.13           0.06 f        -0.07  (VIOLATED)
   u_ibex_core/if_stage_i/gen_prefetch_buffer.prefetch_buffer_i/stored_addr_q_reg[13]/D
                                0.12           0.06 f        -0.07  (VIOLATED)
   u_ibex_core/if_stage_i/gen_prefetch_buffer.prefetch_buffer_i/stored_addr_q_reg[9]/D
                                0.12           0.06 f        -0.07  (VIOLATED)
   u_ibex_core/if_stage_i/gen_prefetch_buffer.prefetch_buffer_i/stored_addr_q_reg[29]/D
                                0.12           0.06 f        -0.07  (VIOLATED)
   u_ibex_core/if_stage_i/gen_prefetch_buffer.prefetch_buffer_i/stored_addr_q_reg[17]/D
                                0.12           0.06 f        -0.07  (VIOLATED)
   u_ibex_core/if_stage_i/gen_prefetch_buffer.prefetch_buffer_i/stored_addr_q_reg[19]/D
                                0.12           0.06 f        -0.07  (VIOLATED)
   u_ibex_core/if_stage_i/gen_prefetch_buffer.prefetch_buffer_i/stored_addr_q_reg[27]/D
                                0.12           0.06 f        -0.07  (VIOLATED)
   u_ibex_core/if_stage_i/gen_prefetch_buffer.prefetch_buffer_i/stored_addr_q_reg[30]/D
                                0.12           0.06 f        -0.07  (VIOLATED)
   u_ibex_core/if_stage_i/gen_prefetch_buffer.prefetch_buffer_i/stored_addr_q_reg[26]/D
                                0.12           0.06 f        -0.07  (VIOLATED)
   u_ibex_core/if_stage_i/gen_prefetch_buffer.prefetch_buffer_i/stored_addr_q_reg[10]/D
                                0.12           0.06 f        -0.07  (VIOLATED)
   u_ibex_core/if_stage_i/gen_prefetch_buffer.prefetch_buffer_i/stored_addr_q_reg[24]/D
                                0.12           0.06 f        -0.07  (VIOLATED)
   u_ibex_core/if_stage_i/gen_prefetch_buffer.prefetch_buffer_i/stored_addr_q_reg[12]/D
                                0.12           0.06 f        -0.07  (VIOLATED)
   u_ibex_core/if_stage_i/gen_prefetch_buffer.prefetch_buffer_i/stored_addr_q_reg[14]/D
                                0.12           0.06 f        -0.07  (VIOLATED)
   u_ibex_core/if_stage_i/gen_prefetch_buffer.prefetch_buffer_i/stored_addr_q_reg[18]/D
                                0.12           0.06 f        -0.07  (VIOLATED)
   u_ibex_core/if_stage_i/gen_prefetch_buffer.prefetch_buffer_i/stored_addr_q_reg[22]/D
                                0.12           0.06 f        -0.07  (VIOLATED)
   u_ibex_core/if_stage_i/gen_prefetch_buffer.prefetch_buffer_i/stored_addr_q_reg[16]/D
                                0.12           0.06 f        -0.07  (VIOLATED)
   u_ibex_core/if_stage_i/gen_prefetch_buffer.prefetch_buffer_i/fifo_i/instr_addr_q_reg[8]/D
                                0.12           0.06 f        -0.07  (VIOLATED)
   u_ibex_core/if_stage_i/gen_prefetch_buffer.prefetch_buffer_i/fetch_addr_q_reg[31]/D
                                0.12           0.06 f        -0.07  (VIOLATED)
   u_ibex_core/if_stage_i/gen_prefetch_buffer.prefetch_buffer_i/fetch_addr_q_reg[30]/D
                                0.12           0.06 f        -0.07  (VIOLATED)
   u_ibex_core/if_stage_i/gen_prefetch_buffer.prefetch_buffer_i/fetch_addr_q_reg[26]/D
                                0.12           0.06 f        -0.07  (VIOLATED)
   u_ibex_core/if_stage_i/gen_prefetch_buffer.prefetch_buffer_i/fetch_addr_q_reg[10]/D
                                0.12           0.06 f        -0.07  (VIOLATED)
   u_ibex_core/if_stage_i/gen_prefetch_buffer.prefetch_buffer_i/fetch_addr_q_reg[24]/D
                                0.12           0.06 f        -0.07  (VIOLATED)
   u_ibex_core/if_stage_i/gen_prefetch_buffer.prefetch_buffer_i/fetch_addr_q_reg[12]/D
                                0.12           0.06 f        -0.07  (VIOLATED)
   u_ibex_core/if_stage_i/gen_prefetch_buffer.prefetch_buffer_i/fetch_addr_q_reg[14]/D
                                0.12           0.06 f        -0.07  (VIOLATED)
   u_ibex_core/if_stage_i/gen_prefetch_buffer.prefetch_buffer_i/fetch_addr_q_reg[18]/D
                                0.12           0.06 f        -0.07  (VIOLATED)
   u_ibex_core/if_stage_i/gen_prefetch_buffer.prefetch_buffer_i/fetch_addr_q_reg[22]/D
                                0.12           0.06 f        -0.07  (VIOLATED)
   u_ibex_core/if_stage_i/gen_prefetch_buffer.prefetch_buffer_i/fetch_addr_q_reg[16]/D
                                0.12           0.06 f        -0.07  (VIOLATED)
   u_ibex_core/wb_stage_i/g_writeback_stage.rf_wdata_wb_q_reg[8]/D
                                0.11           0.04 r        -0.07  (VIOLATED)
   u_ibex_core/wb_stage_i/g_writeback_stage.rf_wdata_wb_q_reg[15]/D
                                0.12           0.06 f        -0.06  (VIOLATED)
   u_ibex_core/if_stage_i/gen_prefetch_buffer.prefetch_buffer_i/fifo_i/instr_addr_q_reg[21]/D
                                0.12           0.06 f        -0.06  (VIOLATED)
   u_ibex_core/if_stage_i/gen_prefetch_buffer.prefetch_buffer_i/fifo_i/instr_addr_q_reg[23]/D
                                0.12           0.06 f        -0.06  (VIOLATED)
   u_ibex_core/if_stage_i/gen_prefetch_buffer.prefetch_buffer_i/fifo_i/rdata_q_reg[2][0]/D
                                0.12           0.06 f        -0.06  (VIOLATED)
   u_ibex_core/if_stage_i/gen_prefetch_buffer.prefetch_buffer_i/fifo_i/rdata_q_reg[2][2]/D
                                0.12           0.06 f        -0.06  (VIOLATED)
   u_ibex_core/if_stage_i/gen_prefetch_buffer.prefetch_buffer_i/fifo_i/rdata_q_reg[2][4]/D
                                0.12           0.06 f        -0.06  (VIOLATED)
   u_ibex_core/if_stage_i/gen_prefetch_buffer.prefetch_buffer_i/fifo_i/rdata_q_reg[2][5]/D
                                0.12           0.06 f        -0.06  (VIOLATED)
   u_ibex_core/if_stage_i/gen_prefetch_buffer.prefetch_buffer_i/fifo_i/rdata_q_reg[2][6]/D
                                0.12           0.06 f        -0.06  (VIOLATED)
   u_ibex_core/if_stage_i/gen_prefetch_buffer.prefetch_buffer_i/fifo_i/rdata_q_reg[2][7]/D
                                0.12           0.06 f        -0.06  (VIOLATED)
   u_ibex_core/if_stage_i/gen_prefetch_buffer.prefetch_buffer_i/fifo_i/rdata_q_reg[2][8]/D
                                0.12           0.06 f        -0.06  (VIOLATED)
   u_ibex_core/if_stage_i/gen_prefetch_buffer.prefetch_buffer_i/fifo_i/rdata_q_reg[2][9]/D
                                0.12           0.06 f        -0.06  (VIOLATED)
   u_ibex_core/wb_stage_i/g_writeback_stage.wb_pc_q_reg[1]/D
                                0.12           0.06 f        -0.06  (VIOLATED)
   u_ibex_core/wb_stage_i/g_writeback_stage.wb_pc_q_reg[2]/D
                                0.12           0.06 f        -0.06  (VIOLATED)
   u_ibex_core/wb_stage_i/g_writeback_stage.wb_pc_q_reg[3]/D
                                0.12           0.06 f        -0.06  (VIOLATED)
   u_ibex_core/wb_stage_i/g_writeback_stage.wb_pc_q_reg[4]/D
                                0.12           0.06 f        -0.06  (VIOLATED)
   u_ibex_core/wb_stage_i/g_writeback_stage.wb_pc_q_reg[5]/D
                                0.12           0.06 f        -0.06  (VIOLATED)
   u_ibex_core/wb_stage_i/g_writeback_stage.wb_pc_q_reg[6]/D
                                0.12           0.06 f        -0.06  (VIOLATED)
   u_ibex_core/wb_stage_i/g_writeback_stage.wb_pc_q_reg[7]/D
                                0.12           0.06 f        -0.06  (VIOLATED)
   u_ibex_core/wb_stage_i/g_writeback_stage.wb_pc_q_reg[8]/D
                                0.12           0.06 f        -0.06  (VIOLATED)
   u_ibex_core/wb_stage_i/g_writeback_stage.wb_pc_q_reg[9]/D
                                0.12           0.06 f        -0.06  (VIOLATED)
   u_ibex_core/wb_stage_i/g_writeback_stage.wb_pc_q_reg[11]/D
                                0.12           0.06 f        -0.06  (VIOLATED)
   u_ibex_core/wb_stage_i/g_writeback_stage.wb_pc_q_reg[12]/D
                                0.12           0.06 f        -0.06  (VIOLATED)
   u_ibex_core/wb_stage_i/g_writeback_stage.wb_pc_q_reg[13]/D
                                0.12           0.06 f        -0.06  (VIOLATED)
   u_ibex_core/wb_stage_i/g_writeback_stage.wb_pc_q_reg[14]/D
                                0.12           0.06 f        -0.06  (VIOLATED)
   u_ibex_core/wb_stage_i/g_writeback_stage.wb_pc_q_reg[15]/D
                                0.12           0.06 f        -0.06  (VIOLATED)
   u_ibex_core/wb_stage_i/g_writeback_stage.wb_pc_q_reg[16]/D
                                0.12           0.06 f        -0.06  (VIOLATED)
   u_ibex_core/wb_stage_i/g_writeback_stage.wb_pc_q_reg[17]/D
                                0.12           0.06 f        -0.06  (VIOLATED)
   u_ibex_core/wb_stage_i/g_writeback_stage.wb_pc_q_reg[18]/D
                                0.12           0.06 f        -0.06  (VIOLATED)
   u_ibex_core/wb_stage_i/g_writeback_stage.wb_pc_q_reg[19]/D
                                0.12           0.06 f        -0.06  (VIOLATED)
   u_ibex_core/wb_stage_i/g_writeback_stage.wb_pc_q_reg[20]/D
                                0.12           0.06 f        -0.06  (VIOLATED)
   u_ibex_core/wb_stage_i/g_writeback_stage.wb_pc_q_reg[21]/D
                                0.12           0.06 f        -0.06  (VIOLATED)
   u_ibex_core/wb_stage_i/g_writeback_stage.wb_pc_q_reg[22]/D
                                0.12           0.06 f        -0.06  (VIOLATED)
   u_ibex_core/wb_stage_i/g_writeback_stage.wb_pc_q_reg[23]/D
                                0.12           0.06 f        -0.06  (VIOLATED)
   u_ibex_core/wb_stage_i/g_writeback_stage.wb_pc_q_reg[24]/D
                                0.12           0.06 f        -0.06  (VIOLATED)
   u_ibex_core/wb_stage_i/g_writeback_stage.wb_pc_q_reg[25]/D
                                0.12           0.06 f        -0.06  (VIOLATED)
   u_ibex_core/wb_stage_i/g_writeback_stage.wb_pc_q_reg[26]/D
                                0.12           0.06 f        -0.06  (VIOLATED)
   u_ibex_core/wb_stage_i/g_writeback_stage.wb_pc_q_reg[27]/D
                                0.12           0.06 f        -0.06  (VIOLATED)
   u_ibex_core/wb_stage_i/g_writeback_stage.wb_pc_q_reg[28]/D
                                0.12           0.06 f        -0.06  (VIOLATED)
   u_ibex_core/wb_stage_i/g_writeback_stage.wb_pc_q_reg[29]/D
                                0.12           0.06 f        -0.06  (VIOLATED)
   u_ibex_core/if_stage_i/gen_prefetch_buffer.prefetch_buffer_i/fifo_i/err_q_reg[2]/D
                                0.12           0.06 f        -0.06  (VIOLATED)
   u_ibex_core/if_stage_i/gen_prefetch_buffer.prefetch_buffer_i/fifo_i/rdata_q_reg[2][1]/D
                                0.12           0.06 f        -0.06  (VIOLATED)
   u_ibex_core/if_stage_i/gen_prefetch_buffer.prefetch_buffer_i/fifo_i/rdata_q_reg[2][3]/D
                                0.12           0.06 f        -0.06  (VIOLATED)
   u_ibex_core/if_stage_i/gen_prefetch_buffer.prefetch_buffer_i/fifo_i/rdata_q_reg[2][10]/D
                                0.12           0.06 f        -0.06  (VIOLATED)
   u_ibex_core/if_stage_i/gen_prefetch_buffer.prefetch_buffer_i/fifo_i/rdata_q_reg[2][11]/D
                                0.12           0.06 f        -0.06  (VIOLATED)
   u_ibex_core/if_stage_i/gen_prefetch_buffer.prefetch_buffer_i/fifo_i/rdata_q_reg[2][12]/D
                                0.12           0.06 f        -0.06  (VIOLATED)
   u_ibex_core/if_stage_i/gen_prefetch_buffer.prefetch_buffer_i/fifo_i/rdata_q_reg[2][13]/D
                                0.12           0.06 f        -0.06  (VIOLATED)
   u_ibex_core/if_stage_i/gen_prefetch_buffer.prefetch_buffer_i/fifo_i/rdata_q_reg[2][14]/D
                                0.12           0.06 f        -0.06  (VIOLATED)
   u_ibex_core/if_stage_i/gen_prefetch_buffer.prefetch_buffer_i/fifo_i/rdata_q_reg[2][15]/D
                                0.12           0.06 f        -0.06  (VIOLATED)
   u_ibex_core/if_stage_i/gen_prefetch_buffer.prefetch_buffer_i/fifo_i/rdata_q_reg[2][18]/D
                                0.12           0.06 f        -0.06  (VIOLATED)
   u_ibex_core/if_stage_i/gen_prefetch_buffer.prefetch_buffer_i/fifo_i/rdata_q_reg[2][19]/D
                                0.12           0.06 f        -0.06  (VIOLATED)
   u_ibex_core/if_stage_i/gen_prefetch_buffer.prefetch_buffer_i/fifo_i/rdata_q_reg[2][20]/D
                                0.12           0.06 f        -0.06  (VIOLATED)
   u_ibex_core/if_stage_i/gen_prefetch_buffer.prefetch_buffer_i/fifo_i/rdata_q_reg[2][21]/D
                                0.12           0.06 f        -0.06  (VIOLATED)
   u_ibex_core/if_stage_i/gen_prefetch_buffer.prefetch_buffer_i/fifo_i/rdata_q_reg[2][23]/D
                                0.12           0.06 f        -0.06  (VIOLATED)
   u_ibex_core/if_stage_i/gen_prefetch_buffer.prefetch_buffer_i/fifo_i/rdata_q_reg[2][26]/D
                                0.12           0.06 f        -0.06  (VIOLATED)
   u_ibex_core/if_stage_i/gen_prefetch_buffer.prefetch_buffer_i/fifo_i/rdata_q_reg[2][27]/D
                                0.12           0.06 f        -0.06  (VIOLATED)
   u_ibex_core/if_stage_i/gen_prefetch_buffer.prefetch_buffer_i/fifo_i/rdata_q_reg[2][28]/D
                                0.12           0.06 f        -0.06  (VIOLATED)
   u_ibex_core/if_stage_i/gen_prefetch_buffer.prefetch_buffer_i/fifo_i/rdata_q_reg[2][29]/D
                                0.12           0.06 f        -0.06  (VIOLATED)
   u_ibex_core/if_stage_i/gen_prefetch_buffer.prefetch_buffer_i/fifo_i/rdata_q_reg[2][30]/D
                                0.12           0.06 f        -0.06  (VIOLATED)
   u_ibex_core/if_stage_i/gen_prefetch_buffer.prefetch_buffer_i/fifo_i/rdata_q_reg[2][31]/D
                                0.12           0.06 f        -0.06  (VIOLATED)
   u_ibex_core/wb_stage_i/g_writeback_stage.rf_waddr_wb_q_reg[0]/D
                                0.12           0.06 f        -0.06  (VIOLATED)
   u_ibex_core/wb_stage_i/g_writeback_stage.rf_waddr_wb_q_reg[4]/D
                                0.12           0.06 f        -0.06  (VIOLATED)
   u_ibex_core/if_stage_i/instr_rdata_c_id_o_reg[9]/D
                                0.12           0.06 f        -0.06  (VIOLATED)
   u_ibex_core/if_stage_i/instr_rdata_c_id_o_reg[11]/D
                                0.12           0.06 f        -0.06  (VIOLATED)
   u_ibex_core/if_stage_i/instr_rdata_c_id_o_reg[13]/D
                                0.12           0.06 f        -0.06  (VIOLATED)
   u_ibex_core/if_stage_i/instr_fetch_err_o_reg/D
                                0.12           0.06 f        -0.06  (VIOLATED)
   u_ibex_core/if_stage_i/instr_rdata_c_id_o_reg[0]/D
                                0.12           0.06 f        -0.06  (VIOLATED)
   u_ibex_core/wb_stage_i/g_writeback_stage.wb_compressed_q_reg/D
                                0.12           0.06 f        -0.06  (VIOLATED)
   u_ibex_core/wb_stage_i/g_writeback_stage.wb_pc_q_reg[10]/D
                                0.12           0.06 f        -0.06  (VIOLATED)
   u_ibex_core/wb_stage_i/g_writeback_stage.wb_pc_q_reg[30]/D
                                0.12           0.06 f        -0.06  (VIOLATED)
   u_ibex_core/wb_stage_i/g_writeback_stage.wb_pc_q_reg[31]/D
                                0.12           0.06 f        -0.06  (VIOLATED)
   u_ibex_core/if_stage_i/instr_rdata_alu_id_o_reg[0]/D
                                0.12           0.06 f        -0.06  (VIOLATED)
   u_ibex_core/wb_stage_i/g_writeback_stage.wb_instr_type_q_reg[0]/D
                                0.12           0.06 f        -0.06  (VIOLATED)
   u_ibex_core/wb_stage_i/g_writeback_stage.rf_waddr_wb_q_reg[3]/D
                                0.12           0.06 f        -0.06  (VIOLATED)
   u_ibex_core/wb_stage_i/g_writeback_stage.rf_waddr_wb_q_reg[1]/D
                                0.12           0.06 f        -0.06  (VIOLATED)
   u_ibex_core/id_stage_i/controller_i/ctrl_fsm_cs_reg[0]/D
                                0.13           0.07 f        -0.06  (VIOLATED)
   u_ibex_core/wb_stage_i/g_writeback_stage.rf_waddr_wb_q_reg[2]/D
                                0.12           0.06 f        -0.06  (VIOLATED)
   u_ibex_core/if_stage_i/pc_id_o_reg[17]/D
                                0.12           0.06 f        -0.06  (VIOLATED)
   u_ibex_core/if_stage_i/pc_id_o_reg[23]/D
                                0.12           0.06 f        -0.06  (VIOLATED)
   u_ibex_core/if_stage_i/pc_id_o_reg[25]/D
                                0.12           0.06 f        -0.06  (VIOLATED)
   u_ibex_core/if_stage_i/pc_id_o_reg[5]/D
                                0.12           0.06 f        -0.06  (VIOLATED)
   u_ibex_core/if_stage_i/pc_id_o_reg[7]/D
                                0.12           0.06 f        -0.06  (VIOLATED)
   u_ibex_core/if_stage_i/pc_id_o_reg[9]/D
                                0.12           0.06 f        -0.06  (VIOLATED)
   u_ibex_core/if_stage_i/pc_id_o_reg[11]/D
                                0.12           0.06 f        -0.06  (VIOLATED)
   u_ibex_core/if_stage_i/pc_id_o_reg[13]/D
                                0.12           0.06 f        -0.06  (VIOLATED)
   u_ibex_core/if_stage_i/pc_id_o_reg[15]/D
                                0.12           0.06 f        -0.06  (VIOLATED)
   u_ibex_core/if_stage_i/pc_id_o_reg[27]/D
                                0.12           0.06 f        -0.06  (VIOLATED)
   u_ibex_core/if_stage_i/pc_id_o_reg[31]/D
                                0.12           0.06 f        -0.06  (VIOLATED)
   u_ibex_core/if_stage_i/pc_id_o_reg[19]/D
                                0.12           0.06 f        -0.06  (VIOLATED)
   u_ibex_core/if_stage_i/pc_id_o_reg[21]/D
                                0.12           0.06 f        -0.06  (VIOLATED)
   u_ibex_core/id_stage_i/imd_val_q_reg[0][1]/D
                                0.13           0.07 f        -0.06  (VIOLATED)
   u_ibex_core/wb_stage_i/g_writeback_stage.wb_instr_type_q_reg[1]/D
                                0.12           0.06 f        -0.06  (VIOLATED)
   u_ibex_core/if_stage_i/pc_id_o_reg[4]/D
                                0.12           0.06 f        -0.06  (VIOLATED)
   u_ibex_core/if_stage_i/pc_id_o_reg[6]/D
                                0.12           0.06 f        -0.06  (VIOLATED)
   u_ibex_core/if_stage_i/pc_id_o_reg[8]/D
                                0.12           0.06 f        -0.06  (VIOLATED)
   u_ibex_core/if_stage_i/pc_id_o_reg[10]/D
                                0.12           0.06 f        -0.06  (VIOLATED)
   u_ibex_core/if_stage_i/pc_id_o_reg[12]/D
                                0.12           0.06 f        -0.06  (VIOLATED)
   u_ibex_core/if_stage_i/pc_id_o_reg[14]/D
                                0.12           0.06 f        -0.06  (VIOLATED)
   u_ibex_core/if_stage_i/pc_id_o_reg[26]/D
                                0.12           0.06 f        -0.06  (VIOLATED)
   u_ibex_core/if_stage_i/pc_id_o_reg[28]/D
                                0.12           0.06 f        -0.06  (VIOLATED)
   u_ibex_core/if_stage_i/pc_id_o_reg[30]/D
                                0.12           0.06 f        -0.06  (VIOLATED)
   u_ibex_core/if_stage_i/pc_id_o_reg[24]/D
                                0.12           0.06 f        -0.06  (VIOLATED)
   u_ibex_core/if_stage_i/pc_id_o_reg[16]/D
                                0.12           0.06 f        -0.06  (VIOLATED)
   u_ibex_core/if_stage_i/pc_id_o_reg[18]/D
                                0.12           0.06 f        -0.06  (VIOLATED)
   u_ibex_core/if_stage_i/pc_id_o_reg[20]/D
                                0.12           0.06 f        -0.06  (VIOLATED)
   u_ibex_core/if_stage_i/pc_id_o_reg[22]/D
                                0.12           0.06 f        -0.06  (VIOLATED)
   u_ibex_core/if_stage_i/gen_prefetch_buffer.prefetch_buffer_i/fetch_addr_q_reg[25]/D
                                0.12           0.06 f        -0.06  (VIOLATED)
   u_ibex_core/if_stage_i/gen_prefetch_buffer.prefetch_buffer_i/fetch_addr_q_reg[23]/D
                                0.12           0.06 f        -0.06  (VIOLATED)
   u_ibex_core/if_stage_i/pc_id_o_reg[1]/D
                                0.12           0.06 f        -0.06  (VIOLATED)
   u_ibex_core/if_stage_i/pc_id_o_reg[3]/D
                                0.12           0.06 f        -0.06  (VIOLATED)
   u_ibex_core/if_stage_i/pc_id_o_reg[29]/D
                                0.12           0.06 f        -0.06  (VIOLATED)
   u_ibex_core/if_stage_i/instr_rdata_id_o_reg[11]/D
                                0.12           0.07 f        -0.06  (VIOLATED)
   u_ibex_core/if_stage_i/pc_id_o_reg[2]/D
                                0.12           0.07 f        -0.06  (VIOLATED)
   u_ibex_core/if_stage_i/instr_is_compressed_id_o_reg/D
                                0.12           0.07 f        -0.06  (VIOLATED)
   u_ibex_core/if_stage_i/instr_rdata_c_id_o_reg[7]/D
                                0.12           0.07 f        -0.06  (VIOLATED)
   u_ibex_core/if_stage_i/instr_rdata_c_id_o_reg[2]/D
                                0.12           0.07 f        -0.06  (VIOLATED)
   u_ibex_core/if_stage_i/instr_rdata_c_id_o_reg[8]/D
                                0.12           0.07 f        -0.06  (VIOLATED)
   u_ibex_core/if_stage_i/gen_prefetch_buffer.prefetch_buffer_i/fifo_i/instr_addr_q_reg[20]/D
                                0.12           0.07 f        -0.06  (VIOLATED)
   u_ibex_core/if_stage_i/gen_prefetch_buffer.prefetch_buffer_i/fifo_i/instr_addr_q_reg[28]/D
                                0.12           0.07 f        -0.06  (VIOLATED)
   u_ibex_core/load_store_unit_i/addr_last_q_reg[9]/D
                                0.13           0.08 f        -0.06  (VIOLATED)
   u_ibex_core/if_stage_i/instr_rdata_c_id_o_reg[3]/D
                                0.12           0.07 f        -0.06  (VIOLATED)
   u_ibex_core/if_stage_i/instr_fetch_err_plus2_o_reg/D
                                0.12           0.07 f        -0.06  (VIOLATED)
   u_ibex_core/if_stage_i/gen_prefetch_buffer.prefetch_buffer_i/stored_addr_q_reg[3]/D
                                0.12           0.07 f        -0.06  (VIOLATED)
   u_ibex_core/if_stage_i/gen_prefetch_buffer.prefetch_buffer_i/stored_addr_q_reg[23]/D
                                0.12           0.07 f        -0.06  (VIOLATED)
   u_ibex_core/if_stage_i/gen_prefetch_buffer.prefetch_buffer_i/stored_addr_q_reg[25]/D
                                0.12           0.07 f        -0.06  (VIOLATED)
   u_ibex_core/if_stage_i/gen_prefetch_buffer.prefetch_buffer_i/stored_addr_q_reg[5]/D
                                0.12           0.07 f        -0.05  (VIOLATED)
   u_ibex_core/if_stage_i/gen_prefetch_buffer.prefetch_buffer_i/stored_addr_q_reg[7]/D
                                0.12           0.07 f        -0.05  (VIOLATED)
   u_ibex_core/if_stage_i/gen_prefetch_buffer.prefetch_buffer_i/stored_addr_q_reg[21]/D
                                0.12           0.07 f        -0.05  (VIOLATED)
   u_ibex_core/id_stage_i/imd_val_q_reg[0][8]/D
                                0.13           0.08 f        -0.05  (VIOLATED)
   u_ibex_core/if_stage_i/instr_rdata_id_o_reg[0]/D
                                0.12           0.07 f        -0.05  (VIOLATED)
   u_ibex_core/id_stage_i/imd_val_q_reg[0][14]/D
                                0.13           0.08 f        -0.05  (VIOLATED)
   u_ibex_core/if_stage_i/instr_rdata_id_o_reg[3]/D
                                0.12           0.07 f        -0.05  (VIOLATED)
   u_ibex_core/if_stage_i/instr_rdata_alu_id_o_reg[25]/D
                                0.12           0.07 f        -0.05  (VIOLATED)
   u_ibex_core/if_stage_i/instr_rdata_alu_id_o_reg[26]/D
                                0.12           0.07 f        -0.05  (VIOLATED)
   u_ibex_core/if_stage_i/instr_rdata_alu_id_o_reg[27]/D
                                0.12           0.07 f        -0.05  (VIOLATED)
   u_ibex_core/id_stage_i/imd_val_q_reg[1][10]/D
                                0.13           0.08 f        -0.05  (VIOLATED)
   u_ibex_core/if_stage_i/instr_rdata_alu_id_o_reg[30]/D
                                0.12           0.07 f        -0.05  (VIOLATED)
   u_ibex_core/if_stage_i/gen_prefetch_buffer.prefetch_buffer_i/fetch_addr_q_reg[2]/D
                                0.12           0.07 f        -0.05  (VIOLATED)
   u_ibex_core/cs_registers_i/u_mstack_csr/rdata_q_reg[2]/D
                                0.13           0.08 f        -0.05  (VIOLATED)
   u_ibex_core/wb_stage_i/g_writeback_stage.rf_wdata_wb_q_reg[1]/D
                                0.12           0.07 f        -0.05  (VIOLATED)
   u_ibex_core/load_store_unit_i/data_sign_ext_q_reg/D
                                0.13           0.08 f        -0.05  (VIOLATED)
   u_ibex_core/ex_block_i/gen_multdiv_fast.multdiv_i/op_numerator_q_reg[6]/D
                                0.13           0.08 f        -0.05  (VIOLATED)
   u_ibex_core/ex_block_i/gen_multdiv_fast.multdiv_i/op_numerator_q_reg[19]/D
                                0.13           0.08 f        -0.05  (VIOLATED)
   u_ibex_core/ex_block_i/gen_multdiv_fast.multdiv_i/op_numerator_q_reg[23]/D
                                0.13           0.08 f        -0.05  (VIOLATED)
   u_ibex_core/ex_block_i/gen_multdiv_fast.multdiv_i/op_numerator_q_reg[22]/D
                                0.13           0.08 f        -0.05  (VIOLATED)
   u_ibex_core/ex_block_i/gen_multdiv_fast.multdiv_i/op_numerator_q_reg[26]/D
                                0.13           0.08 f        -0.05  (VIOLATED)
   u_ibex_core/ex_block_i/gen_multdiv_fast.multdiv_i/op_numerator_q_reg[18]/D
                                0.13           0.08 f        -0.05  (VIOLATED)
   u_ibex_core/ex_block_i/gen_multdiv_fast.multdiv_i/op_numerator_q_reg[3]/D
                                0.13           0.08 f        -0.05  (VIOLATED)
   u_ibex_core/ex_block_i/gen_multdiv_fast.multdiv_i/op_numerator_q_reg[11]/D
                                0.13           0.08 f        -0.05  (VIOLATED)
   u_ibex_core/ex_block_i/gen_multdiv_fast.multdiv_i/op_numerator_q_reg[7]/D
                                0.13           0.08 f        -0.05  (VIOLATED)
   u_ibex_core/ex_block_i/gen_multdiv_fast.multdiv_i/op_numerator_q_reg[2]/D
                                0.13           0.08 f        -0.05  (VIOLATED)
   u_ibex_core/ex_block_i/gen_multdiv_fast.multdiv_i/op_numerator_q_reg[30]/D
                                0.13           0.08 f        -0.05  (VIOLATED)
   u_ibex_core/ex_block_i/gen_multdiv_fast.multdiv_i/op_numerator_q_reg[14]/D
                                0.13           0.08 f        -0.05  (VIOLATED)
   u_ibex_core/ex_block_i/gen_multdiv_fast.multdiv_i/op_numerator_q_reg[27]/D
                                0.13           0.08 f        -0.05  (VIOLATED)
   u_ibex_core/ex_block_i/gen_multdiv_fast.multdiv_i/op_numerator_q_reg[15]/D
                                0.13           0.08 f        -0.05  (VIOLATED)
   u_ibex_core/if_stage_i/instr_rdata_alu_id_o_reg[5]/D
                                0.12           0.07 f        -0.05  (VIOLATED)
   u_ibex_core/load_store_unit_i/handle_misaligned_q_reg/D
                                0.13           0.08 f        -0.05  (VIOLATED)
   u_ibex_core/cs_registers_i/minstret_counter_i/counter_q_reg[30]/D
                                0.13           0.08 f        -0.05  (VIOLATED)
   u_ibex_core/if_stage_i/instr_rdata_id_o_reg[5]/D
                                0.12           0.07 f        -0.05  (VIOLATED)
   u_ibex_core/if_stage_i/gen_prefetch_buffer.prefetch_buffer_i/fifo_i/rdata_q_reg[0][0]/D
                                0.12           0.07 f        -0.05  (VIOLATED)
   u_ibex_core/ex_block_i/gen_multdiv_fast.multdiv_i/op_numerator_q_reg[5]/D
                                0.13           0.08 f        -0.05  (VIOLATED)
   u_ibex_core/ex_block_i/gen_multdiv_fast.multdiv_i/op_numerator_q_reg[0]/D
                                0.13           0.08 f        -0.05  (VIOLATED)
   u_ibex_core/ex_block_i/gen_multdiv_fast.multdiv_i/op_numerator_q_reg[1]/D
                                0.13           0.08 f        -0.05  (VIOLATED)
   u_ibex_core/ex_block_i/gen_multdiv_fast.multdiv_i/op_numerator_q_reg[9]/D
                                0.13           0.08 f        -0.05  (VIOLATED)
   u_ibex_core/ex_block_i/gen_multdiv_fast.multdiv_i/op_numerator_q_reg[20]/D
                                0.13           0.08 f        -0.05  (VIOLATED)
   u_ibex_core/ex_block_i/gen_multdiv_fast.multdiv_i/op_numerator_q_reg[25]/D
                                0.13           0.08 f        -0.05  (VIOLATED)
   u_ibex_core/ex_block_i/gen_multdiv_fast.multdiv_i/op_numerator_q_reg[12]/D
                                0.13           0.08 f        -0.05  (VIOLATED)
   u_ibex_core/ex_block_i/gen_multdiv_fast.multdiv_i/op_numerator_q_reg[17]/D
                                0.13           0.08 f        -0.05  (VIOLATED)
   u_ibex_core/ex_block_i/gen_multdiv_fast.multdiv_i/op_numerator_q_reg[4]/D
                                0.13           0.08 f        -0.05  (VIOLATED)
   u_ibex_core/ex_block_i/gen_multdiv_fast.multdiv_i/op_numerator_q_reg[28]/D
                                0.13           0.08 f        -0.05  (VIOLATED)
   u_ibex_core/ex_block_i/gen_multdiv_fast.multdiv_i/op_numerator_q_reg[29]/D
                                0.13           0.08 f        -0.05  (VIOLATED)
   u_ibex_core/ex_block_i/gen_multdiv_fast.multdiv_i/op_numerator_q_reg[8]/D
                                0.13           0.08 f        -0.05  (VIOLATED)
   u_ibex_core/ex_block_i/gen_multdiv_fast.multdiv_i/op_numerator_q_reg[24]/D
                                0.13           0.08 f        -0.05  (VIOLATED)
   u_ibex_core/ex_block_i/gen_multdiv_fast.multdiv_i/op_numerator_q_reg[21]/D
                                0.13           0.08 f        -0.05  (VIOLATED)
   u_ibex_core/ex_block_i/gen_multdiv_fast.multdiv_i/op_numerator_q_reg[16]/D
                                0.13           0.08 f        -0.05  (VIOLATED)
   u_ibex_core/ex_block_i/gen_multdiv_fast.multdiv_i/op_numerator_q_reg[13]/D
                                0.13           0.08 f        -0.05  (VIOLATED)
   u_ibex_core/if_stage_i/gen_prefetch_buffer.prefetch_buffer_i/fetch_addr_q_reg[20]/D
                                0.12           0.07 f        -0.05  (VIOLATED)
   u_ibex_core/if_stage_i/gen_prefetch_buffer.prefetch_buffer_i/fetch_addr_q_reg[28]/D
                                0.12           0.07 f        -0.05  (VIOLATED)
   u_ibex_core/cs_registers_i/u_dscratch1_csr/rdata_q_reg[15]/D
                                0.13           0.08 f        -0.05  (VIOLATED)
   u_ibex_core/cs_registers_i/u_mscratch_csr/rdata_q_reg[6]/D
                                0.13           0.08 f        -0.05  (VIOLATED)
   u_ibex_core/cs_registers_i/mcycle_counter_i/counter_q_reg[63]/D
                                0.13           0.08 f        -0.05  (VIOLATED)
   u_ibex_core/cs_registers_i/u_dcsr_csr/rdata_q_reg[13]/D
                                0.13           0.08 f        -0.05  (VIOLATED)
   u_ibex_core/cs_registers_i/u_dscratch1_csr/rdata_q_reg[30]/D
                                0.13           0.08 f        -0.05  (VIOLATED)
   u_ibex_core/cs_registers_i/u_dscratch1_csr/rdata_q_reg[31]/D
                                0.13           0.08 f        -0.05  (VIOLATED)
   u_ibex_core/cs_registers_i/u_dscratch0_csr/rdata_q_reg[6]/D
                                0.13           0.08 f        -0.05  (VIOLATED)
   u_ibex_core/cs_registers_i/u_dscratch0_csr/rdata_q_reg[8]/D
                                0.13           0.08 f        -0.05  (VIOLATED)
   u_ibex_core/cs_registers_i/u_dscratch0_csr/rdata_q_reg[16]/D
                                0.13           0.08 f        -0.05  (VIOLATED)
   u_ibex_core/cs_registers_i/u_dscratch0_csr/rdata_q_reg[17]/D
                                0.13           0.08 f        -0.05  (VIOLATED)
   u_ibex_core/cs_registers_i/u_dscratch0_csr/rdata_q_reg[20]/D
                                0.13           0.08 f        -0.05  (VIOLATED)
   u_ibex_core/cs_registers_i/u_dscratch1_csr/rdata_q_reg[5]/D
                                0.13           0.08 f        -0.05  (VIOLATED)
   u_ibex_core/cs_registers_i/u_dscratch1_csr/rdata_q_reg[7]/D
                                0.13           0.08 f        -0.05  (VIOLATED)
   u_ibex_core/cs_registers_i/u_dscratch1_csr/rdata_q_reg[8]/D
                                0.13           0.08 f        -0.05  (VIOLATED)
   u_ibex_core/cs_registers_i/u_dscratch1_csr/rdata_q_reg[9]/D
                                0.13           0.08 f        -0.05  (VIOLATED)
   u_ibex_core/cs_registers_i/u_dscratch1_csr/rdata_q_reg[11]/D
                                0.13           0.08 f        -0.05  (VIOLATED)
   u_ibex_core/cs_registers_i/u_dscratch1_csr/rdata_q_reg[14]/D
                                0.13           0.08 f        -0.05  (VIOLATED)
   u_ibex_core/cs_registers_i/u_dscratch1_csr/rdata_q_reg[17]/D
                                0.13           0.08 f        -0.05  (VIOLATED)
   u_ibex_core/cs_registers_i/u_dscratch1_csr/rdata_q_reg[18]/D
                                0.13           0.08 f        -0.05  (VIOLATED)
   u_ibex_core/cs_registers_i/u_dscratch1_csr/rdata_q_reg[19]/D
                                0.13           0.08 f        -0.05  (VIOLATED)
   u_ibex_core/cs_registers_i/u_dscratch1_csr/rdata_q_reg[20]/D
                                0.13           0.08 f        -0.05  (VIOLATED)
   u_ibex_core/cs_registers_i/u_dscratch1_csr/rdata_q_reg[21]/D
                                0.13           0.08 f        -0.05  (VIOLATED)
   u_ibex_core/cs_registers_i/u_dscratch1_csr/rdata_q_reg[22]/D
                                0.13           0.08 f        -0.05  (VIOLATED)
   u_ibex_core/cs_registers_i/u_dscratch1_csr/rdata_q_reg[26]/D
                                0.13           0.08 f        -0.05  (VIOLATED)
   u_ibex_core/cs_registers_i/u_dscratch1_csr/rdata_q_reg[27]/D
                                0.13           0.08 f        -0.05  (VIOLATED)
   u_ibex_core/cs_registers_i/u_dscratch1_csr/rdata_q_reg[29]/D
                                0.13           0.08 f        -0.05  (VIOLATED)
   u_ibex_core/cs_registers_i/u_mscratch_csr/rdata_q_reg[12]/D
                                0.13           0.08 f        -0.05  (VIOLATED)
   u_ibex_core/cs_registers_i/u_mscratch_csr/rdata_q_reg[17]/D
                                0.13           0.08 f        -0.05  (VIOLATED)
   u_ibex_core/cs_registers_i/u_mscratch_csr/rdata_q_reg[19]/D
                                0.13           0.08 f        -0.05  (VIOLATED)
   u_ibex_core/cs_registers_i/u_mscratch_csr/rdata_q_reg[21]/D
                                0.13           0.08 f        -0.05  (VIOLATED)
   u_ibex_core/cs_registers_i/u_mstack_epc_csr/rdata_q_reg[6]/D
                                0.13           0.08 f        -0.05  (VIOLATED)
   u_ibex_core/cs_registers_i/u_mstack_epc_csr/rdata_q_reg[7]/D
                                0.13           0.08 f        -0.05  (VIOLATED)
   u_ibex_core/cs_registers_i/u_mstack_epc_csr/rdata_q_reg[8]/D
                                0.13           0.08 f        -0.05  (VIOLATED)
   u_ibex_core/cs_registers_i/u_mstack_epc_csr/rdata_q_reg[9]/D
                                0.13           0.08 f        -0.05  (VIOLATED)
   u_ibex_core/cs_registers_i/u_mstack_epc_csr/rdata_q_reg[10]/D
                                0.13           0.08 f        -0.05  (VIOLATED)
   u_ibex_core/cs_registers_i/u_mstack_epc_csr/rdata_q_reg[11]/D
                                0.13           0.08 f        -0.05  (VIOLATED)
   u_ibex_core/cs_registers_i/u_mstack_epc_csr/rdata_q_reg[12]/D
                                0.13           0.08 f        -0.05  (VIOLATED)
   u_ibex_core/cs_registers_i/u_mstack_epc_csr/rdata_q_reg[13]/D
                                0.13           0.08 f        -0.05  (VIOLATED)
   u_ibex_core/cs_registers_i/u_mstack_epc_csr/rdata_q_reg[14]/D
                                0.13           0.08 f        -0.05  (VIOLATED)
   u_ibex_core/cs_registers_i/u_mstack_epc_csr/rdata_q_reg[15]/D
                                0.13           0.08 f        -0.05  (VIOLATED)
   u_ibex_core/cs_registers_i/u_mstack_epc_csr/rdata_q_reg[16]/D
                                0.13           0.08 f        -0.05  (VIOLATED)
   u_ibex_core/cs_registers_i/u_mstack_epc_csr/rdata_q_reg[17]/D
                                0.13           0.08 f        -0.05  (VIOLATED)
   u_ibex_core/cs_registers_i/u_mstack_epc_csr/rdata_q_reg[18]/D
                                0.13           0.08 f        -0.05  (VIOLATED)
   u_ibex_core/cs_registers_i/u_mstack_epc_csr/rdata_q_reg[19]/D
                                0.13           0.08 f        -0.05  (VIOLATED)
   u_ibex_core/cs_registers_i/u_mstack_epc_csr/rdata_q_reg[20]/D
                                0.13           0.08 f        -0.05  (VIOLATED)
   u_ibex_core/cs_registers_i/u_mstack_epc_csr/rdata_q_reg[21]/D
                                0.13           0.08 f        -0.05  (VIOLATED)
   u_ibex_core/cs_registers_i/u_mstack_epc_csr/rdata_q_reg[22]/D
                                0.13           0.08 f        -0.05  (VIOLATED)
   u_ibex_core/cs_registers_i/u_mstack_epc_csr/rdata_q_reg[23]/D
                                0.13           0.08 f        -0.05  (VIOLATED)
   u_ibex_core/cs_registers_i/u_mstack_epc_csr/rdata_q_reg[24]/D
                                0.13           0.08 f        -0.05  (VIOLATED)
   u_ibex_core/cs_registers_i/u_mstack_epc_csr/rdata_q_reg[25]/D
                                0.13           0.08 f        -0.05  (VIOLATED)
   u_ibex_core/cs_registers_i/u_mstack_epc_csr/rdata_q_reg[26]/D
                                0.13           0.08 f        -0.05  (VIOLATED)
   u_ibex_core/cs_registers_i/u_mstack_epc_csr/rdata_q_reg[27]/D
                                0.13           0.08 f        -0.05  (VIOLATED)
   u_ibex_core/cs_registers_i/u_mstack_epc_csr/rdata_q_reg[29]/D
                                0.13           0.08 f        -0.05  (VIOLATED)
   u_ibex_core/cs_registers_i/u_mstack_epc_csr/rdata_q_reg[30]/D
                                0.13           0.08 f        -0.05  (VIOLATED)
   u_ibex_core/cs_registers_i/u_mstack_epc_csr/rdata_q_reg[31]/D
                                0.13           0.08 f        -0.05  (VIOLATED)
   u_ibex_core/cs_registers_i/u_mstack_epc_csr/rdata_q_reg[3]/D
                                0.13           0.08 f        -0.05  (VIOLATED)
   u_ibex_core/cs_registers_i/u_mstack_epc_csr/rdata_q_reg[4]/D
                                0.13           0.08 f        -0.05  (VIOLATED)
   u_ibex_core/cs_registers_i/u_mstack_epc_csr/rdata_q_reg[5]/D
                                0.13           0.08 f        -0.05  (VIOLATED)
   u_ibex_core/cs_registers_i/u_mstack_epc_csr/rdata_q_reg[28]/D
                                0.13           0.08 f        -0.05  (VIOLATED)
   u_ibex_core/cs_registers_i/u_mstack_epc_csr/rdata_q_reg[1]/D
                                0.13           0.08 f        -0.05  (VIOLATED)
   u_ibex_core/cs_registers_i/u_mstack_epc_csr/rdata_q_reg[2]/D
                                0.13           0.08 f        -0.05  (VIOLATED)
   u_ibex_core/ex_block_i/gen_multdiv_fast.multdiv_i/div_counter_q_reg[2]/D
                                0.13           0.08 f        -0.05  (VIOLATED)
   u_ibex_core/cs_registers_i/u_dcsr_csr/rdata_q_reg[6]/D
                                0.13           0.08 f        -0.05  (VIOLATED)
   u_ibex_core/cs_registers_i/u_dcsr_csr/rdata_q_reg[7]/D
                                0.13           0.08 f        -0.05  (VIOLATED)
   u_ibex_core/cs_registers_i/u_dcsr_csr/rdata_q_reg[8]/D
                                0.13           0.08 f        -0.05  (VIOLATED)
   u_ibex_core/cs_registers_i/u_mstack_csr/rdata_q_reg[0]/D
                                0.13           0.08 f        -0.05  (VIOLATED)
   u_ibex_core/cs_registers_i/u_mstack_csr/rdata_q_reg[1]/D
                                0.13           0.08 f        -0.05  (VIOLATED)
   u_ibex_core/cs_registers_i/u_dscratch0_csr/rdata_q_reg[2]/D
                                0.13           0.08 f        -0.05  (VIOLATED)
   u_ibex_core/cs_registers_i/u_dscratch0_csr/rdata_q_reg[28]/D
                                0.13           0.08 f        -0.05  (VIOLATED)
   u_ibex_core/cs_registers_i/u_mscratch_csr/rdata_q_reg[8]/D
                                0.13           0.08 f        -0.05  (VIOLATED)
   u_ibex_core/cs_registers_i/u_mscratch_csr/rdata_q_reg[10]/D
                                0.13           0.08 f        -0.05  (VIOLATED)
   u_ibex_core/cs_registers_i/u_mscratch_csr/rdata_q_reg[14]/D
                                0.13           0.08 f        -0.05  (VIOLATED)
   u_ibex_core/cs_registers_i/u_mscratch_csr/rdata_q_reg[29]/D
                                0.13           0.08 f        -0.05  (VIOLATED)
   u_ibex_core/if_stage_i/instr_rdata_id_o_reg[4]/D
                                0.12           0.07 f        -0.05  (VIOLATED)
   u_ibex_core/cs_registers_i/u_dscratch1_csr/rdata_q_reg[1]/D
                                0.13           0.08 f        -0.05  (VIOLATED)
   u_ibex_core/cs_registers_i/u_dscratch0_csr/rdata_q_reg[4]/D
                                0.13           0.08 f        -0.05  (VIOLATED)
   u_ibex_core/cs_registers_i/u_dscratch0_csr/rdata_q_reg[7]/D
                                0.13           0.08 f        -0.05  (VIOLATED)
   u_ibex_core/cs_registers_i/u_dscratch0_csr/rdata_q_reg[9]/D
                                0.13           0.08 f        -0.05  (VIOLATED)
   u_ibex_core/cs_registers_i/u_dscratch0_csr/rdata_q_reg[10]/D
                                0.13           0.08 f        -0.05  (VIOLATED)
   u_ibex_core/cs_registers_i/u_dscratch0_csr/rdata_q_reg[11]/D
                                0.13           0.08 f        -0.05  (VIOLATED)
   u_ibex_core/cs_registers_i/u_dscratch0_csr/rdata_q_reg[14]/D
                                0.13           0.08 f        -0.05  (VIOLATED)
   u_ibex_core/cs_registers_i/u_dscratch0_csr/rdata_q_reg[18]/D
                                0.13           0.08 f        -0.05  (VIOLATED)
   u_ibex_core/cs_registers_i/u_dscratch0_csr/rdata_q_reg[19]/D
                                0.13           0.08 f        -0.05  (VIOLATED)
   u_ibex_core/cs_registers_i/u_dscratch0_csr/rdata_q_reg[21]/D
                                0.13           0.08 f        -0.05  (VIOLATED)
   u_ibex_core/cs_registers_i/u_dscratch0_csr/rdata_q_reg[22]/D
                                0.13           0.08 f        -0.05  (VIOLATED)
   u_ibex_core/cs_registers_i/u_dscratch0_csr/rdata_q_reg[27]/D
                                0.13           0.08 f        -0.05  (VIOLATED)
   u_ibex_core/cs_registers_i/u_dscratch0_csr/rdata_q_reg[29]/D
                                0.13           0.08 f        -0.05  (VIOLATED)
   u_ibex_core/cs_registers_i/u_dscratch0_csr/rdata_q_reg[30]/D
                                0.13           0.08 f        -0.05  (VIOLATED)
   u_ibex_core/cs_registers_i/u_dscratch0_csr/rdata_q_reg[31]/D
                                0.13           0.08 f        -0.05  (VIOLATED)
   u_ibex_core/cs_registers_i/u_dscratch1_csr/rdata_q_reg[2]/D
                                0.13           0.08 f        -0.05  (VIOLATED)
   u_ibex_core/cs_registers_i/u_dscratch1_csr/rdata_q_reg[6]/D
                                0.13           0.08 f        -0.05  (VIOLATED)
   u_ibex_core/cs_registers_i/u_dscratch1_csr/rdata_q_reg[12]/D
                                0.13           0.08 f        -0.05  (VIOLATED)
   u_ibex_core/cs_registers_i/u_dscratch1_csr/rdata_q_reg[16]/D
                                0.13           0.08 f        -0.05  (VIOLATED)
   u_ibex_core/cs_registers_i/u_dscratch1_csr/rdata_q_reg[28]/D
                                0.13           0.08 f        -0.05  (VIOLATED)
   u_ibex_core/cs_registers_i/u_mscratch_csr/rdata_q_reg[1]/D
                                0.13           0.08 f        -0.05  (VIOLATED)
   u_ibex_core/load_store_unit_i/rdata_q_reg[8]/D
                                0.13           0.08 f        -0.05  (VIOLATED)
   u_ibex_core/load_store_unit_i/rdata_q_reg[13]/D
                                0.13           0.08 f        -0.05  (VIOLATED)
   u_ibex_core/load_store_unit_i/rdata_q_reg[14]/D
                                0.13           0.08 f        -0.05  (VIOLATED)
   u_ibex_core/load_store_unit_i/rdata_q_reg[15]/D
                                0.13           0.08 f        -0.05  (VIOLATED)
   u_ibex_core/cs_registers_i/u_dscratch0_csr/rdata_q_reg[12]/D
                                0.13           0.08 f        -0.05  (VIOLATED)
   u_ibex_core/cs_registers_i/u_dscratch1_csr/rdata_q_reg[10]/D
                                0.13           0.08 f        -0.05  (VIOLATED)
   u_ibex_core/cs_registers_i/u_dscratch0_csr/rdata_q_reg[15]/D
                                0.13           0.08 f        -0.05  (VIOLATED)
   u_ibex_core/load_store_unit_i/rdata_q_reg[9]/D
                                0.13           0.08 f        -0.05  (VIOLATED)
   u_ibex_core/load_store_unit_i/rdata_q_reg[10]/D
                                0.13           0.08 f        -0.05  (VIOLATED)
   u_ibex_core/load_store_unit_i/rdata_q_reg[12]/D
                                0.13           0.08 f        -0.05  (VIOLATED)
   u_ibex_core/cs_registers_i/u_dscratch0_csr/rdata_q_reg[3]/D
                                0.13           0.08 f        -0.05  (VIOLATED)
   u_ibex_core/cs_registers_i/u_mscratch_csr/rdata_q_reg[9]/D
                                0.13           0.08 f        -0.05  (VIOLATED)
   u_ibex_core/cs_registers_i/u_mscratch_csr/rdata_q_reg[23]/D
                                0.13           0.08 f        -0.05  (VIOLATED)
   u_ibex_core/if_stage_i/instr_rdata_id_o_reg[9]/D
                                0.12           0.07 f        -0.05  (VIOLATED)
   u_ibex_core/cs_registers_i/u_mstack_cause_csr/rdata_q_reg[6]/D
                                0.13           0.08 f        -0.05  (VIOLATED)
   u_ibex_core/if_stage_i/instr_rdata_alu_id_o_reg[13]/D
                                0.12           0.07 f        -0.05  (VIOLATED)
   u_ibex_core/id_stage_i/controller_i/do_single_step_q_reg/D
                                0.13           0.08 f        -0.05  (VIOLATED)
   u_ibex_core/if_stage_i/gen_prefetch_buffer.prefetch_buffer_i/fifo_i/rdata_q_reg[0][23]/D
                                0.12           0.07 f        -0.05  (VIOLATED)
   u_ibex_core/cs_registers_i/u_dscratch1_csr/rdata_q_reg[23]/D
                                0.13           0.08 f        -0.05  (VIOLATED)
   u_ibex_core/id_stage_i/imd_val_q_reg[0][9]/D
                                0.13           0.08 f        -0.05  (VIOLATED)
   u_ibex_core/load_store_unit_i/rdata_q_reg[11]/D
                                0.13           0.08 f        -0.05  (VIOLATED)
   u_ibex_core/ex_block_i/gen_multdiv_fast.multdiv_i/op_quotient_q_reg[0]/D
                                0.13           0.08 f        -0.05  (VIOLATED)
   u_ibex_core/ex_block_i/gen_multdiv_fast.multdiv_i/op_quotient_q_reg[1]/D
                                0.13           0.08 f        -0.05  (VIOLATED)
   u_ibex_core/ex_block_i/gen_multdiv_fast.multdiv_i/op_quotient_q_reg[2]/D
                                0.13           0.08 f        -0.05  (VIOLATED)
   u_ibex_core/ex_block_i/gen_multdiv_fast.multdiv_i/op_quotient_q_reg[3]/D
                                0.13           0.08 f        -0.05  (VIOLATED)
   u_ibex_core/ex_block_i/gen_multdiv_fast.multdiv_i/op_quotient_q_reg[7]/D
                                0.13           0.08 f        -0.05  (VIOLATED)
   u_ibex_core/ex_block_i/gen_multdiv_fast.multdiv_i/op_quotient_q_reg[9]/D
                                0.13           0.08 f        -0.05  (VIOLATED)
   u_ibex_core/ex_block_i/gen_multdiv_fast.multdiv_i/op_quotient_q_reg[10]/D
                                0.13           0.08 f        -0.05  (VIOLATED)
   u_ibex_core/ex_block_i/gen_multdiv_fast.multdiv_i/op_quotient_q_reg[11]/D
                                0.13           0.08 f        -0.05  (VIOLATED)
   u_ibex_core/ex_block_i/gen_multdiv_fast.multdiv_i/op_quotient_q_reg[14]/D
                                0.13           0.08 f        -0.05  (VIOLATED)
   u_ibex_core/ex_block_i/gen_multdiv_fast.multdiv_i/op_quotient_q_reg[16]/D
                                0.13           0.08 f        -0.05  (VIOLATED)
   u_ibex_core/ex_block_i/gen_multdiv_fast.multdiv_i/op_quotient_q_reg[20]/D
                                0.13           0.08 f        -0.05  (VIOLATED)
   u_ibex_core/ex_block_i/gen_multdiv_fast.multdiv_i/op_quotient_q_reg[23]/D
                                0.13           0.08 f        -0.05  (VIOLATED)
   u_ibex_core/ex_block_i/gen_multdiv_fast.multdiv_i/op_quotient_q_reg[24]/D
                                0.13           0.08 f        -0.05  (VIOLATED)
   u_ibex_core/ex_block_i/gen_multdiv_fast.multdiv_i/op_quotient_q_reg[28]/D
                                0.13           0.08 f        -0.05  (VIOLATED)
   u_ibex_core/ex_block_i/gen_multdiv_fast.multdiv_i/op_quotient_q_reg[30]/D
                                0.13           0.08 f        -0.05  (VIOLATED)
   u_ibex_core/if_stage_i/instr_rdata_id_o_reg[2]/D
                                0.12           0.07 f        -0.05  (VIOLATED)
   u_ibex_core/if_stage_i/instr_rdata_alu_id_o_reg[3]/D
                                0.12           0.07 f        -0.05  (VIOLATED)
   u_ibex_core/id_stage_i/controller_i/load_err_q_reg/D
                                0.13           0.08 f        -0.05  (VIOLATED)
   u_ibex_core/ex_block_i/gen_multdiv_fast.multdiv_i/op_quotient_q_reg[4]/D
                                0.13           0.08 f        -0.05  (VIOLATED)
   u_ibex_core/ex_block_i/gen_multdiv_fast.multdiv_i/op_quotient_q_reg[5]/D
                                0.13           0.08 f        -0.05  (VIOLATED)
   u_ibex_core/ex_block_i/gen_multdiv_fast.multdiv_i/op_quotient_q_reg[6]/D
                                0.13           0.08 f        -0.05  (VIOLATED)
   u_ibex_core/ex_block_i/gen_multdiv_fast.multdiv_i/op_quotient_q_reg[8]/D
                                0.13           0.08 f        -0.05  (VIOLATED)
   u_ibex_core/ex_block_i/gen_multdiv_fast.multdiv_i/op_quotient_q_reg[12]/D
                                0.13           0.08 f        -0.05  (VIOLATED)
   u_ibex_core/ex_block_i/gen_multdiv_fast.multdiv_i/op_quotient_q_reg[13]/D
                                0.13           0.08 f        -0.05  (VIOLATED)
   u_ibex_core/ex_block_i/gen_multdiv_fast.multdiv_i/op_quotient_q_reg[15]/D
                                0.13           0.08 f        -0.05  (VIOLATED)
   u_ibex_core/ex_block_i/gen_multdiv_fast.multdiv_i/op_quotient_q_reg[17]/D
                                0.13           0.08 f        -0.05  (VIOLATED)
   u_ibex_core/ex_block_i/gen_multdiv_fast.multdiv_i/op_quotient_q_reg[18]/D
                                0.13           0.08 f        -0.05  (VIOLATED)
   u_ibex_core/ex_block_i/gen_multdiv_fast.multdiv_i/op_quotient_q_reg[19]/D
                                0.13           0.08 f        -0.05  (VIOLATED)
   u_ibex_core/ex_block_i/gen_multdiv_fast.multdiv_i/op_quotient_q_reg[21]/D
                                0.13           0.08 f        -0.05  (VIOLATED)
   u_ibex_core/ex_block_i/gen_multdiv_fast.multdiv_i/op_quotient_q_reg[22]/D
                                0.13           0.08 f        -0.05  (VIOLATED)
   u_ibex_core/ex_block_i/gen_multdiv_fast.multdiv_i/op_quotient_q_reg[25]/D
                                0.13           0.08 f        -0.05  (VIOLATED)
   u_ibex_core/ex_block_i/gen_multdiv_fast.multdiv_i/op_quotient_q_reg[26]/D
                                0.13           0.08 f        -0.05  (VIOLATED)
   u_ibex_core/ex_block_i/gen_multdiv_fast.multdiv_i/op_quotient_q_reg[27]/D
                                0.13           0.08 f        -0.05  (VIOLATED)
   u_ibex_core/ex_block_i/gen_multdiv_fast.multdiv_i/op_quotient_q_reg[29]/D
                                0.13           0.08 f        -0.05  (VIOLATED)
   u_ibex_core/ex_block_i/gen_multdiv_fast.multdiv_i/op_quotient_q_reg[31]/D
                                0.13           0.08 f        -0.05  (VIOLATED)
   u_ibex_core/ex_block_i/gen_multdiv_fast.multdiv_i/div_counter_q_reg[1]/D
                                0.13           0.08 f        -0.05  (VIOLATED)
   u_ibex_core/if_stage_i/instr_rdata_id_o_reg[1]/D
                                0.12           0.07 f        -0.05  (VIOLATED)
   u_ibex_core/if_stage_i/instr_rdata_c_id_o_reg[10]/D
                                0.12           0.07 f        -0.05  (VIOLATED)
   u_ibex_core/if_stage_i/instr_rdata_c_id_o_reg[12]/D
                                0.12           0.07 f        -0.05  (VIOLATED)
   u_ibex_core/if_stage_i/instr_rdata_c_id_o_reg[5]/D
                                0.12           0.07 f        -0.05  (VIOLATED)
   u_ibex_core/if_stage_i/instr_rdata_c_id_o_reg[4]/D
                                0.12           0.07 f        -0.05  (VIOLATED)
   u_ibex_core/if_stage_i/gen_prefetch_buffer.prefetch_buffer_i/fifo_i/rdata_q_reg[0][28]/D
                                0.12           0.07 f        -0.05  (VIOLATED)
   u_ibex_core/if_stage_i/gen_prefetch_buffer.prefetch_buffer_i/fifo_i/rdata_q_reg[0][30]/D
                                0.12           0.07 f        -0.05  (VIOLATED)
   u_ibex_core/cs_registers_i/u_dscratch0_csr/rdata_q_reg[1]/D
                                0.13           0.08 f        -0.05  (VIOLATED)
   u_ibex_core/cs_registers_i/u_dscratch0_csr/rdata_q_reg[23]/D
                                0.13           0.08 f        -0.05  (VIOLATED)
   u_ibex_core/cs_registers_i/u_dscratch0_csr/rdata_q_reg[25]/D
                                0.13           0.08 f        -0.05  (VIOLATED)
   u_ibex_core/cs_registers_i/u_dscratch0_csr/rdata_q_reg[26]/D
                                0.13           0.08 f        -0.05  (VIOLATED)
   u_ibex_core/cs_registers_i/u_dscratch1_csr/rdata_q_reg[0]/D
                                0.13           0.08 f        -0.05  (VIOLATED)
   u_ibex_core/cs_registers_i/u_dscratch1_csr/rdata_q_reg[3]/D
                                0.13           0.08 f        -0.05  (VIOLATED)
   u_ibex_core/cs_registers_i/u_dscratch1_csr/rdata_q_reg[4]/D
                                0.13           0.08 f        -0.05  (VIOLATED)
   u_ibex_core/cs_registers_i/u_dscratch1_csr/rdata_q_reg[13]/D
                                0.13           0.08 f        -0.05  (VIOLATED)
   u_ibex_core/cs_registers_i/u_dscratch1_csr/rdata_q_reg[24]/D
                                0.13           0.08 f        -0.05  (VIOLATED)
   u_ibex_core/cs_registers_i/u_dscratch1_csr/rdata_q_reg[25]/D
                                0.13           0.08 f        -0.05  (VIOLATED)
   u_ibex_core/cs_registers_i/u_mscratch_csr/rdata_q_reg[0]/D
                                0.13           0.08 f        -0.05  (VIOLATED)
   u_ibex_core/cs_registers_i/u_mscratch_csr/rdata_q_reg[2]/D
                                0.13           0.08 f        -0.05  (VIOLATED)
   u_ibex_core/cs_registers_i/u_mscratch_csr/rdata_q_reg[3]/D
                                0.13           0.08 f        -0.05  (VIOLATED)
   u_ibex_core/cs_registers_i/u_mscratch_csr/rdata_q_reg[4]/D
                                0.13           0.08 f        -0.05  (VIOLATED)
   u_ibex_core/cs_registers_i/u_mscratch_csr/rdata_q_reg[5]/D
                                0.13           0.08 f        -0.05  (VIOLATED)
   u_ibex_core/cs_registers_i/u_mscratch_csr/rdata_q_reg[7]/D
                                0.13           0.08 f        -0.05  (VIOLATED)
   u_ibex_core/cs_registers_i/u_mscratch_csr/rdata_q_reg[11]/D
                                0.13           0.08 f        -0.05  (VIOLATED)
   u_ibex_core/cs_registers_i/u_mscratch_csr/rdata_q_reg[13]/D
                                0.13           0.08 f        -0.05  (VIOLATED)
   u_ibex_core/cs_registers_i/u_mscratch_csr/rdata_q_reg[15]/D
                                0.13           0.08 f        -0.05  (VIOLATED)
   u_ibex_core/cs_registers_i/u_mscratch_csr/rdata_q_reg[16]/D
                                0.13           0.08 f        -0.05  (VIOLATED)
   u_ibex_core/cs_registers_i/u_mscratch_csr/rdata_q_reg[18]/D
                                0.13           0.08 f        -0.05  (VIOLATED)
   u_ibex_core/cs_registers_i/u_mscratch_csr/rdata_q_reg[20]/D
                                0.13           0.08 f        -0.05  (VIOLATED)
   u_ibex_core/cs_registers_i/u_mscratch_csr/rdata_q_reg[22]/D
                                0.13           0.08 f        -0.05  (VIOLATED)
   u_ibex_core/cs_registers_i/u_mscratch_csr/rdata_q_reg[24]/D
                                0.13           0.08 f        -0.05  (VIOLATED)
   u_ibex_core/cs_registers_i/u_mscratch_csr/rdata_q_reg[25]/D
                                0.13           0.08 f        -0.05  (VIOLATED)
   u_ibex_core/cs_registers_i/u_mscratch_csr/rdata_q_reg[26]/D
                                0.13           0.08 f        -0.05  (VIOLATED)
   u_ibex_core/cs_registers_i/u_mscratch_csr/rdata_q_reg[27]/D
                                0.13           0.08 f        -0.05  (VIOLATED)
   u_ibex_core/cs_registers_i/u_mscratch_csr/rdata_q_reg[28]/D
                                0.13           0.08 f        -0.05  (VIOLATED)
   u_ibex_core/cs_registers_i/u_mstack_cause_csr/rdata_q_reg[5]/D
                                0.13           0.08 f        -0.05  (VIOLATED)
   u_ibex_core/cs_registers_i/u_mstack_cause_csr/rdata_q_reg[0]/D
                                0.13           0.08 f        -0.05  (VIOLATED)
   u_ibex_core/cs_registers_i/u_mstack_cause_csr/rdata_q_reg[2]/D
                                0.13           0.08 f        -0.05  (VIOLATED)
   u_ibex_core/cs_registers_i/u_mie_csr/rdata_q_reg[13]/D
                                0.13           0.08 f        -0.05  (VIOLATED)
   gen_regfile_ff.register_file_i/g_rf_flops[2].rf_reg_q_reg[13]/D
                                0.13           0.08 f        -0.05  (VIOLATED)
   gen_regfile_ff.register_file_i/g_rf_flops[6].rf_reg_q_reg[5]/D
                                0.13           0.08 f        -0.05  (VIOLATED)
   gen_regfile_ff.register_file_i/g_rf_flops[6].rf_reg_q_reg[7]/D
                                0.13           0.08 f        -0.05  (VIOLATED)
   gen_regfile_ff.register_file_i/g_rf_flops[7].rf_reg_q_reg[26]/D
                                0.13           0.08 f        -0.05  (VIOLATED)
   gen_regfile_ff.register_file_i/g_rf_flops[8].rf_reg_q_reg[24]/D
                                0.13           0.08 f        -0.05  (VIOLATED)
   gen_regfile_ff.register_file_i/g_rf_flops[9].rf_reg_q_reg[4]/D
                                0.13           0.08 f        -0.05  (VIOLATED)
   gen_regfile_ff.register_file_i/g_rf_flops[19].rf_reg_q_reg[21]/D
                                0.13           0.08 f        -0.05  (VIOLATED)
   gen_regfile_ff.register_file_i/g_rf_flops[20].rf_reg_q_reg[8]/D
                                0.13           0.08 f        -0.05  (VIOLATED)
   gen_regfile_ff.register_file_i/g_rf_flops[21].rf_reg_q_reg[16]/D
                                0.13           0.08 f        -0.05  (VIOLATED)
   gen_regfile_ff.register_file_i/g_rf_flops[21].rf_reg_q_reg[22]/D
                                0.13           0.08 f        -0.05  (VIOLATED)
   gen_regfile_ff.register_file_i/g_rf_flops[22].rf_reg_q_reg[12]/D
                                0.13           0.08 f        -0.05  (VIOLATED)
   gen_regfile_ff.register_file_i/g_rf_flops[22].rf_reg_q_reg[18]/D
                                0.13           0.08 f        -0.05  (VIOLATED)
   gen_regfile_ff.register_file_i/g_rf_flops[25].rf_reg_q_reg[11]/D
                                0.13           0.08 f        -0.05  (VIOLATED)
   gen_regfile_ff.register_file_i/g_rf_flops[29].rf_reg_q_reg[17]/D
                                0.13           0.08 f        -0.05  (VIOLATED)
   gen_regfile_ff.register_file_i/g_rf_flops[31].rf_reg_q_reg[30]/D
                                0.13           0.08 f        -0.05  (VIOLATED)
   gen_regfile_ff.register_file_i/g_rf_flops[1].rf_reg_q_reg[31]/D
                                0.13           0.08 f        -0.05  (VIOLATED)
   gen_regfile_ff.register_file_i/g_rf_flops[3].rf_reg_q_reg[31]/D
                                0.13           0.08 f        -0.05  (VIOLATED)
   u_ibex_core/cs_registers_i/u_dscratch0_csr/rdata_q_reg[5]/D
                                0.13           0.08 f        -0.05  (VIOLATED)
   u_ibex_core/cs_registers_i/u_mscratch_csr/rdata_q_reg[30]/D
                                0.13           0.08 f        -0.05  (VIOLATED)
   u_ibex_core/cs_registers_i/u_mscratch_csr/rdata_q_reg[31]/D
                                0.13           0.08 f        -0.05  (VIOLATED)
   u_ibex_core/cs_registers_i/mcycle_counter_i/counter_q_reg[62]/D
                                0.13           0.08 f        -0.05  (VIOLATED)
   gen_regfile_ff.register_file_i/g_rf_flops[1].rf_reg_q_reg[5]/D
                                0.13           0.08 f        -0.05  (VIOLATED)
   gen_regfile_ff.register_file_i/g_rf_flops[1].rf_reg_q_reg[6]/D
                                0.13           0.08 f        -0.05  (VIOLATED)
   gen_regfile_ff.register_file_i/g_rf_flops[1].rf_reg_q_reg[7]/D
                                0.13           0.08 f        -0.05  (VIOLATED)
   gen_regfile_ff.register_file_i/g_rf_flops[1].rf_reg_q_reg[9]/D
                                0.13           0.08 f        -0.05  (VIOLATED)
   gen_regfile_ff.register_file_i/g_rf_flops[1].rf_reg_q_reg[11]/D
                                0.13           0.08 f        -0.05  (VIOLATED)
   gen_regfile_ff.register_file_i/g_rf_flops[1].rf_reg_q_reg[14]/D
                                0.13           0.08 f        -0.05  (VIOLATED)
   gen_regfile_ff.register_file_i/g_rf_flops[1].rf_reg_q_reg[15]/D
                                0.13           0.08 f        -0.05  (VIOLATED)
   gen_regfile_ff.register_file_i/g_rf_flops[1].rf_reg_q_reg[16]/D
                                0.13           0.08 f        -0.05  (VIOLATED)
   gen_regfile_ff.register_file_i/g_rf_flops[1].rf_reg_q_reg[21]/D
                                0.13           0.08 f        -0.05  (VIOLATED)
   gen_regfile_ff.register_file_i/g_rf_flops[1].rf_reg_q_reg[24]/D
                                0.13           0.08 f        -0.05  (VIOLATED)
   gen_regfile_ff.register_file_i/g_rf_flops[1].rf_reg_q_reg[27]/D
                                0.13           0.08 f        -0.05  (VIOLATED)
   gen_regfile_ff.register_file_i/g_rf_flops[1].rf_reg_q_reg[29]/D
                                0.13           0.08 f        -0.05  (VIOLATED)
   gen_regfile_ff.register_file_i/g_rf_flops[1].rf_reg_q_reg[30]/D
                                0.13           0.08 f        -0.05  (VIOLATED)
   gen_regfile_ff.register_file_i/g_rf_flops[2].rf_reg_q_reg[8]/D
                                0.13           0.08 f        -0.05  (VIOLATED)
   gen_regfile_ff.register_file_i/g_rf_flops[2].rf_reg_q_reg[16]/D
                                0.13           0.08 f        -0.05  (VIOLATED)
   gen_regfile_ff.register_file_i/g_rf_flops[2].rf_reg_q_reg[18]/D
                                0.13           0.08 f        -0.05  (VIOLATED)
   gen_regfile_ff.register_file_i/g_rf_flops[2].rf_reg_q_reg[20]/D
                                0.13           0.08 f        -0.05  (VIOLATED)
   gen_regfile_ff.register_file_i/g_rf_flops[2].rf_reg_q_reg[28]/D
                                0.13           0.08 f        -0.05  (VIOLATED)
   gen_regfile_ff.register_file_i/g_rf_flops[2].rf_reg_q_reg[30]/D
                                0.13           0.08 f        -0.05  (VIOLATED)
   gen_regfile_ff.register_file_i/g_rf_flops[3].rf_reg_q_reg[10]/D
                                0.13           0.08 f        -0.05  (VIOLATED)
   gen_regfile_ff.register_file_i/g_rf_flops[3].rf_reg_q_reg[20]/D
                                0.13           0.08 f        -0.05  (VIOLATED)
   gen_regfile_ff.register_file_i/g_rf_flops[4].rf_reg_q_reg[7]/D
                                0.13           0.08 f        -0.05  (VIOLATED)
   gen_regfile_ff.register_file_i/g_rf_flops[4].rf_reg_q_reg[14]/D
                                0.13           0.08 f        -0.05  (VIOLATED)
   gen_regfile_ff.register_file_i/g_rf_flops[4].rf_reg_q_reg[17]/D
                                0.13           0.08 f        -0.05  (VIOLATED)
   gen_regfile_ff.register_file_i/g_rf_flops[4].rf_reg_q_reg[20]/D
                                0.13           0.08 f        -0.05  (VIOLATED)
   gen_regfile_ff.register_file_i/g_rf_flops[6].rf_reg_q_reg[2]/D
                                0.13           0.08 f        -0.05  (VIOLATED)
   gen_regfile_ff.register_file_i/g_rf_flops[6].rf_reg_q_reg[3]/D
                                0.13           0.08 f        -0.05  (VIOLATED)
   gen_regfile_ff.register_file_i/g_rf_flops[6].rf_reg_q_reg[4]/D
                                0.13           0.08 f        -0.05  (VIOLATED)
   gen_regfile_ff.register_file_i/g_rf_flops[6].rf_reg_q_reg[22]/D
                                0.13           0.08 f        -0.05  (VIOLATED)
   gen_regfile_ff.register_file_i/g_rf_flops[6].rf_reg_q_reg[23]/D
                                0.13           0.08 f        -0.05  (VIOLATED)
   gen_regfile_ff.register_file_i/g_rf_flops[6].rf_reg_q_reg[26]/D
                                0.13           0.08 f        -0.05  (VIOLATED)
   gen_regfile_ff.register_file_i/g_rf_flops[6].rf_reg_q_reg[29]/D
                                0.13           0.08 f        -0.05  (VIOLATED)
   gen_regfile_ff.register_file_i/g_rf_flops[7].rf_reg_q_reg[2]/D
                                0.13           0.08 f        -0.05  (VIOLATED)
   gen_regfile_ff.register_file_i/g_rf_flops[7].rf_reg_q_reg[3]/D
                                0.13           0.08 f        -0.05  (VIOLATED)
   gen_regfile_ff.register_file_i/g_rf_flops[7].rf_reg_q_reg[9]/D
                                0.13           0.08 f        -0.05  (VIOLATED)
   gen_regfile_ff.register_file_i/g_rf_flops[7].rf_reg_q_reg[10]/D
                                0.13           0.08 f        -0.05  (VIOLATED)
   gen_regfile_ff.register_file_i/g_rf_flops[7].rf_reg_q_reg[12]/D
                                0.13           0.08 f        -0.05  (VIOLATED)
   gen_regfile_ff.register_file_i/g_rf_flops[7].rf_reg_q_reg[25]/D
                                0.13           0.08 f        -0.05  (VIOLATED)
   gen_regfile_ff.register_file_i/g_rf_flops[7].rf_reg_q_reg[29]/D
                                0.13           0.08 f        -0.05  (VIOLATED)
   gen_regfile_ff.register_file_i/g_rf_flops[8].rf_reg_q_reg[5]/D
                                0.13           0.08 f        -0.05  (VIOLATED)
   gen_regfile_ff.register_file_i/g_rf_flops[8].rf_reg_q_reg[6]/D
                                0.13           0.08 f        -0.05  (VIOLATED)
   gen_regfile_ff.register_file_i/g_rf_flops[8].rf_reg_q_reg[13]/D
                                0.13           0.08 f        -0.05  (VIOLATED)
   gen_regfile_ff.register_file_i/g_rf_flops[8].rf_reg_q_reg[15]/D
                                0.13           0.08 f        -0.05  (VIOLATED)
   gen_regfile_ff.register_file_i/g_rf_flops[8].rf_reg_q_reg[18]/D
                                0.13           0.08 f        -0.05  (VIOLATED)
   gen_regfile_ff.register_file_i/g_rf_flops[8].rf_reg_q_reg[25]/D
                                0.13           0.08 f        -0.05  (VIOLATED)
   gen_regfile_ff.register_file_i/g_rf_flops[9].rf_reg_q_reg[16]/D
                                0.13           0.08 f        -0.05  (VIOLATED)
   gen_regfile_ff.register_file_i/g_rf_flops[9].rf_reg_q_reg[17]/D
                                0.13           0.08 f        -0.05  (VIOLATED)
   gen_regfile_ff.register_file_i/g_rf_flops[9].rf_reg_q_reg[20]/D
                                0.13           0.08 f        -0.05  (VIOLATED)
   gen_regfile_ff.register_file_i/g_rf_flops[9].rf_reg_q_reg[26]/D
                                0.13           0.08 f        -0.05  (VIOLATED)
   gen_regfile_ff.register_file_i/g_rf_flops[9].rf_reg_q_reg[27]/D
                                0.13           0.08 f        -0.05  (VIOLATED)
   gen_regfile_ff.register_file_i/g_rf_flops[10].rf_reg_q_reg[4]/D
                                0.13           0.08 f        -0.05  (VIOLATED)
   gen_regfile_ff.register_file_i/g_rf_flops[10].rf_reg_q_reg[5]/D
                                0.13           0.08 f        -0.05  (VIOLATED)
   gen_regfile_ff.register_file_i/g_rf_flops[10].rf_reg_q_reg[7]/D
                                0.13           0.08 f        -0.05  (VIOLATED)
   gen_regfile_ff.register_file_i/g_rf_flops[10].rf_reg_q_reg[9]/D
                                0.13           0.08 f        -0.05  (VIOLATED)
   gen_regfile_ff.register_file_i/g_rf_flops[10].rf_reg_q_reg[13]/D
                                0.13           0.08 f        -0.05  (VIOLATED)
   gen_regfile_ff.register_file_i/g_rf_flops[10].rf_reg_q_reg[15]/D
                                0.13           0.08 f        -0.05  (VIOLATED)
   gen_regfile_ff.register_file_i/g_rf_flops[10].rf_reg_q_reg[17]/D
                                0.13           0.08 f        -0.05  (VIOLATED)
   gen_regfile_ff.register_file_i/g_rf_flops[10].rf_reg_q_reg[18]/D
                                0.13           0.08 f        -0.05  (VIOLATED)
   gen_regfile_ff.register_file_i/g_rf_flops[10].rf_reg_q_reg[19]/D
                                0.13           0.08 f        -0.05  (VIOLATED)
   gen_regfile_ff.register_file_i/g_rf_flops[10].rf_reg_q_reg[20]/D
                                0.13           0.08 f        -0.05  (VIOLATED)
   gen_regfile_ff.register_file_i/g_rf_flops[10].rf_reg_q_reg[26]/D
                                0.13           0.08 f        -0.05  (VIOLATED)
   gen_regfile_ff.register_file_i/g_rf_flops[11].rf_reg_q_reg[2]/D
                                0.13           0.08 f        -0.05  (VIOLATED)
   gen_regfile_ff.register_file_i/g_rf_flops[11].rf_reg_q_reg[4]/D
                                0.13           0.08 f        -0.05  (VIOLATED)
   gen_regfile_ff.register_file_i/g_rf_flops[11].rf_reg_q_reg[5]/D
                                0.13           0.08 f        -0.05  (VIOLATED)
   gen_regfile_ff.register_file_i/g_rf_flops[11].rf_reg_q_reg[7]/D
                                0.13           0.08 f        -0.05  (VIOLATED)
   gen_regfile_ff.register_file_i/g_rf_flops[11].rf_reg_q_reg[10]/D
                                0.13           0.08 f        -0.05  (VIOLATED)
   gen_regfile_ff.register_file_i/g_rf_flops[11].rf_reg_q_reg[11]/D
                                0.13           0.08 f        -0.05  (VIOLATED)
   gen_regfile_ff.register_file_i/g_rf_flops[11].rf_reg_q_reg[14]/D
                                0.13           0.08 f        -0.05  (VIOLATED)
   gen_regfile_ff.register_file_i/g_rf_flops[11].rf_reg_q_reg[15]/D
                                0.13           0.08 f        -0.05  (VIOLATED)
   gen_regfile_ff.register_file_i/g_rf_flops[11].rf_reg_q_reg[16]/D
                                0.13           0.08 f        -0.05  (VIOLATED)
   gen_regfile_ff.register_file_i/g_rf_flops[11].rf_reg_q_reg[17]/D
                                0.13           0.08 f        -0.05  (VIOLATED)
   gen_regfile_ff.register_file_i/g_rf_flops[11].rf_reg_q_reg[22]/D
                                0.13           0.08 f        -0.05  (VIOLATED)
   gen_regfile_ff.register_file_i/g_rf_flops[11].rf_reg_q_reg[26]/D
                                0.13           0.08 f        -0.05  (VIOLATED)
   gen_regfile_ff.register_file_i/g_rf_flops[11].rf_reg_q_reg[27]/D
                                0.13           0.08 f        -0.05  (VIOLATED)
   gen_regfile_ff.register_file_i/g_rf_flops[12].rf_reg_q_reg[3]/D
                                0.13           0.08 f        -0.05  (VIOLATED)
   gen_regfile_ff.register_file_i/g_rf_flops[12].rf_reg_q_reg[10]/D
                                0.13           0.08 f        -0.05  (VIOLATED)
   gen_regfile_ff.register_file_i/g_rf_flops[12].rf_reg_q_reg[12]/D
                                0.13           0.08 f        -0.05  (VIOLATED)
   gen_regfile_ff.register_file_i/g_rf_flops[12].rf_reg_q_reg[22]/D
                                0.13           0.08 f        -0.05  (VIOLATED)
   gen_regfile_ff.register_file_i/g_rf_flops[12].rf_reg_q_reg[23]/D
                                0.13           0.08 f        -0.05  (VIOLATED)
   gen_regfile_ff.register_file_i/g_rf_flops[12].rf_reg_q_reg[24]/D
                                0.13           0.08 f        -0.05  (VIOLATED)
   gen_regfile_ff.register_file_i/g_rf_flops[12].rf_reg_q_reg[25]/D
                                0.13           0.08 f        -0.05  (VIOLATED)
   gen_regfile_ff.register_file_i/g_rf_flops[12].rf_reg_q_reg[26]/D
                                0.13           0.08 f        -0.05  (VIOLATED)
   gen_regfile_ff.register_file_i/g_rf_flops[12].rf_reg_q_reg[27]/D
                                0.13           0.08 f        -0.05  (VIOLATED)
   gen_regfile_ff.register_file_i/g_rf_flops[12].rf_reg_q_reg[28]/D
                                0.13           0.08 f        -0.05  (VIOLATED)
   gen_regfile_ff.register_file_i/g_rf_flops[13].rf_reg_q_reg[12]/D
                                0.13           0.08 f        -0.05  (VIOLATED)
   gen_regfile_ff.register_file_i/g_rf_flops[13].rf_reg_q_reg[18]/D
                                0.13           0.08 f        -0.05  (VIOLATED)
   gen_regfile_ff.register_file_i/g_rf_flops[13].rf_reg_q_reg[19]/D
                                0.13           0.08 f        -0.05  (VIOLATED)
   gen_regfile_ff.register_file_i/g_rf_flops[14].rf_reg_q_reg[15]/D
                                0.13           0.08 f        -0.05  (VIOLATED)
   gen_regfile_ff.register_file_i/g_rf_flops[14].rf_reg_q_reg[19]/D
                                0.13           0.08 f        -0.05  (VIOLATED)
   gen_regfile_ff.register_file_i/g_rf_flops[14].rf_reg_q_reg[20]/D
                                0.13           0.08 f        -0.05  (VIOLATED)
   gen_regfile_ff.register_file_i/g_rf_flops[14].rf_reg_q_reg[21]/D
                                0.13           0.08 f        -0.05  (VIOLATED)
   gen_regfile_ff.register_file_i/g_rf_flops[14].rf_reg_q_reg[28]/D
                                0.13           0.08 f        -0.05  (VIOLATED)
   gen_regfile_ff.register_file_i/g_rf_flops[15].rf_reg_q_reg[10]/D
                                0.13           0.08 f        -0.05  (VIOLATED)
   gen_regfile_ff.register_file_i/g_rf_flops[15].rf_reg_q_reg[14]/D
                                0.13           0.08 f        -0.05  (VIOLATED)
   gen_regfile_ff.register_file_i/g_rf_flops[15].rf_reg_q_reg[16]/D
                                0.13           0.08 f        -0.05  (VIOLATED)
   gen_regfile_ff.register_file_i/g_rf_flops[15].rf_reg_q_reg[19]/D
                                0.13           0.08 f        -0.05  (VIOLATED)
   gen_regfile_ff.register_file_i/g_rf_flops[15].rf_reg_q_reg[22]/D
                                0.13           0.08 f        -0.05  (VIOLATED)
   gen_regfile_ff.register_file_i/g_rf_flops[15].rf_reg_q_reg[23]/D
                                0.13           0.08 f        -0.05  (VIOLATED)
   gen_regfile_ff.register_file_i/g_rf_flops[15].rf_reg_q_reg[24]/D
                                0.13           0.08 f        -0.05  (VIOLATED)
   gen_regfile_ff.register_file_i/g_rf_flops[15].rf_reg_q_reg[25]/D
                                0.13           0.08 f        -0.05  (VIOLATED)
   gen_regfile_ff.register_file_i/g_rf_flops[15].rf_reg_q_reg[26]/D
                                0.13           0.08 f        -0.05  (VIOLATED)
   gen_regfile_ff.register_file_i/g_rf_flops[15].rf_reg_q_reg[28]/D
                                0.13           0.08 f        -0.05  (VIOLATED)
   gen_regfile_ff.register_file_i/g_rf_flops[15].rf_reg_q_reg[29]/D
                                0.13           0.08 f        -0.05  (VIOLATED)
   gen_regfile_ff.register_file_i/g_rf_flops[15].rf_reg_q_reg[30]/D
                                0.13           0.08 f        -0.05  (VIOLATED)
   gen_regfile_ff.register_file_i/g_rf_flops[17].rf_reg_q_reg[6]/D
                                0.13           0.08 f        -0.05  (VIOLATED)
   gen_regfile_ff.register_file_i/g_rf_flops[17].rf_reg_q_reg[13]/D
                                0.13           0.08 f        -0.05  (VIOLATED)
   gen_regfile_ff.register_file_i/g_rf_flops[17].rf_reg_q_reg[28]/D
                                0.13           0.08 f        -0.05  (VIOLATED)
   gen_regfile_ff.register_file_i/g_rf_flops[18].rf_reg_q_reg[10]/D
                                0.13           0.08 f        -0.05  (VIOLATED)
   gen_regfile_ff.register_file_i/g_rf_flops[19].rf_reg_q_reg[3]/D
                                0.13           0.08 f        -0.05  (VIOLATED)
   gen_regfile_ff.register_file_i/g_rf_flops[19].rf_reg_q_reg[4]/D
                                0.13           0.08 f        -0.05  (VIOLATED)
   gen_regfile_ff.register_file_i/g_rf_flops[19].rf_reg_q_reg[6]/D
                                0.13           0.08 f        -0.05  (VIOLATED)
   gen_regfile_ff.register_file_i/g_rf_flops[19].rf_reg_q_reg[7]/D
                                0.13           0.08 f        -0.05  (VIOLATED)
   gen_regfile_ff.register_file_i/g_rf_flops[19].rf_reg_q_reg[8]/D
                                0.13           0.08 f        -0.05  (VIOLATED)
   gen_regfile_ff.register_file_i/g_rf_flops[19].rf_reg_q_reg[9]/D
                                0.13           0.08 f        -0.05  (VIOLATED)
   gen_regfile_ff.register_file_i/g_rf_flops[19].rf_reg_q_reg[10]/D
                                0.13           0.08 f        -0.05  (VIOLATED)
   gen_regfile_ff.register_file_i/g_rf_flops[19].rf_reg_q_reg[12]/D
                                0.13           0.08 f        -0.05  (VIOLATED)
   gen_regfile_ff.register_file_i/g_rf_flops[19].rf_reg_q_reg[13]/D
                                0.13           0.08 f        -0.05  (VIOLATED)
   gen_regfile_ff.register_file_i/g_rf_flops[19].rf_reg_q_reg[14]/D
                                0.13           0.08 f        -0.05  (VIOLATED)
   gen_regfile_ff.register_file_i/g_rf_flops[19].rf_reg_q_reg[15]/D
                                0.13           0.08 f        -0.05  (VIOLATED)
   gen_regfile_ff.register_file_i/g_rf_flops[19].rf_reg_q_reg[17]/D
                                0.13           0.08 f        -0.05  (VIOLATED)
   gen_regfile_ff.register_file_i/g_rf_flops[19].rf_reg_q_reg[18]/D
                                0.13           0.08 f        -0.05  (VIOLATED)
   gen_regfile_ff.register_file_i/g_rf_flops[19].rf_reg_q_reg[23]/D
                                0.13           0.08 f        -0.05  (VIOLATED)
   gen_regfile_ff.register_file_i/g_rf_flops[19].rf_reg_q_reg[24]/D
                                0.13           0.08 f        -0.05  (VIOLATED)
   gen_regfile_ff.register_file_i/g_rf_flops[19].rf_reg_q_reg[25]/D
                                0.13           0.08 f        -0.05  (VIOLATED)
   gen_regfile_ff.register_file_i/g_rf_flops[19].rf_reg_q_reg[28]/D
                                0.13           0.08 f        -0.05  (VIOLATED)
   gen_regfile_ff.register_file_i/g_rf_flops[19].rf_reg_q_reg[29]/D
                                0.13           0.08 f        -0.05  (VIOLATED)
   gen_regfile_ff.register_file_i/g_rf_flops[20].rf_reg_q_reg[12]/D
                                0.13           0.08 f        -0.05  (VIOLATED)
   gen_regfile_ff.register_file_i/g_rf_flops[20].rf_reg_q_reg[20]/D
                                0.13           0.08 f        -0.05  (VIOLATED)
   gen_regfile_ff.register_file_i/g_rf_flops[20].rf_reg_q_reg[21]/D
                                0.13           0.08 f        -0.05  (VIOLATED)
   gen_regfile_ff.register_file_i/g_rf_flops[20].rf_reg_q_reg[22]/D
                                0.13           0.08 f        -0.05  (VIOLATED)
   gen_regfile_ff.register_file_i/g_rf_flops[20].rf_reg_q_reg[25]/D
                                0.13           0.08 f        -0.05  (VIOLATED)
   gen_regfile_ff.register_file_i/g_rf_flops[20].rf_reg_q_reg[26]/D
                                0.13           0.08 f        -0.05  (VIOLATED)
   gen_regfile_ff.register_file_i/g_rf_flops[21].rf_reg_q_reg[2]/D
                                0.13           0.08 f        -0.05  (VIOLATED)
   gen_regfile_ff.register_file_i/g_rf_flops[21].rf_reg_q_reg[5]/D
                                0.13           0.08 f        -0.05  (VIOLATED)
   gen_regfile_ff.register_file_i/g_rf_flops[21].rf_reg_q_reg[6]/D
                                0.13           0.08 f        -0.05  (VIOLATED)
   gen_regfile_ff.register_file_i/g_rf_flops[21].rf_reg_q_reg[7]/D
                                0.13           0.08 f        -0.05  (VIOLATED)
   gen_regfile_ff.register_file_i/g_rf_flops[21].rf_reg_q_reg[10]/D
                                0.13           0.08 f        -0.05  (VIOLATED)
   gen_regfile_ff.register_file_i/g_rf_flops[21].rf_reg_q_reg[13]/D
                                0.13           0.08 f        -0.05  (VIOLATED)
   gen_regfile_ff.register_file_i/g_rf_flops[21].rf_reg_q_reg[15]/D
                                0.13           0.08 f        -0.05  (VIOLATED)
   gen_regfile_ff.register_file_i/g_rf_flops[21].rf_reg_q_reg[24]/D
                                0.13           0.08 f        -0.05  (VIOLATED)
   gen_regfile_ff.register_file_i/g_rf_flops[22].rf_reg_q_reg[2]/D
                                0.13           0.08 f        -0.05  (VIOLATED)
   gen_regfile_ff.register_file_i/g_rf_flops[22].rf_reg_q_reg[7]/D
                                0.13           0.08 f        -0.05  (VIOLATED)
   gen_regfile_ff.register_file_i/g_rf_flops[22].rf_reg_q_reg[13]/D
                                0.13           0.08 f        -0.05  (VIOLATED)
   gen_regfile_ff.register_file_i/g_rf_flops[22].rf_reg_q_reg[14]/D
                                0.13           0.08 f        -0.05  (VIOLATED)
   gen_regfile_ff.register_file_i/g_rf_flops[22].rf_reg_q_reg[17]/D
                                0.13           0.08 f        -0.05  (VIOLATED)
   gen_regfile_ff.register_file_i/g_rf_flops[22].rf_reg_q_reg[19]/D
                                0.13           0.08 f        -0.05  (VIOLATED)
   gen_regfile_ff.register_file_i/g_rf_flops[22].rf_reg_q_reg[20]/D
                                0.13           0.08 f        -0.05  (VIOLATED)
   gen_regfile_ff.register_file_i/g_rf_flops[22].rf_reg_q_reg[21]/D
                                0.13           0.08 f        -0.05  (VIOLATED)
   gen_regfile_ff.register_file_i/g_rf_flops[22].rf_reg_q_reg[23]/D
                                0.13           0.08 f        -0.05  (VIOLATED)
   gen_regfile_ff.register_file_i/g_rf_flops[22].rf_reg_q_reg[25]/D
                                0.13           0.08 f        -0.05  (VIOLATED)
   gen_regfile_ff.register_file_i/g_rf_flops[22].rf_reg_q_reg[27]/D
                                0.13           0.08 f        -0.05  (VIOLATED)
   gen_regfile_ff.register_file_i/g_rf_flops[22].rf_reg_q_reg[28]/D
                                0.13           0.08 f        -0.05  (VIOLATED)
   gen_regfile_ff.register_file_i/g_rf_flops[23].rf_reg_q_reg[2]/D
                                0.13           0.08 f        -0.05  (VIOLATED)
   gen_regfile_ff.register_file_i/g_rf_flops[23].rf_reg_q_reg[19]/D
                                0.13           0.08 f        -0.05  (VIOLATED)
   gen_regfile_ff.register_file_i/g_rf_flops[23].rf_reg_q_reg[24]/D
                                0.13           0.08 f        -0.05  (VIOLATED)
   gen_regfile_ff.register_file_i/g_rf_flops[23].rf_reg_q_reg[30]/D
                                0.13           0.08 f        -0.05  (VIOLATED)
   gen_regfile_ff.register_file_i/g_rf_flops[24].rf_reg_q_reg[7]/D
                                0.13           0.08 f        -0.05  (VIOLATED)
   gen_regfile_ff.register_file_i/g_rf_flops[24].rf_reg_q_reg[8]/D
                                0.13           0.08 f        -0.05  (VIOLATED)
   gen_regfile_ff.register_file_i/g_rf_flops[24].rf_reg_q_reg[11]/D
                                0.13           0.08 f        -0.05  (VIOLATED)
   gen_regfile_ff.register_file_i/g_rf_flops[24].rf_reg_q_reg[23]/D
                                0.13           0.08 f        -0.05  (VIOLATED)
   gen_regfile_ff.register_file_i/g_rf_flops[24].rf_reg_q_reg[30]/D
                                0.13           0.08 f        -0.05  (VIOLATED)
   gen_regfile_ff.register_file_i/g_rf_flops[25].rf_reg_q_reg[3]/D
                                0.13           0.08 f        -0.05  (VIOLATED)
   gen_regfile_ff.register_file_i/g_rf_flops[25].rf_reg_q_reg[17]/D
                                0.13           0.08 f        -0.05  (VIOLATED)
   gen_regfile_ff.register_file_i/g_rf_flops[25].rf_reg_q_reg[27]/D
                                0.13           0.08 f        -0.05  (VIOLATED)
   gen_regfile_ff.register_file_i/g_rf_flops[25].rf_reg_q_reg[30]/D
                                0.13           0.08 f        -0.05  (VIOLATED)
   gen_regfile_ff.register_file_i/g_rf_flops[26].rf_reg_q_reg[2]/D
                                0.13           0.08 f        -0.05  (VIOLATED)
   gen_regfile_ff.register_file_i/g_rf_flops[26].rf_reg_q_reg[3]/D
                                0.13           0.08 f        -0.05  (VIOLATED)
   gen_regfile_ff.register_file_i/g_rf_flops[26].rf_reg_q_reg[4]/D
                                0.13           0.08 f        -0.05  (VIOLATED)
   gen_regfile_ff.register_file_i/g_rf_flops[26].rf_reg_q_reg[5]/D
                                0.13           0.08 f        -0.05  (VIOLATED)
   gen_regfile_ff.register_file_i/g_rf_flops[26].rf_reg_q_reg[8]/D
                                0.13           0.08 f        -0.05  (VIOLATED)
   gen_regfile_ff.register_file_i/g_rf_flops[26].rf_reg_q_reg[9]/D
                                0.13           0.08 f        -0.05  (VIOLATED)
   gen_regfile_ff.register_file_i/g_rf_flops[26].rf_reg_q_reg[12]/D
                                0.13           0.08 f        -0.05  (VIOLATED)
   gen_regfile_ff.register_file_i/g_rf_flops[26].rf_reg_q_reg[16]/D
                                0.13           0.08 f        -0.05  (VIOLATED)
   gen_regfile_ff.register_file_i/g_rf_flops[26].rf_reg_q_reg[19]/D
                                0.13           0.08 f        -0.05  (VIOLATED)
   gen_regfile_ff.register_file_i/g_rf_flops[26].rf_reg_q_reg[20]/D
                                0.13           0.08 f        -0.05  (VIOLATED)
   gen_regfile_ff.register_file_i/g_rf_flops[26].rf_reg_q_reg[22]/D
                                0.13           0.08 f        -0.05  (VIOLATED)
   gen_regfile_ff.register_file_i/g_rf_flops[26].rf_reg_q_reg[29]/D
                                0.13           0.08 f        -0.05  (VIOLATED)
   gen_regfile_ff.register_file_i/g_rf_flops[27].rf_reg_q_reg[4]/D
                                0.13           0.08 f        -0.05  (VIOLATED)
   gen_regfile_ff.register_file_i/g_rf_flops[27].rf_reg_q_reg[8]/D
                                0.13           0.08 f        -0.05  (VIOLATED)
   gen_regfile_ff.register_file_i/g_rf_flops[27].rf_reg_q_reg[9]/D
                                0.13           0.08 f        -0.05  (VIOLATED)
   gen_regfile_ff.register_file_i/g_rf_flops[27].rf_reg_q_reg[30]/D
                                0.13           0.08 f        -0.05  (VIOLATED)
   gen_regfile_ff.register_file_i/g_rf_flops[28].rf_reg_q_reg[3]/D
                                0.13           0.08 f        -0.05  (VIOLATED)
   gen_regfile_ff.register_file_i/g_rf_flops[28].rf_reg_q_reg[4]/D
                                0.13           0.08 f        -0.05  (VIOLATED)
   gen_regfile_ff.register_file_i/g_rf_flops[28].rf_reg_q_reg[5]/D
                                0.13           0.08 f        -0.05  (VIOLATED)
   gen_regfile_ff.register_file_i/g_rf_flops[28].rf_reg_q_reg[6]/D
                                0.13           0.08 f        -0.05  (VIOLATED)
   gen_regfile_ff.register_file_i/g_rf_flops[28].rf_reg_q_reg[8]/D
                                0.13           0.08 f        -0.05  (VIOLATED)
   gen_regfile_ff.register_file_i/g_rf_flops[28].rf_reg_q_reg[13]/D
                                0.13           0.08 f        -0.05  (VIOLATED)
   gen_regfile_ff.register_file_i/g_rf_flops[28].rf_reg_q_reg[19]/D
                                0.13           0.08 f        -0.05  (VIOLATED)
   gen_regfile_ff.register_file_i/g_rf_flops[28].rf_reg_q_reg[23]/D
                                0.13           0.08 f        -0.05  (VIOLATED)
   gen_regfile_ff.register_file_i/g_rf_flops[28].rf_reg_q_reg[27]/D
                                0.13           0.08 f        -0.05  (VIOLATED)
   gen_regfile_ff.register_file_i/g_rf_flops[28].rf_reg_q_reg[29]/D
                                0.13           0.08 f        -0.05  (VIOLATED)
   gen_regfile_ff.register_file_i/g_rf_flops[28].rf_reg_q_reg[30]/D
                                0.13           0.08 f        -0.05  (VIOLATED)
   gen_regfile_ff.register_file_i/g_rf_flops[29].rf_reg_q_reg[6]/D
                                0.13           0.08 f        -0.05  (VIOLATED)
   gen_regfile_ff.register_file_i/g_rf_flops[29].rf_reg_q_reg[9]/D
                                0.13           0.08 f        -0.05  (VIOLATED)
   gen_regfile_ff.register_file_i/g_rf_flops[29].rf_reg_q_reg[11]/D
                                0.13           0.08 f        -0.05  (VIOLATED)
   gen_regfile_ff.register_file_i/g_rf_flops[29].rf_reg_q_reg[14]/D
                                0.13           0.08 f        -0.05  (VIOLATED)
   gen_regfile_ff.register_file_i/g_rf_flops[29].rf_reg_q_reg[16]/D
                                0.13           0.08 f        -0.05  (VIOLATED)
   gen_regfile_ff.register_file_i/g_rf_flops[29].rf_reg_q_reg[21]/D
                                0.13           0.08 f        -0.05  (VIOLATED)
   gen_regfile_ff.register_file_i/g_rf_flops[29].rf_reg_q_reg[24]/D
                                0.13           0.08 f        -0.05  (VIOLATED)
   gen_regfile_ff.register_file_i/g_rf_flops[29].rf_reg_q_reg[25]/D
                                0.13           0.08 f        -0.05  (VIOLATED)
   gen_regfile_ff.register_file_i/g_rf_flops[30].rf_reg_q_reg[23]/D
                                0.13           0.08 f        -0.05  (VIOLATED)
   gen_regfile_ff.register_file_i/g_rf_flops[31].rf_reg_q_reg[11]/D
                                0.13           0.08 f        -0.05  (VIOLATED)
   gen_regfile_ff.register_file_i/g_rf_flops[31].rf_reg_q_reg[15]/D
                                0.13           0.08 f        -0.05  (VIOLATED)
   gen_regfile_ff.register_file_i/g_rf_flops[7].rf_reg_q_reg[31]/D
                                0.13           0.08 f        -0.05  (VIOLATED)
   gen_regfile_ff.register_file_i/g_rf_flops[11].rf_reg_q_reg[31]/D
                                0.13           0.08 f        -0.05  (VIOLATED)
   gen_regfile_ff.register_file_i/g_rf_flops[12].rf_reg_q_reg[31]/D
                                0.13           0.08 f        -0.05  (VIOLATED)
   gen_regfile_ff.register_file_i/g_rf_flops[25].rf_reg_q_reg[31]/D
                                0.13           0.08 f        -0.05  (VIOLATED)
   gen_regfile_ff.register_file_i/g_rf_flops[26].rf_reg_q_reg[31]/D
                                0.13           0.08 f        -0.05  (VIOLATED)
   gen_regfile_ff.register_file_i/g_rf_flops[27].rf_reg_q_reg[31]/D
                                0.13           0.08 f        -0.05  (VIOLATED)
   gen_regfile_ff.register_file_i/g_rf_flops[28].rf_reg_q_reg[31]/D
                                0.13           0.08 f        -0.05  (VIOLATED)
   gen_regfile_ff.register_file_i/g_rf_flops[29].rf_reg_q_reg[31]/D
                                0.13           0.08 f        -0.05  (VIOLATED)
   gen_regfile_ff.register_file_i/g_rf_flops[1].rf_reg_q_reg[1]/D
                                0.13           0.08 f        -0.05  (VIOLATED)
   gen_regfile_ff.register_file_i/g_rf_flops[7].rf_reg_q_reg[1]/D
                                0.13           0.08 f        -0.05  (VIOLATED)
   gen_regfile_ff.register_file_i/g_rf_flops[9].rf_reg_q_reg[0]/D
                                0.13           0.08 f        -0.05  (VIOLATED)
   gen_regfile_ff.register_file_i/g_rf_flops[19].rf_reg_q_reg[0]/D
                                0.13           0.08 f        -0.05  (VIOLATED)
   gen_regfile_ff.register_file_i/g_rf_flops[19].rf_reg_q_reg[1]/D
                                0.13           0.08 f        -0.05  (VIOLATED)
   gen_regfile_ff.register_file_i/g_rf_flops[21].rf_reg_q_reg[0]/D
                                0.13           0.08 f        -0.05  (VIOLATED)
   gen_regfile_ff.register_file_i/g_rf_flops[22].rf_reg_q_reg[0]/D
                                0.13           0.08 f        -0.05  (VIOLATED)
   gen_regfile_ff.register_file_i/g_rf_flops[24].rf_reg_q_reg[0]/D
                                0.13           0.08 f        -0.05  (VIOLATED)
   gen_regfile_ff.register_file_i/g_rf_flops[24].rf_reg_q_reg[1]/D
                                0.13           0.08 f        -0.05  (VIOLATED)
   gen_regfile_ff.register_file_i/g_rf_flops[26].rf_reg_q_reg[0]/D
                                0.13           0.08 f        -0.05  (VIOLATED)
   gen_regfile_ff.register_file_i/g_rf_flops[27].rf_reg_q_reg[0]/D
                                0.13           0.08 f        -0.05  (VIOLATED)
   gen_regfile_ff.register_file_i/g_rf_flops[28].rf_reg_q_reg[0]/D
                                0.13           0.08 f        -0.05  (VIOLATED)
   gen_regfile_ff.register_file_i/g_rf_flops[29].rf_reg_q_reg[1]/D
                                0.13           0.08 f        -0.05  (VIOLATED)
   gen_regfile_ff.register_file_i/g_rf_flops[31].rf_reg_q_reg[1]/D
                                0.13           0.08 f        -0.05  (VIOLATED)
   u_ibex_core/cs_registers_i/u_dscratch0_csr/rdata_q_reg[13]/D
                                0.13           0.08 f        -0.05  (VIOLATED)
   u_ibex_core/cs_registers_i/u_dscratch0_csr/rdata_q_reg[24]/D
                                0.13           0.08 f        -0.05  (VIOLATED)
   u_ibex_core/cs_registers_i/u_mstack_cause_csr/rdata_q_reg[1]/D
                                0.13           0.08 f        -0.05  (VIOLATED)
   u_ibex_core/cs_registers_i/u_mstack_cause_csr/rdata_q_reg[3]/D
                                0.13           0.08 f        -0.05  (VIOLATED)
   u_ibex_core/cs_registers_i/u_mstack_cause_csr/rdata_q_reg[4]/D
                                0.13           0.08 f        -0.05  (VIOLATED)
   u_ibex_core/cs_registers_i/u_dscratch0_csr/rdata_q_reg[0]/D
                                0.13           0.08 f        -0.05  (VIOLATED)
   gen_regfile_ff.register_file_i/g_rf_flops[1].rf_reg_q_reg[2]/D
                                0.13           0.08 f        -0.05  (VIOLATED)
   gen_regfile_ff.register_file_i/g_rf_flops[1].rf_reg_q_reg[4]/D
                                0.13           0.08 f        -0.05  (VIOLATED)
   gen_regfile_ff.register_file_i/g_rf_flops[1].rf_reg_q_reg[8]/D
                                0.13           0.08 f        -0.05  (VIOLATED)
   gen_regfile_ff.register_file_i/g_rf_flops[1].rf_reg_q_reg[10]/D
                                0.13           0.08 f        -0.05  (VIOLATED)
   gen_regfile_ff.register_file_i/g_rf_flops[1].rf_reg_q_reg[12]/D
                                0.13           0.08 f        -0.05  (VIOLATED)
   gen_regfile_ff.register_file_i/g_rf_flops[1].rf_reg_q_reg[13]/D
                                0.13           0.08 f        -0.05  (VIOLATED)
   gen_regfile_ff.register_file_i/g_rf_flops[1].rf_reg_q_reg[17]/D
                                0.13           0.08 f        -0.05  (VIOLATED)
   gen_regfile_ff.register_file_i/g_rf_flops[1].rf_reg_q_reg[18]/D
                                0.13           0.08 f        -0.05  (VIOLATED)
   gen_regfile_ff.register_file_i/g_rf_flops[1].rf_reg_q_reg[19]/D
                                0.13           0.08 f        -0.05  (VIOLATED)
   gen_regfile_ff.register_file_i/g_rf_flops[1].rf_reg_q_reg[22]/D
                                0.13           0.08 f        -0.05  (VIOLATED)
   gen_regfile_ff.register_file_i/g_rf_flops[1].rf_reg_q_reg[23]/D
                                0.13           0.08 f        -0.05  (VIOLATED)
   gen_regfile_ff.register_file_i/g_rf_flops[1].rf_reg_q_reg[25]/D
                                0.13           0.08 f        -0.05  (VIOLATED)
   gen_regfile_ff.register_file_i/g_rf_flops[1].rf_reg_q_reg[26]/D
                                0.13           0.08 f        -0.05  (VIOLATED)
   gen_regfile_ff.register_file_i/g_rf_flops[1].rf_reg_q_reg[28]/D
                                0.13           0.08 f        -0.05  (VIOLATED)
   gen_regfile_ff.register_file_i/g_rf_flops[2].rf_reg_q_reg[6]/D
                                0.13           0.08 f        -0.05  (VIOLATED)
   gen_regfile_ff.register_file_i/g_rf_flops[2].rf_reg_q_reg[9]/D
                                0.13           0.08 f        -0.05  (VIOLATED)
   gen_regfile_ff.register_file_i/g_rf_flops[2].rf_reg_q_reg[10]/D
                                0.13           0.08 f        -0.05  (VIOLATED)
   gen_regfile_ff.register_file_i/g_rf_flops[2].rf_reg_q_reg[11]/D
                                0.13           0.08 f        -0.05  (VIOLATED)
   gen_regfile_ff.register_file_i/g_rf_flops[2].rf_reg_q_reg[12]/D
                                0.13           0.08 f        -0.05  (VIOLATED)
   gen_regfile_ff.register_file_i/g_rf_flops[2].rf_reg_q_reg[14]/D
                                0.13           0.08 f        -0.05  (VIOLATED)
   gen_regfile_ff.register_file_i/g_rf_flops[2].rf_reg_q_reg[22]/D
                                0.13           0.08 f        -0.05  (VIOLATED)
   gen_regfile_ff.register_file_i/g_rf_flops[2].rf_reg_q_reg[23]/D
                                0.13           0.08 f        -0.05  (VIOLATED)
   gen_regfile_ff.register_file_i/g_rf_flops[2].rf_reg_q_reg[24]/D
                                0.13           0.08 f        -0.05  (VIOLATED)
   gen_regfile_ff.register_file_i/g_rf_flops[2].rf_reg_q_reg[25]/D
                                0.13           0.08 f        -0.05  (VIOLATED)
   gen_regfile_ff.register_file_i/g_rf_flops[2].rf_reg_q_reg[27]/D
                                0.13           0.08 f        -0.05  (VIOLATED)
   gen_regfile_ff.register_file_i/g_rf_flops[2].rf_reg_q_reg[29]/D
                                0.13           0.08 f        -0.05  (VIOLATED)
   gen_regfile_ff.register_file_i/g_rf_flops[3].rf_reg_q_reg[3]/D
                                0.13           0.08 f        -0.05  (VIOLATED)
   gen_regfile_ff.register_file_i/g_rf_flops[3].rf_reg_q_reg[19]/D
                                0.13           0.08 f        -0.05  (VIOLATED)
   gen_regfile_ff.register_file_i/g_rf_flops[4].rf_reg_q_reg[11]/D
                                0.13           0.08 f        -0.05  (VIOLATED)
   gen_regfile_ff.register_file_i/g_rf_flops[4].rf_reg_q_reg[23]/D
                                0.13           0.08 f        -0.05  (VIOLATED)
   gen_regfile_ff.register_file_i/g_rf_flops[5].rf_reg_q_reg[6]/D
                                0.13           0.08 f        -0.05  (VIOLATED)
   gen_regfile_ff.register_file_i/g_rf_flops[5].rf_reg_q_reg[27]/D
                                0.13           0.08 f        -0.05  (VIOLATED)
   gen_regfile_ff.register_file_i/g_rf_flops[5].rf_reg_q_reg[29]/D
                                0.13           0.08 f        -0.05  (VIOLATED)
   gen_regfile_ff.register_file_i/g_rf_flops[6].rf_reg_q_reg[6]/D
                                0.13           0.08 f        -0.05  (VIOLATED)
   gen_regfile_ff.register_file_i/g_rf_flops[6].rf_reg_q_reg[8]/D
                                0.13           0.08 f        -0.05  (VIOLATED)
   gen_regfile_ff.register_file_i/g_rf_flops[6].rf_reg_q_reg[12]/D
                                0.13           0.08 f        -0.05  (VIOLATED)
   gen_regfile_ff.register_file_i/g_rf_flops[6].rf_reg_q_reg[15]/D
                                0.13           0.08 f        -0.05  (VIOLATED)
   gen_regfile_ff.register_file_i/g_rf_flops[6].rf_reg_q_reg[18]/D
                                0.13           0.08 f        -0.05  (VIOLATED)
   gen_regfile_ff.register_file_i/g_rf_flops[6].rf_reg_q_reg[19]/D
                                0.13           0.08 f        -0.05  (VIOLATED)
   gen_regfile_ff.register_file_i/g_rf_flops[6].rf_reg_q_reg[24]/D
                                0.13           0.08 f        -0.05  (VIOLATED)
   gen_regfile_ff.register_file_i/g_rf_flops[7].rf_reg_q_reg[4]/D
                                0.13           0.08 f        -0.05  (VIOLATED)
   gen_regfile_ff.register_file_i/g_rf_flops[7].rf_reg_q_reg[8]/D
                                0.13           0.08 f        -0.05  (VIOLATED)
   gen_regfile_ff.register_file_i/g_rf_flops[7].rf_reg_q_reg[13]/D
                                0.13           0.08 f        -0.05  (VIOLATED)
   gen_regfile_ff.register_file_i/g_rf_flops[7].rf_reg_q_reg[14]/D
                                0.13           0.08 f        -0.05  (VIOLATED)
   gen_regfile_ff.register_file_i/g_rf_flops[7].rf_reg_q_reg[18]/D
                                0.13           0.08 f        -0.05  (VIOLATED)
   gen_regfile_ff.register_file_i/g_rf_flops[7].rf_reg_q_reg[19]/D
                                0.13           0.08 f        -0.05  (VIOLATED)
   gen_regfile_ff.register_file_i/g_rf_flops[7].rf_reg_q_reg[20]/D
                                0.13           0.08 f        -0.05  (VIOLATED)
   gen_regfile_ff.register_file_i/g_rf_flops[7].rf_reg_q_reg[21]/D
                                0.13           0.08 f        -0.05  (VIOLATED)
   gen_regfile_ff.register_file_i/g_rf_flops[7].rf_reg_q_reg[22]/D
                                0.13           0.08 f        -0.05  (VIOLATED)
   gen_regfile_ff.register_file_i/g_rf_flops[7].rf_reg_q_reg[24]/D
                                0.13           0.08 f        -0.05  (VIOLATED)
   gen_regfile_ff.register_file_i/g_rf_flops[7].rf_reg_q_reg[28]/D
                                0.13           0.08 f        -0.05  (VIOLATED)
   gen_regfile_ff.register_file_i/g_rf_flops[8].rf_reg_q_reg[3]/D
                                0.13           0.08 f        -0.05  (VIOLATED)
   gen_regfile_ff.register_file_i/g_rf_flops[8].rf_reg_q_reg[7]/D
                                0.13           0.08 f        -0.05  (VIOLATED)
   gen_regfile_ff.register_file_i/g_rf_flops[8].rf_reg_q_reg[9]/D
                                0.13           0.08 f        -0.05  (VIOLATED)
   gen_regfile_ff.register_file_i/g_rf_flops[8].rf_reg_q_reg[11]/D
                                0.13           0.08 f        -0.05  (VIOLATED)
   gen_regfile_ff.register_file_i/g_rf_flops[8].rf_reg_q_reg[17]/D
                                0.13           0.08 f        -0.05  (VIOLATED)
   gen_regfile_ff.register_file_i/g_rf_flops[8].rf_reg_q_reg[27]/D
                                0.13           0.08 f        -0.05  (VIOLATED)
   gen_regfile_ff.register_file_i/g_rf_flops[9].rf_reg_q_reg[3]/D
                                0.13           0.08 f        -0.05  (VIOLATED)
   gen_regfile_ff.register_file_i/g_rf_flops[9].rf_reg_q_reg[5]/D
                                0.13           0.08 f        -0.05  (VIOLATED)
   gen_regfile_ff.register_file_i/g_rf_flops[9].rf_reg_q_reg[6]/D
                                0.13           0.08 f        -0.05  (VIOLATED)
   gen_regfile_ff.register_file_i/g_rf_flops[9].rf_reg_q_reg[7]/D
                                0.13           0.08 f        -0.05  (VIOLATED)
   gen_regfile_ff.register_file_i/g_rf_flops[9].rf_reg_q_reg[10]/D
                                0.13           0.08 f        -0.05  (VIOLATED)
   gen_regfile_ff.register_file_i/g_rf_flops[9].rf_reg_q_reg[11]/D
                                0.13           0.08 f        -0.05  (VIOLATED)
   gen_regfile_ff.register_file_i/g_rf_flops[9].rf_reg_q_reg[18]/D
                                0.13           0.08 f        -0.05  (VIOLATED)
   gen_regfile_ff.register_file_i/g_rf_flops[9].rf_reg_q_reg[19]/D
                                0.13           0.08 f        -0.05  (VIOLATED)
   gen_regfile_ff.register_file_i/g_rf_flops[9].rf_reg_q_reg[21]/D
                                0.13           0.08 f        -0.05  (VIOLATED)
   gen_regfile_ff.register_file_i/g_rf_flops[9].rf_reg_q_reg[23]/D
                                0.13           0.08 f        -0.05  (VIOLATED)
   gen_regfile_ff.register_file_i/g_rf_flops[9].rf_reg_q_reg[30]/D
                                0.13           0.08 f        -0.05  (VIOLATED)
   gen_regfile_ff.register_file_i/g_rf_flops[10].rf_reg_q_reg[2]/D
                                0.13           0.08 f        -0.05  (VIOLATED)
   gen_regfile_ff.register_file_i/g_rf_flops[10].rf_reg_q_reg[3]/D
                                0.13           0.08 f        -0.05  (VIOLATED)
   gen_regfile_ff.register_file_i/g_rf_flops[10].rf_reg_q_reg[6]/D
                                0.13           0.08 f        -0.05  (VIOLATED)
   gen_regfile_ff.register_file_i/g_rf_flops[10].rf_reg_q_reg[8]/D
                                0.13           0.08 f        -0.05  (VIOLATED)
   gen_regfile_ff.register_file_i/g_rf_flops[10].rf_reg_q_reg[14]/D
                                0.13           0.08 f        -0.05  (VIOLATED)
   gen_regfile_ff.register_file_i/g_rf_flops[10].rf_reg_q_reg[16]/D
                                0.13           0.08 f        -0.05  (VIOLATED)
   gen_regfile_ff.register_file_i/g_rf_flops[10].rf_reg_q_reg[21]/D
                                0.13           0.08 f        -0.05  (VIOLATED)
   gen_regfile_ff.register_file_i/g_rf_flops[10].rf_reg_q_reg[22]/D
                                0.13           0.08 f        -0.05  (VIOLATED)
   gen_regfile_ff.register_file_i/g_rf_flops[10].rf_reg_q_reg[23]/D
                                0.13           0.08 f        -0.05  (VIOLATED)
   gen_regfile_ff.register_file_i/g_rf_flops[10].rf_reg_q_reg[24]/D
                                0.13           0.08 f        -0.05  (VIOLATED)
   gen_regfile_ff.register_file_i/g_rf_flops[10].rf_reg_q_reg[27]/D
                                0.13           0.08 f        -0.05  (VIOLATED)
   gen_regfile_ff.register_file_i/g_rf_flops[10].rf_reg_q_reg[28]/D
                                0.13           0.08 f        -0.05  (VIOLATED)
   gen_regfile_ff.register_file_i/g_rf_flops[11].rf_reg_q_reg[3]/D
                                0.13           0.08 f        -0.05  (VIOLATED)
   gen_regfile_ff.register_file_i/g_rf_flops[11].rf_reg_q_reg[12]/D
                                0.13           0.08 f        -0.05  (VIOLATED)
   gen_regfile_ff.register_file_i/g_rf_flops[11].rf_reg_q_reg[13]/D
                                0.13           0.08 f        -0.05  (VIOLATED)
   gen_regfile_ff.register_file_i/g_rf_flops[11].rf_reg_q_reg[21]/D
                                0.13           0.08 f        -0.05  (VIOLATED)
   gen_regfile_ff.register_file_i/g_rf_flops[11].rf_reg_q_reg[23]/D
                                0.13           0.08 f        -0.05  (VIOLATED)
   gen_regfile_ff.register_file_i/g_rf_flops[11].rf_reg_q_reg[24]/D
                                0.13           0.08 f        -0.05  (VIOLATED)
   gen_regfile_ff.register_file_i/g_rf_flops[11].rf_reg_q_reg[28]/D
                                0.13           0.08 f        -0.05  (VIOLATED)
   gen_regfile_ff.register_file_i/g_rf_flops[11].rf_reg_q_reg[29]/D
                                0.13           0.08 f        -0.05  (VIOLATED)
   gen_regfile_ff.register_file_i/g_rf_flops[12].rf_reg_q_reg[2]/D
                                0.13           0.08 f        -0.05  (VIOLATED)
   gen_regfile_ff.register_file_i/g_rf_flops[12].rf_reg_q_reg[4]/D
                                0.13           0.08 f        -0.05  (VIOLATED)
   gen_regfile_ff.register_file_i/g_rf_flops[12].rf_reg_q_reg[5]/D
                                0.13           0.08 f        -0.05  (VIOLATED)
   gen_regfile_ff.register_file_i/g_rf_flops[12].rf_reg_q_reg[6]/D
                                0.13           0.08 f        -0.05  (VIOLATED)
   gen_regfile_ff.register_file_i/g_rf_flops[12].rf_reg_q_reg[7]/D
                                0.13           0.08 f        -0.05  (VIOLATED)
   gen_regfile_ff.register_file_i/g_rf_flops[12].rf_reg_q_reg[8]/D
                                0.13           0.08 f        -0.05  (VIOLATED)
   gen_regfile_ff.register_file_i/g_rf_flops[12].rf_reg_q_reg[9]/D
                                0.13           0.08 f        -0.05  (VIOLATED)
   gen_regfile_ff.register_file_i/g_rf_flops[12].rf_reg_q_reg[11]/D
                                0.13           0.08 f        -0.05  (VIOLATED)
   gen_regfile_ff.register_file_i/g_rf_flops[12].rf_reg_q_reg[13]/D
                                0.13           0.08 f        -0.05  (VIOLATED)
   gen_regfile_ff.register_file_i/g_rf_flops[12].rf_reg_q_reg[14]/D
                                0.13           0.08 f        -0.05  (VIOLATED)
   gen_regfile_ff.register_file_i/g_rf_flops[12].rf_reg_q_reg[15]/D
                                0.13           0.08 f        -0.05  (VIOLATED)
   gen_regfile_ff.register_file_i/g_rf_flops[12].rf_reg_q_reg[16]/D
                                0.13           0.08 f        -0.05  (VIOLATED)
   gen_regfile_ff.register_file_i/g_rf_flops[12].rf_reg_q_reg[17]/D
                                0.13           0.08 f        -0.05  (VIOLATED)
   gen_regfile_ff.register_file_i/g_rf_flops[12].rf_reg_q_reg[18]/D
                                0.13           0.08 f        -0.05  (VIOLATED)
   gen_regfile_ff.register_file_i/g_rf_flops[12].rf_reg_q_reg[19]/D
                                0.13           0.08 f        -0.05  (VIOLATED)
   gen_regfile_ff.register_file_i/g_rf_flops[12].rf_reg_q_reg[20]/D
                                0.13           0.08 f        -0.05  (VIOLATED)
   gen_regfile_ff.register_file_i/g_rf_flops[12].rf_reg_q_reg[21]/D
                                0.13           0.08 f        -0.05  (VIOLATED)
   gen_regfile_ff.register_file_i/g_rf_flops[12].rf_reg_q_reg[29]/D
                                0.13           0.08 f        -0.05  (VIOLATED)
   gen_regfile_ff.register_file_i/g_rf_flops[12].rf_reg_q_reg[30]/D
                                0.13           0.08 f        -0.05  (VIOLATED)
   gen_regfile_ff.register_file_i/g_rf_flops[13].rf_reg_q_reg[2]/D
                                0.13           0.08 f        -0.05  (VIOLATED)
   gen_regfile_ff.register_file_i/g_rf_flops[13].rf_reg_q_reg[29]/D
                                0.13           0.08 f        -0.05  (VIOLATED)
   gen_regfile_ff.register_file_i/g_rf_flops[14].rf_reg_q_reg[4]/D
                                0.13           0.08 f        -0.05  (VIOLATED)
   gen_regfile_ff.register_file_i/g_rf_flops[14].rf_reg_q_reg[11]/D
                                0.13           0.08 f        -0.05  (VIOLATED)
   gen_regfile_ff.register_file_i/g_rf_flops[14].rf_reg_q_reg[13]/D
                                0.13           0.08 f        -0.05  (VIOLATED)
   gen_regfile_ff.register_file_i/g_rf_flops[14].rf_reg_q_reg[14]/D
                                0.13           0.08 f        -0.05  (VIOLATED)
   gen_regfile_ff.register_file_i/g_rf_flops[14].rf_reg_q_reg[16]/D
                                0.13           0.08 f        -0.05  (VIOLATED)
   gen_regfile_ff.register_file_i/g_rf_flops[14].rf_reg_q_reg[18]/D
                                0.13           0.08 f        -0.05  (VIOLATED)
   gen_regfile_ff.register_file_i/g_rf_flops[14].rf_reg_q_reg[27]/D
                                0.13           0.08 f        -0.05  (VIOLATED)
   gen_regfile_ff.register_file_i/g_rf_flops[14].rf_reg_q_reg[29]/D
                                0.13           0.08 f        -0.05  (VIOLATED)
   gen_regfile_ff.register_file_i/g_rf_flops[15].rf_reg_q_reg[3]/D
                                0.13           0.08 f        -0.05  (VIOLATED)
   gen_regfile_ff.register_file_i/g_rf_flops[15].rf_reg_q_reg[8]/D
                                0.13           0.08 f        -0.05  (VIOLATED)
   gen_regfile_ff.register_file_i/g_rf_flops[15].rf_reg_q_reg[17]/D
                                0.13           0.08 f        -0.05  (VIOLATED)
   gen_regfile_ff.register_file_i/g_rf_flops[17].rf_reg_q_reg[4]/D
                                0.13           0.08 f        -0.05  (VIOLATED)
   gen_regfile_ff.register_file_i/g_rf_flops[17].rf_reg_q_reg[5]/D
                                0.13           0.08 f        -0.05  (VIOLATED)
   gen_regfile_ff.register_file_i/g_rf_flops[18].rf_reg_q_reg[2]/D
                                0.13           0.08 f        -0.05  (VIOLATED)
   gen_regfile_ff.register_file_i/g_rf_flops[18].rf_reg_q_reg[7]/D
                                0.13           0.08 f        -0.05  (VIOLATED)
   gen_regfile_ff.register_file_i/g_rf_flops[18].rf_reg_q_reg[15]/D
                                0.13           0.08 f        -0.05  (VIOLATED)
   gen_regfile_ff.register_file_i/g_rf_flops[18].rf_reg_q_reg[17]/D
                                0.13           0.08 f        -0.05  (VIOLATED)
   gen_regfile_ff.register_file_i/g_rf_flops[18].rf_reg_q_reg[25]/D
                                0.13           0.08 f        -0.05  (VIOLATED)
   gen_regfile_ff.register_file_i/g_rf_flops[19].rf_reg_q_reg[2]/D
                                0.13           0.08 f        -0.05  (VIOLATED)
   gen_regfile_ff.register_file_i/g_rf_flops[19].rf_reg_q_reg[5]/D
                                0.13           0.08 f        -0.05  (VIOLATED)
   gen_regfile_ff.register_file_i/g_rf_flops[19].rf_reg_q_reg[11]/D
                                0.13           0.08 f        -0.05  (VIOLATED)
   gen_regfile_ff.register_file_i/g_rf_flops[19].rf_reg_q_reg[16]/D
                                0.13           0.08 f        -0.05  (VIOLATED)
   gen_regfile_ff.register_file_i/g_rf_flops[19].rf_reg_q_reg[20]/D
                                0.13           0.08 f        -0.05  (VIOLATED)
   gen_regfile_ff.register_file_i/g_rf_flops[19].rf_reg_q_reg[22]/D
                                0.13           0.08 f        -0.05  (VIOLATED)
   gen_regfile_ff.register_file_i/g_rf_flops[19].rf_reg_q_reg[26]/D
                                0.13           0.08 f        -0.05  (VIOLATED)
   gen_regfile_ff.register_file_i/g_rf_flops[19].rf_reg_q_reg[27]/D
                                0.13           0.08 f        -0.05  (VIOLATED)
   gen_regfile_ff.register_file_i/g_rf_flops[19].rf_reg_q_reg[30]/D
                                0.13           0.08 f        -0.05  (VIOLATED)
   gen_regfile_ff.register_file_i/g_rf_flops[20].rf_reg_q_reg[10]/D
                                0.13           0.08 f        -0.05  (VIOLATED)
   gen_regfile_ff.register_file_i/g_rf_flops[20].rf_reg_q_reg[14]/D
                                0.13           0.08 f        -0.05  (VIOLATED)
   gen_regfile_ff.register_file_i/g_rf_flops[21].rf_reg_q_reg[3]/D
                                0.13           0.08 f        -0.05  (VIOLATED)
   gen_regfile_ff.register_file_i/g_rf_flops[21].rf_reg_q_reg[9]/D
                                0.13           0.08 f        -0.05  (VIOLATED)
   gen_regfile_ff.register_file_i/g_rf_flops[21].rf_reg_q_reg[12]/D
                                0.13           0.08 f        -0.05  (VIOLATED)
   gen_regfile_ff.register_file_i/g_rf_flops[21].rf_reg_q_reg[21]/D
                                0.13           0.08 f        -0.05  (VIOLATED)
   gen_regfile_ff.register_file_i/g_rf_flops[21].rf_reg_q_reg[25]/D
                                0.13           0.08 f        -0.05  (VIOLATED)
   gen_regfile_ff.register_file_i/g_rf_flops[21].rf_reg_q_reg[26]/D
                                0.13           0.08 f        -0.05  (VIOLATED)
   gen_regfile_ff.register_file_i/g_rf_flops[21].rf_reg_q_reg[28]/D
                                0.13           0.08 f        -0.05  (VIOLATED)
   gen_regfile_ff.register_file_i/g_rf_flops[21].rf_reg_q_reg[30]/D
                                0.13           0.08 f        -0.05  (VIOLATED)
   gen_regfile_ff.register_file_i/g_rf_flops[22].rf_reg_q_reg[3]/D
                                0.13           0.08 f        -0.05  (VIOLATED)
   gen_regfile_ff.register_file_i/g_rf_flops[22].rf_reg_q_reg[4]/D
                                0.13           0.08 f        -0.05  (VIOLATED)
   gen_regfile_ff.register_file_i/g_rf_flops[22].rf_reg_q_reg[5]/D
                                0.13           0.08 f        -0.05  (VIOLATED)
   gen_regfile_ff.register_file_i/g_rf_flops[22].rf_reg_q_reg[8]/D
                                0.13           0.08 f        -0.05  (VIOLATED)
   gen_regfile_ff.register_file_i/g_rf_flops[22].rf_reg_q_reg[9]/D
                                0.13           0.08 f        -0.05  (VIOLATED)
   gen_regfile_ff.register_file_i/g_rf_flops[22].rf_reg_q_reg[15]/D
                                0.13           0.08 f        -0.05  (VIOLATED)
   gen_regfile_ff.register_file_i/g_rf_flops[22].rf_reg_q_reg[22]/D
                                0.13           0.08 f        -0.05  (VIOLATED)
   gen_regfile_ff.register_file_i/g_rf_flops[22].rf_reg_q_reg[24]/D
                                0.13           0.08 f        -0.05  (VIOLATED)
   gen_regfile_ff.register_file_i/g_rf_flops[22].rf_reg_q_reg[30]/D
                                0.13           0.08 f        -0.05  (VIOLATED)
   gen_regfile_ff.register_file_i/g_rf_flops[23].rf_reg_q_reg[5]/D
                                0.13           0.08 f        -0.05  (VIOLATED)
   gen_regfile_ff.register_file_i/g_rf_flops[23].rf_reg_q_reg[17]/D
                                0.13           0.08 f        -0.05  (VIOLATED)
   gen_regfile_ff.register_file_i/g_rf_flops[23].rf_reg_q_reg[18]/D
                                0.13           0.08 f        -0.05  (VIOLATED)
   gen_regfile_ff.register_file_i/g_rf_flops[24].rf_reg_q_reg[2]/D
                                0.13           0.08 f        -0.05  (VIOLATED)
   gen_regfile_ff.register_file_i/g_rf_flops[24].rf_reg_q_reg[6]/D
                                0.13           0.08 f        -0.05  (VIOLATED)
   gen_regfile_ff.register_file_i/g_rf_flops[24].rf_reg_q_reg[9]/D
                                0.13           0.08 f        -0.05  (VIOLATED)
   gen_regfile_ff.register_file_i/g_rf_flops[24].rf_reg_q_reg[10]/D
                                0.13           0.08 f        -0.05  (VIOLATED)
   gen_regfile_ff.register_file_i/g_rf_flops[24].rf_reg_q_reg[12]/D
                                0.13           0.08 f        -0.05  (VIOLATED)
   gen_regfile_ff.register_file_i/g_rf_flops[24].rf_reg_q_reg[16]/D
                                0.13           0.08 f        -0.05  (VIOLATED)
   gen_regfile_ff.register_file_i/g_rf_flops[24].rf_reg_q_reg[17]/D
                                0.13           0.08 f        -0.05  (VIOLATED)
   gen_regfile_ff.register_file_i/g_rf_flops[24].rf_reg_q_reg[20]/D
                                0.13           0.08 f        -0.05  (VIOLATED)
   gen_regfile_ff.register_file_i/g_rf_flops[24].rf_reg_q_reg[22]/D
                                0.13           0.08 f        -0.05  (VIOLATED)
   gen_regfile_ff.register_file_i/g_rf_flops[24].rf_reg_q_reg[26]/D
                                0.13           0.08 f        -0.05  (VIOLATED)
   gen_regfile_ff.register_file_i/g_rf_flops[24].rf_reg_q_reg[27]/D
                                0.13           0.08 f        -0.05  (VIOLATED)
   gen_regfile_ff.register_file_i/g_rf_flops[24].rf_reg_q_reg[28]/D
                                0.13           0.08 f        -0.05  (VIOLATED)
   gen_regfile_ff.register_file_i/g_rf_flops[24].rf_reg_q_reg[29]/D
                                0.13           0.08 f        -0.05  (VIOLATED)
   gen_regfile_ff.register_file_i/g_rf_flops[25].rf_reg_q_reg[4]/D
                                0.13           0.08 f        -0.05  (VIOLATED)
   gen_regfile_ff.register_file_i/g_rf_flops[25].rf_reg_q_reg[5]/D
                                0.13           0.08 f        -0.05  (VIOLATED)
   gen_regfile_ff.register_file_i/g_rf_flops[25].rf_reg_q_reg[14]/D
                                0.13           0.08 f        -0.05  (VIOLATED)
   gen_regfile_ff.register_file_i/g_rf_flops[25].rf_reg_q_reg[18]/D
                                0.13           0.08 f        -0.05  (VIOLATED)
   gen_regfile_ff.register_file_i/g_rf_flops[25].rf_reg_q_reg[19]/D
                                0.13           0.08 f        -0.05  (VIOLATED)
   gen_regfile_ff.register_file_i/g_rf_flops[25].rf_reg_q_reg[26]/D
                                0.13           0.08 f        -0.05  (VIOLATED)
   gen_regfile_ff.register_file_i/g_rf_flops[26].rf_reg_q_reg[6]/D
                                0.13           0.08 f        -0.05  (VIOLATED)
   gen_regfile_ff.register_file_i/g_rf_flops[26].rf_reg_q_reg[7]/D
                                0.13           0.08 f        -0.05  (VIOLATED)
   gen_regfile_ff.register_file_i/g_rf_flops[26].rf_reg_q_reg[10]/D
                                0.13           0.08 f        -0.05  (VIOLATED)
   gen_regfile_ff.register_file_i/g_rf_flops[26].rf_reg_q_reg[11]/D
                                0.13           0.08 f        -0.05  (VIOLATED)
   gen_regfile_ff.register_file_i/g_rf_flops[26].rf_reg_q_reg[13]/D
                                0.13           0.08 f        -0.05  (VIOLATED)
   gen_regfile_ff.register_file_i/g_rf_flops[26].rf_reg_q_reg[14]/D
                                0.13           0.08 f        -0.05  (VIOLATED)
   gen_regfile_ff.register_file_i/g_rf_flops[26].rf_reg_q_reg[15]/D
                                0.13           0.08 f        -0.05  (VIOLATED)
   gen_regfile_ff.register_file_i/g_rf_flops[26].rf_reg_q_reg[21]/D
                                0.13           0.08 f        -0.05  (VIOLATED)
   gen_regfile_ff.register_file_i/g_rf_flops[26].rf_reg_q_reg[23]/D
                                0.13           0.08 f        -0.05  (VIOLATED)
   gen_regfile_ff.register_file_i/g_rf_flops[26].rf_reg_q_reg[25]/D
                                0.13           0.08 f        -0.05  (VIOLATED)
   gen_regfile_ff.register_file_i/g_rf_flops[27].rf_reg_q_reg[13]/D
                                0.13           0.08 f        -0.05  (VIOLATED)
   gen_regfile_ff.register_file_i/g_rf_flops[27].rf_reg_q_reg[21]/D
                                0.13           0.08 f        -0.05  (VIOLATED)
   gen_regfile_ff.register_file_i/g_rf_flops[27].rf_reg_q_reg[24]/D
                                0.13           0.08 f        -0.05  (VIOLATED)
   gen_regfile_ff.register_file_i/g_rf_flops[27].rf_reg_q_reg[25]/D
                                0.13           0.08 f        -0.05  (VIOLATED)
   gen_regfile_ff.register_file_i/g_rf_flops[28].rf_reg_q_reg[7]/D
                                0.13           0.08 f        -0.05  (VIOLATED)
   gen_regfile_ff.register_file_i/g_rf_flops[28].rf_reg_q_reg[9]/D
                                0.13           0.08 f        -0.05  (VIOLATED)
   gen_regfile_ff.register_file_i/g_rf_flops[28].rf_reg_q_reg[11]/D
                                0.13           0.08 f        -0.05  (VIOLATED)
   gen_regfile_ff.register_file_i/g_rf_flops[28].rf_reg_q_reg[15]/D
                                0.13           0.08 f        -0.05  (VIOLATED)
   gen_regfile_ff.register_file_i/g_rf_flops[28].rf_reg_q_reg[16]/D
                                0.13           0.08 f        -0.05  (VIOLATED)
   gen_regfile_ff.register_file_i/g_rf_flops[28].rf_reg_q_reg[20]/D
                                0.13           0.08 f        -0.05  (VIOLATED)
   gen_regfile_ff.register_file_i/g_rf_flops[28].rf_reg_q_reg[25]/D
                                0.13           0.08 f        -0.05  (VIOLATED)
   gen_regfile_ff.register_file_i/g_rf_flops[28].rf_reg_q_reg[26]/D
                                0.13           0.08 f        -0.05  (VIOLATED)
   gen_regfile_ff.register_file_i/g_rf_flops[28].rf_reg_q_reg[28]/D
                                0.13           0.08 f        -0.05  (VIOLATED)
   gen_regfile_ff.register_file_i/g_rf_flops[29].rf_reg_q_reg[2]/D
                                0.13           0.08 f        -0.05  (VIOLATED)
   gen_regfile_ff.register_file_i/g_rf_flops[29].rf_reg_q_reg[8]/D
                                0.13           0.08 f        -0.05  (VIOLATED)
   gen_regfile_ff.register_file_i/g_rf_flops[29].rf_reg_q_reg[10]/D
                                0.13           0.08 f        -0.05  (VIOLATED)
   gen_regfile_ff.register_file_i/g_rf_flops[29].rf_reg_q_reg[12]/D
                                0.13           0.08 f        -0.05  (VIOLATED)
   gen_regfile_ff.register_file_i/g_rf_flops[29].rf_reg_q_reg[15]/D
                                0.13           0.08 f        -0.05  (VIOLATED)
   gen_regfile_ff.register_file_i/g_rf_flops[29].rf_reg_q_reg[18]/D
                                0.13           0.08 f        -0.05  (VIOLATED)
   gen_regfile_ff.register_file_i/g_rf_flops[29].rf_reg_q_reg[22]/D
                                0.13           0.08 f        -0.05  (VIOLATED)
   gen_regfile_ff.register_file_i/g_rf_flops[29].rf_reg_q_reg[26]/D
                                0.13           0.08 f        -0.05  (VIOLATED)
   gen_regfile_ff.register_file_i/g_rf_flops[29].rf_reg_q_reg[27]/D
                                0.13           0.08 f        -0.05  (VIOLATED)
   gen_regfile_ff.register_file_i/g_rf_flops[29].rf_reg_q_reg[28]/D
                                0.13           0.08 f        -0.05  (VIOLATED)
   gen_regfile_ff.register_file_i/g_rf_flops[29].rf_reg_q_reg[29]/D
                                0.13           0.08 f        -0.05  (VIOLATED)
   gen_regfile_ff.register_file_i/g_rf_flops[29].rf_reg_q_reg[30]/D
                                0.13           0.08 f        -0.05  (VIOLATED)
   gen_regfile_ff.register_file_i/g_rf_flops[30].rf_reg_q_reg[21]/D
                                0.13           0.08 f        -0.05  (VIOLATED)
   gen_regfile_ff.register_file_i/g_rf_flops[31].rf_reg_q_reg[9]/D
                                0.13           0.08 f        -0.05  (VIOLATED)
   gen_regfile_ff.register_file_i/g_rf_flops[31].rf_reg_q_reg[12]/D
                                0.13           0.08 f        -0.05  (VIOLATED)
   gen_regfile_ff.register_file_i/g_rf_flops[31].rf_reg_q_reg[16]/D
                                0.13           0.08 f        -0.05  (VIOLATED)
   gen_regfile_ff.register_file_i/g_rf_flops[31].rf_reg_q_reg[20]/D
                                0.13           0.08 f        -0.05  (VIOLATED)
   gen_regfile_ff.register_file_i/g_rf_flops[6].rf_reg_q_reg[31]/D
                                0.13           0.08 f        -0.05  (VIOLATED)
   gen_regfile_ff.register_file_i/g_rf_flops[9].rf_reg_q_reg[31]/D
                                0.13           0.08 f        -0.05  (VIOLATED)
   gen_regfile_ff.register_file_i/g_rf_flops[10].rf_reg_q_reg[31]/D
                                0.13           0.08 f        -0.05  (VIOLATED)
   gen_regfile_ff.register_file_i/g_rf_flops[13].rf_reg_q_reg[31]/D
                                0.13           0.08 f        -0.05  (VIOLATED)
   gen_regfile_ff.register_file_i/g_rf_flops[14].rf_reg_q_reg[31]/D
                                0.13           0.08 f        -0.05  (VIOLATED)
   gen_regfile_ff.register_file_i/g_rf_flops[15].rf_reg_q_reg[31]/D
                                0.13           0.08 f        -0.05  (VIOLATED)
   gen_regfile_ff.register_file_i/g_rf_flops[18].rf_reg_q_reg[31]/D
                                0.13           0.08 f        -0.05  (VIOLATED)
   gen_regfile_ff.register_file_i/g_rf_flops[19].rf_reg_q_reg[31]/D
                                0.13           0.08 f        -0.05  (VIOLATED)
   gen_regfile_ff.register_file_i/g_rf_flops[20].rf_reg_q_reg[31]/D
                                0.13           0.08 f        -0.05  (VIOLATED)
   gen_regfile_ff.register_file_i/g_rf_flops[21].rf_reg_q_reg[31]/D
                                0.13           0.08 f        -0.05  (VIOLATED)
   gen_regfile_ff.register_file_i/g_rf_flops[24].rf_reg_q_reg[31]/D
                                0.13           0.08 f        -0.05  (VIOLATED)
   gen_regfile_ff.register_file_i/g_rf_flops[30].rf_reg_q_reg[31]/D
                                0.13           0.08 f        -0.05  (VIOLATED)
   u_ibex_core/cs_registers_i/u_mie_csr/rdata_q_reg[7]/D
                                0.13           0.08 f        -0.05  (VIOLATED)
   gen_regfile_ff.register_file_i/g_rf_flops[1].rf_reg_q_reg[0]/D
                                0.13           0.08 f        -0.05  (VIOLATED)
   gen_regfile_ff.register_file_i/g_rf_flops[2].rf_reg_q_reg[1]/D
                                0.13           0.08 f        -0.05  (VIOLATED)
   gen_regfile_ff.register_file_i/g_rf_flops[6].rf_reg_q_reg[1]/D
                                0.13           0.08 f        -0.05  (VIOLATED)
   gen_regfile_ff.register_file_i/g_rf_flops[7].rf_reg_q_reg[0]/D
                                0.13           0.08 f        -0.05  (VIOLATED)
   gen_regfile_ff.register_file_i/g_rf_flops[8].rf_reg_q_reg[1]/D
                                0.13           0.08 f        -0.05  (VIOLATED)
   gen_regfile_ff.register_file_i/g_rf_flops[10].rf_reg_q_reg[0]/D
                                0.13           0.08 f        -0.05  (VIOLATED)
   gen_regfile_ff.register_file_i/g_rf_flops[10].rf_reg_q_reg[1]/D
                                0.13           0.08 f        -0.05  (VIOLATED)
   gen_regfile_ff.register_file_i/g_rf_flops[11].rf_reg_q_reg[0]/D
                                0.13           0.08 f        -0.05  (VIOLATED)
   gen_regfile_ff.register_file_i/g_rf_flops[11].rf_reg_q_reg[1]/D
                                0.13           0.08 f        -0.05  (VIOLATED)
   gen_regfile_ff.register_file_i/g_rf_flops[12].rf_reg_q_reg[0]/D
                                0.13           0.08 f        -0.05  (VIOLATED)
   gen_regfile_ff.register_file_i/g_rf_flops[12].rf_reg_q_reg[1]/D
                                0.13           0.08 f        -0.05  (VIOLATED)
   gen_regfile_ff.register_file_i/g_rf_flops[23].rf_reg_q_reg[0]/D
                                0.13           0.08 f        -0.05  (VIOLATED)
   gen_regfile_ff.register_file_i/g_rf_flops[25].rf_reg_q_reg[1]/D
                                0.13           0.08 f        -0.05  (VIOLATED)
   gen_regfile_ff.register_file_i/g_rf_flops[26].rf_reg_q_reg[1]/D
                                0.13           0.08 f        -0.05  (VIOLATED)
   gen_regfile_ff.register_file_i/g_rf_flops[28].rf_reg_q_reg[1]/D
                                0.13           0.08 f        -0.05  (VIOLATED)
   gen_regfile_ff.register_file_i/g_rf_flops[31].rf_reg_q_reg[0]/D
                                0.13           0.08 f        -0.05  (VIOLATED)
   u_ibex_core/cs_registers_i/u_mie_csr/rdata_q_reg[16]/D
                                0.13           0.08 f        -0.05  (VIOLATED)
   gen_regfile_ff.register_file_i/g_rf_flops[9].rf_reg_q_reg[14]/D
                                0.13           0.08 f        -0.05  (VIOLATED)
   gen_regfile_ff.register_file_i/g_rf_flops[13].rf_reg_q_reg[25]/D
                                0.13           0.08 f        -0.05  (VIOLATED)
   gen_regfile_ff.register_file_i/g_rf_flops[14].rf_reg_q_reg[6]/D
                                0.13           0.08 f        -0.05  (VIOLATED)
   gen_regfile_ff.register_file_i/g_rf_flops[15].rf_reg_q_reg[27]/D
                                0.13           0.08 f        -0.05  (VIOLATED)
   gen_regfile_ff.register_file_i/g_rf_flops[16].rf_reg_q_reg[2]/D
                                0.13           0.08 f        -0.05  (VIOLATED)
   gen_regfile_ff.register_file_i/g_rf_flops[16].rf_reg_q_reg[28]/D
                                0.13           0.08 f        -0.05  (VIOLATED)
   gen_regfile_ff.register_file_i/g_rf_flops[17].rf_reg_q_reg[15]/D
                                0.13           0.08 f        -0.05  (VIOLATED)
   gen_regfile_ff.register_file_i/g_rf_flops[21].rf_reg_q_reg[29]/D
                                0.13           0.08 f        -0.05  (VIOLATED)
   gen_regfile_ff.register_file_i/g_rf_flops[22].rf_reg_q_reg[10]/D
                                0.13           0.08 f        -0.05  (VIOLATED)
   gen_regfile_ff.register_file_i/g_rf_flops[27].rf_reg_q_reg[23]/D
                                0.13           0.08 f        -0.05  (VIOLATED)
   gen_regfile_ff.register_file_i/g_rf_flops[30].rf_reg_q_reg[3]/D
                                0.13           0.08 f        -0.05  (VIOLATED)
   gen_regfile_ff.register_file_i/g_rf_flops[30].rf_reg_q_reg[9]/D
                                0.13           0.08 f        -0.05  (VIOLATED)
   gen_regfile_ff.register_file_i/g_rf_flops[31].rf_reg_q_reg[19]/D
                                0.13           0.08 f        -0.05  (VIOLATED)
   u_ibex_core/cs_registers_i/u_mie_csr/rdata_q_reg[1]/D
                                0.13           0.08 f        -0.05  (VIOLATED)
   u_ibex_core/cs_registers_i/u_mie_csr/rdata_q_reg[12]/D
                                0.13           0.08 f        -0.05  (VIOLATED)
   gen_regfile_ff.register_file_i/g_rf_flops[17].rf_reg_q_reg[0]/D
                                0.13           0.08 f        -0.05  (VIOLATED)
   gen_regfile_ff.register_file_i/g_rf_flops[22].rf_reg_q_reg[1]/D
                                0.13           0.08 f        -0.05  (VIOLATED)
   u_ibex_core/cs_registers_i/u_mie_csr/rdata_q_reg[14]/D
                                0.13           0.08 f        -0.05  (VIOLATED)
   u_ibex_core/if_stage_i/gen_prefetch_buffer.prefetch_buffer_i/fifo_i/rdata_q_reg[0][20]/D
                                0.12           0.07 f        -0.05  (VIOLATED)
   u_ibex_core/if_stage_i/instr_rdata_alu_id_o_reg[12]/D
                                0.12           0.07 f        -0.05  (VIOLATED)
   u_ibex_core/cs_registers_i/mcycle_counter_i/counter_q_reg[2]/D
                                0.13           0.08 f        -0.05  (VIOLATED)
   gen_regfile_ff.register_file_i/g_rf_flops[2].rf_reg_q_reg[31]/D
                                0.13           0.08 f        -0.05  (VIOLATED)
   gen_regfile_ff.register_file_i/g_rf_flops[4].rf_reg_q_reg[31]/D
                                0.13           0.08 f        -0.05  (VIOLATED)
   gen_regfile_ff.register_file_i/g_rf_flops[5].rf_reg_q_reg[31]/D
                                0.13           0.08 f        -0.05  (VIOLATED)
   gen_regfile_ff.register_file_i/g_rf_flops[8].rf_reg_q_reg[31]/D
                                0.13           0.08 f        -0.05  (VIOLATED)
   gen_regfile_ff.register_file_i/g_rf_flops[16].rf_reg_q_reg[31]/D
                                0.13           0.08 f        -0.05  (VIOLATED)
   gen_regfile_ff.register_file_i/g_rf_flops[17].rf_reg_q_reg[31]/D
                                0.13           0.08 f        -0.05  (VIOLATED)
   gen_regfile_ff.register_file_i/g_rf_flops[22].rf_reg_q_reg[31]/D
                                0.13           0.08 f        -0.05  (VIOLATED)
   gen_regfile_ff.register_file_i/g_rf_flops[23].rf_reg_q_reg[31]/D
                                0.13           0.08 f        -0.05  (VIOLATED)
   gen_regfile_ff.register_file_i/g_rf_flops[31].rf_reg_q_reg[31]/D
                                0.13           0.08 f        -0.05  (VIOLATED)
   u_ibex_core/load_store_unit_i/rdata_q_reg[16]/D
                                0.13           0.08 f        -0.05  (VIOLATED)
   gen_regfile_ff.register_file_i/g_rf_flops[2].rf_reg_q_reg[2]/D
                                0.13           0.08 f        -0.05  (VIOLATED)
   gen_regfile_ff.register_file_i/g_rf_flops[2].rf_reg_q_reg[3]/D
                                0.13           0.08 f        -0.05  (VIOLATED)
   gen_regfile_ff.register_file_i/g_rf_flops[3].rf_reg_q_reg[2]/D
                                0.13           0.08 f        -0.05  (VIOLATED)
   gen_regfile_ff.register_file_i/g_rf_flops[3].rf_reg_q_reg[6]/D
                                0.13           0.08 f        -0.05  (VIOLATED)
   gen_regfile_ff.register_file_i/g_rf_flops[3].rf_reg_q_reg[11]/D
                                0.13           0.08 f        -0.05  (VIOLATED)
   gen_regfile_ff.register_file_i/g_rf_flops[3].rf_reg_q_reg[12]/D
                                0.13           0.08 f        -0.05  (VIOLATED)
   gen_regfile_ff.register_file_i/g_rf_flops[3].rf_reg_q_reg[14]/D
                                0.13           0.08 f        -0.05  (VIOLATED)
   gen_regfile_ff.register_file_i/g_rf_flops[3].rf_reg_q_reg[15]/D
                                0.13           0.08 f        -0.05  (VIOLATED)
   gen_regfile_ff.register_file_i/g_rf_flops[3].rf_reg_q_reg[25]/D
                                0.13           0.08 f        -0.05  (VIOLATED)
   gen_regfile_ff.register_file_i/g_rf_flops[3].rf_reg_q_reg[26]/D
                                0.13           0.08 f        -0.05  (VIOLATED)
   gen_regfile_ff.register_file_i/g_rf_flops[3].rf_reg_q_reg[30]/D
                                0.13           0.08 f        -0.05  (VIOLATED)
   gen_regfile_ff.register_file_i/g_rf_flops[4].rf_reg_q_reg[2]/D
                                0.13           0.08 f        -0.05  (VIOLATED)
   gen_regfile_ff.register_file_i/g_rf_flops[4].rf_reg_q_reg[18]/D
                                0.13           0.08 f        -0.05  (VIOLATED)
   gen_regfile_ff.register_file_i/g_rf_flops[4].rf_reg_q_reg[19]/D
                                0.13           0.08 f        -0.05  (VIOLATED)
   gen_regfile_ff.register_file_i/g_rf_flops[4].rf_reg_q_reg[22]/D
                                0.13           0.08 f        -0.05  (VIOLATED)
   gen_regfile_ff.register_file_i/g_rf_flops[5].rf_reg_q_reg[13]/D
                                0.13           0.08 f        -0.05  (VIOLATED)
   gen_regfile_ff.register_file_i/g_rf_flops[5].rf_reg_q_reg[15]/D
                                0.13           0.08 f        -0.05  (VIOLATED)
   gen_regfile_ff.register_file_i/g_rf_flops[5].rf_reg_q_reg[16]/D
                                0.13           0.08 f        -0.05  (VIOLATED)
   gen_regfile_ff.register_file_i/g_rf_flops[5].rf_reg_q_reg[18]/D
                                0.13           0.08 f        -0.05  (VIOLATED)
   gen_regfile_ff.register_file_i/g_rf_flops[5].rf_reg_q_reg[19]/D
                                0.13           0.08 f        -0.05  (VIOLATED)
   gen_regfile_ff.register_file_i/g_rf_flops[5].rf_reg_q_reg[21]/D
                                0.13           0.08 f        -0.05  (VIOLATED)
   gen_regfile_ff.register_file_i/g_rf_flops[5].rf_reg_q_reg[23]/D
                                0.13           0.08 f        -0.05  (VIOLATED)
   gen_regfile_ff.register_file_i/g_rf_flops[5].rf_reg_q_reg[25]/D
                                0.13           0.08 f        -0.05  (VIOLATED)
   gen_regfile_ff.register_file_i/g_rf_flops[5].rf_reg_q_reg[26]/D
                                0.13           0.08 f        -0.05  (VIOLATED)
   gen_regfile_ff.register_file_i/g_rf_flops[6].rf_reg_q_reg[9]/D
                                0.13           0.08 f        -0.05  (VIOLATED)
   gen_regfile_ff.register_file_i/g_rf_flops[6].rf_reg_q_reg[20]/D
                                0.13           0.08 f        -0.05  (VIOLATED)
   gen_regfile_ff.register_file_i/g_rf_flops[6].rf_reg_q_reg[25]/D
                                0.13           0.08 f        -0.05  (VIOLATED)
   gen_regfile_ff.register_file_i/g_rf_flops[6].rf_reg_q_reg[27]/D
                                0.13           0.08 f        -0.05  (VIOLATED)
   gen_regfile_ff.register_file_i/g_rf_flops[6].rf_reg_q_reg[28]/D
                                0.13           0.08 f        -0.05  (VIOLATED)
   gen_regfile_ff.register_file_i/g_rf_flops[7].rf_reg_q_reg[6]/D
                                0.13           0.08 f        -0.05  (VIOLATED)
   gen_regfile_ff.register_file_i/g_rf_flops[7].rf_reg_q_reg[11]/D
                                0.13           0.08 f        -0.05  (VIOLATED)
   gen_regfile_ff.register_file_i/g_rf_flops[7].rf_reg_q_reg[16]/D
                                0.13           0.08 f        -0.05  (VIOLATED)
   gen_regfile_ff.register_file_i/g_rf_flops[7].rf_reg_q_reg[27]/D
                                0.13           0.08 f        -0.05  (VIOLATED)
   gen_regfile_ff.register_file_i/g_rf_flops[8].rf_reg_q_reg[2]/D
                                0.13           0.08 f        -0.05  (VIOLATED)
   gen_regfile_ff.register_file_i/g_rf_flops[8].rf_reg_q_reg[14]/D
                                0.13           0.08 f        -0.05  (VIOLATED)
   gen_regfile_ff.register_file_i/g_rf_flops[8].rf_reg_q_reg[19]/D
                                0.13           0.08 f        -0.05  (VIOLATED)
   gen_regfile_ff.register_file_i/g_rf_flops[8].rf_reg_q_reg[20]/D
                                0.13           0.08 f        -0.05  (VIOLATED)
   gen_regfile_ff.register_file_i/g_rf_flops[8].rf_reg_q_reg[21]/D
                                0.13           0.08 f        -0.05  (VIOLATED)
   gen_regfile_ff.register_file_i/g_rf_flops[8].rf_reg_q_reg[22]/D
                                0.13           0.08 f        -0.05  (VIOLATED)
   gen_regfile_ff.register_file_i/g_rf_flops[8].rf_reg_q_reg[23]/D
                                0.13           0.08 f        -0.05  (VIOLATED)
   gen_regfile_ff.register_file_i/g_rf_flops[9].rf_reg_q_reg[8]/D
                                0.13           0.08 f        -0.05  (VIOLATED)
   gen_regfile_ff.register_file_i/g_rf_flops[9].rf_reg_q_reg[9]/D
                                0.13           0.08 f        -0.05  (VIOLATED)
   gen_regfile_ff.register_file_i/g_rf_flops[9].rf_reg_q_reg[12]/D
                                0.13           0.08 f        -0.05  (VIOLATED)
   gen_regfile_ff.register_file_i/g_rf_flops[9].rf_reg_q_reg[13]/D
                                0.13           0.08 f        -0.05  (VIOLATED)
   gen_regfile_ff.register_file_i/g_rf_flops[9].rf_reg_q_reg[22]/D
                                0.13           0.08 f        -0.05  (VIOLATED)
   gen_regfile_ff.register_file_i/g_rf_flops[9].rf_reg_q_reg[25]/D
                                0.13           0.08 f        -0.05  (VIOLATED)
   gen_regfile_ff.register_file_i/g_rf_flops[10].rf_reg_q_reg[10]/D
                                0.13           0.08 f        -0.05  (VIOLATED)
   gen_regfile_ff.register_file_i/g_rf_flops[10].rf_reg_q_reg[11]/D
                                0.13           0.08 f        -0.05  (VIOLATED)
   gen_regfile_ff.register_file_i/g_rf_flops[10].rf_reg_q_reg[12]/D
                                0.13           0.08 f        -0.05  (VIOLATED)
   gen_regfile_ff.register_file_i/g_rf_flops[10].rf_reg_q_reg[29]/D
                                0.13           0.08 f        -0.05  (VIOLATED)
   gen_regfile_ff.register_file_i/g_rf_flops[10].rf_reg_q_reg[30]/D
                                0.13           0.08 f        -0.05  (VIOLATED)
   gen_regfile_ff.register_file_i/g_rf_flops[11].rf_reg_q_reg[6]/D
                                0.13           0.08 f        -0.05  (VIOLATED)
   gen_regfile_ff.register_file_i/g_rf_flops[11].rf_reg_q_reg[8]/D
                                0.13           0.08 f        -0.05  (VIOLATED)
   gen_regfile_ff.register_file_i/g_rf_flops[11].rf_reg_q_reg[18]/D
                                0.13           0.08 f        -0.05  (VIOLATED)
   gen_regfile_ff.register_file_i/g_rf_flops[11].rf_reg_q_reg[19]/D
                                0.13           0.08 f        -0.05  (VIOLATED)
   gen_regfile_ff.register_file_i/g_rf_flops[11].rf_reg_q_reg[25]/D
                                0.13           0.08 f        -0.05  (VIOLATED)
   gen_regfile_ff.register_file_i/g_rf_flops[11].rf_reg_q_reg[30]/D
                                0.13           0.08 f        -0.05  (VIOLATED)
   gen_regfile_ff.register_file_i/g_rf_flops[13].rf_reg_q_reg[3]/D
                                0.13           0.08 f        -0.05  (VIOLATED)
   gen_regfile_ff.register_file_i/g_rf_flops[13].rf_reg_q_reg[4]/D
                                0.13           0.08 f        -0.05  (VIOLATED)
   gen_regfile_ff.register_file_i/g_rf_flops[13].rf_reg_q_reg[5]/D
                                0.13           0.08 f        -0.05  (VIOLATED)
   gen_regfile_ff.register_file_i/g_rf_flops[13].rf_reg_q_reg[6]/D
                                0.13           0.08 f        -0.05  (VIOLATED)
   gen_regfile_ff.register_file_i/g_rf_flops[13].rf_reg_q_reg[8]/D
                                0.13           0.08 f        -0.05  (VIOLATED)
   gen_regfile_ff.register_file_i/g_rf_flops[13].rf_reg_q_reg[9]/D
                                0.13           0.08 f        -0.05  (VIOLATED)
   gen_regfile_ff.register_file_i/g_rf_flops[13].rf_reg_q_reg[10]/D
                                0.13           0.08 f        -0.05  (VIOLATED)
   gen_regfile_ff.register_file_i/g_rf_flops[13].rf_reg_q_reg[13]/D
                                0.13           0.08 f        -0.05  (VIOLATED)
   gen_regfile_ff.register_file_i/g_rf_flops[13].rf_reg_q_reg[17]/D
                                0.13           0.08 f        -0.05  (VIOLATED)
   gen_regfile_ff.register_file_i/g_rf_flops[13].rf_reg_q_reg[24]/D
                                0.13           0.08 f        -0.05  (VIOLATED)
   gen_regfile_ff.register_file_i/g_rf_flops[13].rf_reg_q_reg[27]/D
                                0.13           0.08 f        -0.05  (VIOLATED)
   gen_regfile_ff.register_file_i/g_rf_flops[13].rf_reg_q_reg[28]/D
                                0.13           0.08 f        -0.05  (VIOLATED)
   gen_regfile_ff.register_file_i/g_rf_flops[14].rf_reg_q_reg[2]/D
                                0.13           0.08 f        -0.05  (VIOLATED)
   gen_regfile_ff.register_file_i/g_rf_flops[14].rf_reg_q_reg[3]/D
                                0.13           0.08 f        -0.05  (VIOLATED)
   gen_regfile_ff.register_file_i/g_rf_flops[14].rf_reg_q_reg[17]/D
                                0.13           0.08 f        -0.05  (VIOLATED)
   gen_regfile_ff.register_file_i/g_rf_flops[14].rf_reg_q_reg[22]/D
                                0.13           0.08 f        -0.05  (VIOLATED)
   gen_regfile_ff.register_file_i/g_rf_flops[14].rf_reg_q_reg[23]/D
                                0.13           0.08 f        -0.05  (VIOLATED)
   gen_regfile_ff.register_file_i/g_rf_flops[14].rf_reg_q_reg[26]/D
                                0.13           0.08 f        -0.05  (VIOLATED)
   gen_regfile_ff.register_file_i/g_rf_flops[14].rf_reg_q_reg[30]/D
                                0.13           0.08 f        -0.05  (VIOLATED)
   gen_regfile_ff.register_file_i/g_rf_flops[15].rf_reg_q_reg[2]/D
                                0.13           0.08 f        -0.05  (VIOLATED)
   gen_regfile_ff.register_file_i/g_rf_flops[15].rf_reg_q_reg[4]/D
                                0.13           0.08 f        -0.05  (VIOLATED)
   gen_regfile_ff.register_file_i/g_rf_flops[15].rf_reg_q_reg[5]/D
                                0.13           0.08 f        -0.05  (VIOLATED)
   gen_regfile_ff.register_file_i/g_rf_flops[15].rf_reg_q_reg[6]/D
                                0.13           0.08 f        -0.05  (VIOLATED)
   gen_regfile_ff.register_file_i/g_rf_flops[15].rf_reg_q_reg[7]/D
                                0.13           0.08 f        -0.05  (VIOLATED)
   gen_regfile_ff.register_file_i/g_rf_flops[15].rf_reg_q_reg[9]/D
                                0.13           0.08 f        -0.05  (VIOLATED)
   gen_regfile_ff.register_file_i/g_rf_flops[15].rf_reg_q_reg[11]/D
                                0.13           0.08 f        -0.05  (VIOLATED)
   gen_regfile_ff.register_file_i/g_rf_flops[15].rf_reg_q_reg[12]/D
                                0.13           0.08 f        -0.05  (VIOLATED)
   gen_regfile_ff.register_file_i/g_rf_flops[15].rf_reg_q_reg[15]/D
                                0.13           0.08 f        -0.05  (VIOLATED)
   gen_regfile_ff.register_file_i/g_rf_flops[15].rf_reg_q_reg[18]/D
                                0.13           0.08 f        -0.05  (VIOLATED)
   gen_regfile_ff.register_file_i/g_rf_flops[15].rf_reg_q_reg[20]/D
                                0.13           0.08 f        -0.05  (VIOLATED)
   gen_regfile_ff.register_file_i/g_rf_flops[15].rf_reg_q_reg[21]/D
                                0.13           0.08 f        -0.05  (VIOLATED)
   gen_regfile_ff.register_file_i/g_rf_flops[16].rf_reg_q_reg[11]/D
                                0.13           0.08 f        -0.05  (VIOLATED)
   gen_regfile_ff.register_file_i/g_rf_flops[16].rf_reg_q_reg[12]/D
                                0.13           0.08 f        -0.05  (VIOLATED)
   gen_regfile_ff.register_file_i/g_rf_flops[16].rf_reg_q_reg[15]/D
                                0.13           0.08 f        -0.05  (VIOLATED)
   gen_regfile_ff.register_file_i/g_rf_flops[16].rf_reg_q_reg[17]/D
                                0.13           0.08 f        -0.05  (VIOLATED)
   gen_regfile_ff.register_file_i/g_rf_flops[16].rf_reg_q_reg[21]/D
                                0.13           0.08 f        -0.05  (VIOLATED)
   gen_regfile_ff.register_file_i/g_rf_flops[16].rf_reg_q_reg[23]/D
                                0.13           0.08 f        -0.05  (VIOLATED)
   gen_regfile_ff.register_file_i/g_rf_flops[16].rf_reg_q_reg[24]/D
                                0.13           0.08 f        -0.05  (VIOLATED)
   gen_regfile_ff.register_file_i/g_rf_flops[16].rf_reg_q_reg[26]/D
                                0.13           0.08 f        -0.05  (VIOLATED)
   gen_regfile_ff.register_file_i/g_rf_flops[16].rf_reg_q_reg[27]/D
                                0.13           0.08 f        -0.05  (VIOLATED)
   gen_regfile_ff.register_file_i/g_rf_flops[16].rf_reg_q_reg[29]/D
                                0.13           0.08 f        -0.05  (VIOLATED)
   gen_regfile_ff.register_file_i/g_rf_flops[17].rf_reg_q_reg[7]/D
                                0.13           0.08 f        -0.05  (VIOLATED)
   gen_regfile_ff.register_file_i/g_rf_flops[17].rf_reg_q_reg[8]/D
                                0.13           0.08 f        -0.05  (VIOLATED)
   gen_regfile_ff.register_file_i/g_rf_flops[17].rf_reg_q_reg[9]/D
                                0.13           0.08 f        -0.05  (VIOLATED)
   gen_regfile_ff.register_file_i/g_rf_flops[17].rf_reg_q_reg[10]/D
                                0.13           0.08 f        -0.05  (VIOLATED)
   gen_regfile_ff.register_file_i/g_rf_flops[17].rf_reg_q_reg[11]/D
                                0.13           0.08 f        -0.05  (VIOLATED)
   gen_regfile_ff.register_file_i/g_rf_flops[17].rf_reg_q_reg[14]/D
                                0.13           0.08 f        -0.05  (VIOLATED)
   gen_regfile_ff.register_file_i/g_rf_flops[17].rf_reg_q_reg[16]/D
                                0.13           0.08 f        -0.05  (VIOLATED)
   gen_regfile_ff.register_file_i/g_rf_flops[17].rf_reg_q_reg[22]/D
                                0.13           0.08 f        -0.05  (VIOLATED)
   gen_regfile_ff.register_file_i/g_rf_flops[17].rf_reg_q_reg[24]/D
                                0.13           0.08 f        -0.05  (VIOLATED)
   gen_regfile_ff.register_file_i/g_rf_flops[18].rf_reg_q_reg[3]/D
                                0.13           0.08 f        -0.05  (VIOLATED)
   gen_regfile_ff.register_file_i/g_rf_flops[18].rf_reg_q_reg[4]/D
                                0.13           0.08 f        -0.05  (VIOLATED)
   gen_regfile_ff.register_file_i/g_rf_flops[18].rf_reg_q_reg[9]/D
                                0.13           0.08 f        -0.05  (VIOLATED)
   gen_regfile_ff.register_file_i/g_rf_flops[18].rf_reg_q_reg[11]/D
                                0.13           0.08 f        -0.05  (VIOLATED)
   gen_regfile_ff.register_file_i/g_rf_flops[18].rf_reg_q_reg[13]/D
                                0.13           0.08 f        -0.05  (VIOLATED)
   gen_regfile_ff.register_file_i/g_rf_flops[18].rf_reg_q_reg[16]/D
                                0.13           0.08 f        -0.05  (VIOLATED)
   gen_regfile_ff.register_file_i/g_rf_flops[18].rf_reg_q_reg[18]/D
                                0.13           0.08 f        -0.05  (VIOLATED)
   gen_regfile_ff.register_file_i/g_rf_flops[18].rf_reg_q_reg[20]/D
                                0.13           0.08 f        -0.05  (VIOLATED)
   gen_regfile_ff.register_file_i/g_rf_flops[18].rf_reg_q_reg[21]/D
                                0.13           0.08 f        -0.05  (VIOLATED)
   gen_regfile_ff.register_file_i/g_rf_flops[18].rf_reg_q_reg[22]/D
                                0.13           0.08 f        -0.05  (VIOLATED)
   gen_regfile_ff.register_file_i/g_rf_flops[18].rf_reg_q_reg[23]/D
                                0.13           0.08 f        -0.05  (VIOLATED)
   gen_regfile_ff.register_file_i/g_rf_flops[18].rf_reg_q_reg[26]/D
                                0.13           0.08 f        -0.05  (VIOLATED)
   gen_regfile_ff.register_file_i/g_rf_flops[18].rf_reg_q_reg[27]/D
                                0.13           0.08 f        -0.05  (VIOLATED)
   gen_regfile_ff.register_file_i/g_rf_flops[18].rf_reg_q_reg[28]/D
                                0.13           0.08 f        -0.05  (VIOLATED)
   gen_regfile_ff.register_file_i/g_rf_flops[18].rf_reg_q_reg[29]/D
                                0.13           0.08 f        -0.05  (VIOLATED)
   gen_regfile_ff.register_file_i/g_rf_flops[20].rf_reg_q_reg[3]/D
                                0.13           0.08 f        -0.05  (VIOLATED)
   gen_regfile_ff.register_file_i/g_rf_flops[20].rf_reg_q_reg[4]/D
                                0.13           0.08 f        -0.05  (VIOLATED)
   gen_regfile_ff.register_file_i/g_rf_flops[20].rf_reg_q_reg[5]/D
                                0.13           0.08 f        -0.05  (VIOLATED)
   gen_regfile_ff.register_file_i/g_rf_flops[20].rf_reg_q_reg[6]/D
                                0.13           0.08 f        -0.05  (VIOLATED)
   gen_regfile_ff.register_file_i/g_rf_flops[20].rf_reg_q_reg[7]/D
                                0.13           0.08 f        -0.05  (VIOLATED)
   gen_regfile_ff.register_file_i/g_rf_flops[20].rf_reg_q_reg[11]/D
                                0.13           0.08 f        -0.05  (VIOLATED)
   gen_regfile_ff.register_file_i/g_rf_flops[20].rf_reg_q_reg[15]/D
                                0.13           0.08 f        -0.05  (VIOLATED)
   gen_regfile_ff.register_file_i/g_rf_flops[20].rf_reg_q_reg[17]/D
                                0.13           0.08 f        -0.05  (VIOLATED)
   gen_regfile_ff.register_file_i/g_rf_flops[20].rf_reg_q_reg[23]/D
                                0.13           0.08 f        -0.05  (VIOLATED)
   gen_regfile_ff.register_file_i/g_rf_flops[20].rf_reg_q_reg[24]/D
                                0.13           0.08 f        -0.05  (VIOLATED)
   gen_regfile_ff.register_file_i/g_rf_flops[20].rf_reg_q_reg[27]/D
                                0.13           0.08 f        -0.05  (VIOLATED)
   gen_regfile_ff.register_file_i/g_rf_flops[20].rf_reg_q_reg[30]/D
                                0.13           0.08 f        -0.05  (VIOLATED)
   gen_regfile_ff.register_file_i/g_rf_flops[21].rf_reg_q_reg[8]/D
                                0.13           0.08 f        -0.05  (VIOLATED)
   gen_regfile_ff.register_file_i/g_rf_flops[21].rf_reg_q_reg[17]/D
                                0.13           0.08 f        -0.05  (VIOLATED)
   gen_regfile_ff.register_file_i/g_rf_flops[21].rf_reg_q_reg[18]/D
                                0.13           0.08 f        -0.05  (VIOLATED)
   gen_regfile_ff.register_file_i/g_rf_flops[22].rf_reg_q_reg[16]/D
                                0.13           0.08 f        -0.05  (VIOLATED)
   gen_regfile_ff.register_file_i/g_rf_flops[23].rf_reg_q_reg[3]/D
                                0.13           0.08 f        -0.05  (VIOLATED)
   gen_regfile_ff.register_file_i/g_rf_flops[23].rf_reg_q_reg[7]/D
                                0.13           0.08 f        -0.05  (VIOLATED)
   gen_regfile_ff.register_file_i/g_rf_flops[23].rf_reg_q_reg[8]/D
                                0.13           0.08 f        -0.05  (VIOLATED)
   gen_regfile_ff.register_file_i/g_rf_flops[23].rf_reg_q_reg[10]/D
                                0.13           0.08 f        -0.05  (VIOLATED)
   gen_regfile_ff.register_file_i/g_rf_flops[23].rf_reg_q_reg[13]/D
                                0.13           0.08 f        -0.05  (VIOLATED)
   gen_regfile_ff.register_file_i/g_rf_flops[23].rf_reg_q_reg[14]/D
                                0.13           0.08 f        -0.05  (VIOLATED)
   gen_regfile_ff.register_file_i/g_rf_flops[23].rf_reg_q_reg[16]/D
                                0.13           0.08 f        -0.05  (VIOLATED)
   gen_regfile_ff.register_file_i/g_rf_flops[23].rf_reg_q_reg[20]/D
                                0.13           0.08 f        -0.05  (VIOLATED)
   gen_regfile_ff.register_file_i/g_rf_flops[23].rf_reg_q_reg[26]/D
                                0.13           0.08 f        -0.05  (VIOLATED)
   gen_regfile_ff.register_file_i/g_rf_flops[23].rf_reg_q_reg[28]/D
                                0.13           0.08 f        -0.05  (VIOLATED)
   gen_regfile_ff.register_file_i/g_rf_flops[23].rf_reg_q_reg[29]/D
                                0.13           0.08 f        -0.05  (VIOLATED)
   gen_regfile_ff.register_file_i/g_rf_flops[24].rf_reg_q_reg[3]/D
                                0.13           0.08 f        -0.05  (VIOLATED)
   gen_regfile_ff.register_file_i/g_rf_flops[24].rf_reg_q_reg[4]/D
                                0.13           0.08 f        -0.05  (VIOLATED)
   gen_regfile_ff.register_file_i/g_rf_flops[24].rf_reg_q_reg[5]/D
                                0.13           0.08 f        -0.05  (VIOLATED)
   gen_regfile_ff.register_file_i/g_rf_flops[24].rf_reg_q_reg[14]/D
                                0.13           0.08 f        -0.05  (VIOLATED)
   gen_regfile_ff.register_file_i/g_rf_flops[24].rf_reg_q_reg[19]/D
                                0.13           0.08 f        -0.05  (VIOLATED)
   gen_regfile_ff.register_file_i/g_rf_flops[24].rf_reg_q_reg[21]/D
                                0.13           0.08 f        -0.05  (VIOLATED)
   gen_regfile_ff.register_file_i/g_rf_flops[24].rf_reg_q_reg[24]/D
                                0.13           0.08 f        -0.05  (VIOLATED)
   gen_regfile_ff.register_file_i/g_rf_flops[25].rf_reg_q_reg[7]/D
                                0.13           0.08 f        -0.05  (VIOLATED)
   gen_regfile_ff.register_file_i/g_rf_flops[25].rf_reg_q_reg[9]/D
                                0.13           0.08 f        -0.05  (VIOLATED)
   gen_regfile_ff.register_file_i/g_rf_flops[25].rf_reg_q_reg[21]/D
                                0.13           0.08 f        -0.05  (VIOLATED)
   gen_regfile_ff.register_file_i/g_rf_flops[25].rf_reg_q_reg[24]/D
                                0.13           0.08 f        -0.05  (VIOLATED)
   gen_regfile_ff.register_file_i/g_rf_flops[25].rf_reg_q_reg[28]/D
                                0.13           0.08 f        -0.05  (VIOLATED)
   gen_regfile_ff.register_file_i/g_rf_flops[25].rf_reg_q_reg[29]/D
                                0.13           0.08 f        -0.05  (VIOLATED)
   gen_regfile_ff.register_file_i/g_rf_flops[26].rf_reg_q_reg[17]/D
                                0.13           0.08 f        -0.05  (VIOLATED)
   gen_regfile_ff.register_file_i/g_rf_flops[26].rf_reg_q_reg[18]/D
                                0.13           0.08 f        -0.05  (VIOLATED)
   gen_regfile_ff.register_file_i/g_rf_flops[27].rf_reg_q_reg[5]/D
                                0.13           0.08 f        -0.05  (VIOLATED)
   gen_regfile_ff.register_file_i/g_rf_flops[27].rf_reg_q_reg[12]/D
                                0.13           0.08 f        -0.05  (VIOLATED)
   gen_regfile_ff.register_file_i/g_rf_flops[27].rf_reg_q_reg[14]/D
                                0.13           0.08 f        -0.05  (VIOLATED)
   gen_regfile_ff.register_file_i/g_rf_flops[27].rf_reg_q_reg[15]/D
                                0.13           0.08 f        -0.05  (VIOLATED)
   gen_regfile_ff.register_file_i/g_rf_flops[27].rf_reg_q_reg[16]/D
                                0.13           0.08 f        -0.05  (VIOLATED)
   gen_regfile_ff.register_file_i/g_rf_flops[27].rf_reg_q_reg[19]/D
                                0.13           0.08 f        -0.05  (VIOLATED)
   gen_regfile_ff.register_file_i/g_rf_flops[27].rf_reg_q_reg[22]/D
                                0.13           0.08 f        -0.05  (VIOLATED)
   gen_regfile_ff.register_file_i/g_rf_flops[27].rf_reg_q_reg[29]/D
                                0.13           0.08 f        -0.05  (VIOLATED)
   gen_regfile_ff.register_file_i/g_rf_flops[28].rf_reg_q_reg[10]/D
                                0.13           0.08 f        -0.05  (VIOLATED)
   gen_regfile_ff.register_file_i/g_rf_flops[28].rf_reg_q_reg[12]/D
                                0.13           0.08 f        -0.05  (VIOLATED)
   gen_regfile_ff.register_file_i/g_rf_flops[28].rf_reg_q_reg[14]/D
                                0.13           0.08 f        -0.05  (VIOLATED)
   gen_regfile_ff.register_file_i/g_rf_flops[28].rf_reg_q_reg[17]/D
                                0.13           0.08 f        -0.05  (VIOLATED)
   gen_regfile_ff.register_file_i/g_rf_flops[28].rf_reg_q_reg[21]/D
                                0.13           0.08 f        -0.05  (VIOLATED)
   gen_regfile_ff.register_file_i/g_rf_flops[29].rf_reg_q_reg[4]/D
                                0.13           0.08 f        -0.05  (VIOLATED)
   gen_regfile_ff.register_file_i/g_rf_flops[29].rf_reg_q_reg[5]/D
                                0.13           0.08 f        -0.05  (VIOLATED)
   gen_regfile_ff.register_file_i/g_rf_flops[30].rf_reg_q_reg[2]/D
                                0.13           0.08 f        -0.05  (VIOLATED)
   gen_regfile_ff.register_file_i/g_rf_flops[30].rf_reg_q_reg[5]/D
                                0.13           0.08 f        -0.05  (VIOLATED)
   gen_regfile_ff.register_file_i/g_rf_flops[30].rf_reg_q_reg[7]/D
                                0.13           0.08 f        -0.05  (VIOLATED)
   gen_regfile_ff.register_file_i/g_rf_flops[30].rf_reg_q_reg[8]/D
                                0.13           0.08 f        -0.05  (VIOLATED)
   gen_regfile_ff.register_file_i/g_rf_flops[30].rf_reg_q_reg[11]/D
                                0.13           0.08 f        -0.05  (VIOLATED)
   gen_regfile_ff.register_file_i/g_rf_flops[30].rf_reg_q_reg[12]/D
                                0.13           0.08 f        -0.05  (VIOLATED)
   gen_regfile_ff.register_file_i/g_rf_flops[30].rf_reg_q_reg[13]/D
                                0.13           0.08 f        -0.05  (VIOLATED)
   gen_regfile_ff.register_file_i/g_rf_flops[30].rf_reg_q_reg[18]/D
                                0.13           0.08 f        -0.05  (VIOLATED)
   gen_regfile_ff.register_file_i/g_rf_flops[30].rf_reg_q_reg[20]/D
                                0.13           0.08 f        -0.05  (VIOLATED)
   gen_regfile_ff.register_file_i/g_rf_flops[30].rf_reg_q_reg[25]/D
                                0.13           0.08 f        -0.05  (VIOLATED)
   gen_regfile_ff.register_file_i/g_rf_flops[30].rf_reg_q_reg[26]/D
                                0.13           0.08 f        -0.05  (VIOLATED)
   gen_regfile_ff.register_file_i/g_rf_flops[30].rf_reg_q_reg[27]/D
                                0.13           0.08 f        -0.05  (VIOLATED)
   gen_regfile_ff.register_file_i/g_rf_flops[30].rf_reg_q_reg[28]/D
                                0.13           0.08 f        -0.05  (VIOLATED)
   gen_regfile_ff.register_file_i/g_rf_flops[30].rf_reg_q_reg[29]/D
                                0.13           0.08 f        -0.05  (VIOLATED)
   gen_regfile_ff.register_file_i/g_rf_flops[30].rf_reg_q_reg[30]/D
                                0.13           0.08 f        -0.05  (VIOLATED)
   gen_regfile_ff.register_file_i/g_rf_flops[31].rf_reg_q_reg[4]/D
                                0.13           0.08 f        -0.05  (VIOLATED)
   gen_regfile_ff.register_file_i/g_rf_flops[31].rf_reg_q_reg[6]/D
                                0.13           0.08 f        -0.05  (VIOLATED)
   gen_regfile_ff.register_file_i/g_rf_flops[31].rf_reg_q_reg[8]/D
                                0.13           0.08 f        -0.05  (VIOLATED)
   gen_regfile_ff.register_file_i/g_rf_flops[31].rf_reg_q_reg[10]/D
                                0.13           0.08 f        -0.05  (VIOLATED)
   gen_regfile_ff.register_file_i/g_rf_flops[31].rf_reg_q_reg[13]/D
                                0.13           0.08 f        -0.05  (VIOLATED)
   gen_regfile_ff.register_file_i/g_rf_flops[31].rf_reg_q_reg[18]/D
                                0.13           0.08 f        -0.05  (VIOLATED)
   gen_regfile_ff.register_file_i/g_rf_flops[31].rf_reg_q_reg[21]/D
                                0.13           0.08 f        -0.05  (VIOLATED)
   gen_regfile_ff.register_file_i/g_rf_flops[31].rf_reg_q_reg[22]/D
                                0.13           0.08 f        -0.05  (VIOLATED)
   gen_regfile_ff.register_file_i/g_rf_flops[31].rf_reg_q_reg[24]/D
                                0.13           0.08 f        -0.05  (VIOLATED)
   gen_regfile_ff.register_file_i/g_rf_flops[31].rf_reg_q_reg[28]/D
                                0.13           0.08 f        -0.05  (VIOLATED)
   gen_regfile_ff.register_file_i/g_rf_flops[3].rf_reg_q_reg[0]/D
                                0.13           0.08 f        -0.05  (VIOLATED)
   gen_regfile_ff.register_file_i/g_rf_flops[4].rf_reg_q_reg[0]/D
                                0.13           0.08 f        -0.05  (VIOLATED)
   gen_regfile_ff.register_file_i/g_rf_flops[4].rf_reg_q_reg[1]/D
                                0.13           0.08 f        -0.05  (VIOLATED)
   gen_regfile_ff.register_file_i/g_rf_flops[5].rf_reg_q_reg[1]/D
                                0.13           0.08 f        -0.05  (VIOLATED)
   gen_regfile_ff.register_file_i/g_rf_flops[6].rf_reg_q_reg[0]/D
                                0.13           0.08 f        -0.05  (VIOLATED)
   gen_regfile_ff.register_file_i/g_rf_flops[9].rf_reg_q_reg[1]/D
                                0.13           0.08 f        -0.05  (VIOLATED)
   gen_regfile_ff.register_file_i/g_rf_flops[13].rf_reg_q_reg[1]/D
                                0.13           0.08 f        -0.05  (VIOLATED)
   gen_regfile_ff.register_file_i/g_rf_flops[14].rf_reg_q_reg[0]/D
                                0.13           0.08 f        -0.05  (VIOLATED)
   gen_regfile_ff.register_file_i/g_rf_flops[14].rf_reg_q_reg[1]/D
                                0.13           0.08 f        -0.05  (VIOLATED)
   gen_regfile_ff.register_file_i/g_rf_flops[15].rf_reg_q_reg[1]/D
                                0.13           0.08 f        -0.05  (VIOLATED)
   gen_regfile_ff.register_file_i/g_rf_flops[17].rf_reg_q_reg[1]/D
                                0.13           0.08 f        -0.05  (VIOLATED)
   gen_regfile_ff.register_file_i/g_rf_flops[21].rf_reg_q_reg[1]/D
                                0.13           0.08 f        -0.05  (VIOLATED)
   gen_regfile_ff.register_file_i/g_rf_flops[25].rf_reg_q_reg[0]/D
                                0.13           0.08 f        -0.05  (VIOLATED)
   gen_regfile_ff.register_file_i/g_rf_flops[30].rf_reg_q_reg[0]/D
                                0.13           0.08 f        -0.05  (VIOLATED)
   u_ibex_core/if_stage_i/gen_prefetch_buffer.prefetch_buffer_i/discard_req_q_reg/D
                                0.13           0.08 f        -0.05  (VIOLATED)
   u_ibex_core/load_store_unit_i/data_type_q_reg[0]/D
                                0.13           0.08 f        -0.05  (VIOLATED)
   gen_regfile_ff.register_file_i/g_rf_flops[1].rf_reg_q_reg[20]/D
                                0.13           0.08 f        -0.05  (VIOLATED)
   u_ibex_core/cs_registers_i/u_dcsr_csr/rdata_q_reg[15]/D
                                0.13           0.08 f        -0.05  (VIOLATED)
   gen_regfile_ff.register_file_i/g_rf_flops[2].rf_reg_q_reg[4]/D
                                0.13           0.08 f        -0.05  (VIOLATED)
   gen_regfile_ff.register_file_i/g_rf_flops[2].rf_reg_q_reg[5]/D
                                0.13           0.08 f        -0.05  (VIOLATED)
   gen_regfile_ff.register_file_i/g_rf_flops[2].rf_reg_q_reg[21]/D
                                0.13           0.08 f        -0.05  (VIOLATED)
   gen_regfile_ff.register_file_i/g_rf_flops[2].rf_reg_q_reg[26]/D
                                0.13           0.08 f        -0.05  (VIOLATED)
   gen_regfile_ff.register_file_i/g_rf_flops[3].rf_reg_q_reg[4]/D
                                0.13           0.08 f        -0.05  (VIOLATED)
   gen_regfile_ff.register_file_i/g_rf_flops[3].rf_reg_q_reg[5]/D
                                0.13           0.08 f        -0.05  (VIOLATED)
   gen_regfile_ff.register_file_i/g_rf_flops[3].rf_reg_q_reg[7]/D
                                0.13           0.08 f        -0.05  (VIOLATED)
   gen_regfile_ff.register_file_i/g_rf_flops[3].rf_reg_q_reg[8]/D
                                0.13           0.08 f        -0.05  (VIOLATED)
   gen_regfile_ff.register_file_i/g_rf_flops[3].rf_reg_q_reg[9]/D
                                0.13           0.08 f        -0.05  (VIOLATED)
   gen_regfile_ff.register_file_i/g_rf_flops[3].rf_reg_q_reg[13]/D
                                0.13           0.08 f        -0.05  (VIOLATED)
   gen_regfile_ff.register_file_i/g_rf_flops[3].rf_reg_q_reg[17]/D
                                0.13           0.08 f        -0.05  (VIOLATED)
   gen_regfile_ff.register_file_i/g_rf_flops[3].rf_reg_q_reg[18]/D
                                0.13           0.08 f        -0.05  (VIOLATED)
   gen_regfile_ff.register_file_i/g_rf_flops[3].rf_reg_q_reg[22]/D
                                0.13           0.08 f        -0.05  (VIOLATED)
   gen_regfile_ff.register_file_i/g_rf_flops[3].rf_reg_q_reg[23]/D
                                0.13           0.08 f        -0.05  (VIOLATED)
   gen_regfile_ff.register_file_i/g_rf_flops[3].rf_reg_q_reg[24]/D
                                0.13           0.08 f        -0.05  (VIOLATED)
   gen_regfile_ff.register_file_i/g_rf_flops[3].rf_reg_q_reg[27]/D
                                0.13           0.08 f        -0.05  (VIOLATED)
   gen_regfile_ff.register_file_i/g_rf_flops[3].rf_reg_q_reg[28]/D
                                0.13           0.08 f        -0.05  (VIOLATED)
   gen_regfile_ff.register_file_i/g_rf_flops[3].rf_reg_q_reg[29]/D
                                0.13           0.08 f        -0.05  (VIOLATED)
   gen_regfile_ff.register_file_i/g_rf_flops[4].rf_reg_q_reg[3]/D
                                0.13           0.08 f        -0.05  (VIOLATED)
   gen_regfile_ff.register_file_i/g_rf_flops[4].rf_reg_q_reg[4]/D
                                0.13           0.08 f        -0.05  (VIOLATED)
   gen_regfile_ff.register_file_i/g_rf_flops[4].rf_reg_q_reg[5]/D
                                0.13           0.08 f        -0.05  (VIOLATED)
   gen_regfile_ff.register_file_i/g_rf_flops[4].rf_reg_q_reg[6]/D
                                0.13           0.08 f        -0.05  (VIOLATED)
   gen_regfile_ff.register_file_i/g_rf_flops[4].rf_reg_q_reg[8]/D
                                0.13           0.08 f        -0.05  (VIOLATED)
   gen_regfile_ff.register_file_i/g_rf_flops[4].rf_reg_q_reg[9]/D
                                0.13           0.08 f        -0.05  (VIOLATED)
   gen_regfile_ff.register_file_i/g_rf_flops[4].rf_reg_q_reg[10]/D
                                0.13           0.08 f        -0.05  (VIOLATED)
   gen_regfile_ff.register_file_i/g_rf_flops[4].rf_reg_q_reg[13]/D
                                0.13           0.08 f        -0.05  (VIOLATED)
   gen_regfile_ff.register_file_i/g_rf_flops[4].rf_reg_q_reg[15]/D
                                0.13           0.08 f        -0.05  (VIOLATED)
   gen_regfile_ff.register_file_i/g_rf_flops[4].rf_reg_q_reg[16]/D
                                0.13           0.08 f        -0.05  (VIOLATED)
   gen_regfile_ff.register_file_i/g_rf_flops[4].rf_reg_q_reg[21]/D
                                0.13           0.08 f        -0.05  (VIOLATED)
   gen_regfile_ff.register_file_i/g_rf_flops[4].rf_reg_q_reg[24]/D
                                0.13           0.08 f        -0.05  (VIOLATED)
   gen_regfile_ff.register_file_i/g_rf_flops[4].rf_reg_q_reg[25]/D
                                0.13           0.08 f        -0.05  (VIOLATED)
   gen_regfile_ff.register_file_i/g_rf_flops[4].rf_reg_q_reg[26]/D
                                0.13           0.08 f        -0.05  (VIOLATED)
   gen_regfile_ff.register_file_i/g_rf_flops[4].rf_reg_q_reg[27]/D
                                0.13           0.08 f        -0.05  (VIOLATED)
   gen_regfile_ff.register_file_i/g_rf_flops[4].rf_reg_q_reg[28]/D
                                0.13           0.08 f        -0.05  (VIOLATED)
   gen_regfile_ff.register_file_i/g_rf_flops[4].rf_reg_q_reg[30]/D
                                0.13           0.08 f        -0.05  (VIOLATED)
   gen_regfile_ff.register_file_i/g_rf_flops[5].rf_reg_q_reg[2]/D
                                0.13           0.08 f        -0.05  (VIOLATED)
   gen_regfile_ff.register_file_i/g_rf_flops[5].rf_reg_q_reg[3]/D
                                0.13           0.08 f        -0.05  (VIOLATED)
   gen_regfile_ff.register_file_i/g_rf_flops[5].rf_reg_q_reg[4]/D
                                0.13           0.08 f        -0.05  (VIOLATED)
   gen_regfile_ff.register_file_i/g_rf_flops[5].rf_reg_q_reg[5]/D
                                0.13           0.08 f        -0.05  (VIOLATED)
   gen_regfile_ff.register_file_i/g_rf_flops[5].rf_reg_q_reg[7]/D
                                0.13           0.08 f        -0.05  (VIOLATED)
   gen_regfile_ff.register_file_i/g_rf_flops[5].rf_reg_q_reg[8]/D
                                0.13           0.08 f        -0.05  (VIOLATED)
   gen_regfile_ff.register_file_i/g_rf_flops[5].rf_reg_q_reg[9]/D
                                0.13           0.08 f        -0.05  (VIOLATED)
   gen_regfile_ff.register_file_i/g_rf_flops[5].rf_reg_q_reg[10]/D
                                0.13           0.08 f        -0.05  (VIOLATED)
   gen_regfile_ff.register_file_i/g_rf_flops[5].rf_reg_q_reg[11]/D
                                0.13           0.08 f        -0.05  (VIOLATED)
   gen_regfile_ff.register_file_i/g_rf_flops[5].rf_reg_q_reg[12]/D
                                0.13           0.08 f        -0.05  (VIOLATED)
   gen_regfile_ff.register_file_i/g_rf_flops[5].rf_reg_q_reg[17]/D
                                0.13           0.08 f        -0.05  (VIOLATED)
   gen_regfile_ff.register_file_i/g_rf_flops[5].rf_reg_q_reg[20]/D
                                0.13           0.08 f        -0.05  (VIOLATED)
   gen_regfile_ff.register_file_i/g_rf_flops[5].rf_reg_q_reg[22]/D
                                0.13           0.08 f        -0.05  (VIOLATED)
   gen_regfile_ff.register_file_i/g_rf_flops[5].rf_reg_q_reg[24]/D
                                0.13           0.08 f        -0.05  (VIOLATED)
   gen_regfile_ff.register_file_i/g_rf_flops[5].rf_reg_q_reg[28]/D
                                0.13           0.08 f        -0.05  (VIOLATED)
   gen_regfile_ff.register_file_i/g_rf_flops[5].rf_reg_q_reg[30]/D
                                0.13           0.08 f        -0.05  (VIOLATED)
   gen_regfile_ff.register_file_i/g_rf_flops[6].rf_reg_q_reg[10]/D
                                0.13           0.08 f        -0.05  (VIOLATED)
   gen_regfile_ff.register_file_i/g_rf_flops[6].rf_reg_q_reg[11]/D
                                0.13           0.08 f        -0.05  (VIOLATED)
   gen_regfile_ff.register_file_i/g_rf_flops[6].rf_reg_q_reg[13]/D
                                0.13           0.08 f        -0.05  (VIOLATED)
   gen_regfile_ff.register_file_i/g_rf_flops[6].rf_reg_q_reg[14]/D
                                0.13           0.08 f        -0.05  (VIOLATED)
   gen_regfile_ff.register_file_i/g_rf_flops[6].rf_reg_q_reg[16]/D
                                0.13           0.08 f        -0.05  (VIOLATED)
   gen_regfile_ff.register_file_i/g_rf_flops[6].rf_reg_q_reg[17]/D
                                0.13           0.08 f        -0.05  (VIOLATED)
   gen_regfile_ff.register_file_i/g_rf_flops[6].rf_reg_q_reg[21]/D
                                0.13           0.08 f        -0.05  (VIOLATED)
   gen_regfile_ff.register_file_i/g_rf_flops[6].rf_reg_q_reg[30]/D
                                0.13           0.08 f        -0.05  (VIOLATED)
   gen_regfile_ff.register_file_i/g_rf_flops[7].rf_reg_q_reg[5]/D
                                0.13           0.08 f        -0.05  (VIOLATED)
   gen_regfile_ff.register_file_i/g_rf_flops[7].rf_reg_q_reg[7]/D
                                0.13           0.08 f        -0.05  (VIOLATED)
   gen_regfile_ff.register_file_i/g_rf_flops[7].rf_reg_q_reg[15]/D
                                0.13           0.08 f        -0.05  (VIOLATED)
   gen_regfile_ff.register_file_i/g_rf_flops[7].rf_reg_q_reg[17]/D
                                0.13           0.08 f        -0.05  (VIOLATED)
   gen_regfile_ff.register_file_i/g_rf_flops[7].rf_reg_q_reg[30]/D
                                0.13           0.08 f        -0.05  (VIOLATED)
   gen_regfile_ff.register_file_i/g_rf_flops[8].rf_reg_q_reg[4]/D
                                0.13           0.08 f        -0.05  (VIOLATED)
   gen_regfile_ff.register_file_i/g_rf_flops[8].rf_reg_q_reg[10]/D
                                0.13           0.08 f        -0.05  (VIOLATED)
   gen_regfile_ff.register_file_i/g_rf_flops[8].rf_reg_q_reg[12]/D
                                0.13           0.08 f        -0.05  (VIOLATED)
   gen_regfile_ff.register_file_i/g_rf_flops[8].rf_reg_q_reg[16]/D
                                0.13           0.08 f        -0.05  (VIOLATED)
   gen_regfile_ff.register_file_i/g_rf_flops[8].rf_reg_q_reg[26]/D
                                0.13           0.08 f        -0.05  (VIOLATED)
   gen_regfile_ff.register_file_i/g_rf_flops[8].rf_reg_q_reg[28]/D
                                0.13           0.08 f        -0.05  (VIOLATED)
   gen_regfile_ff.register_file_i/g_rf_flops[8].rf_reg_q_reg[29]/D
                                0.13           0.08 f        -0.05  (VIOLATED)
   gen_regfile_ff.register_file_i/g_rf_flops[8].rf_reg_q_reg[30]/D
                                0.13           0.08 f        -0.05  (VIOLATED)
   gen_regfile_ff.register_file_i/g_rf_flops[9].rf_reg_q_reg[2]/D
                                0.13           0.08 f        -0.05  (VIOLATED)
   gen_regfile_ff.register_file_i/g_rf_flops[9].rf_reg_q_reg[15]/D
                                0.13           0.08 f        -0.05  (VIOLATED)
   gen_regfile_ff.register_file_i/g_rf_flops[9].rf_reg_q_reg[24]/D
                                0.13           0.08 f        -0.05  (VIOLATED)
   gen_regfile_ff.register_file_i/g_rf_flops[9].rf_reg_q_reg[28]/D
                                0.13           0.08 f        -0.05  (VIOLATED)
   gen_regfile_ff.register_file_i/g_rf_flops[9].rf_reg_q_reg[29]/D
                                0.13           0.08 f        -0.05  (VIOLATED)
   gen_regfile_ff.register_file_i/g_rf_flops[10].rf_reg_q_reg[25]/D
                                0.13           0.08 f        -0.05  (VIOLATED)
   gen_regfile_ff.register_file_i/g_rf_flops[11].rf_reg_q_reg[9]/D
                                0.13           0.08 f        -0.05  (VIOLATED)
   gen_regfile_ff.register_file_i/g_rf_flops[11].rf_reg_q_reg[20]/D
                                0.13           0.08 f        -0.05  (VIOLATED)
   gen_regfile_ff.register_file_i/g_rf_flops[13].rf_reg_q_reg[7]/D
                                0.13           0.08 f        -0.05  (VIOLATED)
   gen_regfile_ff.register_file_i/g_rf_flops[13].rf_reg_q_reg[11]/D
                                0.13           0.08 f        -0.05  (VIOLATED)
   gen_regfile_ff.register_file_i/g_rf_flops[13].rf_reg_q_reg[14]/D
                                0.13           0.08 f        -0.05  (VIOLATED)
   gen_regfile_ff.register_file_i/g_rf_flops[13].rf_reg_q_reg[15]/D
                                0.13           0.08 f        -0.05  (VIOLATED)
   gen_regfile_ff.register_file_i/g_rf_flops[13].rf_reg_q_reg[16]/D
                                0.13           0.08 f        -0.05  (VIOLATED)
   gen_regfile_ff.register_file_i/g_rf_flops[13].rf_reg_q_reg[20]/D
                                0.13           0.08 f        -0.05  (VIOLATED)
   gen_regfile_ff.register_file_i/g_rf_flops[13].rf_reg_q_reg[21]/D
                                0.13           0.08 f        -0.05  (VIOLATED)
   gen_regfile_ff.register_file_i/g_rf_flops[13].rf_reg_q_reg[22]/D
                                0.13           0.08 f        -0.05  (VIOLATED)
   gen_regfile_ff.register_file_i/g_rf_flops[13].rf_reg_q_reg[23]/D
                                0.13           0.08 f        -0.05  (VIOLATED)
   gen_regfile_ff.register_file_i/g_rf_flops[13].rf_reg_q_reg[26]/D
                                0.13           0.08 f        -0.05  (VIOLATED)
   gen_regfile_ff.register_file_i/g_rf_flops[13].rf_reg_q_reg[30]/D
                                0.13           0.08 f        -0.05  (VIOLATED)
   gen_regfile_ff.register_file_i/g_rf_flops[14].rf_reg_q_reg[7]/D
                                0.13           0.08 f        -0.05  (VIOLATED)
   gen_regfile_ff.register_file_i/g_rf_flops[14].rf_reg_q_reg[8]/D
                                0.13           0.08 f        -0.05  (VIOLATED)
   gen_regfile_ff.register_file_i/g_rf_flops[14].rf_reg_q_reg[9]/D
                                0.13           0.08 f        -0.05  (VIOLATED)
   gen_regfile_ff.register_file_i/g_rf_flops[14].rf_reg_q_reg[12]/D
                                0.13           0.08 f        -0.05  (VIOLATED)
   gen_regfile_ff.register_file_i/g_rf_flops[14].rf_reg_q_reg[24]/D
                                0.13           0.08 f        -0.05  (VIOLATED)
   gen_regfile_ff.register_file_i/g_rf_flops[14].rf_reg_q_reg[25]/D
                                0.13           0.08 f        -0.05  (VIOLATED)
   gen_regfile_ff.register_file_i/g_rf_flops[15].rf_reg_q_reg[13]/D
                                0.13           0.08 f        -0.05  (VIOLATED)
   gen_regfile_ff.register_file_i/g_rf_flops[16].rf_reg_q_reg[3]/D
                                0.13           0.08 f        -0.05  (VIOLATED)
   gen_regfile_ff.register_file_i/g_rf_flops[16].rf_reg_q_reg[4]/D
                                0.13           0.08 f        -0.05  (VIOLATED)
   gen_regfile_ff.register_file_i/g_rf_flops[16].rf_reg_q_reg[5]/D
                                0.13           0.08 f        -0.05  (VIOLATED)
   gen_regfile_ff.register_file_i/g_rf_flops[16].rf_reg_q_reg[6]/D
                                0.13           0.08 f        -0.05  (VIOLATED)
   gen_regfile_ff.register_file_i/g_rf_flops[16].rf_reg_q_reg[7]/D
                                0.13           0.08 f        -0.05  (VIOLATED)
   gen_regfile_ff.register_file_i/g_rf_flops[16].rf_reg_q_reg[8]/D
                                0.13           0.08 f        -0.05  (VIOLATED)
   gen_regfile_ff.register_file_i/g_rf_flops[16].rf_reg_q_reg[10]/D
                                0.13           0.08 f        -0.05  (VIOLATED)
   gen_regfile_ff.register_file_i/g_rf_flops[16].rf_reg_q_reg[13]/D
                                0.13           0.08 f        -0.05  (VIOLATED)
   gen_regfile_ff.register_file_i/g_rf_flops[16].rf_reg_q_reg[14]/D
                                0.13           0.08 f        -0.05  (VIOLATED)
   gen_regfile_ff.register_file_i/g_rf_flops[16].rf_reg_q_reg[16]/D
                                0.13           0.08 f        -0.05  (VIOLATED)
   gen_regfile_ff.register_file_i/g_rf_flops[16].rf_reg_q_reg[18]/D
                                0.13           0.08 f        -0.05  (VIOLATED)
   gen_regfile_ff.register_file_i/g_rf_flops[16].rf_reg_q_reg[19]/D
                                0.13           0.08 f        -0.05  (VIOLATED)
   gen_regfile_ff.register_file_i/g_rf_flops[16].rf_reg_q_reg[20]/D
                                0.13           0.08 f        -0.05  (VIOLATED)
   gen_regfile_ff.register_file_i/g_rf_flops[16].rf_reg_q_reg[25]/D
                                0.13           0.08 f        -0.05  (VIOLATED)
   gen_regfile_ff.register_file_i/g_rf_flops[16].rf_reg_q_reg[30]/D
                                0.13           0.08 f        -0.05  (VIOLATED)
   gen_regfile_ff.register_file_i/g_rf_flops[17].rf_reg_q_reg[2]/D
                                0.13           0.08 f        -0.05  (VIOLATED)
   gen_regfile_ff.register_file_i/g_rf_flops[17].rf_reg_q_reg[3]/D
                                0.13           0.08 f        -0.05  (VIOLATED)
   gen_regfile_ff.register_file_i/g_rf_flops[17].rf_reg_q_reg[12]/D
                                0.13           0.08 f        -0.05  (VIOLATED)
   gen_regfile_ff.register_file_i/g_rf_flops[17].rf_reg_q_reg[17]/D
                                0.13           0.08 f        -0.05  (VIOLATED)
   gen_regfile_ff.register_file_i/g_rf_flops[17].rf_reg_q_reg[18]/D
                                0.13           0.08 f        -0.05  (VIOLATED)
   gen_regfile_ff.register_file_i/g_rf_flops[17].rf_reg_q_reg[19]/D
                                0.13           0.08 f        -0.05  (VIOLATED)
   gen_regfile_ff.register_file_i/g_rf_flops[17].rf_reg_q_reg[20]/D
                                0.13           0.08 f        -0.05  (VIOLATED)
   gen_regfile_ff.register_file_i/g_rf_flops[17].rf_reg_q_reg[21]/D
                                0.13           0.08 f        -0.05  (VIOLATED)
   gen_regfile_ff.register_file_i/g_rf_flops[17].rf_reg_q_reg[23]/D
                                0.13           0.08 f        -0.05  (VIOLATED)
   gen_regfile_ff.register_file_i/g_rf_flops[17].rf_reg_q_reg[25]/D
                                0.13           0.08 f        -0.05  (VIOLATED)
   gen_regfile_ff.register_file_i/g_rf_flops[17].rf_reg_q_reg[26]/D
                                0.13           0.08 f        -0.05  (VIOLATED)
   gen_regfile_ff.register_file_i/g_rf_flops[17].rf_reg_q_reg[27]/D
                                0.13           0.08 f        -0.05  (VIOLATED)
   gen_regfile_ff.register_file_i/g_rf_flops[17].rf_reg_q_reg[29]/D
                                0.13           0.08 f        -0.05  (VIOLATED)
   gen_regfile_ff.register_file_i/g_rf_flops[17].rf_reg_q_reg[30]/D
                                0.13           0.08 f        -0.05  (VIOLATED)
   gen_regfile_ff.register_file_i/g_rf_flops[18].rf_reg_q_reg[5]/D
                                0.13           0.08 f        -0.05  (VIOLATED)
   gen_regfile_ff.register_file_i/g_rf_flops[18].rf_reg_q_reg[6]/D
                                0.13           0.08 f        -0.05  (VIOLATED)
   gen_regfile_ff.register_file_i/g_rf_flops[18].rf_reg_q_reg[8]/D
                                0.13           0.08 f        -0.05  (VIOLATED)
   gen_regfile_ff.register_file_i/g_rf_flops[18].rf_reg_q_reg[12]/D
                                0.13           0.08 f        -0.05  (VIOLATED)
   gen_regfile_ff.register_file_i/g_rf_flops[18].rf_reg_q_reg[14]/D
                                0.13           0.08 f        -0.05  (VIOLATED)
   gen_regfile_ff.register_file_i/g_rf_flops[18].rf_reg_q_reg[19]/D
                                0.13           0.08 f        -0.05  (VIOLATED)
   gen_regfile_ff.register_file_i/g_rf_flops[18].rf_reg_q_reg[24]/D
                                0.13           0.08 f        -0.05  (VIOLATED)
   gen_regfile_ff.register_file_i/g_rf_flops[18].rf_reg_q_reg[30]/D
                                0.13           0.08 f        -0.05  (VIOLATED)
   gen_regfile_ff.register_file_i/g_rf_flops[19].rf_reg_q_reg[19]/D
                                0.13           0.08 f        -0.05  (VIOLATED)
   gen_regfile_ff.register_file_i/g_rf_flops[20].rf_reg_q_reg[9]/D
                                0.13           0.08 f        -0.05  (VIOLATED)
   gen_regfile_ff.register_file_i/g_rf_flops[20].rf_reg_q_reg[13]/D
                                0.13           0.08 f        -0.05  (VIOLATED)
   gen_regfile_ff.register_file_i/g_rf_flops[20].rf_reg_q_reg[16]/D
                                0.13           0.08 f        -0.05  (VIOLATED)
   gen_regfile_ff.register_file_i/g_rf_flops[20].rf_reg_q_reg[18]/D
                                0.13           0.08 f        -0.05  (VIOLATED)
   gen_regfile_ff.register_file_i/g_rf_flops[20].rf_reg_q_reg[19]/D
                                0.13           0.08 f        -0.05  (VIOLATED)
   gen_regfile_ff.register_file_i/g_rf_flops[20].rf_reg_q_reg[28]/D
                                0.13           0.08 f        -0.05  (VIOLATED)
   gen_regfile_ff.register_file_i/g_rf_flops[20].rf_reg_q_reg[29]/D
                                0.13           0.08 f        -0.05  (VIOLATED)
   gen_regfile_ff.register_file_i/g_rf_flops[21].rf_reg_q_reg[4]/D
                                0.13           0.08 f        -0.05  (VIOLATED)
   gen_regfile_ff.register_file_i/g_rf_flops[21].rf_reg_q_reg[14]/D
                                0.13           0.08 f        -0.05  (VIOLATED)
   gen_regfile_ff.register_file_i/g_rf_flops[21].rf_reg_q_reg[19]/D
                                0.13           0.08 f        -0.05  (VIOLATED)
   gen_regfile_ff.register_file_i/g_rf_flops[21].rf_reg_q_reg[20]/D
                                0.13           0.08 f        -0.05  (VIOLATED)
   gen_regfile_ff.register_file_i/g_rf_flops[21].rf_reg_q_reg[23]/D
                                0.13           0.08 f        -0.05  (VIOLATED)
   gen_regfile_ff.register_file_i/g_rf_flops[21].rf_reg_q_reg[27]/D
                                0.13           0.08 f        -0.05  (VIOLATED)
   gen_regfile_ff.register_file_i/g_rf_flops[22].rf_reg_q_reg[6]/D
                                0.13           0.08 f        -0.05  (VIOLATED)
   gen_regfile_ff.register_file_i/g_rf_flops[22].rf_reg_q_reg[11]/D
                                0.13           0.08 f        -0.05  (VIOLATED)
   gen_regfile_ff.register_file_i/g_rf_flops[22].rf_reg_q_reg[29]/D
                                0.13           0.08 f        -0.05  (VIOLATED)
   gen_regfile_ff.register_file_i/g_rf_flops[23].rf_reg_q_reg[9]/D
                                0.13           0.08 f        -0.05  (VIOLATED)
   gen_regfile_ff.register_file_i/g_rf_flops[23].rf_reg_q_reg[11]/D
                                0.13           0.08 f        -0.05  (VIOLATED)
   gen_regfile_ff.register_file_i/g_rf_flops[23].rf_reg_q_reg[12]/D
                                0.13           0.08 f        -0.05  (VIOLATED)
   gen_regfile_ff.register_file_i/g_rf_flops[23].rf_reg_q_reg[15]/D
                                0.13           0.08 f        -0.05  (VIOLATED)
   gen_regfile_ff.register_file_i/g_rf_flops[23].rf_reg_q_reg[21]/D
                                0.13           0.08 f        -0.05  (VIOLATED)
   gen_regfile_ff.register_file_i/g_rf_flops[23].rf_reg_q_reg[22]/D
                                0.13           0.08 f        -0.05  (VIOLATED)
   gen_regfile_ff.register_file_i/g_rf_flops[23].rf_reg_q_reg[23]/D
                                0.13           0.08 f        -0.05  (VIOLATED)
   gen_regfile_ff.register_file_i/g_rf_flops[23].rf_reg_q_reg[25]/D
                                0.13           0.08 f        -0.05  (VIOLATED)
   gen_regfile_ff.register_file_i/g_rf_flops[23].rf_reg_q_reg[27]/D
                                0.13           0.08 f        -0.05  (VIOLATED)
   gen_regfile_ff.register_file_i/g_rf_flops[24].rf_reg_q_reg[15]/D
                                0.13           0.08 f        -0.05  (VIOLATED)
   gen_regfile_ff.register_file_i/g_rf_flops[24].rf_reg_q_reg[25]/D
                                0.13           0.08 f        -0.05  (VIOLATED)
   gen_regfile_ff.register_file_i/g_rf_flops[25].rf_reg_q_reg[2]/D
                                0.13           0.08 f        -0.05  (VIOLATED)
   gen_regfile_ff.register_file_i/g_rf_flops[25].rf_reg_q_reg[6]/D
                                0.13           0.08 f        -0.05  (VIOLATED)
   gen_regfile_ff.register_file_i/g_rf_flops[25].rf_reg_q_reg[8]/D
                                0.13           0.08 f        -0.05  (VIOLATED)
   gen_regfile_ff.register_file_i/g_rf_flops[25].rf_reg_q_reg[10]/D
                                0.13           0.08 f        -0.05  (VIOLATED)
   gen_regfile_ff.register_file_i/g_rf_flops[25].rf_reg_q_reg[12]/D
                                0.13           0.08 f        -0.05  (VIOLATED)
   gen_regfile_ff.register_file_i/g_rf_flops[25].rf_reg_q_reg[13]/D
                                0.13           0.08 f        -0.05  (VIOLATED)
   gen_regfile_ff.register_file_i/g_rf_flops[25].rf_reg_q_reg[15]/D
                                0.13           0.08 f        -0.05  (VIOLATED)
   gen_regfile_ff.register_file_i/g_rf_flops[25].rf_reg_q_reg[16]/D
                                0.13           0.08 f        -0.05  (VIOLATED)
   gen_regfile_ff.register_file_i/g_rf_flops[25].rf_reg_q_reg[20]/D
                                0.13           0.08 f        -0.05  (VIOLATED)
   gen_regfile_ff.register_file_i/g_rf_flops[25].rf_reg_q_reg[22]/D
                                0.13           0.08 f        -0.05  (VIOLATED)
   gen_regfile_ff.register_file_i/g_rf_flops[25].rf_reg_q_reg[23]/D
                                0.13           0.08 f        -0.05  (VIOLATED)
   gen_regfile_ff.register_file_i/g_rf_flops[26].rf_reg_q_reg[24]/D
                                0.13           0.08 f        -0.05  (VIOLATED)
   gen_regfile_ff.register_file_i/g_rf_flops[26].rf_reg_q_reg[26]/D
                                0.13           0.08 f        -0.05  (VIOLATED)
   gen_regfile_ff.register_file_i/g_rf_flops[26].rf_reg_q_reg[28]/D
                                0.13           0.08 f        -0.05  (VIOLATED)
   gen_regfile_ff.register_file_i/g_rf_flops[27].rf_reg_q_reg[2]/D
                                0.13           0.08 f        -0.05  (VIOLATED)
   gen_regfile_ff.register_file_i/g_rf_flops[27].rf_reg_q_reg[3]/D
                                0.13           0.08 f        -0.05  (VIOLATED)
   gen_regfile_ff.register_file_i/g_rf_flops[27].rf_reg_q_reg[6]/D
                                0.13           0.08 f        -0.05  (VIOLATED)
   gen_regfile_ff.register_file_i/g_rf_flops[27].rf_reg_q_reg[7]/D
                                0.13           0.08 f        -0.05  (VIOLATED)
   gen_regfile_ff.register_file_i/g_rf_flops[27].rf_reg_q_reg[10]/D
                                0.13           0.08 f        -0.05  (VIOLATED)
   gen_regfile_ff.register_file_i/g_rf_flops[27].rf_reg_q_reg[11]/D
                                0.13           0.08 f        -0.05  (VIOLATED)
   gen_regfile_ff.register_file_i/g_rf_flops[27].rf_reg_q_reg[17]/D
                                0.13           0.08 f        -0.05  (VIOLATED)
   gen_regfile_ff.register_file_i/g_rf_flops[27].rf_reg_q_reg[18]/D
                                0.13           0.08 f        -0.05  (VIOLATED)
   gen_regfile_ff.register_file_i/g_rf_flops[27].rf_reg_q_reg[20]/D
                                0.13           0.08 f        -0.05  (VIOLATED)
   gen_regfile_ff.register_file_i/g_rf_flops[27].rf_reg_q_reg[26]/D
                                0.13           0.08 f        -0.05  (VIOLATED)
   gen_regfile_ff.register_file_i/g_rf_flops[27].rf_reg_q_reg[27]/D
                                0.13           0.08 f        -0.05  (VIOLATED)
   gen_regfile_ff.register_file_i/g_rf_flops[28].rf_reg_q_reg[2]/D
                                0.13           0.08 f        -0.05  (VIOLATED)
   gen_regfile_ff.register_file_i/g_rf_flops[28].rf_reg_q_reg[18]/D
                                0.13           0.08 f        -0.05  (VIOLATED)
   gen_regfile_ff.register_file_i/g_rf_flops[28].rf_reg_q_reg[22]/D
                                0.13           0.08 f        -0.05  (VIOLATED)
   gen_regfile_ff.register_file_i/g_rf_flops[28].rf_reg_q_reg[24]/D
                                0.13           0.08 f        -0.05  (VIOLATED)
   gen_regfile_ff.register_file_i/g_rf_flops[29].rf_reg_q_reg[3]/D
                                0.13           0.08 f        -0.05  (VIOLATED)
   gen_regfile_ff.register_file_i/g_rf_flops[29].rf_reg_q_reg[7]/D
                                0.13           0.08 f        -0.05  (VIOLATED)
   gen_regfile_ff.register_file_i/g_rf_flops[29].rf_reg_q_reg[13]/D
                                0.13           0.08 f        -0.05  (VIOLATED)
   gen_regfile_ff.register_file_i/g_rf_flops[29].rf_reg_q_reg[19]/D
                                0.13           0.08 f        -0.05  (VIOLATED)
   gen_regfile_ff.register_file_i/g_rf_flops[29].rf_reg_q_reg[20]/D
                                0.13           0.08 f        -0.05  (VIOLATED)
   gen_regfile_ff.register_file_i/g_rf_flops[29].rf_reg_q_reg[23]/D
                                0.13           0.08 f        -0.05  (VIOLATED)
   gen_regfile_ff.register_file_i/g_rf_flops[30].rf_reg_q_reg[4]/D
                                0.13           0.08 f        -0.05  (VIOLATED)
   gen_regfile_ff.register_file_i/g_rf_flops[30].rf_reg_q_reg[6]/D
                                0.13           0.08 f        -0.05  (VIOLATED)
   gen_regfile_ff.register_file_i/g_rf_flops[30].rf_reg_q_reg[10]/D
                                0.13           0.08 f        -0.05  (VIOLATED)
   gen_regfile_ff.register_file_i/g_rf_flops[30].rf_reg_q_reg[14]/D
                                0.13           0.08 f        -0.05  (VIOLATED)
   gen_regfile_ff.register_file_i/g_rf_flops[30].rf_reg_q_reg[15]/D
                                0.13           0.08 f        -0.05  (VIOLATED)
   gen_regfile_ff.register_file_i/g_rf_flops[30].rf_reg_q_reg[16]/D
                                0.13           0.08 f        -0.05  (VIOLATED)
   gen_regfile_ff.register_file_i/g_rf_flops[30].rf_reg_q_reg[17]/D
                                0.13           0.08 f        -0.05  (VIOLATED)
   gen_regfile_ff.register_file_i/g_rf_flops[30].rf_reg_q_reg[19]/D
                                0.13           0.08 f        -0.05  (VIOLATED)
   gen_regfile_ff.register_file_i/g_rf_flops[30].rf_reg_q_reg[22]/D
                                0.13           0.08 f        -0.05  (VIOLATED)
   gen_regfile_ff.register_file_i/g_rf_flops[31].rf_reg_q_reg[2]/D
                                0.13           0.08 f        -0.05  (VIOLATED)
   gen_regfile_ff.register_file_i/g_rf_flops[31].rf_reg_q_reg[3]/D
                                0.13           0.08 f        -0.05  (VIOLATED)
   gen_regfile_ff.register_file_i/g_rf_flops[31].rf_reg_q_reg[5]/D
                                0.13           0.08 f        -0.05  (VIOLATED)
   gen_regfile_ff.register_file_i/g_rf_flops[31].rf_reg_q_reg[7]/D
                                0.13           0.08 f        -0.05  (VIOLATED)
   gen_regfile_ff.register_file_i/g_rf_flops[31].rf_reg_q_reg[14]/D
                                0.13           0.08 f        -0.05  (VIOLATED)
   gen_regfile_ff.register_file_i/g_rf_flops[31].rf_reg_q_reg[17]/D
                                0.13           0.08 f        -0.05  (VIOLATED)
   gen_regfile_ff.register_file_i/g_rf_flops[31].rf_reg_q_reg[23]/D
                                0.13           0.08 f        -0.05  (VIOLATED)
   gen_regfile_ff.register_file_i/g_rf_flops[31].rf_reg_q_reg[25]/D
                                0.13           0.08 f        -0.05  (VIOLATED)
   gen_regfile_ff.register_file_i/g_rf_flops[31].rf_reg_q_reg[26]/D
                                0.13           0.08 f        -0.05  (VIOLATED)
   gen_regfile_ff.register_file_i/g_rf_flops[31].rf_reg_q_reg[27]/D
                                0.13           0.08 f        -0.05  (VIOLATED)
   gen_regfile_ff.register_file_i/g_rf_flops[31].rf_reg_q_reg[29]/D
                                0.13           0.08 f        -0.05  (VIOLATED)
   u_ibex_core/cs_registers_i/u_mie_csr/rdata_q_reg[0]/D
                                0.13           0.08 f        -0.05  (VIOLATED)
   u_ibex_core/cs_registers_i/u_mie_csr/rdata_q_reg[2]/D
                                0.13           0.08 f        -0.05  (VIOLATED)
   u_ibex_core/cs_registers_i/u_mie_csr/rdata_q_reg[6]/D
                                0.13           0.08 f        -0.05  (VIOLATED)
   u_ibex_core/cs_registers_i/u_mie_csr/rdata_q_reg[9]/D
                                0.13           0.08 f        -0.05  (VIOLATED)
   u_ibex_core/cs_registers_i/u_mie_csr/rdata_q_reg[10]/D
                                0.13           0.08 f        -0.05  (VIOLATED)
   u_ibex_core/if_stage_i/instr_rdata_alu_id_o_reg[6]/D
                                0.12           0.07 f        -0.05  (VIOLATED)
   gen_regfile_ff.register_file_i/g_rf_flops[2].rf_reg_q_reg[0]/D
                                0.13           0.08 f        -0.05  (VIOLATED)
   gen_regfile_ff.register_file_i/g_rf_flops[5].rf_reg_q_reg[0]/D
                                0.13           0.08 f        -0.05  (VIOLATED)
   gen_regfile_ff.register_file_i/g_rf_flops[8].rf_reg_q_reg[0]/D
                                0.13           0.08 f        -0.05  (VIOLATED)
   gen_regfile_ff.register_file_i/g_rf_flops[13].rf_reg_q_reg[0]/D
                                0.13           0.08 f        -0.05  (VIOLATED)
   gen_regfile_ff.register_file_i/g_rf_flops[16].rf_reg_q_reg[0]/D
                                0.13           0.08 f        -0.05  (VIOLATED)
   gen_regfile_ff.register_file_i/g_rf_flops[16].rf_reg_q_reg[1]/D
                                0.13           0.08 f        -0.05  (VIOLATED)
   gen_regfile_ff.register_file_i/g_rf_flops[18].rf_reg_q_reg[0]/D
                                0.13           0.08 f        -0.05  (VIOLATED)
   gen_regfile_ff.register_file_i/g_rf_flops[18].rf_reg_q_reg[1]/D
                                0.13           0.08 f        -0.05  (VIOLATED)
   gen_regfile_ff.register_file_i/g_rf_flops[20].rf_reg_q_reg[0]/D
                                0.13           0.08 f        -0.05  (VIOLATED)
   gen_regfile_ff.register_file_i/g_rf_flops[20].rf_reg_q_reg[1]/D
                                0.13           0.08 f        -0.05  (VIOLATED)
   gen_regfile_ff.register_file_i/g_rf_flops[23].rf_reg_q_reg[1]/D
                                0.13           0.08 f        -0.05  (VIOLATED)
   gen_regfile_ff.register_file_i/g_rf_flops[27].rf_reg_q_reg[1]/D
                                0.13           0.08 f        -0.05  (VIOLATED)
   gen_regfile_ff.register_file_i/g_rf_flops[29].rf_reg_q_reg[0]/D
                                0.13           0.08 f        -0.05  (VIOLATED)
   gen_regfile_ff.register_file_i/g_rf_flops[30].rf_reg_q_reg[1]/D
                                0.13           0.08 f        -0.05  (VIOLATED)
   u_ibex_core/cs_registers_i/u_mie_csr/rdata_q_reg[4]/D
                                0.13           0.08 f        -0.05  (VIOLATED)
   u_ibex_core/cs_registers_i/u_mie_csr/rdata_q_reg[15]/D
                                0.13           0.08 f        -0.05  (VIOLATED)
   gen_regfile_ff.register_file_i/g_rf_flops[1].rf_reg_q_reg[3]/D
                                0.13           0.08 f        -0.05  (VIOLATED)
   gen_regfile_ff.register_file_i/g_rf_flops[2].rf_reg_q_reg[7]/D
                                0.13           0.08 f        -0.05  (VIOLATED)
   gen_regfile_ff.register_file_i/g_rf_flops[2].rf_reg_q_reg[15]/D
                                0.13           0.08 f        -0.05  (VIOLATED)
   gen_regfile_ff.register_file_i/g_rf_flops[2].rf_reg_q_reg[17]/D
                                0.13           0.08 f        -0.05  (VIOLATED)
   gen_regfile_ff.register_file_i/g_rf_flops[2].rf_reg_q_reg[19]/D
                                0.13           0.08 f        -0.05  (VIOLATED)
   gen_regfile_ff.register_file_i/g_rf_flops[3].rf_reg_q_reg[16]/D
                                0.13           0.08 f        -0.05  (VIOLATED)
   gen_regfile_ff.register_file_i/g_rf_flops[3].rf_reg_q_reg[21]/D
                                0.13           0.08 f        -0.05  (VIOLATED)
   gen_regfile_ff.register_file_i/g_rf_flops[4].rf_reg_q_reg[12]/D
                                0.13           0.08 f        -0.05  (VIOLATED)
   gen_regfile_ff.register_file_i/g_rf_flops[4].rf_reg_q_reg[29]/D
                                0.13           0.08 f        -0.05  (VIOLATED)
   gen_regfile_ff.register_file_i/g_rf_flops[5].rf_reg_q_reg[14]/D
                                0.13           0.08 f        -0.05  (VIOLATED)
   gen_regfile_ff.register_file_i/g_rf_flops[7].rf_reg_q_reg[23]/D
                                0.13           0.08 f        -0.05  (VIOLATED)
   gen_regfile_ff.register_file_i/g_rf_flops[8].rf_reg_q_reg[8]/D
                                0.13           0.08 f        -0.05  (VIOLATED)
   gen_regfile_ff.register_file_i/g_rf_flops[14].rf_reg_q_reg[5]/D
                                0.13           0.08 f        -0.05  (VIOLATED)
   gen_regfile_ff.register_file_i/g_rf_flops[14].rf_reg_q_reg[10]/D
                                0.13           0.08 f        -0.05  (VIOLATED)
   gen_regfile_ff.register_file_i/g_rf_flops[16].rf_reg_q_reg[9]/D
                                0.13           0.08 f        -0.05  (VIOLATED)
   gen_regfile_ff.register_file_i/g_rf_flops[16].rf_reg_q_reg[22]/D
                                0.13           0.08 f        -0.05  (VIOLATED)
   gen_regfile_ff.register_file_i/g_rf_flops[20].rf_reg_q_reg[2]/D
                                0.13           0.08 f        -0.05  (VIOLATED)
   gen_regfile_ff.register_file_i/g_rf_flops[21].rf_reg_q_reg[11]/D
                                0.13           0.08 f        -0.05  (VIOLATED)
   gen_regfile_ff.register_file_i/g_rf_flops[22].rf_reg_q_reg[26]/D
                                0.13           0.08 f        -0.05  (VIOLATED)
   gen_regfile_ff.register_file_i/g_rf_flops[23].rf_reg_q_reg[4]/D
                                0.13           0.08 f        -0.05  (VIOLATED)
   gen_regfile_ff.register_file_i/g_rf_flops[23].rf_reg_q_reg[6]/D
                                0.13           0.08 f        -0.05  (VIOLATED)
   gen_regfile_ff.register_file_i/g_rf_flops[24].rf_reg_q_reg[13]/D
                                0.13           0.08 f        -0.05  (VIOLATED)
   gen_regfile_ff.register_file_i/g_rf_flops[24].rf_reg_q_reg[18]/D
                                0.13           0.08 f        -0.05  (VIOLATED)
   gen_regfile_ff.register_file_i/g_rf_flops[25].rf_reg_q_reg[25]/D
                                0.13           0.08 f        -0.05  (VIOLATED)
   gen_regfile_ff.register_file_i/g_rf_flops[26].rf_reg_q_reg[27]/D
                                0.13           0.08 f        -0.05  (VIOLATED)
   gen_regfile_ff.register_file_i/g_rf_flops[26].rf_reg_q_reg[30]/D
                                0.13           0.08 f        -0.05  (VIOLATED)
   gen_regfile_ff.register_file_i/g_rf_flops[27].rf_reg_q_reg[28]/D
                                0.13           0.08 f        -0.05  (VIOLATED)
   gen_regfile_ff.register_file_i/g_rf_flops[30].rf_reg_q_reg[24]/D
                                0.13           0.08 f        -0.05  (VIOLATED)
   gen_regfile_ff.register_file_i/g_rf_flops[3].rf_reg_q_reg[1]/D
                                0.13           0.08 f        -0.05  (VIOLATED)
   gen_regfile_ff.register_file_i/g_rf_flops[15].rf_reg_q_reg[0]/D
                                0.13           0.08 f        -0.05  (VIOLATED)
   u_ibex_core/cs_registers_i/u_dcsr_csr/rdata_q_reg[12]/D
                                0.13           0.08 f        -0.05  (VIOLATED)
   u_ibex_core/load_store_unit_i/rdata_q_reg[17]/D
                                0.13           0.08 f        -0.05  (VIOLATED)
   u_ibex_core/load_store_unit_i/rdata_q_reg[19]/D
                                0.13           0.08 f        -0.05  (VIOLATED)
   u_ibex_core/load_store_unit_i/rdata_q_reg[22]/D
                                0.13           0.08 f        -0.05  (VIOLATED)
   u_ibex_core/if_stage_i/instr_rdata_id_o_reg[27]/D
                                0.12           0.08 f        -0.05  (VIOLATED)
   u_ibex_core/cs_registers_i/u_mcause_csr/rdata_q_reg[6]/D
                                0.13           0.08 f        -0.05  (VIOLATED)
   u_ibex_core/if_stage_i/instr_rdata_id_o_reg[6]/D
                                0.12           0.08 f        -0.05  (VIOLATED)
   u_ibex_core/if_stage_i/instr_rdata_id_o_reg[26]/D
                                0.12           0.08 f        -0.05  (VIOLATED)
   u_ibex_core/cs_registers_i/mcountinhibit_q_reg[0]/D
                                0.13           0.08 f        -0.05  (VIOLATED)
   u_ibex_core/load_store_unit_i/rdata_q_reg[18]/D
                                0.13           0.08 f        -0.05  (VIOLATED)
   u_ibex_core/load_store_unit_i/rdata_q_reg[20]/D
                                0.13           0.08 f        -0.05  (VIOLATED)
   u_ibex_core/load_store_unit_i/rdata_q_reg[21]/D
                                0.13           0.08 f        -0.05  (VIOLATED)
   u_ibex_core/cs_registers_i/u_mie_csr/rdata_q_reg[5]/D
                                0.13           0.08 f        -0.05  (VIOLATED)
   u_ibex_core/cs_registers_i/u_mie_csr/rdata_q_reg[8]/D
                                0.13           0.08 f        -0.05  (VIOLATED)
   u_ibex_core/cs_registers_i/u_mie_csr/rdata_q_reg[17]/D
                                0.13           0.08 f        -0.05  (VIOLATED)
   u_ibex_core/if_stage_i/instr_rdata_id_o_reg[29]/D
                                0.12           0.08 f        -0.05  (VIOLATED)
   u_ibex_core/cs_registers_i/u_mie_csr/rdata_q_reg[11]/D
                                0.13           0.08 f        -0.05  (VIOLATED)
   u_ibex_core/cs_registers_i/mcycle_counter_i/counter_q_reg[17]/D
                                0.13           0.08 f        -0.05  (VIOLATED)
   u_ibex_core/if_stage_i/gen_prefetch_buffer.prefetch_buffer_i/branch_discard_q_reg[0]/D
                                0.13           0.08 f        -0.05  (VIOLATED)
   u_ibex_core/id_stage_i/imd_val_q_reg[1][3]/D
                                0.13           0.08 f        -0.05  (VIOLATED)
   u_ibex_core/id_stage_i/imd_val_q_reg[1][20]/D
                                0.13           0.08 f        -0.05  (VIOLATED)
   u_ibex_core/if_stage_i/instr_rdata_alu_id_o_reg[1]/D
                                0.12           0.08 f        -0.05  (VIOLATED)
   u_ibex_core/if_stage_i/gen_prefetch_buffer.prefetch_buffer_i/fifo_i/rdata_q_reg[0][8]/D
                                0.12           0.08 f        -0.05  (VIOLATED)
   u_ibex_core/if_stage_i/gen_prefetch_buffer.prefetch_buffer_i/fifo_i/rdata_q_reg[1][0]/D
                                0.12           0.08 f        -0.05  (VIOLATED)
   u_ibex_core/ex_block_i/gen_multdiv_fast.multdiv_i/op_numerator_q_reg[31]/D
                                0.13           0.08 f        -0.05  (VIOLATED)
   u_ibex_core/cs_registers_i/u_mstatus_csr/rdata_q_reg[1]/D
                                0.13           0.08 f        -0.05  (VIOLATED)
   u_ibex_core/id_stage_i/imd_val_q_reg[1][0]/D
                                0.13           0.08 f        -0.05  (VIOLATED)
   u_ibex_core/id_stage_i/imd_val_q_reg[1][2]/D
                                0.13           0.08 f        -0.05  (VIOLATED)
   u_ibex_core/id_stage_i/imd_val_q_reg[1][8]/D
                                0.13           0.08 f        -0.05  (VIOLATED)
   u_ibex_core/id_stage_i/imd_val_q_reg[1][9]/D
                                0.13           0.08 f        -0.05  (VIOLATED)
   u_ibex_core/id_stage_i/imd_val_q_reg[1][11]/D
                                0.13           0.08 f        -0.05  (VIOLATED)
   u_ibex_core/id_stage_i/imd_val_q_reg[1][12]/D
                                0.13           0.08 f        -0.05  (VIOLATED)
   u_ibex_core/id_stage_i/imd_val_q_reg[1][13]/D
                                0.13           0.08 f        -0.05  (VIOLATED)
   u_ibex_core/id_stage_i/imd_val_q_reg[1][19]/D
                                0.13           0.08 f        -0.05  (VIOLATED)
   u_ibex_core/id_stage_i/imd_val_q_reg[1][22]/D
                                0.13           0.08 f        -0.05  (VIOLATED)
   u_ibex_core/id_stage_i/imd_val_q_reg[1][25]/D
                                0.13           0.08 f        -0.05  (VIOLATED)
   u_ibex_core/id_stage_i/imd_val_q_reg[1][26]/D
                                0.13           0.08 f        -0.05  (VIOLATED)
   u_ibex_core/id_stage_i/imd_val_q_reg[1][27]/D
                                0.13           0.08 f        -0.05  (VIOLATED)
   u_ibex_core/id_stage_i/imd_val_q_reg[1][30]/D
                                0.13           0.08 f        -0.05  (VIOLATED)
   u_ibex_core/if_stage_i/gen_prefetch_buffer.prefetch_buffer_i/fifo_i/rdata_q_reg[0][4]/D
                                0.12           0.08 f        -0.05  (VIOLATED)
   u_ibex_core/if_stage_i/gen_prefetch_buffer.prefetch_buffer_i/fifo_i/rdata_q_reg[1][4]/D
                                0.12           0.08 f        -0.05  (VIOLATED)
   u_ibex_core/if_stage_i/gen_prefetch_buffer.prefetch_buffer_i/fifo_i/rdata_q_reg[0][1]/D
                                0.12           0.08 f        -0.05  (VIOLATED)
   u_ibex_core/if_stage_i/gen_prefetch_buffer.prefetch_buffer_i/fifo_i/rdata_q_reg[1][1]/D
                                0.12           0.08 f        -0.05  (VIOLATED)
   u_ibex_core/cs_registers_i/u_mie_csr/rdata_q_reg[3]/D
                                0.13           0.08 f        -0.05  (VIOLATED)
   u_ibex_core/if_stage_i/gen_prefetch_buffer.prefetch_buffer_i/fifo_i/rdata_q_reg[2][22]/D
                                0.12           0.08 f        -0.05  (VIOLATED)
   u_ibex_core/if_stage_i/gen_prefetch_buffer.prefetch_buffer_i/fifo_i/rdata_q_reg[2][24]/D
                                0.12           0.08 f        -0.05  (VIOLATED)
   u_ibex_core/if_stage_i/gen_prefetch_buffer.prefetch_buffer_i/fifo_i/rdata_q_reg[2][25]/D
                                0.12           0.08 f        -0.05  (VIOLATED)
   u_ibex_core/cs_registers_i/u_mstatus_csr/rdata_q_reg[0]/D
                                0.13           0.08 f        -0.05  (VIOLATED)
   u_ibex_core/if_stage_i/gen_prefetch_buffer.prefetch_buffer_i/fifo_i/rdata_q_reg[0][21]/D
                                0.12           0.08 f        -0.05  (VIOLATED)
   u_ibex_core/if_stage_i/instr_rdata_id_o_reg[25]/D
                                0.12           0.08 f        -0.05  (VIOLATED)
   u_ibex_core/load_store_unit_i/rdata_q_reg[31]/D
                                0.13           0.08 f        -0.05  (VIOLATED)
   u_ibex_core/if_stage_i/gen_prefetch_buffer.prefetch_buffer_i/fifo_i/rdata_q_reg[0][29]/D
                                0.12           0.08 f        -0.05  (VIOLATED)
   u_ibex_core/cs_registers_i/mcycle_counter_i/counter_q_reg[34]/D
                                0.13           0.08 f        -0.05  (VIOLATED)
   u_ibex_core/cs_registers_i/mcycle_counter_i/counter_q_reg[48]/D
                                0.13           0.08 f        -0.05  (VIOLATED)
   u_ibex_core/cs_registers_i/mcycle_counter_i/counter_q_reg[50]/D
                                0.13           0.08 f        -0.05  (VIOLATED)
   u_ibex_core/cs_registers_i/mcycle_counter_i/counter_q_reg[58]/D
                                0.13           0.08 f        -0.05  (VIOLATED)
   u_ibex_core/cs_registers_i/mcycle_counter_i/counter_q_reg[44]/D
                                0.13           0.08 f        -0.05  (VIOLATED)
   u_ibex_core/cs_registers_i/mcycle_counter_i/counter_q_reg[46]/D
                                0.13           0.08 f        -0.05  (VIOLATED)
   u_ibex_core/cs_registers_i/mcycle_counter_i/counter_q_reg[52]/D
                                0.13           0.08 f        -0.05  (VIOLATED)
   u_ibex_core/cs_registers_i/mcycle_counter_i/counter_q_reg[54]/D
                                0.13           0.08 f        -0.05  (VIOLATED)
   u_ibex_core/cs_registers_i/mcycle_counter_i/counter_q_reg[56]/D
                                0.13           0.08 f        -0.05  (VIOLATED)
   u_ibex_core/cs_registers_i/mcycle_counter_i/counter_q_reg[60]/D
                                0.13           0.08 f        -0.05  (VIOLATED)
   u_ibex_core/cs_registers_i/mcycle_counter_i/counter_q_reg[42]/D
                                0.13           0.08 f        -0.05  (VIOLATED)
   u_ibex_core/cs_registers_i/mcycle_counter_i/counter_q_reg[39]/D
                                0.13           0.08 f        -0.05  (VIOLATED)
   u_ibex_core/load_store_unit_i/rdata_q_reg[23]/D
                                0.13           0.08 f        -0.05  (VIOLATED)
   u_ibex_core/if_stage_i/instr_rdata_c_id_o_reg[14]/D
                                0.12           0.08 f        -0.05  (VIOLATED)
   u_ibex_core/if_stage_i/instr_rdata_c_id_o_reg[6]/D
                                0.12           0.08 f        -0.05  (VIOLATED)
   u_ibex_core/if_stage_i/gen_prefetch_buffer.prefetch_buffer_i/fifo_i/rdata_q_reg[0][31]/D
                                0.12           0.08 f        -0.05  (VIOLATED)
   u_ibex_core/if_stage_i/gen_prefetch_buffer.prefetch_buffer_i/fifo_i/rdata_q_reg[0][7]/D
                                0.12           0.08 f        -0.05  (VIOLATED)
   u_ibex_core/if_stage_i/gen_prefetch_buffer.prefetch_buffer_i/fifo_i/rdata_q_reg[0][14]/D
                                0.12           0.08 f        -0.05  (VIOLATED)
   u_ibex_core/id_stage_i/imd_val_q_reg[1][1]/D
                                0.13           0.08 f        -0.05  (VIOLATED)
   u_ibex_core/id_stage_i/imd_val_q_reg[1][4]/D
                                0.13           0.08 f        -0.05  (VIOLATED)
   u_ibex_core/id_stage_i/imd_val_q_reg[1][5]/D
                                0.13           0.08 f        -0.05  (VIOLATED)
   u_ibex_core/id_stage_i/imd_val_q_reg[1][6]/D
                                0.13           0.08 f        -0.05  (VIOLATED)
   u_ibex_core/id_stage_i/imd_val_q_reg[1][7]/D
                                0.13           0.08 f        -0.05  (VIOLATED)
   u_ibex_core/id_stage_i/imd_val_q_reg[1][14]/D
                                0.13           0.08 f        -0.05  (VIOLATED)
   u_ibex_core/id_stage_i/imd_val_q_reg[1][15]/D
                                0.13           0.08 f        -0.05  (VIOLATED)
   u_ibex_core/id_stage_i/imd_val_q_reg[1][16]/D
                                0.13           0.08 f        -0.05  (VIOLATED)
   u_ibex_core/id_stage_i/imd_val_q_reg[1][17]/D
                                0.13           0.08 f        -0.05  (VIOLATED)
   u_ibex_core/id_stage_i/imd_val_q_reg[1][18]/D
                                0.13           0.08 f        -0.05  (VIOLATED)
   u_ibex_core/id_stage_i/imd_val_q_reg[1][21]/D
                                0.13           0.08 f        -0.05  (VIOLATED)
   u_ibex_core/id_stage_i/imd_val_q_reg[1][23]/D
                                0.13           0.08 f        -0.05  (VIOLATED)
   u_ibex_core/id_stage_i/imd_val_q_reg[1][24]/D
                                0.13           0.08 f        -0.05  (VIOLATED)
   u_ibex_core/id_stage_i/imd_val_q_reg[1][28]/D
                                0.13           0.08 f        -0.05  (VIOLATED)
   u_ibex_core/id_stage_i/imd_val_q_reg[1][29]/D
                                0.13           0.08 f        -0.05  (VIOLATED)
   u_ibex_core/if_stage_i/gen_prefetch_buffer.prefetch_buffer_i/fifo_i/rdata_q_reg[0][6]/D
                                0.12           0.08 f        -0.05  (VIOLATED)
   u_ibex_core/if_stage_i/gen_prefetch_buffer.prefetch_buffer_i/fifo_i/rdata_q_reg[0][9]/D
                                0.12           0.08 f        -0.05  (VIOLATED)
   u_ibex_core/if_stage_i/gen_prefetch_buffer.prefetch_buffer_i/fifo_i/rdata_q_reg[0][27]/D
                                0.12           0.08 f        -0.05  (VIOLATED)
   u_ibex_core/if_stage_i/gen_prefetch_buffer.prefetch_buffer_i/fifo_i/rdata_q_reg[0][26]/D
                                0.12           0.08 f        -0.05  (VIOLATED)
   u_ibex_core/if_stage_i/gen_prefetch_buffer.prefetch_buffer_i/fifo_i/rdata_q_reg[0][2]/D
                                0.12           0.08 f        -0.05  (VIOLATED)
   u_ibex_core/if_stage_i/gen_prefetch_buffer.prefetch_buffer_i/fifo_i/rdata_q_reg[0][3]/D
                                0.12           0.08 f        -0.05  (VIOLATED)
   u_ibex_core/if_stage_i/gen_prefetch_buffer.prefetch_buffer_i/fifo_i/rdata_q_reg[0][5]/D
                                0.12           0.08 f        -0.05  (VIOLATED)
   u_ibex_core/if_stage_i/gen_prefetch_buffer.prefetch_buffer_i/fifo_i/rdata_q_reg[0][10]/D
                                0.12           0.08 f        -0.05  (VIOLATED)
   u_ibex_core/if_stage_i/gen_prefetch_buffer.prefetch_buffer_i/fifo_i/rdata_q_reg[0][12]/D
                                0.12           0.08 f        -0.05  (VIOLATED)
   u_ibex_core/if_stage_i/gen_prefetch_buffer.prefetch_buffer_i/fifo_i/rdata_q_reg[0][13]/D
                                0.12           0.08 f        -0.05  (VIOLATED)
   u_ibex_core/if_stage_i/gen_prefetch_buffer.prefetch_buffer_i/fifo_i/rdata_q_reg[0][15]/D
                                0.12           0.08 f        -0.05  (VIOLATED)
   u_ibex_core/if_stage_i/gen_prefetch_buffer.prefetch_buffer_i/fifo_i/rdata_q_reg[0][11]/D
                                0.12           0.08 f        -0.05  (VIOLATED)
   u_ibex_core/if_stage_i/instr_rdata_id_o_reg[30]/D
                                0.12           0.08 f        -0.05  (VIOLATED)
   u_ibex_core/wb_stage_i/g_writeback_stage.rf_we_wb_q_reg/D
                                0.12           0.08 f        -0.05  (VIOLATED)
   u_ibex_core/if_stage_i/gen_prefetch_buffer.prefetch_buffer_i/fifo_i/rdata_q_reg[0][19]/D
                                0.12           0.08 f        -0.05  (VIOLATED)
   u_ibex_core/if_stage_i/gen_prefetch_buffer.prefetch_buffer_i/fifo_i/rdata_q_reg[0][18]/D
                                0.12           0.08 f        -0.05  (VIOLATED)
   u_ibex_core/ex_block_i/gen_multdiv_fast.multdiv_i/div_counter_q_reg[0]/D
                                0.13           0.08 f        -0.05  (VIOLATED)
   u_ibex_core/if_stage_i/instr_rdata_id_o_reg[13]/D
                                0.12           0.08 f        -0.05  (VIOLATED)
   u_ibex_core/if_stage_i/gen_prefetch_buffer.prefetch_buffer_i/fifo_i/err_q_reg[0]/D
                                0.12           0.08 f        -0.05  (VIOLATED)
   u_ibex_core/load_store_unit_i/lsu_err_q_reg/D
                                0.13           0.08 f        -0.05  (VIOLATED)
   u_ibex_core/id_stage_i/imd_val_q_reg[0][32]/D
                                0.13           0.08 f        -0.05  (VIOLATED)
   u_ibex_core/id_stage_i/imd_val_q_reg[0][33]/D
                                0.13           0.08 f        -0.05  (VIOLATED)
   u_ibex_core/cs_registers_i/minstret_counter_i/counter_q_reg[37]/D
                                0.13           0.08 f        -0.05  (VIOLATED)
   u_ibex_core/cs_registers_i/minstret_counter_i/counter_q_reg[41]/D
                                0.13           0.08 f        -0.05  (VIOLATED)
   u_ibex_core/load_store_unit_i/rdata_q_reg[24]/D
                                0.13           0.08 f        -0.05  (VIOLATED)
   u_ibex_core/wb_stage_i/g_writeback_stage.rf_wdata_wb_q_reg[0]/D
                                0.12           0.08 f        -0.05  (VIOLATED)
   u_ibex_core/load_store_unit_i/rdata_q_reg[25]/D
                                0.13           0.09 f        -0.05  (VIOLATED)
   u_ibex_core/load_store_unit_i/rdata_q_reg[26]/D
                                0.13           0.09 f        -0.05  (VIOLATED)
   u_ibex_core/load_store_unit_i/rdata_q_reg[27]/D
                                0.13           0.09 f        -0.05  (VIOLATED)
   u_ibex_core/load_store_unit_i/rdata_q_reg[28]/D
                                0.13           0.09 f        -0.05  (VIOLATED)
   u_ibex_core/load_store_unit_i/rdata_q_reg[29]/D
                                0.13           0.09 f        -0.05  (VIOLATED)
   u_ibex_core/load_store_unit_i/rdata_q_reg[30]/D
                                0.13           0.09 f        -0.05  (VIOLATED)
   u_ibex_core/if_stage_i/instr_rdata_alu_id_o_reg[28]/D
                                0.12           0.08 f        -0.05  (VIOLATED)
   u_ibex_core/id_stage_i/imd_val_q_reg[0][0]/D
                                0.13           0.09 f        -0.05  (VIOLATED)
   u_ibex_core/id_stage_i/imd_val_q_reg[0][5]/D
                                0.13           0.09 f        -0.05  (VIOLATED)
   u_ibex_core/id_stage_i/imd_val_q_reg[0][6]/D
                                0.13           0.09 f        -0.05  (VIOLATED)
   u_ibex_core/if_stage_i/instr_rdata_alu_id_o_reg[29]/D
                                0.12           0.08 f        -0.05  (VIOLATED)
   u_ibex_core/cs_registers_i/minstret_counter_i/counter_q_reg[31]/D
                                0.13           0.09 f        -0.05  (VIOLATED)
   u_ibex_core/cs_registers_i/minstret_counter_i/counter_q_reg[61]/D
                                0.13           0.09 f        -0.05  (VIOLATED)
   u_ibex_core/wb_stage_i/g_writeback_stage.rf_wdata_wb_q_reg[14]/D
                                0.12           0.08 f        -0.05  (VIOLATED)
   u_ibex_core/if_stage_i/gen_prefetch_buffer.prefetch_buffer_i/rdata_outstanding_q_reg[0]/D
                                0.13           0.09 f        -0.05  (VIOLATED)
   u_ibex_core/id_stage_i/imd_val_q_reg[0][3]/D
                                0.13           0.09 f        -0.05  (VIOLATED)
   u_ibex_core/id_stage_i/imd_val_q_reg[0][4]/D
                                0.13           0.09 f        -0.05  (VIOLATED)
   u_ibex_core/if_stage_i/instr_rdata_alu_id_o_reg[2]/D
                                0.12           0.08 f        -0.05  (VIOLATED)
   u_ibex_core/if_stage_i/instr_rdata_alu_id_o_reg[31]/D
                                0.12           0.08 f        -0.05  (VIOLATED)
   u_ibex_core/id_stage_i/imd_val_q_reg[0][16]/D
                                0.13           0.09 f        -0.05  (VIOLATED)
   u_ibex_core/cs_registers_i/mcycle_counter_i/counter_q_reg[33]/D
                                0.13           0.09 f        -0.05  (VIOLATED)
   u_ibex_core/cs_registers_i/mcycle_counter_i/counter_q_reg[37]/D
                                0.13           0.09 f        -0.05  (VIOLATED)
   u_ibex_core/if_stage_i/gen_prefetch_buffer.prefetch_buffer_i/stored_addr_q_reg[2]/D
                                0.12           0.08 f        -0.05  (VIOLATED)
   u_ibex_core/if_stage_i/gen_prefetch_buffer.prefetch_buffer_i/stored_addr_q_reg[4]/D
                                0.12           0.08 f        -0.05  (VIOLATED)
   u_ibex_core/if_stage_i/gen_prefetch_buffer.prefetch_buffer_i/stored_addr_q_reg[6]/D
                                0.12           0.08 f        -0.05  (VIOLATED)
   u_ibex_core/if_stage_i/gen_prefetch_buffer.prefetch_buffer_i/stored_addr_q_reg[8]/D
                                0.12           0.08 f        -0.05  (VIOLATED)
   u_ibex_core/if_stage_i/gen_prefetch_buffer.prefetch_buffer_i/stored_addr_q_reg[20]/D
                                0.12           0.08 f        -0.05  (VIOLATED)
   u_ibex_core/if_stage_i/gen_prefetch_buffer.prefetch_buffer_i/stored_addr_q_reg[28]/D
                                0.12           0.08 f        -0.05  (VIOLATED)
   u_ibex_core/if_stage_i/gen_prefetch_buffer.prefetch_buffer_i/fifo_i/rdata_q_reg[0][17]/D
                                0.12           0.08 f        -0.05  (VIOLATED)
   u_ibex_core/if_stage_i/gen_prefetch_buffer.prefetch_buffer_i/rdata_outstanding_q_reg[1]/D
                                0.13           0.09 f        -0.05  (VIOLATED)
   u_ibex_core/if_stage_i/gen_prefetch_buffer.prefetch_buffer_i/fifo_i/rdata_q_reg[2][17]/D
                                0.12           0.08 f        -0.04  (VIOLATED)
   u_ibex_core/if_stage_i/gen_prefetch_buffer.prefetch_buffer_i/fifo_i/rdata_q_reg[2][16]/D
                                0.12           0.08 f        -0.04  (VIOLATED)
   u_ibex_core/if_stage_i/gen_prefetch_buffer.prefetch_buffer_i/fifo_i/err_q_reg[1]/D
                                0.12           0.08 f        -0.04  (VIOLATED)
   u_ibex_core/if_stage_i/gen_prefetch_buffer.prefetch_buffer_i/fifo_i/rdata_q_reg[1][6]/D
                                0.12           0.08 f        -0.04  (VIOLATED)
   u_ibex_core/if_stage_i/gen_prefetch_buffer.prefetch_buffer_i/fifo_i/rdata_q_reg[1][9]/D
                                0.12           0.08 f        -0.04  (VIOLATED)
   u_ibex_core/if_stage_i/gen_prefetch_buffer.prefetch_buffer_i/fifo_i/rdata_q_reg[1][11]/D
                                0.12           0.08 f        -0.04  (VIOLATED)
   u_ibex_core/if_stage_i/gen_prefetch_buffer.prefetch_buffer_i/fifo_i/rdata_q_reg[1][2]/D
                                0.12           0.08 f        -0.04  (VIOLATED)
   u_ibex_core/if_stage_i/gen_prefetch_buffer.prefetch_buffer_i/fifo_i/rdata_q_reg[1][3]/D
                                0.12           0.08 f        -0.04  (VIOLATED)
   u_ibex_core/if_stage_i/gen_prefetch_buffer.prefetch_buffer_i/fifo_i/rdata_q_reg[1][5]/D
                                0.12           0.08 f        -0.04  (VIOLATED)
   u_ibex_core/if_stage_i/gen_prefetch_buffer.prefetch_buffer_i/fifo_i/rdata_q_reg[1][7]/D
                                0.12           0.08 f        -0.04  (VIOLATED)
   u_ibex_core/if_stage_i/gen_prefetch_buffer.prefetch_buffer_i/fifo_i/rdata_q_reg[1][10]/D
                                0.12           0.08 f        -0.04  (VIOLATED)
   u_ibex_core/if_stage_i/gen_prefetch_buffer.prefetch_buffer_i/fifo_i/rdata_q_reg[1][12]/D
                                0.12           0.08 f        -0.04  (VIOLATED)
   u_ibex_core/if_stage_i/gen_prefetch_buffer.prefetch_buffer_i/fifo_i/rdata_q_reg[1][13]/D
                                0.12           0.08 f        -0.04  (VIOLATED)
   u_ibex_core/if_stage_i/gen_prefetch_buffer.prefetch_buffer_i/fifo_i/rdata_q_reg[1][14]/D
                                0.12           0.08 f        -0.04  (VIOLATED)
   u_ibex_core/if_stage_i/gen_prefetch_buffer.prefetch_buffer_i/fifo_i/rdata_q_reg[1][15]/D
                                0.12           0.08 f        -0.04  (VIOLATED)
   u_ibex_core/cs_registers_i/mcycle_counter_i/counter_q_reg[0]/D
                                0.13           0.09 f        -0.04  (VIOLATED)
   u_ibex_core/cs_registers_i/u_dcsr_csr/rdata_q_reg[2]/D
                                0.13           0.09 f        -0.04  (VIOLATED)
   u_ibex_core/cs_registers_i/u_mcause_csr/rdata_q_reg[5]/D
                                0.13           0.09 f        -0.04  (VIOLATED)
   u_ibex_core/cs_registers_i/u_mcause_csr/rdata_q_reg[0]/D
                                0.13           0.09 f        -0.04  (VIOLATED)
   u_ibex_core/cs_registers_i/u_mcause_csr/rdata_q_reg[2]/D
                                0.13           0.09 f        -0.04  (VIOLATED)
   u_ibex_core/id_stage_i/imd_val_q_reg[0][30]/D
                                0.13           0.09 f        -0.04  (VIOLATED)
   u_ibex_core/id_stage_i/imd_val_q_reg[0][26]/D
                                0.13           0.09 f        -0.04  (VIOLATED)
   u_ibex_core/id_stage_i/imd_val_q_reg[0][2]/D
                                0.13           0.09 f        -0.04  (VIOLATED)
   u_ibex_core/if_stage_i/gen_prefetch_buffer.prefetch_buffer_i/fifo_i/rdata_q_reg[0][22]/D
                                0.12           0.08 f        -0.04  (VIOLATED)
   u_ibex_core/if_stage_i/gen_prefetch_buffer.prefetch_buffer_i/fifo_i/rdata_q_reg[0][16]/D
                                0.12           0.08 f        -0.04  (VIOLATED)
   u_ibex_core/cs_registers_i/mcycle_counter_i/counter_q_reg[32]/D
                                0.13           0.09 f        -0.04  (VIOLATED)
   u_ibex_core/cs_registers_i/minstret_counter_i/counter_q_reg[15]/D
                                0.13           0.09 f        -0.04  (VIOLATED)
   u_ibex_core/cs_registers_i/mcycle_counter_i/counter_q_reg[38]/D
                                0.13           0.09 f        -0.04  (VIOLATED)
   u_ibex_core/cs_registers_i/u_dcsr_csr/rdata_q_reg[1]/D
                                0.12           0.08 f        -0.04  (VIOLATED)
   u_ibex_core/cs_registers_i/mcycle_counter_i/counter_q_reg[57]/D
                                0.13           0.09 f        -0.04  (VIOLATED)
   u_ibex_core/cs_registers_i/mcycle_counter_i/counter_q_reg[45]/D
                                0.13           0.09 f        -0.04  (VIOLATED)
   u_ibex_core/cs_registers_i/mcycle_counter_i/counter_q_reg[53]/D
                                0.13           0.09 f        -0.04  (VIOLATED)
   u_ibex_core/cs_registers_i/mcycle_counter_i/counter_q_reg[55]/D
                                0.13           0.09 f        -0.04  (VIOLATED)
   u_ibex_core/cs_registers_i/u_dcsr_csr/rdata_q_reg[0]/D
                                0.12           0.08 f        -0.04  (VIOLATED)
   u_ibex_core/cs_registers_i/mcycle_counter_i/counter_q_reg[59]/D
                                0.13           0.09 f        -0.04  (VIOLATED)
   u_ibex_core/cs_registers_i/mcycle_counter_i/counter_q_reg[41]/D
                                0.13           0.09 f        -0.04  (VIOLATED)
   u_ibex_core/cs_registers_i/mcycle_counter_i/counter_q_reg[49]/D
                                0.13           0.09 f        -0.04  (VIOLATED)
   u_ibex_core/cs_registers_i/mcycle_counter_i/counter_q_reg[61]/D
                                0.13           0.09 f        -0.04  (VIOLATED)
   u_ibex_core/if_stage_i/instr_rdata_id_o_reg[12]/D
                                0.12           0.08 f        -0.04  (VIOLATED)
   u_ibex_core/cs_registers_i/mcycle_counter_i/counter_q_reg[43]/D
                                0.13           0.09 f        -0.04  (VIOLATED)
   u_ibex_core/if_stage_i/instr_rdata_id_o_reg[8]/D
                                0.12           0.08 f        -0.04  (VIOLATED)
   u_ibex_core/id_stage_i/imd_val_q_reg[0][23]/D
                                0.13           0.09 f        -0.04  (VIOLATED)
   u_ibex_core/id_stage_i/imd_val_q_reg[0][24]/D
                                0.13           0.09 f        -0.04  (VIOLATED)
   u_ibex_core/wb_stage_i/g_writeback_stage.rf_wdata_wb_q_reg[9]/D
                                0.11           0.07 r        -0.04  (VIOLATED)
   u_ibex_core/cs_registers_i/minstret_counter_i/counter_q_reg[0]/D
                                0.13           0.09 f        -0.04  (VIOLATED)
   u_ibex_core/if_stage_i/instr_rdata_c_id_o_reg[15]/D
                                0.12           0.08 f        -0.04  (VIOLATED)
   u_ibex_core/if_stage_i/instr_rdata_c_id_o_reg[1]/D
                                0.12           0.08 f        -0.04  (VIOLATED)
   u_ibex_core/cs_registers_i/u_mstatus_csr/rdata_q_reg[3]/D
                                0.13           0.09 f        -0.04  (VIOLATED)
   u_ibex_core/cs_registers_i/u_mstatus_csr/rdata_q_reg[2]/D
                                0.13           0.09 f        -0.04  (VIOLATED)
   u_ibex_core/id_stage_i/imd_val_q_reg[0][20]/D
                                0.13           0.09 f        -0.04  (VIOLATED)
   u_ibex_core/cs_registers_i/mcountinhibit_q_reg[2]/D
                                0.13           0.09 f        -0.04  (VIOLATED)
   u_ibex_core/if_stage_i/instr_rdata_alu_id_o_reg[14]/D
                                0.12           0.08 f        -0.04  (VIOLATED)
   u_ibex_core/if_stage_i/instr_rdata_id_o_reg[28]/D
                                0.12           0.08 f        -0.04  (VIOLATED)
   u_ibex_core/cs_registers_i/mcycle_counter_i/counter_q_reg[1]/D
                                0.13           0.09 f        -0.04  (VIOLATED)
   u_ibex_core/id_stage_i/imd_val_q_reg[0][17]/D
                                0.13           0.09 f        -0.04  (VIOLATED)
   u_ibex_core/id_stage_i/imd_val_q_reg[0][18]/D
                                0.13           0.09 f        -0.04  (VIOLATED)
   u_ibex_core/id_stage_i/imd_val_q_reg[0][28]/D
                                0.13           0.09 f        -0.04  (VIOLATED)
   u_ibex_core/cs_registers_i/u_mcause_csr/rdata_q_reg[1]/D
                                0.13           0.09 f        -0.04  (VIOLATED)
   u_ibex_core/cs_registers_i/u_mcause_csr/rdata_q_reg[3]/D
                                0.13           0.09 f        -0.04  (VIOLATED)
   u_ibex_core/cs_registers_i/u_mcause_csr/rdata_q_reg[4]/D
                                0.13           0.09 f        -0.04  (VIOLATED)
   u_ibex_core/id_stage_i/controller_i/store_err_q_reg/D
                                0.13           0.09 f        -0.04  (VIOLATED)
   u_ibex_core/ex_block_i/gen_multdiv_fast.multdiv_i/div_counter_q_reg[3]/D
                                0.13           0.09 f        -0.04  (VIOLATED)
   u_ibex_core/id_stage_i/imd_val_q_reg[1][31]/D
                                0.13           0.09 f        -0.04  (VIOLATED)
   u_ibex_core/cs_registers_i/mcycle_counter_i/counter_q_reg[47]/D
                                0.13           0.09 f        -0.04  (VIOLATED)
   u_ibex_core/cs_registers_i/mcycle_counter_i/counter_q_reg[51]/D
                                0.13           0.09 f        -0.04  (VIOLATED)
   u_ibex_core/cs_registers_i/u_mtval_csr/rdata_q_reg[31]/D
                                0.13           0.09 f        -0.04  (VIOLATED)
   u_ibex_core/id_stage_i/id_fsm_q_reg/D
                                0.13           0.09 f        -0.04  (VIOLATED)
   u_ibex_core/id_stage_i/controller_i/nmi_mode_q_reg/D
                                0.13           0.09 f        -0.04  (VIOLATED)
   u_ibex_core/if_stage_i/instr_rdata_alu_id_o_reg[4]/D
                                0.12           0.08 f        -0.04  (VIOLATED)
   u_ibex_core/id_stage_i/imd_val_q_reg[0][21]/D
                                0.13           0.09 f        -0.04  (VIOLATED)
   u_ibex_core/id_stage_i/imd_val_q_reg[0][29]/D
                                0.13           0.09 f        -0.04  (VIOLATED)
   u_ibex_core/if_stage_i/gen_prefetch_buffer.prefetch_buffer_i/fetch_addr_q_reg[21]/D
                                0.12           0.08 f        -0.04  (VIOLATED)
   u_ibex_core/id_stage_i/branch_jump_set_done_q_reg/D
                                0.13           0.09 f        -0.04  (VIOLATED)
   u_ibex_core/if_stage_i/gen_prefetch_buffer.prefetch_buffer_i/fifo_i/rdata_q_reg[0][24]/D
                                0.12           0.08 f        -0.04  (VIOLATED)
   u_ibex_core/cs_registers_i/u_mtval_csr/rdata_q_reg[3]/D
                                0.13           0.09 f        -0.04  (VIOLATED)
   u_ibex_core/id_stage_i/imd_val_q_reg[0][19]/D
                                0.13           0.09 f        -0.04  (VIOLATED)
   u_ibex_core/id_stage_i/imd_val_q_reg[0][22]/D
                                0.13           0.09 f        -0.04  (VIOLATED)
   u_ibex_core/id_stage_i/imd_val_q_reg[0][25]/D
                                0.13           0.09 f        -0.04  (VIOLATED)
   u_ibex_core/id_stage_i/imd_val_q_reg[0][27]/D
                                0.13           0.09 f        -0.04  (VIOLATED)
   u_ibex_core/id_stage_i/imd_val_q_reg[0][31]/D
                                0.13           0.09 f        -0.04  (VIOLATED)
   u_ibex_core/if_stage_i/gen_prefetch_buffer.prefetch_buffer_i/fifo_i/rdata_q_reg[0][25]/D
                                0.12           0.08 f        -0.04  (VIOLATED)
   u_ibex_core/cs_registers_i/mcycle_counter_i/counter_q_reg[19]/D
                                0.13           0.09 f        -0.04  (VIOLATED)
   u_ibex_core/cs_registers_i/mcycle_counter_i/counter_q_reg[21]/D
                                0.13           0.09 f        -0.04  (VIOLATED)
   u_ibex_core/cs_registers_i/mcycle_counter_i/counter_q_reg[25]/D
                                0.13           0.09 f        -0.04  (VIOLATED)
   u_ibex_core/cs_registers_i/mcycle_counter_i/counter_q_reg[27]/D
                                0.13           0.09 f        -0.04  (VIOLATED)
   u_ibex_core/cs_registers_i/mcycle_counter_i/counter_q_reg[29]/D
                                0.13           0.09 f        -0.04  (VIOLATED)
   u_ibex_core/if_stage_i/gen_prefetch_buffer.prefetch_buffer_i/fifo_i/instr_addr_q_reg[7]/D
                                0.12           0.08 f        -0.04  (VIOLATED)
   u_ibex_core/if_stage_i/gen_prefetch_buffer.prefetch_buffer_i/fifo_i/instr_addr_q_reg[3]/D
                                0.12           0.08 f        -0.04  (VIOLATED)
   u_ibex_core/if_stage_i/gen_prefetch_buffer.prefetch_buffer_i/fifo_i/instr_addr_q_reg[5]/D
                                0.12           0.08 f        -0.04  (VIOLATED)
   u_ibex_core/cs_registers_i/mcycle_counter_i/counter_q_reg[31]/D
                                0.13           0.09 f        -0.04  (VIOLATED)
   u_ibex_core/load_store_unit_i/data_we_q_reg/D
                                0.13           0.09 f        -0.04  (VIOLATED)
   u_ibex_core/load_store_unit_i/rdata_offset_q_reg[0]/D
                                0.13           0.09 f        -0.04  (VIOLATED)
   u_ibex_core/if_stage_i/instr_rdata_id_o_reg[15]/D
                                0.12           0.08 f        -0.04  (VIOLATED)
   u_ibex_core/if_stage_i/instr_rdata_id_o_reg[7]/D
                                0.12           0.08 f        -0.04  (VIOLATED)
   u_ibex_core/load_store_unit_i/data_type_q_reg[1]/D
                                0.13           0.09 f        -0.04  (VIOLATED)
   u_ibex_core/if_stage_i/gen_prefetch_buffer.prefetch_buffer_i/fifo_i/rdata_q_reg[1][8]/D
                                0.12           0.08 f        -0.04  (VIOLATED)
   u_ibex_core/cs_registers_i/u_mstatus_csr/rdata_q_reg[4]/D
                                0.12           0.08 f        -0.04  (VIOLATED)
   u_ibex_core/if_stage_i/gen_prefetch_buffer.prefetch_buffer_i/fetch_addr_q_reg[3]/D
                                0.12           0.08 f        -0.04  (VIOLATED)
   u_ibex_core/ex_block_i/gen_multdiv_fast.multdiv_i/div_counter_q_reg[4]/D
                                0.13           0.09 f        -0.04  (VIOLATED)
   u_ibex_core/cs_registers_i/mcycle_counter_i/counter_q_reg[35]/D
                                0.13           0.09 f        -0.04  (VIOLATED)
   u_ibex_core/if_stage_i/gen_prefetch_buffer.prefetch_buffer_i/fifo_i/rdata_q_reg[1][18]/D
                                0.12           0.09 f        -0.04  (VIOLATED)
   u_ibex_core/if_stage_i/gen_prefetch_buffer.prefetch_buffer_i/fifo_i/rdata_q_reg[1][20]/D
                                0.12           0.09 f        -0.04  (VIOLATED)
   u_ibex_core/if_stage_i/gen_prefetch_buffer.prefetch_buffer_i/fifo_i/rdata_q_reg[1][19]/D
                                0.12           0.09 f        -0.04  (VIOLATED)
   u_ibex_core/if_stage_i/gen_prefetch_buffer.prefetch_buffer_i/fifo_i/rdata_q_reg[1][21]/D
                                0.12           0.09 f        -0.04  (VIOLATED)
   u_ibex_core/if_stage_i/gen_prefetch_buffer.prefetch_buffer_i/fifo_i/rdata_q_reg[1][23]/D
                                0.12           0.09 f        -0.04  (VIOLATED)
   u_ibex_core/if_stage_i/gen_prefetch_buffer.prefetch_buffer_i/fifo_i/rdata_q_reg[1][17]/D
                                0.12           0.09 f        -0.04  (VIOLATED)
   u_ibex_core/if_stage_i/gen_prefetch_buffer.prefetch_buffer_i/fifo_i/rdata_q_reg[1][22]/D
                                0.12           0.09 f        -0.04  (VIOLATED)
   u_ibex_core/if_stage_i/gen_prefetch_buffer.prefetch_buffer_i/fifo_i/rdata_q_reg[1][25]/D
                                0.12           0.09 f        -0.04  (VIOLATED)
   u_ibex_core/if_stage_i/gen_prefetch_buffer.prefetch_buffer_i/fifo_i/rdata_q_reg[1][24]/D
                                0.12           0.09 f        -0.04  (VIOLATED)
   u_ibex_core/if_stage_i/instr_rdata_id_o_reg[31]/D
                                0.12           0.09 f        -0.04  (VIOLATED)
   u_ibex_core/if_stage_i/gen_prefetch_buffer.prefetch_buffer_i/fetch_addr_q_reg[8]/D
                                0.12           0.09 f        -0.04  (VIOLATED)
   u_ibex_core/load_store_unit_i/rdata_offset_q_reg[1]/D
                                0.13           0.09 f        -0.04  (VIOLATED)
   u_ibex_core/if_stage_i/gen_prefetch_buffer.prefetch_buffer_i/fifo_i/rdata_q_reg[1][16]/D
                                0.12           0.09 f        -0.04  (VIOLATED)
   u_ibex_core/cs_registers_i/mcycle_counter_i/counter_q_reg[22]/D
                                0.13           0.09 f        -0.04  (VIOLATED)
   u_ibex_core/if_stage_i/gen_prefetch_buffer.prefetch_buffer_i/fifo_i/rdata_q_reg[1][26]/D
                                0.12           0.09 f        -0.04  (VIOLATED)
   u_ibex_core/if_stage_i/gen_prefetch_buffer.prefetch_buffer_i/fifo_i/rdata_q_reg[1][27]/D
                                0.12           0.09 f        -0.04  (VIOLATED)
   u_ibex_core/if_stage_i/gen_prefetch_buffer.prefetch_buffer_i/fifo_i/rdata_q_reg[1][28]/D
                                0.12           0.09 f        -0.04  (VIOLATED)
   u_ibex_core/if_stage_i/gen_prefetch_buffer.prefetch_buffer_i/fifo_i/rdata_q_reg[1][29]/D
                                0.12           0.09 f        -0.04  (VIOLATED)
   u_ibex_core/if_stage_i/gen_prefetch_buffer.prefetch_buffer_i/fifo_i/rdata_q_reg[1][30]/D
                                0.12           0.09 f        -0.04  (VIOLATED)
   u_ibex_core/if_stage_i/gen_prefetch_buffer.prefetch_buffer_i/fifo_i/rdata_q_reg[1][31]/D
                                0.12           0.09 f        -0.04  (VIOLATED)
   u_ibex_core/load_store_unit_i/ls_fsm_cs_reg[0]/D
                                0.13           0.09 f        -0.04  (VIOLATED)
   u_ibex_core/if_stage_i/gen_prefetch_buffer.prefetch_buffer_i/branch_discard_q_reg[1]/D
                                0.13           0.09 f        -0.04  (VIOLATED)
   u_ibex_core/cs_registers_i/u_mstatus_csr/rdata_q_reg[5]/D
                                0.13           0.09 f        -0.04  (VIOLATED)
   u_ibex_core/id_stage_i/controller_i/exc_req_q_reg/D
                                0.13           0.09 f        -0.04  (VIOLATED)
   u_ibex_core/cs_registers_i/minstret_counter_i/counter_q_reg[4]/D
                                0.13           0.09 f        -0.04  (VIOLATED)
   u_ibex_core/cs_registers_i/minstret_counter_i/counter_q_reg[6]/D
                                0.13           0.09 f        -0.04  (VIOLATED)
   u_ibex_core/cs_registers_i/minstret_counter_i/counter_q_reg[8]/D
                                0.13           0.09 f        -0.04  (VIOLATED)
   u_ibex_core/cs_registers_i/minstret_counter_i/counter_q_reg[10]/D
                                0.13           0.09 f        -0.04  (VIOLATED)
   u_ibex_core/cs_registers_i/minstret_counter_i/counter_q_reg[12]/D
                                0.13           0.09 f        -0.04  (VIOLATED)
   u_ibex_core/cs_registers_i/minstret_counter_i/counter_q_reg[14]/D
                                0.13           0.09 f        -0.04  (VIOLATED)
   u_ibex_core/cs_registers_i/minstret_counter_i/counter_q_reg[16]/D
                                0.13           0.09 f        -0.04  (VIOLATED)
   u_ibex_core/cs_registers_i/minstret_counter_i/counter_q_reg[18]/D
                                0.13           0.09 f        -0.04  (VIOLATED)
   u_ibex_core/cs_registers_i/minstret_counter_i/counter_q_reg[22]/D
                                0.13           0.09 f        -0.04  (VIOLATED)
   u_ibex_core/cs_registers_i/minstret_counter_i/counter_q_reg[42]/D
                                0.13           0.09 f        -0.04  (VIOLATED)
   u_ibex_core/cs_registers_i/minstret_counter_i/counter_q_reg[44]/D
                                0.13           0.09 f        -0.04  (VIOLATED)
   u_ibex_core/cs_registers_i/minstret_counter_i/counter_q_reg[60]/D
                                0.13           0.09 f        -0.04  (VIOLATED)
   u_ibex_core/cs_registers_i/priv_lvl_q_reg[1]/D
                                0.12           0.09 f        -0.04  (VIOLATED)
   u_ibex_core/if_stage_i/gen_prefetch_buffer.prefetch_buffer_i/fifo_i/valid_q_reg[0]/D
                                0.13           0.09 f        -0.04  (VIOLATED)
   u_ibex_core/cs_registers_i/mcycle_counter_i/counter_q_reg[30]/D
                                0.13           0.09 f        -0.04  (VIOLATED)
   u_ibex_core/cs_registers_i/priv_lvl_q_reg[0]/D
                                0.12           0.09 f        -0.04  (VIOLATED)
   u_ibex_core/if_stage_i/gen_prefetch_buffer.prefetch_buffer_i/fifo_i/instr_addr_q_reg[1]/D
                                0.12           0.09 f        -0.04  (VIOLATED)
   u_ibex_core/cs_registers_i/mcycle_counter_i/counter_q_reg[16]/D
                                0.13           0.09 f        -0.04  (VIOLATED)
   u_ibex_core/if_stage_i/gen_prefetch_buffer.prefetch_buffer_i/fifo_i/instr_addr_q_reg[2]/D
                                0.12           0.09 f        -0.04  (VIOLATED)
   u_ibex_core/if_stage_i/gen_prefetch_buffer.prefetch_buffer_i/fifo_i/instr_addr_q_reg[6]/D
                                0.12           0.09 f        -0.04  (VIOLATED)
   u_ibex_core/if_stage_i/gen_prefetch_buffer.prefetch_buffer_i/fetch_addr_q_reg[7]/D
                                0.12           0.09 f        -0.04  (VIOLATED)
   u_ibex_core/cs_registers_i/mcycle_counter_i/counter_q_reg[40]/D
                                0.13           0.09 f        -0.04  (VIOLATED)
   u_ibex_core/cs_registers_i/minstret_counter_i/counter_q_reg[2]/D
                                0.13           0.09 f        -0.04  (VIOLATED)
   u_ibex_core/cs_registers_i/minstret_counter_i/counter_q_reg[20]/D
                                0.13           0.09 f        -0.04  (VIOLATED)
   u_ibex_core/cs_registers_i/minstret_counter_i/counter_q_reg[46]/D
                                0.13           0.09 f        -0.04  (VIOLATED)
   u_ibex_core/cs_registers_i/u_cpuctrlsts_part_csr/rdata_q_reg[6]/D
                                0.13           0.10 f        -0.04  (VIOLATED)
   u_ibex_core/cs_registers_i/u_mtval_csr/rdata_q_reg[17]/D
                                0.13           0.10 f        -0.04  (VIOLATED)
   u_ibex_core/cs_registers_i/u_mtval_csr/rdata_q_reg[0]/D
                                0.13           0.10 f        -0.04  (VIOLATED)
   u_ibex_core/cs_registers_i/u_mtval_csr/rdata_q_reg[28]/D
                                0.13           0.10 f        -0.04  (VIOLATED)
   u_ibex_core/cs_registers_i/mcycle_counter_i/counter_q_reg[24]/D
                                0.13           0.10 f        -0.04  (VIOLATED)
   u_ibex_core/cs_registers_i/u_mtval_csr/rdata_q_reg[1]/D
                                0.13           0.10 f        -0.04  (VIOLATED)
   u_ibex_core/cs_registers_i/minstret_counter_i/counter_q_reg[3]/D
                                0.13           0.10 f        -0.04  (VIOLATED)
   u_ibex_core/cs_registers_i/minstret_counter_i/counter_q_reg[5]/D
                                0.13           0.10 f        -0.04  (VIOLATED)
   u_ibex_core/cs_registers_i/minstret_counter_i/counter_q_reg[7]/D
                                0.13           0.10 f        -0.04  (VIOLATED)
   u_ibex_core/cs_registers_i/minstret_counter_i/counter_q_reg[9]/D
                                0.13           0.10 f        -0.04  (VIOLATED)
   u_ibex_core/cs_registers_i/minstret_counter_i/counter_q_reg[11]/D
                                0.13           0.10 f        -0.04  (VIOLATED)
   u_ibex_core/cs_registers_i/minstret_counter_i/counter_q_reg[17]/D
                                0.13           0.10 f        -0.04  (VIOLATED)
   u_ibex_core/cs_registers_i/minstret_counter_i/counter_q_reg[19]/D
                                0.13           0.10 f        -0.04  (VIOLATED)
   u_ibex_core/cs_registers_i/minstret_counter_i/counter_q_reg[21]/D
                                0.13           0.10 f        -0.04  (VIOLATED)
   u_ibex_core/cs_registers_i/minstret_counter_i/counter_q_reg[25]/D
                                0.13           0.10 f        -0.04  (VIOLATED)
   u_ibex_core/cs_registers_i/minstret_counter_i/counter_q_reg[27]/D
                                0.13           0.10 f        -0.04  (VIOLATED)
   u_ibex_core/cs_registers_i/minstret_counter_i/counter_q_reg[29]/D
                                0.13           0.10 f        -0.04  (VIOLATED)
   u_ibex_core/cs_registers_i/minstret_counter_i/counter_q_reg[33]/D
                                0.13           0.10 f        -0.04  (VIOLATED)
   u_ibex_core/cs_registers_i/minstret_counter_i/counter_q_reg[35]/D
                                0.13           0.10 f        -0.04  (VIOLATED)
   u_ibex_core/cs_registers_i/minstret_counter_i/counter_q_reg[45]/D
                                0.13           0.10 f        -0.04  (VIOLATED)
   u_ibex_core/cs_registers_i/minstret_counter_i/counter_q_reg[47]/D
                                0.13           0.10 f        -0.04  (VIOLATED)
   u_ibex_core/cs_registers_i/minstret_counter_i/counter_q_reg[49]/D
                                0.13           0.10 f        -0.04  (VIOLATED)
   u_ibex_core/cs_registers_i/minstret_counter_i/counter_q_reg[53]/D
                                0.13           0.10 f        -0.04  (VIOLATED)
   u_ibex_core/cs_registers_i/minstret_counter_i/counter_q_reg[55]/D
                                0.13           0.10 f        -0.04  (VIOLATED)
   u_ibex_core/cs_registers_i/minstret_counter_i/counter_q_reg[59]/D
                                0.13           0.10 f        -0.04  (VIOLATED)
   u_ibex_core/cs_registers_i/minstret_counter_i/counter_q_reg[1]/D
                                0.13           0.10 f        -0.04  (VIOLATED)
   u_ibex_core/cs_registers_i/minstret_counter_i/counter_q_reg[39]/D
                                0.13           0.10 f        -0.04  (VIOLATED)
   u_ibex_core/cs_registers_i/minstret_counter_i/counter_q_reg[57]/D
                                0.13           0.10 f        -0.04  (VIOLATED)
   u_ibex_core/cs_registers_i/minstret_counter_i/counter_q_reg[13]/D
                                0.13           0.10 f        -0.04  (VIOLATED)
   u_ibex_core/cs_registers_i/mcycle_counter_i/counter_q_reg[23]/D
                                0.13           0.10 f        -0.04  (VIOLATED)
   u_ibex_core/id_stage_i/controller_i/debug_cause_q_reg[2]/D
                                0.13           0.10 f        -0.03  (VIOLATED)
   u_ibex_core/cs_registers_i/minstret_counter_i/counter_q_reg[28]/D
                                0.13           0.10 f        -0.03  (VIOLATED)
   u_ibex_core/cs_registers_i/minstret_counter_i/counter_q_reg[32]/D
                                0.13           0.10 f        -0.03  (VIOLATED)
   u_ibex_core/cs_registers_i/minstret_counter_i/counter_q_reg[34]/D
                                0.13           0.10 f        -0.03  (VIOLATED)
   u_ibex_core/cs_registers_i/minstret_counter_i/counter_q_reg[36]/D
                                0.13           0.10 f        -0.03  (VIOLATED)
   u_ibex_core/cs_registers_i/minstret_counter_i/counter_q_reg[48]/D
                                0.13           0.10 f        -0.03  (VIOLATED)
   u_ibex_core/cs_registers_i/minstret_counter_i/counter_q_reg[50]/D
                                0.13           0.10 f        -0.03  (VIOLATED)
   u_ibex_core/cs_registers_i/minstret_counter_i/counter_q_reg[52]/D
                                0.13           0.10 f        -0.03  (VIOLATED)
   u_ibex_core/cs_registers_i/minstret_counter_i/counter_q_reg[54]/D
                                0.13           0.10 f        -0.03  (VIOLATED)
   u_ibex_core/cs_registers_i/minstret_counter_i/counter_q_reg[56]/D
                                0.13           0.10 f        -0.03  (VIOLATED)
   u_ibex_core/cs_registers_i/minstret_counter_i/counter_q_reg[58]/D
                                0.13           0.10 f        -0.03  (VIOLATED)
   u_ibex_core/cs_registers_i/minstret_counter_i/counter_q_reg[43]/D
                                0.13           0.10 f        -0.03  (VIOLATED)
   u_ibex_core/cs_registers_i/mcycle_counter_i/counter_q_reg[18]/D
                                0.13           0.10 f        -0.03  (VIOLATED)
   u_ibex_core/cs_registers_i/mcycle_counter_i/counter_q_reg[26]/D
                                0.13           0.10 f        -0.03  (VIOLATED)
   u_ibex_core/cs_registers_i/mcycle_counter_i/counter_q_reg[28]/D
                                0.13           0.10 f        -0.03  (VIOLATED)
   u_ibex_core/cs_registers_i/u_mtval_csr/rdata_q_reg[8]/D
                                0.13           0.10 f        -0.03  (VIOLATED)
   u_ibex_core/cs_registers_i/minstret_counter_i/counter_q_reg[26]/D
                                0.13           0.10 f        -0.03  (VIOLATED)
   u_ibex_core/cs_registers_i/u_mtval_csr/rdata_q_reg[18]/D
                                0.13           0.10 f        -0.03  (VIOLATED)
   u_ibex_core/cs_registers_i/u_mtval_csr/rdata_q_reg[27]/D
                                0.13           0.10 f        -0.03  (VIOLATED)
   u_ibex_core/cs_registers_i/u_cpuctrlsts_part_csr/rdata_q_reg[7]/D
                                0.13           0.10 f        -0.03  (VIOLATED)
   u_ibex_core/cs_registers_i/mcycle_counter_i/counter_q_reg[20]/D
                                0.13           0.10 f        -0.03  (VIOLATED)
   u_ibex_core/cs_registers_i/u_mtval_csr/rdata_q_reg[19]/D
                                0.13           0.10 f        -0.03  (VIOLATED)
   u_ibex_core/cs_registers_i/minstret_counter_i/counter_q_reg[23]/D
                                0.13           0.10 f        -0.03  (VIOLATED)
   u_ibex_core/if_stage_i/instr_rdata_id_o_reg[10]/D
                                0.12           0.09 f        -0.03  (VIOLATED)
   u_ibex_core/cs_registers_i/minstret_counter_i/counter_q_reg[51]/D
                                0.13           0.10 f        -0.03  (VIOLATED)
   u_ibex_core/cs_registers_i/u_mtval_csr/rdata_q_reg[9]/D
                                0.13           0.10 f        -0.03  (VIOLATED)
   u_ibex_core/cs_registers_i/minstret_counter_i/counter_q_reg[63]/D
                                0.13           0.10 f        -0.03  (VIOLATED)
   u_ibex_core/cs_registers_i/u_mtval_csr/rdata_q_reg[11]/D
                                0.13           0.10 f        -0.03  (VIOLATED)
   u_ibex_core/cs_registers_i/u_mtval_csr/rdata_q_reg[25]/D
                                0.13           0.10 f        -0.03  (VIOLATED)
   u_ibex_core/cs_registers_i/u_mtval_csr/rdata_q_reg[13]/D
                                0.13           0.10 f        -0.03  (VIOLATED)
   u_ibex_core/cs_registers_i/minstret_counter_i/counter_q_reg[24]/D
                                0.13           0.10 f        -0.03  (VIOLATED)
   u_ibex_core/cs_registers_i/minstret_counter_i/counter_q_reg[38]/D
                                0.13           0.10 f        -0.03  (VIOLATED)
   u_ibex_core/cs_registers_i/minstret_counter_i/counter_q_reg[40]/D
                                0.13           0.10 f        -0.03  (VIOLATED)
   u_ibex_core/cs_registers_i/u_mtval_csr/rdata_q_reg[5]/D
                                0.13           0.10 f        -0.03  (VIOLATED)
   u_ibex_core/cs_registers_i/u_mepc_csr/rdata_q_reg[1]/D
                                0.13           0.10 f        -0.03  (VIOLATED)
   u_ibex_core/cs_registers_i/u_mepc_csr/rdata_q_reg[2]/D
                                0.13           0.10 f        -0.03  (VIOLATED)
   u_ibex_core/cs_registers_i/u_mepc_csr/rdata_q_reg[3]/D
                                0.13           0.10 f        -0.03  (VIOLATED)
   u_ibex_core/cs_registers_i/u_mepc_csr/rdata_q_reg[4]/D
                                0.13           0.10 f        -0.03  (VIOLATED)
   u_ibex_core/cs_registers_i/u_mtval_csr/rdata_q_reg[16]/D
                                0.13           0.10 f        -0.03  (VIOLATED)
   u_ibex_core/cs_registers_i/u_mepc_csr/rdata_q_reg[31]/D
                                0.13           0.10 f        -0.03  (VIOLATED)
   u_ibex_core/cs_registers_i/u_mepc_csr/rdata_q_reg[19]/D
                                0.13           0.10 f        -0.03  (VIOLATED)
   u_ibex_core/cs_registers_i/u_mepc_csr/rdata_q_reg[22]/D
                                0.13           0.10 f        -0.03  (VIOLATED)
   u_ibex_core/cs_registers_i/u_mepc_csr/rdata_q_reg[26]/D
                                0.13           0.10 f        -0.03  (VIOLATED)
   u_ibex_core/cs_registers_i/u_mepc_csr/rdata_q_reg[29]/D
                                0.13           0.10 f        -0.03  (VIOLATED)
   u_ibex_core/cs_registers_i/u_mepc_csr/rdata_q_reg[5]/D
                                0.13           0.10 f        -0.03  (VIOLATED)
   u_ibex_core/cs_registers_i/u_mepc_csr/rdata_q_reg[7]/D
                                0.13           0.10 f        -0.03  (VIOLATED)
   u_ibex_core/cs_registers_i/u_mepc_csr/rdata_q_reg[14]/D
                                0.13           0.10 f        -0.03  (VIOLATED)
   u_ibex_core/cs_registers_i/u_mepc_csr/rdata_q_reg[18]/D
                                0.13           0.10 f        -0.03  (VIOLATED)
   u_ibex_core/cs_registers_i/u_mepc_csr/rdata_q_reg[20]/D
                                0.13           0.10 f        -0.03  (VIOLATED)
   u_ibex_core/cs_registers_i/u_mepc_csr/rdata_q_reg[8]/D
                                0.13           0.10 f        -0.03  (VIOLATED)
   u_ibex_core/cs_registers_i/u_mepc_csr/rdata_q_reg[9]/D
                                0.13           0.10 f        -0.03  (VIOLATED)
   u_ibex_core/cs_registers_i/u_mepc_csr/rdata_q_reg[12]/D
                                0.13           0.10 f        -0.03  (VIOLATED)
   u_ibex_core/cs_registers_i/u_mepc_csr/rdata_q_reg[13]/D
                                0.13           0.10 f        -0.03  (VIOLATED)
   u_ibex_core/cs_registers_i/u_mepc_csr/rdata_q_reg[25]/D
                                0.13           0.10 f        -0.03  (VIOLATED)
   u_ibex_core/cs_registers_i/u_mtval_csr/rdata_q_reg[26]/D
                                0.13           0.10 f        -0.03  (VIOLATED)
   u_ibex_core/cs_registers_i/u_mepc_csr/rdata_q_reg[30]/D
                                0.13           0.10 f        -0.03  (VIOLATED)
   u_ibex_core/cs_registers_i/u_mepc_csr/rdata_q_reg[6]/D
                                0.13           0.10 f        -0.03  (VIOLATED)
   u_ibex_core/cs_registers_i/u_mepc_csr/rdata_q_reg[10]/D
                                0.13           0.10 f        -0.03  (VIOLATED)
   u_ibex_core/cs_registers_i/u_mepc_csr/rdata_q_reg[11]/D
                                0.13           0.10 f        -0.03  (VIOLATED)
   u_ibex_core/cs_registers_i/u_mepc_csr/rdata_q_reg[15]/D
                                0.13           0.10 f        -0.03  (VIOLATED)
   u_ibex_core/cs_registers_i/u_mepc_csr/rdata_q_reg[16]/D
                                0.13           0.10 f        -0.03  (VIOLATED)
   u_ibex_core/cs_registers_i/u_mepc_csr/rdata_q_reg[17]/D
                                0.13           0.10 f        -0.03  (VIOLATED)
   u_ibex_core/cs_registers_i/u_mepc_csr/rdata_q_reg[27]/D
                                0.13           0.10 f        -0.03  (VIOLATED)
   u_ibex_core/cs_registers_i/u_mepc_csr/rdata_q_reg[21]/D
                                0.13           0.10 f        -0.03  (VIOLATED)
   u_ibex_core/cs_registers_i/u_mepc_csr/rdata_q_reg[23]/D
                                0.13           0.10 f        -0.03  (VIOLATED)
   u_ibex_core/cs_registers_i/u_mepc_csr/rdata_q_reg[24]/D
                                0.13           0.10 f        -0.03  (VIOLATED)
   u_ibex_core/cs_registers_i/u_mepc_csr/rdata_q_reg[28]/D
                                0.13           0.10 f        -0.03  (VIOLATED)
   u_ibex_core/cs_registers_i/u_mtval_csr/rdata_q_reg[10]/D
                                0.13           0.10 f        -0.03  (VIOLATED)
   u_ibex_core/cs_registers_i/u_mtval_csr/rdata_q_reg[4]/D
                                0.13           0.10 f        -0.03  (VIOLATED)
   u_ibex_core/cs_registers_i/u_mtval_csr/rdata_q_reg[12]/D
                                0.13           0.10 f        -0.03  (VIOLATED)
   u_ibex_core/cs_registers_i/u_mtval_csr/rdata_q_reg[6]/D
                                0.13           0.10 f        -0.03  (VIOLATED)
   u_ibex_core/cs_registers_i/u_mtval_csr/rdata_q_reg[14]/D
                                0.13           0.10 f        -0.03  (VIOLATED)
   u_ibex_core/cs_registers_i/mcycle_counter_i/counter_q_reg[15]/D
                                0.13           0.10 f        -0.03  (VIOLATED)
   u_ibex_core/cs_registers_i/u_mtval_csr/rdata_q_reg[29]/D
                                0.13           0.10 f        -0.03  (VIOLATED)
   u_ibex_core/cs_registers_i/mcycle_counter_i/counter_q_reg[9]/D
                                0.13           0.10 f        -0.03  (VIOLATED)
   u_ibex_core/cs_registers_i/mcycle_counter_i/counter_q_reg[11]/D
                                0.13           0.10 f        -0.03  (VIOLATED)
   u_ibex_core/cs_registers_i/mcycle_counter_i/counter_q_reg[13]/D
                                0.13           0.10 f        -0.03  (VIOLATED)
   u_ibex_core/cs_registers_i/u_mtval_csr/rdata_q_reg[15]/D
                                0.13           0.10 f        -0.03  (VIOLATED)
   u_ibex_core/cs_registers_i/u_depc_csr/rdata_q_reg[21]/D
                                0.13           0.10 f        -0.03  (VIOLATED)
   u_ibex_core/cs_registers_i/u_depc_csr/rdata_q_reg[23]/D
                                0.13           0.10 f        -0.03  (VIOLATED)
   u_ibex_core/cs_registers_i/u_depc_csr/rdata_q_reg[4]/D
                                0.13           0.10 f        -0.03  (VIOLATED)
   u_ibex_core/cs_registers_i/u_mtval_csr/rdata_q_reg[7]/D
                                0.13           0.10 f        -0.03  (VIOLATED)
   u_ibex_core/cs_registers_i/u_depc_csr/rdata_q_reg[5]/D
                                0.13           0.10 f        -0.03  (VIOLATED)
   u_ibex_core/cs_registers_i/u_depc_csr/rdata_q_reg[27]/D
                                0.13           0.10 f        -0.03  (VIOLATED)
   u_ibex_core/cs_registers_i/u_mtval_csr/rdata_q_reg[2]/D
                                0.13           0.10 f        -0.03  (VIOLATED)
   u_ibex_core/cs_registers_i/minstret_counter_i/counter_q_reg[62]/D
                                0.13           0.10 f        -0.03  (VIOLATED)
   u_ibex_core/if_stage_i/gen_prefetch_buffer.prefetch_buffer_i/fetch_addr_q_reg[5]/D
                                0.12           0.09 f        -0.03  (VIOLATED)
   u_ibex_core/cs_registers_i/u_depc_csr/rdata_q_reg[8]/D
                                0.13           0.10 f        -0.03  (VIOLATED)
   u_ibex_core/cs_registers_i/u_depc_csr/rdata_q_reg[20]/D
                                0.13           0.10 f        -0.03  (VIOLATED)
   u_ibex_core/id_stage_i/controller_i/enter_debug_mode_prio_q_reg/D
                                0.13           0.10 f        -0.03  (VIOLATED)
   u_ibex_core/cs_registers_i/u_depc_csr/rdata_q_reg[7]/D
                                0.13           0.10 f        -0.03  (VIOLATED)
   u_ibex_core/cs_registers_i/u_depc_csr/rdata_q_reg[11]/D
                                0.13           0.10 f        -0.03  (VIOLATED)
   u_ibex_core/if_stage_i/instr_rdata_id_o_reg[22]/D
                                0.12           0.09 f        -0.03  (VIOLATED)
   u_ibex_core/cs_registers_i/u_depc_csr/rdata_q_reg[15]/D
                                0.13           0.10 f        -0.03  (VIOLATED)
   u_ibex_core/cs_registers_i/u_depc_csr/rdata_q_reg[16]/D
                                0.13           0.10 f        -0.03  (VIOLATED)
   u_ibex_core/cs_registers_i/u_depc_csr/rdata_q_reg[26]/D
                                0.13           0.10 f        -0.03  (VIOLATED)
   u_ibex_core/cs_registers_i/u_depc_csr/rdata_q_reg[17]/D
                                0.13           0.10 f        -0.03  (VIOLATED)
   u_ibex_core/cs_registers_i/u_depc_csr/rdata_q_reg[13]/D
                                0.13           0.10 f        -0.03  (VIOLATED)
   u_ibex_core/cs_registers_i/u_mtval_csr/rdata_q_reg[30]/D
                                0.13           0.10 f        -0.03  (VIOLATED)
   u_ibex_core/if_stage_i/instr_rdata_id_o_reg[19]/D
                                0.12           0.09 f        -0.03  (VIOLATED)
   u_ibex_core/cs_registers_i/mcycle_counter_i/counter_q_reg[8]/D
                                0.13           0.10 f        -0.03  (VIOLATED)
   u_ibex_core/cs_registers_i/u_depc_csr/rdata_q_reg[1]/D
                                0.13           0.10 f        -0.03  (VIOLATED)
   u_ibex_core/load_store_unit_i/addr_last_q_reg[29]/D
                                0.13           0.10 f        -0.03  (VIOLATED)
   u_ibex_core/load_store_unit_i/addr_last_q_reg[30]/D
                                0.13           0.10 f        -0.03  (VIOLATED)
   u_ibex_core/load_store_unit_i/addr_last_q_reg[31]/D
                                0.13           0.10 f        -0.03  (VIOLATED)
   u_ibex_core/cs_registers_i/u_depc_csr/rdata_q_reg[25]/D
                                0.13           0.10 f        -0.03  (VIOLATED)
   u_ibex_core/cs_registers_i/u_depc_csr/rdata_q_reg[24]/D
                                0.13           0.10 f        -0.03  (VIOLATED)
   u_ibex_core/cs_registers_i/u_depc_csr/rdata_q_reg[12]/D
                                0.13           0.10 f        -0.03  (VIOLATED)
   u_ibex_core/cs_registers_i/u_depc_csr/rdata_q_reg[14]/D
                                0.13           0.10 f        -0.03  (VIOLATED)
   u_ibex_core/cs_registers_i/u_mtval_csr/rdata_q_reg[23]/D
                                0.13           0.10 f        -0.03  (VIOLATED)
   u_ibex_core/cs_registers_i/u_depc_csr/rdata_q_reg[10]/D
                                0.13           0.10 f        -0.03  (VIOLATED)
   u_ibex_core/if_stage_i/illegal_c_insn_id_o_reg/D
                                0.12           0.09 f        -0.03  (VIOLATED)
   u_ibex_core/cs_registers_i/u_depc_csr/rdata_q_reg[2]/D
                                0.13           0.10 f        -0.03  (VIOLATED)
   u_ibex_core/cs_registers_i/u_depc_csr/rdata_q_reg[6]/D
                                0.13           0.10 f        -0.03  (VIOLATED)
   u_ibex_core/cs_registers_i/u_mtval_csr/rdata_q_reg[24]/D
                                0.13           0.10 f        -0.03  (VIOLATED)
   u_ibex_core/if_stage_i/instr_rdata_id_o_reg[17]/D
                                0.12           0.09 f        -0.03  (VIOLATED)
   u_ibex_core/cs_registers_i/u_depc_csr/rdata_q_reg[3]/D
                                0.13           0.10 f        -0.03  (VIOLATED)
   u_ibex_core/cs_registers_i/mcycle_counter_i/counter_q_reg[12]/D
                                0.13           0.10 f        -0.03  (VIOLATED)
   u_ibex_core/cs_registers_i/u_depc_csr/rdata_q_reg[22]/D
                                0.13           0.10 f        -0.03  (VIOLATED)
   u_ibex_core/cs_registers_i/u_depc_csr/rdata_q_reg[18]/D
                                0.13           0.10 f        -0.03  (VIOLATED)
   u_ibex_core/cs_registers_i/u_depc_csr/rdata_q_reg[19]/D
                                0.13           0.10 f        -0.03  (VIOLATED)
   u_ibex_core/cs_registers_i/u_mtval_csr/rdata_q_reg[22]/D
                                0.13           0.10 f        -0.03  (VIOLATED)
   u_ibex_core/cs_registers_i/u_depc_csr/rdata_q_reg[9]/D
                                0.13           0.10 f        -0.03  (VIOLATED)
   u_ibex_core/cs_registers_i/mcycle_counter_i/counter_q_reg[36]/D
                                0.13           0.10 f        -0.03  (VIOLATED)
   u_ibex_core/cs_registers_i/u_mtval_csr/rdata_q_reg[21]/D
                                0.13           0.10 f        -0.03  (VIOLATED)
   u_ibex_core/id_stage_i/controller_i/ctrl_fsm_cs_reg[3]/D
                                0.13           0.10 f        -0.03  (VIOLATED)
   u_ibex_core/cs_registers_i/mcycle_counter_i/counter_q_reg[10]/D
                                0.13           0.10 f        -0.03  (VIOLATED)
   u_ibex_core/cs_registers_i/mcycle_counter_i/counter_q_reg[14]/D
                                0.13           0.10 f        -0.03  (VIOLATED)
   u_ibex_core/wb_stage_i/g_writeback_stage.rf_wdata_wb_q_reg[17]/D
                                0.12           0.09 f        -0.03  (VIOLATED)
   u_ibex_core/cs_registers_i/mcycle_counter_i/counter_q_reg[3]/D
                                0.13           0.10 f        -0.03  (VIOLATED)
   u_ibex_core/cs_registers_i/mcycle_counter_i/counter_q_reg[7]/D
                                0.13           0.10 f        -0.03  (VIOLATED)
   u_ibex_core/cs_registers_i/mcycle_counter_i/counter_q_reg[6]/D
                                0.13           0.10 f        -0.03  (VIOLATED)
   u_ibex_core/id_stage_i/controller_i/ctrl_fsm_cs_reg[1]/D
                                0.13           0.10 f        -0.03  (VIOLATED)
   u_ibex_core/load_store_unit_i/addr_last_q_reg[14]/D
                                0.13           0.10 f        -0.03  (VIOLATED)
   u_ibex_core/cs_registers_i/mcycle_counter_i/counter_q_reg[4]/D
                                0.13           0.10 f        -0.03  (VIOLATED)
   u_ibex_core/cs_registers_i/u_depc_csr/rdata_q_reg[31]/D
                                0.13           0.10 f        -0.03  (VIOLATED)
   u_ibex_core/cs_registers_i/mcycle_counter_i/counter_q_reg[5]/D
                                0.13           0.10 f        -0.03  (VIOLATED)
   u_ibex_core/if_stage_i/instr_valid_id_q_reg/D
                                0.13           0.10 f        -0.03  (VIOLATED)
   u_ibex_core/if_stage_i/gen_prefetch_buffer.prefetch_buffer_i/fifo_i/valid_q_reg[2]/D
                                0.13           0.10 f        -0.03  (VIOLATED)
   u_ibex_core/if_stage_i/instr_rdata_id_o_reg[16]/D
                                0.12           0.10 f        -0.03  (VIOLATED)
   u_ibex_core/if_stage_i/gen_prefetch_buffer.prefetch_buffer_i/fifo_i/valid_q_reg[1]/D
                                0.13           0.10 f        -0.03  (VIOLATED)
   u_ibex_core/if_stage_i/instr_rdata_id_o_reg[20]/D
                                0.12           0.10 f        -0.03  (VIOLATED)
   u_ibex_core/wb_stage_i/g_writeback_stage.rf_wdata_wb_q_reg[16]/D
                                0.12           0.10 f        -0.03  (VIOLATED)
   u_ibex_core/if_stage_i/instr_rdata_id_o_reg[21]/D
                                0.12           0.10 f        -0.03  (VIOLATED)
   u_ibex_core/cs_registers_i/u_depc_csr/rdata_q_reg[29]/D
                                0.13           0.10 f        -0.03  (VIOLATED)
   u_ibex_core/cs_registers_i/u_mtval_csr/rdata_q_reg[20]/D
                                0.13           0.10 f        -0.03  (VIOLATED)
   u_ibex_core/if_stage_i/gen_prefetch_buffer.prefetch_buffer_i/fifo_i/instr_addr_q_reg[4]/D
                                0.12           0.10 f        -0.03  (VIOLATED)
   u_ibex_core/cs_registers_i/u_depc_csr/rdata_q_reg[30]/D
                                0.13           0.10 f        -0.03  (VIOLATED)
   u_ibex_core/cs_registers_i/u_depc_csr/rdata_q_reg[28]/D
                                0.13           0.10 f        -0.03  (VIOLATED)
   u_ibex_core/if_stage_i/instr_rdata_id_o_reg[24]/D
                                0.12           0.10 f        -0.03  (VIOLATED)
   u_ibex_core/wb_stage_i/g_writeback_stage.rf_wdata_wb_q_reg[24]/D
                                0.12           0.10 f        -0.03  (VIOLATED)
   u_ibex_core/if_stage_i/instr_rdata_id_o_reg[23]/D
                                0.12           0.10 f        -0.02  (VIOLATED)
   u_ibex_core/wb_stage_i/g_writeback_stage.rf_wdata_wb_q_reg[26]/D
                                0.12           0.10 f        -0.02  (VIOLATED)
   u_ibex_core/id_stage_i/controller_i/ctrl_fsm_cs_reg[2]/D
                                0.13           0.11 f        -0.02  (VIOLATED)
   u_ibex_core/id_stage_i/controller_i/debug_cause_q_reg[1]/D
                                0.13           0.11 f        -0.02  (VIOLATED)
   u_ibex_core/wb_stage_i/g_writeback_stage.rf_wdata_wb_q_reg[29]/D
                                0.12           0.10 f        -0.02  (VIOLATED)
   u_ibex_core/if_stage_i/instr_rdata_id_o_reg[14]/D
                                0.12           0.10 f        -0.02  (VIOLATED)
   u_ibex_core/if_stage_i/gen_prefetch_buffer.prefetch_buffer_i/fetch_addr_q_reg[4]/D
                                0.12           0.10 f        -0.02  (VIOLATED)
   u_ibex_core/load_store_unit_i/addr_last_q_reg[5]/D
                                0.13           0.11 f        -0.02  (VIOLATED)
   u_ibex_core/load_store_unit_i/ls_fsm_cs_reg[1]/D
                                0.13           0.11 f        -0.02  (VIOLATED)
   u_ibex_core/ex_block_i/gen_multdiv_fast.multdiv_i/gen_mult_single_cycle.mult_state_q_reg/D
                                0.13           0.11 f        -0.02  (VIOLATED)
   u_ibex_core/if_stage_i/gen_prefetch_buffer.prefetch_buffer_i/fetch_addr_q_reg[6]/D
                                0.12           0.10 f        -0.02  (VIOLATED)
   u_ibex_core/wb_stage_i/g_writeback_stage.rf_wdata_wb_q_reg[31]/D
                                0.12           0.10 f        -0.02  (VIOLATED)
   u_ibex_core/wb_stage_i/g_writeback_stage.rf_wdata_wb_q_reg[27]/D
                                0.12           0.11 f        -0.02  (VIOLATED)
   u_ibex_core/load_store_unit_i/ls_fsm_cs_reg[2]/D
                                0.13           0.11 f        -0.02  (VIOLATED)
   u_ibex_core/wb_stage_i/g_writeback_stage.rf_wdata_wb_q_reg[25]/D
                                0.12           0.11 f        -0.02  (VIOLATED)
   u_ibex_core/id_stage_i/controller_i/debug_mode_q_reg/D
                                0.13           0.11 f        -0.02  (VIOLATED)
   u_ibex_core/if_stage_i/instr_rdata_id_o_reg[18]/D
                                0.12           0.11 f        -0.02  (VIOLATED)
   u_ibex_core/id_stage_i/controller_i/illegal_insn_q_reg/D
                                0.13           0.12 f        -0.01  (VIOLATED)
   u_ibex_core/wb_stage_i/g_writeback_stage.rf_wdata_wb_q_reg[3]/D
                                0.12           0.11 f        -0.01  (VIOLATED)
   u_ibex_core/wb_stage_i/g_writeback_stage.rf_wdata_wb_q_reg[4]/D
                                0.11           0.10 r        -0.01  (VIOLATED)
   u_ibex_core/wb_stage_i/g_writeback_stage.rf_wdata_wb_q_reg[23]/D
                                0.12           0.11 f        -0.01  (VIOLATED)
   u_ibex_core/wb_stage_i/g_writeback_stage.rf_wdata_wb_q_reg[5]/D
                                0.12           0.11 f        -0.01  (VIOLATED)
   u_ibex_core/wb_stage_i/g_writeback_stage.rf_wdata_wb_q_reg[19]/D
                                0.12           0.11 f        -0.01  (VIOLATED)
   u_ibex_core/wb_stage_i/g_writeback_stage.rf_wdata_wb_q_reg[21]/D
                                0.12           0.11 f        -0.01  (VIOLATED)
   u_ibex_core/wb_stage_i/g_writeback_stage.rf_wdata_wb_q_reg[2]/D
                                0.12           0.11 f        -0.01  (VIOLATED)
   u_ibex_core/wb_stage_i/g_writeback_stage.rf_wdata_wb_q_reg[30]/D
                                0.12           0.11 f        -0.01  (VIOLATED)
   u_ibex_core/wb_stage_i/g_writeback_stage.rf_wdata_wb_q_reg[28]/D
                                0.12           0.11 f        -0.01  (VIOLATED)
   u_ibex_core/wb_stage_i/g_writeback_stage.rf_wdata_wb_q_reg[18]/D
                                0.12           0.11 f        -0.01  (VIOLATED)
   u_ibex_core/wb_stage_i/g_writeback_stage.rf_wdata_wb_q_reg[20]/D
                                0.12           0.11 f        -0.01  (VIOLATED)
   u_ibex_core/wb_stage_i/g_writeback_stage.rf_wdata_wb_q_reg[22]/D
                                0.12           0.11 f        -0.01  (VIOLATED)
   u_ibex_core/wb_stage_i/g_writeback_stage.wb_valid_q_reg/D
                                0.13           0.12 f        -0.01  (VIOLATED)
   u_ibex_core/id_stage_i/controller_i/debug_cause_q_reg[0]/D
                                0.13           0.12 f        -0.01  (VIOLATED)
   u_ibex_core/load_store_unit_i/addr_last_q_reg[27]/D
                                0.13           0.13 f         0.00  (VIOLATED: increase significant digits)
   u_ibex_core/load_store_unit_i/addr_last_q_reg[28]/D
                                0.13           0.13 f         0.00  (VIOLATED: increase significant digits)


   max_fanout

                             Required        Actual
   Net                        Fanout         Fanout          Slack
   -----------------------------------------------------------------
   rst_ni (dont_touch)         10.00        1657.00       -1647.00  (VIOLATED)

   -----------------------------------------------------------------
   Total                      1               -1647.00  

   max_capacitance

                             Required        Actual
   Net                      Capacitance    Capacitance       Slack
   -----------------------------------------------------------------
   rst_ni (dont_touch)         64.43        1029.00        -964.57  (VIOLATED)

   -----------------------------------------------------------------
   Total                      1                -964.57  

1
