 
****************************************
Report : constraint
        -all_violators
Design : ibex_wrapper
Version: O-2018.06-SP1
Date   : Mon Jul  7 17:06:14 2025
****************************************


   min_delay/hold ('clk_i' group)

                             Required        Actual
   Endpoint                 Path Delay     Path Delay        Slack
   -----------------------------------------------------------------
   instr_addr_o[7]             -1.78        -125.79 r      -124.02  (VIOLATED)
   data_req_o                  -1.78         -94.47 f       -92.69  (VIOLATED)
   instr_addr_o[28]            -1.78         -94.41 f       -92.64  (VIOLATED)
   instr_addr_o[23]            -1.78         -94.38 f       -92.60  (VIOLATED)
   instr_addr_o[29]            -1.78         -94.36 f       -92.59  (VIOLATED)
   instr_addr_o[3]             -1.78         -94.36 f       -92.58  (VIOLATED)
   instr_addr_o[27]            -1.78         -94.34 f       -92.57  (VIOLATED)
   instr_addr_o[31]            -1.78         -94.32 r       -92.55  (VIOLATED)
   instr_addr_o[30]            -1.78         -94.32 r       -92.54  (VIOLATED)
   instr_addr_o[2]             -1.78         -94.32 r       -92.54  (VIOLATED)
   instr_addr_o[9]             -1.78         -94.32 r       -92.54  (VIOLATED)
   instr_addr_o[10]            -1.78         -94.32 r       -92.54  (VIOLATED)
   instr_addr_o[11]            -1.78         -94.32 f       -92.54  (VIOLATED)
   instr_addr_o[16]            -1.78         -94.32 f       -92.54  (VIOLATED)
   instr_addr_o[26]            -1.78         -94.31 r       -92.53  (VIOLATED)
   instr_addr_o[8]             -1.78         -94.31 r       -92.53  (VIOLATED)
   instr_addr_o[20]            -1.78         -94.30 f       -92.53  (VIOLATED)
   instr_addr_o[25]            -1.78         -94.30 f       -92.53  (VIOLATED)
   instr_addr_o[24]            -1.78         -94.30 r       -92.52  (VIOLATED)
   instr_addr_o[4]             -1.78         -94.30 r       -92.52  (VIOLATED)
   instr_addr_o[5]             -1.78         -94.30 r       -92.52  (VIOLATED)
   instr_addr_o[6]             -1.78         -94.30 r       -92.52  (VIOLATED)
   instr_addr_o[12]            -1.78         -94.30 r       -92.52  (VIOLATED)
   instr_addr_o[13]            -1.78         -94.30 r       -92.52  (VIOLATED)
   instr_addr_o[14]            -1.78         -94.29 r       -92.52  (VIOLATED)
   instr_addr_o[15]            -1.78         -94.29 r       -92.52  (VIOLATED)
   instr_addr_o[17]            -1.78         -94.29 r       -92.52  (VIOLATED)
   instr_addr_o[18]            -1.78         -94.29 r       -92.52  (VIOLATED)
   instr_addr_o[19]            -1.78         -94.29 r       -92.52  (VIOLATED)
   instr_addr_o[21]            -1.78         -94.29 r       -92.52  (VIOLATED)
   instr_addr_o[22]            -1.78         -94.29 r       -92.52  (VIOLATED)
   instr_req_o                 -1.78         -94.28 f       -92.51  (VIOLATED)
   data_we_o                   -1.78         -94.17 f       -92.39  (VIOLATED)
   data_be_o[3]                -1.78         -93.02 r       -91.25  (VIOLATED)
   data_be_o[2]                -1.78         -93.01 f       -91.23  (VIOLATED)
   data_be_o[0]                -1.78         -93.01 f       -91.23  (VIOLATED)
   data_be_o[1]                -1.78         -93.00 r       -91.23  (VIOLATED)
   data_addr_o[31]             -1.78         -78.65 r       -76.87  (VIOLATED)
   data_wdata_o[30]            -1.78         -78.63 f       -76.86  (VIOLATED)
   data_wdata_o[31]            -1.78         -78.63 f       -76.86  (VIOLATED)
   data_addr_o[30]             -1.78         -78.63 f       -76.85  (VIOLATED)
   data_addr_o[29]             -1.78         -78.63 f       -76.85  (VIOLATED)
   data_wdata_o[1]             -1.78         -78.62 f       -76.84  (VIOLATED)
   data_wdata_o[6]             -1.78         -78.61 f       -76.84  (VIOLATED)
   data_wdata_o[9]             -1.78         -78.61 f       -76.83  (VIOLATED)
   data_wdata_o[3]             -1.78         -78.60 r       -76.83  (VIOLATED)
   data_wdata_o[7]             -1.78         -78.60 r       -76.83  (VIOLATED)
   data_wdata_o[2]             -1.78         -78.60 r       -76.82  (VIOLATED)
   data_wdata_o[0]             -1.78         -78.59 r       -76.82  (VIOLATED)
   data_wdata_o[4]             -1.78         -78.58 f       -76.81  (VIOLATED)
   data_wdata_o[11]            -1.78         -78.58 f       -76.81  (VIOLATED)
   data_wdata_o[14]            -1.78         -78.58 f       -76.81  (VIOLATED)
   data_wdata_o[18]            -1.78         -78.58 f       -76.81  (VIOLATED)
   data_wdata_o[20]            -1.78         -78.58 f       -76.81  (VIOLATED)
   data_wdata_o[22]            -1.78         -78.58 f       -76.81  (VIOLATED)
   data_wdata_o[25]            -1.78         -78.58 f       -76.81  (VIOLATED)
   data_wdata_o[26]            -1.78         -78.58 f       -76.81  (VIOLATED)
   data_wdata_o[27]            -1.78         -78.58 f       -76.81  (VIOLATED)
   data_wdata_o[29]            -1.78         -78.58 f       -76.81  (VIOLATED)
   data_addr_o[11]             -1.78         -78.58 f       -76.81  (VIOLATED)
   data_addr_o[19]             -1.78         -78.58 f       -76.81  (VIOLATED)
   data_addr_o[9]              -1.78         -78.58 f       -76.81  (VIOLATED)
   data_addr_o[17]             -1.78         -78.58 f       -76.81  (VIOLATED)
   data_addr_o[10]             -1.78         -78.58 f       -76.81  (VIOLATED)
   data_addr_o[12]             -1.78         -78.58 f       -76.81  (VIOLATED)
   data_addr_o[18]             -1.78         -78.58 f       -76.81  (VIOLATED)
   data_addr_o[20]             -1.78         -78.58 f       -76.81  (VIOLATED)
   data_addr_o[24]             -1.78         -78.58 f       -76.81  (VIOLATED)
   data_addr_o[16]             -1.78         -78.58 f       -76.81  (VIOLATED)
   data_addr_o[13]             -1.78         -78.58 f       -76.81  (VIOLATED)
   data_addr_o[21]             -1.78         -78.58 f       -76.81  (VIOLATED)
   data_addr_o[25]             -1.78         -78.58 f       -76.81  (VIOLATED)
   data_addr_o[28]             -1.78         -78.58 f       -76.81  (VIOLATED)
   data_addr_o[23]             -1.78         -78.58 f       -76.81  (VIOLATED)
   data_addr_o[15]             -1.78         -78.58 f       -76.81  (VIOLATED)
   data_addr_o[27]             -1.78         -78.58 f       -76.81  (VIOLATED)
   data_addr_o[14]             -1.78         -78.58 f       -76.81  (VIOLATED)
   data_addr_o[22]             -1.78         -78.58 f       -76.81  (VIOLATED)
   data_addr_o[26]             -1.78         -78.58 f       -76.81  (VIOLATED)
   data_addr_o[3]              -1.78         -78.58 f       -76.81  (VIOLATED)
   data_addr_o[4]              -1.78         -78.58 f       -76.81  (VIOLATED)
   data_addr_o[8]              -1.78         -78.58 f       -76.81  (VIOLATED)
   data_addr_o[2]              -1.78         -78.58 f       -76.81  (VIOLATED)
   data_addr_o[5]              -1.78         -78.58 f       -76.81  (VIOLATED)
   data_addr_o[7]              -1.78         -78.58 f       -76.81  (VIOLATED)
   data_addr_o[6]              -1.78         -78.58 f       -76.81  (VIOLATED)
   data_wdata_o[8]             -1.78         -78.58 f       -76.80  (VIOLATED)
   data_wdata_o[13]            -1.78         -78.58 f       -76.80  (VIOLATED)
   data_wdata_o[15]            -1.78         -78.58 f       -76.80  (VIOLATED)
   data_wdata_o[16]            -1.78         -78.58 f       -76.80  (VIOLATED)
   data_wdata_o[21]            -1.78         -78.58 f       -76.80  (VIOLATED)
   data_wdata_o[23]            -1.78         -78.58 f       -76.80  (VIOLATED)
   data_wdata_o[24]            -1.78         -78.58 f       -76.80  (VIOLATED)
   data_wdata_o[28]            -1.78         -78.58 f       -76.80  (VIOLATED)
   data_wdata_o[19]            -1.78         -78.58 f       -76.80  (VIOLATED)
   data_wdata_o[5]             -1.78         -78.57 f       -76.80  (VIOLATED)
   data_wdata_o[10]            -1.78         -78.57 f       -76.80  (VIOLATED)
   data_wdata_o[12]            -1.78         -78.57 f       -76.80  (VIOLATED)
   data_wdata_o[17]            -1.78         -78.57 f       -76.80  (VIOLATED)
   ibex_top_inst/core_clock_gate_i/gen_generic.u_impl_generic/en_latch_reg/SE     0.10    -5.59 f    -5.70 (VIOLATED)
   core_sleep_o                -1.15          -5.37 r        -4.22  (VIOLATED)
   ibex_top_inst/core_clock_gate_i/gen_generic.u_impl_generic/en_latch_reg/EN     0.10     0.00 f    -0.10 (VIOLATED)


   min_delay/hold ('cluster_clock_gating' group)

                             Required        Actual
   Endpoint                 Path Delay     Path Delay        Slack
   -----------------------------------------------------------------
   ibex_top_inst/u_ibex_core/if_stage_i/gen_prefetch_buffer.prefetch_buffer_i/fifo_i/valid_q_reg[0]/D     0.10  -144.01 r  -144.11 (VIOLATED)
   ibex_top_inst/u_ibex_core/id_stage_i/branch_jump_set_done_q_reg/D     0.12  -126.05 f  -126.17 (VIOLATED)
   ibex_top_inst/u_ibex_core/if_stage_i/instr_valid_id_q_reg/D     0.12  -126.05 f  -126.17 (VIOLATED)
   ibex_top_inst/u_ibex_core/if_stage_i/gen_prefetch_buffer.prefetch_buffer_i/fifo_i/instr_addr_q_reg[7]/D     0.12  -126.02 r  -126.14 (VIOLATED)
   ibex_top_inst/u_ibex_core/id_stage_i/controller_i/ctrl_fsm_cs_reg[0]/D     0.10  -126.03 r  -126.13 (VIOLATED)
   ibex_top_inst/u_ibex_core/if_stage_i/instr_rdata_id_o_reg[5]/D     0.12  -126.00 r  -126.12 (VIOLATED)
   ibex_top_inst/u_ibex_core/if_stage_i/gen_prefetch_buffer.prefetch_buffer_i/stored_addr_q_reg[7]/D     0.12  -126.00 r  -126.12 (VIOLATED)
   ibex_top_inst/u_ibex_core/if_stage_i/gen_prefetch_buffer.prefetch_buffer_i/fetch_addr_q_reg[7]/D     0.12  -125.99 r  -126.11 (VIOLATED)
   ibex_top_inst/u_ibex_core/id_stage_i/controller_i/ctrl_fsm_cs_reg[3]/D     0.12  -125.98 f  -126.10 (VIOLATED)
   ibex_top_inst/u_ibex_core/if_stage_i/pc_id_o_reg[2]/D     0.12  -125.98 r  -126.09 (VIOLATED)
   ibex_top_inst/u_ibex_core/if_stage_i/pc_id_o_reg[5]/D     0.12  -125.98 r  -126.09 (VIOLATED)
   ibex_top_inst/u_ibex_core/if_stage_i/pc_id_o_reg[6]/D     0.12  -125.98 r  -126.09 (VIOLATED)
   ibex_top_inst/u_ibex_core/if_stage_i/pc_id_o_reg[27]/D     0.12  -125.98 r  -126.09 (VIOLATED)
   ibex_top_inst/u_ibex_core/if_stage_i/pc_id_o_reg[28]/D     0.12  -125.98 r  -126.09 (VIOLATED)
   ibex_top_inst/u_ibex_core/if_stage_i/pc_id_o_reg[29]/D     0.12  -125.98 r  -126.09 (VIOLATED)
   ibex_top_inst/u_ibex_core/if_stage_i/pc_id_o_reg[31]/D     0.12  -125.98 r  -126.09 (VIOLATED)
   ibex_top_inst/u_ibex_core/if_stage_i/instr_is_compressed_id_o_reg/D     0.12  -125.97 r  -126.09 (VIOLATED)
   ibex_top_inst/u_ibex_core/if_stage_i/instr_rdata_c_id_o_reg[14]/D     0.12  -125.97 r  -126.09 (VIOLATED)
   ibex_top_inst/u_ibex_core/id_stage_i/controller_i/ctrl_fsm_cs_reg[1]/D     0.10  -125.99 r  -126.09 (VIOLATED)
   ibex_top_inst/u_ibex_core/if_stage_i/instr_rdata_c_id_o_reg[2]/D     0.12  -125.97 r  -126.09 (VIOLATED)
   ibex_top_inst/u_ibex_core/if_stage_i/instr_rdata_c_id_o_reg[4]/D     0.12  -125.97 r  -126.09 (VIOLATED)
   ibex_top_inst/u_ibex_core/if_stage_i/instr_rdata_c_id_o_reg[10]/D     0.12  -125.97 r  -126.09 (VIOLATED)
   ibex_top_inst/u_ibex_core/if_stage_i/pc_id_o_reg[9]/D     0.12  -125.97 r  -126.09 (VIOLATED)
   ibex_top_inst/u_ibex_core/if_stage_i/pc_id_o_reg[18]/D     0.12  -125.97 r  -126.09 (VIOLATED)
   ibex_top_inst/u_ibex_core/if_stage_i/pc_id_o_reg[21]/D     0.12  -125.97 r  -126.09 (VIOLATED)
   ibex_top_inst/u_ibex_core/if_stage_i/pc_id_o_reg[23]/D     0.12  -125.97 r  -126.09 (VIOLATED)
   ibex_top_inst/u_ibex_core/if_stage_i/instr_rdata_c_id_o_reg[5]/D     0.12  -125.97 r  -126.09 (VIOLATED)
   ibex_top_inst/u_ibex_core/if_stage_i/instr_rdata_c_id_o_reg[7]/D     0.12  -125.97 r  -126.09 (VIOLATED)
   ibex_top_inst/u_ibex_core/if_stage_i/instr_rdata_c_id_o_reg[8]/D     0.12  -125.97 r  -126.09 (VIOLATED)
   ibex_top_inst/u_ibex_core/if_stage_i/instr_rdata_c_id_o_reg[11]/D     0.12  -125.97 r  -126.09 (VIOLATED)
   ibex_top_inst/u_ibex_core/if_stage_i/gen_prefetch_buffer.prefetch_buffer_i/fetch_addr_q_reg[8]/D     0.12  -125.96 r  -126.08 (VIOLATED)
   ibex_top_inst/u_ibex_core/if_stage_i/instr_rdata_id_o_reg[0]/D     0.12  -125.96 r  -126.08 (VIOLATED)
   ibex_top_inst/u_ibex_core/if_stage_i/instr_rdata_alu_id_o_reg[0]/D     0.12  -125.96 r  -126.08 (VIOLATED)
   ibex_top_inst/u_ibex_core/if_stage_i/instr_rdata_alu_id_o_reg[1]/D     0.12  -125.96 r  -126.08 (VIOLATED)
   ibex_top_inst/u_ibex_core/if_stage_i/instr_rdata_alu_id_o_reg[13]/D     0.12  -125.96 r  -126.08 (VIOLATED)
   ibex_top_inst/u_ibex_core/if_stage_i/instr_rdata_id_o_reg[13]/D     0.12  -125.96 r  -126.08 (VIOLATED)
   ibex_top_inst/u_ibex_core/if_stage_i/instr_rdata_alu_id_o_reg[12]/D     0.09  -125.98 f  -126.07 (VIOLATED)
   ibex_top_inst/u_ibex_core/if_stage_i/instr_rdata_id_o_reg[16]/D     0.12  -125.95 r  -126.07 (VIOLATED)
   ibex_top_inst/u_ibex_core/if_stage_i/instr_rdata_id_o_reg[6]/D     0.09  -125.98 f  -126.07 (VIOLATED)
   ibex_top_inst/u_ibex_core/if_stage_i/instr_rdata_id_o_reg[2]/D     0.09  -125.98 f  -126.07 (VIOLATED)
   ibex_top_inst/u_ibex_core/if_stage_i/instr_rdata_id_o_reg[14]/D     0.12  -125.95 r  -126.07 (VIOLATED)
   ibex_top_inst/u_ibex_core/if_stage_i/instr_rdata_alu_id_o_reg[14]/D     0.12  -125.95 r  -126.07 (VIOLATED)
   ibex_top_inst/u_ibex_core/if_stage_i/instr_rdata_alu_id_o_reg[27]/D     0.12  -125.94 r  -126.06 (VIOLATED)
   ibex_top_inst/u_ibex_core/if_stage_i/instr_rdata_id_o_reg[27]/D     0.12  -125.94 r  -126.06 (VIOLATED)
   ibex_top_inst/u_ibex_core/if_stage_i/instr_rdata_alu_id_o_reg[4]/D     0.12  -125.94 r  -126.06 (VIOLATED)
   ibex_top_inst/u_ibex_core/if_stage_i/instr_rdata_id_o_reg[4]/D     0.12  -125.94 r  -126.06 (VIOLATED)
   ibex_top_inst/u_ibex_core/if_stage_i/instr_rdata_id_o_reg[12]/D     0.12  -125.94 r  -126.06 (VIOLATED)
   ibex_top_inst/u_ibex_core/if_stage_i/instr_rdata_id_o_reg[1]/D     0.10  -125.96 r  -126.06 (VIOLATED)
   ibex_top_inst/u_ibex_core/if_stage_i/instr_rdata_id_o_reg[18]/D     0.12  -125.93 r  -126.05 (VIOLATED)
   ibex_top_inst/u_ibex_core/id_stage_i/controller_i/ctrl_fsm_cs_reg[2]/D     0.10  -125.95 r  -126.05 (VIOLATED)
   ibex_top_inst/u_ibex_core/if_stage_i/gen_prefetch_buffer.prefetch_buffer_i/fetch_addr_q_reg[9]/D     0.12  -125.93 r  -126.05 (VIOLATED)
   ibex_top_inst/u_ibex_core/if_stage_i/instr_rdata_alu_id_o_reg[26]/D     0.12  -125.93 r  -126.05 (VIOLATED)
   ibex_top_inst/u_ibex_core/if_stage_i/gen_prefetch_buffer.prefetch_buffer_i/fifo_i/valid_q_reg[2]/D     0.12  -125.92 f  -126.05 (VIOLATED)
   ibex_top_inst/u_ibex_core/if_stage_i/instr_rdata_id_o_reg[10]/D     0.12  -125.93 r  -126.04 (VIOLATED)
   ibex_top_inst/u_ibex_core/if_stage_i/instr_rdata_alu_id_o_reg[31]/D     0.12  -125.92 r  -126.04 (VIOLATED)
   ibex_top_inst/u_ibex_core/if_stage_i/instr_rdata_id_o_reg[31]/D     0.12  -125.92 r  -126.04 (VIOLATED)
   ibex_top_inst/u_ibex_core/if_stage_i/instr_rdata_id_o_reg[9]/D     0.12  -125.92 r  -126.04 (VIOLATED)
   ibex_top_inst/u_ibex_core/if_stage_i/instr_rdata_id_o_reg[23]/D     0.12  -125.92 r  -126.04 (VIOLATED)
   ibex_top_inst/u_ibex_core/if_stage_i/pc_id_o_reg[30]/D     0.12  -125.91 f  -126.03 (VIOLATED)
   ibex_top_inst/u_ibex_core/if_stage_i/instr_rdata_alu_id_o_reg[6]/D     0.12  -125.92 r  -126.03 (VIOLATED)
   ibex_top_inst/u_ibex_core/if_stage_i/gen_prefetch_buffer.prefetch_buffer_i/fifo_i/instr_addr_q_reg[19]/D     0.10  -125.94 f  -126.03 (VIOLATED)
   ibex_top_inst/u_ibex_core/if_stage_i/instr_rdata_alu_id_o_reg[28]/D     0.12  -125.91 r  -126.03 (VIOLATED)
   ibex_top_inst/u_ibex_core/if_stage_i/instr_rdata_id_o_reg[28]/D     0.12  -125.91 r  -126.03 (VIOLATED)
   ibex_top_inst/u_ibex_core/if_stage_i/instr_rdata_id_o_reg[7]/D     0.09  -125.94 f  -126.03 (VIOLATED)
   ibex_top_inst/u_ibex_core/if_stage_i/instr_rdata_alu_id_o_reg[30]/D     0.12  -125.91 r  -126.02 (VIOLATED)
   ibex_top_inst/u_ibex_core/if_stage_i/instr_rdata_id_o_reg[25]/D     0.12  -125.91 r  -126.02 (VIOLATED)
   ibex_top_inst/u_ibex_core/if_stage_i/instr_rdata_id_o_reg[30]/D1     0.10  -125.93 r  -126.02 (VIOLATED)
   ibex_top_inst/u_ibex_core/if_stage_i/pc_id_o_reg[7]/D     0.12  -125.91 r  -126.02 (VIOLATED)
   ibex_top_inst/u_ibex_core/if_stage_i/pc_id_o_reg[8]/D     0.12  -125.91 r  -126.02 (VIOLATED)
   ibex_top_inst/u_ibex_core/if_stage_i/pc_id_o_reg[24]/D     0.12  -125.91 r  -126.02 (VIOLATED)
   ibex_top_inst/u_ibex_core/if_stage_i/pc_id_o_reg[25]/D     0.12  -125.91 r  -126.02 (VIOLATED)
   ibex_top_inst/u_ibex_core/if_stage_i/pc_id_o_reg[10]/D     0.12  -125.91 r  -126.02 (VIOLATED)
   ibex_top_inst/u_ibex_core/if_stage_i/pc_id_o_reg[14]/D     0.12  -125.91 r  -126.02 (VIOLATED)
   ibex_top_inst/u_ibex_core/if_stage_i/instr_rdata_id_o_reg[11]/D     0.12  -125.91 r  -126.02 (VIOLATED)
   ibex_top_inst/u_ibex_core/if_stage_i/instr_rdata_alu_id_o_reg[2]/D     0.12  -125.90 r  -126.02 (VIOLATED)
   ibex_top_inst/u_ibex_core/if_stage_i/instr_rdata_id_o_reg[15]/D     0.12  -125.90 r  -126.02 (VIOLATED)
   ibex_top_inst/u_ibex_core/if_stage_i/instr_rdata_c_id_o_reg[3]/D     0.12  -125.90 r  -126.02 (VIOLATED)
   ibex_top_inst/u_ibex_core/if_stage_i/instr_rdata_id_o_reg[3]/D     0.12  -125.90 r  -126.02 (VIOLATED)
   ibex_top_inst/u_ibex_core/if_stage_i/instr_rdata_alu_id_o_reg[3]/D     0.12  -125.90 r  -126.02 (VIOLATED)
   ibex_top_inst/u_ibex_core/if_stage_i/instr_rdata_c_id_o_reg[15]/D     0.12  -125.90 r  -126.02 (VIOLATED)
   ibex_top_inst/u_ibex_core/if_stage_i/pc_id_o_reg[1]/D     0.12  -125.90 r  -126.02 (VIOLATED)
   ibex_top_inst/u_ibex_core/if_stage_i/pc_id_o_reg[3]/D     0.12  -125.90 r  -126.02 (VIOLATED)
   ibex_top_inst/u_ibex_core/if_stage_i/pc_id_o_reg[4]/D     0.12  -125.90 r  -126.02 (VIOLATED)
   ibex_top_inst/u_ibex_core/if_stage_i/gen_prefetch_buffer.prefetch_buffer_i/fetch_addr_q_reg[10]/D     0.12  -125.90 r  -126.02 (VIOLATED)
   ibex_top_inst/u_ibex_core/if_stage_i/pc_id_o_reg[12]/D     0.12  -125.90 r  -126.02 (VIOLATED)
   ibex_top_inst/u_ibex_core/if_stage_i/pc_id_o_reg[19]/D     0.12  -125.90 r  -126.02 (VIOLATED)
   ibex_top_inst/u_ibex_core/if_stage_i/pc_id_o_reg[26]/D     0.12  -125.90 r  -126.02 (VIOLATED)
   ibex_top_inst/u_ibex_core/if_stage_i/instr_rdata_id_o_reg[26]/D     0.12  -125.90 r  -126.02 (VIOLATED)
   ibex_top_inst/u_ibex_core/if_stage_i/pc_id_o_reg[11]/D     0.12  -125.90 r  -126.02 (VIOLATED)
   ibex_top_inst/u_ibex_core/if_stage_i/pc_id_o_reg[13]/D     0.12  -125.90 r  -126.02 (VIOLATED)
   ibex_top_inst/u_ibex_core/if_stage_i/pc_id_o_reg[15]/D     0.12  -125.90 r  -126.02 (VIOLATED)
   ibex_top_inst/u_ibex_core/if_stage_i/pc_id_o_reg[16]/D     0.12  -125.90 r  -126.02 (VIOLATED)
   ibex_top_inst/u_ibex_core/if_stage_i/pc_id_o_reg[17]/D     0.12  -125.90 r  -126.02 (VIOLATED)
   ibex_top_inst/u_ibex_core/if_stage_i/pc_id_o_reg[22]/D     0.12  -125.90 r  -126.02 (VIOLATED)
   ibex_top_inst/u_ibex_core/if_stage_i/instr_rdata_alu_id_o_reg[25]/D     0.12  -125.90 r  -126.02 (VIOLATED)
   ibex_top_inst/u_ibex_core/if_stage_i/pc_id_o_reg[20]/D     0.12  -125.90 r  -126.02 (VIOLATED)
   ibex_top_inst/u_ibex_core/if_stage_i/instr_fetch_err_o_reg/D     0.12  -125.90 r  -126.02 (VIOLATED)
   ibex_top_inst/u_ibex_core/if_stage_i/instr_fetch_err_plus2_o_reg/D     0.12  -125.90 r  -126.02 (VIOLATED)
   ibex_top_inst/u_ibex_core/if_stage_i/instr_rdata_alu_id_o_reg[5]/D     0.12  -125.90 r  -126.02 (VIOLATED)
   ibex_top_inst/u_ibex_core/if_stage_i/instr_rdata_c_id_o_reg[0]/D     0.12  -125.90 r  -126.02 (VIOLATED)
   ibex_top_inst/u_ibex_core/if_stage_i/instr_rdata_c_id_o_reg[1]/D     0.12  -125.90 r  -126.02 (VIOLATED)
   ibex_top_inst/u_ibex_core/if_stage_i/instr_rdata_c_id_o_reg[6]/D     0.12  -125.90 r  -126.02 (VIOLATED)
   ibex_top_inst/u_ibex_core/if_stage_i/instr_rdata_c_id_o_reg[12]/D     0.12  -125.90 r  -126.02 (VIOLATED)
   ibex_top_inst/u_ibex_core/if_stage_i/instr_rdata_c_id_o_reg[13]/D     0.12  -125.90 r  -126.02 (VIOLATED)
   ibex_top_inst/u_ibex_core/if_stage_i/instr_rdata_alu_id_o_reg[29]/D     0.12  -125.90 r  -126.01 (VIOLATED)
   ibex_top_inst/u_ibex_core/if_stage_i/instr_rdata_id_o_reg[29]/D     0.12  -125.90 r  -126.01 (VIOLATED)
   ibex_top_inst/u_ibex_core/if_stage_i/instr_rdata_c_id_o_reg[9]/D     0.12  -125.90 r  -126.01 (VIOLATED)
   ibex_top_inst/u_ibex_core/if_stage_i/instr_rdata_id_o_reg[24]/D     0.12  -125.89 r  -126.01 (VIOLATED)
   ibex_top_inst/u_ibex_core/if_stage_i/gen_prefetch_buffer.prefetch_buffer_i/fifo_i/instr_addr_q_reg[2]/D     0.12  -125.89 r  -126.01 (VIOLATED)
   ibex_top_inst/u_ibex_core/if_stage_i/gen_prefetch_buffer.prefetch_buffer_i/fifo_i/valid_q_reg[1]/D     0.12  -125.88 f  -126.01 (VIOLATED)
   ibex_top_inst/u_ibex_core/if_stage_i/instr_rdata_id_o_reg[21]/D     0.12  -125.89 r  -126.01 (VIOLATED)
   ibex_top_inst/u_ibex_core/if_stage_i/illegal_c_insn_id_o_reg/D     0.12  -125.89 r  -126.00 (VIOLATED)
   ibex_top_inst/u_ibex_core/if_stage_i/instr_rdata_id_o_reg[22]/D     0.12  -125.89 r  -126.00 (VIOLATED)
   ibex_top_inst/u_ibex_core/if_stage_i/instr_rdata_id_o_reg[20]/D     0.12  -125.89 r  -126.00 (VIOLATED)
   ibex_top_inst/u_ibex_core/if_stage_i/instr_rdata_id_o_reg[8]/D     0.12  -125.88 r  -126.00 (VIOLATED)
   ibex_top_inst/u_ibex_core/if_stage_i/instr_rdata_id_o_reg[17]/D     0.12  -125.88 r  -126.00 (VIOLATED)
   ibex_top_inst/u_ibex_core/if_stage_i/instr_rdata_id_o_reg[30]/S     0.07  -125.92 f  -126.00 (VIOLATED)
   ibex_top_inst/u_ibex_core/if_stage_i/gen_prefetch_buffer.prefetch_buffer_i/fifo_i/instr_addr_q_reg[10]/D     0.10  -125.89 f  -125.99 (VIOLATED)
   ibex_top_inst/u_ibex_core/if_stage_i/gen_prefetch_buffer.prefetch_buffer_i/fifo_i/instr_addr_q_reg[14]/D     0.10  -125.89 f  -125.99 (VIOLATED)
   ibex_top_inst/u_ibex_core/if_stage_i/gen_prefetch_buffer.prefetch_buffer_i/fifo_i/instr_addr_q_reg[11]/D     0.10  -125.89 f  -125.99 (VIOLATED)
   ibex_top_inst/u_ibex_core/if_stage_i/gen_prefetch_buffer.prefetch_buffer_i/fifo_i/instr_addr_q_reg[12]/D     0.10  -125.89 f  -125.99 (VIOLATED)
   ibex_top_inst/u_ibex_core/if_stage_i/gen_prefetch_buffer.prefetch_buffer_i/fifo_i/instr_addr_q_reg[13]/D     0.10  -125.89 f  -125.99 (VIOLATED)
   ibex_top_inst/u_ibex_core/if_stage_i/gen_prefetch_buffer.prefetch_buffer_i/fifo_i/instr_addr_q_reg[15]/D     0.10  -125.89 f  -125.99 (VIOLATED)
   ibex_top_inst/u_ibex_core/if_stage_i/gen_prefetch_buffer.prefetch_buffer_i/fifo_i/instr_addr_q_reg[16]/D     0.10  -125.89 f  -125.99 (VIOLATED)
   ibex_top_inst/u_ibex_core/if_stage_i/gen_prefetch_buffer.prefetch_buffer_i/fifo_i/instr_addr_q_reg[17]/D     0.10  -125.89 f  -125.99 (VIOLATED)
   ibex_top_inst/u_ibex_core/if_stage_i/gen_prefetch_buffer.prefetch_buffer_i/fifo_i/instr_addr_q_reg[18]/D     0.10  -125.89 f  -125.99 (VIOLATED)
   ibex_top_inst/u_ibex_core/if_stage_i/gen_prefetch_buffer.prefetch_buffer_i/fifo_i/instr_addr_q_reg[20]/D     0.10  -125.89 f  -125.99 (VIOLATED)
   ibex_top_inst/u_ibex_core/if_stage_i/gen_prefetch_buffer.prefetch_buffer_i/fifo_i/instr_addr_q_reg[21]/D     0.10  -125.89 f  -125.99 (VIOLATED)
   ibex_top_inst/u_ibex_core/if_stage_i/gen_prefetch_buffer.prefetch_buffer_i/fifo_i/instr_addr_q_reg[22]/D     0.10  -125.89 f  -125.99 (VIOLATED)
   ibex_top_inst/u_ibex_core/if_stage_i/gen_prefetch_buffer.prefetch_buffer_i/fifo_i/instr_addr_q_reg[24]/D     0.10  -125.89 f  -125.99 (VIOLATED)
   ibex_top_inst/u_ibex_core/if_stage_i/gen_prefetch_buffer.prefetch_buffer_i/fifo_i/instr_addr_q_reg[25]/D     0.10  -125.89 f  -125.99 (VIOLATED)
   ibex_top_inst/u_ibex_core/if_stage_i/gen_prefetch_buffer.prefetch_buffer_i/fifo_i/instr_addr_q_reg[26]/D     0.10  -125.89 f  -125.99 (VIOLATED)
   ibex_top_inst/u_ibex_core/if_stage_i/gen_prefetch_buffer.prefetch_buffer_i/fifo_i/instr_addr_q_reg[27]/D     0.10  -125.89 f  -125.99 (VIOLATED)
   ibex_top_inst/u_ibex_core/if_stage_i/gen_prefetch_buffer.prefetch_buffer_i/fifo_i/instr_addr_q_reg[4]/D     0.10  -125.89 f  -125.99 (VIOLATED)
   ibex_top_inst/u_ibex_core/if_stage_i/gen_prefetch_buffer.prefetch_buffer_i/fifo_i/instr_addr_q_reg[5]/D     0.10  -125.89 f  -125.99 (VIOLATED)
   ibex_top_inst/u_ibex_core/if_stage_i/gen_prefetch_buffer.prefetch_buffer_i/fifo_i/instr_addr_q_reg[9]/D     0.10  -125.89 f  -125.99 (VIOLATED)
   ibex_top_inst/u_ibex_core/if_stage_i/gen_prefetch_buffer.prefetch_buffer_i/fifo_i/instr_addr_q_reg[3]/D     0.10  -125.89 f  -125.99 (VIOLATED)
   ibex_top_inst/u_ibex_core/if_stage_i/gen_prefetch_buffer.prefetch_buffer_i/fifo_i/instr_addr_q_reg[6]/D     0.10  -125.89 f  -125.99 (VIOLATED)
   ibex_top_inst/u_ibex_core/if_stage_i/gen_prefetch_buffer.prefetch_buffer_i/fifo_i/instr_addr_q_reg[8]/D     0.10  -125.89 f  -125.99 (VIOLATED)
   ibex_top_inst/u_ibex_core/if_stage_i/gen_prefetch_buffer.prefetch_buffer_i/fifo_i/instr_addr_q_reg[30]/D     0.10  -125.89 f  -125.99 (VIOLATED)
   ibex_top_inst/u_ibex_core/if_stage_i/gen_prefetch_buffer.prefetch_buffer_i/fetch_addr_q_reg[11]/D     0.12  -125.87 r  -125.99 (VIOLATED)
   ibex_top_inst/u_ibex_core/if_stage_i/gen_prefetch_buffer.prefetch_buffer_i/fifo_i/instr_addr_q_reg[23]/D     0.10  -125.89 f  -125.99 (VIOLATED)
   ibex_top_inst/u_ibex_core/if_stage_i/gen_prefetch_buffer.prefetch_buffer_i/fifo_i/instr_addr_q_reg[28]/D     0.10  -125.89 f  -125.99 (VIOLATED)
   ibex_top_inst/u_ibex_core/if_stage_i/gen_prefetch_buffer.prefetch_buffer_i/fifo_i/instr_addr_q_reg[29]/D     0.10  -125.89 f  -125.99 (VIOLATED)
   ibex_top_inst/u_ibex_core/if_stage_i/instr_rdata_id_o_reg[19]/D     0.12  -125.87 r  -125.99 (VIOLATED)
   ibex_top_inst/u_ibex_core/if_stage_i/gen_prefetch_buffer.prefetch_buffer_i/fifo_i/instr_addr_q_reg[1]/D     0.10  -125.89 f  -125.98 (VIOLATED)
   ibex_top_inst/u_ibex_core/if_stage_i/gen_prefetch_buffer.prefetch_buffer_i/fifo_i/instr_addr_q_reg[31]/D     0.10  -125.89 f  -125.98 (VIOLATED)
   ibex_top_inst/u_ibex_core/if_stage_i/gen_prefetch_buffer.prefetch_buffer_i/fifo_i/rdata_q_reg[0][31]/D     0.12  -125.85 r  -125.97 (VIOLATED)
   ibex_top_inst/u_ibex_core/if_stage_i/gen_prefetch_buffer.prefetch_buffer_i/fifo_i/rdata_q_reg[0][29]/D     0.12  -125.85 r  -125.96 (VIOLATED)
   ibex_top_inst/u_ibex_core/if_stage_i/gen_prefetch_buffer.prefetch_buffer_i/fifo_i/rdata_q_reg[0][30]/D     0.12  -125.84 r  -125.96 (VIOLATED)
   ibex_top_inst/u_ibex_core/if_stage_i/gen_prefetch_buffer.prefetch_buffer_i/fifo_i/rdata_q_reg[0][28]/D     0.12  -125.84 r  -125.96 (VIOLATED)
   ibex_top_inst/u_ibex_core/if_stage_i/gen_prefetch_buffer.prefetch_buffer_i/fetch_addr_q_reg[12]/D     0.12  -125.84 r  -125.96 (VIOLATED)
   ibex_top_inst/u_ibex_core/if_stage_i/gen_prefetch_buffer.prefetch_buffer_i/fifo_i/rdata_q_reg[1][30]/D     0.12  -125.83 r  -125.95 (VIOLATED)
   ibex_top_inst/u_ibex_core/if_stage_i/gen_prefetch_buffer.prefetch_buffer_i/fifo_i/err_q_reg[1]/D     0.12  -125.83 r  -125.95 (VIOLATED)
   ibex_top_inst/u_ibex_core/if_stage_i/gen_prefetch_buffer.prefetch_buffer_i/fifo_i/rdata_q_reg[1][31]/D     0.12  -125.82 r  -125.94 (VIOLATED)
   ibex_top_inst/u_ibex_core/if_stage_i/gen_prefetch_buffer.prefetch_buffer_i/fifo_i/rdata_q_reg[1][1]/D     0.12  -125.81 r  -125.93 (VIOLATED)
   ibex_top_inst/u_ibex_core/if_stage_i/gen_prefetch_buffer.prefetch_buffer_i/fifo_i/rdata_q_reg[1][2]/D     0.12  -125.81 r  -125.93 (VIOLATED)
   ibex_top_inst/u_ibex_core/if_stage_i/gen_prefetch_buffer.prefetch_buffer_i/fifo_i/rdata_q_reg[1][3]/D     0.12  -125.81 r  -125.93 (VIOLATED)
   ibex_top_inst/u_ibex_core/if_stage_i/gen_prefetch_buffer.prefetch_buffer_i/fetch_addr_q_reg[13]/D     0.12  -125.81 r  -125.93 (VIOLATED)
   ibex_top_inst/u_ibex_core/if_stage_i/gen_prefetch_buffer.prefetch_buffer_i/fifo_i/rdata_q_reg[0][9]/D     0.12  -125.80 r  -125.92 (VIOLATED)
   ibex_top_inst/u_ibex_core/if_stage_i/gen_prefetch_buffer.prefetch_buffer_i/fifo_i/rdata_q_reg[0][15]/D     0.12  -125.80 r  -125.92 (VIOLATED)
   ibex_top_inst/u_ibex_core/if_stage_i/gen_prefetch_buffer.prefetch_buffer_i/fifo_i/err_q_reg[0]/D     0.12  -125.79 r  -125.91 (VIOLATED)
   ibex_top_inst/u_ibex_core/if_stage_i/gen_prefetch_buffer.prefetch_buffer_i/fifo_i/rdata_q_reg[0][12]/D     0.12  -125.79 r  -125.91 (VIOLATED)
   ibex_top_inst/u_ibex_core/if_stage_i/gen_prefetch_buffer.prefetch_buffer_i/fifo_i/rdata_q_reg[0][20]/D     0.12  -125.79 r  -125.91 (VIOLATED)
   ibex_top_inst/u_ibex_core/if_stage_i/gen_prefetch_buffer.prefetch_buffer_i/fifo_i/rdata_q_reg[0][10]/D     0.12  -125.79 r  -125.91 (VIOLATED)
   ibex_top_inst/u_ibex_core/if_stage_i/gen_prefetch_buffer.prefetch_buffer_i/fifo_i/rdata_q_reg[0][11]/D     0.12  -125.79 r  -125.91 (VIOLATED)
   ibex_top_inst/u_ibex_core/if_stage_i/gen_prefetch_buffer.prefetch_buffer_i/fifo_i/rdata_q_reg[0][2]/D     0.12  -125.79 r  -125.91 (VIOLATED)
   ibex_top_inst/u_ibex_core/if_stage_i/gen_prefetch_buffer.prefetch_buffer_i/fifo_i/rdata_q_reg[0][18]/D     0.12  -125.79 r  -125.91 (VIOLATED)
   ibex_top_inst/u_ibex_core/if_stage_i/gen_prefetch_buffer.prefetch_buffer_i/fifo_i/rdata_q_reg[0][22]/D     0.12  -125.79 r  -125.91 (VIOLATED)
   ibex_top_inst/u_ibex_core/if_stage_i/gen_prefetch_buffer.prefetch_buffer_i/fifo_i/rdata_q_reg[0][23]/D     0.12  -125.79 r  -125.91 (VIOLATED)
   ibex_top_inst/u_ibex_core/if_stage_i/gen_prefetch_buffer.prefetch_buffer_i/fifo_i/rdata_q_reg[0][24]/D     0.12  -125.79 r  -125.91 (VIOLATED)
   ibex_top_inst/u_ibex_core/if_stage_i/gen_prefetch_buffer.prefetch_buffer_i/fifo_i/rdata_q_reg[0][25]/D     0.12  -125.79 r  -125.91 (VIOLATED)
   ibex_top_inst/u_ibex_core/if_stage_i/gen_prefetch_buffer.prefetch_buffer_i/fifo_i/rdata_q_reg[0][26]/D     0.12  -125.79 r  -125.91 (VIOLATED)
   ibex_top_inst/u_ibex_core/if_stage_i/gen_prefetch_buffer.prefetch_buffer_i/fifo_i/rdata_q_reg[0][27]/D     0.12  -125.79 r  -125.91 (VIOLATED)
   ibex_top_inst/u_ibex_core/if_stage_i/gen_prefetch_buffer.prefetch_buffer_i/fifo_i/rdata_q_reg[0][3]/D     0.12  -125.79 r  -125.91 (VIOLATED)
   ibex_top_inst/u_ibex_core/if_stage_i/gen_prefetch_buffer.prefetch_buffer_i/fifo_i/rdata_q_reg[0][6]/D     0.12  -125.79 r  -125.91 (VIOLATED)
   ibex_top_inst/u_ibex_core/if_stage_i/gen_prefetch_buffer.prefetch_buffer_i/fifo_i/rdata_q_reg[0][19]/D     0.12  -125.79 r  -125.91 (VIOLATED)
   ibex_top_inst/u_ibex_core/if_stage_i/gen_prefetch_buffer.prefetch_buffer_i/fifo_i/rdata_q_reg[0][21]/D     0.12  -125.79 r  -125.91 (VIOLATED)
   ibex_top_inst/u_ibex_core/if_stage_i/gen_prefetch_buffer.prefetch_buffer_i/fifo_i/rdata_q_reg[0][0]/D     0.12  -125.79 r  -125.91 (VIOLATED)
   ibex_top_inst/u_ibex_core/if_stage_i/gen_prefetch_buffer.prefetch_buffer_i/fifo_i/rdata_q_reg[0][1]/D     0.12  -125.79 r  -125.91 (VIOLATED)
   ibex_top_inst/u_ibex_core/if_stage_i/gen_prefetch_buffer.prefetch_buffer_i/fifo_i/rdata_q_reg[0][4]/D     0.12  -125.79 r  -125.91 (VIOLATED)
   ibex_top_inst/u_ibex_core/if_stage_i/gen_prefetch_buffer.prefetch_buffer_i/fifo_i/rdata_q_reg[0][5]/D     0.12  -125.79 r  -125.91 (VIOLATED)
   ibex_top_inst/u_ibex_core/if_stage_i/gen_prefetch_buffer.prefetch_buffer_i/fifo_i/rdata_q_reg[0][7]/D     0.12  -125.79 r  -125.91 (VIOLATED)
   ibex_top_inst/u_ibex_core/if_stage_i/gen_prefetch_buffer.prefetch_buffer_i/fifo_i/rdata_q_reg[0][8]/D     0.12  -125.79 r  -125.91 (VIOLATED)
   ibex_top_inst/u_ibex_core/if_stage_i/gen_prefetch_buffer.prefetch_buffer_i/fifo_i/rdata_q_reg[0][13]/D     0.12  -125.79 r  -125.91 (VIOLATED)
   ibex_top_inst/u_ibex_core/if_stage_i/gen_prefetch_buffer.prefetch_buffer_i/fifo_i/rdata_q_reg[0][14]/D     0.12  -125.79 r  -125.91 (VIOLATED)
   ibex_top_inst/u_ibex_core/if_stage_i/gen_prefetch_buffer.prefetch_buffer_i/fifo_i/rdata_q_reg[0][16]/D     0.12  -125.79 r  -125.91 (VIOLATED)
   ibex_top_inst/u_ibex_core/if_stage_i/gen_prefetch_buffer.prefetch_buffer_i/fifo_i/rdata_q_reg[0][17]/D     0.12  -125.79 r  -125.91 (VIOLATED)
   ibex_top_inst/u_ibex_core/if_stage_i/gen_prefetch_buffer.prefetch_buffer_i/fifo_i/rdata_q_reg[1][11]/D     0.12  -125.79 r  -125.90 (VIOLATED)
   ibex_top_inst/u_ibex_core/if_stage_i/gen_prefetch_buffer.prefetch_buffer_i/fifo_i/rdata_q_reg[1][13]/D     0.12  -125.79 r  -125.90 (VIOLATED)
   ibex_top_inst/u_ibex_core/if_stage_i/gen_prefetch_buffer.prefetch_buffer_i/fifo_i/rdata_q_reg[1][14]/D     0.12  -125.79 r  -125.90 (VIOLATED)
   ibex_top_inst/u_ibex_core/if_stage_i/gen_prefetch_buffer.prefetch_buffer_i/fifo_i/rdata_q_reg[1][15]/D     0.12  -125.79 r  -125.90 (VIOLATED)
   ibex_top_inst/u_ibex_core/if_stage_i/gen_prefetch_buffer.prefetch_buffer_i/fifo_i/rdata_q_reg[1][19]/D     0.12  -125.79 r  -125.90 (VIOLATED)
   ibex_top_inst/u_ibex_core/if_stage_i/gen_prefetch_buffer.prefetch_buffer_i/fifo_i/rdata_q_reg[1][24]/D     0.12  -125.79 r  -125.90 (VIOLATED)
   ibex_top_inst/u_ibex_core/if_stage_i/gen_prefetch_buffer.prefetch_buffer_i/fifo_i/rdata_q_reg[1][28]/D     0.12  -125.79 r  -125.90 (VIOLATED)
   ibex_top_inst/u_ibex_core/if_stage_i/gen_prefetch_buffer.prefetch_buffer_i/fifo_i/rdata_q_reg[1][8]/D     0.12  -125.78 r  -125.90 (VIOLATED)
   ibex_top_inst/u_ibex_core/if_stage_i/gen_prefetch_buffer.prefetch_buffer_i/fifo_i/rdata_q_reg[1][9]/D     0.12  -125.78 r  -125.90 (VIOLATED)
   ibex_top_inst/u_ibex_core/if_stage_i/gen_prefetch_buffer.prefetch_buffer_i/fifo_i/rdata_q_reg[1][10]/D     0.12  -125.78 r  -125.90 (VIOLATED)
   ibex_top_inst/u_ibex_core/if_stage_i/gen_prefetch_buffer.prefetch_buffer_i/fifo_i/rdata_q_reg[1][18]/D     0.12  -125.78 r  -125.90 (VIOLATED)
   ibex_top_inst/u_ibex_core/if_stage_i/gen_prefetch_buffer.prefetch_buffer_i/fifo_i/rdata_q_reg[1][20]/D     0.12  -125.78 r  -125.90 (VIOLATED)
   ibex_top_inst/u_ibex_core/if_stage_i/gen_prefetch_buffer.prefetch_buffer_i/fifo_i/rdata_q_reg[1][23]/D     0.12  -125.78 r  -125.90 (VIOLATED)
   ibex_top_inst/u_ibex_core/if_stage_i/gen_prefetch_buffer.prefetch_buffer_i/fifo_i/rdata_q_reg[1][26]/D     0.12  -125.78 r  -125.90 (VIOLATED)
   ibex_top_inst/u_ibex_core/if_stage_i/gen_prefetch_buffer.prefetch_buffer_i/fifo_i/rdata_q_reg[1][12]/D     0.12  -125.78 r  -125.90 (VIOLATED)
   ibex_top_inst/u_ibex_core/if_stage_i/gen_prefetch_buffer.prefetch_buffer_i/fifo_i/rdata_q_reg[1][16]/D     0.12  -125.78 r  -125.90 (VIOLATED)
   ibex_top_inst/u_ibex_core/if_stage_i/gen_prefetch_buffer.prefetch_buffer_i/fifo_i/rdata_q_reg[1][17]/D     0.12  -125.78 r  -125.90 (VIOLATED)
   ibex_top_inst/u_ibex_core/if_stage_i/gen_prefetch_buffer.prefetch_buffer_i/fifo_i/rdata_q_reg[1][21]/D     0.12  -125.78 r  -125.90 (VIOLATED)
   ibex_top_inst/u_ibex_core/if_stage_i/gen_prefetch_buffer.prefetch_buffer_i/fifo_i/rdata_q_reg[1][22]/D     0.12  -125.78 r  -125.90 (VIOLATED)
   ibex_top_inst/u_ibex_core/if_stage_i/gen_prefetch_buffer.prefetch_buffer_i/fifo_i/rdata_q_reg[1][25]/D     0.12  -125.78 r  -125.90 (VIOLATED)
   ibex_top_inst/u_ibex_core/if_stage_i/gen_prefetch_buffer.prefetch_buffer_i/fifo_i/rdata_q_reg[1][27]/D     0.12  -125.78 r  -125.90 (VIOLATED)
   ibex_top_inst/u_ibex_core/if_stage_i/gen_prefetch_buffer.prefetch_buffer_i/fifo_i/rdata_q_reg[1][29]/D     0.12  -125.78 r  -125.90 (VIOLATED)
   ibex_top_inst/u_ibex_core/if_stage_i/gen_prefetch_buffer.prefetch_buffer_i/fifo_i/rdata_q_reg[1][0]/D     0.12  -125.78 r  -125.90 (VIOLATED)
   ibex_top_inst/u_ibex_core/if_stage_i/gen_prefetch_buffer.prefetch_buffer_i/fifo_i/rdata_q_reg[1][4]/D     0.12  -125.78 r  -125.90 (VIOLATED)
   ibex_top_inst/u_ibex_core/if_stage_i/gen_prefetch_buffer.prefetch_buffer_i/fifo_i/rdata_q_reg[1][6]/D     0.12  -125.78 r  -125.90 (VIOLATED)
   ibex_top_inst/u_ibex_core/if_stage_i/gen_prefetch_buffer.prefetch_buffer_i/fifo_i/rdata_q_reg[1][7]/D     0.12  -125.78 r  -125.90 (VIOLATED)
   ibex_top_inst/u_ibex_core/if_stage_i/gen_prefetch_buffer.prefetch_buffer_i/fetch_addr_q_reg[14]/D     0.12  -125.78 r  -125.89 (VIOLATED)
   ibex_top_inst/u_ibex_core/if_stage_i/gen_prefetch_buffer.prefetch_buffer_i/fifo_i/rdata_q_reg[1][5]/D     0.12  -125.78 r  -125.89 (VIOLATED)
   ibex_top_inst/u_ibex_core/if_stage_i/gen_prefetch_buffer.prefetch_buffer_i/fetch_addr_q_reg[15]/D     0.12  -125.75 r  -125.86 (VIOLATED)
   ibex_top_inst/u_ibex_core/if_stage_i/gen_prefetch_buffer.prefetch_buffer_i/fetch_addr_q_reg[16]/D     0.12  -125.71 r  -125.83 (VIOLATED)
   ibex_top_inst/u_ibex_core/if_stage_i/gen_prefetch_buffer.prefetch_buffer_i/fetch_addr_q_reg[17]/D     0.12  -125.68 r  -125.80 (VIOLATED)
   ibex_top_inst/u_ibex_core/if_stage_i/gen_prefetch_buffer.prefetch_buffer_i/fetch_addr_q_reg[18]/D     0.12  -125.65 r  -125.77 (VIOLATED)
   ibex_top_inst/u_ibex_core/if_stage_i/gen_prefetch_buffer.prefetch_buffer_i/fetch_addr_q_reg[19]/D     0.12  -125.62 r  -125.74 (VIOLATED)
   ibex_top_inst/u_ibex_core/if_stage_i/gen_prefetch_buffer.prefetch_buffer_i/fetch_addr_q_reg[20]/D     0.12  -125.59 r  -125.71 (VIOLATED)
   ibex_top_inst/u_ibex_core/if_stage_i/gen_prefetch_buffer.prefetch_buffer_i/fetch_addr_q_reg[21]/D     0.12  -125.56 r  -125.68 (VIOLATED)
   ibex_top_inst/u_ibex_core/if_stage_i/gen_prefetch_buffer.prefetch_buffer_i/fetch_addr_q_reg[22]/D     0.12  -125.53 r  -125.64 (VIOLATED)
   ibex_top_inst/u_ibex_core/if_stage_i/gen_prefetch_buffer.prefetch_buffer_i/fetch_addr_q_reg[23]/D     0.12  -125.50 r  -125.61 (VIOLATED)
   ibex_top_inst/u_ibex_core/if_stage_i/gen_prefetch_buffer.prefetch_buffer_i/fetch_addr_q_reg[24]/D     0.12  -125.47 r  -125.58 (VIOLATED)
   ibex_top_inst/u_ibex_core/if_stage_i/gen_prefetch_buffer.prefetch_buffer_i/fetch_addr_q_reg[25]/D     0.12  -125.43 r  -125.55 (VIOLATED)
   ibex_top_inst/u_ibex_core/if_stage_i/gen_prefetch_buffer.prefetch_buffer_i/fetch_addr_q_reg[26]/D     0.12  -125.40 r  -125.52 (VIOLATED)
   ibex_top_inst/u_ibex_core/if_stage_i/gen_prefetch_buffer.prefetch_buffer_i/fetch_addr_q_reg[27]/D     0.12  -125.37 r  -125.49 (VIOLATED)
   ibex_top_inst/u_ibex_core/if_stage_i/gen_prefetch_buffer.prefetch_buffer_i/fetch_addr_q_reg[28]/D     0.12  -125.34 r  -125.46 (VIOLATED)
   ibex_top_inst/u_ibex_core/if_stage_i/gen_prefetch_buffer.prefetch_buffer_i/fetch_addr_q_reg[29]/D     0.12  -125.31 r  -125.43 (VIOLATED)
   ibex_top_inst/u_ibex_core/if_stage_i/gen_prefetch_buffer.prefetch_buffer_i/fetch_addr_q_reg[30]/D     0.12  -125.28 r  -125.40 (VIOLATED)
   ibex_top_inst/u_ibex_core/if_stage_i/gen_prefetch_buffer.prefetch_buffer_i/fetch_addr_q_reg[31]/D     0.12  -125.26 r  -125.37 (VIOLATED)
   ibex_top_inst/u_ibex_core/cs_registers_i/u_mstatus_csr/rdata_q_reg[4]/D     0.12  -121.89 f  -122.01 (VIOLATED)
   ibex_top_inst/u_ibex_core/wb_stage_i/g_writeback_stage.rf_wdata_wb_q_reg[15]/D     0.09  -113.03 f  -113.12 (VIOLATED)
   ibex_top_inst/u_ibex_core/wb_stage_i/g_writeback_stage.rf_wdata_wb_q_reg[16]/D     0.09  -113.02 f  -113.12 (VIOLATED)
   ibex_top_inst/u_ibex_core/wb_stage_i/g_writeback_stage.rf_wdata_wb_q_reg[11]/D     0.09  -112.98 f  -113.08 (VIOLATED)
   ibex_top_inst/u_ibex_core/wb_stage_i/g_writeback_stage.rf_wdata_wb_q_reg[20]/D     0.09  -112.98 f  -113.08 (VIOLATED)
   ibex_top_inst/u_ibex_core/wb_stage_i/g_writeback_stage.rf_wdata_wb_q_reg[10]/D     0.09  -112.97 f  -113.07 (VIOLATED)
   ibex_top_inst/u_ibex_core/wb_stage_i/g_writeback_stage.rf_wdata_wb_q_reg[21]/D     0.09  -112.97 f  -113.07 (VIOLATED)
   ibex_top_inst/u_ibex_core/wb_stage_i/g_writeback_stage.rf_wdata_wb_q_reg[14]/D     0.09  -111.81 f  -111.91 (VIOLATED)
   ibex_top_inst/u_ibex_core/wb_stage_i/g_writeback_stage.rf_wdata_wb_q_reg[17]/D     0.09  -111.81 f  -111.91 (VIOLATED)
   ibex_top_inst/u_ibex_core/wb_stage_i/g_writeback_stage.rf_wdata_wb_q_reg[2]/D     0.09  -111.76 f  -111.85 (VIOLATED)
   ibex_top_inst/u_ibex_core/wb_stage_i/g_writeback_stage.rf_wdata_wb_q_reg[29]/D     0.09  -111.76 f  -111.85 (VIOLATED)
   ibex_top_inst/u_ibex_core/id_stage_i/id_fsm_q_reg/D     0.10  -106.31 r  -106.40 (VIOLATED)
   ibex_top_inst/u_ibex_core/wb_stage_i/g_writeback_stage.rf_waddr_wb_q_reg[2]/D     0.12  -106.18 r  -106.30 (VIOLATED)
   ibex_top_inst/u_ibex_core/wb_stage_i/g_writeback_stage.rf_waddr_wb_q_reg[4]/D     0.12  -106.18 r  -106.30 (VIOLATED)
   ibex_top_inst/u_ibex_core/wb_stage_i/g_writeback_stage.rf_waddr_wb_q_reg[0]/D     0.12  -106.18 r  -106.30 (VIOLATED)
   ibex_top_inst/u_ibex_core/wb_stage_i/g_writeback_stage.rf_waddr_wb_q_reg[1]/D     0.12  -106.18 r  -106.30 (VIOLATED)
   ibex_top_inst/u_ibex_core/wb_stage_i/g_writeback_stage.rf_waddr_wb_q_reg[3]/D     0.12  -106.18 r  -106.30 (VIOLATED)
   ibex_top_inst/u_ibex_core/wb_stage_i/g_writeback_stage.wb_pc_q_reg[30]/D     0.12  -106.18 r  -106.30 (VIOLATED)
   ibex_top_inst/u_ibex_core/wb_stage_i/g_writeback_stage.wb_instr_type_q_reg[1]/D     0.12  -106.17 r  -106.29 (VIOLATED)
   ibex_top_inst/u_ibex_core/wb_stage_i/g_writeback_stage.rf_wdata_wb_q_reg[22]/D     0.12  -106.14 r  -106.25 (VIOLATED)
   ibex_top_inst/u_ibex_core/wb_stage_i/g_writeback_stage.wb_pc_q_reg[7]/D     0.12  -106.12 r  -106.24 (VIOLATED)
   ibex_top_inst/u_ibex_core/wb_stage_i/g_writeback_stage.wb_pc_q_reg[24]/D     0.12  -106.12 r  -106.24 (VIOLATED)
   ibex_top_inst/u_ibex_core/wb_stage_i/g_writeback_stage.wb_pc_q_reg[26]/D     0.12  -106.12 r  -106.24 (VIOLATED)
   ibex_top_inst/u_ibex_core/wb_stage_i/g_writeback_stage.wb_pc_q_reg[27]/D     0.12  -106.12 r  -106.24 (VIOLATED)
   ibex_top_inst/u_ibex_core/wb_stage_i/g_writeback_stage.wb_pc_q_reg[28]/D     0.12  -106.12 r  -106.24 (VIOLATED)
   ibex_top_inst/u_ibex_core/wb_stage_i/g_writeback_stage.wb_pc_q_reg[29]/D     0.12  -106.12 r  -106.24 (VIOLATED)
   ibex_top_inst/u_ibex_core/wb_stage_i/g_writeback_stage.wb_pc_q_reg[5]/D     0.12  -106.12 r  -106.24 (VIOLATED)
   ibex_top_inst/u_ibex_core/wb_stage_i/g_writeback_stage.wb_pc_q_reg[10]/D     0.12  -106.12 r  -106.24 (VIOLATED)
   ibex_top_inst/u_ibex_core/wb_stage_i/g_writeback_stage.rf_we_wb_q_reg/D     0.12  -106.12 r  -106.23 (VIOLATED)
   ibex_top_inst/u_ibex_core/wb_stage_i/g_writeback_stage.wb_pc_q_reg[3]/D     0.12  -106.12 r  -106.23 (VIOLATED)
   ibex_top_inst/u_ibex_core/wb_stage_i/g_writeback_stage.wb_pc_q_reg[14]/D     0.12  -106.12 r  -106.23 (VIOLATED)
   ibex_top_inst/u_ibex_core/wb_stage_i/g_writeback_stage.wb_pc_q_reg[16]/D     0.12  -106.12 r  -106.23 (VIOLATED)
   ibex_top_inst/u_ibex_core/wb_stage_i/g_writeback_stage.wb_pc_q_reg[17]/D     0.12  -106.12 r  -106.23 (VIOLATED)
   ibex_top_inst/u_ibex_core/wb_stage_i/g_writeback_stage.wb_pc_q_reg[18]/D     0.12  -106.12 r  -106.23 (VIOLATED)
   ibex_top_inst/u_ibex_core/wb_stage_i/g_writeback_stage.wb_pc_q_reg[19]/D     0.12  -106.12 r  -106.23 (VIOLATED)
   ibex_top_inst/u_ibex_core/wb_stage_i/g_writeback_stage.wb_pc_q_reg[20]/D     0.12  -106.12 r  -106.23 (VIOLATED)
   ibex_top_inst/u_ibex_core/wb_stage_i/g_writeback_stage.wb_pc_q_reg[21]/D     0.12  -106.12 r  -106.23 (VIOLATED)
   ibex_top_inst/u_ibex_core/wb_stage_i/g_writeback_stage.wb_pc_q_reg[23]/D     0.12  -106.12 r  -106.23 (VIOLATED)
   ibex_top_inst/u_ibex_core/wb_stage_i/g_writeback_stage.wb_pc_q_reg[4]/D     0.12  -106.12 r  -106.23 (VIOLATED)
   ibex_top_inst/u_ibex_core/wb_stage_i/g_writeback_stage.wb_pc_q_reg[15]/D     0.12  -106.12 r  -106.23 (VIOLATED)
   ibex_top_inst/u_ibex_core/wb_stage_i/g_writeback_stage.wb_pc_q_reg[22]/D     0.12  -106.12 r  -106.23 (VIOLATED)
   ibex_top_inst/u_ibex_core/wb_stage_i/g_writeback_stage.wb_pc_q_reg[31]/D     0.12  -106.12 r  -106.23 (VIOLATED)
   ibex_top_inst/u_ibex_core/wb_stage_i/g_writeback_stage.wb_pc_q_reg[2]/D     0.12  -106.12 r  -106.23 (VIOLATED)
   ibex_top_inst/u_ibex_core/wb_stage_i/g_writeback_stage.wb_pc_q_reg[6]/D     0.12  -106.12 r  -106.23 (VIOLATED)
   ibex_top_inst/u_ibex_core/wb_stage_i/g_writeback_stage.wb_pc_q_reg[8]/D     0.12  -106.12 r  -106.23 (VIOLATED)
   ibex_top_inst/u_ibex_core/wb_stage_i/g_writeback_stage.wb_pc_q_reg[9]/D     0.12  -106.12 r  -106.23 (VIOLATED)
   ibex_top_inst/u_ibex_core/wb_stage_i/g_writeback_stage.wb_pc_q_reg[11]/D     0.12  -106.12 r  -106.23 (VIOLATED)
   ibex_top_inst/u_ibex_core/wb_stage_i/g_writeback_stage.wb_pc_q_reg[12]/D     0.12  -106.12 r  -106.23 (VIOLATED)
   ibex_top_inst/u_ibex_core/wb_stage_i/g_writeback_stage.wb_compressed_q_reg/D     0.12  -106.12 r  -106.23 (VIOLATED)
   ibex_top_inst/u_ibex_core/wb_stage_i/g_writeback_stage.wb_pc_q_reg[1]/D     0.12  -106.12 r  -106.23 (VIOLATED)
   ibex_top_inst/u_ibex_core/wb_stage_i/g_writeback_stage.wb_pc_q_reg[13]/D     0.12  -106.12 r  -106.23 (VIOLATED)
   ibex_top_inst/u_ibex_core/wb_stage_i/g_writeback_stage.wb_pc_q_reg[25]/D     0.12  -106.11 f  -106.23 (VIOLATED)
   ibex_top_inst/u_ibex_core/wb_stage_i/g_writeback_stage.wb_valid_q_reg/D     0.12  -106.08 f  -106.20 (VIOLATED)
   ibex_top_inst/u_ibex_core/wb_stage_i/g_writeback_stage.wb_instr_type_q_reg[0]/D     0.09  -106.10 f  -106.19 (VIOLATED)
   ibex_top_inst/u_ibex_core/wb_stage_i/g_writeback_stage.rf_wdata_wb_q_reg[4]/D     0.12  -106.07 r  -106.19 (VIOLATED)
   ibex_top_inst/u_ibex_core/wb_stage_i/g_writeback_stage.rf_wdata_wb_q_reg[13]/D     0.12  -106.07 r  -106.19 (VIOLATED)
   ibex_top_inst/u_ibex_core/wb_stage_i/g_writeback_stage.rf_wdata_wb_q_reg[18]/D     0.12  -106.07 r  -106.19 (VIOLATED)
   ibex_top_inst/u_ibex_core/wb_stage_i/g_writeback_stage.rf_wdata_wb_q_reg[31]/D     0.12  -106.07 r  -106.18 (VIOLATED)
   ibex_top_inst/u_ibex_core/wb_stage_i/g_writeback_stage.rf_wdata_wb_q_reg[9]/D     0.12  -106.07 r  -106.18 (VIOLATED)
   ibex_top_inst/u_ibex_core/wb_stage_i/g_writeback_stage.rf_wdata_wb_q_reg[5]/D     0.12  -106.07 r  -106.18 (VIOLATED)
   ibex_top_inst/u_ibex_core/cs_registers_i/mcountinhibit_q_reg[0]/D     0.12  -106.03 f  -106.16 (VIOLATED)
   ibex_top_inst/u_ibex_core/wb_stage_i/g_writeback_stage.rf_wdata_wb_q_reg[0]/D     0.10  -106.06 f  -106.15 (VIOLATED)
   ibex_top_inst/u_ibex_core/cs_registers_i/mcountinhibit_q_reg[2]/D     0.12  -106.03 f  -106.15 (VIOLATED)
   ibex_top_inst/u_ibex_core/cs_registers_i/u_mstatus_csr/rdata_q_reg[0]/D     0.12  -106.03 f  -106.15 (VIOLATED)
   ibex_top_inst/u_ibex_core/cs_registers_i/u_cpuctrlsts_part_csr/rdata_q_reg[7]/D     0.12  -106.02 f  -106.14 (VIOLATED)
   ibex_top_inst/u_ibex_core/wb_stage_i/g_writeback_stage.rf_wdata_wb_q_reg[30]/D     0.09  -106.05 f  -106.14 (VIOLATED)
   ibex_top_inst/u_ibex_core/cs_registers_i/u_mscratch_csr/rdata_q_reg[21]/D     0.12  -106.01 f  -106.14 (VIOLATED)
   ibex_top_inst/u_ibex_core/cs_registers_i/u_mscratch_csr/rdata_q_reg[24]/D     0.12  -106.01 f  -106.14 (VIOLATED)
   ibex_top_inst/u_ibex_core/cs_registers_i/u_mscratch_csr/rdata_q_reg[26]/D     0.12  -106.01 f  -106.14 (VIOLATED)
   ibex_top_inst/u_ibex_core/cs_registers_i/u_mscratch_csr/rdata_q_reg[30]/D     0.12  -106.01 f  -106.14 (VIOLATED)
   ibex_top_inst/u_ibex_core/cs_registers_i/u_mscratch_csr/rdata_q_reg[31]/D     0.12  -106.01 f  -106.14 (VIOLATED)
   ibex_top_inst/u_ibex_core/wb_stage_i/g_writeback_stage.rf_wdata_wb_q_reg[7]/D     0.12  -106.02 r  -106.14 (VIOLATED)
   ibex_top_inst/u_ibex_core/wb_stage_i/g_writeback_stage.rf_wdata_wb_q_reg[6]/D     0.12  -106.02 r  -106.14 (VIOLATED)
   ibex_top_inst/u_ibex_core/cs_registers_i/u_mstatus_csr/rdata_q_reg[2]/D     0.12  -106.01 f  -106.14 (VIOLATED)
   ibex_top_inst/u_ibex_core/cs_registers_i/u_mstatus_csr/rdata_q_reg[3]/D     0.12  -106.01 f  -106.14 (VIOLATED)
   ibex_top_inst/u_ibex_core/wb_stage_i/g_writeback_stage.rf_wdata_wb_q_reg[19]/D     0.12  -106.02 r  -106.14 (VIOLATED)
   ibex_top_inst/u_ibex_core/cs_registers_i/u_dcsr_csr/rdata_q_reg[2]/D     0.12  -106.01 f  -106.14 (VIOLATED)
   ibex_top_inst/u_ibex_core/cs_registers_i/u_dcsr_csr/rdata_q_reg[12]/D     0.12  -106.01 f  -106.14 (VIOLATED)
   ibex_top_inst/u_ibex_core/cs_registers_i/u_dcsr_csr/rdata_q_reg[13]/D     0.12  -106.01 f  -106.14 (VIOLATED)
   ibex_top_inst/u_ibex_core/cs_registers_i/u_dcsr_csr/rdata_q_reg[15]/D     0.12  -106.01 f  -106.14 (VIOLATED)
   ibex_top_inst/u_ibex_core/wb_stage_i/g_writeback_stage.rf_wdata_wb_q_reg[8]/D     0.12  -106.02 r  -106.13 (VIOLATED)
   ibex_top_inst/u_ibex_core/wb_stage_i/g_writeback_stage.rf_wdata_wb_q_reg[12]/D     0.12  -106.02 r  -106.13 (VIOLATED)
   ibex_top_inst/u_ibex_core/wb_stage_i/g_writeback_stage.rf_wdata_wb_q_reg[3]/D     0.12  -106.02 r  -106.13 (VIOLATED)
   ibex_top_inst/u_ibex_core/cs_registers_i/u_mstatus_csr/rdata_q_reg[1]/D     0.12  -106.01 f  -106.13 (VIOLATED)
   ibex_top_inst/u_ibex_core/wb_stage_i/g_writeback_stage.rf_wdata_wb_q_reg[24]/D     0.12  -106.01 r  -106.13 (VIOLATED)
   ibex_top_inst/u_ibex_core/wb_stage_i/g_writeback_stage.rf_wdata_wb_q_reg[25]/D     0.12  -106.01 r  -106.13 (VIOLATED)
   ibex_top_inst/u_ibex_core/wb_stage_i/g_writeback_stage.rf_wdata_wb_q_reg[26]/D     0.12  -106.01 r  -106.13 (VIOLATED)
   ibex_top_inst/u_ibex_core/wb_stage_i/g_writeback_stage.rf_wdata_wb_q_reg[28]/D     0.12  -106.01 r  -106.13 (VIOLATED)
   ibex_top_inst/u_ibex_core/cs_registers_i/u_mstatus_csr/rdata_q_reg[5]/D     0.12  -106.00 f  -106.13 (VIOLATED)
   ibex_top_inst/u_ibex_core/cs_registers_i/u_depc_csr/rdata_q_reg[31]/D     0.12  -106.00 f  -106.13 (VIOLATED)
   ibex_top_inst/u_ibex_core/wb_stage_i/g_writeback_stage.rf_wdata_wb_q_reg[1]/D     0.12  -106.01 r  -106.13 (VIOLATED)
   ibex_top_inst/u_ibex_core/wb_stage_i/g_writeback_stage.rf_wdata_wb_q_reg[23]/D     0.12  -106.01 r  -106.13 (VIOLATED)
   ibex_top_inst/u_ibex_core/wb_stage_i/g_writeback_stage.rf_wdata_wb_q_reg[27]/D     0.12  -106.01 r  -106.13 (VIOLATED)
   ibex_top_inst/u_ibex_core/cs_registers_i/mcycle_counter_i/counter_q_reg[14]/D     0.12  -106.00 f  -106.12 (VIOLATED)
   ibex_top_inst/u_ibex_core/cs_registers_i/mcycle_counter_i/counter_q_reg[15]/D     0.12  -106.00 f  -106.12 (VIOLATED)
   ibex_top_inst/u_ibex_core/cs_registers_i/mcycle_counter_i/counter_q_reg[17]/D     0.12  -106.00 f  -106.12 (VIOLATED)
   ibex_top_inst/u_ibex_core/cs_registers_i/mcycle_counter_i/counter_q_reg[19]/D     0.12  -106.00 f  -106.12 (VIOLATED)
   ibex_top_inst/u_ibex_core/cs_registers_i/mcycle_counter_i/counter_q_reg[25]/D     0.12  -106.00 f  -106.12 (VIOLATED)
   ibex_top_inst/u_ibex_core/cs_registers_i/u_cpuctrlsts_part_csr/rdata_q_reg[6]/D     0.12  -106.00 f  -106.12 (VIOLATED)
   ibex_top_inst/u_ibex_core/cs_registers_i/u_dscratch0_csr/rdata_q_reg[30]/D     0.12  -105.99 f  -106.12 (VIOLATED)
   ibex_top_inst/u_ibex_core/cs_registers_i/u_dscratch0_csr/rdata_q_reg[31]/D     0.12  -105.99 f  -106.12 (VIOLATED)
   ibex_top_inst/u_ibex_core/cs_registers_i/u_dscratch1_csr/rdata_q_reg[30]/D     0.12  -105.99 f  -106.12 (VIOLATED)
   ibex_top_inst/u_ibex_core/cs_registers_i/u_dscratch1_csr/rdata_q_reg[31]/D     0.12  -105.99 f  -106.12 (VIOLATED)
   ibex_top_inst/u_ibex_core/cs_registers_i/mcycle_counter_i/counter_q_reg[5]/D     0.12  -105.99 f  -106.11 (VIOLATED)
   ibex_top_inst/u_ibex_core/cs_registers_i/u_mie_csr/rdata_q_reg[0]/D     0.12  -105.98 f  -106.11 (VIOLATED)
   ibex_top_inst/u_ibex_core/cs_registers_i/u_mie_csr/rdata_q_reg[3]/D     0.12  -105.98 f  -106.11 (VIOLATED)
   ibex_top_inst/u_ibex_core/cs_registers_i/u_mie_csr/rdata_q_reg[6]/D     0.12  -105.98 f  -106.11 (VIOLATED)
   ibex_top_inst/u_ibex_core/cs_registers_i/u_mie_csr/rdata_q_reg[7]/D     0.12  -105.98 f  -106.11 (VIOLATED)
   ibex_top_inst/u_ibex_core/cs_registers_i/u_mie_csr/rdata_q_reg[9]/D     0.12  -105.98 f  -106.11 (VIOLATED)
   ibex_top_inst/u_ibex_core/cs_registers_i/u_mie_csr/rdata_q_reg[12]/D     0.12  -105.98 f  -106.11 (VIOLATED)
   ibex_top_inst/u_ibex_core/cs_registers_i/u_mie_csr/rdata_q_reg[16]/D     0.12  -105.98 f  -106.11 (VIOLATED)
   ibex_top_inst/u_ibex_core/cs_registers_i/u_mie_csr/rdata_q_reg[17]/D     0.12  -105.98 f  -106.11 (VIOLATED)
   ibex_top_inst/u_ibex_core/cs_registers_i/u_dcsr_csr/rdata_q_reg[0]/D     0.12  -105.98 f  -106.11 (VIOLATED)
   ibex_top_inst/u_ibex_core/cs_registers_i/u_dcsr_csr/rdata_q_reg[1]/D     0.12  -105.98 f  -106.11 (VIOLATED)
   ibex_top_inst/u_ibex_core/cs_registers_i/u_mepc_csr/rdata_q_reg[31]/D     0.12  -105.98 f  -106.10 (VIOLATED)
   ibex_top_inst/u_ibex_core/cs_registers_i/u_mie_csr/rdata_q_reg[1]/D     0.12  -105.98 f  -106.10 (VIOLATED)
   ibex_top_inst/u_ibex_core/cs_registers_i/u_mie_csr/rdata_q_reg[2]/D     0.12  -105.98 f  -106.10 (VIOLATED)
   ibex_top_inst/u_ibex_core/cs_registers_i/u_mie_csr/rdata_q_reg[4]/D     0.12  -105.98 f  -106.10 (VIOLATED)
   ibex_top_inst/u_ibex_core/cs_registers_i/u_mie_csr/rdata_q_reg[5]/D     0.12  -105.98 f  -106.10 (VIOLATED)
   ibex_top_inst/u_ibex_core/cs_registers_i/u_mie_csr/rdata_q_reg[8]/D     0.12  -105.98 f  -106.10 (VIOLATED)
   ibex_top_inst/u_ibex_core/cs_registers_i/u_mie_csr/rdata_q_reg[10]/D     0.12  -105.98 f  -106.10 (VIOLATED)
   ibex_top_inst/u_ibex_core/cs_registers_i/u_mie_csr/rdata_q_reg[11]/D     0.12  -105.98 f  -106.10 (VIOLATED)
   ibex_top_inst/u_ibex_core/cs_registers_i/u_mie_csr/rdata_q_reg[13]/D     0.12  -105.98 f  -106.10 (VIOLATED)
   ibex_top_inst/u_ibex_core/cs_registers_i/u_mie_csr/rdata_q_reg[14]/D     0.12  -105.98 f  -106.10 (VIOLATED)
   ibex_top_inst/u_ibex_core/cs_registers_i/u_mie_csr/rdata_q_reg[15]/D     0.12  -105.98 f  -106.10 (VIOLATED)
   ibex_top_inst/u_ibex_core/cs_registers_i/u_mtvec_csr/rdata_q_reg[31]/D     0.12  -105.98 f  -106.10 (VIOLATED)
   ibex_top_inst/u_ibex_core/cs_registers_i/u_mtvec_csr/rdata_q_reg[16]/D     0.12  -105.98 f  -106.10 (VIOLATED)
   ibex_top_inst/u_ibex_core/cs_registers_i/u_mtvec_csr/rdata_q_reg[8]/D     0.12  -105.98 f  -106.10 (VIOLATED)
   ibex_top_inst/u_ibex_core/cs_registers_i/u_mtvec_csr/rdata_q_reg[10]/D     0.12  -105.98 f  -106.10 (VIOLATED)
   ibex_top_inst/u_ibex_core/cs_registers_i/u_mtvec_csr/rdata_q_reg[17]/D     0.12  -105.98 f  -106.10 (VIOLATED)
   ibex_top_inst/u_ibex_core/cs_registers_i/u_mtvec_csr/rdata_q_reg[28]/D     0.12  -105.98 f  -106.10 (VIOLATED)
   ibex_top_inst/u_ibex_core/cs_registers_i/u_mtvec_csr/rdata_q_reg[29]/D     0.12  -105.98 f  -106.10 (VIOLATED)
   ibex_top_inst/u_ibex_core/cs_registers_i/u_mtvec_csr/rdata_q_reg[30]/D     0.12  -105.98 f  -106.10 (VIOLATED)
   ibex_top_inst/u_ibex_core/cs_registers_i/mcycle_counter_i/counter_q_reg[32]/D     0.12  -105.97 f  -106.09 (VIOLATED)
   ibex_top_inst/u_ibex_core/cs_registers_i/u_mscratch_csr/rdata_q_reg[20]/D     0.12  -105.97 f  -106.09 (VIOLATED)
   ibex_top_inst/u_ibex_core/cs_registers_i/u_mscratch_csr/rdata_q_reg[22]/D     0.12  -105.97 f  -106.09 (VIOLATED)
   ibex_top_inst/u_ibex_core/cs_registers_i/u_mscratch_csr/rdata_q_reg[23]/D     0.12  -105.97 f  -106.09 (VIOLATED)
   ibex_top_inst/u_ibex_core/cs_registers_i/u_mscratch_csr/rdata_q_reg[25]/D     0.12  -105.97 f  -106.09 (VIOLATED)
   ibex_top_inst/u_ibex_core/cs_registers_i/u_mscratch_csr/rdata_q_reg[27]/D     0.12  -105.97 f  -106.09 (VIOLATED)
   ibex_top_inst/u_ibex_core/cs_registers_i/u_mscratch_csr/rdata_q_reg[28]/D     0.12  -105.97 f  -106.09 (VIOLATED)
   ibex_top_inst/u_ibex_core/cs_registers_i/u_mscratch_csr/rdata_q_reg[29]/D     0.12  -105.97 f  -106.09 (VIOLATED)
   ibex_top_inst/u_ibex_core/cs_registers_i/u_mscratch_csr/rdata_q_reg[0]/D     0.12  -105.97 f  -106.09 (VIOLATED)
   ibex_top_inst/u_ibex_core/cs_registers_i/u_mscratch_csr/rdata_q_reg[1]/D     0.12  -105.97 f  -106.09 (VIOLATED)
   ibex_top_inst/u_ibex_core/cs_registers_i/u_mscratch_csr/rdata_q_reg[2]/D     0.12  -105.97 f  -106.09 (VIOLATED)
   ibex_top_inst/u_ibex_core/cs_registers_i/u_mscratch_csr/rdata_q_reg[3]/D     0.12  -105.97 f  -106.09 (VIOLATED)
   ibex_top_inst/u_ibex_core/cs_registers_i/u_mscratch_csr/rdata_q_reg[4]/D     0.12  -105.97 f  -106.09 (VIOLATED)
   ibex_top_inst/u_ibex_core/cs_registers_i/u_mscratch_csr/rdata_q_reg[5]/D     0.12  -105.97 f  -106.09 (VIOLATED)
   ibex_top_inst/u_ibex_core/cs_registers_i/u_mscratch_csr/rdata_q_reg[6]/D     0.12  -105.97 f  -106.09 (VIOLATED)
   ibex_top_inst/u_ibex_core/cs_registers_i/u_mscratch_csr/rdata_q_reg[7]/D     0.12  -105.97 f  -106.09 (VIOLATED)
   ibex_top_inst/u_ibex_core/cs_registers_i/u_mscratch_csr/rdata_q_reg[8]/D     0.12  -105.97 f  -106.09 (VIOLATED)
   ibex_top_inst/u_ibex_core/cs_registers_i/u_mscratch_csr/rdata_q_reg[9]/D     0.12  -105.97 f  -106.09 (VIOLATED)
   ibex_top_inst/u_ibex_core/cs_registers_i/u_mscratch_csr/rdata_q_reg[10]/D     0.12  -105.97 f  -106.09 (VIOLATED)
   ibex_top_inst/u_ibex_core/cs_registers_i/u_mscratch_csr/rdata_q_reg[11]/D     0.12  -105.97 f  -106.09 (VIOLATED)
   ibex_top_inst/u_ibex_core/cs_registers_i/u_mscratch_csr/rdata_q_reg[12]/D     0.12  -105.97 f  -106.09 (VIOLATED)
   ibex_top_inst/u_ibex_core/cs_registers_i/u_mscratch_csr/rdata_q_reg[13]/D     0.12  -105.97 f  -106.09 (VIOLATED)
   ibex_top_inst/u_ibex_core/cs_registers_i/u_mscratch_csr/rdata_q_reg[14]/D     0.12  -105.97 f  -106.09 (VIOLATED)
   ibex_top_inst/u_ibex_core/cs_registers_i/u_mscratch_csr/rdata_q_reg[15]/D     0.12  -105.97 f  -106.09 (VIOLATED)
   ibex_top_inst/u_ibex_core/cs_registers_i/u_mscratch_csr/rdata_q_reg[16]/D     0.12  -105.97 f  -106.09 (VIOLATED)
   ibex_top_inst/u_ibex_core/cs_registers_i/u_mscratch_csr/rdata_q_reg[17]/D     0.12  -105.97 f  -106.09 (VIOLATED)
   ibex_top_inst/u_ibex_core/cs_registers_i/u_mscratch_csr/rdata_q_reg[18]/D     0.12  -105.97 f  -106.09 (VIOLATED)
   ibex_top_inst/u_ibex_core/cs_registers_i/u_mscratch_csr/rdata_q_reg[19]/D     0.12  -105.97 f  -106.09 (VIOLATED)
   ibex_top_inst/u_ibex_core/cs_registers_i/mcycle_counter_i/counter_q_reg[63]/D     0.12  -105.96 f  -106.09 (VIOLATED)
   ibex_top_inst/u_ibex_core/cs_registers_i/u_depc_csr/rdata_q_reg[2]/D     0.12  -105.95 f  -106.08 (VIOLATED)
   ibex_top_inst/u_ibex_core/cs_registers_i/u_depc_csr/rdata_q_reg[4]/D     0.12  -105.95 f  -106.08 (VIOLATED)
   ibex_top_inst/u_ibex_core/cs_registers_i/u_depc_csr/rdata_q_reg[8]/D     0.12  -105.95 f  -106.08 (VIOLATED)
   ibex_top_inst/u_ibex_core/cs_registers_i/u_depc_csr/rdata_q_reg[30]/D     0.12  -105.95 f  -106.08 (VIOLATED)
   ibex_top_inst/u_ibex_core/cs_registers_i/u_depc_csr/rdata_q_reg[10]/D     0.12  -105.95 f  -106.08 (VIOLATED)
   ibex_top_inst/u_ibex_core/cs_registers_i/u_depc_csr/rdata_q_reg[19]/D     0.12  -105.95 f  -106.08 (VIOLATED)
   ibex_top_inst/u_ibex_core/cs_registers_i/u_depc_csr/rdata_q_reg[21]/D     0.12  -105.95 f  -106.08 (VIOLATED)
   ibex_top_inst/u_ibex_core/cs_registers_i/u_depc_csr/rdata_q_reg[25]/D     0.12  -105.95 f  -106.08 (VIOLATED)
   ibex_top_inst/u_ibex_core/cs_registers_i/u_depc_csr/rdata_q_reg[1]/D     0.12  -105.95 f  -106.08 (VIOLATED)
   ibex_top_inst/u_ibex_core/cs_registers_i/u_depc_csr/rdata_q_reg[22]/D     0.12  -105.95 f  -106.08 (VIOLATED)
   ibex_top_inst/u_ibex_core/cs_registers_i/u_depc_csr/rdata_q_reg[29]/D     0.12  -105.95 f  -106.08 (VIOLATED)
   ibex_top_inst/u_ibex_core/cs_registers_i/u_depc_csr/rdata_q_reg[3]/D     0.12  -105.95 f  -106.08 (VIOLATED)
   ibex_top_inst/u_ibex_core/cs_registers_i/u_depc_csr/rdata_q_reg[5]/D     0.12  -105.95 f  -106.08 (VIOLATED)
   ibex_top_inst/u_ibex_core/cs_registers_i/u_depc_csr/rdata_q_reg[6]/D     0.12  -105.95 f  -106.08 (VIOLATED)
   ibex_top_inst/u_ibex_core/cs_registers_i/u_depc_csr/rdata_q_reg[7]/D     0.12  -105.95 f  -106.08 (VIOLATED)
   ibex_top_inst/u_ibex_core/cs_registers_i/u_depc_csr/rdata_q_reg[9]/D     0.12  -105.95 f  -106.08 (VIOLATED)
   ibex_top_inst/u_ibex_core/cs_registers_i/u_depc_csr/rdata_q_reg[11]/D     0.12  -105.95 f  -106.08 (VIOLATED)
   ibex_top_inst/u_ibex_core/cs_registers_i/u_depc_csr/rdata_q_reg[12]/D     0.12  -105.95 f  -106.08 (VIOLATED)
   ibex_top_inst/u_ibex_core/cs_registers_i/u_depc_csr/rdata_q_reg[13]/D     0.12  -105.95 f  -106.08 (VIOLATED)
   ibex_top_inst/u_ibex_core/cs_registers_i/u_depc_csr/rdata_q_reg[14]/D     0.12  -105.95 f  -106.08 (VIOLATED)
   ibex_top_inst/u_ibex_core/cs_registers_i/u_depc_csr/rdata_q_reg[15]/D     0.12  -105.95 f  -106.08 (VIOLATED)
   ibex_top_inst/u_ibex_core/cs_registers_i/u_depc_csr/rdata_q_reg[16]/D     0.12  -105.95 f  -106.08 (VIOLATED)
   ibex_top_inst/u_ibex_core/cs_registers_i/u_depc_csr/rdata_q_reg[17]/D     0.12  -105.95 f  -106.08 (VIOLATED)
   ibex_top_inst/u_ibex_core/cs_registers_i/u_depc_csr/rdata_q_reg[18]/D     0.12  -105.95 f  -106.08 (VIOLATED)
   ibex_top_inst/u_ibex_core/cs_registers_i/u_depc_csr/rdata_q_reg[20]/D     0.12  -105.95 f  -106.08 (VIOLATED)
   ibex_top_inst/u_ibex_core/cs_registers_i/u_depc_csr/rdata_q_reg[23]/D     0.12  -105.95 f  -106.08 (VIOLATED)
   ibex_top_inst/u_ibex_core/cs_registers_i/u_depc_csr/rdata_q_reg[24]/D     0.12  -105.95 f  -106.08 (VIOLATED)
   ibex_top_inst/u_ibex_core/cs_registers_i/u_depc_csr/rdata_q_reg[26]/D     0.12  -105.95 f  -106.08 (VIOLATED)
   ibex_top_inst/u_ibex_core/cs_registers_i/u_depc_csr/rdata_q_reg[27]/D     0.12  -105.95 f  -106.08 (VIOLATED)
   ibex_top_inst/u_ibex_core/cs_registers_i/u_depc_csr/rdata_q_reg[28]/D     0.12  -105.95 f  -106.08 (VIOLATED)
   ibex_top_inst/u_ibex_core/cs_registers_i/mcycle_counter_i/counter_q_reg[1]/D     0.12  -105.95 f  -106.08 (VIOLATED)
   ibex_top_inst/u_ibex_core/cs_registers_i/mcycle_counter_i/counter_q_reg[22]/D     0.12  -105.95 f  -106.07 (VIOLATED)
   ibex_top_inst/u_ibex_core/cs_registers_i/mcycle_counter_i/counter_q_reg[9]/D     0.12  -105.95 f  -106.07 (VIOLATED)
   ibex_top_inst/u_ibex_core/cs_registers_i/mcycle_counter_i/counter_q_reg[10]/D     0.12  -105.95 f  -106.07 (VIOLATED)
   ibex_top_inst/u_ibex_core/cs_registers_i/mcycle_counter_i/counter_q_reg[7]/D     0.12  -105.95 f  -106.07 (VIOLATED)
   ibex_top_inst/u_ibex_core/cs_registers_i/mcycle_counter_i/counter_q_reg[8]/D     0.12  -105.95 f  -106.07 (VIOLATED)
   ibex_top_inst/u_ibex_core/cs_registers_i/mcycle_counter_i/counter_q_reg[11]/D     0.12  -105.95 f  -106.07 (VIOLATED)
   ibex_top_inst/u_ibex_core/cs_registers_i/mcycle_counter_i/counter_q_reg[13]/D     0.12  -105.95 f  -106.07 (VIOLATED)
   ibex_top_inst/u_ibex_core/cs_registers_i/u_dscratch0_csr/rdata_q_reg[0]/D     0.12  -105.95 f  -106.07 (VIOLATED)
   ibex_top_inst/u_ibex_core/cs_registers_i/u_dscratch0_csr/rdata_q_reg[1]/D     0.12  -105.95 f  -106.07 (VIOLATED)
   ibex_top_inst/u_ibex_core/cs_registers_i/u_dscratch0_csr/rdata_q_reg[2]/D     0.12  -105.95 f  -106.07 (VIOLATED)
   ibex_top_inst/u_ibex_core/cs_registers_i/u_dscratch0_csr/rdata_q_reg[3]/D     0.12  -105.95 f  -106.07 (VIOLATED)
   ibex_top_inst/u_ibex_core/cs_registers_i/u_dscratch0_csr/rdata_q_reg[4]/D     0.12  -105.95 f  -106.07 (VIOLATED)
   ibex_top_inst/u_ibex_core/cs_registers_i/u_dscratch0_csr/rdata_q_reg[5]/D     0.12  -105.95 f  -106.07 (VIOLATED)
   ibex_top_inst/u_ibex_core/cs_registers_i/u_dscratch0_csr/rdata_q_reg[6]/D     0.12  -105.95 f  -106.07 (VIOLATED)
   ibex_top_inst/u_ibex_core/cs_registers_i/u_dscratch0_csr/rdata_q_reg[7]/D     0.12  -105.95 f  -106.07 (VIOLATED)
   ibex_top_inst/u_ibex_core/cs_registers_i/u_dscratch0_csr/rdata_q_reg[8]/D     0.12  -105.95 f  -106.07 (VIOLATED)
   ibex_top_inst/u_ibex_core/cs_registers_i/u_dscratch0_csr/rdata_q_reg[9]/D     0.12  -105.95 f  -106.07 (VIOLATED)
   ibex_top_inst/u_ibex_core/cs_registers_i/u_dscratch0_csr/rdata_q_reg[10]/D     0.12  -105.95 f  -106.07 (VIOLATED)
   ibex_top_inst/u_ibex_core/cs_registers_i/u_dscratch0_csr/rdata_q_reg[11]/D     0.12  -105.95 f  -106.07 (VIOLATED)
   ibex_top_inst/u_ibex_core/cs_registers_i/u_dscratch0_csr/rdata_q_reg[12]/D     0.12  -105.95 f  -106.07 (VIOLATED)
   ibex_top_inst/u_ibex_core/cs_registers_i/u_dscratch0_csr/rdata_q_reg[13]/D     0.12  -105.95 f  -106.07 (VIOLATED)
   ibex_top_inst/u_ibex_core/cs_registers_i/u_dscratch0_csr/rdata_q_reg[14]/D     0.12  -105.95 f  -106.07 (VIOLATED)
   ibex_top_inst/u_ibex_core/cs_registers_i/u_dscratch0_csr/rdata_q_reg[15]/D     0.12  -105.95 f  -106.07 (VIOLATED)
   ibex_top_inst/u_ibex_core/cs_registers_i/u_dscratch0_csr/rdata_q_reg[16]/D     0.12  -105.95 f  -106.07 (VIOLATED)
   ibex_top_inst/u_ibex_core/cs_registers_i/u_dscratch0_csr/rdata_q_reg[17]/D     0.12  -105.95 f  -106.07 (VIOLATED)
   ibex_top_inst/u_ibex_core/cs_registers_i/u_dscratch0_csr/rdata_q_reg[18]/D     0.12  -105.95 f  -106.07 (VIOLATED)
   ibex_top_inst/u_ibex_core/cs_registers_i/u_dscratch0_csr/rdata_q_reg[19]/D     0.12  -105.95 f  -106.07 (VIOLATED)
   ibex_top_inst/u_ibex_core/cs_registers_i/u_dscratch0_csr/rdata_q_reg[20]/D     0.12  -105.95 f  -106.07 (VIOLATED)
   ibex_top_inst/u_ibex_core/cs_registers_i/u_dscratch0_csr/rdata_q_reg[21]/D     0.12  -105.95 f  -106.07 (VIOLATED)
   ibex_top_inst/u_ibex_core/cs_registers_i/u_dscratch0_csr/rdata_q_reg[22]/D     0.12  -105.95 f  -106.07 (VIOLATED)
   ibex_top_inst/u_ibex_core/cs_registers_i/u_dscratch0_csr/rdata_q_reg[23]/D     0.12  -105.95 f  -106.07 (VIOLATED)
   ibex_top_inst/u_ibex_core/cs_registers_i/u_dscratch0_csr/rdata_q_reg[24]/D     0.12  -105.95 f  -106.07 (VIOLATED)
   ibex_top_inst/u_ibex_core/cs_registers_i/u_dscratch0_csr/rdata_q_reg[25]/D     0.12  -105.95 f  -106.07 (VIOLATED)
   ibex_top_inst/u_ibex_core/cs_registers_i/u_dscratch0_csr/rdata_q_reg[26]/D     0.12  -105.95 f  -106.07 (VIOLATED)
   ibex_top_inst/u_ibex_core/cs_registers_i/u_dscratch0_csr/rdata_q_reg[27]/D     0.12  -105.95 f  -106.07 (VIOLATED)
   ibex_top_inst/u_ibex_core/cs_registers_i/u_dscratch0_csr/rdata_q_reg[28]/D     0.12  -105.95 f  -106.07 (VIOLATED)
   ibex_top_inst/u_ibex_core/cs_registers_i/u_dscratch0_csr/rdata_q_reg[29]/D     0.12  -105.95 f  -106.07 (VIOLATED)
   ibex_top_inst/u_ibex_core/cs_registers_i/u_dscratch1_csr/rdata_q_reg[0]/D     0.12  -105.95 f  -106.07 (VIOLATED)
   ibex_top_inst/u_ibex_core/cs_registers_i/u_dscratch1_csr/rdata_q_reg[1]/D     0.12  -105.95 f  -106.07 (VIOLATED)
   ibex_top_inst/u_ibex_core/cs_registers_i/u_dscratch1_csr/rdata_q_reg[2]/D     0.12  -105.95 f  -106.07 (VIOLATED)
   ibex_top_inst/u_ibex_core/cs_registers_i/u_dscratch1_csr/rdata_q_reg[3]/D     0.12  -105.95 f  -106.07 (VIOLATED)
   ibex_top_inst/u_ibex_core/cs_registers_i/u_dscratch1_csr/rdata_q_reg[4]/D     0.12  -105.95 f  -106.07 (VIOLATED)
   ibex_top_inst/u_ibex_core/cs_registers_i/u_dscratch1_csr/rdata_q_reg[5]/D     0.12  -105.95 f  -106.07 (VIOLATED)
   ibex_top_inst/u_ibex_core/cs_registers_i/u_dscratch1_csr/rdata_q_reg[6]/D     0.12  -105.95 f  -106.07 (VIOLATED)
   ibex_top_inst/u_ibex_core/cs_registers_i/u_dscratch1_csr/rdata_q_reg[7]/D     0.12  -105.95 f  -106.07 (VIOLATED)
   ibex_top_inst/u_ibex_core/cs_registers_i/u_dscratch1_csr/rdata_q_reg[8]/D     0.12  -105.95 f  -106.07 (VIOLATED)
   ibex_top_inst/u_ibex_core/cs_registers_i/u_dscratch1_csr/rdata_q_reg[9]/D     0.12  -105.95 f  -106.07 (VIOLATED)
   ibex_top_inst/u_ibex_core/cs_registers_i/u_dscratch1_csr/rdata_q_reg[10]/D     0.12  -105.95 f  -106.07 (VIOLATED)
   ibex_top_inst/u_ibex_core/cs_registers_i/u_dscratch1_csr/rdata_q_reg[11]/D     0.12  -105.95 f  -106.07 (VIOLATED)
   ibex_top_inst/u_ibex_core/cs_registers_i/u_dscratch1_csr/rdata_q_reg[12]/D     0.12  -105.95 f  -106.07 (VIOLATED)
   ibex_top_inst/u_ibex_core/cs_registers_i/u_dscratch1_csr/rdata_q_reg[13]/D     0.12  -105.95 f  -106.07 (VIOLATED)
   ibex_top_inst/u_ibex_core/cs_registers_i/u_dscratch1_csr/rdata_q_reg[14]/D     0.12  -105.95 f  -106.07 (VIOLATED)
   ibex_top_inst/u_ibex_core/cs_registers_i/u_dscratch1_csr/rdata_q_reg[15]/D     0.12  -105.95 f  -106.07 (VIOLATED)
   ibex_top_inst/u_ibex_core/cs_registers_i/u_dscratch1_csr/rdata_q_reg[16]/D     0.12  -105.95 f  -106.07 (VIOLATED)
   ibex_top_inst/u_ibex_core/cs_registers_i/u_dscratch1_csr/rdata_q_reg[17]/D     0.12  -105.95 f  -106.07 (VIOLATED)
   ibex_top_inst/u_ibex_core/cs_registers_i/u_dscratch1_csr/rdata_q_reg[18]/D     0.12  -105.95 f  -106.07 (VIOLATED)
   ibex_top_inst/u_ibex_core/cs_registers_i/u_dscratch1_csr/rdata_q_reg[19]/D     0.12  -105.95 f  -106.07 (VIOLATED)
   ibex_top_inst/u_ibex_core/cs_registers_i/u_dscratch1_csr/rdata_q_reg[20]/D     0.12  -105.95 f  -106.07 (VIOLATED)
   ibex_top_inst/u_ibex_core/cs_registers_i/u_dscratch1_csr/rdata_q_reg[21]/D     0.12  -105.95 f  -106.07 (VIOLATED)
   ibex_top_inst/u_ibex_core/cs_registers_i/u_dscratch1_csr/rdata_q_reg[22]/D     0.12  -105.95 f  -106.07 (VIOLATED)
   ibex_top_inst/u_ibex_core/cs_registers_i/u_dscratch1_csr/rdata_q_reg[23]/D     0.12  -105.95 f  -106.07 (VIOLATED)
   ibex_top_inst/u_ibex_core/cs_registers_i/u_dscratch1_csr/rdata_q_reg[24]/D     0.12  -105.95 f  -106.07 (VIOLATED)
   ibex_top_inst/u_ibex_core/cs_registers_i/u_dscratch1_csr/rdata_q_reg[25]/D     0.12  -105.95 f  -106.07 (VIOLATED)
   ibex_top_inst/u_ibex_core/cs_registers_i/u_dscratch1_csr/rdata_q_reg[26]/D     0.12  -105.95 f  -106.07 (VIOLATED)
   ibex_top_inst/u_ibex_core/cs_registers_i/u_dscratch1_csr/rdata_q_reg[27]/D     0.12  -105.95 f  -106.07 (VIOLATED)
   ibex_top_inst/u_ibex_core/cs_registers_i/u_dscratch1_csr/rdata_q_reg[28]/D     0.12  -105.95 f  -106.07 (VIOLATED)
   ibex_top_inst/u_ibex_core/cs_registers_i/u_dscratch1_csr/rdata_q_reg[29]/D     0.12  -105.95 f  -106.07 (VIOLATED)
   ibex_top_inst/u_ibex_core/cs_registers_i/u_mtval_csr/rdata_q_reg[0]/D     0.12  -105.94 f  -106.07 (VIOLATED)
   ibex_top_inst/u_ibex_core/cs_registers_i/u_mtval_csr/rdata_q_reg[31]/D     0.12  -105.94 f  -106.07 (VIOLATED)
   ibex_top_inst/u_ibex_core/cs_registers_i/u_mepc_csr/rdata_q_reg[14]/D     0.10  -105.97 r  -106.07 (VIOLATED)
   ibex_top_inst/u_ibex_core/cs_registers_i/minstret_counter_i/counter_q_reg[62]/D     0.12  -105.94 f  -106.06 (VIOLATED)
   ibex_top_inst/u_ibex_core/cs_registers_i/minstret_counter_i/counter_q_reg[63]/D     0.12  -105.94 f  -106.06 (VIOLATED)
   ibex_top_inst/u_ibex_core/cs_registers_i/u_mtvec_csr/rdata_q_reg[9]/D     0.12  -105.94 f  -106.06 (VIOLATED)
   ibex_top_inst/u_ibex_core/cs_registers_i/u_mtvec_csr/rdata_q_reg[14]/D     0.12  -105.94 f  -106.06 (VIOLATED)
   ibex_top_inst/u_ibex_core/cs_registers_i/u_mtvec_csr/rdata_q_reg[13]/D     0.12  -105.94 f  -106.06 (VIOLATED)
   ibex_top_inst/u_ibex_core/cs_registers_i/u_mtvec_csr/rdata_q_reg[15]/D     0.12  -105.94 f  -106.06 (VIOLATED)
   ibex_top_inst/u_ibex_core/cs_registers_i/u_mtvec_csr/rdata_q_reg[11]/D     0.12  -105.94 f  -106.06 (VIOLATED)
   ibex_top_inst/u_ibex_core/cs_registers_i/u_mtvec_csr/rdata_q_reg[12]/D     0.12  -105.94 f  -106.06 (VIOLATED)
   ibex_top_inst/u_ibex_core/cs_registers_i/mcycle_counter_i/counter_q_reg[30]/D     0.12  -105.94 f  -106.06 (VIOLATED)
   ibex_top_inst/u_ibex_core/cs_registers_i/mcycle_counter_i/counter_q_reg[27]/D     0.12  -105.94 f  -106.06 (VIOLATED)
   ibex_top_inst/u_ibex_core/cs_registers_i/mcycle_counter_i/counter_q_reg[29]/D     0.12  -105.94 f  -106.06 (VIOLATED)
   ibex_top_inst/u_ibex_core/cs_registers_i/mcycle_counter_i/counter_q_reg[38]/D     0.12  -105.93 f  -106.06 (VIOLATED)
   ibex_top_inst/u_ibex_core/cs_registers_i/mcycle_counter_i/counter_q_reg[40]/D     0.12  -105.93 f  -106.06 (VIOLATED)
   ibex_top_inst/u_ibex_core/cs_registers_i/mcycle_counter_i/counter_q_reg[41]/D     0.12  -105.93 f  -106.06 (VIOLATED)
   ibex_top_inst/u_ibex_core/cs_registers_i/mcycle_counter_i/counter_q_reg[44]/D     0.12  -105.93 f  -106.06 (VIOLATED)
   ibex_top_inst/u_ibex_core/cs_registers_i/mcycle_counter_i/counter_q_reg[46]/D     0.12  -105.93 f  -106.06 (VIOLATED)
   ibex_top_inst/u_ibex_core/cs_registers_i/mcycle_counter_i/counter_q_reg[55]/D     0.12  -105.93 f  -106.06 (VIOLATED)
   ibex_top_inst/u_ibex_core/cs_registers_i/mcycle_counter_i/counter_q_reg[43]/D     0.12  -105.93 f  -106.06 (VIOLATED)
   ibex_top_inst/u_ibex_core/cs_registers_i/mcycle_counter_i/counter_q_reg[62]/D     0.12  -105.93 f  -106.06 (VIOLATED)
   ibex_top_inst/u_ibex_core/cs_registers_i/mcycle_counter_i/counter_q_reg[42]/D     0.12  -105.93 f  -106.06 (VIOLATED)
   ibex_top_inst/u_ibex_core/cs_registers_i/mcycle_counter_i/counter_q_reg[54]/D     0.12  -105.93 f  -106.06 (VIOLATED)
   ibex_top_inst/u_ibex_core/cs_registers_i/mcycle_counter_i/counter_q_reg[33]/D     0.12  -105.93 f  -106.06 (VIOLATED)
   ibex_top_inst/u_ibex_core/cs_registers_i/mcycle_counter_i/counter_q_reg[36]/D     0.12  -105.93 f  -106.06 (VIOLATED)
   ibex_top_inst/u_ibex_core/cs_registers_i/mcycle_counter_i/counter_q_reg[52]/D     0.12  -105.93 f  -106.06 (VIOLATED)
   ibex_top_inst/u_ibex_core/cs_registers_i/mcycle_counter_i/counter_q_reg[56]/D     0.12  -105.93 f  -106.06 (VIOLATED)
   ibex_top_inst/u_ibex_core/cs_registers_i/mcycle_counter_i/counter_q_reg[60]/D     0.12  -105.93 f  -106.06 (VIOLATED)
   ibex_top_inst/u_ibex_core/cs_registers_i/mcycle_counter_i/counter_q_reg[61]/D     0.12  -105.93 f  -106.06 (VIOLATED)
   ibex_top_inst/u_ibex_core/cs_registers_i/mcycle_counter_i/counter_q_reg[45]/D     0.12  -105.93 f  -106.06 (VIOLATED)
   ibex_top_inst/u_ibex_core/cs_registers_i/mcycle_counter_i/counter_q_reg[47]/D     0.12  -105.93 f  -106.06 (VIOLATED)
   ibex_top_inst/u_ibex_core/cs_registers_i/mcycle_counter_i/counter_q_reg[49]/D     0.12  -105.93 f  -106.06 (VIOLATED)
   ibex_top_inst/u_ibex_core/cs_registers_i/mcycle_counter_i/counter_q_reg[59]/D     0.12  -105.93 f  -106.06 (VIOLATED)
   ibex_top_inst/u_ibex_core/cs_registers_i/mcycle_counter_i/counter_q_reg[51]/D     0.12  -105.93 f  -106.06 (VIOLATED)
   ibex_top_inst/u_ibex_core/cs_registers_i/mcycle_counter_i/counter_q_reg[57]/D     0.12  -105.93 f  -106.06 (VIOLATED)
   ibex_top_inst/u_ibex_core/cs_registers_i/mcycle_counter_i/counter_q_reg[58]/D     0.12  -105.93 f  -106.06 (VIOLATED)
   ibex_top_inst/u_ibex_core/cs_registers_i/mcycle_counter_i/counter_q_reg[48]/D     0.12  -105.93 f  -106.06 (VIOLATED)
   ibex_top_inst/u_ibex_core/cs_registers_i/mcycle_counter_i/counter_q_reg[50]/D     0.12  -105.93 f  -106.06 (VIOLATED)
   ibex_top_inst/u_ibex_core/cs_registers_i/mcycle_counter_i/counter_q_reg[37]/D     0.12  -105.93 f  -106.06 (VIOLATED)
   ibex_top_inst/u_ibex_core/cs_registers_i/mcycle_counter_i/counter_q_reg[39]/D     0.12  -105.93 f  -106.06 (VIOLATED)
   ibex_top_inst/u_ibex_core/cs_registers_i/mcycle_counter_i/counter_q_reg[53]/D     0.12  -105.93 f  -106.06 (VIOLATED)
   ibex_top_inst/u_ibex_core/cs_registers_i/mcycle_counter_i/counter_q_reg[35]/D     0.12  -105.93 f  -106.06 (VIOLATED)
   ibex_top_inst/u_ibex_core/cs_registers_i/mcycle_counter_i/counter_q_reg[34]/D     0.12  -105.93 f  -106.06 (VIOLATED)
   ibex_top_inst/u_ibex_core/cs_registers_i/u_mepc_csr/rdata_q_reg[2]/D     0.12  -105.93 f  -106.05 (VIOLATED)
   ibex_top_inst/u_ibex_core/cs_registers_i/u_mepc_csr/rdata_q_reg[11]/D     0.12  -105.93 f  -106.05 (VIOLATED)
   ibex_top_inst/u_ibex_core/cs_registers_i/u_mepc_csr/rdata_q_reg[1]/D     0.12  -105.93 f  -106.05 (VIOLATED)
   ibex_top_inst/u_ibex_core/cs_registers_i/u_mepc_csr/rdata_q_reg[3]/D     0.12  -105.93 f  -106.05 (VIOLATED)
   ibex_top_inst/u_ibex_core/cs_registers_i/u_mepc_csr/rdata_q_reg[4]/D     0.12  -105.93 f  -106.05 (VIOLATED)
   ibex_top_inst/u_ibex_core/cs_registers_i/u_mepc_csr/rdata_q_reg[5]/D     0.12  -105.93 f  -106.05 (VIOLATED)
   ibex_top_inst/u_ibex_core/cs_registers_i/u_mepc_csr/rdata_q_reg[6]/D     0.12  -105.93 f  -106.05 (VIOLATED)
   ibex_top_inst/u_ibex_core/cs_registers_i/u_mepc_csr/rdata_q_reg[7]/D     0.12  -105.93 f  -106.05 (VIOLATED)
   ibex_top_inst/u_ibex_core/cs_registers_i/u_mepc_csr/rdata_q_reg[8]/D     0.12  -105.93 f  -106.05 (VIOLATED)
   ibex_top_inst/u_ibex_core/cs_registers_i/u_mepc_csr/rdata_q_reg[9]/D     0.12  -105.93 f  -106.05 (VIOLATED)
   ibex_top_inst/u_ibex_core/cs_registers_i/u_mepc_csr/rdata_q_reg[10]/D     0.12  -105.93 f  -106.05 (VIOLATED)
   ibex_top_inst/u_ibex_core/cs_registers_i/u_mepc_csr/rdata_q_reg[12]/D     0.12  -105.93 f  -106.05 (VIOLATED)
   ibex_top_inst/u_ibex_core/cs_registers_i/u_mepc_csr/rdata_q_reg[13]/D     0.12  -105.93 f  -106.05 (VIOLATED)
   ibex_top_inst/u_ibex_core/cs_registers_i/u_mepc_csr/rdata_q_reg[15]/D     0.12  -105.93 f  -106.05 (VIOLATED)
   ibex_top_inst/u_ibex_core/cs_registers_i/u_mepc_csr/rdata_q_reg[16]/D     0.12  -105.93 f  -106.05 (VIOLATED)
   ibex_top_inst/u_ibex_core/cs_registers_i/u_mepc_csr/rdata_q_reg[17]/D     0.12  -105.93 f  -106.05 (VIOLATED)
   ibex_top_inst/u_ibex_core/cs_registers_i/u_mepc_csr/rdata_q_reg[18]/D     0.12  -105.93 f  -106.05 (VIOLATED)
   ibex_top_inst/u_ibex_core/cs_registers_i/u_mepc_csr/rdata_q_reg[19]/D     0.12  -105.93 f  -106.05 (VIOLATED)
   ibex_top_inst/u_ibex_core/cs_registers_i/u_mepc_csr/rdata_q_reg[20]/D     0.12  -105.93 f  -106.05 (VIOLATED)
   ibex_top_inst/u_ibex_core/cs_registers_i/u_mepc_csr/rdata_q_reg[21]/D     0.12  -105.93 f  -106.05 (VIOLATED)
   ibex_top_inst/u_ibex_core/cs_registers_i/u_mepc_csr/rdata_q_reg[22]/D     0.12  -105.93 f  -106.05 (VIOLATED)
   ibex_top_inst/u_ibex_core/cs_registers_i/u_mepc_csr/rdata_q_reg[23]/D     0.12  -105.93 f  -106.05 (VIOLATED)
   ibex_top_inst/u_ibex_core/cs_registers_i/u_mepc_csr/rdata_q_reg[24]/D     0.12  -105.93 f  -106.05 (VIOLATED)
   ibex_top_inst/u_ibex_core/cs_registers_i/u_mepc_csr/rdata_q_reg[25]/D     0.12  -105.93 f  -106.05 (VIOLATED)
   ibex_top_inst/u_ibex_core/cs_registers_i/u_mepc_csr/rdata_q_reg[26]/D     0.12  -105.93 f  -106.05 (VIOLATED)
   ibex_top_inst/u_ibex_core/cs_registers_i/u_mepc_csr/rdata_q_reg[27]/D     0.12  -105.93 f  -106.05 (VIOLATED)
   ibex_top_inst/u_ibex_core/cs_registers_i/u_mepc_csr/rdata_q_reg[28]/D     0.12  -105.93 f  -106.05 (VIOLATED)
   ibex_top_inst/u_ibex_core/cs_registers_i/u_mepc_csr/rdata_q_reg[29]/D     0.12  -105.93 f  -106.05 (VIOLATED)
   ibex_top_inst/u_ibex_core/cs_registers_i/u_mepc_csr/rdata_q_reg[30]/D     0.12  -105.93 f  -106.05 (VIOLATED)
   ibex_top_inst/u_ibex_core/cs_registers_i/minstret_counter_i/counter_q_reg[31]/D     0.12  -105.93 f  -106.05 (VIOLATED)
   ibex_top_inst/u_ibex_core/cs_registers_i/minstret_counter_i/counter_q_reg[30]/D     0.12  -105.93 f  -106.05 (VIOLATED)
   ibex_top_inst/u_ibex_core/cs_registers_i/mcycle_counter_i/counter_q_reg[6]/D     0.12  -105.93 f  -106.05 (VIOLATED)
   ibex_top_inst/u_ibex_core/cs_registers_i/mcycle_counter_i/counter_q_reg[3]/D     0.12  -105.93 f  -106.05 (VIOLATED)
   ibex_top_inst/u_ibex_core/cs_registers_i/u_mtvec_csr/rdata_q_reg[18]/D     0.12  -105.93 f  -106.05 (VIOLATED)
   ibex_top_inst/u_ibex_core/cs_registers_i/u_mtvec_csr/rdata_q_reg[23]/D     0.12  -105.93 f  -106.05 (VIOLATED)
   ibex_top_inst/u_ibex_core/cs_registers_i/u_mtvec_csr/rdata_q_reg[19]/D     0.12  -105.93 f  -106.05 (VIOLATED)
   ibex_top_inst/u_ibex_core/cs_registers_i/u_mtvec_csr/rdata_q_reg[21]/D     0.12  -105.93 f  -106.05 (VIOLATED)
   ibex_top_inst/u_ibex_core/cs_registers_i/u_mtvec_csr/rdata_q_reg[25]/D     0.12  -105.93 f  -106.05 (VIOLATED)
   ibex_top_inst/u_ibex_core/cs_registers_i/u_mtvec_csr/rdata_q_reg[26]/D     0.12  -105.93 f  -106.05 (VIOLATED)
   ibex_top_inst/u_ibex_core/cs_registers_i/u_mtvec_csr/rdata_q_reg[22]/D     0.12  -105.93 f  -106.05 (VIOLATED)
   ibex_top_inst/u_ibex_core/cs_registers_i/u_mtvec_csr/rdata_q_reg[20]/D     0.12  -105.93 f  -106.05 (VIOLATED)
   ibex_top_inst/u_ibex_core/cs_registers_i/u_mtvec_csr/rdata_q_reg[24]/D     0.12  -105.93 f  -106.05 (VIOLATED)
   ibex_top_inst/u_ibex_core/cs_registers_i/u_mtvec_csr/rdata_q_reg[27]/D     0.12  -105.93 f  -106.05 (VIOLATED)
   ibex_top_inst/u_ibex_core/cs_registers_i/mcycle_counter_i/counter_q_reg[21]/D     0.12  -105.93 f  -106.05 (VIOLATED)
   ibex_top_inst/u_ibex_core/cs_registers_i/mcycle_counter_i/counter_q_reg[20]/D     0.12  -105.92 f  -106.05 (VIOLATED)
   ibex_top_inst/u_ibex_core/cs_registers_i/u_mcause_csr/rdata_q_reg[6]/D     0.12  -105.92 f  -106.05 (VIOLATED)
   ibex_top_inst/u_ibex_core/cs_registers_i/mcycle_counter_i/counter_q_reg[2]/D     0.12  -105.92 f  -106.05 (VIOLATED)
   ibex_top_inst/u_ibex_core/cs_registers_i/mcycle_counter_i/counter_q_reg[23]/D     0.12  -105.92 f  -106.04 (VIOLATED)
   ibex_top_inst/u_ibex_core/cs_registers_i/u_mcause_csr/rdata_q_reg[2]/D     0.12  -105.92 f  -106.04 (VIOLATED)
   ibex_top_inst/u_ibex_core/cs_registers_i/u_mcause_csr/rdata_q_reg[3]/D     0.12  -105.92 f  -106.04 (VIOLATED)
   ibex_top_inst/u_ibex_core/cs_registers_i/u_mcause_csr/rdata_q_reg[0]/D     0.12  -105.92 f  -106.04 (VIOLATED)
   ibex_top_inst/u_ibex_core/cs_registers_i/u_mcause_csr/rdata_q_reg[1]/D     0.12  -105.92 f  -106.04 (VIOLATED)
   ibex_top_inst/u_ibex_core/cs_registers_i/u_mcause_csr/rdata_q_reg[4]/D     0.12  -105.92 f  -106.04 (VIOLATED)
   ibex_top_inst/u_ibex_core/cs_registers_i/u_mcause_csr/rdata_q_reg[5]/D     0.12  -105.91 f  -106.04 (VIOLATED)
   ibex_top_inst/u_ibex_core/cs_registers_i/minstret_counter_i/counter_q_reg[0]/D     0.12  -105.91 f  -106.03 (VIOLATED)
   ibex_top_inst/u_ibex_core/cs_registers_i/mcycle_counter_i/counter_q_reg[12]/D     0.10  -105.94 r  -106.03 (VIOLATED)
   ibex_top_inst/u_ibex_core/cs_registers_i/minstret_counter_i/counter_q_reg[22]/D     0.10  -105.92 r  -106.02 (VIOLATED)
   ibex_top_inst/u_ibex_core/cs_registers_i/u_mtval_csr/rdata_q_reg[3]/D     0.12  -105.89 f  -106.02 (VIOLATED)
   ibex_top_inst/u_ibex_core/cs_registers_i/u_mtval_csr/rdata_q_reg[4]/D     0.12  -105.89 f  -106.02 (VIOLATED)
   ibex_top_inst/u_ibex_core/cs_registers_i/u_mtval_csr/rdata_q_reg[8]/D     0.12  -105.89 f  -106.02 (VIOLATED)
   ibex_top_inst/u_ibex_core/cs_registers_i/u_mtval_csr/rdata_q_reg[9]/D     0.12  -105.89 f  -106.02 (VIOLATED)
   ibex_top_inst/u_ibex_core/cs_registers_i/u_mtval_csr/rdata_q_reg[12]/D     0.12  -105.89 f  -106.02 (VIOLATED)
   ibex_top_inst/u_ibex_core/cs_registers_i/u_mtval_csr/rdata_q_reg[23]/D     0.12  -105.89 f  -106.02 (VIOLATED)
   ibex_top_inst/u_ibex_core/cs_registers_i/u_mtval_csr/rdata_q_reg[30]/D     0.12  -105.89 f  -106.02 (VIOLATED)
   ibex_top_inst/u_ibex_core/cs_registers_i/u_mtval_csr/rdata_q_reg[19]/D     0.12  -105.89 f  -106.02 (VIOLATED)
   ibex_top_inst/u_ibex_core/cs_registers_i/u_mtval_csr/rdata_q_reg[21]/D     0.12  -105.89 f  -106.02 (VIOLATED)
   ibex_top_inst/u_ibex_core/cs_registers_i/u_mtval_csr/rdata_q_reg[26]/D     0.12  -105.89 f  -106.02 (VIOLATED)
   ibex_top_inst/u_ibex_core/cs_registers_i/u_mtval_csr/rdata_q_reg[7]/D     0.12  -105.89 f  -106.02 (VIOLATED)
   ibex_top_inst/u_ibex_core/cs_registers_i/u_mtval_csr/rdata_q_reg[10]/D     0.12  -105.89 f  -106.02 (VIOLATED)
   ibex_top_inst/u_ibex_core/cs_registers_i/u_mtval_csr/rdata_q_reg[22]/D     0.12  -105.89 f  -106.02 (VIOLATED)
   ibex_top_inst/u_ibex_core/cs_registers_i/u_mtval_csr/rdata_q_reg[1]/D     0.12  -105.89 f  -106.02 (VIOLATED)
   ibex_top_inst/u_ibex_core/cs_registers_i/u_mtval_csr/rdata_q_reg[2]/D     0.12  -105.89 f  -106.02 (VIOLATED)
   ibex_top_inst/u_ibex_core/cs_registers_i/u_mtval_csr/rdata_q_reg[5]/D     0.12  -105.89 f  -106.02 (VIOLATED)
   ibex_top_inst/u_ibex_core/cs_registers_i/u_mtval_csr/rdata_q_reg[6]/D     0.12  -105.89 f  -106.02 (VIOLATED)
   ibex_top_inst/u_ibex_core/cs_registers_i/u_mtval_csr/rdata_q_reg[11]/D     0.12  -105.89 f  -106.02 (VIOLATED)
   ibex_top_inst/u_ibex_core/cs_registers_i/u_mtval_csr/rdata_q_reg[13]/D     0.12  -105.89 f  -106.02 (VIOLATED)
   ibex_top_inst/u_ibex_core/cs_registers_i/u_mtval_csr/rdata_q_reg[14]/D     0.12  -105.89 f  -106.02 (VIOLATED)
   ibex_top_inst/u_ibex_core/cs_registers_i/u_mtval_csr/rdata_q_reg[15]/D     0.12  -105.89 f  -106.02 (VIOLATED)
   ibex_top_inst/u_ibex_core/cs_registers_i/u_mtval_csr/rdata_q_reg[16]/D     0.12  -105.89 f  -106.02 (VIOLATED)
   ibex_top_inst/u_ibex_core/cs_registers_i/u_mtval_csr/rdata_q_reg[17]/D     0.12  -105.89 f  -106.02 (VIOLATED)
   ibex_top_inst/u_ibex_core/cs_registers_i/u_mtval_csr/rdata_q_reg[18]/D     0.12  -105.89 f  -106.02 (VIOLATED)
   ibex_top_inst/u_ibex_core/cs_registers_i/u_mtval_csr/rdata_q_reg[20]/D     0.12  -105.89 f  -106.02 (VIOLATED)
   ibex_top_inst/u_ibex_core/cs_registers_i/u_mtval_csr/rdata_q_reg[24]/D     0.12  -105.89 f  -106.02 (VIOLATED)
   ibex_top_inst/u_ibex_core/cs_registers_i/u_mtval_csr/rdata_q_reg[25]/D     0.12  -105.89 f  -106.02 (VIOLATED)
   ibex_top_inst/u_ibex_core/cs_registers_i/u_mtval_csr/rdata_q_reg[27]/D     0.12  -105.89 f  -106.02 (VIOLATED)
   ibex_top_inst/u_ibex_core/cs_registers_i/u_mtval_csr/rdata_q_reg[28]/D     0.12  -105.89 f  -106.02 (VIOLATED)
   ibex_top_inst/u_ibex_core/cs_registers_i/u_mtval_csr/rdata_q_reg[29]/D     0.12  -105.89 f  -106.02 (VIOLATED)
   ibex_top_inst/u_ibex_core/cs_registers_i/minstret_counter_i/counter_q_reg[14]/D     0.10  -105.92 r  -106.02 (VIOLATED)
   ibex_top_inst/u_ibex_core/cs_registers_i/minstret_counter_i/counter_q_reg[16]/D     0.10  -105.92 r  -106.02 (VIOLATED)
   ibex_top_inst/u_ibex_core/cs_registers_i/minstret_counter_i/counter_q_reg[20]/D     0.10  -105.92 r  -106.02 (VIOLATED)
   ibex_top_inst/u_ibex_core/cs_registers_i/mcycle_counter_i/counter_q_reg[4]/D     0.10  -105.92 r  -106.01 (VIOLATED)
   ibex_top_inst/u_ibex_core/cs_registers_i/minstret_counter_i/counter_q_reg[18]/D     0.10  -105.92 r  -106.01 (VIOLATED)
   ibex_top_inst/u_ibex_core/cs_registers_i/minstret_counter_i/counter_q_reg[21]/D     0.10  -105.92 r  -106.01 (VIOLATED)
   ibex_top_inst/u_ibex_core/cs_registers_i/mcycle_counter_i/counter_q_reg[0]/D     0.10  -105.92 r  -106.01 (VIOLATED)
   ibex_top_inst/u_ibex_core/cs_registers_i/minstret_counter_i/counter_q_reg[40]/D     0.12  -105.89 f  -106.01 (VIOLATED)
   ibex_top_inst/u_ibex_core/cs_registers_i/minstret_counter_i/counter_q_reg[50]/D     0.12  -105.89 f  -106.01 (VIOLATED)
   ibex_top_inst/u_ibex_core/cs_registers_i/minstret_counter_i/counter_q_reg[42]/D     0.12  -105.89 f  -106.01 (VIOLATED)
   ibex_top_inst/u_ibex_core/cs_registers_i/minstret_counter_i/counter_q_reg[57]/D     0.12  -105.89 f  -106.01 (VIOLATED)
   ibex_top_inst/u_ibex_core/cs_registers_i/minstret_counter_i/counter_q_reg[33]/D     0.12  -105.89 f  -106.01 (VIOLATED)
   ibex_top_inst/u_ibex_core/cs_registers_i/minstret_counter_i/counter_q_reg[56]/D     0.12  -105.89 f  -106.01 (VIOLATED)
   ibex_top_inst/u_ibex_core/cs_registers_i/minstret_counter_i/counter_q_reg[32]/D     0.12  -105.89 f  -106.01 (VIOLATED)
   ibex_top_inst/u_ibex_core/cs_registers_i/minstret_counter_i/counter_q_reg[39]/D     0.12  -105.89 f  -106.01 (VIOLATED)
   ibex_top_inst/u_ibex_core/cs_registers_i/minstret_counter_i/counter_q_reg[43]/D     0.12  -105.89 f  -106.01 (VIOLATED)
   ibex_top_inst/u_ibex_core/cs_registers_i/minstret_counter_i/counter_q_reg[49]/D     0.12  -105.89 f  -106.01 (VIOLATED)
   ibex_top_inst/u_ibex_core/cs_registers_i/minstret_counter_i/counter_q_reg[51]/D     0.12  -105.89 f  -106.01 (VIOLATED)
   ibex_top_inst/u_ibex_core/cs_registers_i/minstret_counter_i/counter_q_reg[55]/D     0.12  -105.89 f  -106.01 (VIOLATED)
   ibex_top_inst/u_ibex_core/cs_registers_i/mcycle_counter_i/counter_q_reg[26]/D     0.12  -105.89 f  -106.01 (VIOLATED)
   ibex_top_inst/u_ibex_core/cs_registers_i/mcycle_counter_i/counter_q_reg[16]/D     0.12  -105.89 f  -106.01 (VIOLATED)
   ibex_top_inst/u_ibex_core/cs_registers_i/mcycle_counter_i/counter_q_reg[18]/D     0.12  -105.89 f  -106.01 (VIOLATED)
   ibex_top_inst/u_ibex_core/cs_registers_i/mcycle_counter_i/counter_q_reg[24]/D     0.12  -105.89 f  -106.01 (VIOLATED)
   ibex_top_inst/u_ibex_core/cs_registers_i/mcycle_counter_i/counter_q_reg[28]/D     0.12  -105.89 f  -106.01 (VIOLATED)
   ibex_top_inst/u_ibex_core/cs_registers_i/minstret_counter_i/counter_q_reg[38]/D     0.12  -105.88 f  -106.01 (VIOLATED)
   ibex_top_inst/u_ibex_core/cs_registers_i/minstret_counter_i/counter_q_reg[36]/D     0.12  -105.88 f  -106.01 (VIOLATED)
   ibex_top_inst/u_ibex_core/cs_registers_i/minstret_counter_i/counter_q_reg[44]/D     0.12  -105.88 f  -106.01 (VIOLATED)
   ibex_top_inst/u_ibex_core/cs_registers_i/minstret_counter_i/counter_q_reg[48]/D     0.12  -105.88 f  -106.01 (VIOLATED)
   ibex_top_inst/u_ibex_core/cs_registers_i/minstret_counter_i/counter_q_reg[52]/D     0.12  -105.88 f  -106.01 (VIOLATED)
   ibex_top_inst/u_ibex_core/cs_registers_i/minstret_counter_i/counter_q_reg[54]/D     0.12  -105.88 f  -106.01 (VIOLATED)
   ibex_top_inst/u_ibex_core/cs_registers_i/minstret_counter_i/counter_q_reg[59]/D     0.12  -105.88 f  -106.01 (VIOLATED)
   ibex_top_inst/u_ibex_core/cs_registers_i/minstret_counter_i/counter_q_reg[60]/D     0.12  -105.88 f  -106.01 (VIOLATED)
   ibex_top_inst/u_ibex_core/cs_registers_i/minstret_counter_i/counter_q_reg[34]/D     0.12  -105.88 f  -106.01 (VIOLATED)
   ibex_top_inst/u_ibex_core/cs_registers_i/minstret_counter_i/counter_q_reg[35]/D     0.12  -105.88 f  -106.01 (VIOLATED)
   ibex_top_inst/u_ibex_core/cs_registers_i/minstret_counter_i/counter_q_reg[37]/D     0.12  -105.88 f  -106.01 (VIOLATED)
   ibex_top_inst/u_ibex_core/cs_registers_i/minstret_counter_i/counter_q_reg[41]/D     0.12  -105.88 f  -106.01 (VIOLATED)
   ibex_top_inst/u_ibex_core/cs_registers_i/minstret_counter_i/counter_q_reg[45]/D     0.12  -105.88 f  -106.01 (VIOLATED)
   ibex_top_inst/u_ibex_core/cs_registers_i/minstret_counter_i/counter_q_reg[46]/D     0.12  -105.88 f  -106.01 (VIOLATED)
   ibex_top_inst/u_ibex_core/cs_registers_i/minstret_counter_i/counter_q_reg[47]/D     0.12  -105.88 f  -106.01 (VIOLATED)
   ibex_top_inst/u_ibex_core/cs_registers_i/minstret_counter_i/counter_q_reg[53]/D     0.12  -105.88 f  -106.01 (VIOLATED)
   ibex_top_inst/u_ibex_core/cs_registers_i/minstret_counter_i/counter_q_reg[58]/D     0.12  -105.88 f  -106.01 (VIOLATED)
   ibex_top_inst/u_ibex_core/cs_registers_i/minstret_counter_i/counter_q_reg[61]/D     0.12  -105.88 f  -106.01 (VIOLATED)
   ibex_top_inst/u_ibex_core/cs_registers_i/minstret_counter_i/counter_q_reg[3]/D     0.12  -105.88 f  -106.01 (VIOLATED)
   ibex_top_inst/u_ibex_core/cs_registers_i/minstret_counter_i/counter_q_reg[6]/D     0.12  -105.88 f  -106.01 (VIOLATED)
   ibex_top_inst/u_ibex_core/cs_registers_i/minstret_counter_i/counter_q_reg[7]/D     0.12  -105.88 f  -106.01 (VIOLATED)
   ibex_top_inst/u_ibex_core/cs_registers_i/minstret_counter_i/counter_q_reg[8]/D     0.12  -105.88 f  -106.01 (VIOLATED)
   ibex_top_inst/u_ibex_core/cs_registers_i/minstret_counter_i/counter_q_reg[10]/D     0.12  -105.88 f  -106.01 (VIOLATED)
   ibex_top_inst/u_ibex_core/cs_registers_i/minstret_counter_i/counter_q_reg[19]/D     0.12  -105.88 f  -106.01 (VIOLATED)
   ibex_top_inst/u_ibex_core/cs_registers_i/minstret_counter_i/counter_q_reg[27]/D     0.12  -105.88 f  -106.01 (VIOLATED)
   ibex_top_inst/u_ibex_core/cs_registers_i/minstret_counter_i/counter_q_reg[12]/D     0.12  -105.88 f  -106.01 (VIOLATED)
   ibex_top_inst/u_ibex_core/cs_registers_i/minstret_counter_i/counter_q_reg[24]/D     0.12  -105.88 f  -106.01 (VIOLATED)
   ibex_top_inst/u_ibex_core/cs_registers_i/minstret_counter_i/counter_q_reg[1]/D     0.12  -105.88 f  -106.00 (VIOLATED)
   ibex_top_inst/u_ibex_core/cs_registers_i/minstret_counter_i/counter_q_reg[23]/D     0.12  -105.88 f  -106.00 (VIOLATED)
   ibex_top_inst/u_ibex_core/cs_registers_i/minstret_counter_i/counter_q_reg[11]/D     0.12  -105.88 f  -106.00 (VIOLATED)
   ibex_top_inst/u_ibex_core/cs_registers_i/minstret_counter_i/counter_q_reg[4]/D     0.12  -105.88 f  -106.00 (VIOLATED)
   ibex_top_inst/u_ibex_core/cs_registers_i/minstret_counter_i/counter_q_reg[25]/D     0.12  -105.88 f  -106.00 (VIOLATED)
   ibex_top_inst/u_ibex_core/cs_registers_i/minstret_counter_i/counter_q_reg[26]/D     0.12  -105.88 f  -106.00 (VIOLATED)
   ibex_top_inst/u_ibex_core/cs_registers_i/minstret_counter_i/counter_q_reg[2]/D     0.12  -105.88 f  -106.00 (VIOLATED)
   ibex_top_inst/u_ibex_core/cs_registers_i/minstret_counter_i/counter_q_reg[5]/D     0.12  -105.88 f  -106.00 (VIOLATED)
   ibex_top_inst/u_ibex_core/cs_registers_i/minstret_counter_i/counter_q_reg[9]/D     0.12  -105.88 f  -106.00 (VIOLATED)
   ibex_top_inst/u_ibex_core/cs_registers_i/minstret_counter_i/counter_q_reg[29]/D     0.12  -105.88 f  -106.00 (VIOLATED)
   ibex_top_inst/u_ibex_core/cs_registers_i/minstret_counter_i/counter_q_reg[13]/D     0.12  -105.88 f  -106.00 (VIOLATED)
   ibex_top_inst/u_ibex_core/cs_registers_i/minstret_counter_i/counter_q_reg[15]/D     0.12  -105.88 f  -106.00 (VIOLATED)
   ibex_top_inst/u_ibex_core/cs_registers_i/minstret_counter_i/counter_q_reg[17]/D     0.12  -105.88 f  -106.00 (VIOLATED)
   ibex_top_inst/u_ibex_core/cs_registers_i/minstret_counter_i/counter_q_reg[28]/D     0.12  -105.88 f  -106.00 (VIOLATED)
   ibex_top_inst/u_ibex_core/cs_registers_i/mcycle_counter_i/counter_q_reg[31]/D     0.12  -105.86 f  -105.99 (VIOLATED)
   ibex_top_inst/u_ibex_core/id_stage_i/controller_i/illegal_insn_q_reg/D     0.12   -94.85 f   -94.97 (VIOLATED)
   ibex_top_inst/u_ibex_core/id_stage_i/controller_i/exc_req_q_reg/D     0.12   -94.82 f   -94.95 (VIOLATED)
   ibex_top_inst/u_ibex_core/ex_block_i/gen_multdiv_fast.multdiv_i/md_state_q_reg[0]/D     0.12   -94.71 f   -94.83 (VIOLATED)
   ibex_top_inst/u_ibex_core/load_store_unit_i/ls_fsm_cs_reg[1]/D     0.12   -94.71 f   -94.83 (VIOLATED)
   ibex_top_inst/u_ibex_core/ex_block_i/gen_multdiv_fast.multdiv_i/gen_mult_single_cycle.mult_state_q_reg/D     0.12   -94.70 f   -94.83 (VIOLATED)
   ibex_top_inst/u_ibex_core/id_stage_i/imd_val_q_reg[1][30]/D     0.12   -94.70 f   -94.82 (VIOLATED)
   ibex_top_inst/u_ibex_core/id_stage_i/imd_val_q_reg[1][31]/D     0.12   -94.70 f   -94.82 (VIOLATED)
   ibex_top_inst/u_ibex_core/load_store_unit_i/lsu_err_q_reg/D     0.12   -94.70 f   -94.82 (VIOLATED)
   ibex_top_inst/u_ibex_core/ex_block_i/gen_multdiv_fast.multdiv_i/div_counter_q_reg[1]/D     0.12   -94.69 f   -94.82 (VIOLATED)
   ibex_top_inst/u_ibex_core/ex_block_i/gen_multdiv_fast.multdiv_i/div_counter_q_reg[4]/D     0.12   -94.69 f   -94.82 (VIOLATED)
   ibex_top_inst/u_ibex_core/ex_block_i/gen_multdiv_fast.multdiv_i/div_counter_q_reg[0]/D     0.12   -94.69 f   -94.81 (VIOLATED)
   ibex_top_inst/u_ibex_core/ex_block_i/gen_multdiv_fast.multdiv_i/div_counter_q_reg[2]/D     0.12   -94.69 f   -94.81 (VIOLATED)
   ibex_top_inst/u_ibex_core/ex_block_i/gen_multdiv_fast.multdiv_i/div_counter_q_reg[3]/D     0.12   -94.69 f   -94.81 (VIOLATED)
   ibex_top_inst/u_ibex_core/load_store_unit_i/ls_fsm_cs_reg[0]/D     0.12   -94.67 f   -94.79 (VIOLATED)
   ibex_top_inst/u_ibex_core/load_store_unit_i/data_sign_ext_q_reg/D     0.12   -94.67 f   -94.79 (VIOLATED)
   ibex_top_inst/u_ibex_core/load_store_unit_i/data_type_q_reg[1]/D     0.12   -94.67 f   -94.79 (VIOLATED)
   ibex_top_inst/u_ibex_core/load_store_unit_i/data_we_q_reg/D     0.12   -94.67 f   -94.79 (VIOLATED)
   ibex_top_inst/u_ibex_core/id_stage_i/imd_val_q_reg[0][20]/D     0.12   -94.66 f   -94.78 (VIOLATED)
   ibex_top_inst/u_ibex_core/id_stage_i/imd_val_q_reg[0][22]/D     0.12   -94.66 f   -94.78 (VIOLATED)
   ibex_top_inst/u_ibex_core/id_stage_i/imd_val_q_reg[0][24]/D     0.12   -94.66 f   -94.78 (VIOLATED)
   ibex_top_inst/u_ibex_core/id_stage_i/imd_val_q_reg[0][28]/D     0.12   -94.66 f   -94.78 (VIOLATED)
   ibex_top_inst/u_ibex_core/id_stage_i/imd_val_q_reg[0][30]/D     0.12   -94.66 f   -94.78 (VIOLATED)
   ibex_top_inst/u_ibex_core/id_stage_i/imd_val_q_reg[0][31]/D     0.12   -94.66 f   -94.78 (VIOLATED)
   ibex_top_inst/u_ibex_core/id_stage_i/imd_val_q_reg[0][33]/D     0.12   -94.66 f   -94.78 (VIOLATED)
   ibex_top_inst/u_ibex_core/load_store_unit_i/data_type_q_reg[0]/D     0.12   -94.66 f   -94.78 (VIOLATED)
   ibex_top_inst/u_ibex_core/load_store_unit_i/rdata_offset_q_reg[0]/D     0.12   -94.66 f   -94.78 (VIOLATED)
   ibex_top_inst/u_ibex_core/load_store_unit_i/rdata_offset_q_reg[1]/D     0.12   -94.66 f   -94.78 (VIOLATED)
   ibex_top_inst/u_ibex_core/load_store_unit_i/addr_last_q_reg[2]/D     0.12   -94.66 f   -94.78 (VIOLATED)
   ibex_top_inst/u_ibex_core/load_store_unit_i/addr_last_q_reg[3]/D     0.12   -94.66 f   -94.78 (VIOLATED)
   ibex_top_inst/u_ibex_core/id_stage_i/imd_val_q_reg[1][0]/D     0.12   -94.65 f   -94.77 (VIOLATED)
   ibex_top_inst/u_ibex_core/id_stage_i/imd_val_q_reg[1][1]/D     0.12   -94.65 f   -94.77 (VIOLATED)
   ibex_top_inst/u_ibex_core/id_stage_i/imd_val_q_reg[1][2]/D     0.12   -94.65 f   -94.77 (VIOLATED)
   ibex_top_inst/u_ibex_core/id_stage_i/imd_val_q_reg[1][3]/D     0.12   -94.65 f   -94.77 (VIOLATED)
   ibex_top_inst/u_ibex_core/id_stage_i/imd_val_q_reg[1][4]/D     0.12   -94.65 f   -94.77 (VIOLATED)
   ibex_top_inst/u_ibex_core/id_stage_i/imd_val_q_reg[1][5]/D     0.12   -94.65 f   -94.77 (VIOLATED)
   ibex_top_inst/u_ibex_core/id_stage_i/imd_val_q_reg[1][6]/D     0.12   -94.65 f   -94.77 (VIOLATED)
   ibex_top_inst/u_ibex_core/id_stage_i/imd_val_q_reg[1][7]/D     0.12   -94.65 f   -94.77 (VIOLATED)
   ibex_top_inst/u_ibex_core/id_stage_i/imd_val_q_reg[1][8]/D     0.12   -94.65 f   -94.77 (VIOLATED)
   ibex_top_inst/u_ibex_core/id_stage_i/imd_val_q_reg[1][9]/D     0.12   -94.65 f   -94.77 (VIOLATED)
   ibex_top_inst/u_ibex_core/id_stage_i/imd_val_q_reg[1][10]/D     0.12   -94.65 f   -94.77 (VIOLATED)
   ibex_top_inst/u_ibex_core/id_stage_i/imd_val_q_reg[1][11]/D     0.12   -94.65 f   -94.77 (VIOLATED)
   ibex_top_inst/u_ibex_core/id_stage_i/imd_val_q_reg[1][12]/D     0.12   -94.65 f   -94.77 (VIOLATED)
   ibex_top_inst/u_ibex_core/id_stage_i/imd_val_q_reg[1][13]/D     0.12   -94.65 f   -94.77 (VIOLATED)
   ibex_top_inst/u_ibex_core/id_stage_i/imd_val_q_reg[1][14]/D     0.12   -94.65 f   -94.77 (VIOLATED)
   ibex_top_inst/u_ibex_core/id_stage_i/imd_val_q_reg[1][15]/D     0.12   -94.65 f   -94.77 (VIOLATED)
   ibex_top_inst/u_ibex_core/id_stage_i/imd_val_q_reg[1][16]/D     0.12   -94.65 f   -94.77 (VIOLATED)
   ibex_top_inst/u_ibex_core/id_stage_i/imd_val_q_reg[1][17]/D     0.12   -94.65 f   -94.77 (VIOLATED)
   ibex_top_inst/u_ibex_core/id_stage_i/imd_val_q_reg[1][18]/D     0.12   -94.65 f   -94.77 (VIOLATED)
   ibex_top_inst/u_ibex_core/id_stage_i/imd_val_q_reg[1][19]/D     0.12   -94.65 f   -94.77 (VIOLATED)
   ibex_top_inst/u_ibex_core/id_stage_i/imd_val_q_reg[1][20]/D     0.12   -94.65 f   -94.77 (VIOLATED)
   ibex_top_inst/u_ibex_core/id_stage_i/imd_val_q_reg[1][21]/D     0.12   -94.65 f   -94.77 (VIOLATED)
   ibex_top_inst/u_ibex_core/id_stage_i/imd_val_q_reg[1][22]/D     0.12   -94.65 f   -94.77 (VIOLATED)
   ibex_top_inst/u_ibex_core/id_stage_i/imd_val_q_reg[1][23]/D     0.12   -94.65 f   -94.77 (VIOLATED)
   ibex_top_inst/u_ibex_core/id_stage_i/imd_val_q_reg[1][24]/D     0.12   -94.65 f   -94.77 (VIOLATED)
   ibex_top_inst/u_ibex_core/id_stage_i/imd_val_q_reg[1][25]/D     0.12   -94.65 f   -94.77 (VIOLATED)
   ibex_top_inst/u_ibex_core/id_stage_i/imd_val_q_reg[1][26]/D     0.12   -94.65 f   -94.77 (VIOLATED)
   ibex_top_inst/u_ibex_core/id_stage_i/imd_val_q_reg[1][27]/D     0.12   -94.65 f   -94.77 (VIOLATED)
   ibex_top_inst/u_ibex_core/id_stage_i/imd_val_q_reg[1][28]/D     0.12   -94.65 f   -94.77 (VIOLATED)
   ibex_top_inst/u_ibex_core/id_stage_i/imd_val_q_reg[1][29]/D     0.12   -94.65 f   -94.77 (VIOLATED)
   ibex_top_inst/u_ibex_core/if_stage_i/gen_prefetch_buffer.prefetch_buffer_i/discard_req_q_reg/D     0.12   -94.64 f   -94.77 (VIOLATED)
   ibex_top_inst/u_ibex_core/ex_block_i/gen_multdiv_fast.multdiv_i/md_state_q_reg[1]/D     0.12   -94.64 f   -94.77 (VIOLATED)
   ibex_top_inst/u_ibex_core/ex_block_i/gen_multdiv_fast.multdiv_i/op_quotient_q_reg[2]/D     0.10   -94.66 r   -94.76 (VIOLATED)
   ibex_top_inst/u_ibex_core/ex_block_i/gen_multdiv_fast.multdiv_i/op_quotient_q_reg[4]/D     0.10   -94.66 r   -94.76 (VIOLATED)
   ibex_top_inst/u_ibex_core/ex_block_i/gen_multdiv_fast.multdiv_i/op_quotient_q_reg[20]/D     0.10   -94.66 r   -94.76 (VIOLATED)
   ibex_top_inst/u_ibex_core/ex_block_i/gen_multdiv_fast.multdiv_i/op_quotient_q_reg[24]/D     0.10   -94.66 r   -94.76 (VIOLATED)
   ibex_top_inst/u_ibex_core/ex_block_i/gen_multdiv_fast.multdiv_i/op_quotient_q_reg[26]/D     0.10   -94.66 r   -94.76 (VIOLATED)
   ibex_top_inst/u_ibex_core/ex_block_i/gen_multdiv_fast.multdiv_i/op_quotient_q_reg[27]/D     0.10   -94.66 r   -94.76 (VIOLATED)
   ibex_top_inst/u_ibex_core/ex_block_i/gen_multdiv_fast.multdiv_i/op_quotient_q_reg[31]/D     0.10   -94.66 r   -94.76 (VIOLATED)
   ibex_top_inst/u_ibex_core/ex_block_i/gen_multdiv_fast.multdiv_i/div_by_zero_q_reg/D     0.12   -94.63 f   -94.75 (VIOLATED)
   ibex_top_inst/u_ibex_core/ex_block_i/gen_multdiv_fast.multdiv_i/md_state_q_reg[2]/D     0.12   -94.62 f   -94.75 (VIOLATED)
   ibex_top_inst/u_ibex_core/load_store_unit_i/handle_misaligned_q_reg/D     0.12   -94.62 f   -94.74 (VIOLATED)
   ibex_top_inst/u_ibex_core/if_stage_i/gen_prefetch_buffer.prefetch_buffer_i/stored_addr_q_reg[28]/D     0.12   -94.62 f   -94.74 (VIOLATED)
   ibex_top_inst/u_ibex_core/ex_block_i/gen_multdiv_fast.multdiv_i/op_quotient_q_reg[6]/D     0.10   -94.64 r   -94.74 (VIOLATED)
   ibex_top_inst/u_ibex_core/ex_block_i/gen_multdiv_fast.multdiv_i/op_quotient_q_reg[10]/D     0.10   -94.64 r   -94.74 (VIOLATED)
   ibex_top_inst/u_ibex_core/ex_block_i/gen_multdiv_fast.multdiv_i/op_quotient_q_reg[13]/D     0.10   -94.64 r   -94.74 (VIOLATED)
   ibex_top_inst/u_ibex_core/ex_block_i/gen_multdiv_fast.multdiv_i/op_quotient_q_reg[21]/D     0.10   -94.64 r   -94.74 (VIOLATED)
   ibex_top_inst/u_ibex_core/id_stage_i/imd_val_q_reg[0][21]/D     0.12   -94.61 f   -94.73 (VIOLATED)
   ibex_top_inst/u_ibex_core/id_stage_i/imd_val_q_reg[0][23]/D     0.12   -94.61 f   -94.73 (VIOLATED)
   ibex_top_inst/u_ibex_core/id_stage_i/imd_val_q_reg[0][25]/D     0.12   -94.61 f   -94.73 (VIOLATED)
   ibex_top_inst/u_ibex_core/id_stage_i/imd_val_q_reg[0][26]/D     0.12   -94.61 f   -94.73 (VIOLATED)
   ibex_top_inst/u_ibex_core/id_stage_i/imd_val_q_reg[0][27]/D     0.12   -94.61 f   -94.73 (VIOLATED)
   ibex_top_inst/u_ibex_core/id_stage_i/imd_val_q_reg[0][29]/D     0.12   -94.61 f   -94.73 (VIOLATED)
   ibex_top_inst/u_ibex_core/id_stage_i/imd_val_q_reg[0][32]/D     0.12   -94.61 f   -94.73 (VIOLATED)
   ibex_top_inst/u_ibex_core/ex_block_i/gen_multdiv_fast.multdiv_i/op_quotient_q_reg[0]/D     0.10   -94.63 r   -94.73 (VIOLATED)
   ibex_top_inst/u_ibex_core/ex_block_i/gen_multdiv_fast.multdiv_i/op_quotient_q_reg[5]/D     0.10   -94.63 r   -94.73 (VIOLATED)
   ibex_top_inst/u_ibex_core/ex_block_i/gen_multdiv_fast.multdiv_i/op_quotient_q_reg[7]/D     0.10   -94.63 r   -94.73 (VIOLATED)
   ibex_top_inst/u_ibex_core/ex_block_i/gen_multdiv_fast.multdiv_i/op_quotient_q_reg[8]/D     0.10   -94.63 r   -94.73 (VIOLATED)
   ibex_top_inst/u_ibex_core/ex_block_i/gen_multdiv_fast.multdiv_i/op_quotient_q_reg[9]/D     0.10   -94.63 r   -94.73 (VIOLATED)
   ibex_top_inst/u_ibex_core/ex_block_i/gen_multdiv_fast.multdiv_i/op_quotient_q_reg[11]/D     0.10   -94.63 r   -94.73 (VIOLATED)
   ibex_top_inst/u_ibex_core/ex_block_i/gen_multdiv_fast.multdiv_i/op_quotient_q_reg[14]/D     0.10   -94.63 r   -94.73 (VIOLATED)
   ibex_top_inst/u_ibex_core/ex_block_i/gen_multdiv_fast.multdiv_i/op_quotient_q_reg[15]/D     0.10   -94.63 r   -94.73 (VIOLATED)
   ibex_top_inst/u_ibex_core/ex_block_i/gen_multdiv_fast.multdiv_i/op_quotient_q_reg[16]/D     0.10   -94.63 r   -94.73 (VIOLATED)
   ibex_top_inst/u_ibex_core/ex_block_i/gen_multdiv_fast.multdiv_i/op_quotient_q_reg[17]/D     0.10   -94.63 r   -94.73 (VIOLATED)
   ibex_top_inst/u_ibex_core/ex_block_i/gen_multdiv_fast.multdiv_i/op_quotient_q_reg[18]/D     0.10   -94.63 r   -94.73 (VIOLATED)
   ibex_top_inst/u_ibex_core/ex_block_i/gen_multdiv_fast.multdiv_i/op_quotient_q_reg[19]/D     0.10   -94.63 r   -94.73 (VIOLATED)
   ibex_top_inst/u_ibex_core/ex_block_i/gen_multdiv_fast.multdiv_i/op_quotient_q_reg[22]/D     0.10   -94.63 r   -94.73 (VIOLATED)
   ibex_top_inst/u_ibex_core/ex_block_i/gen_multdiv_fast.multdiv_i/op_quotient_q_reg[23]/D     0.10   -94.63 r   -94.73 (VIOLATED)
   ibex_top_inst/u_ibex_core/ex_block_i/gen_multdiv_fast.multdiv_i/op_quotient_q_reg[28]/D     0.10   -94.63 r   -94.73 (VIOLATED)
   ibex_top_inst/u_ibex_core/load_store_unit_i/addr_last_q_reg[0]/D     0.12   -94.61 f   -94.73 (VIOLATED)
   ibex_top_inst/u_ibex_core/load_store_unit_i/addr_last_q_reg[1]/D     0.12   -94.61 f   -94.73 (VIOLATED)
   ibex_top_inst/u_ibex_core/load_store_unit_i/addr_last_q_reg[4]/D     0.12   -94.61 f   -94.73 (VIOLATED)
   ibex_top_inst/u_ibex_core/load_store_unit_i/addr_last_q_reg[5]/D     0.12   -94.61 f   -94.73 (VIOLATED)
   ibex_top_inst/u_ibex_core/load_store_unit_i/addr_last_q_reg[6]/D     0.12   -94.61 f   -94.73 (VIOLATED)
   ibex_top_inst/u_ibex_core/load_store_unit_i/addr_last_q_reg[7]/D     0.12   -94.61 f   -94.73 (VIOLATED)
   ibex_top_inst/u_ibex_core/load_store_unit_i/addr_last_q_reg[8]/D     0.12   -94.61 f   -94.73 (VIOLATED)
   ibex_top_inst/u_ibex_core/load_store_unit_i/addr_last_q_reg[9]/D     0.12   -94.61 f   -94.73 (VIOLATED)
   ibex_top_inst/u_ibex_core/load_store_unit_i/addr_last_q_reg[10]/D     0.12   -94.61 f   -94.73 (VIOLATED)
   ibex_top_inst/u_ibex_core/load_store_unit_i/addr_last_q_reg[11]/D     0.12   -94.61 f   -94.73 (VIOLATED)
   ibex_top_inst/u_ibex_core/load_store_unit_i/addr_last_q_reg[12]/D     0.12   -94.61 f   -94.73 (VIOLATED)
   ibex_top_inst/u_ibex_core/load_store_unit_i/addr_last_q_reg[13]/D     0.12   -94.61 f   -94.73 (VIOLATED)
   ibex_top_inst/u_ibex_core/load_store_unit_i/addr_last_q_reg[14]/D     0.12   -94.61 f   -94.73 (VIOLATED)
   ibex_top_inst/u_ibex_core/load_store_unit_i/addr_last_q_reg[15]/D     0.12   -94.61 f   -94.73 (VIOLATED)
   ibex_top_inst/u_ibex_core/load_store_unit_i/addr_last_q_reg[16]/D     0.12   -94.61 f   -94.73 (VIOLATED)
   ibex_top_inst/u_ibex_core/load_store_unit_i/addr_last_q_reg[17]/D     0.12   -94.61 f   -94.73 (VIOLATED)
   ibex_top_inst/u_ibex_core/load_store_unit_i/addr_last_q_reg[18]/D     0.12   -94.61 f   -94.73 (VIOLATED)
   ibex_top_inst/u_ibex_core/load_store_unit_i/addr_last_q_reg[19]/D     0.12   -94.61 f   -94.73 (VIOLATED)
   ibex_top_inst/u_ibex_core/load_store_unit_i/addr_last_q_reg[20]/D     0.12   -94.61 f   -94.73 (VIOLATED)
   ibex_top_inst/u_ibex_core/load_store_unit_i/addr_last_q_reg[21]/D     0.12   -94.61 f   -94.73 (VIOLATED)
   ibex_top_inst/u_ibex_core/load_store_unit_i/addr_last_q_reg[22]/D     0.12   -94.61 f   -94.73 (VIOLATED)
   ibex_top_inst/u_ibex_core/load_store_unit_i/addr_last_q_reg[23]/D     0.12   -94.61 f   -94.73 (VIOLATED)
   ibex_top_inst/u_ibex_core/load_store_unit_i/addr_last_q_reg[24]/D     0.12   -94.61 f   -94.73 (VIOLATED)
   ibex_top_inst/u_ibex_core/load_store_unit_i/addr_last_q_reg[25]/D     0.12   -94.61 f   -94.73 (VIOLATED)
   ibex_top_inst/u_ibex_core/load_store_unit_i/addr_last_q_reg[26]/D     0.12   -94.61 f   -94.73 (VIOLATED)
   ibex_top_inst/u_ibex_core/load_store_unit_i/addr_last_q_reg[27]/D     0.12   -94.61 f   -94.73 (VIOLATED)
   ibex_top_inst/u_ibex_core/load_store_unit_i/addr_last_q_reg[28]/D     0.12   -94.61 f   -94.73 (VIOLATED)
   ibex_top_inst/u_ibex_core/load_store_unit_i/addr_last_q_reg[29]/D     0.12   -94.61 f   -94.73 (VIOLATED)
   ibex_top_inst/u_ibex_core/load_store_unit_i/addr_last_q_reg[30]/D     0.12   -94.61 f   -94.73 (VIOLATED)
   ibex_top_inst/u_ibex_core/load_store_unit_i/addr_last_q_reg[31]/D     0.12   -94.61 f   -94.73 (VIOLATED)
   ibex_top_inst/u_ibex_core/ex_block_i/gen_multdiv_fast.multdiv_i/op_numerator_q_reg[1]/D     0.12   -94.61 f   -94.73 (VIOLATED)
   ibex_top_inst/u_ibex_core/ex_block_i/gen_multdiv_fast.multdiv_i/op_numerator_q_reg[0]/D     0.12   -94.61 f   -94.73 (VIOLATED)
   ibex_top_inst/u_ibex_core/if_stage_i/gen_prefetch_buffer.prefetch_buffer_i/branch_discard_q_reg[0]/D     0.12   -94.61 f   -94.73 (VIOLATED)
   ibex_top_inst/u_ibex_core/ex_block_i/gen_multdiv_fast.multdiv_i/op_quotient_q_reg[12]/D     0.12   -94.60 f   -94.73 (VIOLATED)
   ibex_top_inst/u_ibex_core/ex_block_i/gen_multdiv_fast.multdiv_i/op_quotient_q_reg[25]/D     0.12   -94.60 f   -94.73 (VIOLATED)
   ibex_top_inst/u_ibex_core/ex_block_i/gen_multdiv_fast.multdiv_i/op_numerator_q_reg[31]/D     0.12   -94.60 f   -94.73 (VIOLATED)
   ibex_top_inst/u_ibex_core/ex_block_i/gen_multdiv_fast.multdiv_i/op_numerator_q_reg[23]/D     0.12   -94.60 f   -94.73 (VIOLATED)
   ibex_top_inst/u_ibex_core/ex_block_i/gen_multdiv_fast.multdiv_i/op_numerator_q_reg[25]/D     0.12   -94.60 f   -94.73 (VIOLATED)
   ibex_top_inst/u_ibex_core/ex_block_i/gen_multdiv_fast.multdiv_i/op_numerator_q_reg[27]/D     0.12   -94.60 f   -94.73 (VIOLATED)
   ibex_top_inst/u_ibex_core/ex_block_i/gen_multdiv_fast.multdiv_i/op_numerator_q_reg[29]/D     0.12   -94.60 f   -94.73 (VIOLATED)
   ibex_top_inst/u_ibex_core/if_stage_i/gen_prefetch_buffer.prefetch_buffer_i/branch_discard_q_reg[1]/D     0.12   -94.60 f   -94.72 (VIOLATED)
   ibex_top_inst/u_ibex_core/ex_block_i/gen_multdiv_fast.multdiv_i/op_numerator_q_reg[12]/D     0.10   -94.62 r   -94.72 (VIOLATED)
   ibex_top_inst/u_ibex_core/ex_block_i/gen_multdiv_fast.multdiv_i/op_numerator_q_reg[13]/D     0.10   -94.62 r   -94.72 (VIOLATED)
   ibex_top_inst/u_ibex_core/ex_block_i/gen_multdiv_fast.multdiv_i/op_numerator_q_reg[14]/D     0.10   -94.62 r   -94.72 (VIOLATED)
   ibex_top_inst/u_ibex_core/ex_block_i/gen_multdiv_fast.multdiv_i/op_numerator_q_reg[15]/D     0.10   -94.62 r   -94.72 (VIOLATED)
   ibex_top_inst/u_ibex_core/ex_block_i/gen_multdiv_fast.multdiv_i/op_numerator_q_reg[16]/D     0.10   -94.62 r   -94.72 (VIOLATED)
   ibex_top_inst/u_ibex_core/ex_block_i/gen_multdiv_fast.multdiv_i/op_numerator_q_reg[17]/D     0.10   -94.62 r   -94.72 (VIOLATED)
   ibex_top_inst/u_ibex_core/ex_block_i/gen_multdiv_fast.multdiv_i/op_numerator_q_reg[18]/D     0.10   -94.62 r   -94.72 (VIOLATED)
   ibex_top_inst/u_ibex_core/ex_block_i/gen_multdiv_fast.multdiv_i/op_numerator_q_reg[19]/D     0.10   -94.62 r   -94.72 (VIOLATED)
   ibex_top_inst/u_ibex_core/ex_block_i/gen_multdiv_fast.multdiv_i/op_numerator_q_reg[20]/D     0.10   -94.62 r   -94.72 (VIOLATED)
   ibex_top_inst/u_ibex_core/ex_block_i/gen_multdiv_fast.multdiv_i/op_numerator_q_reg[21]/D     0.10   -94.62 r   -94.72 (VIOLATED)
   ibex_top_inst/u_ibex_core/ex_block_i/gen_multdiv_fast.multdiv_i/op_numerator_q_reg[22]/D     0.10   -94.62 r   -94.72 (VIOLATED)
   ibex_top_inst/u_ibex_core/ex_block_i/gen_multdiv_fast.multdiv_i/op_numerator_q_reg[24]/D     0.10   -94.62 r   -94.72 (VIOLATED)
   ibex_top_inst/u_ibex_core/ex_block_i/gen_multdiv_fast.multdiv_i/op_numerator_q_reg[26]/D     0.10   -94.62 r   -94.72 (VIOLATED)
   ibex_top_inst/u_ibex_core/ex_block_i/gen_multdiv_fast.multdiv_i/op_numerator_q_reg[28]/D     0.10   -94.62 r   -94.72 (VIOLATED)
   ibex_top_inst/u_ibex_core/ex_block_i/gen_multdiv_fast.multdiv_i/op_numerator_q_reg[30]/D     0.10   -94.62 r   -94.72 (VIOLATED)
   ibex_top_inst/u_ibex_core/ex_block_i/gen_multdiv_fast.multdiv_i/op_numerator_q_reg[2]/D     0.10   -94.62 r   -94.72 (VIOLATED)
   ibex_top_inst/u_ibex_core/ex_block_i/gen_multdiv_fast.multdiv_i/op_numerator_q_reg[3]/D     0.10   -94.62 r   -94.72 (VIOLATED)
   ibex_top_inst/u_ibex_core/ex_block_i/gen_multdiv_fast.multdiv_i/op_numerator_q_reg[4]/D     0.10   -94.62 r   -94.72 (VIOLATED)
   ibex_top_inst/u_ibex_core/ex_block_i/gen_multdiv_fast.multdiv_i/op_numerator_q_reg[5]/D     0.10   -94.62 r   -94.72 (VIOLATED)
   ibex_top_inst/u_ibex_core/ex_block_i/gen_multdiv_fast.multdiv_i/op_numerator_q_reg[6]/D     0.10   -94.62 r   -94.72 (VIOLATED)
   ibex_top_inst/u_ibex_core/ex_block_i/gen_multdiv_fast.multdiv_i/op_numerator_q_reg[7]/D     0.10   -94.62 r   -94.72 (VIOLATED)
   ibex_top_inst/u_ibex_core/ex_block_i/gen_multdiv_fast.multdiv_i/op_numerator_q_reg[8]/D     0.10   -94.62 r   -94.72 (VIOLATED)
   ibex_top_inst/u_ibex_core/ex_block_i/gen_multdiv_fast.multdiv_i/op_numerator_q_reg[9]/D     0.10   -94.62 r   -94.72 (VIOLATED)
   ibex_top_inst/u_ibex_core/ex_block_i/gen_multdiv_fast.multdiv_i/op_numerator_q_reg[10]/D     0.10   -94.62 r   -94.72 (VIOLATED)
   ibex_top_inst/u_ibex_core/ex_block_i/gen_multdiv_fast.multdiv_i/op_numerator_q_reg[11]/D     0.10   -94.62 r   -94.72 (VIOLATED)
   ibex_top_inst/u_ibex_core/ex_block_i/gen_multdiv_fast.multdiv_i/op_quotient_q_reg[1]/D     0.10   -94.62 r   -94.72 (VIOLATED)
   ibex_top_inst/u_ibex_core/ex_block_i/gen_multdiv_fast.multdiv_i/op_quotient_q_reg[3]/D     0.10   -94.62 r   -94.72 (VIOLATED)
   ibex_top_inst/u_ibex_core/ex_block_i/gen_multdiv_fast.multdiv_i/op_quotient_q_reg[29]/D     0.10   -94.62 r   -94.72 (VIOLATED)
   ibex_top_inst/u_ibex_core/ex_block_i/gen_multdiv_fast.multdiv_i/op_quotient_q_reg[30]/D     0.10   -94.62 r   -94.72 (VIOLATED)
   ibex_top_inst/u_ibex_core/id_stage_i/imd_val_q_reg[0][0]/D     0.12   -94.56 f   -94.68 (VIOLATED)
   ibex_top_inst/u_ibex_core/id_stage_i/imd_val_q_reg[0][1]/D     0.12   -94.56 f   -94.68 (VIOLATED)
   ibex_top_inst/u_ibex_core/id_stage_i/imd_val_q_reg[0][2]/D     0.12   -94.56 f   -94.68 (VIOLATED)
   ibex_top_inst/u_ibex_core/id_stage_i/imd_val_q_reg[0][3]/D     0.12   -94.56 f   -94.68 (VIOLATED)
   ibex_top_inst/u_ibex_core/id_stage_i/imd_val_q_reg[0][4]/D     0.12   -94.56 f   -94.68 (VIOLATED)
   ibex_top_inst/u_ibex_core/id_stage_i/imd_val_q_reg[0][5]/D     0.12   -94.56 f   -94.68 (VIOLATED)
   ibex_top_inst/u_ibex_core/id_stage_i/imd_val_q_reg[0][6]/D     0.12   -94.56 f   -94.68 (VIOLATED)
   ibex_top_inst/u_ibex_core/id_stage_i/imd_val_q_reg[0][7]/D     0.12   -94.56 f   -94.68 (VIOLATED)
   ibex_top_inst/u_ibex_core/id_stage_i/imd_val_q_reg[0][8]/D     0.12   -94.56 f   -94.68 (VIOLATED)
   ibex_top_inst/u_ibex_core/id_stage_i/imd_val_q_reg[0][9]/D     0.12   -94.56 f   -94.68 (VIOLATED)
   ibex_top_inst/u_ibex_core/id_stage_i/imd_val_q_reg[0][10]/D     0.12   -94.56 f   -94.68 (VIOLATED)
   ibex_top_inst/u_ibex_core/id_stage_i/imd_val_q_reg[0][11]/D     0.12   -94.56 f   -94.68 (VIOLATED)
   ibex_top_inst/u_ibex_core/id_stage_i/imd_val_q_reg[0][12]/D     0.12   -94.56 f   -94.68 (VIOLATED)
   ibex_top_inst/u_ibex_core/id_stage_i/imd_val_q_reg[0][13]/D     0.12   -94.56 f   -94.68 (VIOLATED)
   ibex_top_inst/u_ibex_core/id_stage_i/imd_val_q_reg[0][14]/D     0.12   -94.56 f   -94.68 (VIOLATED)
   ibex_top_inst/u_ibex_core/id_stage_i/imd_val_q_reg[0][15]/D     0.12   -94.56 f   -94.68 (VIOLATED)
   ibex_top_inst/u_ibex_core/id_stage_i/imd_val_q_reg[0][16]/D     0.12   -94.56 f   -94.68 (VIOLATED)
   ibex_top_inst/u_ibex_core/id_stage_i/imd_val_q_reg[0][17]/D     0.12   -94.56 f   -94.68 (VIOLATED)
   ibex_top_inst/u_ibex_core/id_stage_i/imd_val_q_reg[0][18]/D     0.12   -94.56 f   -94.68 (VIOLATED)
   ibex_top_inst/u_ibex_core/id_stage_i/imd_val_q_reg[0][19]/D     0.12   -94.56 f   -94.68 (VIOLATED)
   ibex_top_inst/u_ibex_core/if_stage_i/gen_prefetch_buffer.prefetch_buffer_i/stored_addr_q_reg[29]/D     0.12   -94.56 r   -94.68 (VIOLATED)
   ibex_top_inst/u_ibex_core/if_stage_i/gen_prefetch_buffer.prefetch_buffer_i/stored_addr_q_reg[23]/D     0.09   -94.58 f   -94.68 (VIOLATED)
   ibex_top_inst/u_ibex_core/if_stage_i/gen_prefetch_buffer.prefetch_buffer_i/fetch_addr_q_reg[3]/D     0.12   -94.55 r   -94.67 (VIOLATED)
   ibex_top_inst/u_ibex_core/if_stage_i/gen_prefetch_buffer.prefetch_buffer_i/stored_addr_q_reg[3]/D     0.09   -94.56 f   -94.66 (VIOLATED)
   ibex_top_inst/u_ibex_core/if_stage_i/gen_prefetch_buffer.prefetch_buffer_i/fetch_addr_q_reg[4]/D     0.12   -94.53 r   -94.65 (VIOLATED)
   ibex_top_inst/u_ibex_core/if_stage_i/gen_prefetch_buffer.prefetch_buffer_i/stored_addr_q_reg[31]/D     0.12   -94.53 r   -94.65 (VIOLATED)
   ibex_top_inst/u_ibex_core/if_stage_i/gen_prefetch_buffer.prefetch_buffer_i/stored_addr_q_reg[27]/D     0.12   -94.53 r   -94.65 (VIOLATED)
   ibex_top_inst/u_ibex_core/if_stage_i/gen_prefetch_buffer.prefetch_buffer_i/stored_addr_q_reg[30]/D     0.12   -94.53 r   -94.65 (VIOLATED)
   ibex_top_inst/u_ibex_core/if_stage_i/gen_prefetch_buffer.prefetch_buffer_i/stored_addr_q_reg[26]/D     0.12   -94.53 r   -94.65 (VIOLATED)
   ibex_top_inst/u_ibex_core/if_stage_i/gen_prefetch_buffer.prefetch_buffer_i/stored_addr_q_reg[2]/D     0.12   -94.53 r   -94.65 (VIOLATED)
   ibex_top_inst/u_ibex_core/if_stage_i/gen_prefetch_buffer.prefetch_buffer_i/stored_addr_q_reg[9]/D     0.12   -94.53 r   -94.64 (VIOLATED)
   ibex_top_inst/u_ibex_core/if_stage_i/gen_prefetch_buffer.prefetch_buffer_i/stored_addr_q_reg[10]/D     0.12   -94.53 r   -94.64 (VIOLATED)
   ibex_top_inst/u_ibex_core/if_stage_i/gen_prefetch_buffer.prefetch_buffer_i/fetch_addr_q_reg[2]/D     0.12   -94.52 r   -94.64 (VIOLATED)
   ibex_top_inst/u_ibex_core/if_stage_i/gen_prefetch_buffer.prefetch_buffer_i/stored_addr_q_reg[8]/D     0.12   -94.52 r   -94.63 (VIOLATED)
   ibex_top_inst/u_ibex_core/if_stage_i/gen_prefetch_buffer.prefetch_buffer_i/stored_addr_q_reg[24]/D     0.12   -94.51 r   -94.62 (VIOLATED)
   ibex_top_inst/u_ibex_core/if_stage_i/gen_prefetch_buffer.prefetch_buffer_i/stored_addr_q_reg[25]/D     0.12   -94.51 r   -94.62 (VIOLATED)
   ibex_top_inst/u_ibex_core/if_stage_i/gen_prefetch_buffer.prefetch_buffer_i/rdata_outstanding_q_reg[0]/D     0.12   -94.50 f   -94.62 (VIOLATED)
   ibex_top_inst/u_ibex_core/if_stage_i/gen_prefetch_buffer.prefetch_buffer_i/stored_addr_q_reg[4]/D     0.12   -94.51 r   -94.62 (VIOLATED)
   ibex_top_inst/u_ibex_core/if_stage_i/gen_prefetch_buffer.prefetch_buffer_i/stored_addr_q_reg[5]/D     0.12   -94.51 r   -94.62 (VIOLATED)
   ibex_top_inst/u_ibex_core/if_stage_i/gen_prefetch_buffer.prefetch_buffer_i/stored_addr_q_reg[6]/D     0.12   -94.51 r   -94.62 (VIOLATED)
   ibex_top_inst/u_ibex_core/if_stage_i/gen_prefetch_buffer.prefetch_buffer_i/stored_addr_q_reg[11]/D     0.12   -94.51 r   -94.62 (VIOLATED)
   ibex_top_inst/u_ibex_core/if_stage_i/gen_prefetch_buffer.prefetch_buffer_i/stored_addr_q_reg[12]/D     0.12   -94.51 r   -94.62 (VIOLATED)
   ibex_top_inst/u_ibex_core/if_stage_i/gen_prefetch_buffer.prefetch_buffer_i/stored_addr_q_reg[13]/D     0.12   -94.51 r   -94.62 (VIOLATED)
   ibex_top_inst/u_ibex_core/if_stage_i/gen_prefetch_buffer.prefetch_buffer_i/valid_req_q_reg/D     0.12   -94.50 f   -94.62 (VIOLATED)
   ibex_top_inst/u_ibex_core/if_stage_i/gen_prefetch_buffer.prefetch_buffer_i/fetch_addr_q_reg[5]/D     0.12   -94.50 r   -94.62 (VIOLATED)
   ibex_top_inst/u_ibex_core/if_stage_i/gen_prefetch_buffer.prefetch_buffer_i/stored_addr_q_reg[16]/D     0.09   -94.52 f   -94.62 (VIOLATED)
   ibex_top_inst/u_ibex_core/if_stage_i/gen_prefetch_buffer.prefetch_buffer_i/stored_addr_q_reg[14]/D     0.12   -94.50 r   -94.62 (VIOLATED)
   ibex_top_inst/u_ibex_core/if_stage_i/gen_prefetch_buffer.prefetch_buffer_i/stored_addr_q_reg[15]/D     0.12   -94.50 r   -94.62 (VIOLATED)
   ibex_top_inst/u_ibex_core/if_stage_i/gen_prefetch_buffer.prefetch_buffer_i/stored_addr_q_reg[17]/D     0.12   -94.50 r   -94.62 (VIOLATED)
   ibex_top_inst/u_ibex_core/if_stage_i/gen_prefetch_buffer.prefetch_buffer_i/stored_addr_q_reg[18]/D     0.12   -94.50 r   -94.62 (VIOLATED)
   ibex_top_inst/u_ibex_core/if_stage_i/gen_prefetch_buffer.prefetch_buffer_i/stored_addr_q_reg[19]/D     0.12   -94.50 r   -94.62 (VIOLATED)
   ibex_top_inst/u_ibex_core/if_stage_i/gen_prefetch_buffer.prefetch_buffer_i/stored_addr_q_reg[20]/D     0.12   -94.50 r   -94.62 (VIOLATED)
   ibex_top_inst/u_ibex_core/if_stage_i/gen_prefetch_buffer.prefetch_buffer_i/stored_addr_q_reg[21]/D     0.12   -94.50 r   -94.62 (VIOLATED)
   ibex_top_inst/u_ibex_core/if_stage_i/gen_prefetch_buffer.prefetch_buffer_i/stored_addr_q_reg[22]/D     0.12   -94.50 r   -94.62 (VIOLATED)
   ibex_top_inst/u_ibex_core/if_stage_i/gen_prefetch_buffer.prefetch_buffer_i/fetch_addr_q_reg[6]/D     0.12   -94.50 r   -94.61 (VIOLATED)
   ibex_top_inst/u_ibex_core/if_stage_i/gen_prefetch_buffer.prefetch_buffer_i/rdata_outstanding_q_reg[1]/D     0.12   -94.45 f   -94.58 (VIOLATED)
   ibex_top_inst/u_ibex_core/if_stage_i/instr_rdata_id_o_reg[1]/SI     0.12   -93.33 f   -93.44 (VIOLATED)
   ibex_top_inst/u_ibex_core/id_stage_i/controller_i/debug_cause_q_reg[0]/D     0.12   -93.12 f   -93.24 (VIOLATED)
   ibex_top_inst/u_ibex_core/id_stage_i/controller_i/debug_cause_q_reg[1]/D     0.10   -93.11 r   -93.21 (VIOLATED)
   ibex_top_inst/u_ibex_core/id_stage_i/controller_i/debug_mode_q_reg/D     0.10   -93.10 r   -93.19 (VIOLATED)
   ibex_top_inst/u_ibex_core/id_stage_i/controller_i/debug_cause_q_reg[2]/D     0.10   -93.10 r   -93.19 (VIOLATED)
   ibex_top_inst/u_ibex_core/cs_registers_i/priv_lvl_q_reg[0]/D     0.10   -93.05 r   -93.15 (VIOLATED)
   ibex_top_inst/u_ibex_core/cs_registers_i/priv_lvl_q_reg[1]/D     0.10   -93.04 r   -93.14 (VIOLATED)
   ibex_top_inst/u_ibex_core/id_stage_i/controller_i/nmi_mode_q_reg/D     0.10   -93.04 r   -93.14 (VIOLATED)
   ibex_top_inst/u_ibex_core/cs_registers_i/u_dcsr_csr/rdata_q_reg[6]/D     0.12   -93.00 f   -93.13 (VIOLATED)
   ibex_top_inst/u_ibex_core/cs_registers_i/u_dcsr_csr/rdata_q_reg[7]/D     0.12   -93.00 f   -93.13 (VIOLATED)
   ibex_top_inst/u_ibex_core/cs_registers_i/u_dcsr_csr/rdata_q_reg[8]/D     0.12   -93.00 f   -93.13 (VIOLATED)
   ibex_top_inst/u_ibex_core/cs_registers_i/u_mstack_cause_csr/rdata_q_reg[5]/D     0.12   -92.98 f   -93.11 (VIOLATED)
   ibex_top_inst/u_ibex_core/cs_registers_i/u_mstack_epc_csr/rdata_q_reg[13]/D     0.12   -92.98 f   -93.11 (VIOLATED)
   ibex_top_inst/u_ibex_core/cs_registers_i/u_mstack_epc_csr/rdata_q_reg[15]/D     0.12   -92.98 f   -93.11 (VIOLATED)
   ibex_top_inst/u_ibex_core/cs_registers_i/u_mstack_epc_csr/rdata_q_reg[16]/D     0.12   -92.98 f   -93.11 (VIOLATED)
   ibex_top_inst/u_ibex_core/cs_registers_i/u_mstack_epc_csr/rdata_q_reg[17]/D     0.12   -92.98 f   -93.11 (VIOLATED)
   ibex_top_inst/u_ibex_core/cs_registers_i/u_mstack_epc_csr/rdata_q_reg[18]/D     0.12   -92.98 f   -93.11 (VIOLATED)
   ibex_top_inst/u_ibex_core/cs_registers_i/u_mstack_epc_csr/rdata_q_reg[19]/D     0.12   -92.98 f   -93.11 (VIOLATED)
   ibex_top_inst/u_ibex_core/cs_registers_i/u_mstack_cause_csr/rdata_q_reg[6]/D     0.12   -92.89 f   -93.01 (VIOLATED)
   ibex_top_inst/u_ibex_core/cs_registers_i/u_mstack_epc_csr/rdata_q_reg[11]/D     0.12   -92.89 f   -93.01 (VIOLATED)
   ibex_top_inst/u_ibex_core/cs_registers_i/u_mstack_epc_csr/rdata_q_reg[12]/D     0.12   -92.89 f   -93.01 (VIOLATED)
   ibex_top_inst/u_ibex_core/cs_registers_i/u_mstack_cause_csr/rdata_q_reg[0]/D     0.12   -92.88 f   -93.00 (VIOLATED)
   ibex_top_inst/u_ibex_core/cs_registers_i/u_mstack_cause_csr/rdata_q_reg[1]/D     0.12   -92.88 f   -93.00 (VIOLATED)
   ibex_top_inst/u_ibex_core/cs_registers_i/u_mstack_cause_csr/rdata_q_reg[2]/D     0.12   -92.88 f   -93.00 (VIOLATED)
   ibex_top_inst/u_ibex_core/cs_registers_i/u_mstack_cause_csr/rdata_q_reg[3]/D     0.12   -92.88 f   -93.00 (VIOLATED)
   ibex_top_inst/u_ibex_core/cs_registers_i/u_mstack_cause_csr/rdata_q_reg[4]/D     0.12   -92.88 f   -93.00 (VIOLATED)
   ibex_top_inst/u_ibex_core/cs_registers_i/u_mstack_csr/rdata_q_reg[0]/D     0.12   -92.88 f   -93.00 (VIOLATED)
   ibex_top_inst/u_ibex_core/cs_registers_i/u_mstack_csr/rdata_q_reg[1]/D     0.12   -92.88 f   -93.00 (VIOLATED)
   ibex_top_inst/u_ibex_core/cs_registers_i/u_mstack_epc_csr/rdata_q_reg[1]/D     0.12   -92.88 f   -93.00 (VIOLATED)
   ibex_top_inst/u_ibex_core/cs_registers_i/u_mstack_epc_csr/rdata_q_reg[2]/D     0.12   -92.88 f   -93.00 (VIOLATED)
   ibex_top_inst/u_ibex_core/cs_registers_i/u_mstack_epc_csr/rdata_q_reg[3]/D     0.12   -92.88 f   -93.00 (VIOLATED)
   ibex_top_inst/u_ibex_core/cs_registers_i/u_mstack_epc_csr/rdata_q_reg[4]/D     0.12   -92.88 f   -93.00 (VIOLATED)
   ibex_top_inst/u_ibex_core/cs_registers_i/u_mstack_epc_csr/rdata_q_reg[5]/D     0.12   -92.88 f   -93.00 (VIOLATED)
   ibex_top_inst/u_ibex_core/cs_registers_i/u_mstack_epc_csr/rdata_q_reg[6]/D     0.12   -92.88 f   -93.00 (VIOLATED)
   ibex_top_inst/u_ibex_core/cs_registers_i/u_mstack_epc_csr/rdata_q_reg[7]/D     0.12   -92.88 f   -93.00 (VIOLATED)
   ibex_top_inst/u_ibex_core/cs_registers_i/u_mstack_epc_csr/rdata_q_reg[8]/D     0.12   -92.88 f   -93.00 (VIOLATED)
   ibex_top_inst/u_ibex_core/cs_registers_i/u_mstack_epc_csr/rdata_q_reg[9]/D     0.12   -92.88 f   -93.00 (VIOLATED)
   ibex_top_inst/u_ibex_core/cs_registers_i/u_mstack_epc_csr/rdata_q_reg[10]/D     0.12   -92.88 f   -93.00 (VIOLATED)
   ibex_top_inst/u_ibex_core/cs_registers_i/u_mstack_epc_csr/rdata_q_reg[14]/D     0.12   -92.88 f   -93.00 (VIOLATED)
   ibex_top_inst/u_ibex_core/cs_registers_i/u_mstack_epc_csr/rdata_q_reg[20]/D     0.12   -92.88 f   -93.00 (VIOLATED)
   ibex_top_inst/u_ibex_core/cs_registers_i/u_mstack_epc_csr/rdata_q_reg[21]/D     0.12   -92.88 f   -93.00 (VIOLATED)
   ibex_top_inst/u_ibex_core/cs_registers_i/u_mstack_epc_csr/rdata_q_reg[22]/D     0.12   -92.88 f   -93.00 (VIOLATED)
   ibex_top_inst/u_ibex_core/cs_registers_i/u_mstack_epc_csr/rdata_q_reg[23]/D     0.12   -92.88 f   -93.00 (VIOLATED)
   ibex_top_inst/u_ibex_core/cs_registers_i/u_mstack_epc_csr/rdata_q_reg[24]/D     0.12   -92.88 f   -93.00 (VIOLATED)
   ibex_top_inst/u_ibex_core/cs_registers_i/u_mstack_epc_csr/rdata_q_reg[25]/D     0.12   -92.88 f   -93.00 (VIOLATED)
   ibex_top_inst/u_ibex_core/cs_registers_i/u_mstack_epc_csr/rdata_q_reg[26]/D     0.12   -92.88 f   -93.00 (VIOLATED)
   ibex_top_inst/u_ibex_core/cs_registers_i/u_mstack_epc_csr/rdata_q_reg[27]/D     0.12   -92.88 f   -93.00 (VIOLATED)
   ibex_top_inst/u_ibex_core/cs_registers_i/u_mstack_epc_csr/rdata_q_reg[28]/D     0.12   -92.88 f   -93.00 (VIOLATED)
   ibex_top_inst/u_ibex_core/cs_registers_i/u_mstack_epc_csr/rdata_q_reg[29]/D     0.12   -92.88 f   -93.00 (VIOLATED)
   ibex_top_inst/u_ibex_core/cs_registers_i/u_mstack_epc_csr/rdata_q_reg[30]/D     0.12   -92.88 f   -93.00 (VIOLATED)
   ibex_top_inst/u_ibex_core/cs_registers_i/u_mstack_epc_csr/rdata_q_reg[31]/D     0.12   -92.88 f   -93.00 (VIOLATED)
   ibex_top_inst/u_ibex_core/cs_registers_i/u_mstack_csr/rdata_q_reg[2]/D     0.12   -92.87 f   -93.00 (VIOLATED)
   ibex_top_inst/u_ibex_core/if_stage_i/instr_rdata_alu_id_o_reg[14]/SI     0.09   -79.15 f   -79.24 (VIOLATED)
   ibex_top_inst/u_ibex_core/if_stage_i/instr_rdata_id_o_reg[4]/SI     0.09   -78.23 f   -78.31 (VIOLATED)
   ibex_top_inst/u_ibex_core/if_stage_i/instr_rdata_alu_id_o_reg[12]/SI     0.09   -70.86 f   -70.94 (VIOLATED)
   ibex_top_inst/u_ibex_core/wb_stage_i/g_writeback_stage.rf_wdata_wb_q_reg[1]/SI     0.09   -66.16 f   -66.24 (VIOLATED)
   ibex_top_inst/gen_regfile_ff.register_file_i/g_rf_flops[21].rf_reg_q_reg[0]/D     0.12   -66.00 f   -66.13 (VIOLATED)
   ibex_top_inst/gen_regfile_ff.register_file_i/g_rf_flops[22].rf_reg_q_reg[0]/D     0.12   -66.00 f   -66.13 (VIOLATED)
   ibex_top_inst/gen_regfile_ff.register_file_i/g_rf_flops[23].rf_reg_q_reg[0]/D     0.12   -66.00 f   -66.13 (VIOLATED)
   ibex_top_inst/gen_regfile_ff.register_file_i/g_rf_flops[24].rf_reg_q_reg[0]/D     0.12   -66.00 f   -66.13 (VIOLATED)
   ibex_top_inst/gen_regfile_ff.register_file_i/g_rf_flops[26].rf_reg_q_reg[0]/D     0.12   -66.00 f   -66.13 (VIOLATED)
   ibex_top_inst/gen_regfile_ff.register_file_i/g_rf_flops[27].rf_reg_q_reg[0]/D     0.12   -66.00 f   -66.13 (VIOLATED)
   ibex_top_inst/gen_regfile_ff.register_file_i/g_rf_flops[28].rf_reg_q_reg[0]/D     0.12   -66.00 f   -66.13 (VIOLATED)
   ibex_top_inst/gen_regfile_ff.register_file_i/g_rf_flops[29].rf_reg_q_reg[0]/D     0.12   -66.00 f   -66.13 (VIOLATED)
   ibex_top_inst/gen_regfile_ff.register_file_i/g_rf_flops[30].rf_reg_q_reg[0]/D     0.12   -66.00 f   -66.13 (VIOLATED)
   ibex_top_inst/gen_regfile_ff.register_file_i/g_rf_flops[25].rf_reg_q_reg[0]/D     0.12   -65.96 f   -66.09 (VIOLATED)
   ibex_top_inst/gen_regfile_ff.register_file_i/g_rf_flops[31].rf_reg_q_reg[0]/D     0.12   -65.96 f   -66.09 (VIOLATED)
   ibex_top_inst/gen_regfile_ff.register_file_i/g_rf_flops[1].rf_reg_q_reg[0]/D     0.12   -65.91 f   -66.04 (VIOLATED)
   ibex_top_inst/gen_regfile_ff.register_file_i/g_rf_flops[2].rf_reg_q_reg[0]/D     0.12   -65.91 f   -66.04 (VIOLATED)
   ibex_top_inst/gen_regfile_ff.register_file_i/g_rf_flops[3].rf_reg_q_reg[0]/D     0.12   -65.91 f   -66.04 (VIOLATED)
   ibex_top_inst/gen_regfile_ff.register_file_i/g_rf_flops[4].rf_reg_q_reg[0]/D     0.12   -65.91 f   -66.04 (VIOLATED)
   ibex_top_inst/gen_regfile_ff.register_file_i/g_rf_flops[5].rf_reg_q_reg[0]/D     0.12   -65.91 f   -66.04 (VIOLATED)
   ibex_top_inst/gen_regfile_ff.register_file_i/g_rf_flops[6].rf_reg_q_reg[0]/D     0.12   -65.91 f   -66.04 (VIOLATED)
   ibex_top_inst/gen_regfile_ff.register_file_i/g_rf_flops[7].rf_reg_q_reg[0]/D     0.12   -65.91 f   -66.04 (VIOLATED)
   ibex_top_inst/gen_regfile_ff.register_file_i/g_rf_flops[8].rf_reg_q_reg[0]/D     0.12   -65.91 f   -66.04 (VIOLATED)
   ibex_top_inst/gen_regfile_ff.register_file_i/g_rf_flops[9].rf_reg_q_reg[0]/D     0.12   -65.91 f   -66.04 (VIOLATED)
   ibex_top_inst/gen_regfile_ff.register_file_i/g_rf_flops[10].rf_reg_q_reg[0]/D     0.12   -65.91 f   -66.04 (VIOLATED)
   ibex_top_inst/gen_regfile_ff.register_file_i/g_rf_flops[11].rf_reg_q_reg[0]/D     0.12   -65.91 f   -66.04 (VIOLATED)
   ibex_top_inst/gen_regfile_ff.register_file_i/g_rf_flops[12].rf_reg_q_reg[0]/D     0.12   -65.91 f   -66.04 (VIOLATED)
   ibex_top_inst/gen_regfile_ff.register_file_i/g_rf_flops[13].rf_reg_q_reg[0]/D     0.12   -65.91 f   -66.04 (VIOLATED)
   ibex_top_inst/gen_regfile_ff.register_file_i/g_rf_flops[14].rf_reg_q_reg[0]/D     0.12   -65.91 f   -66.04 (VIOLATED)
   ibex_top_inst/gen_regfile_ff.register_file_i/g_rf_flops[15].rf_reg_q_reg[0]/D     0.12   -65.91 f   -66.04 (VIOLATED)
   ibex_top_inst/gen_regfile_ff.register_file_i/g_rf_flops[16].rf_reg_q_reg[0]/D     0.12   -65.91 f   -66.04 (VIOLATED)
   ibex_top_inst/gen_regfile_ff.register_file_i/g_rf_flops[17].rf_reg_q_reg[0]/D     0.12   -65.91 f   -66.04 (VIOLATED)
   ibex_top_inst/gen_regfile_ff.register_file_i/g_rf_flops[18].rf_reg_q_reg[0]/D     0.12   -65.91 f   -66.04 (VIOLATED)
   ibex_top_inst/gen_regfile_ff.register_file_i/g_rf_flops[19].rf_reg_q_reg[0]/D     0.12   -65.91 f   -66.04 (VIOLATED)
   ibex_top_inst/gen_regfile_ff.register_file_i/g_rf_flops[20].rf_reg_q_reg[0]/D     0.12   -65.91 f   -66.04 (VIOLATED)
   ibex_top_inst/u_ibex_core/if_stage_i/instr_rdata_id_o_reg[11]/SI     0.09   -63.88 f   -63.97 (VIOLATED)
   ibex_top_inst/u_ibex_core/if_stage_i/instr_rdata_id_o_reg[27]/SI     0.09   -54.25 f   -54.34 (VIOLATED)
   ibex_top_inst/gen_regfile_ff.register_file_i/g_rf_flops[31].rf_reg_q_reg[15]/D     0.12   -47.90 f   -48.02 (VIOLATED)
   ibex_top_inst/gen_regfile_ff.register_file_i/g_rf_flops[31].rf_reg_q_reg[9]/D     0.12   -47.87 f   -47.99 (VIOLATED)
   ibex_top_inst/gen_regfile_ff.register_file_i/g_rf_flops[31].rf_reg_q_reg[10]/D     0.12   -47.87 f   -47.99 (VIOLATED)
   ibex_top_inst/gen_regfile_ff.register_file_i/g_rf_flops[31].rf_reg_q_reg[12]/D     0.12   -47.87 f   -47.99 (VIOLATED)
   ibex_top_inst/gen_regfile_ff.register_file_i/g_rf_flops[31].rf_reg_q_reg[14]/D     0.12   -47.87 f   -47.99 (VIOLATED)
   ibex_top_inst/gen_regfile_ff.register_file_i/g_rf_flops[31].rf_reg_q_reg[8]/D     0.12   -47.87 f   -47.99 (VIOLATED)
   ibex_top_inst/gen_regfile_ff.register_file_i/g_rf_flops[31].rf_reg_q_reg[13]/D     0.12   -47.87 f   -47.99 (VIOLATED)
   ibex_top_inst/gen_regfile_ff.register_file_i/g_rf_flops[31].rf_reg_q_reg[11]/D     0.12   -47.86 f   -47.98 (VIOLATED)
   ibex_top_inst/gen_regfile_ff.register_file_i/g_rf_flops[31].rf_reg_q_reg[31]/D     0.12   -47.85 f   -47.97 (VIOLATED)
   ibex_top_inst/gen_regfile_ff.register_file_i/g_rf_flops[1].rf_reg_q_reg[15]/D     0.12   -47.85 f   -47.97 (VIOLATED)
   ibex_top_inst/gen_regfile_ff.register_file_i/g_rf_flops[2].rf_reg_q_reg[15]/D     0.12   -47.85 f   -47.97 (VIOLATED)
   ibex_top_inst/gen_regfile_ff.register_file_i/g_rf_flops[3].rf_reg_q_reg[15]/D     0.12   -47.85 f   -47.97 (VIOLATED)
   ibex_top_inst/gen_regfile_ff.register_file_i/g_rf_flops[4].rf_reg_q_reg[15]/D     0.12   -47.85 f   -47.97 (VIOLATED)
   ibex_top_inst/gen_regfile_ff.register_file_i/g_rf_flops[5].rf_reg_q_reg[15]/D     0.12   -47.85 f   -47.97 (VIOLATED)
   ibex_top_inst/gen_regfile_ff.register_file_i/g_rf_flops[6].rf_reg_q_reg[15]/D     0.12   -47.85 f   -47.97 (VIOLATED)
   ibex_top_inst/gen_regfile_ff.register_file_i/g_rf_flops[7].rf_reg_q_reg[15]/D     0.12   -47.85 f   -47.97 (VIOLATED)
   ibex_top_inst/gen_regfile_ff.register_file_i/g_rf_flops[8].rf_reg_q_reg[15]/D     0.12   -47.85 f   -47.97 (VIOLATED)
   ibex_top_inst/gen_regfile_ff.register_file_i/g_rf_flops[9].rf_reg_q_reg[15]/D     0.12   -47.85 f   -47.97 (VIOLATED)
   ibex_top_inst/gen_regfile_ff.register_file_i/g_rf_flops[10].rf_reg_q_reg[15]/D     0.12   -47.85 f   -47.97 (VIOLATED)
   ibex_top_inst/gen_regfile_ff.register_file_i/g_rf_flops[11].rf_reg_q_reg[15]/D     0.12   -47.85 f   -47.97 (VIOLATED)
   ibex_top_inst/gen_regfile_ff.register_file_i/g_rf_flops[12].rf_reg_q_reg[15]/D     0.12   -47.85 f   -47.97 (VIOLATED)
   ibex_top_inst/gen_regfile_ff.register_file_i/g_rf_flops[13].rf_reg_q_reg[15]/D     0.12   -47.85 f   -47.97 (VIOLATED)
   ibex_top_inst/gen_regfile_ff.register_file_i/g_rf_flops[14].rf_reg_q_reg[15]/D     0.12   -47.85 f   -47.97 (VIOLATED)
   ibex_top_inst/gen_regfile_ff.register_file_i/g_rf_flops[15].rf_reg_q_reg[15]/D     0.12   -47.85 f   -47.97 (VIOLATED)
   ibex_top_inst/gen_regfile_ff.register_file_i/g_rf_flops[16].rf_reg_q_reg[15]/D     0.12   -47.85 f   -47.97 (VIOLATED)
   ibex_top_inst/gen_regfile_ff.register_file_i/g_rf_flops[17].rf_reg_q_reg[15]/D     0.12   -47.85 f   -47.97 (VIOLATED)
   ibex_top_inst/gen_regfile_ff.register_file_i/g_rf_flops[18].rf_reg_q_reg[15]/D     0.12   -47.85 f   -47.97 (VIOLATED)
   ibex_top_inst/gen_regfile_ff.register_file_i/g_rf_flops[19].rf_reg_q_reg[15]/D     0.12   -47.85 f   -47.97 (VIOLATED)
   ibex_top_inst/gen_regfile_ff.register_file_i/g_rf_flops[20].rf_reg_q_reg[15]/D     0.12   -47.85 f   -47.97 (VIOLATED)
   ibex_top_inst/gen_regfile_ff.register_file_i/g_rf_flops[21].rf_reg_q_reg[15]/D     0.12   -47.85 f   -47.97 (VIOLATED)
   ibex_top_inst/gen_regfile_ff.register_file_i/g_rf_flops[22].rf_reg_q_reg[15]/D     0.12   -47.85 f   -47.97 (VIOLATED)
   ibex_top_inst/gen_regfile_ff.register_file_i/g_rf_flops[23].rf_reg_q_reg[15]/D     0.12   -47.85 f   -47.97 (VIOLATED)
   ibex_top_inst/gen_regfile_ff.register_file_i/g_rf_flops[24].rf_reg_q_reg[15]/D     0.12   -47.85 f   -47.97 (VIOLATED)
   ibex_top_inst/gen_regfile_ff.register_file_i/g_rf_flops[25].rf_reg_q_reg[15]/D     0.12   -47.85 f   -47.97 (VIOLATED)
   ibex_top_inst/gen_regfile_ff.register_file_i/g_rf_flops[26].rf_reg_q_reg[15]/D     0.12   -47.85 f   -47.97 (VIOLATED)
   ibex_top_inst/gen_regfile_ff.register_file_i/g_rf_flops[27].rf_reg_q_reg[15]/D     0.12   -47.85 f   -47.97 (VIOLATED)
   ibex_top_inst/gen_regfile_ff.register_file_i/g_rf_flops[28].rf_reg_q_reg[15]/D     0.12   -47.85 f   -47.97 (VIOLATED)
   ibex_top_inst/gen_regfile_ff.register_file_i/g_rf_flops[29].rf_reg_q_reg[15]/D     0.12   -47.85 f   -47.97 (VIOLATED)
   ibex_top_inst/gen_regfile_ff.register_file_i/g_rf_flops[30].rf_reg_q_reg[15]/D     0.12   -47.85 f   -47.97 (VIOLATED)
   ibex_top_inst/gen_regfile_ff.register_file_i/g_rf_flops[1].rf_reg_q_reg[9]/D     0.12   -47.82 f   -47.94 (VIOLATED)
   ibex_top_inst/gen_regfile_ff.register_file_i/g_rf_flops[1].rf_reg_q_reg[10]/D     0.12   -47.82 f   -47.94 (VIOLATED)
   ibex_top_inst/gen_regfile_ff.register_file_i/g_rf_flops[1].rf_reg_q_reg[12]/D     0.12   -47.82 f   -47.94 (VIOLATED)
   ibex_top_inst/gen_regfile_ff.register_file_i/g_rf_flops[1].rf_reg_q_reg[14]/D     0.12   -47.82 f   -47.94 (VIOLATED)
   ibex_top_inst/gen_regfile_ff.register_file_i/g_rf_flops[2].rf_reg_q_reg[9]/D     0.12   -47.82 f   -47.94 (VIOLATED)
   ibex_top_inst/gen_regfile_ff.register_file_i/g_rf_flops[2].rf_reg_q_reg[10]/D     0.12   -47.82 f   -47.94 (VIOLATED)
   ibex_top_inst/gen_regfile_ff.register_file_i/g_rf_flops[2].rf_reg_q_reg[12]/D     0.12   -47.82 f   -47.94 (VIOLATED)
   ibex_top_inst/gen_regfile_ff.register_file_i/g_rf_flops[2].rf_reg_q_reg[14]/D     0.12   -47.82 f   -47.94 (VIOLATED)
   ibex_top_inst/gen_regfile_ff.register_file_i/g_rf_flops[3].rf_reg_q_reg[9]/D     0.12   -47.82 f   -47.94 (VIOLATED)
   ibex_top_inst/gen_regfile_ff.register_file_i/g_rf_flops[3].rf_reg_q_reg[10]/D     0.12   -47.82 f   -47.94 (VIOLATED)
   ibex_top_inst/gen_regfile_ff.register_file_i/g_rf_flops[3].rf_reg_q_reg[12]/D     0.12   -47.82 f   -47.94 (VIOLATED)
   ibex_top_inst/gen_regfile_ff.register_file_i/g_rf_flops[3].rf_reg_q_reg[14]/D     0.12   -47.82 f   -47.94 (VIOLATED)
   ibex_top_inst/gen_regfile_ff.register_file_i/g_rf_flops[4].rf_reg_q_reg[9]/D     0.12   -47.82 f   -47.94 (VIOLATED)
   ibex_top_inst/gen_regfile_ff.register_file_i/g_rf_flops[4].rf_reg_q_reg[10]/D     0.12   -47.82 f   -47.94 (VIOLATED)
   ibex_top_inst/gen_regfile_ff.register_file_i/g_rf_flops[4].rf_reg_q_reg[12]/D     0.12   -47.82 f   -47.94 (VIOLATED)
   ibex_top_inst/gen_regfile_ff.register_file_i/g_rf_flops[4].rf_reg_q_reg[14]/D     0.12   -47.82 f   -47.94 (VIOLATED)
   ibex_top_inst/gen_regfile_ff.register_file_i/g_rf_flops[5].rf_reg_q_reg[9]/D     0.12   -47.82 f   -47.94 (VIOLATED)
   ibex_top_inst/gen_regfile_ff.register_file_i/g_rf_flops[5].rf_reg_q_reg[10]/D     0.12   -47.82 f   -47.94 (VIOLATED)
   ibex_top_inst/gen_regfile_ff.register_file_i/g_rf_flops[5].rf_reg_q_reg[12]/D     0.12   -47.82 f   -47.94 (VIOLATED)
   ibex_top_inst/gen_regfile_ff.register_file_i/g_rf_flops[5].rf_reg_q_reg[14]/D     0.12   -47.82 f   -47.94 (VIOLATED)
   ibex_top_inst/gen_regfile_ff.register_file_i/g_rf_flops[6].rf_reg_q_reg[9]/D     0.12   -47.82 f   -47.94 (VIOLATED)
   ibex_top_inst/gen_regfile_ff.register_file_i/g_rf_flops[6].rf_reg_q_reg[10]/D     0.12   -47.82 f   -47.94 (VIOLATED)
   ibex_top_inst/gen_regfile_ff.register_file_i/g_rf_flops[6].rf_reg_q_reg[12]/D     0.12   -47.82 f   -47.94 (VIOLATED)
   ibex_top_inst/gen_regfile_ff.register_file_i/g_rf_flops[6].rf_reg_q_reg[14]/D     0.12   -47.82 f   -47.94 (VIOLATED)
   ibex_top_inst/gen_regfile_ff.register_file_i/g_rf_flops[7].rf_reg_q_reg[9]/D     0.12   -47.82 f   -47.94 (VIOLATED)
   ibex_top_inst/gen_regfile_ff.register_file_i/g_rf_flops[7].rf_reg_q_reg[10]/D     0.12   -47.82 f   -47.94 (VIOLATED)
   ibex_top_inst/gen_regfile_ff.register_file_i/g_rf_flops[7].rf_reg_q_reg[12]/D     0.12   -47.82 f   -47.94 (VIOLATED)
   ibex_top_inst/gen_regfile_ff.register_file_i/g_rf_flops[7].rf_reg_q_reg[14]/D     0.12   -47.82 f   -47.94 (VIOLATED)
   ibex_top_inst/gen_regfile_ff.register_file_i/g_rf_flops[8].rf_reg_q_reg[9]/D     0.12   -47.82 f   -47.94 (VIOLATED)
   ibex_top_inst/gen_regfile_ff.register_file_i/g_rf_flops[8].rf_reg_q_reg[10]/D     0.12   -47.82 f   -47.94 (VIOLATED)
   ibex_top_inst/gen_regfile_ff.register_file_i/g_rf_flops[8].rf_reg_q_reg[12]/D     0.12   -47.82 f   -47.94 (VIOLATED)
   ibex_top_inst/gen_regfile_ff.register_file_i/g_rf_flops[8].rf_reg_q_reg[14]/D     0.12   -47.82 f   -47.94 (VIOLATED)
   ibex_top_inst/gen_regfile_ff.register_file_i/g_rf_flops[9].rf_reg_q_reg[9]/D     0.12   -47.82 f   -47.94 (VIOLATED)
   ibex_top_inst/gen_regfile_ff.register_file_i/g_rf_flops[9].rf_reg_q_reg[10]/D     0.12   -47.82 f   -47.94 (VIOLATED)
   ibex_top_inst/gen_regfile_ff.register_file_i/g_rf_flops[9].rf_reg_q_reg[12]/D     0.12   -47.82 f   -47.94 (VIOLATED)
   ibex_top_inst/gen_regfile_ff.register_file_i/g_rf_flops[9].rf_reg_q_reg[14]/D     0.12   -47.82 f   -47.94 (VIOLATED)
   ibex_top_inst/gen_regfile_ff.register_file_i/g_rf_flops[10].rf_reg_q_reg[9]/D     0.12   -47.82 f   -47.94 (VIOLATED)
   ibex_top_inst/gen_regfile_ff.register_file_i/g_rf_flops[10].rf_reg_q_reg[10]/D     0.12   -47.82 f   -47.94 (VIOLATED)
   ibex_top_inst/gen_regfile_ff.register_file_i/g_rf_flops[10].rf_reg_q_reg[12]/D     0.12   -47.82 f   -47.94 (VIOLATED)
   ibex_top_inst/gen_regfile_ff.register_file_i/g_rf_flops[10].rf_reg_q_reg[14]/D     0.12   -47.82 f   -47.94 (VIOLATED)
   ibex_top_inst/gen_regfile_ff.register_file_i/g_rf_flops[11].rf_reg_q_reg[9]/D     0.12   -47.82 f   -47.94 (VIOLATED)
   ibex_top_inst/gen_regfile_ff.register_file_i/g_rf_flops[11].rf_reg_q_reg[10]/D     0.12   -47.82 f   -47.94 (VIOLATED)
   ibex_top_inst/gen_regfile_ff.register_file_i/g_rf_flops[11].rf_reg_q_reg[12]/D     0.12   -47.82 f   -47.94 (VIOLATED)
   ibex_top_inst/gen_regfile_ff.register_file_i/g_rf_flops[11].rf_reg_q_reg[14]/D     0.12   -47.82 f   -47.94 (VIOLATED)
   ibex_top_inst/gen_regfile_ff.register_file_i/g_rf_flops[12].rf_reg_q_reg[9]/D     0.12   -47.82 f   -47.94 (VIOLATED)
   ibex_top_inst/gen_regfile_ff.register_file_i/g_rf_flops[12].rf_reg_q_reg[10]/D     0.12   -47.82 f   -47.94 (VIOLATED)
   ibex_top_inst/gen_regfile_ff.register_file_i/g_rf_flops[12].rf_reg_q_reg[12]/D     0.12   -47.82 f   -47.94 (VIOLATED)
   ibex_top_inst/gen_regfile_ff.register_file_i/g_rf_flops[12].rf_reg_q_reg[14]/D     0.12   -47.82 f   -47.94 (VIOLATED)
   ibex_top_inst/gen_regfile_ff.register_file_i/g_rf_flops[13].rf_reg_q_reg[9]/D     0.12   -47.82 f   -47.94 (VIOLATED)
   ibex_top_inst/gen_regfile_ff.register_file_i/g_rf_flops[13].rf_reg_q_reg[10]/D     0.12   -47.82 f   -47.94 (VIOLATED)
   ibex_top_inst/gen_regfile_ff.register_file_i/g_rf_flops[13].rf_reg_q_reg[12]/D     0.12   -47.82 f   -47.94 (VIOLATED)
   ibex_top_inst/gen_regfile_ff.register_file_i/g_rf_flops[13].rf_reg_q_reg[14]/D     0.12   -47.82 f   -47.94 (VIOLATED)
   ibex_top_inst/gen_regfile_ff.register_file_i/g_rf_flops[14].rf_reg_q_reg[9]/D     0.12   -47.82 f   -47.94 (VIOLATED)
   ibex_top_inst/gen_regfile_ff.register_file_i/g_rf_flops[14].rf_reg_q_reg[10]/D     0.12   -47.82 f   -47.94 (VIOLATED)
   ibex_top_inst/gen_regfile_ff.register_file_i/g_rf_flops[14].rf_reg_q_reg[12]/D     0.12   -47.82 f   -47.94 (VIOLATED)
   ibex_top_inst/gen_regfile_ff.register_file_i/g_rf_flops[14].rf_reg_q_reg[14]/D     0.12   -47.82 f   -47.94 (VIOLATED)
   ibex_top_inst/gen_regfile_ff.register_file_i/g_rf_flops[15].rf_reg_q_reg[9]/D     0.12   -47.82 f   -47.94 (VIOLATED)
   ibex_top_inst/gen_regfile_ff.register_file_i/g_rf_flops[15].rf_reg_q_reg[10]/D     0.12   -47.82 f   -47.94 (VIOLATED)
   ibex_top_inst/gen_regfile_ff.register_file_i/g_rf_flops[15].rf_reg_q_reg[12]/D     0.12   -47.82 f   -47.94 (VIOLATED)
   ibex_top_inst/gen_regfile_ff.register_file_i/g_rf_flops[15].rf_reg_q_reg[14]/D     0.12   -47.82 f   -47.94 (VIOLATED)
   ibex_top_inst/gen_regfile_ff.register_file_i/g_rf_flops[16].rf_reg_q_reg[9]/D     0.12   -47.82 f   -47.94 (VIOLATED)
   ibex_top_inst/gen_regfile_ff.register_file_i/g_rf_flops[16].rf_reg_q_reg[10]/D     0.12   -47.82 f   -47.94 (VIOLATED)
   ibex_top_inst/gen_regfile_ff.register_file_i/g_rf_flops[16].rf_reg_q_reg[12]/D     0.12   -47.82 f   -47.94 (VIOLATED)
   ibex_top_inst/gen_regfile_ff.register_file_i/g_rf_flops[16].rf_reg_q_reg[14]/D     0.12   -47.82 f   -47.94 (VIOLATED)
   ibex_top_inst/gen_regfile_ff.register_file_i/g_rf_flops[17].rf_reg_q_reg[9]/D     0.12   -47.82 f   -47.94 (VIOLATED)
   ibex_top_inst/gen_regfile_ff.register_file_i/g_rf_flops[17].rf_reg_q_reg[10]/D     0.12   -47.82 f   -47.94 (VIOLATED)
   ibex_top_inst/gen_regfile_ff.register_file_i/g_rf_flops[17].rf_reg_q_reg[12]/D     0.12   -47.82 f   -47.94 (VIOLATED)
   ibex_top_inst/gen_regfile_ff.register_file_i/g_rf_flops[17].rf_reg_q_reg[14]/D     0.12   -47.82 f   -47.94 (VIOLATED)
   ibex_top_inst/gen_regfile_ff.register_file_i/g_rf_flops[18].rf_reg_q_reg[9]/D     0.12   -47.82 f   -47.94 (VIOLATED)
   ibex_top_inst/gen_regfile_ff.register_file_i/g_rf_flops[18].rf_reg_q_reg[10]/D     0.12   -47.82 f   -47.94 (VIOLATED)
   ibex_top_inst/gen_regfile_ff.register_file_i/g_rf_flops[18].rf_reg_q_reg[12]/D     0.12   -47.82 f   -47.94 (VIOLATED)
   ibex_top_inst/gen_regfile_ff.register_file_i/g_rf_flops[18].rf_reg_q_reg[14]/D     0.12   -47.82 f   -47.94 (VIOLATED)
   ibex_top_inst/gen_regfile_ff.register_file_i/g_rf_flops[19].rf_reg_q_reg[9]/D     0.12   -47.82 f   -47.94 (VIOLATED)
   ibex_top_inst/gen_regfile_ff.register_file_i/g_rf_flops[19].rf_reg_q_reg[10]/D     0.12   -47.82 f   -47.94 (VIOLATED)
   ibex_top_inst/gen_regfile_ff.register_file_i/g_rf_flops[19].rf_reg_q_reg[12]/D     0.12   -47.82 f   -47.94 (VIOLATED)
   ibex_top_inst/gen_regfile_ff.register_file_i/g_rf_flops[19].rf_reg_q_reg[14]/D     0.12   -47.82 f   -47.94 (VIOLATED)
   ibex_top_inst/gen_regfile_ff.register_file_i/g_rf_flops[20].rf_reg_q_reg[9]/D     0.12   -47.82 f   -47.94 (VIOLATED)
   ibex_top_inst/gen_regfile_ff.register_file_i/g_rf_flops[20].rf_reg_q_reg[10]/D     0.12   -47.82 f   -47.94 (VIOLATED)
   ibex_top_inst/gen_regfile_ff.register_file_i/g_rf_flops[20].rf_reg_q_reg[12]/D     0.12   -47.82 f   -47.94 (VIOLATED)
   ibex_top_inst/gen_regfile_ff.register_file_i/g_rf_flops[20].rf_reg_q_reg[14]/D     0.12   -47.82 f   -47.94 (VIOLATED)
   ibex_top_inst/gen_regfile_ff.register_file_i/g_rf_flops[21].rf_reg_q_reg[9]/D     0.12   -47.82 f   -47.94 (VIOLATED)
   ibex_top_inst/gen_regfile_ff.register_file_i/g_rf_flops[21].rf_reg_q_reg[10]/D     0.12   -47.82 f   -47.94 (VIOLATED)
   ibex_top_inst/gen_regfile_ff.register_file_i/g_rf_flops[21].rf_reg_q_reg[12]/D     0.12   -47.82 f   -47.94 (VIOLATED)
   ibex_top_inst/gen_regfile_ff.register_file_i/g_rf_flops[21].rf_reg_q_reg[14]/D     0.12   -47.82 f   -47.94 (VIOLATED)
   ibex_top_inst/gen_regfile_ff.register_file_i/g_rf_flops[22].rf_reg_q_reg[9]/D     0.12   -47.82 f   -47.94 (VIOLATED)
   ibex_top_inst/gen_regfile_ff.register_file_i/g_rf_flops[22].rf_reg_q_reg[10]/D     0.12   -47.82 f   -47.94 (VIOLATED)
   ibex_top_inst/gen_regfile_ff.register_file_i/g_rf_flops[22].rf_reg_q_reg[12]/D     0.12   -47.82 f   -47.94 (VIOLATED)
   ibex_top_inst/gen_regfile_ff.register_file_i/g_rf_flops[22].rf_reg_q_reg[14]/D     0.12   -47.82 f   -47.94 (VIOLATED)
   ibex_top_inst/gen_regfile_ff.register_file_i/g_rf_flops[23].rf_reg_q_reg[9]/D     0.12   -47.82 f   -47.94 (VIOLATED)
   ibex_top_inst/gen_regfile_ff.register_file_i/g_rf_flops[23].rf_reg_q_reg[10]/D     0.12   -47.82 f   -47.94 (VIOLATED)
   ibex_top_inst/gen_regfile_ff.register_file_i/g_rf_flops[23].rf_reg_q_reg[12]/D     0.12   -47.82 f   -47.94 (VIOLATED)
   ibex_top_inst/gen_regfile_ff.register_file_i/g_rf_flops[23].rf_reg_q_reg[14]/D     0.12   -47.82 f   -47.94 (VIOLATED)
   ibex_top_inst/gen_regfile_ff.register_file_i/g_rf_flops[24].rf_reg_q_reg[9]/D     0.12   -47.82 f   -47.94 (VIOLATED)
   ibex_top_inst/gen_regfile_ff.register_file_i/g_rf_flops[24].rf_reg_q_reg[10]/D     0.12   -47.82 f   -47.94 (VIOLATED)
   ibex_top_inst/gen_regfile_ff.register_file_i/g_rf_flops[24].rf_reg_q_reg[12]/D     0.12   -47.82 f   -47.94 (VIOLATED)
   ibex_top_inst/gen_regfile_ff.register_file_i/g_rf_flops[24].rf_reg_q_reg[14]/D     0.12   -47.82 f   -47.94 (VIOLATED)
   ibex_top_inst/gen_regfile_ff.register_file_i/g_rf_flops[25].rf_reg_q_reg[9]/D     0.12   -47.82 f   -47.94 (VIOLATED)
   ibex_top_inst/gen_regfile_ff.register_file_i/g_rf_flops[25].rf_reg_q_reg[10]/D     0.12   -47.82 f   -47.94 (VIOLATED)
   ibex_top_inst/gen_regfile_ff.register_file_i/g_rf_flops[25].rf_reg_q_reg[12]/D     0.12   -47.82 f   -47.94 (VIOLATED)
   ibex_top_inst/gen_regfile_ff.register_file_i/g_rf_flops[25].rf_reg_q_reg[14]/D     0.12   -47.82 f   -47.94 (VIOLATED)
   ibex_top_inst/gen_regfile_ff.register_file_i/g_rf_flops[26].rf_reg_q_reg[9]/D     0.12   -47.82 f   -47.94 (VIOLATED)
   ibex_top_inst/gen_regfile_ff.register_file_i/g_rf_flops[26].rf_reg_q_reg[10]/D     0.12   -47.82 f   -47.94 (VIOLATED)
   ibex_top_inst/gen_regfile_ff.register_file_i/g_rf_flops[26].rf_reg_q_reg[12]/D     0.12   -47.82 f   -47.94 (VIOLATED)
   ibex_top_inst/gen_regfile_ff.register_file_i/g_rf_flops[26].rf_reg_q_reg[14]/D     0.12   -47.82 f   -47.94 (VIOLATED)
   ibex_top_inst/gen_regfile_ff.register_file_i/g_rf_flops[27].rf_reg_q_reg[9]/D     0.12   -47.82 f   -47.94 (VIOLATED)
   ibex_top_inst/gen_regfile_ff.register_file_i/g_rf_flops[27].rf_reg_q_reg[10]/D     0.12   -47.82 f   -47.94 (VIOLATED)
   ibex_top_inst/gen_regfile_ff.register_file_i/g_rf_flops[27].rf_reg_q_reg[12]/D     0.12   -47.82 f   -47.94 (VIOLATED)
   ibex_top_inst/gen_regfile_ff.register_file_i/g_rf_flops[27].rf_reg_q_reg[14]/D     0.12   -47.82 f   -47.94 (VIOLATED)
   ibex_top_inst/gen_regfile_ff.register_file_i/g_rf_flops[28].rf_reg_q_reg[9]/D     0.12   -47.82 f   -47.94 (VIOLATED)
   ibex_top_inst/gen_regfile_ff.register_file_i/g_rf_flops[28].rf_reg_q_reg[10]/D     0.12   -47.82 f   -47.94 (VIOLATED)
   ibex_top_inst/gen_regfile_ff.register_file_i/g_rf_flops[28].rf_reg_q_reg[12]/D     0.12   -47.82 f   -47.94 (VIOLATED)
   ibex_top_inst/gen_regfile_ff.register_file_i/g_rf_flops[28].rf_reg_q_reg[14]/D     0.12   -47.82 f   -47.94 (VIOLATED)
   ibex_top_inst/gen_regfile_ff.register_file_i/g_rf_flops[29].rf_reg_q_reg[9]/D     0.12   -47.82 f   -47.94 (VIOLATED)
   ibex_top_inst/gen_regfile_ff.register_file_i/g_rf_flops[29].rf_reg_q_reg[10]/D     0.12   -47.82 f   -47.94 (VIOLATED)
   ibex_top_inst/gen_regfile_ff.register_file_i/g_rf_flops[29].rf_reg_q_reg[12]/D     0.12   -47.82 f   -47.94 (VIOLATED)
   ibex_top_inst/gen_regfile_ff.register_file_i/g_rf_flops[29].rf_reg_q_reg[14]/D     0.12   -47.82 f   -47.94 (VIOLATED)
   ibex_top_inst/gen_regfile_ff.register_file_i/g_rf_flops[30].rf_reg_q_reg[9]/D     0.12   -47.82 f   -47.94 (VIOLATED)
   ibex_top_inst/gen_regfile_ff.register_file_i/g_rf_flops[30].rf_reg_q_reg[10]/D     0.12   -47.82 f   -47.94 (VIOLATED)
   ibex_top_inst/gen_regfile_ff.register_file_i/g_rf_flops[30].rf_reg_q_reg[12]/D     0.12   -47.82 f   -47.94 (VIOLATED)
   ibex_top_inst/gen_regfile_ff.register_file_i/g_rf_flops[30].rf_reg_q_reg[14]/D     0.12   -47.82 f   -47.94 (VIOLATED)
   ibex_top_inst/gen_regfile_ff.register_file_i/g_rf_flops[1].rf_reg_q_reg[8]/D     0.12   -47.82 f   -47.94 (VIOLATED)
   ibex_top_inst/gen_regfile_ff.register_file_i/g_rf_flops[1].rf_reg_q_reg[13]/D     0.12   -47.82 f   -47.94 (VIOLATED)
   ibex_top_inst/gen_regfile_ff.register_file_i/g_rf_flops[2].rf_reg_q_reg[8]/D     0.12   -47.82 f   -47.94 (VIOLATED)
   ibex_top_inst/gen_regfile_ff.register_file_i/g_rf_flops[2].rf_reg_q_reg[13]/D     0.12   -47.82 f   -47.94 (VIOLATED)
   ibex_top_inst/gen_regfile_ff.register_file_i/g_rf_flops[3].rf_reg_q_reg[8]/D     0.12   -47.82 f   -47.94 (VIOLATED)
   ibex_top_inst/gen_regfile_ff.register_file_i/g_rf_flops[3].rf_reg_q_reg[13]/D     0.12   -47.82 f   -47.94 (VIOLATED)
   ibex_top_inst/gen_regfile_ff.register_file_i/g_rf_flops[4].rf_reg_q_reg[8]/D     0.12   -47.82 f   -47.94 (VIOLATED)
   ibex_top_inst/gen_regfile_ff.register_file_i/g_rf_flops[4].rf_reg_q_reg[13]/D     0.12   -47.82 f   -47.94 (VIOLATED)
   ibex_top_inst/gen_regfile_ff.register_file_i/g_rf_flops[5].rf_reg_q_reg[8]/D     0.12   -47.82 f   -47.94 (VIOLATED)
   ibex_top_inst/gen_regfile_ff.register_file_i/g_rf_flops[5].rf_reg_q_reg[13]/D     0.12   -47.82 f   -47.94 (VIOLATED)
   ibex_top_inst/gen_regfile_ff.register_file_i/g_rf_flops[6].rf_reg_q_reg[8]/D     0.12   -47.82 f   -47.94 (VIOLATED)
   ibex_top_inst/gen_regfile_ff.register_file_i/g_rf_flops[6].rf_reg_q_reg[13]/D     0.12   -47.82 f   -47.94 (VIOLATED)
   ibex_top_inst/gen_regfile_ff.register_file_i/g_rf_flops[7].rf_reg_q_reg[8]/D     0.12   -47.82 f   -47.94 (VIOLATED)
   ibex_top_inst/gen_regfile_ff.register_file_i/g_rf_flops[7].rf_reg_q_reg[13]/D     0.12   -47.82 f   -47.94 (VIOLATED)
   ibex_top_inst/gen_regfile_ff.register_file_i/g_rf_flops[8].rf_reg_q_reg[8]/D     0.12   -47.82 f   -47.94 (VIOLATED)
   ibex_top_inst/gen_regfile_ff.register_file_i/g_rf_flops[8].rf_reg_q_reg[13]/D     0.12   -47.82 f   -47.94 (VIOLATED)
   ibex_top_inst/gen_regfile_ff.register_file_i/g_rf_flops[9].rf_reg_q_reg[8]/D     0.12   -47.82 f   -47.94 (VIOLATED)
   ibex_top_inst/gen_regfile_ff.register_file_i/g_rf_flops[9].rf_reg_q_reg[13]/D     0.12   -47.82 f   -47.94 (VIOLATED)
   ibex_top_inst/gen_regfile_ff.register_file_i/g_rf_flops[10].rf_reg_q_reg[8]/D     0.12   -47.82 f   -47.94 (VIOLATED)
   ibex_top_inst/gen_regfile_ff.register_file_i/g_rf_flops[10].rf_reg_q_reg[13]/D     0.12   -47.82 f   -47.94 (VIOLATED)
   ibex_top_inst/gen_regfile_ff.register_file_i/g_rf_flops[11].rf_reg_q_reg[8]/D     0.12   -47.82 f   -47.94 (VIOLATED)
   ibex_top_inst/gen_regfile_ff.register_file_i/g_rf_flops[11].rf_reg_q_reg[13]/D     0.12   -47.82 f   -47.94 (VIOLATED)
   ibex_top_inst/gen_regfile_ff.register_file_i/g_rf_flops[12].rf_reg_q_reg[8]/D     0.12   -47.82 f   -47.94 (VIOLATED)
   ibex_top_inst/gen_regfile_ff.register_file_i/g_rf_flops[12].rf_reg_q_reg[13]/D     0.12   -47.82 f   -47.94 (VIOLATED)
   ibex_top_inst/gen_regfile_ff.register_file_i/g_rf_flops[13].rf_reg_q_reg[8]/D     0.12   -47.82 f   -47.94 (VIOLATED)
   ibex_top_inst/gen_regfile_ff.register_file_i/g_rf_flops[13].rf_reg_q_reg[13]/D     0.12   -47.82 f   -47.94 (VIOLATED)
   ibex_top_inst/gen_regfile_ff.register_file_i/g_rf_flops[14].rf_reg_q_reg[8]/D     0.12   -47.82 f   -47.94 (VIOLATED)
   ibex_top_inst/gen_regfile_ff.register_file_i/g_rf_flops[14].rf_reg_q_reg[13]/D     0.12   -47.82 f   -47.94 (VIOLATED)
   ibex_top_inst/gen_regfile_ff.register_file_i/g_rf_flops[15].rf_reg_q_reg[8]/D     0.12   -47.82 f   -47.94 (VIOLATED)
   ibex_top_inst/gen_regfile_ff.register_file_i/g_rf_flops[15].rf_reg_q_reg[13]/D     0.12   -47.82 f   -47.94 (VIOLATED)
   ibex_top_inst/gen_regfile_ff.register_file_i/g_rf_flops[16].rf_reg_q_reg[8]/D     0.12   -47.82 f   -47.94 (VIOLATED)
   ibex_top_inst/gen_regfile_ff.register_file_i/g_rf_flops[16].rf_reg_q_reg[13]/D     0.12   -47.82 f   -47.94 (VIOLATED)
   ibex_top_inst/gen_regfile_ff.register_file_i/g_rf_flops[17].rf_reg_q_reg[8]/D     0.12   -47.82 f   -47.94 (VIOLATED)
   ibex_top_inst/gen_regfile_ff.register_file_i/g_rf_flops[17].rf_reg_q_reg[13]/D     0.12   -47.82 f   -47.94 (VIOLATED)
   ibex_top_inst/gen_regfile_ff.register_file_i/g_rf_flops[18].rf_reg_q_reg[8]/D     0.12   -47.82 f   -47.94 (VIOLATED)
   ibex_top_inst/gen_regfile_ff.register_file_i/g_rf_flops[18].rf_reg_q_reg[13]/D     0.12   -47.82 f   -47.94 (VIOLATED)
   ibex_top_inst/gen_regfile_ff.register_file_i/g_rf_flops[19].rf_reg_q_reg[8]/D     0.12   -47.82 f   -47.94 (VIOLATED)
   ibex_top_inst/gen_regfile_ff.register_file_i/g_rf_flops[19].rf_reg_q_reg[13]/D     0.12   -47.82 f   -47.94 (VIOLATED)
   ibex_top_inst/gen_regfile_ff.register_file_i/g_rf_flops[20].rf_reg_q_reg[8]/D     0.12   -47.82 f   -47.94 (VIOLATED)
   ibex_top_inst/gen_regfile_ff.register_file_i/g_rf_flops[20].rf_reg_q_reg[13]/D     0.12   -47.82 f   -47.94 (VIOLATED)
   ibex_top_inst/gen_regfile_ff.register_file_i/g_rf_flops[21].rf_reg_q_reg[8]/D     0.12   -47.82 f   -47.94 (VIOLATED)
   ibex_top_inst/gen_regfile_ff.register_file_i/g_rf_flops[21].rf_reg_q_reg[13]/D     0.12   -47.82 f   -47.94 (VIOLATED)
   ibex_top_inst/gen_regfile_ff.register_file_i/g_rf_flops[22].rf_reg_q_reg[8]/D     0.12   -47.82 f   -47.94 (VIOLATED)
   ibex_top_inst/gen_regfile_ff.register_file_i/g_rf_flops[22].rf_reg_q_reg[13]/D     0.12   -47.82 f   -47.94 (VIOLATED)
   ibex_top_inst/gen_regfile_ff.register_file_i/g_rf_flops[23].rf_reg_q_reg[8]/D     0.12   -47.82 f   -47.94 (VIOLATED)
   ibex_top_inst/gen_regfile_ff.register_file_i/g_rf_flops[23].rf_reg_q_reg[13]/D     0.12   -47.82 f   -47.94 (VIOLATED)
   ibex_top_inst/gen_regfile_ff.register_file_i/g_rf_flops[24].rf_reg_q_reg[8]/D     0.12   -47.82 f   -47.94 (VIOLATED)
   ibex_top_inst/gen_regfile_ff.register_file_i/g_rf_flops[24].rf_reg_q_reg[13]/D     0.12   -47.82 f   -47.94 (VIOLATED)
   ibex_top_inst/gen_regfile_ff.register_file_i/g_rf_flops[25].rf_reg_q_reg[8]/D     0.12   -47.82 f   -47.94 (VIOLATED)
   ibex_top_inst/gen_regfile_ff.register_file_i/g_rf_flops[25].rf_reg_q_reg[13]/D     0.12   -47.82 f   -47.94 (VIOLATED)
   ibex_top_inst/gen_regfile_ff.register_file_i/g_rf_flops[26].rf_reg_q_reg[8]/D     0.12   -47.82 f   -47.94 (VIOLATED)
   ibex_top_inst/gen_regfile_ff.register_file_i/g_rf_flops[26].rf_reg_q_reg[13]/D     0.12   -47.82 f   -47.94 (VIOLATED)
   ibex_top_inst/gen_regfile_ff.register_file_i/g_rf_flops[27].rf_reg_q_reg[8]/D     0.12   -47.82 f   -47.94 (VIOLATED)
   ibex_top_inst/gen_regfile_ff.register_file_i/g_rf_flops[27].rf_reg_q_reg[13]/D     0.12   -47.82 f   -47.94 (VIOLATED)
   ibex_top_inst/gen_regfile_ff.register_file_i/g_rf_flops[28].rf_reg_q_reg[8]/D     0.12   -47.82 f   -47.94 (VIOLATED)
   ibex_top_inst/gen_regfile_ff.register_file_i/g_rf_flops[28].rf_reg_q_reg[13]/D     0.12   -47.82 f   -47.94 (VIOLATED)
   ibex_top_inst/gen_regfile_ff.register_file_i/g_rf_flops[29].rf_reg_q_reg[8]/D     0.12   -47.82 f   -47.94 (VIOLATED)
   ibex_top_inst/gen_regfile_ff.register_file_i/g_rf_flops[29].rf_reg_q_reg[13]/D     0.12   -47.82 f   -47.94 (VIOLATED)
   ibex_top_inst/gen_regfile_ff.register_file_i/g_rf_flops[30].rf_reg_q_reg[8]/D     0.12   -47.82 f   -47.94 (VIOLATED)
   ibex_top_inst/gen_regfile_ff.register_file_i/g_rf_flops[30].rf_reg_q_reg[13]/D     0.12   -47.82 f   -47.94 (VIOLATED)
   ibex_top_inst/gen_regfile_ff.register_file_i/g_rf_flops[1].rf_reg_q_reg[11]/D     0.12   -47.81 f   -47.93 (VIOLATED)
   ibex_top_inst/gen_regfile_ff.register_file_i/g_rf_flops[2].rf_reg_q_reg[11]/D     0.12   -47.81 f   -47.93 (VIOLATED)
   ibex_top_inst/gen_regfile_ff.register_file_i/g_rf_flops[3].rf_reg_q_reg[11]/D     0.12   -47.81 f   -47.93 (VIOLATED)
   ibex_top_inst/gen_regfile_ff.register_file_i/g_rf_flops[4].rf_reg_q_reg[11]/D     0.12   -47.81 f   -47.93 (VIOLATED)
   ibex_top_inst/gen_regfile_ff.register_file_i/g_rf_flops[5].rf_reg_q_reg[11]/D     0.12   -47.81 f   -47.93 (VIOLATED)
   ibex_top_inst/gen_regfile_ff.register_file_i/g_rf_flops[6].rf_reg_q_reg[11]/D     0.12   -47.81 f   -47.93 (VIOLATED)
   ibex_top_inst/gen_regfile_ff.register_file_i/g_rf_flops[7].rf_reg_q_reg[11]/D     0.12   -47.81 f   -47.93 (VIOLATED)
   ibex_top_inst/gen_regfile_ff.register_file_i/g_rf_flops[8].rf_reg_q_reg[11]/D     0.12   -47.81 f   -47.93 (VIOLATED)
   ibex_top_inst/gen_regfile_ff.register_file_i/g_rf_flops[9].rf_reg_q_reg[11]/D     0.12   -47.81 f   -47.93 (VIOLATED)
   ibex_top_inst/gen_regfile_ff.register_file_i/g_rf_flops[10].rf_reg_q_reg[11]/D     0.12   -47.81 f   -47.93 (VIOLATED)
   ibex_top_inst/gen_regfile_ff.register_file_i/g_rf_flops[11].rf_reg_q_reg[11]/D     0.12   -47.81 f   -47.93 (VIOLATED)
   ibex_top_inst/gen_regfile_ff.register_file_i/g_rf_flops[12].rf_reg_q_reg[11]/D     0.12   -47.81 f   -47.93 (VIOLATED)
   ibex_top_inst/gen_regfile_ff.register_file_i/g_rf_flops[13].rf_reg_q_reg[11]/D     0.12   -47.81 f   -47.93 (VIOLATED)
   ibex_top_inst/gen_regfile_ff.register_file_i/g_rf_flops[14].rf_reg_q_reg[11]/D     0.12   -47.81 f   -47.93 (VIOLATED)
   ibex_top_inst/gen_regfile_ff.register_file_i/g_rf_flops[15].rf_reg_q_reg[11]/D     0.12   -47.81 f   -47.93 (VIOLATED)
   ibex_top_inst/gen_regfile_ff.register_file_i/g_rf_flops[16].rf_reg_q_reg[11]/D     0.12   -47.81 f   -47.93 (VIOLATED)
   ibex_top_inst/gen_regfile_ff.register_file_i/g_rf_flops[17].rf_reg_q_reg[11]/D     0.12   -47.81 f   -47.93 (VIOLATED)
   ibex_top_inst/gen_regfile_ff.register_file_i/g_rf_flops[18].rf_reg_q_reg[11]/D     0.12   -47.81 f   -47.93 (VIOLATED)
   ibex_top_inst/gen_regfile_ff.register_file_i/g_rf_flops[19].rf_reg_q_reg[11]/D     0.12   -47.81 f   -47.93 (VIOLATED)
   ibex_top_inst/gen_regfile_ff.register_file_i/g_rf_flops[20].rf_reg_q_reg[11]/D     0.12   -47.81 f   -47.93 (VIOLATED)
   ibex_top_inst/gen_regfile_ff.register_file_i/g_rf_flops[21].rf_reg_q_reg[11]/D     0.12   -47.81 f   -47.93 (VIOLATED)
   ibex_top_inst/gen_regfile_ff.register_file_i/g_rf_flops[22].rf_reg_q_reg[11]/D     0.12   -47.81 f   -47.93 (VIOLATED)
   ibex_top_inst/gen_regfile_ff.register_file_i/g_rf_flops[23].rf_reg_q_reg[11]/D     0.12   -47.81 f   -47.93 (VIOLATED)
   ibex_top_inst/gen_regfile_ff.register_file_i/g_rf_flops[24].rf_reg_q_reg[11]/D     0.12   -47.81 f   -47.93 (VIOLATED)
   ibex_top_inst/gen_regfile_ff.register_file_i/g_rf_flops[25].rf_reg_q_reg[11]/D     0.12   -47.81 f   -47.93 (VIOLATED)
   ibex_top_inst/gen_regfile_ff.register_file_i/g_rf_flops[26].rf_reg_q_reg[11]/D     0.12   -47.81 f   -47.93 (VIOLATED)
   ibex_top_inst/gen_regfile_ff.register_file_i/g_rf_flops[27].rf_reg_q_reg[11]/D     0.12   -47.81 f   -47.93 (VIOLATED)
   ibex_top_inst/gen_regfile_ff.register_file_i/g_rf_flops[28].rf_reg_q_reg[11]/D     0.12   -47.81 f   -47.93 (VIOLATED)
   ibex_top_inst/gen_regfile_ff.register_file_i/g_rf_flops[29].rf_reg_q_reg[11]/D     0.12   -47.81 f   -47.93 (VIOLATED)
   ibex_top_inst/gen_regfile_ff.register_file_i/g_rf_flops[30].rf_reg_q_reg[11]/D     0.12   -47.81 f   -47.93 (VIOLATED)
   ibex_top_inst/gen_regfile_ff.register_file_i/g_rf_flops[31].rf_reg_q_reg[16]/D     0.12   -47.81 f   -47.93 (VIOLATED)
   ibex_top_inst/gen_regfile_ff.register_file_i/g_rf_flops[31].rf_reg_q_reg[23]/D     0.12   -47.81 f   -47.93 (VIOLATED)
   ibex_top_inst/gen_regfile_ff.register_file_i/g_rf_flops[31].rf_reg_q_reg[29]/D     0.12   -47.81 f   -47.93 (VIOLATED)
   ibex_top_inst/gen_regfile_ff.register_file_i/g_rf_flops[31].rf_reg_q_reg[19]/D     0.12   -47.81 f   -47.93 (VIOLATED)
   ibex_top_inst/gen_regfile_ff.register_file_i/g_rf_flops[31].rf_reg_q_reg[21]/D     0.12   -47.81 f   -47.93 (VIOLATED)
   ibex_top_inst/gen_regfile_ff.register_file_i/g_rf_flops[31].rf_reg_q_reg[22]/D     0.12   -47.81 f   -47.93 (VIOLATED)
   ibex_top_inst/gen_regfile_ff.register_file_i/g_rf_flops[31].rf_reg_q_reg[25]/D     0.12   -47.81 f   -47.93 (VIOLATED)
   ibex_top_inst/gen_regfile_ff.register_file_i/g_rf_flops[31].rf_reg_q_reg[24]/D     0.12   -47.81 f   -47.93 (VIOLATED)
   ibex_top_inst/gen_regfile_ff.register_file_i/g_rf_flops[31].rf_reg_q_reg[26]/D     0.12   -47.81 f   -47.93 (VIOLATED)
   ibex_top_inst/gen_regfile_ff.register_file_i/g_rf_flops[31].rf_reg_q_reg[28]/D     0.12   -47.81 f   -47.93 (VIOLATED)
   ibex_top_inst/gen_regfile_ff.register_file_i/g_rf_flops[31].rf_reg_q_reg[17]/D     0.12   -47.81 f   -47.93 (VIOLATED)
   ibex_top_inst/gen_regfile_ff.register_file_i/g_rf_flops[31].rf_reg_q_reg[18]/D     0.12   -47.81 f   -47.93 (VIOLATED)
   ibex_top_inst/gen_regfile_ff.register_file_i/g_rf_flops[31].rf_reg_q_reg[27]/D     0.12   -47.81 f   -47.93 (VIOLATED)
   ibex_top_inst/gen_regfile_ff.register_file_i/g_rf_flops[31].rf_reg_q_reg[30]/D     0.12   -47.81 f   -47.93 (VIOLATED)
   ibex_top_inst/gen_regfile_ff.register_file_i/g_rf_flops[21].rf_reg_q_reg[20]/D     0.12   -47.80 f   -47.92 (VIOLATED)
   ibex_top_inst/gen_regfile_ff.register_file_i/g_rf_flops[23].rf_reg_q_reg[20]/D     0.12   -47.80 f   -47.92 (VIOLATED)
   ibex_top_inst/gen_regfile_ff.register_file_i/g_rf_flops[25].rf_reg_q_reg[20]/D     0.12   -47.80 f   -47.92 (VIOLATED)
   ibex_top_inst/gen_regfile_ff.register_file_i/g_rf_flops[27].rf_reg_q_reg[20]/D     0.12   -47.80 f   -47.92 (VIOLATED)
   ibex_top_inst/gen_regfile_ff.register_file_i/g_rf_flops[29].rf_reg_q_reg[20]/D     0.12   -47.80 f   -47.92 (VIOLATED)
   ibex_top_inst/gen_regfile_ff.register_file_i/g_rf_flops[31].rf_reg_q_reg[20]/D     0.12   -47.80 f   -47.92 (VIOLATED)
   ibex_top_inst/gen_regfile_ff.register_file_i/g_rf_flops[1].rf_reg_q_reg[31]/D     0.12   -47.80 f   -47.92 (VIOLATED)
   ibex_top_inst/gen_regfile_ff.register_file_i/g_rf_flops[2].rf_reg_q_reg[31]/D     0.12   -47.80 f   -47.92 (VIOLATED)
   ibex_top_inst/gen_regfile_ff.register_file_i/g_rf_flops[3].rf_reg_q_reg[31]/D     0.12   -47.80 f   -47.92 (VIOLATED)
   ibex_top_inst/gen_regfile_ff.register_file_i/g_rf_flops[4].rf_reg_q_reg[31]/D     0.12   -47.80 f   -47.92 (VIOLATED)
   ibex_top_inst/gen_regfile_ff.register_file_i/g_rf_flops[5].rf_reg_q_reg[31]/D     0.12   -47.80 f   -47.92 (VIOLATED)
   ibex_top_inst/gen_regfile_ff.register_file_i/g_rf_flops[6].rf_reg_q_reg[31]/D     0.12   -47.80 f   -47.92 (VIOLATED)
   ibex_top_inst/gen_regfile_ff.register_file_i/g_rf_flops[7].rf_reg_q_reg[31]/D     0.12   -47.80 f   -47.92 (VIOLATED)
   ibex_top_inst/gen_regfile_ff.register_file_i/g_rf_flops[8].rf_reg_q_reg[31]/D     0.12   -47.80 f   -47.92 (VIOLATED)
   ibex_top_inst/gen_regfile_ff.register_file_i/g_rf_flops[9].rf_reg_q_reg[31]/D     0.12   -47.80 f   -47.92 (VIOLATED)
   ibex_top_inst/gen_regfile_ff.register_file_i/g_rf_flops[10].rf_reg_q_reg[31]/D     0.12   -47.80 f   -47.92 (VIOLATED)
   ibex_top_inst/gen_regfile_ff.register_file_i/g_rf_flops[11].rf_reg_q_reg[31]/D     0.12   -47.80 f   -47.92 (VIOLATED)
   ibex_top_inst/gen_regfile_ff.register_file_i/g_rf_flops[12].rf_reg_q_reg[31]/D     0.12   -47.80 f   -47.92 (VIOLATED)
   ibex_top_inst/gen_regfile_ff.register_file_i/g_rf_flops[13].rf_reg_q_reg[31]/D     0.12   -47.80 f   -47.92 (VIOLATED)
   ibex_top_inst/gen_regfile_ff.register_file_i/g_rf_flops[14].rf_reg_q_reg[31]/D     0.12   -47.80 f   -47.92 (VIOLATED)
   ibex_top_inst/gen_regfile_ff.register_file_i/g_rf_flops[15].rf_reg_q_reg[31]/D     0.12   -47.80 f   -47.92 (VIOLATED)
   ibex_top_inst/gen_regfile_ff.register_file_i/g_rf_flops[16].rf_reg_q_reg[31]/D     0.12   -47.80 f   -47.92 (VIOLATED)
   ibex_top_inst/gen_regfile_ff.register_file_i/g_rf_flops[17].rf_reg_q_reg[31]/D     0.12   -47.80 f   -47.92 (VIOLATED)
   ibex_top_inst/gen_regfile_ff.register_file_i/g_rf_flops[18].rf_reg_q_reg[31]/D     0.12   -47.80 f   -47.92 (VIOLATED)
   ibex_top_inst/gen_regfile_ff.register_file_i/g_rf_flops[19].rf_reg_q_reg[31]/D     0.12   -47.80 f   -47.92 (VIOLATED)
   ibex_top_inst/gen_regfile_ff.register_file_i/g_rf_flops[20].rf_reg_q_reg[31]/D     0.12   -47.80 f   -47.92 (VIOLATED)
   ibex_top_inst/gen_regfile_ff.register_file_i/g_rf_flops[21].rf_reg_q_reg[31]/D     0.12   -47.80 f   -47.92 (VIOLATED)
   ibex_top_inst/gen_regfile_ff.register_file_i/g_rf_flops[22].rf_reg_q_reg[31]/D     0.12   -47.80 f   -47.92 (VIOLATED)
   ibex_top_inst/gen_regfile_ff.register_file_i/g_rf_flops[23].rf_reg_q_reg[31]/D     0.12   -47.80 f   -47.92 (VIOLATED)
   ibex_top_inst/gen_regfile_ff.register_file_i/g_rf_flops[24].rf_reg_q_reg[31]/D     0.12   -47.80 f   -47.92 (VIOLATED)
   ibex_top_inst/gen_regfile_ff.register_file_i/g_rf_flops[25].rf_reg_q_reg[31]/D     0.12   -47.80 f   -47.92 (VIOLATED)
   ibex_top_inst/gen_regfile_ff.register_file_i/g_rf_flops[26].rf_reg_q_reg[31]/D     0.12   -47.80 f   -47.92 (VIOLATED)
   ibex_top_inst/gen_regfile_ff.register_file_i/g_rf_flops[27].rf_reg_q_reg[31]/D     0.12   -47.80 f   -47.92 (VIOLATED)
   ibex_top_inst/gen_regfile_ff.register_file_i/g_rf_flops[28].rf_reg_q_reg[31]/D     0.12   -47.80 f   -47.92 (VIOLATED)
   ibex_top_inst/gen_regfile_ff.register_file_i/g_rf_flops[29].rf_reg_q_reg[31]/D     0.12   -47.80 f   -47.92 (VIOLATED)
   ibex_top_inst/gen_regfile_ff.register_file_i/g_rf_flops[30].rf_reg_q_reg[31]/D     0.12   -47.80 f   -47.92 (VIOLATED)
   ibex_top_inst/gen_regfile_ff.register_file_i/g_rf_flops[1].rf_reg_q_reg[16]/D     0.12   -47.76 f   -47.88 (VIOLATED)
   ibex_top_inst/gen_regfile_ff.register_file_i/g_rf_flops[1].rf_reg_q_reg[23]/D     0.12   -47.76 f   -47.88 (VIOLATED)
   ibex_top_inst/gen_regfile_ff.register_file_i/g_rf_flops[1].rf_reg_q_reg[29]/D     0.12   -47.76 f   -47.88 (VIOLATED)
   ibex_top_inst/gen_regfile_ff.register_file_i/g_rf_flops[2].rf_reg_q_reg[16]/D     0.12   -47.76 f   -47.88 (VIOLATED)
   ibex_top_inst/gen_regfile_ff.register_file_i/g_rf_flops[2].rf_reg_q_reg[23]/D     0.12   -47.76 f   -47.88 (VIOLATED)
   ibex_top_inst/gen_regfile_ff.register_file_i/g_rf_flops[2].rf_reg_q_reg[29]/D     0.12   -47.76 f   -47.88 (VIOLATED)
   ibex_top_inst/gen_regfile_ff.register_file_i/g_rf_flops[3].rf_reg_q_reg[16]/D     0.12   -47.76 f   -47.88 (VIOLATED)
   ibex_top_inst/gen_regfile_ff.register_file_i/g_rf_flops[3].rf_reg_q_reg[23]/D     0.12   -47.76 f   -47.88 (VIOLATED)
   ibex_top_inst/gen_regfile_ff.register_file_i/g_rf_flops[3].rf_reg_q_reg[29]/D     0.12   -47.76 f   -47.88 (VIOLATED)
   ibex_top_inst/gen_regfile_ff.register_file_i/g_rf_flops[4].rf_reg_q_reg[16]/D     0.12   -47.76 f   -47.88 (VIOLATED)
   ibex_top_inst/gen_regfile_ff.register_file_i/g_rf_flops[4].rf_reg_q_reg[23]/D     0.12   -47.76 f   -47.88 (VIOLATED)
   ibex_top_inst/gen_regfile_ff.register_file_i/g_rf_flops[4].rf_reg_q_reg[29]/D     0.12   -47.76 f   -47.88 (VIOLATED)
   ibex_top_inst/gen_regfile_ff.register_file_i/g_rf_flops[5].rf_reg_q_reg[16]/D     0.12   -47.76 f   -47.88 (VIOLATED)
   ibex_top_inst/gen_regfile_ff.register_file_i/g_rf_flops[5].rf_reg_q_reg[23]/D     0.12   -47.76 f   -47.88 (VIOLATED)
   ibex_top_inst/gen_regfile_ff.register_file_i/g_rf_flops[5].rf_reg_q_reg[29]/D     0.12   -47.76 f   -47.88 (VIOLATED)
   ibex_top_inst/gen_regfile_ff.register_file_i/g_rf_flops[6].rf_reg_q_reg[16]/D     0.12   -47.76 f   -47.88 (VIOLATED)
   ibex_top_inst/gen_regfile_ff.register_file_i/g_rf_flops[6].rf_reg_q_reg[23]/D     0.12   -47.76 f   -47.88 (VIOLATED)
   ibex_top_inst/gen_regfile_ff.register_file_i/g_rf_flops[6].rf_reg_q_reg[29]/D     0.12   -47.76 f   -47.88 (VIOLATED)
   ibex_top_inst/gen_regfile_ff.register_file_i/g_rf_flops[7].rf_reg_q_reg[16]/D     0.12   -47.76 f   -47.88 (VIOLATED)
   ibex_top_inst/gen_regfile_ff.register_file_i/g_rf_flops[7].rf_reg_q_reg[23]/D     0.12   -47.76 f   -47.88 (VIOLATED)
   ibex_top_inst/gen_regfile_ff.register_file_i/g_rf_flops[7].rf_reg_q_reg[29]/D     0.12   -47.76 f   -47.88 (VIOLATED)
   ibex_top_inst/gen_regfile_ff.register_file_i/g_rf_flops[8].rf_reg_q_reg[16]/D     0.12   -47.76 f   -47.88 (VIOLATED)
   ibex_top_inst/gen_regfile_ff.register_file_i/g_rf_flops[8].rf_reg_q_reg[23]/D     0.12   -47.76 f   -47.88 (VIOLATED)
   ibex_top_inst/gen_regfile_ff.register_file_i/g_rf_flops[8].rf_reg_q_reg[29]/D     0.12   -47.76 f   -47.88 (VIOLATED)
   ibex_top_inst/gen_regfile_ff.register_file_i/g_rf_flops[9].rf_reg_q_reg[16]/D     0.12   -47.76 f   -47.88 (VIOLATED)
   ibex_top_inst/gen_regfile_ff.register_file_i/g_rf_flops[9].rf_reg_q_reg[23]/D     0.12   -47.76 f   -47.88 (VIOLATED)
   ibex_top_inst/gen_regfile_ff.register_file_i/g_rf_flops[9].rf_reg_q_reg[29]/D     0.12   -47.76 f   -47.88 (VIOLATED)
   ibex_top_inst/gen_regfile_ff.register_file_i/g_rf_flops[10].rf_reg_q_reg[16]/D     0.12   -47.76 f   -47.88 (VIOLATED)
   ibex_top_inst/gen_regfile_ff.register_file_i/g_rf_flops[10].rf_reg_q_reg[23]/D     0.12   -47.76 f   -47.88 (VIOLATED)
   ibex_top_inst/gen_regfile_ff.register_file_i/g_rf_flops[10].rf_reg_q_reg[29]/D     0.12   -47.76 f   -47.88 (VIOLATED)
   ibex_top_inst/gen_regfile_ff.register_file_i/g_rf_flops[11].rf_reg_q_reg[16]/D     0.12   -47.76 f   -47.88 (VIOLATED)
   ibex_top_inst/gen_regfile_ff.register_file_i/g_rf_flops[11].rf_reg_q_reg[23]/D     0.12   -47.76 f   -47.88 (VIOLATED)
   ibex_top_inst/gen_regfile_ff.register_file_i/g_rf_flops[11].rf_reg_q_reg[29]/D     0.12   -47.76 f   -47.88 (VIOLATED)
   ibex_top_inst/gen_regfile_ff.register_file_i/g_rf_flops[12].rf_reg_q_reg[16]/D     0.12   -47.76 f   -47.88 (VIOLATED)
   ibex_top_inst/gen_regfile_ff.register_file_i/g_rf_flops[12].rf_reg_q_reg[23]/D     0.12   -47.76 f   -47.88 (VIOLATED)
   ibex_top_inst/gen_regfile_ff.register_file_i/g_rf_flops[12].rf_reg_q_reg[29]/D     0.12   -47.76 f   -47.88 (VIOLATED)
   ibex_top_inst/gen_regfile_ff.register_file_i/g_rf_flops[13].rf_reg_q_reg[16]/D     0.12   -47.76 f   -47.88 (VIOLATED)
   ibex_top_inst/gen_regfile_ff.register_file_i/g_rf_flops[13].rf_reg_q_reg[23]/D     0.12   -47.76 f   -47.88 (VIOLATED)
   ibex_top_inst/gen_regfile_ff.register_file_i/g_rf_flops[13].rf_reg_q_reg[29]/D     0.12   -47.76 f   -47.88 (VIOLATED)
   ibex_top_inst/gen_regfile_ff.register_file_i/g_rf_flops[14].rf_reg_q_reg[16]/D     0.12   -47.76 f   -47.88 (VIOLATED)
   ibex_top_inst/gen_regfile_ff.register_file_i/g_rf_flops[14].rf_reg_q_reg[23]/D     0.12   -47.76 f   -47.88 (VIOLATED)
   ibex_top_inst/gen_regfile_ff.register_file_i/g_rf_flops[14].rf_reg_q_reg[29]/D     0.12   -47.76 f   -47.88 (VIOLATED)
   ibex_top_inst/gen_regfile_ff.register_file_i/g_rf_flops[15].rf_reg_q_reg[16]/D     0.12   -47.76 f   -47.88 (VIOLATED)
   ibex_top_inst/gen_regfile_ff.register_file_i/g_rf_flops[15].rf_reg_q_reg[23]/D     0.12   -47.76 f   -47.88 (VIOLATED)
   ibex_top_inst/gen_regfile_ff.register_file_i/g_rf_flops[15].rf_reg_q_reg[29]/D     0.12   -47.76 f   -47.88 (VIOLATED)
   ibex_top_inst/gen_regfile_ff.register_file_i/g_rf_flops[16].rf_reg_q_reg[16]/D     0.12   -47.76 f   -47.88 (VIOLATED)
   ibex_top_inst/gen_regfile_ff.register_file_i/g_rf_flops[16].rf_reg_q_reg[23]/D     0.12   -47.76 f   -47.88 (VIOLATED)
   ibex_top_inst/gen_regfile_ff.register_file_i/g_rf_flops[16].rf_reg_q_reg[29]/D     0.12   -47.76 f   -47.88 (VIOLATED)
   ibex_top_inst/gen_regfile_ff.register_file_i/g_rf_flops[17].rf_reg_q_reg[16]/D     0.12   -47.76 f   -47.88 (VIOLATED)
   ibex_top_inst/gen_regfile_ff.register_file_i/g_rf_flops[17].rf_reg_q_reg[23]/D     0.12   -47.76 f   -47.88 (VIOLATED)
   ibex_top_inst/gen_regfile_ff.register_file_i/g_rf_flops[17].rf_reg_q_reg[29]/D     0.12   -47.76 f   -47.88 (VIOLATED)
   ibex_top_inst/gen_regfile_ff.register_file_i/g_rf_flops[18].rf_reg_q_reg[16]/D     0.12   -47.76 f   -47.88 (VIOLATED)
   ibex_top_inst/gen_regfile_ff.register_file_i/g_rf_flops[18].rf_reg_q_reg[23]/D     0.12   -47.76 f   -47.88 (VIOLATED)
   ibex_top_inst/gen_regfile_ff.register_file_i/g_rf_flops[18].rf_reg_q_reg[29]/D     0.12   -47.76 f   -47.88 (VIOLATED)
   ibex_top_inst/gen_regfile_ff.register_file_i/g_rf_flops[19].rf_reg_q_reg[16]/D     0.12   -47.76 f   -47.88 (VIOLATED)
   ibex_top_inst/gen_regfile_ff.register_file_i/g_rf_flops[19].rf_reg_q_reg[23]/D     0.12   -47.76 f   -47.88 (VIOLATED)
   ibex_top_inst/gen_regfile_ff.register_file_i/g_rf_flops[19].rf_reg_q_reg[29]/D     0.12   -47.76 f   -47.88 (VIOLATED)
   ibex_top_inst/gen_regfile_ff.register_file_i/g_rf_flops[20].rf_reg_q_reg[16]/D     0.12   -47.76 f   -47.88 (VIOLATED)
   ibex_top_inst/gen_regfile_ff.register_file_i/g_rf_flops[20].rf_reg_q_reg[23]/D     0.12   -47.76 f   -47.88 (VIOLATED)
   ibex_top_inst/gen_regfile_ff.register_file_i/g_rf_flops[20].rf_reg_q_reg[29]/D     0.12   -47.76 f   -47.88 (VIOLATED)
   ibex_top_inst/gen_regfile_ff.register_file_i/g_rf_flops[21].rf_reg_q_reg[16]/D     0.12   -47.76 f   -47.88 (VIOLATED)
   ibex_top_inst/gen_regfile_ff.register_file_i/g_rf_flops[21].rf_reg_q_reg[23]/D     0.12   -47.76 f   -47.88 (VIOLATED)
   ibex_top_inst/gen_regfile_ff.register_file_i/g_rf_flops[21].rf_reg_q_reg[29]/D     0.12   -47.76 f   -47.88 (VIOLATED)
   ibex_top_inst/gen_regfile_ff.register_file_i/g_rf_flops[22].rf_reg_q_reg[16]/D     0.12   -47.76 f   -47.88 (VIOLATED)
   ibex_top_inst/gen_regfile_ff.register_file_i/g_rf_flops[22].rf_reg_q_reg[23]/D     0.12   -47.76 f   -47.88 (VIOLATED)
   ibex_top_inst/gen_regfile_ff.register_file_i/g_rf_flops[22].rf_reg_q_reg[29]/D     0.12   -47.76 f   -47.88 (VIOLATED)
   ibex_top_inst/gen_regfile_ff.register_file_i/g_rf_flops[23].rf_reg_q_reg[16]/D     0.12   -47.76 f   -47.88 (VIOLATED)
   ibex_top_inst/gen_regfile_ff.register_file_i/g_rf_flops[23].rf_reg_q_reg[23]/D     0.12   -47.76 f   -47.88 (VIOLATED)
   ibex_top_inst/gen_regfile_ff.register_file_i/g_rf_flops[23].rf_reg_q_reg[29]/D     0.12   -47.76 f   -47.88 (VIOLATED)
   ibex_top_inst/gen_regfile_ff.register_file_i/g_rf_flops[24].rf_reg_q_reg[16]/D     0.12   -47.76 f   -47.88 (VIOLATED)
   ibex_top_inst/gen_regfile_ff.register_file_i/g_rf_flops[24].rf_reg_q_reg[23]/D     0.12   -47.76 f   -47.88 (VIOLATED)
   ibex_top_inst/gen_regfile_ff.register_file_i/g_rf_flops[24].rf_reg_q_reg[29]/D     0.12   -47.76 f   -47.88 (VIOLATED)
   ibex_top_inst/gen_regfile_ff.register_file_i/g_rf_flops[25].rf_reg_q_reg[16]/D     0.12   -47.76 f   -47.88 (VIOLATED)
   ibex_top_inst/gen_regfile_ff.register_file_i/g_rf_flops[25].rf_reg_q_reg[23]/D     0.12   -47.76 f   -47.88 (VIOLATED)
   ibex_top_inst/gen_regfile_ff.register_file_i/g_rf_flops[25].rf_reg_q_reg[29]/D     0.12   -47.76 f   -47.88 (VIOLATED)
   ibex_top_inst/gen_regfile_ff.register_file_i/g_rf_flops[26].rf_reg_q_reg[16]/D     0.12   -47.76 f   -47.88 (VIOLATED)
   ibex_top_inst/gen_regfile_ff.register_file_i/g_rf_flops[26].rf_reg_q_reg[23]/D     0.12   -47.76 f   -47.88 (VIOLATED)
   ibex_top_inst/gen_regfile_ff.register_file_i/g_rf_flops[26].rf_reg_q_reg[29]/D     0.12   -47.76 f   -47.88 (VIOLATED)
   ibex_top_inst/gen_regfile_ff.register_file_i/g_rf_flops[27].rf_reg_q_reg[16]/D     0.12   -47.76 f   -47.88 (VIOLATED)
   ibex_top_inst/gen_regfile_ff.register_file_i/g_rf_flops[27].rf_reg_q_reg[23]/D     0.12   -47.76 f   -47.88 (VIOLATED)
   ibex_top_inst/gen_regfile_ff.register_file_i/g_rf_flops[27].rf_reg_q_reg[29]/D     0.12   -47.76 f   -47.88 (VIOLATED)
   ibex_top_inst/gen_regfile_ff.register_file_i/g_rf_flops[28].rf_reg_q_reg[16]/D     0.12   -47.76 f   -47.88 (VIOLATED)
   ibex_top_inst/gen_regfile_ff.register_file_i/g_rf_flops[28].rf_reg_q_reg[23]/D     0.12   -47.76 f   -47.88 (VIOLATED)
   ibex_top_inst/gen_regfile_ff.register_file_i/g_rf_flops[28].rf_reg_q_reg[29]/D     0.12   -47.76 f   -47.88 (VIOLATED)
   ibex_top_inst/gen_regfile_ff.register_file_i/g_rf_flops[29].rf_reg_q_reg[16]/D     0.12   -47.76 f   -47.88 (VIOLATED)
   ibex_top_inst/gen_regfile_ff.register_file_i/g_rf_flops[29].rf_reg_q_reg[23]/D     0.12   -47.76 f   -47.88 (VIOLATED)
   ibex_top_inst/gen_regfile_ff.register_file_i/g_rf_flops[29].rf_reg_q_reg[29]/D     0.12   -47.76 f   -47.88 (VIOLATED)
   ibex_top_inst/gen_regfile_ff.register_file_i/g_rf_flops[30].rf_reg_q_reg[16]/D     0.12   -47.76 f   -47.88 (VIOLATED)
   ibex_top_inst/gen_regfile_ff.register_file_i/g_rf_flops[30].rf_reg_q_reg[23]/D     0.12   -47.76 f   -47.88 (VIOLATED)
   ibex_top_inst/gen_regfile_ff.register_file_i/g_rf_flops[30].rf_reg_q_reg[29]/D     0.12   -47.76 f   -47.88 (VIOLATED)
   ibex_top_inst/gen_regfile_ff.register_file_i/g_rf_flops[1].rf_reg_q_reg[19]/D     0.12   -47.76 f   -47.88 (VIOLATED)
   ibex_top_inst/gen_regfile_ff.register_file_i/g_rf_flops[1].rf_reg_q_reg[21]/D     0.12   -47.76 f   -47.88 (VIOLATED)
   ibex_top_inst/gen_regfile_ff.register_file_i/g_rf_flops[1].rf_reg_q_reg[22]/D     0.12   -47.76 f   -47.88 (VIOLATED)
   ibex_top_inst/gen_regfile_ff.register_file_i/g_rf_flops[1].rf_reg_q_reg[25]/D     0.12   -47.76 f   -47.88 (VIOLATED)
   ibex_top_inst/gen_regfile_ff.register_file_i/g_rf_flops[2].rf_reg_q_reg[19]/D     0.12   -47.76 f   -47.88 (VIOLATED)
   ibex_top_inst/gen_regfile_ff.register_file_i/g_rf_flops[2].rf_reg_q_reg[21]/D     0.12   -47.76 f   -47.88 (VIOLATED)
   ibex_top_inst/gen_regfile_ff.register_file_i/g_rf_flops[2].rf_reg_q_reg[22]/D     0.12   -47.76 f   -47.88 (VIOLATED)
   ibex_top_inst/gen_regfile_ff.register_file_i/g_rf_flops[2].rf_reg_q_reg[25]/D     0.12   -47.76 f   -47.88 (VIOLATED)
   ibex_top_inst/gen_regfile_ff.register_file_i/g_rf_flops[3].rf_reg_q_reg[19]/D     0.12   -47.76 f   -47.88 (VIOLATED)
   ibex_top_inst/gen_regfile_ff.register_file_i/g_rf_flops[3].rf_reg_q_reg[21]/D     0.12   -47.76 f   -47.88 (VIOLATED)
   ibex_top_inst/gen_regfile_ff.register_file_i/g_rf_flops[3].rf_reg_q_reg[22]/D     0.12   -47.76 f   -47.88 (VIOLATED)
   ibex_top_inst/gen_regfile_ff.register_file_i/g_rf_flops[3].rf_reg_q_reg[25]/D     0.12   -47.76 f   -47.88 (VIOLATED)
   ibex_top_inst/gen_regfile_ff.register_file_i/g_rf_flops[4].rf_reg_q_reg[19]/D     0.12   -47.76 f   -47.88 (VIOLATED)
   ibex_top_inst/gen_regfile_ff.register_file_i/g_rf_flops[4].rf_reg_q_reg[21]/D     0.12   -47.76 f   -47.88 (VIOLATED)
   ibex_top_inst/gen_regfile_ff.register_file_i/g_rf_flops[4].rf_reg_q_reg[22]/D     0.12   -47.76 f   -47.88 (VIOLATED)
   ibex_top_inst/gen_regfile_ff.register_file_i/g_rf_flops[4].rf_reg_q_reg[25]/D     0.12   -47.76 f   -47.88 (VIOLATED)
   ibex_top_inst/gen_regfile_ff.register_file_i/g_rf_flops[5].rf_reg_q_reg[19]/D     0.12   -47.76 f   -47.88 (VIOLATED)
   ibex_top_inst/gen_regfile_ff.register_file_i/g_rf_flops[5].rf_reg_q_reg[21]/D     0.12   -47.76 f   -47.88 (VIOLATED)
   ibex_top_inst/gen_regfile_ff.register_file_i/g_rf_flops[5].rf_reg_q_reg[22]/D     0.12   -47.76 f   -47.88 (VIOLATED)
   ibex_top_inst/gen_regfile_ff.register_file_i/g_rf_flops[5].rf_reg_q_reg[25]/D     0.12   -47.76 f   -47.88 (VIOLATED)
   ibex_top_inst/gen_regfile_ff.register_file_i/g_rf_flops[6].rf_reg_q_reg[19]/D     0.12   -47.76 f   -47.88 (VIOLATED)
   ibex_top_inst/gen_regfile_ff.register_file_i/g_rf_flops[6].rf_reg_q_reg[21]/D     0.12   -47.76 f   -47.88 (VIOLATED)
   ibex_top_inst/gen_regfile_ff.register_file_i/g_rf_flops[6].rf_reg_q_reg[22]/D     0.12   -47.76 f   -47.88 (VIOLATED)
   ibex_top_inst/gen_regfile_ff.register_file_i/g_rf_flops[6].rf_reg_q_reg[25]/D     0.12   -47.76 f   -47.88 (VIOLATED)
   ibex_top_inst/gen_regfile_ff.register_file_i/g_rf_flops[7].rf_reg_q_reg[19]/D     0.12   -47.76 f   -47.88 (VIOLATED)
   ibex_top_inst/gen_regfile_ff.register_file_i/g_rf_flops[7].rf_reg_q_reg[21]/D     0.12   -47.76 f   -47.88 (VIOLATED)
   ibex_top_inst/gen_regfile_ff.register_file_i/g_rf_flops[7].rf_reg_q_reg[22]/D     0.12   -47.76 f   -47.88 (VIOLATED)
   ibex_top_inst/gen_regfile_ff.register_file_i/g_rf_flops[7].rf_reg_q_reg[25]/D     0.12   -47.76 f   -47.88 (VIOLATED)
   ibex_top_inst/gen_regfile_ff.register_file_i/g_rf_flops[8].rf_reg_q_reg[19]/D     0.12   -47.76 f   -47.88 (VIOLATED)
   ibex_top_inst/gen_regfile_ff.register_file_i/g_rf_flops[8].rf_reg_q_reg[21]/D     0.12   -47.76 f   -47.88 (VIOLATED)
   ibex_top_inst/gen_regfile_ff.register_file_i/g_rf_flops[8].rf_reg_q_reg[22]/D     0.12   -47.76 f   -47.88 (VIOLATED)
   ibex_top_inst/gen_regfile_ff.register_file_i/g_rf_flops[8].rf_reg_q_reg[25]/D     0.12   -47.76 f   -47.88 (VIOLATED)
   ibex_top_inst/gen_regfile_ff.register_file_i/g_rf_flops[9].rf_reg_q_reg[19]/D     0.12   -47.76 f   -47.88 (VIOLATED)
   ibex_top_inst/gen_regfile_ff.register_file_i/g_rf_flops[9].rf_reg_q_reg[21]/D     0.12   -47.76 f   -47.88 (VIOLATED)
   ibex_top_inst/gen_regfile_ff.register_file_i/g_rf_flops[9].rf_reg_q_reg[22]/D     0.12   -47.76 f   -47.88 (VIOLATED)
   ibex_top_inst/gen_regfile_ff.register_file_i/g_rf_flops[9].rf_reg_q_reg[25]/D     0.12   -47.76 f   -47.88 (VIOLATED)
   ibex_top_inst/gen_regfile_ff.register_file_i/g_rf_flops[10].rf_reg_q_reg[19]/D     0.12   -47.76 f   -47.88 (VIOLATED)
   ibex_top_inst/gen_regfile_ff.register_file_i/g_rf_flops[10].rf_reg_q_reg[21]/D     0.12   -47.76 f   -47.88 (VIOLATED)
   ibex_top_inst/gen_regfile_ff.register_file_i/g_rf_flops[10].rf_reg_q_reg[22]/D     0.12   -47.76 f   -47.88 (VIOLATED)
   ibex_top_inst/gen_regfile_ff.register_file_i/g_rf_flops[10].rf_reg_q_reg[25]/D     0.12   -47.76 f   -47.88 (VIOLATED)
   ibex_top_inst/gen_regfile_ff.register_file_i/g_rf_flops[11].rf_reg_q_reg[19]/D     0.12   -47.76 f   -47.88 (VIOLATED)
   ibex_top_inst/gen_regfile_ff.register_file_i/g_rf_flops[11].rf_reg_q_reg[21]/D     0.12   -47.76 f   -47.88 (VIOLATED)
   ibex_top_inst/gen_regfile_ff.register_file_i/g_rf_flops[11].rf_reg_q_reg[22]/D     0.12   -47.76 f   -47.88 (VIOLATED)
   ibex_top_inst/gen_regfile_ff.register_file_i/g_rf_flops[11].rf_reg_q_reg[25]/D     0.12   -47.76 f   -47.88 (VIOLATED)
   ibex_top_inst/gen_regfile_ff.register_file_i/g_rf_flops[12].rf_reg_q_reg[19]/D     0.12   -47.76 f   -47.88 (VIOLATED)
   ibex_top_inst/gen_regfile_ff.register_file_i/g_rf_flops[12].rf_reg_q_reg[21]/D     0.12   -47.76 f   -47.88 (VIOLATED)
   ibex_top_inst/gen_regfile_ff.register_file_i/g_rf_flops[12].rf_reg_q_reg[22]/D     0.12   -47.76 f   -47.88 (VIOLATED)
   ibex_top_inst/gen_regfile_ff.register_file_i/g_rf_flops[12].rf_reg_q_reg[25]/D     0.12   -47.76 f   -47.88 (VIOLATED)
   ibex_top_inst/gen_regfile_ff.register_file_i/g_rf_flops[13].rf_reg_q_reg[19]/D     0.12   -47.76 f   -47.88 (VIOLATED)
   ibex_top_inst/gen_regfile_ff.register_file_i/g_rf_flops[13].rf_reg_q_reg[21]/D     0.12   -47.76 f   -47.88 (VIOLATED)
   ibex_top_inst/gen_regfile_ff.register_file_i/g_rf_flops[13].rf_reg_q_reg[22]/D     0.12   -47.76 f   -47.88 (VIOLATED)
   ibex_top_inst/gen_regfile_ff.register_file_i/g_rf_flops[13].rf_reg_q_reg[25]/D     0.12   -47.76 f   -47.88 (VIOLATED)
   ibex_top_inst/gen_regfile_ff.register_file_i/g_rf_flops[14].rf_reg_q_reg[19]/D     0.12   -47.76 f   -47.88 (VIOLATED)
   ibex_top_inst/gen_regfile_ff.register_file_i/g_rf_flops[14].rf_reg_q_reg[21]/D     0.12   -47.76 f   -47.88 (VIOLATED)
   ibex_top_inst/gen_regfile_ff.register_file_i/g_rf_flops[14].rf_reg_q_reg[22]/D     0.12   -47.76 f   -47.88 (VIOLATED)
   ibex_top_inst/gen_regfile_ff.register_file_i/g_rf_flops[14].rf_reg_q_reg[25]/D     0.12   -47.76 f   -47.88 (VIOLATED)
   ibex_top_inst/gen_regfile_ff.register_file_i/g_rf_flops[15].rf_reg_q_reg[19]/D     0.12   -47.76 f   -47.88 (VIOLATED)
   ibex_top_inst/gen_regfile_ff.register_file_i/g_rf_flops[15].rf_reg_q_reg[21]/D     0.12   -47.76 f   -47.88 (VIOLATED)
   ibex_top_inst/gen_regfile_ff.register_file_i/g_rf_flops[15].rf_reg_q_reg[22]/D     0.12   -47.76 f   -47.88 (VIOLATED)
   ibex_top_inst/gen_regfile_ff.register_file_i/g_rf_flops[15].rf_reg_q_reg[25]/D     0.12   -47.76 f   -47.88 (VIOLATED)
   ibex_top_inst/gen_regfile_ff.register_file_i/g_rf_flops[16].rf_reg_q_reg[19]/D     0.12   -47.76 f   -47.88 (VIOLATED)
   ibex_top_inst/gen_regfile_ff.register_file_i/g_rf_flops[16].rf_reg_q_reg[21]/D     0.12   -47.76 f   -47.88 (VIOLATED)
   ibex_top_inst/gen_regfile_ff.register_file_i/g_rf_flops[16].rf_reg_q_reg[22]/D     0.12   -47.76 f   -47.88 (VIOLATED)
   ibex_top_inst/gen_regfile_ff.register_file_i/g_rf_flops[16].rf_reg_q_reg[25]/D     0.12   -47.76 f   -47.88 (VIOLATED)
   ibex_top_inst/gen_regfile_ff.register_file_i/g_rf_flops[17].rf_reg_q_reg[19]/D     0.12   -47.76 f   -47.88 (VIOLATED)
   ibex_top_inst/gen_regfile_ff.register_file_i/g_rf_flops[17].rf_reg_q_reg[21]/D     0.12   -47.76 f   -47.88 (VIOLATED)
   ibex_top_inst/gen_regfile_ff.register_file_i/g_rf_flops[17].rf_reg_q_reg[22]/D     0.12   -47.76 f   -47.88 (VIOLATED)
   ibex_top_inst/gen_regfile_ff.register_file_i/g_rf_flops[17].rf_reg_q_reg[25]/D     0.12   -47.76 f   -47.88 (VIOLATED)
   ibex_top_inst/gen_regfile_ff.register_file_i/g_rf_flops[18].rf_reg_q_reg[19]/D     0.12   -47.76 f   -47.88 (VIOLATED)
   ibex_top_inst/gen_regfile_ff.register_file_i/g_rf_flops[18].rf_reg_q_reg[21]/D     0.12   -47.76 f   -47.88 (VIOLATED)
   ibex_top_inst/gen_regfile_ff.register_file_i/g_rf_flops[18].rf_reg_q_reg[22]/D     0.12   -47.76 f   -47.88 (VIOLATED)
   ibex_top_inst/gen_regfile_ff.register_file_i/g_rf_flops[18].rf_reg_q_reg[25]/D     0.12   -47.76 f   -47.88 (VIOLATED)
   ibex_top_inst/gen_regfile_ff.register_file_i/g_rf_flops[19].rf_reg_q_reg[19]/D     0.12   -47.76 f   -47.88 (VIOLATED)
   ibex_top_inst/gen_regfile_ff.register_file_i/g_rf_flops[19].rf_reg_q_reg[21]/D     0.12   -47.76 f   -47.88 (VIOLATED)
   ibex_top_inst/gen_regfile_ff.register_file_i/g_rf_flops[19].rf_reg_q_reg[22]/D     0.12   -47.76 f   -47.88 (VIOLATED)
   ibex_top_inst/gen_regfile_ff.register_file_i/g_rf_flops[19].rf_reg_q_reg[25]/D     0.12   -47.76 f   -47.88 (VIOLATED)
   ibex_top_inst/gen_regfile_ff.register_file_i/g_rf_flops[20].rf_reg_q_reg[19]/D     0.12   -47.76 f   -47.88 (VIOLATED)
   ibex_top_inst/gen_regfile_ff.register_file_i/g_rf_flops[20].rf_reg_q_reg[21]/D     0.12   -47.76 f   -47.88 (VIOLATED)
   ibex_top_inst/gen_regfile_ff.register_file_i/g_rf_flops[20].rf_reg_q_reg[22]/D     0.12   -47.76 f   -47.88 (VIOLATED)
   ibex_top_inst/gen_regfile_ff.register_file_i/g_rf_flops[20].rf_reg_q_reg[25]/D     0.12   -47.76 f   -47.88 (VIOLATED)
   ibex_top_inst/gen_regfile_ff.register_file_i/g_rf_flops[21].rf_reg_q_reg[19]/D     0.12   -47.76 f   -47.88 (VIOLATED)
   ibex_top_inst/gen_regfile_ff.register_file_i/g_rf_flops[21].rf_reg_q_reg[21]/D     0.12   -47.76 f   -47.88 (VIOLATED)
   ibex_top_inst/gen_regfile_ff.register_file_i/g_rf_flops[21].rf_reg_q_reg[22]/D     0.12   -47.76 f   -47.88 (VIOLATED)
   ibex_top_inst/gen_regfile_ff.register_file_i/g_rf_flops[21].rf_reg_q_reg[25]/D     0.12   -47.76 f   -47.88 (VIOLATED)
   ibex_top_inst/gen_regfile_ff.register_file_i/g_rf_flops[22].rf_reg_q_reg[19]/D     0.12   -47.76 f   -47.88 (VIOLATED)
   ibex_top_inst/gen_regfile_ff.register_file_i/g_rf_flops[22].rf_reg_q_reg[21]/D     0.12   -47.76 f   -47.88 (VIOLATED)
   ibex_top_inst/gen_regfile_ff.register_file_i/g_rf_flops[22].rf_reg_q_reg[22]/D     0.12   -47.76 f   -47.88 (VIOLATED)
   ibex_top_inst/gen_regfile_ff.register_file_i/g_rf_flops[22].rf_reg_q_reg[25]/D     0.12   -47.76 f   -47.88 (VIOLATED)
   ibex_top_inst/gen_regfile_ff.register_file_i/g_rf_flops[23].rf_reg_q_reg[19]/D     0.12   -47.76 f   -47.88 (VIOLATED)
   ibex_top_inst/gen_regfile_ff.register_file_i/g_rf_flops[23].rf_reg_q_reg[21]/D     0.12   -47.76 f   -47.88 (VIOLATED)
   ibex_top_inst/gen_regfile_ff.register_file_i/g_rf_flops[23].rf_reg_q_reg[22]/D     0.12   -47.76 f   -47.88 (VIOLATED)
   ibex_top_inst/gen_regfile_ff.register_file_i/g_rf_flops[23].rf_reg_q_reg[25]/D     0.12   -47.76 f   -47.88 (VIOLATED)
   ibex_top_inst/gen_regfile_ff.register_file_i/g_rf_flops[24].rf_reg_q_reg[19]/D     0.12   -47.76 f   -47.88 (VIOLATED)
   ibex_top_inst/gen_regfile_ff.register_file_i/g_rf_flops[24].rf_reg_q_reg[21]/D     0.12   -47.76 f   -47.88 (VIOLATED)
   ibex_top_inst/gen_regfile_ff.register_file_i/g_rf_flops[24].rf_reg_q_reg[22]/D     0.12   -47.76 f   -47.88 (VIOLATED)
   ibex_top_inst/gen_regfile_ff.register_file_i/g_rf_flops[24].rf_reg_q_reg[25]/D     0.12   -47.76 f   -47.88 (VIOLATED)
   ibex_top_inst/gen_regfile_ff.register_file_i/g_rf_flops[25].rf_reg_q_reg[19]/D     0.12   -47.76 f   -47.88 (VIOLATED)
   ibex_top_inst/gen_regfile_ff.register_file_i/g_rf_flops[25].rf_reg_q_reg[21]/D     0.12   -47.76 f   -47.88 (VIOLATED)
   ibex_top_inst/gen_regfile_ff.register_file_i/g_rf_flops[25].rf_reg_q_reg[22]/D     0.12   -47.76 f   -47.88 (VIOLATED)
   ibex_top_inst/gen_regfile_ff.register_file_i/g_rf_flops[25].rf_reg_q_reg[25]/D     0.12   -47.76 f   -47.88 (VIOLATED)
   ibex_top_inst/gen_regfile_ff.register_file_i/g_rf_flops[26].rf_reg_q_reg[19]/D     0.12   -47.76 f   -47.88 (VIOLATED)
   ibex_top_inst/gen_regfile_ff.register_file_i/g_rf_flops[26].rf_reg_q_reg[21]/D     0.12   -47.76 f   -47.88 (VIOLATED)
   ibex_top_inst/gen_regfile_ff.register_file_i/g_rf_flops[26].rf_reg_q_reg[22]/D     0.12   -47.76 f   -47.88 (VIOLATED)
   ibex_top_inst/gen_regfile_ff.register_file_i/g_rf_flops[26].rf_reg_q_reg[25]/D     0.12   -47.76 f   -47.88 (VIOLATED)
   ibex_top_inst/gen_regfile_ff.register_file_i/g_rf_flops[27].rf_reg_q_reg[19]/D     0.12   -47.76 f   -47.88 (VIOLATED)
   ibex_top_inst/gen_regfile_ff.register_file_i/g_rf_flops[27].rf_reg_q_reg[21]/D     0.12   -47.76 f   -47.88 (VIOLATED)
   ibex_top_inst/gen_regfile_ff.register_file_i/g_rf_flops[27].rf_reg_q_reg[22]/D     0.12   -47.76 f   -47.88 (VIOLATED)
   ibex_top_inst/gen_regfile_ff.register_file_i/g_rf_flops[27].rf_reg_q_reg[25]/D     0.12   -47.76 f   -47.88 (VIOLATED)
   ibex_top_inst/gen_regfile_ff.register_file_i/g_rf_flops[28].rf_reg_q_reg[19]/D     0.12   -47.76 f   -47.88 (VIOLATED)
   ibex_top_inst/gen_regfile_ff.register_file_i/g_rf_flops[28].rf_reg_q_reg[21]/D     0.12   -47.76 f   -47.88 (VIOLATED)
   ibex_top_inst/gen_regfile_ff.register_file_i/g_rf_flops[28].rf_reg_q_reg[22]/D     0.12   -47.76 f   -47.88 (VIOLATED)
   ibex_top_inst/gen_regfile_ff.register_file_i/g_rf_flops[28].rf_reg_q_reg[25]/D     0.12   -47.76 f   -47.88 (VIOLATED)
   ibex_top_inst/gen_regfile_ff.register_file_i/g_rf_flops[29].rf_reg_q_reg[19]/D     0.12   -47.76 f   -47.88 (VIOLATED)
   ibex_top_inst/gen_regfile_ff.register_file_i/g_rf_flops[29].rf_reg_q_reg[21]/D     0.12   -47.76 f   -47.88 (VIOLATED)
   ibex_top_inst/gen_regfile_ff.register_file_i/g_rf_flops[29].rf_reg_q_reg[22]/D     0.12   -47.76 f   -47.88 (VIOLATED)
   ibex_top_inst/gen_regfile_ff.register_file_i/g_rf_flops[29].rf_reg_q_reg[25]/D     0.12   -47.76 f   -47.88 (VIOLATED)
   ibex_top_inst/gen_regfile_ff.register_file_i/g_rf_flops[30].rf_reg_q_reg[19]/D     0.12   -47.76 f   -47.88 (VIOLATED)
   ibex_top_inst/gen_regfile_ff.register_file_i/g_rf_flops[30].rf_reg_q_reg[21]/D     0.12   -47.76 f   -47.88 (VIOLATED)
   ibex_top_inst/gen_regfile_ff.register_file_i/g_rf_flops[30].rf_reg_q_reg[22]/D     0.12   -47.76 f   -47.88 (VIOLATED)
   ibex_top_inst/gen_regfile_ff.register_file_i/g_rf_flops[30].rf_reg_q_reg[25]/D     0.12   -47.76 f   -47.88 (VIOLATED)
   ibex_top_inst/gen_regfile_ff.register_file_i/g_rf_flops[1].rf_reg_q_reg[24]/D     0.12   -47.76 f   -47.88 (VIOLATED)
   ibex_top_inst/gen_regfile_ff.register_file_i/g_rf_flops[1].rf_reg_q_reg[26]/D     0.12   -47.76 f   -47.88 (VIOLATED)
   ibex_top_inst/gen_regfile_ff.register_file_i/g_rf_flops[1].rf_reg_q_reg[28]/D     0.12   -47.76 f   -47.88 (VIOLATED)
   ibex_top_inst/gen_regfile_ff.register_file_i/g_rf_flops[2].rf_reg_q_reg[24]/D     0.12   -47.76 f   -47.88 (VIOLATED)
   ibex_top_inst/gen_regfile_ff.register_file_i/g_rf_flops[2].rf_reg_q_reg[26]/D     0.12   -47.76 f   -47.88 (VIOLATED)
   ibex_top_inst/gen_regfile_ff.register_file_i/g_rf_flops[2].rf_reg_q_reg[28]/D     0.12   -47.76 f   -47.88 (VIOLATED)
   ibex_top_inst/gen_regfile_ff.register_file_i/g_rf_flops[3].rf_reg_q_reg[24]/D     0.12   -47.76 f   -47.88 (VIOLATED)
   ibex_top_inst/gen_regfile_ff.register_file_i/g_rf_flops[3].rf_reg_q_reg[26]/D     0.12   -47.76 f   -47.88 (VIOLATED)
   ibex_top_inst/gen_regfile_ff.register_file_i/g_rf_flops[3].rf_reg_q_reg[28]/D     0.12   -47.76 f   -47.88 (VIOLATED)
   ibex_top_inst/gen_regfile_ff.register_file_i/g_rf_flops[4].rf_reg_q_reg[24]/D     0.12   -47.76 f   -47.88 (VIOLATED)
   ibex_top_inst/gen_regfile_ff.register_file_i/g_rf_flops[4].rf_reg_q_reg[26]/D     0.12   -47.76 f   -47.88 (VIOLATED)
   ibex_top_inst/gen_regfile_ff.register_file_i/g_rf_flops[4].rf_reg_q_reg[28]/D     0.12   -47.76 f   -47.88 (VIOLATED)
   ibex_top_inst/gen_regfile_ff.register_file_i/g_rf_flops[5].rf_reg_q_reg[24]/D     0.12   -47.76 f   -47.88 (VIOLATED)
   ibex_top_inst/gen_regfile_ff.register_file_i/g_rf_flops[5].rf_reg_q_reg[26]/D     0.12   -47.76 f   -47.88 (VIOLATED)
   ibex_top_inst/gen_regfile_ff.register_file_i/g_rf_flops[5].rf_reg_q_reg[28]/D     0.12   -47.76 f   -47.88 (VIOLATED)
   ibex_top_inst/gen_regfile_ff.register_file_i/g_rf_flops[6].rf_reg_q_reg[24]/D     0.12   -47.76 f   -47.88 (VIOLATED)
   ibex_top_inst/gen_regfile_ff.register_file_i/g_rf_flops[6].rf_reg_q_reg[26]/D     0.12   -47.76 f   -47.88 (VIOLATED)
   ibex_top_inst/gen_regfile_ff.register_file_i/g_rf_flops[6].rf_reg_q_reg[28]/D     0.12   -47.76 f   -47.88 (VIOLATED)
   ibex_top_inst/gen_regfile_ff.register_file_i/g_rf_flops[7].rf_reg_q_reg[24]/D     0.12   -47.76 f   -47.88 (VIOLATED)
   ibex_top_inst/gen_regfile_ff.register_file_i/g_rf_flops[7].rf_reg_q_reg[26]/D     0.12   -47.76 f   -47.88 (VIOLATED)
   ibex_top_inst/gen_regfile_ff.register_file_i/g_rf_flops[7].rf_reg_q_reg[28]/D     0.12   -47.76 f   -47.88 (VIOLATED)
   ibex_top_inst/gen_regfile_ff.register_file_i/g_rf_flops[8].rf_reg_q_reg[24]/D     0.12   -47.76 f   -47.88 (VIOLATED)
   ibex_top_inst/gen_regfile_ff.register_file_i/g_rf_flops[8].rf_reg_q_reg[26]/D     0.12   -47.76 f   -47.88 (VIOLATED)
   ibex_top_inst/gen_regfile_ff.register_file_i/g_rf_flops[8].rf_reg_q_reg[28]/D     0.12   -47.76 f   -47.88 (VIOLATED)
   ibex_top_inst/gen_regfile_ff.register_file_i/g_rf_flops[9].rf_reg_q_reg[24]/D     0.12   -47.76 f   -47.88 (VIOLATED)
   ibex_top_inst/gen_regfile_ff.register_file_i/g_rf_flops[9].rf_reg_q_reg[26]/D     0.12   -47.76 f   -47.88 (VIOLATED)
   ibex_top_inst/gen_regfile_ff.register_file_i/g_rf_flops[9].rf_reg_q_reg[28]/D     0.12   -47.76 f   -47.88 (VIOLATED)
   ibex_top_inst/gen_regfile_ff.register_file_i/g_rf_flops[10].rf_reg_q_reg[24]/D     0.12   -47.76 f   -47.88 (VIOLATED)
   ibex_top_inst/gen_regfile_ff.register_file_i/g_rf_flops[10].rf_reg_q_reg[26]/D     0.12   -47.76 f   -47.88 (VIOLATED)
   ibex_top_inst/gen_regfile_ff.register_file_i/g_rf_flops[10].rf_reg_q_reg[28]/D     0.12   -47.76 f   -47.88 (VIOLATED)
   ibex_top_inst/gen_regfile_ff.register_file_i/g_rf_flops[11].rf_reg_q_reg[24]/D     0.12   -47.76 f   -47.88 (VIOLATED)
   ibex_top_inst/gen_regfile_ff.register_file_i/g_rf_flops[11].rf_reg_q_reg[26]/D     0.12   -47.76 f   -47.88 (VIOLATED)
   ibex_top_inst/gen_regfile_ff.register_file_i/g_rf_flops[11].rf_reg_q_reg[28]/D     0.12   -47.76 f   -47.88 (VIOLATED)
   ibex_top_inst/gen_regfile_ff.register_file_i/g_rf_flops[12].rf_reg_q_reg[24]/D     0.12   -47.76 f   -47.88 (VIOLATED)
   ibex_top_inst/gen_regfile_ff.register_file_i/g_rf_flops[12].rf_reg_q_reg[26]/D     0.12   -47.76 f   -47.88 (VIOLATED)
   ibex_top_inst/gen_regfile_ff.register_file_i/g_rf_flops[12].rf_reg_q_reg[28]/D     0.12   -47.76 f   -47.88 (VIOLATED)
   ibex_top_inst/gen_regfile_ff.register_file_i/g_rf_flops[13].rf_reg_q_reg[24]/D     0.12   -47.76 f   -47.88 (VIOLATED)
   ibex_top_inst/gen_regfile_ff.register_file_i/g_rf_flops[13].rf_reg_q_reg[26]/D     0.12   -47.76 f   -47.88 (VIOLATED)
   ibex_top_inst/gen_regfile_ff.register_file_i/g_rf_flops[13].rf_reg_q_reg[28]/D     0.12   -47.76 f   -47.88 (VIOLATED)
   ibex_top_inst/gen_regfile_ff.register_file_i/g_rf_flops[14].rf_reg_q_reg[24]/D     0.12   -47.76 f   -47.88 (VIOLATED)
   ibex_top_inst/gen_regfile_ff.register_file_i/g_rf_flops[14].rf_reg_q_reg[26]/D     0.12   -47.76 f   -47.88 (VIOLATED)
   ibex_top_inst/gen_regfile_ff.register_file_i/g_rf_flops[14].rf_reg_q_reg[28]/D     0.12   -47.76 f   -47.88 (VIOLATED)
   ibex_top_inst/gen_regfile_ff.register_file_i/g_rf_flops[15].rf_reg_q_reg[24]/D     0.12   -47.76 f   -47.88 (VIOLATED)
   ibex_top_inst/gen_regfile_ff.register_file_i/g_rf_flops[15].rf_reg_q_reg[26]/D     0.12   -47.76 f   -47.88 (VIOLATED)
   ibex_top_inst/gen_regfile_ff.register_file_i/g_rf_flops[15].rf_reg_q_reg[28]/D     0.12   -47.76 f   -47.88 (VIOLATED)
   ibex_top_inst/gen_regfile_ff.register_file_i/g_rf_flops[16].rf_reg_q_reg[24]/D     0.12   -47.76 f   -47.88 (VIOLATED)
   ibex_top_inst/gen_regfile_ff.register_file_i/g_rf_flops[16].rf_reg_q_reg[26]/D     0.12   -47.76 f   -47.88 (VIOLATED)
   ibex_top_inst/gen_regfile_ff.register_file_i/g_rf_flops[16].rf_reg_q_reg[28]/D     0.12   -47.76 f   -47.88 (VIOLATED)
   ibex_top_inst/gen_regfile_ff.register_file_i/g_rf_flops[17].rf_reg_q_reg[24]/D     0.12   -47.76 f   -47.88 (VIOLATED)
   ibex_top_inst/gen_regfile_ff.register_file_i/g_rf_flops[17].rf_reg_q_reg[26]/D     0.12   -47.76 f   -47.88 (VIOLATED)
   ibex_top_inst/gen_regfile_ff.register_file_i/g_rf_flops[17].rf_reg_q_reg[28]/D     0.12   -47.76 f   -47.88 (VIOLATED)
   ibex_top_inst/gen_regfile_ff.register_file_i/g_rf_flops[18].rf_reg_q_reg[24]/D     0.12   -47.76 f   -47.88 (VIOLATED)
   ibex_top_inst/gen_regfile_ff.register_file_i/g_rf_flops[18].rf_reg_q_reg[26]/D     0.12   -47.76 f   -47.88 (VIOLATED)
   ibex_top_inst/gen_regfile_ff.register_file_i/g_rf_flops[18].rf_reg_q_reg[28]/D     0.12   -47.76 f   -47.88 (VIOLATED)
   ibex_top_inst/gen_regfile_ff.register_file_i/g_rf_flops[19].rf_reg_q_reg[24]/D     0.12   -47.76 f   -47.88 (VIOLATED)
   ibex_top_inst/gen_regfile_ff.register_file_i/g_rf_flops[19].rf_reg_q_reg[26]/D     0.12   -47.76 f   -47.88 (VIOLATED)
   ibex_top_inst/gen_regfile_ff.register_file_i/g_rf_flops[19].rf_reg_q_reg[28]/D     0.12   -47.76 f   -47.88 (VIOLATED)
   ibex_top_inst/gen_regfile_ff.register_file_i/g_rf_flops[20].rf_reg_q_reg[24]/D     0.12   -47.76 f   -47.88 (VIOLATED)
   ibex_top_inst/gen_regfile_ff.register_file_i/g_rf_flops[20].rf_reg_q_reg[26]/D     0.12   -47.76 f   -47.88 (VIOLATED)
   ibex_top_inst/gen_regfile_ff.register_file_i/g_rf_flops[20].rf_reg_q_reg[28]/D     0.12   -47.76 f   -47.88 (VIOLATED)
   ibex_top_inst/gen_regfile_ff.register_file_i/g_rf_flops[21].rf_reg_q_reg[24]/D     0.12   -47.76 f   -47.88 (VIOLATED)
   ibex_top_inst/gen_regfile_ff.register_file_i/g_rf_flops[21].rf_reg_q_reg[26]/D     0.12   -47.76 f   -47.88 (VIOLATED)
   ibex_top_inst/gen_regfile_ff.register_file_i/g_rf_flops[21].rf_reg_q_reg[28]/D     0.12   -47.76 f   -47.88 (VIOLATED)
   ibex_top_inst/gen_regfile_ff.register_file_i/g_rf_flops[22].rf_reg_q_reg[24]/D     0.12   -47.76 f   -47.88 (VIOLATED)
   ibex_top_inst/gen_regfile_ff.register_file_i/g_rf_flops[22].rf_reg_q_reg[26]/D     0.12   -47.76 f   -47.88 (VIOLATED)
   ibex_top_inst/gen_regfile_ff.register_file_i/g_rf_flops[22].rf_reg_q_reg[28]/D     0.12   -47.76 f   -47.88 (VIOLATED)
   ibex_top_inst/gen_regfile_ff.register_file_i/g_rf_flops[23].rf_reg_q_reg[24]/D     0.12   -47.76 f   -47.88 (VIOLATED)
   ibex_top_inst/gen_regfile_ff.register_file_i/g_rf_flops[23].rf_reg_q_reg[26]/D     0.12   -47.76 f   -47.88 (VIOLATED)
   ibex_top_inst/gen_regfile_ff.register_file_i/g_rf_flops[23].rf_reg_q_reg[28]/D     0.12   -47.76 f   -47.88 (VIOLATED)
   ibex_top_inst/gen_regfile_ff.register_file_i/g_rf_flops[24].rf_reg_q_reg[24]/D     0.12   -47.76 f   -47.88 (VIOLATED)
   ibex_top_inst/gen_regfile_ff.register_file_i/g_rf_flops[24].rf_reg_q_reg[26]/D     0.12   -47.76 f   -47.88 (VIOLATED)
   ibex_top_inst/gen_regfile_ff.register_file_i/g_rf_flops[24].rf_reg_q_reg[28]/D     0.12   -47.76 f   -47.88 (VIOLATED)
   ibex_top_inst/gen_regfile_ff.register_file_i/g_rf_flops[25].rf_reg_q_reg[24]/D     0.12   -47.76 f   -47.88 (VIOLATED)
   ibex_top_inst/gen_regfile_ff.register_file_i/g_rf_flops[25].rf_reg_q_reg[26]/D     0.12   -47.76 f   -47.88 (VIOLATED)
   ibex_top_inst/gen_regfile_ff.register_file_i/g_rf_flops[25].rf_reg_q_reg[28]/D     0.12   -47.76 f   -47.88 (VIOLATED)
   ibex_top_inst/gen_regfile_ff.register_file_i/g_rf_flops[26].rf_reg_q_reg[24]/D     0.12   -47.76 f   -47.88 (VIOLATED)
   ibex_top_inst/gen_regfile_ff.register_file_i/g_rf_flops[26].rf_reg_q_reg[26]/D     0.12   -47.76 f   -47.88 (VIOLATED)
   ibex_top_inst/gen_regfile_ff.register_file_i/g_rf_flops[26].rf_reg_q_reg[28]/D     0.12   -47.76 f   -47.88 (VIOLATED)
   ibex_top_inst/gen_regfile_ff.register_file_i/g_rf_flops[27].rf_reg_q_reg[24]/D     0.12   -47.76 f   -47.88 (VIOLATED)
   ibex_top_inst/gen_regfile_ff.register_file_i/g_rf_flops[27].rf_reg_q_reg[26]/D     0.12   -47.76 f   -47.88 (VIOLATED)
   ibex_top_inst/gen_regfile_ff.register_file_i/g_rf_flops[27].rf_reg_q_reg[28]/D     0.12   -47.76 f   -47.88 (VIOLATED)
   ibex_top_inst/gen_regfile_ff.register_file_i/g_rf_flops[28].rf_reg_q_reg[24]/D     0.12   -47.76 f   -47.88 (VIOLATED)
   ibex_top_inst/gen_regfile_ff.register_file_i/g_rf_flops[28].rf_reg_q_reg[26]/D     0.12   -47.76 f   -47.88 (VIOLATED)
   ibex_top_inst/gen_regfile_ff.register_file_i/g_rf_flops[28].rf_reg_q_reg[28]/D     0.12   -47.76 f   -47.88 (VIOLATED)
   ibex_top_inst/gen_regfile_ff.register_file_i/g_rf_flops[29].rf_reg_q_reg[24]/D     0.12   -47.76 f   -47.88 (VIOLATED)
   ibex_top_inst/gen_regfile_ff.register_file_i/g_rf_flops[29].rf_reg_q_reg[26]/D     0.12   -47.76 f   -47.88 (VIOLATED)
   ibex_top_inst/gen_regfile_ff.register_file_i/g_rf_flops[29].rf_reg_q_reg[28]/D     0.12   -47.76 f   -47.88 (VIOLATED)
   ibex_top_inst/gen_regfile_ff.register_file_i/g_rf_flops[30].rf_reg_q_reg[24]/D     0.12   -47.76 f   -47.88 (VIOLATED)
   ibex_top_inst/gen_regfile_ff.register_file_i/g_rf_flops[30].rf_reg_q_reg[26]/D     0.12   -47.76 f   -47.88 (VIOLATED)
   ibex_top_inst/gen_regfile_ff.register_file_i/g_rf_flops[30].rf_reg_q_reg[28]/D     0.12   -47.76 f   -47.88 (VIOLATED)
   ibex_top_inst/gen_regfile_ff.register_file_i/g_rf_flops[1].rf_reg_q_reg[17]/D     0.12   -47.76 f   -47.88 (VIOLATED)
   ibex_top_inst/gen_regfile_ff.register_file_i/g_rf_flops[1].rf_reg_q_reg[18]/D     0.12   -47.76 f   -47.88 (VIOLATED)
   ibex_top_inst/gen_regfile_ff.register_file_i/g_rf_flops[1].rf_reg_q_reg[27]/D     0.12   -47.76 f   -47.88 (VIOLATED)
   ibex_top_inst/gen_regfile_ff.register_file_i/g_rf_flops[1].rf_reg_q_reg[30]/D     0.12   -47.76 f   -47.88 (VIOLATED)
   ibex_top_inst/gen_regfile_ff.register_file_i/g_rf_flops[2].rf_reg_q_reg[17]/D     0.12   -47.76 f   -47.88 (VIOLATED)
   ibex_top_inst/gen_regfile_ff.register_file_i/g_rf_flops[2].rf_reg_q_reg[18]/D     0.12   -47.76 f   -47.88 (VIOLATED)
   ibex_top_inst/gen_regfile_ff.register_file_i/g_rf_flops[2].rf_reg_q_reg[27]/D     0.12   -47.76 f   -47.88 (VIOLATED)
   ibex_top_inst/gen_regfile_ff.register_file_i/g_rf_flops[2].rf_reg_q_reg[30]/D     0.12   -47.76 f   -47.88 (VIOLATED)
   ibex_top_inst/gen_regfile_ff.register_file_i/g_rf_flops[3].rf_reg_q_reg[17]/D     0.12   -47.76 f   -47.88 (VIOLATED)
   ibex_top_inst/gen_regfile_ff.register_file_i/g_rf_flops[3].rf_reg_q_reg[18]/D     0.12   -47.76 f   -47.88 (VIOLATED)
   ibex_top_inst/gen_regfile_ff.register_file_i/g_rf_flops[3].rf_reg_q_reg[27]/D     0.12   -47.76 f   -47.88 (VIOLATED)
   ibex_top_inst/gen_regfile_ff.register_file_i/g_rf_flops[3].rf_reg_q_reg[30]/D     0.12   -47.76 f   -47.88 (VIOLATED)
   ibex_top_inst/gen_regfile_ff.register_file_i/g_rf_flops[4].rf_reg_q_reg[17]/D     0.12   -47.76 f   -47.88 (VIOLATED)
   ibex_top_inst/gen_regfile_ff.register_file_i/g_rf_flops[4].rf_reg_q_reg[18]/D     0.12   -47.76 f   -47.88 (VIOLATED)
   ibex_top_inst/gen_regfile_ff.register_file_i/g_rf_flops[4].rf_reg_q_reg[27]/D     0.12   -47.76 f   -47.88 (VIOLATED)
   ibex_top_inst/gen_regfile_ff.register_file_i/g_rf_flops[4].rf_reg_q_reg[30]/D     0.12   -47.76 f   -47.88 (VIOLATED)
   ibex_top_inst/gen_regfile_ff.register_file_i/g_rf_flops[5].rf_reg_q_reg[17]/D     0.12   -47.76 f   -47.88 (VIOLATED)
   ibex_top_inst/gen_regfile_ff.register_file_i/g_rf_flops[5].rf_reg_q_reg[18]/D     0.12   -47.76 f   -47.88 (VIOLATED)
   ibex_top_inst/gen_regfile_ff.register_file_i/g_rf_flops[5].rf_reg_q_reg[27]/D     0.12   -47.76 f   -47.88 (VIOLATED)
   ibex_top_inst/gen_regfile_ff.register_file_i/g_rf_flops[5].rf_reg_q_reg[30]/D     0.12   -47.76 f   -47.88 (VIOLATED)
   ibex_top_inst/gen_regfile_ff.register_file_i/g_rf_flops[6].rf_reg_q_reg[17]/D     0.12   -47.76 f   -47.88 (VIOLATED)
   ibex_top_inst/gen_regfile_ff.register_file_i/g_rf_flops[6].rf_reg_q_reg[18]/D     0.12   -47.76 f   -47.88 (VIOLATED)
   ibex_top_inst/gen_regfile_ff.register_file_i/g_rf_flops[6].rf_reg_q_reg[27]/D     0.12   -47.76 f   -47.88 (VIOLATED)
   ibex_top_inst/gen_regfile_ff.register_file_i/g_rf_flops[6].rf_reg_q_reg[30]/D     0.12   -47.76 f   -47.88 (VIOLATED)
   ibex_top_inst/gen_regfile_ff.register_file_i/g_rf_flops[7].rf_reg_q_reg[17]/D     0.12   -47.76 f   -47.88 (VIOLATED)
   ibex_top_inst/gen_regfile_ff.register_file_i/g_rf_flops[7].rf_reg_q_reg[18]/D     0.12   -47.76 f   -47.88 (VIOLATED)
   ibex_top_inst/gen_regfile_ff.register_file_i/g_rf_flops[7].rf_reg_q_reg[27]/D     0.12   -47.76 f   -47.88 (VIOLATED)
   ibex_top_inst/gen_regfile_ff.register_file_i/g_rf_flops[7].rf_reg_q_reg[30]/D     0.12   -47.76 f   -47.88 (VIOLATED)
   ibex_top_inst/gen_regfile_ff.register_file_i/g_rf_flops[8].rf_reg_q_reg[17]/D     0.12   -47.76 f   -47.88 (VIOLATED)
   ibex_top_inst/gen_regfile_ff.register_file_i/g_rf_flops[8].rf_reg_q_reg[18]/D     0.12   -47.76 f   -47.88 (VIOLATED)
   ibex_top_inst/gen_regfile_ff.register_file_i/g_rf_flops[8].rf_reg_q_reg[27]/D     0.12   -47.76 f   -47.88 (VIOLATED)
   ibex_top_inst/gen_regfile_ff.register_file_i/g_rf_flops[8].rf_reg_q_reg[30]/D     0.12   -47.76 f   -47.88 (VIOLATED)
   ibex_top_inst/gen_regfile_ff.register_file_i/g_rf_flops[9].rf_reg_q_reg[17]/D     0.12   -47.76 f   -47.88 (VIOLATED)
   ibex_top_inst/gen_regfile_ff.register_file_i/g_rf_flops[9].rf_reg_q_reg[18]/D     0.12   -47.76 f   -47.88 (VIOLATED)
   ibex_top_inst/gen_regfile_ff.register_file_i/g_rf_flops[9].rf_reg_q_reg[27]/D     0.12   -47.76 f   -47.88 (VIOLATED)
   ibex_top_inst/gen_regfile_ff.register_file_i/g_rf_flops[9].rf_reg_q_reg[30]/D     0.12   -47.76 f   -47.88 (VIOLATED)
   ibex_top_inst/gen_regfile_ff.register_file_i/g_rf_flops[10].rf_reg_q_reg[17]/D     0.12   -47.76 f   -47.88 (VIOLATED)
   ibex_top_inst/gen_regfile_ff.register_file_i/g_rf_flops[10].rf_reg_q_reg[18]/D     0.12   -47.76 f   -47.88 (VIOLATED)
   ibex_top_inst/gen_regfile_ff.register_file_i/g_rf_flops[10].rf_reg_q_reg[27]/D     0.12   -47.76 f   -47.88 (VIOLATED)
   ibex_top_inst/gen_regfile_ff.register_file_i/g_rf_flops[10].rf_reg_q_reg[30]/D     0.12   -47.76 f   -47.88 (VIOLATED)
   ibex_top_inst/gen_regfile_ff.register_file_i/g_rf_flops[11].rf_reg_q_reg[17]/D     0.12   -47.76 f   -47.88 (VIOLATED)
   ibex_top_inst/gen_regfile_ff.register_file_i/g_rf_flops[11].rf_reg_q_reg[18]/D     0.12   -47.76 f   -47.88 (VIOLATED)
   ibex_top_inst/gen_regfile_ff.register_file_i/g_rf_flops[11].rf_reg_q_reg[27]/D     0.12   -47.76 f   -47.88 (VIOLATED)
   ibex_top_inst/gen_regfile_ff.register_file_i/g_rf_flops[11].rf_reg_q_reg[30]/D     0.12   -47.76 f   -47.88 (VIOLATED)
   ibex_top_inst/gen_regfile_ff.register_file_i/g_rf_flops[12].rf_reg_q_reg[17]/D     0.12   -47.76 f   -47.88 (VIOLATED)
   ibex_top_inst/gen_regfile_ff.register_file_i/g_rf_flops[12].rf_reg_q_reg[18]/D     0.12   -47.76 f   -47.88 (VIOLATED)
   ibex_top_inst/gen_regfile_ff.register_file_i/g_rf_flops[12].rf_reg_q_reg[27]/D     0.12   -47.76 f   -47.88 (VIOLATED)
   ibex_top_inst/gen_regfile_ff.register_file_i/g_rf_flops[12].rf_reg_q_reg[30]/D     0.12   -47.76 f   -47.88 (VIOLATED)
   ibex_top_inst/gen_regfile_ff.register_file_i/g_rf_flops[13].rf_reg_q_reg[17]/D     0.12   -47.76 f   -47.88 (VIOLATED)
   ibex_top_inst/gen_regfile_ff.register_file_i/g_rf_flops[13].rf_reg_q_reg[18]/D     0.12   -47.76 f   -47.88 (VIOLATED)
   ibex_top_inst/gen_regfile_ff.register_file_i/g_rf_flops[13].rf_reg_q_reg[27]/D     0.12   -47.76 f   -47.88 (VIOLATED)
   ibex_top_inst/gen_regfile_ff.register_file_i/g_rf_flops[13].rf_reg_q_reg[30]/D     0.12   -47.76 f   -47.88 (VIOLATED)
   ibex_top_inst/gen_regfile_ff.register_file_i/g_rf_flops[14].rf_reg_q_reg[17]/D     0.12   -47.76 f   -47.88 (VIOLATED)
   ibex_top_inst/gen_regfile_ff.register_file_i/g_rf_flops[14].rf_reg_q_reg[18]/D     0.12   -47.76 f   -47.88 (VIOLATED)
   ibex_top_inst/gen_regfile_ff.register_file_i/g_rf_flops[14].rf_reg_q_reg[27]/D     0.12   -47.76 f   -47.88 (VIOLATED)
   ibex_top_inst/gen_regfile_ff.register_file_i/g_rf_flops[14].rf_reg_q_reg[30]/D     0.12   -47.76 f   -47.88 (VIOLATED)
   ibex_top_inst/gen_regfile_ff.register_file_i/g_rf_flops[15].rf_reg_q_reg[17]/D     0.12   -47.76 f   -47.88 (VIOLATED)
   ibex_top_inst/gen_regfile_ff.register_file_i/g_rf_flops[15].rf_reg_q_reg[18]/D     0.12   -47.76 f   -47.88 (VIOLATED)
   ibex_top_inst/gen_regfile_ff.register_file_i/g_rf_flops[15].rf_reg_q_reg[27]/D     0.12   -47.76 f   -47.88 (VIOLATED)
   ibex_top_inst/gen_regfile_ff.register_file_i/g_rf_flops[15].rf_reg_q_reg[30]/D     0.12   -47.76 f   -47.88 (VIOLATED)
   ibex_top_inst/gen_regfile_ff.register_file_i/g_rf_flops[16].rf_reg_q_reg[17]/D     0.12   -47.76 f   -47.88 (VIOLATED)
   ibex_top_inst/gen_regfile_ff.register_file_i/g_rf_flops[16].rf_reg_q_reg[18]/D     0.12   -47.76 f   -47.88 (VIOLATED)
   ibex_top_inst/gen_regfile_ff.register_file_i/g_rf_flops[16].rf_reg_q_reg[27]/D     0.12   -47.76 f   -47.88 (VIOLATED)
   ibex_top_inst/gen_regfile_ff.register_file_i/g_rf_flops[16].rf_reg_q_reg[30]/D     0.12   -47.76 f   -47.88 (VIOLATED)
   ibex_top_inst/gen_regfile_ff.register_file_i/g_rf_flops[17].rf_reg_q_reg[17]/D     0.12   -47.76 f   -47.88 (VIOLATED)
   ibex_top_inst/gen_regfile_ff.register_file_i/g_rf_flops[17].rf_reg_q_reg[18]/D     0.12   -47.76 f   -47.88 (VIOLATED)
   ibex_top_inst/gen_regfile_ff.register_file_i/g_rf_flops[17].rf_reg_q_reg[27]/D     0.12   -47.76 f   -47.88 (VIOLATED)
   ibex_top_inst/gen_regfile_ff.register_file_i/g_rf_flops[17].rf_reg_q_reg[30]/D     0.12   -47.76 f   -47.88 (VIOLATED)
   ibex_top_inst/gen_regfile_ff.register_file_i/g_rf_flops[18].rf_reg_q_reg[17]/D     0.12   -47.76 f   -47.88 (VIOLATED)
   ibex_top_inst/gen_regfile_ff.register_file_i/g_rf_flops[18].rf_reg_q_reg[18]/D     0.12   -47.76 f   -47.88 (VIOLATED)
   ibex_top_inst/gen_regfile_ff.register_file_i/g_rf_flops[18].rf_reg_q_reg[27]/D     0.12   -47.76 f   -47.88 (VIOLATED)
   ibex_top_inst/gen_regfile_ff.register_file_i/g_rf_flops[18].rf_reg_q_reg[30]/D     0.12   -47.76 f   -47.88 (VIOLATED)
   ibex_top_inst/gen_regfile_ff.register_file_i/g_rf_flops[19].rf_reg_q_reg[17]/D     0.12   -47.76 f   -47.88 (VIOLATED)
   ibex_top_inst/gen_regfile_ff.register_file_i/g_rf_flops[19].rf_reg_q_reg[18]/D     0.12   -47.76 f   -47.88 (VIOLATED)
   ibex_top_inst/gen_regfile_ff.register_file_i/g_rf_flops[19].rf_reg_q_reg[27]/D     0.12   -47.76 f   -47.88 (VIOLATED)
   ibex_top_inst/gen_regfile_ff.register_file_i/g_rf_flops[19].rf_reg_q_reg[30]/D     0.12   -47.76 f   -47.88 (VIOLATED)
   ibex_top_inst/gen_regfile_ff.register_file_i/g_rf_flops[20].rf_reg_q_reg[17]/D     0.12   -47.76 f   -47.88 (VIOLATED)
   ibex_top_inst/gen_regfile_ff.register_file_i/g_rf_flops[20].rf_reg_q_reg[18]/D     0.12   -47.76 f   -47.88 (VIOLATED)
   ibex_top_inst/gen_regfile_ff.register_file_i/g_rf_flops[20].rf_reg_q_reg[27]/D     0.12   -47.76 f   -47.88 (VIOLATED)
   ibex_top_inst/gen_regfile_ff.register_file_i/g_rf_flops[20].rf_reg_q_reg[30]/D     0.12   -47.76 f   -47.88 (VIOLATED)
   ibex_top_inst/gen_regfile_ff.register_file_i/g_rf_flops[21].rf_reg_q_reg[17]/D     0.12   -47.76 f   -47.88 (VIOLATED)
   ibex_top_inst/gen_regfile_ff.register_file_i/g_rf_flops[21].rf_reg_q_reg[18]/D     0.12   -47.76 f   -47.88 (VIOLATED)
   ibex_top_inst/gen_regfile_ff.register_file_i/g_rf_flops[21].rf_reg_q_reg[27]/D     0.12   -47.76 f   -47.88 (VIOLATED)
   ibex_top_inst/gen_regfile_ff.register_file_i/g_rf_flops[21].rf_reg_q_reg[30]/D     0.12   -47.76 f   -47.88 (VIOLATED)
   ibex_top_inst/gen_regfile_ff.register_file_i/g_rf_flops[22].rf_reg_q_reg[17]/D     0.12   -47.76 f   -47.88 (VIOLATED)
   ibex_top_inst/gen_regfile_ff.register_file_i/g_rf_flops[22].rf_reg_q_reg[18]/D     0.12   -47.76 f   -47.88 (VIOLATED)
   ibex_top_inst/gen_regfile_ff.register_file_i/g_rf_flops[22].rf_reg_q_reg[27]/D     0.12   -47.76 f   -47.88 (VIOLATED)
   ibex_top_inst/gen_regfile_ff.register_file_i/g_rf_flops[22].rf_reg_q_reg[30]/D     0.12   -47.76 f   -47.88 (VIOLATED)
   ibex_top_inst/gen_regfile_ff.register_file_i/g_rf_flops[23].rf_reg_q_reg[17]/D     0.12   -47.76 f   -47.88 (VIOLATED)
   ibex_top_inst/gen_regfile_ff.register_file_i/g_rf_flops[23].rf_reg_q_reg[18]/D     0.12   -47.76 f   -47.88 (VIOLATED)
   ibex_top_inst/gen_regfile_ff.register_file_i/g_rf_flops[23].rf_reg_q_reg[27]/D     0.12   -47.76 f   -47.88 (VIOLATED)
   ibex_top_inst/gen_regfile_ff.register_file_i/g_rf_flops[23].rf_reg_q_reg[30]/D     0.12   -47.76 f   -47.88 (VIOLATED)
   ibex_top_inst/gen_regfile_ff.register_file_i/g_rf_flops[24].rf_reg_q_reg[17]/D     0.12   -47.76 f   -47.88 (VIOLATED)
   ibex_top_inst/gen_regfile_ff.register_file_i/g_rf_flops[24].rf_reg_q_reg[18]/D     0.12   -47.76 f   -47.88 (VIOLATED)
   ibex_top_inst/gen_regfile_ff.register_file_i/g_rf_flops[24].rf_reg_q_reg[27]/D     0.12   -47.76 f   -47.88 (VIOLATED)
   ibex_top_inst/gen_regfile_ff.register_file_i/g_rf_flops[24].rf_reg_q_reg[30]/D     0.12   -47.76 f   -47.88 (VIOLATED)
   ibex_top_inst/gen_regfile_ff.register_file_i/g_rf_flops[25].rf_reg_q_reg[17]/D     0.12   -47.76 f   -47.88 (VIOLATED)
   ibex_top_inst/gen_regfile_ff.register_file_i/g_rf_flops[25].rf_reg_q_reg[18]/D     0.12   -47.76 f   -47.88 (VIOLATED)
   ibex_top_inst/gen_regfile_ff.register_file_i/g_rf_flops[25].rf_reg_q_reg[27]/D     0.12   -47.76 f   -47.88 (VIOLATED)
   ibex_top_inst/gen_regfile_ff.register_file_i/g_rf_flops[25].rf_reg_q_reg[30]/D     0.12   -47.76 f   -47.88 (VIOLATED)
   ibex_top_inst/gen_regfile_ff.register_file_i/g_rf_flops[26].rf_reg_q_reg[17]/D     0.12   -47.76 f   -47.88 (VIOLATED)
   ibex_top_inst/gen_regfile_ff.register_file_i/g_rf_flops[26].rf_reg_q_reg[18]/D     0.12   -47.76 f   -47.88 (VIOLATED)
   ibex_top_inst/gen_regfile_ff.register_file_i/g_rf_flops[26].rf_reg_q_reg[27]/D     0.12   -47.76 f   -47.88 (VIOLATED)
   ibex_top_inst/gen_regfile_ff.register_file_i/g_rf_flops[26].rf_reg_q_reg[30]/D     0.12   -47.76 f   -47.88 (VIOLATED)
   ibex_top_inst/gen_regfile_ff.register_file_i/g_rf_flops[27].rf_reg_q_reg[17]/D     0.12   -47.76 f   -47.88 (VIOLATED)
   ibex_top_inst/gen_regfile_ff.register_file_i/g_rf_flops[27].rf_reg_q_reg[18]/D     0.12   -47.76 f   -47.88 (VIOLATED)
   ibex_top_inst/gen_regfile_ff.register_file_i/g_rf_flops[27].rf_reg_q_reg[27]/D     0.12   -47.76 f   -47.88 (VIOLATED)
   ibex_top_inst/gen_regfile_ff.register_file_i/g_rf_flops[27].rf_reg_q_reg[30]/D     0.12   -47.76 f   -47.88 (VIOLATED)
   ibex_top_inst/gen_regfile_ff.register_file_i/g_rf_flops[28].rf_reg_q_reg[17]/D     0.12   -47.76 f   -47.88 (VIOLATED)
   ibex_top_inst/gen_regfile_ff.register_file_i/g_rf_flops[28].rf_reg_q_reg[18]/D     0.12   -47.76 f   -47.88 (VIOLATED)
   ibex_top_inst/gen_regfile_ff.register_file_i/g_rf_flops[28].rf_reg_q_reg[27]/D     0.12   -47.76 f   -47.88 (VIOLATED)
   ibex_top_inst/gen_regfile_ff.register_file_i/g_rf_flops[28].rf_reg_q_reg[30]/D     0.12   -47.76 f   -47.88 (VIOLATED)
   ibex_top_inst/gen_regfile_ff.register_file_i/g_rf_flops[29].rf_reg_q_reg[17]/D     0.12   -47.76 f   -47.88 (VIOLATED)
   ibex_top_inst/gen_regfile_ff.register_file_i/g_rf_flops[29].rf_reg_q_reg[18]/D     0.12   -47.76 f   -47.88 (VIOLATED)
   ibex_top_inst/gen_regfile_ff.register_file_i/g_rf_flops[29].rf_reg_q_reg[27]/D     0.12   -47.76 f   -47.88 (VIOLATED)
   ibex_top_inst/gen_regfile_ff.register_file_i/g_rf_flops[29].rf_reg_q_reg[30]/D     0.12   -47.76 f   -47.88 (VIOLATED)
   ibex_top_inst/gen_regfile_ff.register_file_i/g_rf_flops[30].rf_reg_q_reg[17]/D     0.12   -47.76 f   -47.88 (VIOLATED)
   ibex_top_inst/gen_regfile_ff.register_file_i/g_rf_flops[30].rf_reg_q_reg[18]/D     0.12   -47.76 f   -47.88 (VIOLATED)
   ibex_top_inst/gen_regfile_ff.register_file_i/g_rf_flops[30].rf_reg_q_reg[27]/D     0.12   -47.76 f   -47.88 (VIOLATED)
   ibex_top_inst/gen_regfile_ff.register_file_i/g_rf_flops[30].rf_reg_q_reg[30]/D     0.12   -47.76 f   -47.88 (VIOLATED)
   ibex_top_inst/gen_regfile_ff.register_file_i/g_rf_flops[22].rf_reg_q_reg[20]/D     0.12   -47.76 f   -47.88 (VIOLATED)
   ibex_top_inst/gen_regfile_ff.register_file_i/g_rf_flops[24].rf_reg_q_reg[20]/D     0.12   -47.76 f   -47.88 (VIOLATED)
   ibex_top_inst/gen_regfile_ff.register_file_i/g_rf_flops[26].rf_reg_q_reg[20]/D     0.12   -47.76 f   -47.88 (VIOLATED)
   ibex_top_inst/gen_regfile_ff.register_file_i/g_rf_flops[28].rf_reg_q_reg[20]/D     0.12   -47.76 f   -47.88 (VIOLATED)
   ibex_top_inst/gen_regfile_ff.register_file_i/g_rf_flops[30].rf_reg_q_reg[20]/D     0.12   -47.76 f   -47.88 (VIOLATED)
   ibex_top_inst/gen_regfile_ff.register_file_i/g_rf_flops[1].rf_reg_q_reg[20]/D     0.12   -47.71 f   -47.83 (VIOLATED)
   ibex_top_inst/gen_regfile_ff.register_file_i/g_rf_flops[2].rf_reg_q_reg[20]/D     0.12   -47.71 f   -47.83 (VIOLATED)
   ibex_top_inst/gen_regfile_ff.register_file_i/g_rf_flops[3].rf_reg_q_reg[20]/D     0.12   -47.71 f   -47.83 (VIOLATED)
   ibex_top_inst/gen_regfile_ff.register_file_i/g_rf_flops[4].rf_reg_q_reg[20]/D     0.12   -47.71 f   -47.83 (VIOLATED)
   ibex_top_inst/gen_regfile_ff.register_file_i/g_rf_flops[5].rf_reg_q_reg[20]/D     0.12   -47.71 f   -47.83 (VIOLATED)
   ibex_top_inst/gen_regfile_ff.register_file_i/g_rf_flops[6].rf_reg_q_reg[20]/D     0.12   -47.71 f   -47.83 (VIOLATED)
   ibex_top_inst/gen_regfile_ff.register_file_i/g_rf_flops[7].rf_reg_q_reg[20]/D     0.12   -47.71 f   -47.83 (VIOLATED)
   ibex_top_inst/gen_regfile_ff.register_file_i/g_rf_flops[8].rf_reg_q_reg[20]/D     0.12   -47.71 f   -47.83 (VIOLATED)
   ibex_top_inst/gen_regfile_ff.register_file_i/g_rf_flops[9].rf_reg_q_reg[20]/D     0.12   -47.71 f   -47.83 (VIOLATED)
   ibex_top_inst/gen_regfile_ff.register_file_i/g_rf_flops[10].rf_reg_q_reg[20]/D     0.12   -47.71 f   -47.83 (VIOLATED)
   ibex_top_inst/gen_regfile_ff.register_file_i/g_rf_flops[11].rf_reg_q_reg[20]/D     0.12   -47.71 f   -47.83 (VIOLATED)
   ibex_top_inst/gen_regfile_ff.register_file_i/g_rf_flops[12].rf_reg_q_reg[20]/D     0.12   -47.71 f   -47.83 (VIOLATED)
   ibex_top_inst/gen_regfile_ff.register_file_i/g_rf_flops[13].rf_reg_q_reg[20]/D     0.12   -47.71 f   -47.83 (VIOLATED)
   ibex_top_inst/gen_regfile_ff.register_file_i/g_rf_flops[14].rf_reg_q_reg[20]/D     0.12   -47.71 f   -47.83 (VIOLATED)
   ibex_top_inst/gen_regfile_ff.register_file_i/g_rf_flops[15].rf_reg_q_reg[20]/D     0.12   -47.71 f   -47.83 (VIOLATED)
   ibex_top_inst/gen_regfile_ff.register_file_i/g_rf_flops[16].rf_reg_q_reg[20]/D     0.12   -47.71 f   -47.83 (VIOLATED)
   ibex_top_inst/gen_regfile_ff.register_file_i/g_rf_flops[17].rf_reg_q_reg[20]/D     0.12   -47.71 f   -47.83 (VIOLATED)
   ibex_top_inst/gen_regfile_ff.register_file_i/g_rf_flops[18].rf_reg_q_reg[20]/D     0.12   -47.71 f   -47.83 (VIOLATED)
   ibex_top_inst/gen_regfile_ff.register_file_i/g_rf_flops[19].rf_reg_q_reg[20]/D     0.12   -47.71 f   -47.83 (VIOLATED)
   ibex_top_inst/gen_regfile_ff.register_file_i/g_rf_flops[20].rf_reg_q_reg[20]/D     0.12   -47.71 f   -47.83 (VIOLATED)
   ibex_top_inst/gen_regfile_ff.register_file_i/g_rf_flops[21].rf_reg_q_reg[3]/D     0.12   -44.20 f   -44.33 (VIOLATED)
   ibex_top_inst/gen_regfile_ff.register_file_i/g_rf_flops[22].rf_reg_q_reg[3]/D     0.12   -44.20 f   -44.33 (VIOLATED)
   ibex_top_inst/gen_regfile_ff.register_file_i/g_rf_flops[23].rf_reg_q_reg[3]/D     0.12   -44.20 f   -44.33 (VIOLATED)
   ibex_top_inst/gen_regfile_ff.register_file_i/g_rf_flops[21].rf_reg_q_reg[1]/D     0.12   -44.19 f   -44.32 (VIOLATED)
   ibex_top_inst/gen_regfile_ff.register_file_i/g_rf_flops[22].rf_reg_q_reg[1]/D     0.12   -44.19 f   -44.32 (VIOLATED)
   ibex_top_inst/gen_regfile_ff.register_file_i/g_rf_flops[23].rf_reg_q_reg[1]/D     0.12   -44.19 f   -44.32 (VIOLATED)
   ibex_top_inst/gen_regfile_ff.register_file_i/g_rf_flops[22].rf_reg_q_reg[4]/D     0.12   -44.19 f   -44.31 (VIOLATED)
   ibex_top_inst/gen_regfile_ff.register_file_i/g_rf_flops[24].rf_reg_q_reg[4]/D     0.12   -44.19 f   -44.31 (VIOLATED)
   ibex_top_inst/gen_regfile_ff.register_file_i/g_rf_flops[26].rf_reg_q_reg[4]/D     0.12   -44.19 f   -44.31 (VIOLATED)
   ibex_top_inst/gen_regfile_ff.register_file_i/g_rf_flops[28].rf_reg_q_reg[4]/D     0.12   -44.19 f   -44.31 (VIOLATED)
   ibex_top_inst/gen_regfile_ff.register_file_i/g_rf_flops[30].rf_reg_q_reg[4]/D     0.12   -44.19 f   -44.31 (VIOLATED)
   ibex_top_inst/gen_regfile_ff.register_file_i/g_rf_flops[31].rf_reg_q_reg[4]/D     0.12   -44.19 f   -44.31 (VIOLATED)
   ibex_top_inst/gen_regfile_ff.register_file_i/g_rf_flops[24].rf_reg_q_reg[3]/D     0.12   -44.15 f   -44.28 (VIOLATED)
   ibex_top_inst/gen_regfile_ff.register_file_i/g_rf_flops[25].rf_reg_q_reg[3]/D     0.12   -44.15 f   -44.28 (VIOLATED)
   ibex_top_inst/gen_regfile_ff.register_file_i/g_rf_flops[26].rf_reg_q_reg[3]/D     0.12   -44.15 f   -44.28 (VIOLATED)
   ibex_top_inst/gen_regfile_ff.register_file_i/g_rf_flops[27].rf_reg_q_reg[3]/D     0.12   -44.15 f   -44.28 (VIOLATED)
   ibex_top_inst/gen_regfile_ff.register_file_i/g_rf_flops[28].rf_reg_q_reg[3]/D     0.12   -44.15 f   -44.28 (VIOLATED)
   ibex_top_inst/gen_regfile_ff.register_file_i/g_rf_flops[29].rf_reg_q_reg[3]/D     0.12   -44.15 f   -44.28 (VIOLATED)
   ibex_top_inst/gen_regfile_ff.register_file_i/g_rf_flops[30].rf_reg_q_reg[3]/D     0.12   -44.15 f   -44.28 (VIOLATED)
   ibex_top_inst/gen_regfile_ff.register_file_i/g_rf_flops[31].rf_reg_q_reg[3]/D     0.12   -44.15 f   -44.28 (VIOLATED)
   ibex_top_inst/gen_regfile_ff.register_file_i/g_rf_flops[24].rf_reg_q_reg[1]/D     0.12   -44.14 f   -44.27 (VIOLATED)
   ibex_top_inst/gen_regfile_ff.register_file_i/g_rf_flops[25].rf_reg_q_reg[1]/D     0.12   -44.14 f   -44.27 (VIOLATED)
   ibex_top_inst/gen_regfile_ff.register_file_i/g_rf_flops[26].rf_reg_q_reg[1]/D     0.12   -44.14 f   -44.27 (VIOLATED)
   ibex_top_inst/gen_regfile_ff.register_file_i/g_rf_flops[27].rf_reg_q_reg[1]/D     0.12   -44.14 f   -44.27 (VIOLATED)
   ibex_top_inst/gen_regfile_ff.register_file_i/g_rf_flops[28].rf_reg_q_reg[1]/D     0.12   -44.14 f   -44.27 (VIOLATED)
   ibex_top_inst/gen_regfile_ff.register_file_i/g_rf_flops[29].rf_reg_q_reg[1]/D     0.12   -44.14 f   -44.27 (VIOLATED)
   ibex_top_inst/gen_regfile_ff.register_file_i/g_rf_flops[30].rf_reg_q_reg[1]/D     0.12   -44.14 f   -44.27 (VIOLATED)
   ibex_top_inst/gen_regfile_ff.register_file_i/g_rf_flops[31].rf_reg_q_reg[1]/D     0.12   -44.14 f   -44.27 (VIOLATED)
   ibex_top_inst/gen_regfile_ff.register_file_i/g_rf_flops[21].rf_reg_q_reg[4]/D     0.12   -44.14 f   -44.27 (VIOLATED)
   ibex_top_inst/gen_regfile_ff.register_file_i/g_rf_flops[23].rf_reg_q_reg[4]/D     0.12   -44.14 f   -44.27 (VIOLATED)
   ibex_top_inst/gen_regfile_ff.register_file_i/g_rf_flops[25].rf_reg_q_reg[4]/D     0.12   -44.14 f   -44.27 (VIOLATED)
   ibex_top_inst/gen_regfile_ff.register_file_i/g_rf_flops[27].rf_reg_q_reg[4]/D     0.12   -44.14 f   -44.27 (VIOLATED)
   ibex_top_inst/gen_regfile_ff.register_file_i/g_rf_flops[29].rf_reg_q_reg[4]/D     0.12   -44.14 f   -44.27 (VIOLATED)
   ibex_top_inst/gen_regfile_ff.register_file_i/g_rf_flops[1].rf_reg_q_reg[3]/D     0.12   -44.11 f   -44.23 (VIOLATED)
   ibex_top_inst/gen_regfile_ff.register_file_i/g_rf_flops[2].rf_reg_q_reg[3]/D     0.12   -44.11 f   -44.23 (VIOLATED)
   ibex_top_inst/gen_regfile_ff.register_file_i/g_rf_flops[3].rf_reg_q_reg[3]/D     0.12   -44.11 f   -44.23 (VIOLATED)
   ibex_top_inst/gen_regfile_ff.register_file_i/g_rf_flops[4].rf_reg_q_reg[3]/D     0.12   -44.11 f   -44.23 (VIOLATED)
   ibex_top_inst/gen_regfile_ff.register_file_i/g_rf_flops[5].rf_reg_q_reg[3]/D     0.12   -44.11 f   -44.23 (VIOLATED)
   ibex_top_inst/gen_regfile_ff.register_file_i/g_rf_flops[6].rf_reg_q_reg[3]/D     0.12   -44.11 f   -44.23 (VIOLATED)
   ibex_top_inst/gen_regfile_ff.register_file_i/g_rf_flops[7].rf_reg_q_reg[3]/D     0.12   -44.11 f   -44.23 (VIOLATED)
   ibex_top_inst/gen_regfile_ff.register_file_i/g_rf_flops[8].rf_reg_q_reg[3]/D     0.12   -44.11 f   -44.23 (VIOLATED)
   ibex_top_inst/gen_regfile_ff.register_file_i/g_rf_flops[9].rf_reg_q_reg[3]/D     0.12   -44.11 f   -44.23 (VIOLATED)
   ibex_top_inst/gen_regfile_ff.register_file_i/g_rf_flops[10].rf_reg_q_reg[3]/D     0.12   -44.11 f   -44.23 (VIOLATED)
   ibex_top_inst/gen_regfile_ff.register_file_i/g_rf_flops[11].rf_reg_q_reg[3]/D     0.12   -44.11 f   -44.23 (VIOLATED)
   ibex_top_inst/gen_regfile_ff.register_file_i/g_rf_flops[12].rf_reg_q_reg[3]/D     0.12   -44.11 f   -44.23 (VIOLATED)
   ibex_top_inst/gen_regfile_ff.register_file_i/g_rf_flops[13].rf_reg_q_reg[3]/D     0.12   -44.11 f   -44.23 (VIOLATED)
   ibex_top_inst/gen_regfile_ff.register_file_i/g_rf_flops[14].rf_reg_q_reg[3]/D     0.12   -44.11 f   -44.23 (VIOLATED)
   ibex_top_inst/gen_regfile_ff.register_file_i/g_rf_flops[15].rf_reg_q_reg[3]/D     0.12   -44.11 f   -44.23 (VIOLATED)
   ibex_top_inst/gen_regfile_ff.register_file_i/g_rf_flops[16].rf_reg_q_reg[3]/D     0.12   -44.11 f   -44.23 (VIOLATED)
   ibex_top_inst/gen_regfile_ff.register_file_i/g_rf_flops[17].rf_reg_q_reg[3]/D     0.12   -44.11 f   -44.23 (VIOLATED)
   ibex_top_inst/gen_regfile_ff.register_file_i/g_rf_flops[18].rf_reg_q_reg[3]/D     0.12   -44.11 f   -44.23 (VIOLATED)
   ibex_top_inst/gen_regfile_ff.register_file_i/g_rf_flops[19].rf_reg_q_reg[3]/D     0.12   -44.11 f   -44.23 (VIOLATED)
   ibex_top_inst/gen_regfile_ff.register_file_i/g_rf_flops[20].rf_reg_q_reg[3]/D     0.12   -44.11 f   -44.23 (VIOLATED)
   ibex_top_inst/gen_regfile_ff.register_file_i/g_rf_flops[1].rf_reg_q_reg[1]/D     0.12   -44.09 f   -44.22 (VIOLATED)
   ibex_top_inst/gen_regfile_ff.register_file_i/g_rf_flops[2].rf_reg_q_reg[1]/D     0.12   -44.09 f   -44.22 (VIOLATED)
   ibex_top_inst/gen_regfile_ff.register_file_i/g_rf_flops[3].rf_reg_q_reg[1]/D     0.12   -44.09 f   -44.22 (VIOLATED)
   ibex_top_inst/gen_regfile_ff.register_file_i/g_rf_flops[4].rf_reg_q_reg[1]/D     0.12   -44.09 f   -44.22 (VIOLATED)
   ibex_top_inst/gen_regfile_ff.register_file_i/g_rf_flops[5].rf_reg_q_reg[1]/D     0.12   -44.09 f   -44.22 (VIOLATED)
   ibex_top_inst/gen_regfile_ff.register_file_i/g_rf_flops[6].rf_reg_q_reg[1]/D     0.12   -44.09 f   -44.22 (VIOLATED)
   ibex_top_inst/gen_regfile_ff.register_file_i/g_rf_flops[7].rf_reg_q_reg[1]/D     0.12   -44.09 f   -44.22 (VIOLATED)
   ibex_top_inst/gen_regfile_ff.register_file_i/g_rf_flops[8].rf_reg_q_reg[1]/D     0.12   -44.09 f   -44.22 (VIOLATED)
   ibex_top_inst/gen_regfile_ff.register_file_i/g_rf_flops[9].rf_reg_q_reg[1]/D     0.12   -44.09 f   -44.22 (VIOLATED)
   ibex_top_inst/gen_regfile_ff.register_file_i/g_rf_flops[10].rf_reg_q_reg[1]/D     0.12   -44.09 f   -44.22 (VIOLATED)
   ibex_top_inst/gen_regfile_ff.register_file_i/g_rf_flops[11].rf_reg_q_reg[1]/D     0.12   -44.09 f   -44.22 (VIOLATED)
   ibex_top_inst/gen_regfile_ff.register_file_i/g_rf_flops[12].rf_reg_q_reg[1]/D     0.12   -44.09 f   -44.22 (VIOLATED)
   ibex_top_inst/gen_regfile_ff.register_file_i/g_rf_flops[13].rf_reg_q_reg[1]/D     0.12   -44.09 f   -44.22 (VIOLATED)
   ibex_top_inst/gen_regfile_ff.register_file_i/g_rf_flops[14].rf_reg_q_reg[1]/D     0.12   -44.09 f   -44.22 (VIOLATED)
   ibex_top_inst/gen_regfile_ff.register_file_i/g_rf_flops[15].rf_reg_q_reg[1]/D     0.12   -44.09 f   -44.22 (VIOLATED)
   ibex_top_inst/gen_regfile_ff.register_file_i/g_rf_flops[16].rf_reg_q_reg[1]/D     0.12   -44.09 f   -44.22 (VIOLATED)
   ibex_top_inst/gen_regfile_ff.register_file_i/g_rf_flops[17].rf_reg_q_reg[1]/D     0.12   -44.09 f   -44.22 (VIOLATED)
   ibex_top_inst/gen_regfile_ff.register_file_i/g_rf_flops[18].rf_reg_q_reg[1]/D     0.12   -44.09 f   -44.22 (VIOLATED)
   ibex_top_inst/gen_regfile_ff.register_file_i/g_rf_flops[19].rf_reg_q_reg[1]/D     0.12   -44.09 f   -44.22 (VIOLATED)
   ibex_top_inst/gen_regfile_ff.register_file_i/g_rf_flops[20].rf_reg_q_reg[1]/D     0.12   -44.09 f   -44.22 (VIOLATED)
   ibex_top_inst/gen_regfile_ff.register_file_i/g_rf_flops[1].rf_reg_q_reg[4]/D     0.12   -44.09 f   -44.22 (VIOLATED)
   ibex_top_inst/gen_regfile_ff.register_file_i/g_rf_flops[2].rf_reg_q_reg[4]/D     0.12   -44.09 f   -44.22 (VIOLATED)
   ibex_top_inst/gen_regfile_ff.register_file_i/g_rf_flops[3].rf_reg_q_reg[4]/D     0.12   -44.09 f   -44.22 (VIOLATED)
   ibex_top_inst/gen_regfile_ff.register_file_i/g_rf_flops[4].rf_reg_q_reg[4]/D     0.12   -44.09 f   -44.22 (VIOLATED)
   ibex_top_inst/gen_regfile_ff.register_file_i/g_rf_flops[5].rf_reg_q_reg[4]/D     0.12   -44.09 f   -44.22 (VIOLATED)
   ibex_top_inst/gen_regfile_ff.register_file_i/g_rf_flops[6].rf_reg_q_reg[4]/D     0.12   -44.09 f   -44.22 (VIOLATED)
   ibex_top_inst/gen_regfile_ff.register_file_i/g_rf_flops[7].rf_reg_q_reg[4]/D     0.12   -44.09 f   -44.22 (VIOLATED)
   ibex_top_inst/gen_regfile_ff.register_file_i/g_rf_flops[8].rf_reg_q_reg[4]/D     0.12   -44.09 f   -44.22 (VIOLATED)
   ibex_top_inst/gen_regfile_ff.register_file_i/g_rf_flops[9].rf_reg_q_reg[4]/D     0.12   -44.09 f   -44.22 (VIOLATED)
   ibex_top_inst/gen_regfile_ff.register_file_i/g_rf_flops[10].rf_reg_q_reg[4]/D     0.12   -44.09 f   -44.22 (VIOLATED)
   ibex_top_inst/gen_regfile_ff.register_file_i/g_rf_flops[11].rf_reg_q_reg[4]/D     0.12   -44.09 f   -44.22 (VIOLATED)
   ibex_top_inst/gen_regfile_ff.register_file_i/g_rf_flops[12].rf_reg_q_reg[4]/D     0.12   -44.09 f   -44.22 (VIOLATED)
   ibex_top_inst/gen_regfile_ff.register_file_i/g_rf_flops[13].rf_reg_q_reg[4]/D     0.12   -44.09 f   -44.22 (VIOLATED)
   ibex_top_inst/gen_regfile_ff.register_file_i/g_rf_flops[14].rf_reg_q_reg[4]/D     0.12   -44.09 f   -44.22 (VIOLATED)
   ibex_top_inst/gen_regfile_ff.register_file_i/g_rf_flops[15].rf_reg_q_reg[4]/D     0.12   -44.09 f   -44.22 (VIOLATED)
   ibex_top_inst/gen_regfile_ff.register_file_i/g_rf_flops[16].rf_reg_q_reg[4]/D     0.12   -44.09 f   -44.22 (VIOLATED)
   ibex_top_inst/gen_regfile_ff.register_file_i/g_rf_flops[17].rf_reg_q_reg[4]/D     0.12   -44.09 f   -44.22 (VIOLATED)
   ibex_top_inst/gen_regfile_ff.register_file_i/g_rf_flops[18].rf_reg_q_reg[4]/D     0.12   -44.09 f   -44.22 (VIOLATED)
   ibex_top_inst/gen_regfile_ff.register_file_i/g_rf_flops[19].rf_reg_q_reg[4]/D     0.12   -44.09 f   -44.22 (VIOLATED)
   ibex_top_inst/gen_regfile_ff.register_file_i/g_rf_flops[20].rf_reg_q_reg[4]/D     0.12   -44.09 f   -44.22 (VIOLATED)
   ibex_top_inst/u_ibex_core/wb_stage_i/g_writeback_stage.rf_waddr_wb_q_reg[3]/SI     0.09   -33.63 f   -33.72 (VIOLATED)
   ibex_top_inst/gen_regfile_ff.register_file_i/g_rf_flops[5].rf_reg_q_reg[2]/D     0.12   -33.50 f   -33.62 (VIOLATED)
   ibex_top_inst/gen_regfile_ff.register_file_i/g_rf_flops[5].rf_reg_q_reg[5]/D     0.12   -33.50 f   -33.62 (VIOLATED)
   ibex_top_inst/gen_regfile_ff.register_file_i/g_rf_flops[5].rf_reg_q_reg[6]/D     0.12   -33.50 f   -33.62 (VIOLATED)
   ibex_top_inst/gen_regfile_ff.register_file_i/g_rf_flops[5].rf_reg_q_reg[7]/D     0.12   -33.50 f   -33.62 (VIOLATED)
   ibex_top_inst/gen_regfile_ff.register_file_i/g_rf_flops[7].rf_reg_q_reg[2]/D     0.12   -33.50 f   -33.62 (VIOLATED)
   ibex_top_inst/gen_regfile_ff.register_file_i/g_rf_flops[7].rf_reg_q_reg[5]/D     0.12   -33.50 f   -33.62 (VIOLATED)
   ibex_top_inst/gen_regfile_ff.register_file_i/g_rf_flops[7].rf_reg_q_reg[6]/D     0.12   -33.50 f   -33.62 (VIOLATED)
   ibex_top_inst/gen_regfile_ff.register_file_i/g_rf_flops[7].rf_reg_q_reg[7]/D     0.12   -33.50 f   -33.62 (VIOLATED)
   ibex_top_inst/gen_regfile_ff.register_file_i/g_rf_flops[4].rf_reg_q_reg[2]/D     0.12   -33.50 f   -33.62 (VIOLATED)
   ibex_top_inst/gen_regfile_ff.register_file_i/g_rf_flops[4].rf_reg_q_reg[5]/D     0.12   -33.50 f   -33.62 (VIOLATED)
   ibex_top_inst/gen_regfile_ff.register_file_i/g_rf_flops[4].rf_reg_q_reg[6]/D     0.12   -33.50 f   -33.62 (VIOLATED)
   ibex_top_inst/gen_regfile_ff.register_file_i/g_rf_flops[4].rf_reg_q_reg[7]/D     0.12   -33.50 f   -33.62 (VIOLATED)
   ibex_top_inst/gen_regfile_ff.register_file_i/g_rf_flops[6].rf_reg_q_reg[2]/D     0.12   -33.50 f   -33.62 (VIOLATED)
   ibex_top_inst/gen_regfile_ff.register_file_i/g_rf_flops[6].rf_reg_q_reg[5]/D     0.12   -33.50 f   -33.62 (VIOLATED)
   ibex_top_inst/gen_regfile_ff.register_file_i/g_rf_flops[6].rf_reg_q_reg[6]/D     0.12   -33.50 f   -33.62 (VIOLATED)
   ibex_top_inst/gen_regfile_ff.register_file_i/g_rf_flops[6].rf_reg_q_reg[7]/D     0.12   -33.50 f   -33.62 (VIOLATED)
   ibex_top_inst/gen_regfile_ff.register_file_i/g_rf_flops[13].rf_reg_q_reg[2]/D     0.12   -33.49 f   -33.62 (VIOLATED)
   ibex_top_inst/gen_regfile_ff.register_file_i/g_rf_flops[13].rf_reg_q_reg[5]/D     0.12   -33.49 f   -33.62 (VIOLATED)
   ibex_top_inst/gen_regfile_ff.register_file_i/g_rf_flops[13].rf_reg_q_reg[6]/D     0.12   -33.49 f   -33.62 (VIOLATED)
   ibex_top_inst/gen_regfile_ff.register_file_i/g_rf_flops[13].rf_reg_q_reg[7]/D     0.12   -33.49 f   -33.62 (VIOLATED)
   ibex_top_inst/gen_regfile_ff.register_file_i/g_rf_flops[29].rf_reg_q_reg[2]/D     0.12   -33.49 f   -33.62 (VIOLATED)
   ibex_top_inst/gen_regfile_ff.register_file_i/g_rf_flops[29].rf_reg_q_reg[5]/D     0.12   -33.49 f   -33.62 (VIOLATED)
   ibex_top_inst/gen_regfile_ff.register_file_i/g_rf_flops[29].rf_reg_q_reg[6]/D     0.12   -33.49 f   -33.62 (VIOLATED)
   ibex_top_inst/gen_regfile_ff.register_file_i/g_rf_flops[29].rf_reg_q_reg[7]/D     0.12   -33.49 f   -33.62 (VIOLATED)
   ibex_top_inst/gen_regfile_ff.register_file_i/g_rf_flops[21].rf_reg_q_reg[2]/D     0.12   -33.49 f   -33.62 (VIOLATED)
   ibex_top_inst/gen_regfile_ff.register_file_i/g_rf_flops[21].rf_reg_q_reg[5]/D     0.12   -33.49 f   -33.62 (VIOLATED)
   ibex_top_inst/gen_regfile_ff.register_file_i/g_rf_flops[21].rf_reg_q_reg[6]/D     0.12   -33.49 f   -33.62 (VIOLATED)
   ibex_top_inst/gen_regfile_ff.register_file_i/g_rf_flops[21].rf_reg_q_reg[7]/D     0.12   -33.49 f   -33.62 (VIOLATED)
   ibex_top_inst/gen_regfile_ff.register_file_i/g_rf_flops[15].rf_reg_q_reg[2]/D     0.12   -33.49 f   -33.61 (VIOLATED)
   ibex_top_inst/gen_regfile_ff.register_file_i/g_rf_flops[15].rf_reg_q_reg[5]/D     0.12   -33.49 f   -33.61 (VIOLATED)
   ibex_top_inst/gen_regfile_ff.register_file_i/g_rf_flops[15].rf_reg_q_reg[6]/D     0.12   -33.49 f   -33.61 (VIOLATED)
   ibex_top_inst/gen_regfile_ff.register_file_i/g_rf_flops[15].rf_reg_q_reg[7]/D     0.12   -33.49 f   -33.61 (VIOLATED)
   ibex_top_inst/gen_regfile_ff.register_file_i/g_rf_flops[31].rf_reg_q_reg[2]/D     0.12   -33.49 f   -33.61 (VIOLATED)
   ibex_top_inst/gen_regfile_ff.register_file_i/g_rf_flops[31].rf_reg_q_reg[5]/D     0.12   -33.49 f   -33.61 (VIOLATED)
   ibex_top_inst/gen_regfile_ff.register_file_i/g_rf_flops[31].rf_reg_q_reg[6]/D     0.12   -33.49 f   -33.61 (VIOLATED)
   ibex_top_inst/gen_regfile_ff.register_file_i/g_rf_flops[31].rf_reg_q_reg[7]/D     0.12   -33.49 f   -33.61 (VIOLATED)
   ibex_top_inst/gen_regfile_ff.register_file_i/g_rf_flops[23].rf_reg_q_reg[2]/D     0.12   -33.49 f   -33.61 (VIOLATED)
   ibex_top_inst/gen_regfile_ff.register_file_i/g_rf_flops[23].rf_reg_q_reg[5]/D     0.12   -33.49 f   -33.61 (VIOLATED)
   ibex_top_inst/gen_regfile_ff.register_file_i/g_rf_flops[23].rf_reg_q_reg[6]/D     0.12   -33.49 f   -33.61 (VIOLATED)
   ibex_top_inst/gen_regfile_ff.register_file_i/g_rf_flops[23].rf_reg_q_reg[7]/D     0.12   -33.49 f   -33.61 (VIOLATED)
   ibex_top_inst/gen_regfile_ff.register_file_i/g_rf_flops[12].rf_reg_q_reg[2]/D     0.12   -33.49 f   -33.61 (VIOLATED)
   ibex_top_inst/gen_regfile_ff.register_file_i/g_rf_flops[12].rf_reg_q_reg[5]/D     0.12   -33.49 f   -33.61 (VIOLATED)
   ibex_top_inst/gen_regfile_ff.register_file_i/g_rf_flops[12].rf_reg_q_reg[6]/D     0.12   -33.49 f   -33.61 (VIOLATED)
   ibex_top_inst/gen_regfile_ff.register_file_i/g_rf_flops[12].rf_reg_q_reg[7]/D     0.12   -33.49 f   -33.61 (VIOLATED)
   ibex_top_inst/gen_regfile_ff.register_file_i/g_rf_flops[28].rf_reg_q_reg[2]/D     0.12   -33.49 f   -33.61 (VIOLATED)
   ibex_top_inst/gen_regfile_ff.register_file_i/g_rf_flops[28].rf_reg_q_reg[5]/D     0.12   -33.49 f   -33.61 (VIOLATED)
   ibex_top_inst/gen_regfile_ff.register_file_i/g_rf_flops[28].rf_reg_q_reg[6]/D     0.12   -33.49 f   -33.61 (VIOLATED)
   ibex_top_inst/gen_regfile_ff.register_file_i/g_rf_flops[28].rf_reg_q_reg[7]/D     0.12   -33.49 f   -33.61 (VIOLATED)
   ibex_top_inst/gen_regfile_ff.register_file_i/g_rf_flops[14].rf_reg_q_reg[2]/D     0.12   -33.49 f   -33.61 (VIOLATED)
   ibex_top_inst/gen_regfile_ff.register_file_i/g_rf_flops[14].rf_reg_q_reg[5]/D     0.12   -33.49 f   -33.61 (VIOLATED)
   ibex_top_inst/gen_regfile_ff.register_file_i/g_rf_flops[14].rf_reg_q_reg[6]/D     0.12   -33.49 f   -33.61 (VIOLATED)
   ibex_top_inst/gen_regfile_ff.register_file_i/g_rf_flops[14].rf_reg_q_reg[7]/D     0.12   -33.49 f   -33.61 (VIOLATED)
   ibex_top_inst/gen_regfile_ff.register_file_i/g_rf_flops[20].rf_reg_q_reg[2]/D     0.12   -33.49 f   -33.61 (VIOLATED)
   ibex_top_inst/gen_regfile_ff.register_file_i/g_rf_flops[20].rf_reg_q_reg[5]/D     0.12   -33.49 f   -33.61 (VIOLATED)
   ibex_top_inst/gen_regfile_ff.register_file_i/g_rf_flops[20].rf_reg_q_reg[6]/D     0.12   -33.49 f   -33.61 (VIOLATED)
   ibex_top_inst/gen_regfile_ff.register_file_i/g_rf_flops[20].rf_reg_q_reg[7]/D     0.12   -33.49 f   -33.61 (VIOLATED)
   ibex_top_inst/gen_regfile_ff.register_file_i/g_rf_flops[30].rf_reg_q_reg[2]/D     0.12   -33.49 f   -33.61 (VIOLATED)
   ibex_top_inst/gen_regfile_ff.register_file_i/g_rf_flops[30].rf_reg_q_reg[5]/D     0.12   -33.49 f   -33.61 (VIOLATED)
   ibex_top_inst/gen_regfile_ff.register_file_i/g_rf_flops[30].rf_reg_q_reg[6]/D     0.12   -33.49 f   -33.61 (VIOLATED)
   ibex_top_inst/gen_regfile_ff.register_file_i/g_rf_flops[30].rf_reg_q_reg[7]/D     0.12   -33.49 f   -33.61 (VIOLATED)
   ibex_top_inst/gen_regfile_ff.register_file_i/g_rf_flops[22].rf_reg_q_reg[2]/D     0.12   -33.49 f   -33.61 (VIOLATED)
   ibex_top_inst/gen_regfile_ff.register_file_i/g_rf_flops[22].rf_reg_q_reg[5]/D     0.12   -33.49 f   -33.61 (VIOLATED)
   ibex_top_inst/gen_regfile_ff.register_file_i/g_rf_flops[22].rf_reg_q_reg[6]/D     0.12   -33.49 f   -33.61 (VIOLATED)
   ibex_top_inst/gen_regfile_ff.register_file_i/g_rf_flops[22].rf_reg_q_reg[7]/D     0.12   -33.49 f   -33.61 (VIOLATED)
   ibex_top_inst/gen_regfile_ff.register_file_i/g_rf_flops[2].rf_reg_q_reg[2]/D     0.12   -33.44 f   -33.57 (VIOLATED)
   ibex_top_inst/gen_regfile_ff.register_file_i/g_rf_flops[2].rf_reg_q_reg[5]/D     0.12   -33.44 f   -33.57 (VIOLATED)
   ibex_top_inst/gen_regfile_ff.register_file_i/g_rf_flops[2].rf_reg_q_reg[6]/D     0.12   -33.44 f   -33.57 (VIOLATED)
   ibex_top_inst/gen_regfile_ff.register_file_i/g_rf_flops[2].rf_reg_q_reg[7]/D     0.12   -33.44 f   -33.57 (VIOLATED)
   ibex_top_inst/gen_regfile_ff.register_file_i/g_rf_flops[8].rf_reg_q_reg[2]/D     0.12   -33.44 f   -33.56 (VIOLATED)
   ibex_top_inst/gen_regfile_ff.register_file_i/g_rf_flops[8].rf_reg_q_reg[5]/D     0.12   -33.44 f   -33.56 (VIOLATED)
   ibex_top_inst/gen_regfile_ff.register_file_i/g_rf_flops[8].rf_reg_q_reg[6]/D     0.12   -33.44 f   -33.56 (VIOLATED)
   ibex_top_inst/gen_regfile_ff.register_file_i/g_rf_flops[8].rf_reg_q_reg[7]/D     0.12   -33.44 f   -33.56 (VIOLATED)
   ibex_top_inst/gen_regfile_ff.register_file_i/g_rf_flops[16].rf_reg_q_reg[2]/D     0.12   -33.44 f   -33.56 (VIOLATED)
   ibex_top_inst/gen_regfile_ff.register_file_i/g_rf_flops[16].rf_reg_q_reg[5]/D     0.12   -33.44 f   -33.56 (VIOLATED)
   ibex_top_inst/gen_regfile_ff.register_file_i/g_rf_flops[16].rf_reg_q_reg[6]/D     0.12   -33.44 f   -33.56 (VIOLATED)
   ibex_top_inst/gen_regfile_ff.register_file_i/g_rf_flops[16].rf_reg_q_reg[7]/D     0.12   -33.44 f   -33.56 (VIOLATED)
   ibex_top_inst/gen_regfile_ff.register_file_i/g_rf_flops[24].rf_reg_q_reg[2]/D     0.12   -33.44 f   -33.56 (VIOLATED)
   ibex_top_inst/gen_regfile_ff.register_file_i/g_rf_flops[24].rf_reg_q_reg[5]/D     0.12   -33.44 f   -33.56 (VIOLATED)
   ibex_top_inst/gen_regfile_ff.register_file_i/g_rf_flops[24].rf_reg_q_reg[6]/D     0.12   -33.44 f   -33.56 (VIOLATED)
   ibex_top_inst/gen_regfile_ff.register_file_i/g_rf_flops[24].rf_reg_q_reg[7]/D     0.12   -33.44 f   -33.56 (VIOLATED)
   ibex_top_inst/gen_regfile_ff.register_file_i/g_rf_flops[10].rf_reg_q_reg[2]/D     0.12   -33.44 f   -33.56 (VIOLATED)
   ibex_top_inst/gen_regfile_ff.register_file_i/g_rf_flops[10].rf_reg_q_reg[5]/D     0.12   -33.44 f   -33.56 (VIOLATED)
   ibex_top_inst/gen_regfile_ff.register_file_i/g_rf_flops[10].rf_reg_q_reg[6]/D     0.12   -33.44 f   -33.56 (VIOLATED)
   ibex_top_inst/gen_regfile_ff.register_file_i/g_rf_flops[10].rf_reg_q_reg[7]/D     0.12   -33.44 f   -33.56 (VIOLATED)
   ibex_top_inst/gen_regfile_ff.register_file_i/g_rf_flops[18].rf_reg_q_reg[2]/D     0.12   -33.44 f   -33.56 (VIOLATED)
   ibex_top_inst/gen_regfile_ff.register_file_i/g_rf_flops[18].rf_reg_q_reg[5]/D     0.12   -33.44 f   -33.56 (VIOLATED)
   ibex_top_inst/gen_regfile_ff.register_file_i/g_rf_flops[18].rf_reg_q_reg[6]/D     0.12   -33.44 f   -33.56 (VIOLATED)
   ibex_top_inst/gen_regfile_ff.register_file_i/g_rf_flops[18].rf_reg_q_reg[7]/D     0.12   -33.44 f   -33.56 (VIOLATED)
   ibex_top_inst/gen_regfile_ff.register_file_i/g_rf_flops[26].rf_reg_q_reg[2]/D     0.12   -33.44 f   -33.56 (VIOLATED)
   ibex_top_inst/gen_regfile_ff.register_file_i/g_rf_flops[26].rf_reg_q_reg[5]/D     0.12   -33.44 f   -33.56 (VIOLATED)
   ibex_top_inst/gen_regfile_ff.register_file_i/g_rf_flops[26].rf_reg_q_reg[6]/D     0.12   -33.44 f   -33.56 (VIOLATED)
   ibex_top_inst/gen_regfile_ff.register_file_i/g_rf_flops[26].rf_reg_q_reg[7]/D     0.12   -33.44 f   -33.56 (VIOLATED)
   ibex_top_inst/gen_regfile_ff.register_file_i/g_rf_flops[3].rf_reg_q_reg[2]/D     0.12   -33.43 f   -33.56 (VIOLATED)
   ibex_top_inst/gen_regfile_ff.register_file_i/g_rf_flops[3].rf_reg_q_reg[5]/D     0.12   -33.43 f   -33.56 (VIOLATED)
   ibex_top_inst/gen_regfile_ff.register_file_i/g_rf_flops[3].rf_reg_q_reg[6]/D     0.12   -33.43 f   -33.56 (VIOLATED)
   ibex_top_inst/gen_regfile_ff.register_file_i/g_rf_flops[3].rf_reg_q_reg[7]/D     0.12   -33.43 f   -33.56 (VIOLATED)
   ibex_top_inst/gen_regfile_ff.register_file_i/g_rf_flops[11].rf_reg_q_reg[2]/D     0.12   -33.43 f   -33.55 (VIOLATED)
   ibex_top_inst/gen_regfile_ff.register_file_i/g_rf_flops[11].rf_reg_q_reg[5]/D     0.12   -33.43 f   -33.55 (VIOLATED)
   ibex_top_inst/gen_regfile_ff.register_file_i/g_rf_flops[11].rf_reg_q_reg[6]/D     0.12   -33.43 f   -33.55 (VIOLATED)
   ibex_top_inst/gen_regfile_ff.register_file_i/g_rf_flops[11].rf_reg_q_reg[7]/D     0.12   -33.43 f   -33.55 (VIOLATED)
   ibex_top_inst/gen_regfile_ff.register_file_i/g_rf_flops[19].rf_reg_q_reg[2]/D     0.12   -33.43 f   -33.55 (VIOLATED)
   ibex_top_inst/gen_regfile_ff.register_file_i/g_rf_flops[19].rf_reg_q_reg[5]/D     0.12   -33.43 f   -33.55 (VIOLATED)
   ibex_top_inst/gen_regfile_ff.register_file_i/g_rf_flops[19].rf_reg_q_reg[6]/D     0.12   -33.43 f   -33.55 (VIOLATED)
   ibex_top_inst/gen_regfile_ff.register_file_i/g_rf_flops[19].rf_reg_q_reg[7]/D     0.12   -33.43 f   -33.55 (VIOLATED)
   ibex_top_inst/gen_regfile_ff.register_file_i/g_rf_flops[27].rf_reg_q_reg[2]/D     0.12   -33.43 f   -33.55 (VIOLATED)
   ibex_top_inst/gen_regfile_ff.register_file_i/g_rf_flops[27].rf_reg_q_reg[5]/D     0.12   -33.43 f   -33.55 (VIOLATED)
   ibex_top_inst/gen_regfile_ff.register_file_i/g_rf_flops[27].rf_reg_q_reg[6]/D     0.12   -33.43 f   -33.55 (VIOLATED)
   ibex_top_inst/gen_regfile_ff.register_file_i/g_rf_flops[27].rf_reg_q_reg[7]/D     0.12   -33.43 f   -33.55 (VIOLATED)
   ibex_top_inst/gen_regfile_ff.register_file_i/g_rf_flops[1].rf_reg_q_reg[2]/D     0.12   -33.43 f   -33.55 (VIOLATED)
   ibex_top_inst/gen_regfile_ff.register_file_i/g_rf_flops[1].rf_reg_q_reg[5]/D     0.12   -33.43 f   -33.55 (VIOLATED)
   ibex_top_inst/gen_regfile_ff.register_file_i/g_rf_flops[1].rf_reg_q_reg[6]/D     0.12   -33.43 f   -33.55 (VIOLATED)
   ibex_top_inst/gen_regfile_ff.register_file_i/g_rf_flops[1].rf_reg_q_reg[7]/D     0.12   -33.43 f   -33.55 (VIOLATED)
   ibex_top_inst/gen_regfile_ff.register_file_i/g_rf_flops[9].rf_reg_q_reg[2]/D     0.12   -33.43 f   -33.55 (VIOLATED)
   ibex_top_inst/gen_regfile_ff.register_file_i/g_rf_flops[9].rf_reg_q_reg[5]/D     0.12   -33.43 f   -33.55 (VIOLATED)
   ibex_top_inst/gen_regfile_ff.register_file_i/g_rf_flops[9].rf_reg_q_reg[6]/D     0.12   -33.43 f   -33.55 (VIOLATED)
   ibex_top_inst/gen_regfile_ff.register_file_i/g_rf_flops[9].rf_reg_q_reg[7]/D     0.12   -33.43 f   -33.55 (VIOLATED)
   ibex_top_inst/gen_regfile_ff.register_file_i/g_rf_flops[17].rf_reg_q_reg[2]/D     0.12   -33.43 f   -33.55 (VIOLATED)
   ibex_top_inst/gen_regfile_ff.register_file_i/g_rf_flops[17].rf_reg_q_reg[5]/D     0.12   -33.43 f   -33.55 (VIOLATED)
   ibex_top_inst/gen_regfile_ff.register_file_i/g_rf_flops[17].rf_reg_q_reg[6]/D     0.12   -33.43 f   -33.55 (VIOLATED)
   ibex_top_inst/gen_regfile_ff.register_file_i/g_rf_flops[17].rf_reg_q_reg[7]/D     0.12   -33.43 f   -33.55 (VIOLATED)
   ibex_top_inst/gen_regfile_ff.register_file_i/g_rf_flops[25].rf_reg_q_reg[2]/D     0.12   -33.43 f   -33.55 (VIOLATED)
   ibex_top_inst/gen_regfile_ff.register_file_i/g_rf_flops[25].rf_reg_q_reg[5]/D     0.12   -33.43 f   -33.55 (VIOLATED)
   ibex_top_inst/gen_regfile_ff.register_file_i/g_rf_flops[25].rf_reg_q_reg[6]/D     0.12   -33.43 f   -33.55 (VIOLATED)
   ibex_top_inst/gen_regfile_ff.register_file_i/g_rf_flops[25].rf_reg_q_reg[7]/D     0.12   -33.43 f   -33.55 (VIOLATED)
   ibex_top_inst/u_ibex_core/if_stage_i/instr_rdata_id_o_reg[21]/SI     0.09   -29.81 f   -29.90 (VIOLATED)
   ibex_top_inst/u_ibex_core/if_stage_i/instr_rdata_id_o_reg[16]/SI     0.09   -28.25 f   -28.33 (VIOLATED)
   ibex_top_inst/u_ibex_core/wb_stage_i/g_writeback_stage.rf_wdata_wb_q_reg[0]/SI     0.09   -26.10 f   -26.19 (VIOLATED)
   ibex_top_inst/u_ibex_core/id_stage_i/controller_i/nmi_mode_q_reg/SI     0.12    -5.85 f    -5.97 (VIOLATED)
   ibex_top_inst/u_ibex_core/if_stage_i/gen_prefetch_buffer.prefetch_buffer_i/discard_req_q_reg/SI     0.12    -5.85 f    -5.97 (VIOLATED)
   ibex_top_inst/gen_regfile_ff.register_file_i/g_rf_flops[1].rf_reg_q_reg[0]/SI     0.12    -5.63 f    -5.75 (VIOLATED)
   ibex_top_inst/u_ibex_core/id_stage_i/controller_i/enter_debug_mode_prio_q_reg/SI     0.12    -4.86 f    -4.98 (VIOLATED)
   ibex_top_inst/u_ibex_core/id_stage_i/controller_i/do_single_step_q_reg/D     0.12    -4.82 f    -4.95 (VIOLATED)
   ibex_top_inst/u_ibex_core/id_stage_i/controller_i/enter_debug_mode_prio_q_reg/D     0.12    -4.77 f    -4.89 (VIOLATED)
   ibex_top_inst/u_ibex_core/id_stage_i/controller_i/debug_cause_q_reg[1]/SI     0.12    -4.62 f    -4.74 (VIOLATED)
   ibex_top_inst/u_ibex_core/id_stage_i/controller_i/debug_cause_q_reg[2]/SI     0.12    -4.62 f    -4.74 (VIOLATED)
   ibex_top_inst/u_ibex_core/id_stage_i/controller_i/debug_mode_q_reg/SI     0.12    -4.62 f    -4.74 (VIOLATED)
   ibex_top_inst/u_ibex_core/if_stage_i/gen_prefetch_buffer.prefetch_buffer_i/fetch_addr_q_reg[2]/SI     0.09    -4.32 f    -4.41 (VIOLATED)
   ibex_top_inst/u_ibex_core/if_stage_i/gen_prefetch_buffer.prefetch_buffer_i/branch_discard_q_reg[1]/SI     0.12    -4.25 f    -4.37 (VIOLATED)
   ibex_top_inst/u_ibex_core/if_stage_i/gen_prefetch_buffer.prefetch_buffer_i/fifo_i/rdata_q_reg[2][3]/D     0.12    -4.13 r    -4.24 (VIOLATED)
   ibex_top_inst/u_ibex_core/if_stage_i/gen_prefetch_buffer.prefetch_buffer_i/fifo_i/rdata_q_reg[2][1]/D     0.12    -4.12 r    -4.24 (VIOLATED)
   ibex_top_inst/u_ibex_core/if_stage_i/gen_prefetch_buffer.prefetch_buffer_i/fifo_i/rdata_q_reg[2][2]/D     0.12    -4.12 r    -4.24 (VIOLATED)
   ibex_top_inst/u_ibex_core/if_stage_i/gen_prefetch_buffer.prefetch_buffer_i/fifo_i/rdata_q_reg[2][4]/D     0.12    -4.08 r    -4.19 (VIOLATED)
   ibex_top_inst/u_ibex_core/if_stage_i/gen_prefetch_buffer.prefetch_buffer_i/fifo_i/rdata_q_reg[2][5]/D     0.12    -4.08 r    -4.19 (VIOLATED)
   ibex_top_inst/u_ibex_core/if_stage_i/gen_prefetch_buffer.prefetch_buffer_i/fifo_i/rdata_q_reg[2][6]/D     0.12    -4.08 r    -4.19 (VIOLATED)
   ibex_top_inst/u_ibex_core/if_stage_i/gen_prefetch_buffer.prefetch_buffer_i/fifo_i/rdata_q_reg[2][7]/D     0.12    -4.08 r    -4.19 (VIOLATED)
   ibex_top_inst/u_ibex_core/if_stage_i/gen_prefetch_buffer.prefetch_buffer_i/fifo_i/rdata_q_reg[2][8]/D     0.12    -4.08 r    -4.19 (VIOLATED)
   ibex_top_inst/u_ibex_core/if_stage_i/gen_prefetch_buffer.prefetch_buffer_i/fifo_i/rdata_q_reg[2][9]/D     0.12    -4.08 r    -4.19 (VIOLATED)
   ibex_top_inst/u_ibex_core/if_stage_i/gen_prefetch_buffer.prefetch_buffer_i/fifo_i/rdata_q_reg[2][10]/D     0.12    -4.08 r    -4.19 (VIOLATED)
   ibex_top_inst/u_ibex_core/if_stage_i/gen_prefetch_buffer.prefetch_buffer_i/fifo_i/rdata_q_reg[2][11]/D     0.12    -4.08 r    -4.19 (VIOLATED)
   ibex_top_inst/u_ibex_core/if_stage_i/gen_prefetch_buffer.prefetch_buffer_i/fifo_i/rdata_q_reg[2][13]/D     0.12    -4.08 r    -4.19 (VIOLATED)
   ibex_top_inst/u_ibex_core/if_stage_i/gen_prefetch_buffer.prefetch_buffer_i/fifo_i/rdata_q_reg[2][14]/D     0.12    -4.08 r    -4.19 (VIOLATED)
   ibex_top_inst/u_ibex_core/if_stage_i/gen_prefetch_buffer.prefetch_buffer_i/fifo_i/rdata_q_reg[2][15]/D     0.12    -4.08 r    -4.19 (VIOLATED)
   ibex_top_inst/u_ibex_core/if_stage_i/gen_prefetch_buffer.prefetch_buffer_i/fifo_i/rdata_q_reg[2][16]/D     0.12    -4.08 r    -4.19 (VIOLATED)
   ibex_top_inst/u_ibex_core/if_stage_i/gen_prefetch_buffer.prefetch_buffer_i/fifo_i/rdata_q_reg[2][19]/D     0.12    -4.08 r    -4.19 (VIOLATED)
   ibex_top_inst/u_ibex_core/if_stage_i/gen_prefetch_buffer.prefetch_buffer_i/fifo_i/rdata_q_reg[2][21]/D     0.12    -4.08 r    -4.19 (VIOLATED)
   ibex_top_inst/u_ibex_core/if_stage_i/gen_prefetch_buffer.prefetch_buffer_i/fifo_i/rdata_q_reg[2][24]/D     0.12    -4.08 r    -4.19 (VIOLATED)
   ibex_top_inst/u_ibex_core/if_stage_i/gen_prefetch_buffer.prefetch_buffer_i/fifo_i/err_q_reg[2]/D     0.12    -4.08 r    -4.19 (VIOLATED)
   ibex_top_inst/u_ibex_core/if_stage_i/gen_prefetch_buffer.prefetch_buffer_i/fifo_i/rdata_q_reg[2][12]/D     0.12    -4.08 r    -4.19 (VIOLATED)
   ibex_top_inst/u_ibex_core/if_stage_i/gen_prefetch_buffer.prefetch_buffer_i/fifo_i/rdata_q_reg[2][17]/D     0.12    -4.08 r    -4.19 (VIOLATED)
   ibex_top_inst/u_ibex_core/if_stage_i/gen_prefetch_buffer.prefetch_buffer_i/fifo_i/rdata_q_reg[2][18]/D     0.12    -4.08 r    -4.19 (VIOLATED)
   ibex_top_inst/u_ibex_core/if_stage_i/gen_prefetch_buffer.prefetch_buffer_i/fifo_i/rdata_q_reg[2][20]/D     0.12    -4.08 r    -4.19 (VIOLATED)
   ibex_top_inst/u_ibex_core/if_stage_i/gen_prefetch_buffer.prefetch_buffer_i/fifo_i/rdata_q_reg[2][22]/D     0.12    -4.08 r    -4.19 (VIOLATED)
   ibex_top_inst/u_ibex_core/if_stage_i/gen_prefetch_buffer.prefetch_buffer_i/fifo_i/rdata_q_reg[2][23]/D     0.12    -4.08 r    -4.19 (VIOLATED)
   ibex_top_inst/u_ibex_core/if_stage_i/gen_prefetch_buffer.prefetch_buffer_i/fifo_i/rdata_q_reg[2][25]/D     0.12    -4.08 r    -4.19 (VIOLATED)
   ibex_top_inst/u_ibex_core/if_stage_i/gen_prefetch_buffer.prefetch_buffer_i/fifo_i/rdata_q_reg[2][26]/D     0.12    -4.08 r    -4.19 (VIOLATED)
   ibex_top_inst/u_ibex_core/if_stage_i/gen_prefetch_buffer.prefetch_buffer_i/fifo_i/rdata_q_reg[2][27]/D     0.12    -4.08 r    -4.19 (VIOLATED)
   ibex_top_inst/u_ibex_core/if_stage_i/gen_prefetch_buffer.prefetch_buffer_i/fifo_i/rdata_q_reg[2][28]/D     0.12    -4.08 r    -4.19 (VIOLATED)
   ibex_top_inst/u_ibex_core/if_stage_i/gen_prefetch_buffer.prefetch_buffer_i/fifo_i/rdata_q_reg[2][29]/D     0.12    -4.08 r    -4.19 (VIOLATED)
   ibex_top_inst/u_ibex_core/if_stage_i/gen_prefetch_buffer.prefetch_buffer_i/fifo_i/rdata_q_reg[2][30]/D     0.12    -4.08 r    -4.19 (VIOLATED)
   ibex_top_inst/u_ibex_core/if_stage_i/gen_prefetch_buffer.prefetch_buffer_i/fifo_i/rdata_q_reg[2][31]/D     0.12    -4.08 r    -4.19 (VIOLATED)
   ibex_top_inst/u_ibex_core/if_stage_i/gen_prefetch_buffer.prefetch_buffer_i/fifo_i/rdata_q_reg[2][0]/D     0.12    -4.08 r    -4.19 (VIOLATED)
   ibex_top_inst/u_ibex_core/id_stage_i/controller_i/load_err_q_reg/SI     0.12    -4.03 f    -4.15 (VIOLATED)
   ibex_top_inst/u_ibex_core/id_stage_i/controller_i/exc_req_q_reg/SI     0.12    -3.20 f    -3.32 (VIOLATED)
   ibex_top_inst/u_ibex_core/id_stage_i/controller_i/illegal_insn_q_reg/SI     0.12    -2.77 f    -2.89 (VIOLATED)
   ibex_top_inst/u_ibex_core/cs_registers_i/u_dcsr_csr/rdata_q_reg[7]/SI     0.12    -1.72 f    -1.84 (VIOLATED)
   ibex_top_inst/u_ibex_core/cs_registers_i/u_dcsr_csr/rdata_q_reg[8]/SI     0.12    -1.72 f    -1.84 (VIOLATED)
   ibex_top_inst/u_ibex_core/cs_registers_i/u_dcsr_csr/rdata_q_reg[12]/SI     0.12    -1.72 f    -1.84 (VIOLATED)
   ibex_top_inst/u_ibex_core/cs_registers_i/u_dscratch0_csr/rdata_q_reg[1]/SI     0.12    -1.72 f    -1.84 (VIOLATED)
   ibex_top_inst/u_ibex_core/cs_registers_i/u_dscratch0_csr/rdata_q_reg[2]/SI     0.12    -1.72 f    -1.84 (VIOLATED)
   ibex_top_inst/u_ibex_core/cs_registers_i/u_dscratch0_csr/rdata_q_reg[3]/SI     0.12    -1.72 f    -1.84 (VIOLATED)
   ibex_top_inst/u_ibex_core/cs_registers_i/u_dscratch0_csr/rdata_q_reg[4]/SI     0.12    -1.72 f    -1.84 (VIOLATED)
   ibex_top_inst/u_ibex_core/cs_registers_i/u_dscratch0_csr/rdata_q_reg[5]/SI     0.12    -1.72 f    -1.84 (VIOLATED)
   ibex_top_inst/u_ibex_core/cs_registers_i/u_dscratch0_csr/rdata_q_reg[6]/SI     0.12    -1.72 f    -1.84 (VIOLATED)
   ibex_top_inst/u_ibex_core/cs_registers_i/u_dscratch0_csr/rdata_q_reg[7]/SI     0.12    -1.72 f    -1.84 (VIOLATED)
   ibex_top_inst/u_ibex_core/cs_registers_i/u_dscratch0_csr/rdata_q_reg[8]/SI     0.12    -1.72 f    -1.84 (VIOLATED)
   ibex_top_inst/u_ibex_core/cs_registers_i/u_dscratch0_csr/rdata_q_reg[9]/SI     0.12    -1.72 f    -1.84 (VIOLATED)
   ibex_top_inst/u_ibex_core/cs_registers_i/u_dscratch0_csr/rdata_q_reg[10]/SI     0.12    -1.72 f    -1.84 (VIOLATED)
   ibex_top_inst/u_ibex_core/cs_registers_i/u_dscratch0_csr/rdata_q_reg[11]/SI     0.12    -1.72 f    -1.84 (VIOLATED)
   ibex_top_inst/u_ibex_core/cs_registers_i/u_dscratch0_csr/rdata_q_reg[12]/SI     0.12    -1.72 f    -1.84 (VIOLATED)
   ibex_top_inst/u_ibex_core/cs_registers_i/u_dscratch0_csr/rdata_q_reg[13]/SI     0.12    -1.72 f    -1.84 (VIOLATED)
   ibex_top_inst/u_ibex_core/cs_registers_i/u_dscratch0_csr/rdata_q_reg[14]/SI     0.12    -1.72 f    -1.84 (VIOLATED)
   ibex_top_inst/u_ibex_core/cs_registers_i/u_dscratch0_csr/rdata_q_reg[15]/SI     0.12    -1.72 f    -1.84 (VIOLATED)
   ibex_top_inst/u_ibex_core/cs_registers_i/u_dscratch0_csr/rdata_q_reg[16]/SI     0.12    -1.72 f    -1.84 (VIOLATED)
   ibex_top_inst/u_ibex_core/cs_registers_i/u_dscratch0_csr/rdata_q_reg[17]/SI     0.12    -1.72 f    -1.84 (VIOLATED)
   ibex_top_inst/u_ibex_core/cs_registers_i/u_dscratch0_csr/rdata_q_reg[18]/SI     0.12    -1.72 f    -1.84 (VIOLATED)
   ibex_top_inst/u_ibex_core/cs_registers_i/u_dscratch0_csr/rdata_q_reg[19]/SI     0.12    -1.72 f    -1.84 (VIOLATED)
   ibex_top_inst/u_ibex_core/cs_registers_i/u_dscratch0_csr/rdata_q_reg[20]/SI     0.12    -1.72 f    -1.84 (VIOLATED)
   ibex_top_inst/u_ibex_core/cs_registers_i/u_dscratch0_csr/rdata_q_reg[21]/SI     0.12    -1.72 f    -1.84 (VIOLATED)
   ibex_top_inst/u_ibex_core/cs_registers_i/u_dscratch0_csr/rdata_q_reg[22]/SI     0.12    -1.72 f    -1.84 (VIOLATED)
   ibex_top_inst/u_ibex_core/cs_registers_i/u_dscratch0_csr/rdata_q_reg[23]/SI     0.12    -1.72 f    -1.84 (VIOLATED)
   ibex_top_inst/u_ibex_core/cs_registers_i/u_dscratch0_csr/rdata_q_reg[24]/SI     0.12    -1.72 f    -1.84 (VIOLATED)
   ibex_top_inst/u_ibex_core/cs_registers_i/u_dscratch0_csr/rdata_q_reg[25]/SI     0.12    -1.72 f    -1.84 (VIOLATED)
   ibex_top_inst/u_ibex_core/cs_registers_i/u_dscratch0_csr/rdata_q_reg[26]/SI     0.12    -1.72 f    -1.84 (VIOLATED)
   ibex_top_inst/u_ibex_core/cs_registers_i/u_dscratch0_csr/rdata_q_reg[27]/SI     0.12    -1.72 f    -1.84 (VIOLATED)
   ibex_top_inst/u_ibex_core/cs_registers_i/u_dscratch0_csr/rdata_q_reg[28]/SI     0.12    -1.72 f    -1.84 (VIOLATED)
   ibex_top_inst/u_ibex_core/cs_registers_i/u_dscratch0_csr/rdata_q_reg[29]/SI     0.12    -1.72 f    -1.84 (VIOLATED)
   ibex_top_inst/u_ibex_core/cs_registers_i/u_dscratch0_csr/rdata_q_reg[30]/SI     0.12    -1.72 f    -1.84 (VIOLATED)
   ibex_top_inst/u_ibex_core/cs_registers_i/u_dscratch0_csr/rdata_q_reg[31]/SI     0.12    -1.72 f    -1.84 (VIOLATED)
   ibex_top_inst/u_ibex_core/cs_registers_i/u_dscratch1_csr/rdata_q_reg[0]/SI     0.12    -1.72 f    -1.84 (VIOLATED)
   ibex_top_inst/u_ibex_core/cs_registers_i/u_dscratch1_csr/rdata_q_reg[1]/SI     0.12    -1.72 f    -1.84 (VIOLATED)
   ibex_top_inst/u_ibex_core/cs_registers_i/u_dscratch1_csr/rdata_q_reg[2]/SI     0.12    -1.72 f    -1.84 (VIOLATED)
   ibex_top_inst/u_ibex_core/cs_registers_i/u_dscratch1_csr/rdata_q_reg[3]/SI     0.12    -1.72 f    -1.84 (VIOLATED)
   ibex_top_inst/u_ibex_core/cs_registers_i/u_dscratch1_csr/rdata_q_reg[4]/SI     0.12    -1.72 f    -1.84 (VIOLATED)
   ibex_top_inst/u_ibex_core/cs_registers_i/u_dscratch1_csr/rdata_q_reg[5]/SI     0.12    -1.72 f    -1.84 (VIOLATED)
   ibex_top_inst/u_ibex_core/cs_registers_i/u_dscratch1_csr/rdata_q_reg[6]/SI     0.12    -1.72 f    -1.84 (VIOLATED)
   ibex_top_inst/u_ibex_core/cs_registers_i/u_dscratch1_csr/rdata_q_reg[7]/SI     0.12    -1.72 f    -1.84 (VIOLATED)
   ibex_top_inst/u_ibex_core/cs_registers_i/u_dscratch1_csr/rdata_q_reg[8]/SI     0.12    -1.72 f    -1.84 (VIOLATED)
   ibex_top_inst/u_ibex_core/cs_registers_i/u_dscratch1_csr/rdata_q_reg[9]/SI     0.12    -1.72 f    -1.84 (VIOLATED)
   ibex_top_inst/u_ibex_core/cs_registers_i/u_dscratch1_csr/rdata_q_reg[10]/SI     0.12    -1.72 f    -1.84 (VIOLATED)
   ibex_top_inst/u_ibex_core/cs_registers_i/u_dscratch1_csr/rdata_q_reg[11]/SI     0.12    -1.72 f    -1.84 (VIOLATED)
   ibex_top_inst/u_ibex_core/cs_registers_i/u_dscratch1_csr/rdata_q_reg[12]/SI     0.12    -1.72 f    -1.84 (VIOLATED)
   ibex_top_inst/u_ibex_core/cs_registers_i/u_dscratch1_csr/rdata_q_reg[13]/SI     0.12    -1.72 f    -1.84 (VIOLATED)
   ibex_top_inst/u_ibex_core/cs_registers_i/u_dscratch1_csr/rdata_q_reg[14]/SI     0.12    -1.72 f    -1.84 (VIOLATED)
   ibex_top_inst/u_ibex_core/cs_registers_i/u_dscratch1_csr/rdata_q_reg[15]/SI     0.12    -1.72 f    -1.84 (VIOLATED)
   ibex_top_inst/u_ibex_core/cs_registers_i/u_dscratch1_csr/rdata_q_reg[16]/SI     0.12    -1.72 f    -1.84 (VIOLATED)
   ibex_top_inst/u_ibex_core/cs_registers_i/u_dscratch1_csr/rdata_q_reg[17]/SI     0.12    -1.72 f    -1.84 (VIOLATED)
   ibex_top_inst/u_ibex_core/cs_registers_i/u_dscratch1_csr/rdata_q_reg[18]/SI     0.12    -1.72 f    -1.84 (VIOLATED)
   ibex_top_inst/u_ibex_core/cs_registers_i/u_dscratch1_csr/rdata_q_reg[19]/SI     0.12    -1.72 f    -1.84 (VIOLATED)
   ibex_top_inst/u_ibex_core/cs_registers_i/u_dscratch1_csr/rdata_q_reg[20]/SI     0.12    -1.72 f    -1.84 (VIOLATED)
   ibex_top_inst/u_ibex_core/cs_registers_i/u_dscratch1_csr/rdata_q_reg[21]/SI     0.12    -1.72 f    -1.84 (VIOLATED)
   ibex_top_inst/u_ibex_core/cs_registers_i/u_dscratch1_csr/rdata_q_reg[22]/SI     0.12    -1.72 f    -1.84 (VIOLATED)
   ibex_top_inst/u_ibex_core/cs_registers_i/u_dscratch1_csr/rdata_q_reg[23]/SI     0.12    -1.72 f    -1.84 (VIOLATED)
   ibex_top_inst/u_ibex_core/cs_registers_i/u_dscratch1_csr/rdata_q_reg[24]/SI     0.12    -1.72 f    -1.84 (VIOLATED)
   ibex_top_inst/u_ibex_core/cs_registers_i/u_dscratch1_csr/rdata_q_reg[25]/SI     0.12    -1.72 f    -1.84 (VIOLATED)
   ibex_top_inst/u_ibex_core/cs_registers_i/u_dscratch1_csr/rdata_q_reg[26]/SI     0.12    -1.72 f    -1.84 (VIOLATED)
   ibex_top_inst/u_ibex_core/cs_registers_i/u_dscratch1_csr/rdata_q_reg[27]/SI     0.12    -1.72 f    -1.84 (VIOLATED)
   ibex_top_inst/u_ibex_core/cs_registers_i/u_dscratch1_csr/rdata_q_reg[28]/SI     0.12    -1.72 f    -1.84 (VIOLATED)
   ibex_top_inst/u_ibex_core/cs_registers_i/u_dscratch1_csr/rdata_q_reg[29]/SI     0.12    -1.72 f    -1.84 (VIOLATED)
   ibex_top_inst/u_ibex_core/cs_registers_i/u_dscratch1_csr/rdata_q_reg[30]/SI     0.12    -1.72 f    -1.84 (VIOLATED)
   ibex_top_inst/u_ibex_core/cs_registers_i/u_dscratch1_csr/rdata_q_reg[31]/SI     0.12    -1.72 f    -1.84 (VIOLATED)
   ibex_top_inst/u_ibex_core/cs_registers_i/u_mcause_csr/rdata_q_reg[0]/SI     0.12    -1.72 f    -1.84 (VIOLATED)
   ibex_top_inst/u_ibex_core/cs_registers_i/u_mscratch_csr/rdata_q_reg[1]/SI     0.12    -1.72 f    -1.84 (VIOLATED)
   ibex_top_inst/u_ibex_core/cs_registers_i/u_mscratch_csr/rdata_q_reg[2]/SI     0.12    -1.72 f    -1.84 (VIOLATED)
   ibex_top_inst/u_ibex_core/cs_registers_i/u_mscratch_csr/rdata_q_reg[3]/SI     0.12    -1.72 f    -1.84 (VIOLATED)
   ibex_top_inst/u_ibex_core/cs_registers_i/u_mscratch_csr/rdata_q_reg[4]/SI     0.12    -1.72 f    -1.84 (VIOLATED)
   ibex_top_inst/u_ibex_core/cs_registers_i/u_mscratch_csr/rdata_q_reg[5]/SI     0.12    -1.72 f    -1.84 (VIOLATED)
   ibex_top_inst/u_ibex_core/cs_registers_i/u_mscratch_csr/rdata_q_reg[6]/SI     0.12    -1.72 f    -1.84 (VIOLATED)
   ibex_top_inst/u_ibex_core/cs_registers_i/u_mscratch_csr/rdata_q_reg[7]/SI     0.12    -1.72 f    -1.84 (VIOLATED)
   ibex_top_inst/u_ibex_core/cs_registers_i/u_mscratch_csr/rdata_q_reg[8]/SI     0.12    -1.72 f    -1.84 (VIOLATED)
   ibex_top_inst/u_ibex_core/cs_registers_i/u_mscratch_csr/rdata_q_reg[9]/SI     0.12    -1.72 f    -1.84 (VIOLATED)
   ibex_top_inst/u_ibex_core/cs_registers_i/u_mscratch_csr/rdata_q_reg[10]/SI     0.12    -1.72 f    -1.84 (VIOLATED)
   ibex_top_inst/u_ibex_core/cs_registers_i/u_mscratch_csr/rdata_q_reg[11]/SI     0.12    -1.72 f    -1.84 (VIOLATED)
   ibex_top_inst/u_ibex_core/cs_registers_i/u_mscratch_csr/rdata_q_reg[12]/SI     0.12    -1.72 f    -1.84 (VIOLATED)
   ibex_top_inst/u_ibex_core/cs_registers_i/u_mscratch_csr/rdata_q_reg[13]/SI     0.12    -1.72 f    -1.84 (VIOLATED)
   ibex_top_inst/u_ibex_core/cs_registers_i/u_mscratch_csr/rdata_q_reg[14]/SI     0.12    -1.72 f    -1.84 (VIOLATED)
   ibex_top_inst/u_ibex_core/cs_registers_i/u_mscratch_csr/rdata_q_reg[15]/SI     0.12    -1.72 f    -1.84 (VIOLATED)
   ibex_top_inst/u_ibex_core/cs_registers_i/u_mscratch_csr/rdata_q_reg[16]/SI     0.12    -1.72 f    -1.84 (VIOLATED)
   ibex_top_inst/u_ibex_core/cs_registers_i/u_mscratch_csr/rdata_q_reg[17]/SI     0.12    -1.72 f    -1.84 (VIOLATED)
   ibex_top_inst/u_ibex_core/cs_registers_i/u_mscratch_csr/rdata_q_reg[18]/SI     0.12    -1.72 f    -1.84 (VIOLATED)
   ibex_top_inst/u_ibex_core/cs_registers_i/u_mscratch_csr/rdata_q_reg[19]/SI     0.12    -1.72 f    -1.84 (VIOLATED)
   ibex_top_inst/u_ibex_core/cs_registers_i/u_mscratch_csr/rdata_q_reg[20]/SI     0.12    -1.72 f    -1.84 (VIOLATED)
   ibex_top_inst/u_ibex_core/cs_registers_i/u_mscratch_csr/rdata_q_reg[21]/SI     0.12    -1.72 f    -1.84 (VIOLATED)
   ibex_top_inst/u_ibex_core/cs_registers_i/u_mscratch_csr/rdata_q_reg[22]/SI     0.12    -1.72 f    -1.84 (VIOLATED)
   ibex_top_inst/u_ibex_core/cs_registers_i/u_mscratch_csr/rdata_q_reg[23]/SI     0.12    -1.72 f    -1.84 (VIOLATED)
   ibex_top_inst/u_ibex_core/cs_registers_i/u_mscratch_csr/rdata_q_reg[24]/SI     0.12    -1.72 f    -1.84 (VIOLATED)
   ibex_top_inst/u_ibex_core/cs_registers_i/u_mscratch_csr/rdata_q_reg[25]/SI     0.12    -1.72 f    -1.84 (VIOLATED)
   ibex_top_inst/u_ibex_core/cs_registers_i/u_mscratch_csr/rdata_q_reg[26]/SI     0.12    -1.72 f    -1.84 (VIOLATED)
   ibex_top_inst/u_ibex_core/cs_registers_i/u_mscratch_csr/rdata_q_reg[27]/SI     0.12    -1.72 f    -1.84 (VIOLATED)
   ibex_top_inst/u_ibex_core/cs_registers_i/u_mscratch_csr/rdata_q_reg[28]/SI     0.12    -1.72 f    -1.84 (VIOLATED)
   ibex_top_inst/u_ibex_core/cs_registers_i/u_mscratch_csr/rdata_q_reg[29]/SI     0.12    -1.72 f    -1.84 (VIOLATED)
   ibex_top_inst/u_ibex_core/cs_registers_i/u_mscratch_csr/rdata_q_reg[30]/SI     0.12    -1.72 f    -1.84 (VIOLATED)
   ibex_top_inst/u_ibex_core/cs_registers_i/u_mscratch_csr/rdata_q_reg[31]/SI     0.12    -1.72 f    -1.84 (VIOLATED)
   ibex_top_inst/u_ibex_core/cs_registers_i/u_mstack_cause_csr/rdata_q_reg[0]/SI     0.12    -1.72 f    -1.84 (VIOLATED)
   ibex_top_inst/u_ibex_core/cs_registers_i/u_mstack_csr/rdata_q_reg[0]/SI     0.12    -1.72 f    -1.84 (VIOLATED)
   ibex_top_inst/u_ibex_core/cs_registers_i/u_mstack_epc_csr/rdata_q_reg[2]/SI     0.12    -1.72 f    -1.84 (VIOLATED)
   ibex_top_inst/u_ibex_core/cs_registers_i/u_mstack_epc_csr/rdata_q_reg[3]/SI     0.12    -1.72 f    -1.84 (VIOLATED)
   ibex_top_inst/u_ibex_core/cs_registers_i/u_mstack_epc_csr/rdata_q_reg[4]/SI     0.12    -1.72 f    -1.84 (VIOLATED)
   ibex_top_inst/u_ibex_core/cs_registers_i/u_mstack_epc_csr/rdata_q_reg[5]/SI     0.12    -1.72 f    -1.84 (VIOLATED)
   ibex_top_inst/u_ibex_core/cs_registers_i/u_mstack_epc_csr/rdata_q_reg[6]/SI     0.12    -1.72 f    -1.84 (VIOLATED)
   ibex_top_inst/u_ibex_core/cs_registers_i/u_mstack_epc_csr/rdata_q_reg[7]/SI     0.12    -1.72 f    -1.84 (VIOLATED)
   ibex_top_inst/u_ibex_core/cs_registers_i/u_mstack_epc_csr/rdata_q_reg[8]/SI     0.12    -1.72 f    -1.84 (VIOLATED)
   ibex_top_inst/u_ibex_core/cs_registers_i/u_mstack_epc_csr/rdata_q_reg[9]/SI     0.12    -1.72 f    -1.84 (VIOLATED)
   ibex_top_inst/u_ibex_core/cs_registers_i/u_mstack_epc_csr/rdata_q_reg[10]/SI     0.12    -1.72 f    -1.84 (VIOLATED)
   ibex_top_inst/u_ibex_core/cs_registers_i/u_mstack_epc_csr/rdata_q_reg[11]/SI     0.12    -1.72 f    -1.84 (VIOLATED)
   ibex_top_inst/u_ibex_core/cs_registers_i/u_mstack_epc_csr/rdata_q_reg[12]/SI     0.12    -1.72 f    -1.84 (VIOLATED)
   ibex_top_inst/u_ibex_core/cs_registers_i/u_mstack_epc_csr/rdata_q_reg[13]/SI     0.12    -1.72 f    -1.84 (VIOLATED)
   ibex_top_inst/u_ibex_core/cs_registers_i/u_mstack_epc_csr/rdata_q_reg[14]/SI     0.12    -1.72 f    -1.84 (VIOLATED)
   ibex_top_inst/u_ibex_core/cs_registers_i/u_mstack_epc_csr/rdata_q_reg[15]/SI     0.12    -1.72 f    -1.84 (VIOLATED)
   ibex_top_inst/u_ibex_core/cs_registers_i/u_mstack_epc_csr/rdata_q_reg[16]/SI     0.12    -1.72 f    -1.84 (VIOLATED)
   ibex_top_inst/u_ibex_core/cs_registers_i/u_mstack_epc_csr/rdata_q_reg[17]/SI     0.12    -1.72 f    -1.84 (VIOLATED)
   ibex_top_inst/u_ibex_core/cs_registers_i/u_mstack_epc_csr/rdata_q_reg[18]/SI     0.12    -1.72 f    -1.84 (VIOLATED)
   ibex_top_inst/u_ibex_core/cs_registers_i/u_mstack_epc_csr/rdata_q_reg[19]/SI     0.12    -1.72 f    -1.84 (VIOLATED)
   ibex_top_inst/u_ibex_core/cs_registers_i/u_mstack_epc_csr/rdata_q_reg[20]/SI     0.12    -1.72 f    -1.84 (VIOLATED)
   ibex_top_inst/u_ibex_core/cs_registers_i/u_mstack_epc_csr/rdata_q_reg[21]/SI     0.12    -1.72 f    -1.84 (VIOLATED)
   ibex_top_inst/u_ibex_core/cs_registers_i/u_mstack_epc_csr/rdata_q_reg[22]/SI     0.12    -1.72 f    -1.84 (VIOLATED)
   ibex_top_inst/u_ibex_core/cs_registers_i/u_mstack_epc_csr/rdata_q_reg[23]/SI     0.12    -1.72 f    -1.84 (VIOLATED)
   ibex_top_inst/u_ibex_core/cs_registers_i/u_mstack_epc_csr/rdata_q_reg[24]/SI     0.12    -1.72 f    -1.84 (VIOLATED)
   ibex_top_inst/u_ibex_core/cs_registers_i/u_mstack_epc_csr/rdata_q_reg[25]/SI     0.12    -1.72 f    -1.84 (VIOLATED)
   ibex_top_inst/u_ibex_core/cs_registers_i/u_mstack_epc_csr/rdata_q_reg[26]/SI     0.12    -1.72 f    -1.84 (VIOLATED)
   ibex_top_inst/u_ibex_core/cs_registers_i/u_mstack_epc_csr/rdata_q_reg[27]/SI     0.12    -1.72 f    -1.84 (VIOLATED)
   ibex_top_inst/u_ibex_core/cs_registers_i/u_mstack_epc_csr/rdata_q_reg[28]/SI     0.12    -1.72 f    -1.84 (VIOLATED)
   ibex_top_inst/u_ibex_core/cs_registers_i/u_mstack_epc_csr/rdata_q_reg[29]/SI     0.12    -1.72 f    -1.84 (VIOLATED)
   ibex_top_inst/u_ibex_core/cs_registers_i/u_mstack_epc_csr/rdata_q_reg[30]/SI     0.12    -1.72 f    -1.84 (VIOLATED)
   ibex_top_inst/u_ibex_core/cs_registers_i/u_mstack_epc_csr/rdata_q_reg[31]/SI     0.12    -1.72 f    -1.84 (VIOLATED)
   ibex_top_inst/u_ibex_core/cs_registers_i/u_mstatus_csr/rdata_q_reg[0]/SI     0.12    -1.72 f    -1.84 (VIOLATED)
   ibex_top_inst/u_ibex_core/load_store_unit_i/rdata_q_reg[9]/SI     0.12    -1.72 f    -1.84 (VIOLATED)
   ibex_top_inst/u_ibex_core/load_store_unit_i/rdata_q_reg[10]/SI     0.12    -1.72 f    -1.84 (VIOLATED)
   ibex_top_inst/u_ibex_core/load_store_unit_i/rdata_q_reg[11]/SI     0.12    -1.72 f    -1.84 (VIOLATED)
   ibex_top_inst/u_ibex_core/load_store_unit_i/rdata_q_reg[12]/SI     0.12    -1.72 f    -1.84 (VIOLATED)
   ibex_top_inst/u_ibex_core/load_store_unit_i/rdata_q_reg[13]/SI     0.12    -1.72 f    -1.84 (VIOLATED)
   ibex_top_inst/u_ibex_core/load_store_unit_i/rdata_q_reg[14]/SI     0.12    -1.72 f    -1.84 (VIOLATED)
   ibex_top_inst/u_ibex_core/load_store_unit_i/rdata_q_reg[15]/SI     0.12    -1.72 f    -1.84 (VIOLATED)
   ibex_top_inst/u_ibex_core/load_store_unit_i/rdata_q_reg[16]/SI     0.12    -1.72 f    -1.84 (VIOLATED)
   ibex_top_inst/u_ibex_core/load_store_unit_i/rdata_q_reg[8]/D     0.12    -1.69 f    -1.81 (VIOLATED)
   ibex_top_inst/u_ibex_core/load_store_unit_i/rdata_q_reg[13]/D     0.12    -1.69 f    -1.81 (VIOLATED)
   ibex_top_inst/u_ibex_core/load_store_unit_i/rdata_q_reg[14]/D     0.12    -1.69 f    -1.81 (VIOLATED)
   ibex_top_inst/u_ibex_core/load_store_unit_i/rdata_q_reg[15]/D     0.12    -1.69 f    -1.81 (VIOLATED)
   ibex_top_inst/u_ibex_core/load_store_unit_i/rdata_q_reg[9]/D     0.12    -1.69 f    -1.81 (VIOLATED)
   ibex_top_inst/u_ibex_core/load_store_unit_i/rdata_q_reg[10]/D     0.12    -1.69 f    -1.81 (VIOLATED)
   ibex_top_inst/u_ibex_core/load_store_unit_i/rdata_q_reg[11]/D     0.12    -1.69 f    -1.81 (VIOLATED)
   ibex_top_inst/u_ibex_core/load_store_unit_i/rdata_q_reg[12]/D     0.12    -1.69 f    -1.81 (VIOLATED)
   ibex_top_inst/u_ibex_core/cs_registers_i/u_mstack_cause_csr/rdata_q_reg[1]/SI     0.12    -1.40 f    -1.52 (VIOLATED)
   ibex_top_inst/u_ibex_core/cs_registers_i/u_mstack_cause_csr/rdata_q_reg[2]/SI     0.12    -1.40 f    -1.52 (VIOLATED)
   ibex_top_inst/u_ibex_core/cs_registers_i/u_mstack_cause_csr/rdata_q_reg[3]/SI     0.12    -1.40 f    -1.52 (VIOLATED)
   ibex_top_inst/u_ibex_core/cs_registers_i/u_mstack_cause_csr/rdata_q_reg[4]/SI     0.12    -1.40 f    -1.52 (VIOLATED)
   ibex_top_inst/u_ibex_core/cs_registers_i/u_mstack_cause_csr/rdata_q_reg[5]/SI     0.12    -1.40 f    -1.52 (VIOLATED)
   ibex_top_inst/u_ibex_core/cs_registers_i/u_mstack_cause_csr/rdata_q_reg[6]/SI     0.12    -1.40 f    -1.52 (VIOLATED)
   ibex_top_inst/u_ibex_core/cs_registers_i/u_mstack_csr/rdata_q_reg[1]/SI     0.12    -1.40 f    -1.52 (VIOLATED)
   ibex_top_inst/u_ibex_core/ex_block_i/gen_multdiv_fast.multdiv_i/op_quotient_q_reg[2]/SI     0.12    -1.27 f    -1.39 (VIOLATED)
   ibex_top_inst/u_ibex_core/ex_block_i/gen_multdiv_fast.multdiv_i/op_quotient_q_reg[3]/SI     0.12    -1.27 f    -1.39 (VIOLATED)
   ibex_top_inst/u_ibex_core/ex_block_i/gen_multdiv_fast.multdiv_i/op_quotient_q_reg[4]/SI     0.12    -1.27 f    -1.39 (VIOLATED)
   ibex_top_inst/u_ibex_core/ex_block_i/gen_multdiv_fast.multdiv_i/op_quotient_q_reg[5]/SI     0.12    -1.27 f    -1.39 (VIOLATED)
   ibex_top_inst/u_ibex_core/ex_block_i/gen_multdiv_fast.multdiv_i/op_quotient_q_reg[13]/SI     0.12    -1.27 f    -1.39 (VIOLATED)
   ibex_top_inst/u_ibex_core/ex_block_i/gen_multdiv_fast.multdiv_i/op_quotient_q_reg[21]/SI     0.12    -1.27 f    -1.39 (VIOLATED)
   ibex_top_inst/u_ibex_core/ex_block_i/gen_multdiv_fast.multdiv_i/op_quotient_q_reg[25]/SI     0.12    -1.27 f    -1.39 (VIOLATED)
   ibex_top_inst/u_ibex_core/ex_block_i/gen_multdiv_fast.multdiv_i/op_quotient_q_reg[26]/SI     0.12    -1.27 f    -1.39 (VIOLATED)
   ibex_top_inst/u_ibex_core/ex_block_i/gen_multdiv_fast.multdiv_i/op_quotient_q_reg[27]/SI     0.12    -1.27 f    -1.39 (VIOLATED)
   ibex_top_inst/u_ibex_core/ex_block_i/gen_multdiv_fast.multdiv_i/op_quotient_q_reg[28]/SI     0.12    -1.27 f    -1.39 (VIOLATED)
   ibex_top_inst/u_ibex_core/ex_block_i/gen_multdiv_fast.multdiv_i/op_quotient_q_reg[30]/SI     0.12    -1.27 f    -1.39 (VIOLATED)
   ibex_top_inst/u_ibex_core/ex_block_i/gen_multdiv_fast.multdiv_i/op_quotient_q_reg[31]/SI     0.12    -1.27 f    -1.39 (VIOLATED)
   ibex_top_inst/u_ibex_core/id_stage_i/branch_jump_set_done_q_reg/SI     0.12    -1.27 f    -1.39 (VIOLATED)
   ibex_top_inst/u_ibex_core/ex_block_i/gen_multdiv_fast.multdiv_i/op_quotient_q_reg[1]/SI     0.12    -1.17 f    -1.29 (VIOLATED)
   ibex_top_inst/u_ibex_core/ex_block_i/gen_multdiv_fast.multdiv_i/op_numerator_q_reg[2]/SI     0.12    -0.98 f    -1.11 (VIOLATED)
   ibex_top_inst/u_ibex_core/ex_block_i/gen_multdiv_fast.multdiv_i/op_numerator_q_reg[3]/SI     0.12    -0.98 f    -1.11 (VIOLATED)
   ibex_top_inst/u_ibex_core/ex_block_i/gen_multdiv_fast.multdiv_i/op_numerator_q_reg[4]/SI     0.12    -0.98 f    -1.11 (VIOLATED)
   ibex_top_inst/u_ibex_core/ex_block_i/gen_multdiv_fast.multdiv_i/op_numerator_q_reg[5]/SI     0.12    -0.98 f    -1.11 (VIOLATED)
   ibex_top_inst/u_ibex_core/ex_block_i/gen_multdiv_fast.multdiv_i/op_numerator_q_reg[6]/SI     0.12    -0.98 f    -1.11 (VIOLATED)
   ibex_top_inst/u_ibex_core/ex_block_i/gen_multdiv_fast.multdiv_i/op_numerator_q_reg[7]/SI     0.12    -0.98 f    -1.11 (VIOLATED)
   ibex_top_inst/u_ibex_core/ex_block_i/gen_multdiv_fast.multdiv_i/op_numerator_q_reg[8]/SI     0.12    -0.98 f    -1.11 (VIOLATED)
   ibex_top_inst/u_ibex_core/ex_block_i/gen_multdiv_fast.multdiv_i/op_numerator_q_reg[10]/SI     0.12    -0.98 f    -1.11 (VIOLATED)
   ibex_top_inst/u_ibex_core/ex_block_i/gen_multdiv_fast.multdiv_i/op_numerator_q_reg[11]/SI     0.12    -0.98 f    -1.11 (VIOLATED)
   ibex_top_inst/u_ibex_core/ex_block_i/gen_multdiv_fast.multdiv_i/op_numerator_q_reg[12]/SI     0.12    -0.98 f    -1.11 (VIOLATED)
   ibex_top_inst/u_ibex_core/ex_block_i/gen_multdiv_fast.multdiv_i/op_numerator_q_reg[13]/SI     0.12    -0.98 f    -1.11 (VIOLATED)
   ibex_top_inst/u_ibex_core/ex_block_i/gen_multdiv_fast.multdiv_i/op_numerator_q_reg[14]/SI     0.12    -0.98 f    -1.11 (VIOLATED)
   ibex_top_inst/u_ibex_core/ex_block_i/gen_multdiv_fast.multdiv_i/op_numerator_q_reg[15]/SI     0.12    -0.98 f    -1.11 (VIOLATED)
   ibex_top_inst/u_ibex_core/ex_block_i/gen_multdiv_fast.multdiv_i/op_numerator_q_reg[16]/SI     0.12    -0.98 f    -1.11 (VIOLATED)
   ibex_top_inst/u_ibex_core/ex_block_i/gen_multdiv_fast.multdiv_i/op_numerator_q_reg[17]/SI     0.12    -0.98 f    -1.11 (VIOLATED)
   ibex_top_inst/u_ibex_core/ex_block_i/gen_multdiv_fast.multdiv_i/op_numerator_q_reg[19]/SI     0.12    -0.98 f    -1.11 (VIOLATED)
   ibex_top_inst/u_ibex_core/ex_block_i/gen_multdiv_fast.multdiv_i/op_numerator_q_reg[20]/SI     0.12    -0.98 f    -1.11 (VIOLATED)
   ibex_top_inst/u_ibex_core/ex_block_i/gen_multdiv_fast.multdiv_i/op_numerator_q_reg[21]/SI     0.12    -0.98 f    -1.11 (VIOLATED)
   ibex_top_inst/u_ibex_core/ex_block_i/gen_multdiv_fast.multdiv_i/op_numerator_q_reg[22]/SI     0.12    -0.98 f    -1.11 (VIOLATED)
   ibex_top_inst/u_ibex_core/ex_block_i/gen_multdiv_fast.multdiv_i/op_numerator_q_reg[23]/SI     0.12    -0.98 f    -1.11 (VIOLATED)
   ibex_top_inst/u_ibex_core/ex_block_i/gen_multdiv_fast.multdiv_i/op_numerator_q_reg[25]/SI     0.12    -0.98 f    -1.11 (VIOLATED)
   ibex_top_inst/u_ibex_core/ex_block_i/gen_multdiv_fast.multdiv_i/op_numerator_q_reg[26]/SI     0.12    -0.98 f    -1.11 (VIOLATED)
   ibex_top_inst/u_ibex_core/ex_block_i/gen_multdiv_fast.multdiv_i/op_numerator_q_reg[27]/SI     0.12    -0.98 f    -1.11 (VIOLATED)
   ibex_top_inst/u_ibex_core/ex_block_i/gen_multdiv_fast.multdiv_i/op_numerator_q_reg[28]/SI     0.12    -0.98 f    -1.11 (VIOLATED)
   ibex_top_inst/u_ibex_core/ex_block_i/gen_multdiv_fast.multdiv_i/op_numerator_q_reg[29]/SI     0.12    -0.98 f    -1.11 (VIOLATED)
   ibex_top_inst/u_ibex_core/ex_block_i/gen_multdiv_fast.multdiv_i/op_numerator_q_reg[30]/SI     0.12    -0.98 f    -1.11 (VIOLATED)
   ibex_top_inst/u_ibex_core/ex_block_i/gen_multdiv_fast.multdiv_i/op_numerator_q_reg[31]/SI     0.12    -0.98 f    -1.11 (VIOLATED)
   ibex_top_inst/u_ibex_core/id_stage_i/id_fsm_q_reg/SI     0.12    -0.98 f    -1.11 (VIOLATED)
   ibex_top_inst/u_ibex_core/ex_block_i/gen_multdiv_fast.multdiv_i/op_numerator_q_reg[1]/SI     0.12    -0.98 f    -1.11 (VIOLATED)
   ibex_top_inst/u_ibex_core/ex_block_i/gen_multdiv_fast.multdiv_i/op_numerator_q_reg[9]/SI     0.12    -0.98 f    -1.11 (VIOLATED)
   ibex_top_inst/u_ibex_core/ex_block_i/gen_multdiv_fast.multdiv_i/op_numerator_q_reg[18]/SI     0.12    -0.98 f    -1.11 (VIOLATED)
   ibex_top_inst/u_ibex_core/ex_block_i/gen_multdiv_fast.multdiv_i/op_numerator_q_reg[24]/SI     0.12    -0.98 f    -1.11 (VIOLATED)
   ibex_top_inst/u_ibex_core/cs_registers_i/u_cpuctrlsts_part_csr/rdata_q_reg[7]/SI     0.12    -0.93 f    -1.05 (VIOLATED)
   ibex_top_inst/u_ibex_core/cs_registers_i/u_mtvec_csr/rdata_q_reg[29]/SI     0.12    -0.22 f    -0.34 (VIOLATED)
   ibex_top_inst/u_ibex_core/cs_registers_i/u_mstack_csr/rdata_q_reg[2]/SI     0.12    -0.09 f    -0.22 (VIOLATED)
   ibex_top_inst/u_ibex_core/cs_registers_i/u_dcsr_csr/rdata_q_reg[15]/SI     0.12    -0.06 f    -0.18 (VIOLATED)
   ibex_top_inst/u_ibex_core/ex_block_i/gen_multdiv_fast.multdiv_i/op_quotient_q_reg[6]/SI     0.12    -0.06 f    -0.18 (VIOLATED)
   ibex_top_inst/u_ibex_core/ex_block_i/gen_multdiv_fast.multdiv_i/op_quotient_q_reg[7]/SI     0.12    -0.06 f    -0.18 (VIOLATED)
   ibex_top_inst/u_ibex_core/ex_block_i/gen_multdiv_fast.multdiv_i/op_quotient_q_reg[8]/SI     0.12    -0.06 f    -0.18 (VIOLATED)
   ibex_top_inst/u_ibex_core/ex_block_i/gen_multdiv_fast.multdiv_i/op_quotient_q_reg[9]/SI     0.12    -0.06 f    -0.18 (VIOLATED)
   ibex_top_inst/u_ibex_core/ex_block_i/gen_multdiv_fast.multdiv_i/op_quotient_q_reg[14]/SI     0.12    -0.06 f    -0.18 (VIOLATED)
   ibex_top_inst/u_ibex_core/ex_block_i/gen_multdiv_fast.multdiv_i/op_quotient_q_reg[15]/SI     0.12    -0.06 f    -0.18 (VIOLATED)
   ibex_top_inst/u_ibex_core/ex_block_i/gen_multdiv_fast.multdiv_i/op_quotient_q_reg[16]/SI     0.12    -0.06 f    -0.18 (VIOLATED)
   ibex_top_inst/u_ibex_core/ex_block_i/gen_multdiv_fast.multdiv_i/op_quotient_q_reg[17]/SI     0.12    -0.06 f    -0.18 (VIOLATED)
   ibex_top_inst/u_ibex_core/ex_block_i/gen_multdiv_fast.multdiv_i/op_quotient_q_reg[22]/SI     0.12    -0.06 f    -0.18 (VIOLATED)
   ibex_top_inst/u_ibex_core/ex_block_i/gen_multdiv_fast.multdiv_i/op_quotient_q_reg[23]/SI     0.12    -0.06 f    -0.18 (VIOLATED)
   ibex_top_inst/u_ibex_core/ex_block_i/gen_multdiv_fast.multdiv_i/op_quotient_q_reg[24]/SI     0.12    -0.06 f    -0.18 (VIOLATED)
   ibex_top_inst/u_ibex_core/ex_block_i/gen_multdiv_fast.multdiv_i/op_quotient_q_reg[29]/SI     0.12    -0.06 f    -0.18 (VIOLATED)
   ibex_top_inst/u_ibex_core/ex_block_i/gen_multdiv_fast.multdiv_i/div_counter_q_reg[0]/SI     0.12    -0.04 f    -0.16 (VIOLATED)
   ibex_top_inst/u_ibex_core/load_store_unit_i/data_type_q_reg[0]/SI     0.12    -0.04 f    -0.16 (VIOLATED)
   ibex_top_inst/u_ibex_core/if_stage_i/pc_id_o_reg[31]/SI     0.12     0.06 r    -0.06 (VIOLATED)
   ibex_top_inst/u_ibex_core/if_stage_i/gen_prefetch_buffer.prefetch_buffer_i/valid_req_q_reg/SI     0.12     0.06 f    -0.06 (VIOLATED)
   ibex_top_inst/u_ibex_core/if_stage_i/gen_prefetch_buffer.prefetch_buffer_i/fifo_i/valid_q_reg[0]/SI     0.12     0.06 f    -0.06 (VIOLATED)
   ibex_top_inst/u_ibex_core/if_stage_i/gen_prefetch_buffer.prefetch_buffer_i/stored_addr_q_reg[29]/SI     0.12     0.06 r    -0.06 (VIOLATED)
   ibex_top_inst/u_ibex_core/wb_stage_i/g_writeback_stage.wb_pc_q_reg[26]/SI     0.12     0.06 r    -0.06 (VIOLATED)
   ibex_top_inst/u_ibex_core/wb_stage_i/g_writeback_stage.wb_valid_q_reg/SI     0.12     0.07 f    -0.06 (VIOLATED)
   ibex_top_inst/u_ibex_core/if_stage_i/gen_prefetch_buffer.prefetch_buffer_i/fifo_i/err_q_reg[0]/SI     0.12     0.06 r    -0.06 (VIOLATED)
   ibex_top_inst/u_ibex_core/if_stage_i/gen_prefetch_buffer.prefetch_buffer_i/fetch_addr_q_reg[8]/SI     0.12     0.06 r    -0.06 (VIOLATED)
   ibex_top_inst/u_ibex_core/if_stage_i/gen_prefetch_buffer.prefetch_buffer_i/fetch_addr_q_reg[29]/SI     0.12     0.06 r    -0.06 (VIOLATED)
   ibex_top_inst/u_ibex_core/if_stage_i/gen_prefetch_buffer.prefetch_buffer_i/fetch_addr_q_reg[30]/SI     0.12     0.06 r    -0.06 (VIOLATED)
   ibex_top_inst/u_ibex_core/if_stage_i/gen_prefetch_buffer.prefetch_buffer_i/fetch_addr_q_reg[5]/SI     0.12     0.06 r    -0.06 (VIOLATED)
   ibex_top_inst/u_ibex_core/if_stage_i/gen_prefetch_buffer.prefetch_buffer_i/fetch_addr_q_reg[6]/SI     0.12     0.06 r    -0.06 (VIOLATED)
   ibex_top_inst/u_ibex_core/if_stage_i/gen_prefetch_buffer.prefetch_buffer_i/fetch_addr_q_reg[7]/SI     0.12     0.06 r    -0.06 (VIOLATED)
   ibex_top_inst/u_ibex_core/if_stage_i/gen_prefetch_buffer.prefetch_buffer_i/fetch_addr_q_reg[12]/SI     0.12     0.06 r    -0.06 (VIOLATED)
   ibex_top_inst/u_ibex_core/if_stage_i/gen_prefetch_buffer.prefetch_buffer_i/fetch_addr_q_reg[13]/SI     0.12     0.06 r    -0.06 (VIOLATED)
   ibex_top_inst/u_ibex_core/if_stage_i/gen_prefetch_buffer.prefetch_buffer_i/fetch_addr_q_reg[14]/SI     0.12     0.06 r    -0.06 (VIOLATED)
   ibex_top_inst/u_ibex_core/if_stage_i/gen_prefetch_buffer.prefetch_buffer_i/fetch_addr_q_reg[15]/SI     0.12     0.06 r    -0.06 (VIOLATED)
   ibex_top_inst/u_ibex_core/if_stage_i/gen_prefetch_buffer.prefetch_buffer_i/fetch_addr_q_reg[16]/SI     0.12     0.06 r    -0.06 (VIOLATED)
   ibex_top_inst/u_ibex_core/if_stage_i/gen_prefetch_buffer.prefetch_buffer_i/fetch_addr_q_reg[17]/SI     0.12     0.06 r    -0.06 (VIOLATED)
   ibex_top_inst/u_ibex_core/if_stage_i/gen_prefetch_buffer.prefetch_buffer_i/fetch_addr_q_reg[18]/SI     0.12     0.06 r    -0.06 (VIOLATED)
   ibex_top_inst/u_ibex_core/if_stage_i/gen_prefetch_buffer.prefetch_buffer_i/fetch_addr_q_reg[19]/SI     0.12     0.06 r    -0.06 (VIOLATED)
   ibex_top_inst/u_ibex_core/if_stage_i/gen_prefetch_buffer.prefetch_buffer_i/fetch_addr_q_reg[20]/SI     0.12     0.06 r    -0.06 (VIOLATED)
   ibex_top_inst/u_ibex_core/if_stage_i/gen_prefetch_buffer.prefetch_buffer_i/fetch_addr_q_reg[21]/SI     0.12     0.06 r    -0.06 (VIOLATED)
   ibex_top_inst/u_ibex_core/if_stage_i/gen_prefetch_buffer.prefetch_buffer_i/fetch_addr_q_reg[22]/SI     0.12     0.06 r    -0.06 (VIOLATED)
   ibex_top_inst/u_ibex_core/if_stage_i/gen_prefetch_buffer.prefetch_buffer_i/fetch_addr_q_reg[23]/SI     0.12     0.06 r    -0.06 (VIOLATED)
   ibex_top_inst/u_ibex_core/if_stage_i/gen_prefetch_buffer.prefetch_buffer_i/fetch_addr_q_reg[24]/SI     0.12     0.06 r    -0.06 (VIOLATED)
   ibex_top_inst/u_ibex_core/if_stage_i/gen_prefetch_buffer.prefetch_buffer_i/fetch_addr_q_reg[25]/SI     0.12     0.06 r    -0.06 (VIOLATED)
   ibex_top_inst/u_ibex_core/if_stage_i/gen_prefetch_buffer.prefetch_buffer_i/fetch_addr_q_reg[26]/SI     0.12     0.06 r    -0.06 (VIOLATED)
   ibex_top_inst/u_ibex_core/if_stage_i/gen_prefetch_buffer.prefetch_buffer_i/fetch_addr_q_reg[3]/SI     0.12     0.06 r    -0.06 (VIOLATED)
   ibex_top_inst/u_ibex_core/if_stage_i/gen_prefetch_buffer.prefetch_buffer_i/fetch_addr_q_reg[4]/SI     0.12     0.06 r    -0.06 (VIOLATED)
   ibex_top_inst/u_ibex_core/if_stage_i/gen_prefetch_buffer.prefetch_buffer_i/fetch_addr_q_reg[9]/SI     0.12     0.06 r    -0.06 (VIOLATED)
   ibex_top_inst/u_ibex_core/if_stage_i/gen_prefetch_buffer.prefetch_buffer_i/fetch_addr_q_reg[10]/SI     0.12     0.06 r    -0.06 (VIOLATED)
   ibex_top_inst/u_ibex_core/if_stage_i/gen_prefetch_buffer.prefetch_buffer_i/fetch_addr_q_reg[11]/SI     0.12     0.06 r    -0.06 (VIOLATED)
   ibex_top_inst/u_ibex_core/if_stage_i/gen_prefetch_buffer.prefetch_buffer_i/fetch_addr_q_reg[27]/SI     0.12     0.06 r    -0.06 (VIOLATED)
   ibex_top_inst/u_ibex_core/if_stage_i/gen_prefetch_buffer.prefetch_buffer_i/fetch_addr_q_reg[28]/SI     0.12     0.06 r    -0.06 (VIOLATED)
   ibex_top_inst/u_ibex_core/if_stage_i/gen_prefetch_buffer.prefetch_buffer_i/fetch_addr_q_reg[31]/SI     0.12     0.06 r    -0.06 (VIOLATED)
   ibex_top_inst/u_ibex_core/if_stage_i/instr_rdata_c_id_o_reg[2]/SI     0.12     0.06 r    -0.05 (VIOLATED)
   ibex_top_inst/u_ibex_core/if_stage_i/instr_rdata_c_id_o_reg[4]/SI     0.12     0.06 r    -0.05 (VIOLATED)
   ibex_top_inst/u_ibex_core/if_stage_i/instr_rdata_c_id_o_reg[7]/SI     0.12     0.06 r    -0.05 (VIOLATED)
   ibex_top_inst/u_ibex_core/if_stage_i/instr_rdata_c_id_o_reg[15]/SI     0.12     0.06 r    -0.05 (VIOLATED)
   ibex_top_inst/u_ibex_core/if_stage_i/instr_fetch_err_o_reg/SI     0.12     0.06 r    -0.05 (VIOLATED)
   ibex_top_inst/u_ibex_core/if_stage_i/gen_prefetch_buffer.prefetch_buffer_i/fifo_i/rdata_q_reg[2][1]/SI     0.12     0.06 r    -0.05 (VIOLATED)
   ibex_top_inst/u_ibex_core/if_stage_i/instr_rdata_c_id_o_reg[1]/SI     0.12     0.06 r    -0.05 (VIOLATED)
   ibex_top_inst/u_ibex_core/if_stage_i/instr_rdata_c_id_o_reg[13]/SI     0.12     0.06 r    -0.05 (VIOLATED)
   ibex_top_inst/u_ibex_core/if_stage_i/instr_rdata_c_id_o_reg[14]/SI     0.12     0.06 r    -0.05 (VIOLATED)
   ibex_top_inst/u_ibex_core/wb_stage_i/g_writeback_stage.wb_instr_type_q_reg[0]/SI     0.12     0.06 r    -0.05 (VIOLATED)
   ibex_top_inst/u_ibex_core/if_stage_i/gen_prefetch_buffer.prefetch_buffer_i/fifo_i/rdata_q_reg[1][18]/SI     0.12     0.06 r    -0.05 (VIOLATED)
   ibex_top_inst/u_ibex_core/if_stage_i/gen_prefetch_buffer.prefetch_buffer_i/fifo_i/rdata_q_reg[1][20]/SI     0.12     0.06 r    -0.05 (VIOLATED)
   ibex_top_inst/u_ibex_core/if_stage_i/gen_prefetch_buffer.prefetch_buffer_i/fifo_i/rdata_q_reg[1][23]/SI     0.12     0.06 r    -0.05 (VIOLATED)
   ibex_top_inst/u_ibex_core/if_stage_i/gen_prefetch_buffer.prefetch_buffer_i/fifo_i/rdata_q_reg[1][26]/SI     0.12     0.06 r    -0.05 (VIOLATED)
   ibex_top_inst/u_ibex_core/if_stage_i/gen_prefetch_buffer.prefetch_buffer_i/fifo_i/rdata_q_reg[1][30]/SI     0.12     0.06 r    -0.05 (VIOLATED)
   ibex_top_inst/u_ibex_core/if_stage_i/gen_prefetch_buffer.prefetch_buffer_i/fifo_i/rdata_q_reg[1][17]/SI     0.12     0.06 r    -0.05 (VIOLATED)
   ibex_top_inst/u_ibex_core/if_stage_i/gen_prefetch_buffer.prefetch_buffer_i/fifo_i/rdata_q_reg[1][22]/SI     0.12     0.06 r    -0.05 (VIOLATED)
   ibex_top_inst/u_ibex_core/if_stage_i/gen_prefetch_buffer.prefetch_buffer_i/fifo_i/rdata_q_reg[1][25]/SI     0.12     0.06 r    -0.05 (VIOLATED)
   ibex_top_inst/u_ibex_core/if_stage_i/gen_prefetch_buffer.prefetch_buffer_i/fifo_i/rdata_q_reg[1][28]/SI     0.12     0.06 r    -0.05 (VIOLATED)
   ibex_top_inst/u_ibex_core/if_stage_i/gen_prefetch_buffer.prefetch_buffer_i/fifo_i/rdata_q_reg[1][29]/SI     0.12     0.06 r    -0.05 (VIOLATED)
   ibex_top_inst/u_ibex_core/if_stage_i/gen_prefetch_buffer.prefetch_buffer_i/fifo_i/instr_addr_q_reg[1]/SI     0.12     0.06 r    -0.05 (VIOLATED)
   ibex_top_inst/u_ibex_core/if_stage_i/gen_prefetch_buffer.prefetch_buffer_i/fifo_i/rdata_q_reg[2][3]/SI     0.12     0.06 r    -0.05 (VIOLATED)
   ibex_top_inst/u_ibex_core/if_stage_i/gen_prefetch_buffer.prefetch_buffer_i/fifo_i/rdata_q_reg[2][13]/SI     0.12     0.06 r    -0.05 (VIOLATED)
   ibex_top_inst/u_ibex_core/if_stage_i/gen_prefetch_buffer.prefetch_buffer_i/fifo_i/rdata_q_reg[2][19]/SI     0.12     0.06 r    -0.05 (VIOLATED)
   ibex_top_inst/u_ibex_core/if_stage_i/gen_prefetch_buffer.prefetch_buffer_i/fifo_i/rdata_q_reg[2][21]/SI     0.12     0.06 r    -0.05 (VIOLATED)
   ibex_top_inst/u_ibex_core/if_stage_i/gen_prefetch_buffer.prefetch_buffer_i/fifo_i/rdata_q_reg[2][24]/SI     0.12     0.06 r    -0.05 (VIOLATED)
   ibex_top_inst/u_ibex_core/if_stage_i/gen_prefetch_buffer.prefetch_buffer_i/stored_addr_q_reg[3]/SI     0.12     0.06 r    -0.05 (VIOLATED)
   ibex_top_inst/u_ibex_core/if_stage_i/gen_prefetch_buffer.prefetch_buffer_i/stored_addr_q_reg[4]/SI     0.12     0.06 r    -0.05 (VIOLATED)
   ibex_top_inst/u_ibex_core/if_stage_i/gen_prefetch_buffer.prefetch_buffer_i/stored_addr_q_reg[5]/SI     0.12     0.06 r    -0.05 (VIOLATED)
   ibex_top_inst/u_ibex_core/if_stage_i/gen_prefetch_buffer.prefetch_buffer_i/stored_addr_q_reg[6]/SI     0.12     0.06 r    -0.05 (VIOLATED)
   ibex_top_inst/u_ibex_core/if_stage_i/gen_prefetch_buffer.prefetch_buffer_i/stored_addr_q_reg[7]/SI     0.12     0.06 r    -0.05 (VIOLATED)
   ibex_top_inst/u_ibex_core/if_stage_i/gen_prefetch_buffer.prefetch_buffer_i/stored_addr_q_reg[8]/SI     0.12     0.06 r    -0.05 (VIOLATED)
   ibex_top_inst/u_ibex_core/if_stage_i/gen_prefetch_buffer.prefetch_buffer_i/stored_addr_q_reg[9]/SI     0.12     0.06 r    -0.05 (VIOLATED)
   ibex_top_inst/u_ibex_core/if_stage_i/gen_prefetch_buffer.prefetch_buffer_i/stored_addr_q_reg[10]/SI     0.12     0.06 r    -0.05 (VIOLATED)
   ibex_top_inst/u_ibex_core/if_stage_i/gen_prefetch_buffer.prefetch_buffer_i/stored_addr_q_reg[11]/SI     0.12     0.06 r    -0.05 (VIOLATED)
   ibex_top_inst/u_ibex_core/if_stage_i/gen_prefetch_buffer.prefetch_buffer_i/stored_addr_q_reg[12]/SI     0.12     0.06 r    -0.05 (VIOLATED)
   ibex_top_inst/u_ibex_core/if_stage_i/gen_prefetch_buffer.prefetch_buffer_i/stored_addr_q_reg[13]/SI     0.12     0.06 r    -0.05 (VIOLATED)
   ibex_top_inst/u_ibex_core/if_stage_i/gen_prefetch_buffer.prefetch_buffer_i/stored_addr_q_reg[14]/SI     0.12     0.06 r    -0.05 (VIOLATED)
   ibex_top_inst/u_ibex_core/if_stage_i/gen_prefetch_buffer.prefetch_buffer_i/stored_addr_q_reg[15]/SI     0.12     0.06 r    -0.05 (VIOLATED)
   ibex_top_inst/u_ibex_core/if_stage_i/gen_prefetch_buffer.prefetch_buffer_i/stored_addr_q_reg[16]/SI     0.12     0.06 r    -0.05 (VIOLATED)
   ibex_top_inst/u_ibex_core/if_stage_i/gen_prefetch_buffer.prefetch_buffer_i/stored_addr_q_reg[17]/SI     0.12     0.06 r    -0.05 (VIOLATED)
   ibex_top_inst/u_ibex_core/if_stage_i/gen_prefetch_buffer.prefetch_buffer_i/stored_addr_q_reg[18]/SI     0.12     0.06 r    -0.05 (VIOLATED)
   ibex_top_inst/u_ibex_core/if_stage_i/gen_prefetch_buffer.prefetch_buffer_i/stored_addr_q_reg[19]/SI     0.12     0.06 r    -0.05 (VIOLATED)
   ibex_top_inst/u_ibex_core/if_stage_i/gen_prefetch_buffer.prefetch_buffer_i/stored_addr_q_reg[20]/SI     0.12     0.06 r    -0.05 (VIOLATED)
   ibex_top_inst/u_ibex_core/if_stage_i/gen_prefetch_buffer.prefetch_buffer_i/stored_addr_q_reg[21]/SI     0.12     0.06 r    -0.05 (VIOLATED)
   ibex_top_inst/u_ibex_core/if_stage_i/gen_prefetch_buffer.prefetch_buffer_i/stored_addr_q_reg[22]/SI     0.12     0.06 r    -0.05 (VIOLATED)
   ibex_top_inst/u_ibex_core/if_stage_i/gen_prefetch_buffer.prefetch_buffer_i/stored_addr_q_reg[23]/SI     0.12     0.06 r    -0.05 (VIOLATED)
   ibex_top_inst/u_ibex_core/if_stage_i/gen_prefetch_buffer.prefetch_buffer_i/stored_addr_q_reg[24]/SI     0.12     0.06 r    -0.05 (VIOLATED)
   ibex_top_inst/u_ibex_core/if_stage_i/gen_prefetch_buffer.prefetch_buffer_i/stored_addr_q_reg[25]/SI     0.12     0.06 r    -0.05 (VIOLATED)
   ibex_top_inst/u_ibex_core/if_stage_i/gen_prefetch_buffer.prefetch_buffer_i/stored_addr_q_reg[26]/SI     0.12     0.06 r    -0.05 (VIOLATED)
   ibex_top_inst/u_ibex_core/if_stage_i/gen_prefetch_buffer.prefetch_buffer_i/stored_addr_q_reg[27]/SI     0.12     0.06 r    -0.05 (VIOLATED)
   ibex_top_inst/u_ibex_core/if_stage_i/gen_prefetch_buffer.prefetch_buffer_i/stored_addr_q_reg[30]/SI     0.12     0.06 r    -0.05 (VIOLATED)
   ibex_top_inst/u_ibex_core/if_stage_i/gen_prefetch_buffer.prefetch_buffer_i/stored_addr_q_reg[31]/SI     0.12     0.06 r    -0.05 (VIOLATED)
   ibex_top_inst/u_ibex_core/if_stage_i/instr_rdata_alu_id_o_reg[27]/SI     0.12     0.06 r    -0.05 (VIOLATED)
   ibex_top_inst/u_ibex_core/wb_stage_i/g_writeback_stage.wb_compressed_q_reg/SI     0.12     0.06 r    -0.05 (VIOLATED)
   ibex_top_inst/u_ibex_core/if_stage_i/gen_prefetch_buffer.prefetch_buffer_i/fifo_i/rdata_q_reg[2][2]/SI     0.12     0.06 r    -0.05 (VIOLATED)
   ibex_top_inst/u_ibex_core/if_stage_i/gen_prefetch_buffer.prefetch_buffer_i/fifo_i/rdata_q_reg[2][18]/SI     0.12     0.06 r    -0.05 (VIOLATED)
   ibex_top_inst/u_ibex_core/if_stage_i/gen_prefetch_buffer.prefetch_buffer_i/fifo_i/rdata_q_reg[2][23]/SI     0.12     0.06 r    -0.05 (VIOLATED)
   ibex_top_inst/u_ibex_core/if_stage_i/gen_prefetch_buffer.prefetch_buffer_i/fifo_i/rdata_q_reg[2][26]/SI     0.12     0.06 r    -0.05 (VIOLATED)
   ibex_top_inst/u_ibex_core/if_stage_i/gen_prefetch_buffer.prefetch_buffer_i/fifo_i/rdata_q_reg[2][27]/SI     0.12     0.06 r    -0.05 (VIOLATED)
   ibex_top_inst/u_ibex_core/if_stage_i/gen_prefetch_buffer.prefetch_buffer_i/fifo_i/rdata_q_reg[2][28]/SI     0.12     0.06 r    -0.05 (VIOLATED)
   ibex_top_inst/u_ibex_core/if_stage_i/gen_prefetch_buffer.prefetch_buffer_i/fifo_i/rdata_q_reg[2][29]/SI     0.12     0.06 r    -0.05 (VIOLATED)
   ibex_top_inst/u_ibex_core/if_stage_i/gen_prefetch_buffer.prefetch_buffer_i/fifo_i/rdata_q_reg[2][30]/SI     0.12     0.06 r    -0.05 (VIOLATED)
   ibex_top_inst/u_ibex_core/if_stage_i/gen_prefetch_buffer.prefetch_buffer_i/fifo_i/rdata_q_reg[2][31]/SI     0.12     0.06 r    -0.05 (VIOLATED)
   ibex_top_inst/u_ibex_core/if_stage_i/gen_prefetch_buffer.prefetch_buffer_i/fifo_i/rdata_q_reg[0][17]/SI     0.12     0.06 r    -0.05 (VIOLATED)
   ibex_top_inst/u_ibex_core/if_stage_i/gen_prefetch_buffer.prefetch_buffer_i/fifo_i/rdata_q_reg[0][18]/SI     0.12     0.06 r    -0.05 (VIOLATED)
   ibex_top_inst/u_ibex_core/if_stage_i/gen_prefetch_buffer.prefetch_buffer_i/fifo_i/rdata_q_reg[0][12]/SI     0.12     0.06 r    -0.05 (VIOLATED)
   ibex_top_inst/u_ibex_core/if_stage_i/gen_prefetch_buffer.prefetch_buffer_i/fifo_i/rdata_q_reg[0][10]/SI     0.12     0.06 r    -0.05 (VIOLATED)
   ibex_top_inst/u_ibex_core/if_stage_i/gen_prefetch_buffer.prefetch_buffer_i/fifo_i/rdata_q_reg[0][3]/SI     0.12     0.06 r    -0.05 (VIOLATED)
   ibex_top_inst/u_ibex_core/if_stage_i/gen_prefetch_buffer.prefetch_buffer_i/fifo_i/rdata_q_reg[0][4]/SI     0.12     0.06 r    -0.05 (VIOLATED)
   ibex_top_inst/u_ibex_core/if_stage_i/gen_prefetch_buffer.prefetch_buffer_i/fifo_i/rdata_q_reg[0][5]/SI     0.12     0.06 r    -0.05 (VIOLATED)
   ibex_top_inst/u_ibex_core/if_stage_i/gen_prefetch_buffer.prefetch_buffer_i/fifo_i/rdata_q_reg[0][6]/SI     0.12     0.06 r    -0.05 (VIOLATED)
   ibex_top_inst/u_ibex_core/if_stage_i/gen_prefetch_buffer.prefetch_buffer_i/fifo_i/rdata_q_reg[0][7]/SI     0.12     0.06 r    -0.05 (VIOLATED)
   ibex_top_inst/u_ibex_core/if_stage_i/gen_prefetch_buffer.prefetch_buffer_i/fifo_i/rdata_q_reg[0][8]/SI     0.12     0.06 r    -0.05 (VIOLATED)
   ibex_top_inst/u_ibex_core/if_stage_i/gen_prefetch_buffer.prefetch_buffer_i/fifo_i/rdata_q_reg[0][14]/SI     0.12     0.06 r    -0.05 (VIOLATED)
   ibex_top_inst/u_ibex_core/if_stage_i/gen_prefetch_buffer.prefetch_buffer_i/fifo_i/rdata_q_reg[0][16]/SI     0.12     0.06 r    -0.05 (VIOLATED)
   ibex_top_inst/u_ibex_core/if_stage_i/gen_prefetch_buffer.prefetch_buffer_i/fifo_i/rdata_q_reg[0][9]/SI     0.12     0.06 r    -0.05 (VIOLATED)
   ibex_top_inst/u_ibex_core/if_stage_i/gen_prefetch_buffer.prefetch_buffer_i/fifo_i/rdata_q_reg[0][11]/SI     0.12     0.06 r    -0.05 (VIOLATED)
   ibex_top_inst/u_ibex_core/if_stage_i/gen_prefetch_buffer.prefetch_buffer_i/fifo_i/rdata_q_reg[0][15]/SI     0.12     0.06 r    -0.05 (VIOLATED)
   ibex_top_inst/u_ibex_core/if_stage_i/gen_prefetch_buffer.prefetch_buffer_i/fifo_i/rdata_q_reg[2][0]/SI     0.12     0.06 r    -0.05 (VIOLATED)
   ibex_top_inst/u_ibex_core/if_stage_i/gen_prefetch_buffer.prefetch_buffer_i/fifo_i/rdata_q_reg[1][6]/SI     0.12     0.06 r    -0.05 (VIOLATED)
   ibex_top_inst/u_ibex_core/if_stage_i/instr_rdata_alu_id_o_reg[29]/SI     0.12     0.06 r    -0.05 (VIOLATED)
   ibex_top_inst/u_ibex_core/if_stage_i/instr_rdata_c_id_o_reg[0]/SI     0.12     0.06 r    -0.05 (VIOLATED)
   ibex_top_inst/u_ibex_core/if_stage_i/gen_prefetch_buffer.prefetch_buffer_i/fifo_i/rdata_q_reg[1][1]/SI     0.12     0.06 r    -0.05 (VIOLATED)
   ibex_top_inst/u_ibex_core/if_stage_i/gen_prefetch_buffer.prefetch_buffer_i/fifo_i/rdata_q_reg[1][2]/SI     0.12     0.06 r    -0.05 (VIOLATED)
   ibex_top_inst/u_ibex_core/if_stage_i/gen_prefetch_buffer.prefetch_buffer_i/fifo_i/rdata_q_reg[1][4]/SI     0.12     0.06 r    -0.05 (VIOLATED)
   ibex_top_inst/u_ibex_core/if_stage_i/gen_prefetch_buffer.prefetch_buffer_i/fifo_i/rdata_q_reg[1][5]/SI     0.12     0.06 r    -0.05 (VIOLATED)
   ibex_top_inst/u_ibex_core/if_stage_i/gen_prefetch_buffer.prefetch_buffer_i/fifo_i/rdata_q_reg[1][7]/SI     0.12     0.06 r    -0.05 (VIOLATED)
   ibex_top_inst/u_ibex_core/if_stage_i/gen_prefetch_buffer.prefetch_buffer_i/fifo_i/rdata_q_reg[1][8]/SI     0.12     0.06 r    -0.05 (VIOLATED)
   ibex_top_inst/u_ibex_core/if_stage_i/gen_prefetch_buffer.prefetch_buffer_i/fifo_i/rdata_q_reg[1][9]/SI     0.12     0.06 r    -0.05 (VIOLATED)
   ibex_top_inst/u_ibex_core/if_stage_i/gen_prefetch_buffer.prefetch_buffer_i/fifo_i/rdata_q_reg[1][13]/SI     0.12     0.06 r    -0.05 (VIOLATED)
   ibex_top_inst/u_ibex_core/if_stage_i/gen_prefetch_buffer.prefetch_buffer_i/fifo_i/rdata_q_reg[1][14]/SI     0.12     0.06 r    -0.05 (VIOLATED)
   ibex_top_inst/u_ibex_core/if_stage_i/gen_prefetch_buffer.prefetch_buffer_i/fifo_i/rdata_q_reg[1][15]/SI     0.12     0.06 r    -0.05 (VIOLATED)
   ibex_top_inst/u_ibex_core/if_stage_i/gen_prefetch_buffer.prefetch_buffer_i/fifo_i/rdata_q_reg[0][28]/SI     0.12     0.06 r    -0.05 (VIOLATED)
   ibex_top_inst/u_ibex_core/if_stage_i/gen_prefetch_buffer.prefetch_buffer_i/fifo_i/rdata_q_reg[1][3]/SI     0.12     0.06 r    -0.05 (VIOLATED)
   ibex_top_inst/u_ibex_core/if_stage_i/gen_prefetch_buffer.prefetch_buffer_i/fifo_i/rdata_q_reg[1][11]/SI     0.12     0.06 r    -0.05 (VIOLATED)
   ibex_top_inst/u_ibex_core/if_stage_i/gen_prefetch_buffer.prefetch_buffer_i/fifo_i/rdata_q_reg[1][12]/SI     0.12     0.06 r    -0.05 (VIOLATED)
   ibex_top_inst/u_ibex_core/wb_stage_i/g_writeback_stage.wb_pc_q_reg[5]/SI     0.12     0.06 r    -0.05 (VIOLATED)
   ibex_top_inst/u_ibex_core/wb_stage_i/g_writeback_stage.wb_pc_q_reg[10]/SI     0.12     0.06 r    -0.05 (VIOLATED)
   ibex_top_inst/u_ibex_core/wb_stage_i/g_writeback_stage.wb_pc_q_reg[15]/SI     0.12     0.06 r    -0.05 (VIOLATED)
   ibex_top_inst/u_ibex_core/if_stage_i/gen_prefetch_buffer.prefetch_buffer_i/fifo_i/rdata_q_reg[0][29]/SI     0.12     0.06 r    -0.05 (VIOLATED)
   ibex_top_inst/u_ibex_core/if_stage_i/instr_rdata_alu_id_o_reg[30]/SI     0.12     0.06 r    -0.05 (VIOLATED)
   ibex_top_inst/u_ibex_core/if_stage_i/gen_prefetch_buffer.prefetch_buffer_i/fifo_i/err_q_reg[2]/SI     0.11     0.06 r    -0.05 (VIOLATED)
   ibex_top_inst/u_ibex_core/if_stage_i/instr_rdata_id_o_reg[31]/SI     0.12     0.06 r    -0.05 (VIOLATED)
   ibex_top_inst/u_ibex_core/if_stage_i/gen_prefetch_buffer.prefetch_buffer_i/fifo_i/rdata_q_reg[0][20]/SI     0.11     0.06 r    -0.05 (VIOLATED)
   ibex_top_inst/u_ibex_core/if_stage_i/gen_prefetch_buffer.prefetch_buffer_i/fifo_i/rdata_q_reg[0][21]/SI     0.11     0.06 r    -0.05 (VIOLATED)
   ibex_top_inst/u_ibex_core/if_stage_i/gen_prefetch_buffer.prefetch_buffer_i/fifo_i/rdata_q_reg[0][22]/SI     0.11     0.06 r    -0.05 (VIOLATED)
   ibex_top_inst/u_ibex_core/if_stage_i/gen_prefetch_buffer.prefetch_buffer_i/fifo_i/rdata_q_reg[0][23]/SI     0.11     0.06 r    -0.05 (VIOLATED)
   ibex_top_inst/u_ibex_core/if_stage_i/gen_prefetch_buffer.prefetch_buffer_i/fifo_i/rdata_q_reg[0][24]/SI     0.11     0.06 r    -0.05 (VIOLATED)
   ibex_top_inst/u_ibex_core/if_stage_i/gen_prefetch_buffer.prefetch_buffer_i/fifo_i/rdata_q_reg[0][26]/SI     0.11     0.06 r    -0.05 (VIOLATED)
   ibex_top_inst/u_ibex_core/wb_stage_i/g_writeback_stage.wb_instr_type_q_reg[1]/SI     0.11     0.06 r    -0.05 (VIOLATED)
   ibex_top_inst/u_ibex_core/if_stage_i/gen_prefetch_buffer.prefetch_buffer_i/fifo_i/rdata_q_reg[0][19]/SI     0.11     0.06 r    -0.05 (VIOLATED)
   ibex_top_inst/u_ibex_core/if_stage_i/gen_prefetch_buffer.prefetch_buffer_i/fifo_i/rdata_q_reg[0][25]/SI     0.11     0.06 r    -0.05 (VIOLATED)
   ibex_top_inst/u_ibex_core/if_stage_i/gen_prefetch_buffer.prefetch_buffer_i/fifo_i/rdata_q_reg[0][31]/SI     0.11     0.06 r    -0.05 (VIOLATED)
   ibex_top_inst/u_ibex_core/if_stage_i/gen_prefetch_buffer.prefetch_buffer_i/fifo_i/rdata_q_reg[1][0]/SI     0.11     0.06 r    -0.05 (VIOLATED)
   ibex_top_inst/u_ibex_core/if_stage_i/gen_prefetch_buffer.prefetch_buffer_i/fifo_i/rdata_q_reg[0][27]/SI     0.11     0.06 r    -0.05 (VIOLATED)
   ibex_top_inst/u_ibex_core/if_stage_i/gen_prefetch_buffer.prefetch_buffer_i/fifo_i/rdata_q_reg[0][1]/SI     0.11     0.06 r    -0.05 (VIOLATED)
   ibex_top_inst/u_ibex_core/if_stage_i/instr_rdata_alu_id_o_reg[28]/SI     0.11     0.06 r    -0.05 (VIOLATED)
   ibex_top_inst/u_ibex_core/wb_stage_i/g_writeback_stage.wb_pc_q_reg[2]/SI     0.11     0.06 r    -0.05 (VIOLATED)
   ibex_top_inst/u_ibex_core/wb_stage_i/g_writeback_stage.wb_pc_q_reg[3]/SI     0.11     0.06 r    -0.05 (VIOLATED)
   ibex_top_inst/u_ibex_core/wb_stage_i/g_writeback_stage.wb_pc_q_reg[4]/SI     0.11     0.06 r    -0.05 (VIOLATED)
   ibex_top_inst/u_ibex_core/wb_stage_i/g_writeback_stage.wb_pc_q_reg[7]/SI     0.11     0.06 r    -0.05 (VIOLATED)
   ibex_top_inst/u_ibex_core/wb_stage_i/g_writeback_stage.wb_pc_q_reg[8]/SI     0.11     0.06 r    -0.05 (VIOLATED)
   ibex_top_inst/u_ibex_core/wb_stage_i/g_writeback_stage.wb_pc_q_reg[9]/SI     0.11     0.06 r    -0.05 (VIOLATED)
   ibex_top_inst/u_ibex_core/wb_stage_i/g_writeback_stage.wb_pc_q_reg[12]/SI     0.11     0.06 r    -0.05 (VIOLATED)
   ibex_top_inst/u_ibex_core/wb_stage_i/g_writeback_stage.wb_pc_q_reg[13]/SI     0.11     0.06 r    -0.05 (VIOLATED)
   ibex_top_inst/u_ibex_core/wb_stage_i/g_writeback_stage.wb_pc_q_reg[14]/SI     0.11     0.06 r    -0.05 (VIOLATED)
   ibex_top_inst/u_ibex_core/wb_stage_i/g_writeback_stage.wb_pc_q_reg[16]/SI     0.11     0.06 r    -0.05 (VIOLATED)
   ibex_top_inst/u_ibex_core/wb_stage_i/g_writeback_stage.wb_pc_q_reg[17]/SI     0.11     0.06 r    -0.05 (VIOLATED)
   ibex_top_inst/u_ibex_core/wb_stage_i/g_writeback_stage.wb_pc_q_reg[18]/SI     0.11     0.06 r    -0.05 (VIOLATED)
   ibex_top_inst/u_ibex_core/wb_stage_i/g_writeback_stage.wb_pc_q_reg[19]/SI     0.11     0.06 r    -0.05 (VIOLATED)
   ibex_top_inst/u_ibex_core/wb_stage_i/g_writeback_stage.wb_pc_q_reg[20]/SI     0.11     0.06 r    -0.05 (VIOLATED)
   ibex_top_inst/u_ibex_core/wb_stage_i/g_writeback_stage.wb_pc_q_reg[21]/SI     0.11     0.06 r    -0.05 (VIOLATED)
   ibex_top_inst/u_ibex_core/wb_stage_i/g_writeback_stage.wb_pc_q_reg[22]/SI     0.11     0.06 r    -0.05 (VIOLATED)
   ibex_top_inst/u_ibex_core/wb_stage_i/g_writeback_stage.wb_pc_q_reg[23]/SI     0.11     0.06 r    -0.05 (VIOLATED)
   ibex_top_inst/u_ibex_core/wb_stage_i/g_writeback_stage.wb_pc_q_reg[24]/SI     0.11     0.06 r    -0.05 (VIOLATED)
   ibex_top_inst/u_ibex_core/wb_stage_i/g_writeback_stage.wb_pc_q_reg[27]/SI     0.11     0.06 r    -0.05 (VIOLATED)
   ibex_top_inst/u_ibex_core/wb_stage_i/g_writeback_stage.wb_pc_q_reg[28]/SI     0.11     0.06 r    -0.05 (VIOLATED)
   ibex_top_inst/u_ibex_core/wb_stage_i/g_writeback_stage.wb_pc_q_reg[29]/SI     0.11     0.06 r    -0.05 (VIOLATED)
   ibex_top_inst/u_ibex_core/wb_stage_i/g_writeback_stage.wb_pc_q_reg[30]/SI     0.11     0.06 r    -0.05 (VIOLATED)
   ibex_top_inst/u_ibex_core/wb_stage_i/g_writeback_stage.wb_pc_q_reg[31]/SI     0.11     0.06 r    -0.05 (VIOLATED)
   ibex_top_inst/u_ibex_core/if_stage_i/gen_prefetch_buffer.prefetch_buffer_i/fifo_i/rdata_q_reg[1][10]/SI     0.11     0.06 r    -0.05 (VIOLATED)
   ibex_top_inst/u_ibex_core/if_stage_i/gen_prefetch_buffer.prefetch_buffer_i/fifo_i/rdata_q_reg[1][16]/SI     0.11     0.06 r    -0.05 (VIOLATED)
   ibex_top_inst/u_ibex_core/if_stage_i/gen_prefetch_buffer.prefetch_buffer_i/fifo_i/rdata_q_reg[0][2]/SI     0.11     0.06 r    -0.05 (VIOLATED)
   ibex_top_inst/u_ibex_core/if_stage_i/gen_prefetch_buffer.prefetch_buffer_i/stored_addr_q_reg[28]/SI     0.12     0.07 f    -0.05 (VIOLATED)
   ibex_top_inst/u_ibex_core/if_stage_i/instr_rdata_alu_id_o_reg[26]/SI     0.11     0.06 r    -0.05 (VIOLATED)
   ibex_top_inst/u_ibex_core/if_stage_i/instr_valid_id_q_reg/SI     0.12     0.07 f    -0.05 (VIOLATED)
   ibex_top_inst/u_ibex_core/wb_stage_i/g_writeback_stage.wb_pc_q_reg[1]/SI     0.11     0.06 r    -0.05 (VIOLATED)
   ibex_top_inst/u_ibex_core/if_stage_i/instr_is_compressed_id_o_reg/SI     0.11     0.06 r    -0.05 (VIOLATED)
   ibex_top_inst/u_ibex_core/cs_registers_i/u_mstack_epc_csr/rdata_q_reg[1]/SI     0.12     0.07 f    -0.05 (VIOLATED)
   ibex_top_inst/u_ibex_core/wb_stage_i/g_writeback_stage.rf_wdata_wb_q_reg[2]/SI     0.11     0.06 r    -0.05 (VIOLATED)
   ibex_top_inst/u_ibex_core/wb_stage_i/g_writeback_stage.rf_wdata_wb_q_reg[3]/SI     0.11     0.06 r    -0.05 (VIOLATED)
   ibex_top_inst/u_ibex_core/wb_stage_i/g_writeback_stage.rf_wdata_wb_q_reg[4]/SI     0.11     0.06 r    -0.05 (VIOLATED)
   ibex_top_inst/u_ibex_core/wb_stage_i/g_writeback_stage.rf_wdata_wb_q_reg[6]/SI     0.11     0.06 r    -0.05 (VIOLATED)
   ibex_top_inst/u_ibex_core/wb_stage_i/g_writeback_stage.rf_wdata_wb_q_reg[8]/SI     0.11     0.06 r    -0.05 (VIOLATED)
   ibex_top_inst/u_ibex_core/wb_stage_i/g_writeback_stage.rf_wdata_wb_q_reg[10]/SI     0.11     0.06 r    -0.05 (VIOLATED)
   ibex_top_inst/u_ibex_core/wb_stage_i/g_writeback_stage.rf_wdata_wb_q_reg[12]/SI     0.11     0.06 r    -0.05 (VIOLATED)
   ibex_top_inst/u_ibex_core/wb_stage_i/g_writeback_stage.rf_wdata_wb_q_reg[14]/SI     0.11     0.06 r    -0.05 (VIOLATED)
   ibex_top_inst/u_ibex_core/if_stage_i/instr_rdata_id_o_reg[6]/SI     0.11     0.07 r    -0.05 (VIOLATED)
   ibex_top_inst/u_ibex_core/wb_stage_i/g_writeback_stage.rf_wdata_wb_q_reg[5]/SI     0.11     0.07 r    -0.05 (VIOLATED)
   ibex_top_inst/u_ibex_core/wb_stage_i/g_writeback_stage.rf_wdata_wb_q_reg[7]/SI     0.11     0.07 r    -0.05 (VIOLATED)
   ibex_top_inst/u_ibex_core/wb_stage_i/g_writeback_stage.rf_wdata_wb_q_reg[16]/SI     0.11     0.07 r    -0.05 (VIOLATED)
   ibex_top_inst/u_ibex_core/wb_stage_i/g_writeback_stage.rf_wdata_wb_q_reg[9]/SI     0.11     0.07 r    -0.05 (VIOLATED)
   ibex_top_inst/u_ibex_core/wb_stage_i/g_writeback_stage.rf_wdata_wb_q_reg[11]/SI     0.11     0.07 r    -0.05 (VIOLATED)
   ibex_top_inst/u_ibex_core/wb_stage_i/g_writeback_stage.rf_wdata_wb_q_reg[13]/SI     0.11     0.07 r    -0.05 (VIOLATED)
   ibex_top_inst/u_ibex_core/wb_stage_i/g_writeback_stage.rf_wdata_wb_q_reg[15]/SI     0.11     0.07 r    -0.05 (VIOLATED)
   ibex_top_inst/u_ibex_core/wb_stage_i/g_writeback_stage.rf_wdata_wb_q_reg[17]/SI     0.11     0.07 r    -0.05 (VIOLATED)
   ibex_top_inst/u_ibex_core/wb_stage_i/g_writeback_stage.rf_wdata_wb_q_reg[18]/SI     0.11     0.07 r    -0.05 (VIOLATED)
   ibex_top_inst/u_ibex_core/wb_stage_i/g_writeback_stage.rf_wdata_wb_q_reg[19]/SI     0.11     0.07 r    -0.05 (VIOLATED)
   ibex_top_inst/u_ibex_core/wb_stage_i/g_writeback_stage.rf_wdata_wb_q_reg[20]/SI     0.11     0.07 r    -0.05 (VIOLATED)
   ibex_top_inst/u_ibex_core/wb_stage_i/g_writeback_stage.rf_wdata_wb_q_reg[21]/SI     0.11     0.07 r    -0.05 (VIOLATED)
   ibex_top_inst/u_ibex_core/wb_stage_i/g_writeback_stage.rf_wdata_wb_q_reg[22]/SI     0.11     0.07 r    -0.05 (VIOLATED)
   ibex_top_inst/u_ibex_core/wb_stage_i/g_writeback_stage.rf_wdata_wb_q_reg[23]/SI     0.11     0.07 r    -0.05 (VIOLATED)
   ibex_top_inst/u_ibex_core/wb_stage_i/g_writeback_stage.rf_wdata_wb_q_reg[24]/SI     0.11     0.07 r    -0.05 (VIOLATED)
   ibex_top_inst/u_ibex_core/wb_stage_i/g_writeback_stage.rf_wdata_wb_q_reg[25]/SI     0.11     0.07 r    -0.05 (VIOLATED)
   ibex_top_inst/u_ibex_core/wb_stage_i/g_writeback_stage.rf_wdata_wb_q_reg[26]/SI     0.11     0.07 r    -0.05 (VIOLATED)
   ibex_top_inst/u_ibex_core/wb_stage_i/g_writeback_stage.rf_wdata_wb_q_reg[27]/SI     0.11     0.07 r    -0.05 (VIOLATED)
   ibex_top_inst/u_ibex_core/wb_stage_i/g_writeback_stage.rf_wdata_wb_q_reg[28]/SI     0.11     0.07 r    -0.05 (VIOLATED)
   ibex_top_inst/u_ibex_core/wb_stage_i/g_writeback_stage.rf_wdata_wb_q_reg[29]/SI     0.11     0.07 r    -0.05 (VIOLATED)
   ibex_top_inst/u_ibex_core/wb_stage_i/g_writeback_stage.rf_wdata_wb_q_reg[30]/SI     0.11     0.07 r    -0.05 (VIOLATED)
   ibex_top_inst/u_ibex_core/wb_stage_i/g_writeback_stage.rf_wdata_wb_q_reg[31]/SI     0.11     0.07 r    -0.05 (VIOLATED)
   ibex_top_inst/u_ibex_core/wb_stage_i/g_writeback_stage.rf_we_wb_q_reg/SI     0.11     0.07 r    -0.05 (VIOLATED)
   ibex_top_inst/u_ibex_core/if_stage_i/instr_rdata_id_o_reg[28]/SI     0.11     0.07 r    -0.05 (VIOLATED)
   ibex_top_inst/u_ibex_core/wb_stage_i/g_writeback_stage.wb_pc_q_reg[25]/SI     0.12     0.07 f    -0.05 (VIOLATED)
   ibex_top_inst/u_ibex_core/if_stage_i/instr_rdata_id_o_reg[26]/SI     0.11     0.07 r    -0.05 (VIOLATED)
   ibex_top_inst/u_ibex_core/if_stage_i/instr_rdata_alu_id_o_reg[2]/SI     0.11     0.07 r    -0.05 (VIOLATED)
   ibex_top_inst/u_ibex_core/if_stage_i/instr_rdata_id_o_reg[23]/SI     0.11     0.07 r    -0.05 (VIOLATED)
   ibex_top_inst/u_ibex_core/cs_registers_i/u_dcsr_csr/rdata_q_reg[2]/SI     0.12     0.08 f    -0.05 (VIOLATED)
   ibex_top_inst/u_ibex_core/if_stage_i/instr_rdata_alu_id_o_reg[1]/SI     0.11     0.07 r    -0.05 (VIOLATED)
   ibex_top_inst/u_ibex_core/if_stage_i/instr_rdata_alu_id_o_reg[31]/SI     0.11     0.07 r    -0.05 (VIOLATED)
   ibex_top_inst/u_ibex_core/if_stage_i/instr_rdata_id_o_reg[17]/SI     0.11     0.07 r    -0.05 (VIOLATED)
   ibex_top_inst/u_ibex_core/if_stage_i/instr_rdata_id_o_reg[8]/SI     0.11     0.07 r    -0.05 (VIOLATED)
   ibex_top_inst/u_ibex_core/if_stage_i/instr_rdata_alu_id_o_reg[3]/SI     0.11     0.07 r    -0.05 (VIOLATED)
   ibex_top_inst/u_ibex_core/if_stage_i/instr_rdata_id_o_reg[10]/SI     0.11     0.07 r    -0.05 (VIOLATED)
   ibex_top_inst/u_ibex_core/if_stage_i/instr_fetch_err_plus2_o_reg/SI     0.11     0.07 r    -0.05 (VIOLATED)
   ibex_top_inst/u_ibex_core/cs_registers_i/u_mstatus_csr/rdata_q_reg[5]/SI     0.12     0.08 f    -0.05 (VIOLATED)
   ibex_top_inst/u_ibex_core/if_stage_i/instr_rdata_id_o_reg[9]/SI     0.11     0.07 r    -0.05 (VIOLATED)
   ibex_top_inst/u_ibex_core/if_stage_i/instr_rdata_id_o_reg[22]/SI     0.11     0.07 r    -0.05 (VIOLATED)
   ibex_top_inst/u_ibex_core/ex_block_i/gen_multdiv_fast.multdiv_i/op_quotient_q_reg[10]/SI     0.12     0.08 f    -0.05 (VIOLATED)
   ibex_top_inst/u_ibex_core/ex_block_i/gen_multdiv_fast.multdiv_i/op_quotient_q_reg[11]/SI     0.12     0.08 f    -0.05 (VIOLATED)
   ibex_top_inst/u_ibex_core/ex_block_i/gen_multdiv_fast.multdiv_i/op_quotient_q_reg[12]/SI     0.12     0.08 f    -0.05 (VIOLATED)
   ibex_top_inst/u_ibex_core/ex_block_i/gen_multdiv_fast.multdiv_i/op_quotient_q_reg[18]/SI     0.12     0.08 f    -0.05 (VIOLATED)
   ibex_top_inst/u_ibex_core/ex_block_i/gen_multdiv_fast.multdiv_i/op_quotient_q_reg[19]/SI     0.12     0.08 f    -0.05 (VIOLATED)
   ibex_top_inst/u_ibex_core/ex_block_i/gen_multdiv_fast.multdiv_i/op_quotient_q_reg[20]/SI     0.12     0.08 f    -0.05 (VIOLATED)
   ibex_top_inst/u_ibex_core/if_stage_i/instr_rdata_id_o_reg[12]/SI     0.11     0.07 r    -0.05 (VIOLATED)
   ibex_top_inst/u_ibex_core/load_store_unit_i/data_type_q_reg[1]/SI     0.12     0.08 f    -0.05 (VIOLATED)
   ibex_top_inst/u_ibex_core/if_stage_i/instr_rdata_alu_id_o_reg[0]/SI     0.11     0.07 r    -0.05 (VIOLATED)
   ibex_top_inst/u_ibex_core/load_store_unit_i/rdata_offset_q_reg[0]/SI     0.12     0.08 f    -0.05 (VIOLATED)
   ibex_top_inst/u_ibex_core/cs_registers_i/u_mie_csr/rdata_q_reg[1]/SI     0.12     0.08 f    -0.05 (VIOLATED)
   ibex_top_inst/u_ibex_core/cs_registers_i/u_mie_csr/rdata_q_reg[2]/SI     0.12     0.08 f    -0.05 (VIOLATED)
   ibex_top_inst/u_ibex_core/cs_registers_i/u_mie_csr/rdata_q_reg[3]/SI     0.12     0.08 f    -0.05 (VIOLATED)
   ibex_top_inst/u_ibex_core/cs_registers_i/u_mie_csr/rdata_q_reg[4]/SI     0.12     0.08 f    -0.05 (VIOLATED)
   ibex_top_inst/u_ibex_core/cs_registers_i/u_mie_csr/rdata_q_reg[5]/SI     0.12     0.08 f    -0.05 (VIOLATED)
   ibex_top_inst/u_ibex_core/cs_registers_i/u_mie_csr/rdata_q_reg[8]/SI     0.12     0.08 f    -0.05 (VIOLATED)
   ibex_top_inst/u_ibex_core/cs_registers_i/u_mie_csr/rdata_q_reg[9]/SI     0.12     0.08 f    -0.05 (VIOLATED)
   ibex_top_inst/u_ibex_core/cs_registers_i/u_mie_csr/rdata_q_reg[10]/SI     0.12     0.08 f    -0.05 (VIOLATED)
   ibex_top_inst/u_ibex_core/cs_registers_i/u_mie_csr/rdata_q_reg[11]/SI     0.12     0.08 f    -0.05 (VIOLATED)
   ibex_top_inst/u_ibex_core/cs_registers_i/u_mie_csr/rdata_q_reg[12]/SI     0.12     0.08 f    -0.05 (VIOLATED)
   ibex_top_inst/u_ibex_core/cs_registers_i/u_mie_csr/rdata_q_reg[13]/SI     0.12     0.08 f    -0.05 (VIOLATED)
   ibex_top_inst/u_ibex_core/cs_registers_i/u_mie_csr/rdata_q_reg[14]/SI     0.12     0.08 f    -0.05 (VIOLATED)
   ibex_top_inst/u_ibex_core/cs_registers_i/u_mie_csr/rdata_q_reg[15]/SI     0.12     0.08 f    -0.05 (VIOLATED)
   ibex_top_inst/u_ibex_core/cs_registers_i/u_mie_csr/rdata_q_reg[17]/SI     0.12     0.08 f    -0.05 (VIOLATED)
   ibex_top_inst/u_ibex_core/cs_registers_i/u_mscratch_csr/rdata_q_reg[0]/SI     0.12     0.08 f    -0.05 (VIOLATED)
   ibex_top_inst/u_ibex_core/if_stage_i/instr_rdata_id_o_reg[3]/SI     0.11     0.07 r    -0.05 (VIOLATED)
   ibex_top_inst/u_ibex_core/wb_stage_i/g_writeback_stage.rf_waddr_wb_q_reg[4]/SI     0.11     0.07 r    -0.05 (VIOLATED)
   ibex_top_inst/u_ibex_core/cs_registers_i/mcountinhibit_q_reg[2]/SI     0.12     0.08 f    -0.05 (VIOLATED)
   ibex_top_inst/u_ibex_core/load_store_unit_i/addr_last_q_reg[31]/SI     0.12     0.08 f    -0.05 (VIOLATED)
   ibex_top_inst/u_ibex_core/id_stage_i/imd_val_q_reg[1][1]/SI     0.12     0.08 f    -0.05 (VIOLATED)
   ibex_top_inst/u_ibex_core/id_stage_i/imd_val_q_reg[1][2]/SI     0.12     0.08 f    -0.05 (VIOLATED)
   ibex_top_inst/u_ibex_core/id_stage_i/imd_val_q_reg[1][3]/SI     0.12     0.08 f    -0.05 (VIOLATED)
   ibex_top_inst/u_ibex_core/id_stage_i/imd_val_q_reg[1][4]/SI     0.12     0.08 f    -0.05 (VIOLATED)
   ibex_top_inst/u_ibex_core/id_stage_i/imd_val_q_reg[1][5]/SI     0.12     0.08 f    -0.05 (VIOLATED)
   ibex_top_inst/u_ibex_core/id_stage_i/imd_val_q_reg[1][6]/SI     0.12     0.08 f    -0.05 (VIOLATED)
   ibex_top_inst/u_ibex_core/id_stage_i/imd_val_q_reg[1][7]/SI     0.12     0.08 f    -0.05 (VIOLATED)
   ibex_top_inst/u_ibex_core/id_stage_i/imd_val_q_reg[1][8]/SI     0.12     0.08 f    -0.05 (VIOLATED)
   ibex_top_inst/u_ibex_core/id_stage_i/imd_val_q_reg[1][9]/SI     0.12     0.08 f    -0.05 (VIOLATED)
   ibex_top_inst/u_ibex_core/id_stage_i/imd_val_q_reg[1][10]/SI     0.12     0.08 f    -0.05 (VIOLATED)
   ibex_top_inst/u_ibex_core/id_stage_i/imd_val_q_reg[1][11]/SI     0.12     0.08 f    -0.05 (VIOLATED)
   ibex_top_inst/u_ibex_core/id_stage_i/imd_val_q_reg[1][12]/SI     0.12     0.08 f    -0.05 (VIOLATED)
   ibex_top_inst/u_ibex_core/id_stage_i/imd_val_q_reg[1][13]/SI     0.12     0.08 f    -0.05 (VIOLATED)
   ibex_top_inst/u_ibex_core/id_stage_i/imd_val_q_reg[1][14]/SI     0.12     0.08 f    -0.05 (VIOLATED)
   ibex_top_inst/u_ibex_core/id_stage_i/imd_val_q_reg[1][15]/SI     0.12     0.08 f    -0.05 (VIOLATED)
   ibex_top_inst/u_ibex_core/id_stage_i/imd_val_q_reg[1][16]/SI     0.12     0.08 f    -0.05 (VIOLATED)
   ibex_top_inst/u_ibex_core/id_stage_i/imd_val_q_reg[1][17]/SI     0.12     0.08 f    -0.05 (VIOLATED)
   ibex_top_inst/u_ibex_core/id_stage_i/imd_val_q_reg[1][18]/SI     0.12     0.08 f    -0.05 (VIOLATED)
   ibex_top_inst/u_ibex_core/id_stage_i/imd_val_q_reg[1][19]/SI     0.12     0.08 f    -0.05 (VIOLATED)
   ibex_top_inst/u_ibex_core/id_stage_i/imd_val_q_reg[1][20]/SI     0.12     0.08 f    -0.05 (VIOLATED)
   ibex_top_inst/u_ibex_core/id_stage_i/imd_val_q_reg[1][21]/SI     0.12     0.08 f    -0.05 (VIOLATED)
   ibex_top_inst/u_ibex_core/id_stage_i/imd_val_q_reg[1][22]/SI     0.12     0.08 f    -0.05 (VIOLATED)
   ibex_top_inst/u_ibex_core/id_stage_i/imd_val_q_reg[1][23]/SI     0.12     0.08 f    -0.05 (VIOLATED)
   ibex_top_inst/u_ibex_core/id_stage_i/imd_val_q_reg[1][24]/SI     0.12     0.08 f    -0.05 (VIOLATED)
   ibex_top_inst/u_ibex_core/id_stage_i/imd_val_q_reg[1][25]/SI     0.12     0.08 f    -0.05 (VIOLATED)
   ibex_top_inst/u_ibex_core/id_stage_i/imd_val_q_reg[1][26]/SI     0.12     0.08 f    -0.05 (VIOLATED)
   ibex_top_inst/u_ibex_core/id_stage_i/imd_val_q_reg[1][27]/SI     0.12     0.08 f    -0.05 (VIOLATED)
   ibex_top_inst/u_ibex_core/id_stage_i/imd_val_q_reg[1][28]/SI     0.12     0.08 f    -0.05 (VIOLATED)
   ibex_top_inst/u_ibex_core/id_stage_i/imd_val_q_reg[1][29]/SI     0.12     0.08 f    -0.05 (VIOLATED)
   ibex_top_inst/u_ibex_core/id_stage_i/imd_val_q_reg[1][30]/SI     0.12     0.08 f    -0.05 (VIOLATED)
   ibex_top_inst/u_ibex_core/id_stage_i/imd_val_q_reg[1][31]/SI     0.12     0.08 f    -0.05 (VIOLATED)
   ibex_top_inst/u_ibex_core/cs_registers_i/u_mtvec_csr/rdata_q_reg[9]/SI     0.12     0.08 f    -0.05 (VIOLATED)
   ibex_top_inst/u_ibex_core/cs_registers_i/u_mtvec_csr/rdata_q_reg[10]/SI     0.12     0.08 f    -0.05 (VIOLATED)
   ibex_top_inst/u_ibex_core/cs_registers_i/u_mtvec_csr/rdata_q_reg[11]/SI     0.12     0.08 f    -0.05 (VIOLATED)
   ibex_top_inst/u_ibex_core/cs_registers_i/u_mtvec_csr/rdata_q_reg[12]/SI     0.12     0.08 f    -0.05 (VIOLATED)
   ibex_top_inst/u_ibex_core/cs_registers_i/u_mtvec_csr/rdata_q_reg[13]/SI     0.12     0.08 f    -0.05 (VIOLATED)
   ibex_top_inst/u_ibex_core/cs_registers_i/u_mtvec_csr/rdata_q_reg[14]/SI     0.12     0.08 f    -0.05 (VIOLATED)
   ibex_top_inst/u_ibex_core/cs_registers_i/u_mtvec_csr/rdata_q_reg[15]/SI     0.12     0.08 f    -0.05 (VIOLATED)
   ibex_top_inst/u_ibex_core/cs_registers_i/u_mtvec_csr/rdata_q_reg[16]/SI     0.12     0.08 f    -0.05 (VIOLATED)
   ibex_top_inst/u_ibex_core/cs_registers_i/u_mtvec_csr/rdata_q_reg[17]/SI     0.12     0.08 f    -0.05 (VIOLATED)
   ibex_top_inst/u_ibex_core/cs_registers_i/u_mtvec_csr/rdata_q_reg[18]/SI     0.12     0.08 f    -0.05 (VIOLATED)
   ibex_top_inst/u_ibex_core/cs_registers_i/u_mtvec_csr/rdata_q_reg[19]/SI     0.12     0.08 f    -0.05 (VIOLATED)
   ibex_top_inst/u_ibex_core/cs_registers_i/u_mtvec_csr/rdata_q_reg[20]/SI     0.12     0.08 f    -0.05 (VIOLATED)
   ibex_top_inst/u_ibex_core/cs_registers_i/u_mtvec_csr/rdata_q_reg[22]/SI     0.12     0.08 f    -0.05 (VIOLATED)
   ibex_top_inst/u_ibex_core/cs_registers_i/u_mtvec_csr/rdata_q_reg[23]/SI     0.12     0.08 f    -0.05 (VIOLATED)
   ibex_top_inst/u_ibex_core/cs_registers_i/u_mtvec_csr/rdata_q_reg[24]/SI     0.12     0.08 f    -0.05 (VIOLATED)
   ibex_top_inst/u_ibex_core/cs_registers_i/u_mtvec_csr/rdata_q_reg[25]/SI     0.12     0.08 f    -0.05 (VIOLATED)
   ibex_top_inst/u_ibex_core/cs_registers_i/u_mtvec_csr/rdata_q_reg[27]/SI     0.12     0.08 f    -0.05 (VIOLATED)
   ibex_top_inst/u_ibex_core/cs_registers_i/u_mtvec_csr/rdata_q_reg[28]/SI     0.12     0.08 f    -0.05 (VIOLATED)
   ibex_top_inst/u_ibex_core/cs_registers_i/u_mtvec_csr/rdata_q_reg[30]/SI     0.12     0.08 f    -0.05 (VIOLATED)
   ibex_top_inst/u_ibex_core/cs_registers_i/u_mtvec_csr/rdata_q_reg[31]/SI     0.12     0.08 f    -0.05 (VIOLATED)
   ibex_top_inst/u_ibex_core/ex_block_i/gen_multdiv_fast.multdiv_i/div_by_zero_q_reg/SI     0.12     0.08 f    -0.05 (VIOLATED)
   ibex_top_inst/u_ibex_core/cs_registers_i/u_mcause_csr/rdata_q_reg[1]/SI     0.12     0.08 f    -0.05 (VIOLATED)
   ibex_top_inst/u_ibex_core/cs_registers_i/u_mcause_csr/rdata_q_reg[2]/SI     0.12     0.08 f    -0.05 (VIOLATED)
   ibex_top_inst/u_ibex_core/cs_registers_i/u_mcause_csr/rdata_q_reg[3]/SI     0.12     0.08 f    -0.05 (VIOLATED)
   ibex_top_inst/u_ibex_core/cs_registers_i/u_mcause_csr/rdata_q_reg[4]/SI     0.12     0.08 f    -0.05 (VIOLATED)
   ibex_top_inst/u_ibex_core/cs_registers_i/u_mcause_csr/rdata_q_reg[5]/SI     0.12     0.08 f    -0.05 (VIOLATED)
   ibex_top_inst/u_ibex_core/cs_registers_i/u_mcause_csr/rdata_q_reg[6]/SI     0.12     0.08 f    -0.05 (VIOLATED)
   ibex_top_inst/u_ibex_core/cs_registers_i/u_mtvec_csr/rdata_q_reg[21]/SI     0.12     0.08 f    -0.05 (VIOLATED)
   ibex_top_inst/u_ibex_core/cs_registers_i/u_mtvec_csr/rdata_q_reg[26]/SI     0.12     0.08 f    -0.05 (VIOLATED)
   ibex_top_inst/u_ibex_core/ex_block_i/gen_multdiv_fast.multdiv_i/op_quotient_q_reg[0]/SI     0.12     0.08 f    -0.04 (VIOLATED)
   ibex_top_inst/u_ibex_core/if_stage_i/instr_rdata_alu_id_o_reg[5]/SI     0.11     0.07 r    -0.04 (VIOLATED)
   ibex_top_inst/u_ibex_core/cs_registers_i/mcycle_counter_i/counter_q_reg[16]/SI     0.12     0.08 f    -0.04 (VIOLATED)
   ibex_top_inst/u_ibex_core/if_stage_i/instr_rdata_id_o_reg[24]/SI     0.11     0.07 r    -0.04 (VIOLATED)
   ibex_top_inst/u_ibex_core/load_store_unit_i/rdata_q_reg[17]/SI     0.12     0.08 f    -0.04 (VIOLATED)
   ibex_top_inst/u_ibex_core/load_store_unit_i/rdata_q_reg[18]/SI     0.12     0.08 f    -0.04 (VIOLATED)
   ibex_top_inst/u_ibex_core/load_store_unit_i/rdata_q_reg[19]/SI     0.12     0.08 f    -0.04 (VIOLATED)
   ibex_top_inst/u_ibex_core/load_store_unit_i/rdata_q_reg[21]/SI     0.12     0.08 f    -0.04 (VIOLATED)
   ibex_top_inst/u_ibex_core/load_store_unit_i/rdata_q_reg[22]/SI     0.12     0.08 f    -0.04 (VIOLATED)
   ibex_top_inst/u_ibex_core/load_store_unit_i/rdata_q_reg[23]/SI     0.12     0.08 f    -0.04 (VIOLATED)
   ibex_top_inst/u_ibex_core/load_store_unit_i/rdata_q_reg[24]/SI     0.12     0.08 f    -0.04 (VIOLATED)
   ibex_top_inst/u_ibex_core/id_stage_i/imd_val_q_reg[0][33]/SI     0.12     0.08 f    -0.04 (VIOLATED)
   ibex_top_inst/u_ibex_core/cs_registers_i/u_mie_csr/rdata_q_reg[6]/SI     0.12     0.08 f    -0.04 (VIOLATED)
   ibex_top_inst/u_ibex_core/cs_registers_i/u_mie_csr/rdata_q_reg[7]/SI     0.12     0.08 f    -0.04 (VIOLATED)
   ibex_top_inst/u_ibex_core/cs_registers_i/u_mie_csr/rdata_q_reg[16]/SI     0.12     0.08 f    -0.04 (VIOLATED)
   ibex_top_inst/u_ibex_core/cs_registers_i/u_dcsr_csr/rdata_q_reg[1]/SI     0.12     0.08 f    -0.04 (VIOLATED)
   ibex_top_inst/u_ibex_core/if_stage_i/instr_rdata_id_o_reg[29]/SI     0.11     0.07 r    -0.04 (VIOLATED)
   ibex_top_inst/u_ibex_core/if_stage_i/instr_rdata_alu_id_o_reg[13]/SI     0.11     0.07 r    -0.04 (VIOLATED)
   ibex_top_inst/u_ibex_core/cs_registers_i/mcycle_counter_i/counter_q_reg[24]/SI     0.12     0.08 f    -0.04 (VIOLATED)
   ibex_top_inst/u_ibex_core/cs_registers_i/u_dcsr_csr/rdata_q_reg[0]/SI     0.12     0.08 f    -0.04 (VIOLATED)
   ibex_top_inst/gen_regfile_ff.register_file_i/g_rf_flops[1].rf_reg_q_reg[1]/SI     0.12     0.08 f    -0.04 (VIOLATED)
   ibex_top_inst/gen_regfile_ff.register_file_i/g_rf_flops[1].rf_reg_q_reg[2]/SI     0.12     0.08 f    -0.04 (VIOLATED)
   ibex_top_inst/gen_regfile_ff.register_file_i/g_rf_flops[1].rf_reg_q_reg[3]/SI     0.12     0.08 f    -0.04 (VIOLATED)
   ibex_top_inst/gen_regfile_ff.register_file_i/g_rf_flops[1].rf_reg_q_reg[4]/SI     0.12     0.08 f    -0.04 (VIOLATED)
   ibex_top_inst/gen_regfile_ff.register_file_i/g_rf_flops[1].rf_reg_q_reg[5]/SI     0.12     0.08 f    -0.04 (VIOLATED)
   ibex_top_inst/gen_regfile_ff.register_file_i/g_rf_flops[1].rf_reg_q_reg[6]/SI     0.12     0.08 f    -0.04 (VIOLATED)
   ibex_top_inst/gen_regfile_ff.register_file_i/g_rf_flops[1].rf_reg_q_reg[7]/SI     0.12     0.08 f    -0.04 (VIOLATED)
   ibex_top_inst/gen_regfile_ff.register_file_i/g_rf_flops[1].rf_reg_q_reg[8]/SI     0.12     0.08 f    -0.04 (VIOLATED)
   ibex_top_inst/gen_regfile_ff.register_file_i/g_rf_flops[1].rf_reg_q_reg[9]/SI     0.12     0.08 f    -0.04 (VIOLATED)
   ibex_top_inst/gen_regfile_ff.register_file_i/g_rf_flops[1].rf_reg_q_reg[10]/SI     0.12     0.08 f    -0.04 (VIOLATED)
   ibex_top_inst/gen_regfile_ff.register_file_i/g_rf_flops[1].rf_reg_q_reg[11]/SI     0.12     0.08 f    -0.04 (VIOLATED)
   ibex_top_inst/gen_regfile_ff.register_file_i/g_rf_flops[1].rf_reg_q_reg[12]/SI     0.12     0.08 f    -0.04 (VIOLATED)
   ibex_top_inst/gen_regfile_ff.register_file_i/g_rf_flops[1].rf_reg_q_reg[13]/SI     0.12     0.08 f    -0.04 (VIOLATED)
   ibex_top_inst/gen_regfile_ff.register_file_i/g_rf_flops[1].rf_reg_q_reg[14]/SI     0.12     0.08 f    -0.04 (VIOLATED)
   ibex_top_inst/gen_regfile_ff.register_file_i/g_rf_flops[1].rf_reg_q_reg[15]/SI     0.12     0.08 f    -0.04 (VIOLATED)
   ibex_top_inst/gen_regfile_ff.register_file_i/g_rf_flops[1].rf_reg_q_reg[16]/SI     0.12     0.08 f    -0.04 (VIOLATED)
   ibex_top_inst/gen_regfile_ff.register_file_i/g_rf_flops[1].rf_reg_q_reg[17]/SI     0.12     0.08 f    -0.04 (VIOLATED)
   ibex_top_inst/gen_regfile_ff.register_file_i/g_rf_flops[1].rf_reg_q_reg[18]/SI     0.12     0.08 f    -0.04 (VIOLATED)
   ibex_top_inst/gen_regfile_ff.register_file_i/g_rf_flops[1].rf_reg_q_reg[19]/SI     0.12     0.08 f    -0.04 (VIOLATED)
   ibex_top_inst/gen_regfile_ff.register_file_i/g_rf_flops[1].rf_reg_q_reg[20]/SI     0.12     0.08 f    -0.04 (VIOLATED)
   ibex_top_inst/gen_regfile_ff.register_file_i/g_rf_flops[1].rf_reg_q_reg[21]/SI     0.12     0.08 f    -0.04 (VIOLATED)
   ibex_top_inst/gen_regfile_ff.register_file_i/g_rf_flops[1].rf_reg_q_reg[22]/SI     0.12     0.08 f    -0.04 (VIOLATED)
   ibex_top_inst/gen_regfile_ff.register_file_i/g_rf_flops[1].rf_reg_q_reg[23]/SI     0.12     0.08 f    -0.04 (VIOLATED)
   ibex_top_inst/gen_regfile_ff.register_file_i/g_rf_flops[1].rf_reg_q_reg[24]/SI     0.12     0.08 f    -0.04 (VIOLATED)
   ibex_top_inst/gen_regfile_ff.register_file_i/g_rf_flops[1].rf_reg_q_reg[25]/SI     0.12     0.08 f    -0.04 (VIOLATED)
   ibex_top_inst/gen_regfile_ff.register_file_i/g_rf_flops[1].rf_reg_q_reg[26]/SI     0.12     0.08 f    -0.04 (VIOLATED)
   ibex_top_inst/gen_regfile_ff.register_file_i/g_rf_flops[1].rf_reg_q_reg[27]/SI     0.12     0.08 f    -0.04 (VIOLATED)
   ibex_top_inst/gen_regfile_ff.register_file_i/g_rf_flops[1].rf_reg_q_reg[28]/SI     0.12     0.08 f    -0.04 (VIOLATED)
   ibex_top_inst/gen_regfile_ff.register_file_i/g_rf_flops[1].rf_reg_q_reg[29]/SI     0.12     0.08 f    -0.04 (VIOLATED)
   ibex_top_inst/gen_regfile_ff.register_file_i/g_rf_flops[1].rf_reg_q_reg[30]/SI     0.12     0.08 f    -0.04 (VIOLATED)
   ibex_top_inst/gen_regfile_ff.register_file_i/g_rf_flops[1].rf_reg_q_reg[31]/SI     0.12     0.08 f    -0.04 (VIOLATED)
   ibex_top_inst/gen_regfile_ff.register_file_i/g_rf_flops[2].rf_reg_q_reg[1]/SI     0.12     0.08 f    -0.04 (VIOLATED)
   ibex_top_inst/gen_regfile_ff.register_file_i/g_rf_flops[2].rf_reg_q_reg[2]/SI     0.12     0.08 f    -0.04 (VIOLATED)
   ibex_top_inst/gen_regfile_ff.register_file_i/g_rf_flops[2].rf_reg_q_reg[3]/SI     0.12     0.08 f    -0.04 (VIOLATED)
   ibex_top_inst/gen_regfile_ff.register_file_i/g_rf_flops[2].rf_reg_q_reg[4]/SI     0.12     0.08 f    -0.04 (VIOLATED)
   ibex_top_inst/gen_regfile_ff.register_file_i/g_rf_flops[2].rf_reg_q_reg[5]/SI     0.12     0.08 f    -0.04 (VIOLATED)
   ibex_top_inst/gen_regfile_ff.register_file_i/g_rf_flops[2].rf_reg_q_reg[6]/SI     0.12     0.08 f    -0.04 (VIOLATED)
   ibex_top_inst/gen_regfile_ff.register_file_i/g_rf_flops[2].rf_reg_q_reg[7]/SI     0.12     0.08 f    -0.04 (VIOLATED)
   ibex_top_inst/gen_regfile_ff.register_file_i/g_rf_flops[2].rf_reg_q_reg[8]/SI     0.12     0.08 f    -0.04 (VIOLATED)
   ibex_top_inst/gen_regfile_ff.register_file_i/g_rf_flops[2].rf_reg_q_reg[9]/SI     0.12     0.08 f    -0.04 (VIOLATED)
   ibex_top_inst/gen_regfile_ff.register_file_i/g_rf_flops[2].rf_reg_q_reg[10]/SI     0.12     0.08 f    -0.04 (VIOLATED)
   ibex_top_inst/gen_regfile_ff.register_file_i/g_rf_flops[2].rf_reg_q_reg[11]/SI     0.12     0.08 f    -0.04 (VIOLATED)
   ibex_top_inst/gen_regfile_ff.register_file_i/g_rf_flops[2].rf_reg_q_reg[12]/SI     0.12     0.08 f    -0.04 (VIOLATED)
   ibex_top_inst/gen_regfile_ff.register_file_i/g_rf_flops[2].rf_reg_q_reg[13]/SI     0.12     0.08 f    -0.04 (VIOLATED)
   ibex_top_inst/gen_regfile_ff.register_file_i/g_rf_flops[2].rf_reg_q_reg[14]/SI     0.12     0.08 f    -0.04 (VIOLATED)
   ibex_top_inst/gen_regfile_ff.register_file_i/g_rf_flops[2].rf_reg_q_reg[15]/SI     0.12     0.08 f    -0.04 (VIOLATED)
   ibex_top_inst/gen_regfile_ff.register_file_i/g_rf_flops[2].rf_reg_q_reg[16]/SI     0.12     0.08 f    -0.04 (VIOLATED)
   ibex_top_inst/gen_regfile_ff.register_file_i/g_rf_flops[2].rf_reg_q_reg[17]/SI     0.12     0.08 f    -0.04 (VIOLATED)
   ibex_top_inst/gen_regfile_ff.register_file_i/g_rf_flops[2].rf_reg_q_reg[18]/SI     0.12     0.08 f    -0.04 (VIOLATED)
   ibex_top_inst/gen_regfile_ff.register_file_i/g_rf_flops[2].rf_reg_q_reg[19]/SI     0.12     0.08 f    -0.04 (VIOLATED)
   ibex_top_inst/gen_regfile_ff.register_file_i/g_rf_flops[2].rf_reg_q_reg[20]/SI     0.12     0.08 f    -0.04 (VIOLATED)
   ibex_top_inst/gen_regfile_ff.register_file_i/g_rf_flops[2].rf_reg_q_reg[21]/SI     0.12     0.08 f    -0.04 (VIOLATED)
   ibex_top_inst/gen_regfile_ff.register_file_i/g_rf_flops[2].rf_reg_q_reg[22]/SI     0.12     0.08 f    -0.04 (VIOLATED)
   ibex_top_inst/gen_regfile_ff.register_file_i/g_rf_flops[2].rf_reg_q_reg[23]/SI     0.12     0.08 f    -0.04 (VIOLATED)
   ibex_top_inst/gen_regfile_ff.register_file_i/g_rf_flops[2].rf_reg_q_reg[24]/SI     0.12     0.08 f    -0.04 (VIOLATED)
   ibex_top_inst/gen_regfile_ff.register_file_i/g_rf_flops[2].rf_reg_q_reg[25]/SI     0.12     0.08 f    -0.04 (VIOLATED)
   ibex_top_inst/gen_regfile_ff.register_file_i/g_rf_flops[2].rf_reg_q_reg[26]/SI     0.12     0.08 f    -0.04 (VIOLATED)
   ibex_top_inst/gen_regfile_ff.register_file_i/g_rf_flops[2].rf_reg_q_reg[27]/SI     0.12     0.08 f    -0.04 (VIOLATED)
   ibex_top_inst/gen_regfile_ff.register_file_i/g_rf_flops[2].rf_reg_q_reg[28]/SI     0.12     0.08 f    -0.04 (VIOLATED)
   ibex_top_inst/gen_regfile_ff.register_file_i/g_rf_flops[2].rf_reg_q_reg[29]/SI     0.12     0.08 f    -0.04 (VIOLATED)
   ibex_top_inst/gen_regfile_ff.register_file_i/g_rf_flops[2].rf_reg_q_reg[30]/SI     0.12     0.08 f    -0.04 (VIOLATED)
   ibex_top_inst/gen_regfile_ff.register_file_i/g_rf_flops[2].rf_reg_q_reg[31]/SI     0.12     0.08 f    -0.04 (VIOLATED)
   ibex_top_inst/gen_regfile_ff.register_file_i/g_rf_flops[3].rf_reg_q_reg[1]/SI     0.12     0.08 f    -0.04 (VIOLATED)
   ibex_top_inst/gen_regfile_ff.register_file_i/g_rf_flops[3].rf_reg_q_reg[2]/SI     0.12     0.08 f    -0.04 (VIOLATED)
   ibex_top_inst/gen_regfile_ff.register_file_i/g_rf_flops[3].rf_reg_q_reg[3]/SI     0.12     0.08 f    -0.04 (VIOLATED)
   ibex_top_inst/gen_regfile_ff.register_file_i/g_rf_flops[3].rf_reg_q_reg[4]/SI     0.12     0.08 f    -0.04 (VIOLATED)
   ibex_top_inst/gen_regfile_ff.register_file_i/g_rf_flops[3].rf_reg_q_reg[5]/SI     0.12     0.08 f    -0.04 (VIOLATED)
   ibex_top_inst/gen_regfile_ff.register_file_i/g_rf_flops[3].rf_reg_q_reg[6]/SI     0.12     0.08 f    -0.04 (VIOLATED)
   ibex_top_inst/gen_regfile_ff.register_file_i/g_rf_flops[3].rf_reg_q_reg[7]/SI     0.12     0.08 f    -0.04 (VIOLATED)
   ibex_top_inst/gen_regfile_ff.register_file_i/g_rf_flops[3].rf_reg_q_reg[8]/SI     0.12     0.08 f    -0.04 (VIOLATED)
   ibex_top_inst/gen_regfile_ff.register_file_i/g_rf_flops[3].rf_reg_q_reg[9]/SI     0.12     0.08 f    -0.04 (VIOLATED)
   ibex_top_inst/gen_regfile_ff.register_file_i/g_rf_flops[3].rf_reg_q_reg[10]/SI     0.12     0.08 f    -0.04 (VIOLATED)
   ibex_top_inst/gen_regfile_ff.register_file_i/g_rf_flops[3].rf_reg_q_reg[11]/SI     0.12     0.08 f    -0.04 (VIOLATED)
   ibex_top_inst/gen_regfile_ff.register_file_i/g_rf_flops[3].rf_reg_q_reg[12]/SI     0.12     0.08 f    -0.04 (VIOLATED)
   ibex_top_inst/gen_regfile_ff.register_file_i/g_rf_flops[3].rf_reg_q_reg[13]/SI     0.12     0.08 f    -0.04 (VIOLATED)
   ibex_top_inst/gen_regfile_ff.register_file_i/g_rf_flops[3].rf_reg_q_reg[14]/SI     0.12     0.08 f    -0.04 (VIOLATED)
   ibex_top_inst/gen_regfile_ff.register_file_i/g_rf_flops[3].rf_reg_q_reg[15]/SI     0.12     0.08 f    -0.04 (VIOLATED)
   ibex_top_inst/gen_regfile_ff.register_file_i/g_rf_flops[3].rf_reg_q_reg[16]/SI     0.12     0.08 f    -0.04 (VIOLATED)
   ibex_top_inst/gen_regfile_ff.register_file_i/g_rf_flops[3].rf_reg_q_reg[17]/SI     0.12     0.08 f    -0.04 (VIOLATED)
   ibex_top_inst/gen_regfile_ff.register_file_i/g_rf_flops[3].rf_reg_q_reg[18]/SI     0.12     0.08 f    -0.04 (VIOLATED)
   ibex_top_inst/gen_regfile_ff.register_file_i/g_rf_flops[3].rf_reg_q_reg[19]/SI     0.12     0.08 f    -0.04 (VIOLATED)
   ibex_top_inst/gen_regfile_ff.register_file_i/g_rf_flops[3].rf_reg_q_reg[20]/SI     0.12     0.08 f    -0.04 (VIOLATED)
   ibex_top_inst/gen_regfile_ff.register_file_i/g_rf_flops[3].rf_reg_q_reg[21]/SI     0.12     0.08 f    -0.04 (VIOLATED)
   ibex_top_inst/gen_regfile_ff.register_file_i/g_rf_flops[3].rf_reg_q_reg[22]/SI     0.12     0.08 f    -0.04 (VIOLATED)
   ibex_top_inst/gen_regfile_ff.register_file_i/g_rf_flops[3].rf_reg_q_reg[23]/SI     0.12     0.08 f    -0.04 (VIOLATED)
   ibex_top_inst/gen_regfile_ff.register_file_i/g_rf_flops[3].rf_reg_q_reg[24]/SI     0.12     0.08 f    -0.04 (VIOLATED)
   ibex_top_inst/gen_regfile_ff.register_file_i/g_rf_flops[3].rf_reg_q_reg[25]/SI     0.12     0.08 f    -0.04 (VIOLATED)
   ibex_top_inst/gen_regfile_ff.register_file_i/g_rf_flops[3].rf_reg_q_reg[26]/SI     0.12     0.08 f    -0.04 (VIOLATED)
   ibex_top_inst/gen_regfile_ff.register_file_i/g_rf_flops[3].rf_reg_q_reg[27]/SI     0.12     0.08 f    -0.04 (VIOLATED)
   ibex_top_inst/gen_regfile_ff.register_file_i/g_rf_flops[3].rf_reg_q_reg[28]/SI     0.12     0.08 f    -0.04 (VIOLATED)
   ibex_top_inst/gen_regfile_ff.register_file_i/g_rf_flops[3].rf_reg_q_reg[29]/SI     0.12     0.08 f    -0.04 (VIOLATED)
   ibex_top_inst/gen_regfile_ff.register_file_i/g_rf_flops[3].rf_reg_q_reg[30]/SI     0.12     0.08 f    -0.04 (VIOLATED)
   ibex_top_inst/gen_regfile_ff.register_file_i/g_rf_flops[3].rf_reg_q_reg[31]/SI     0.12     0.08 f    -0.04 (VIOLATED)
   ibex_top_inst/gen_regfile_ff.register_file_i/g_rf_flops[4].rf_reg_q_reg[1]/SI     0.12     0.08 f    -0.04 (VIOLATED)
   ibex_top_inst/gen_regfile_ff.register_file_i/g_rf_flops[4].rf_reg_q_reg[2]/SI     0.12     0.08 f    -0.04 (VIOLATED)
   ibex_top_inst/gen_regfile_ff.register_file_i/g_rf_flops[4].rf_reg_q_reg[3]/SI     0.12     0.08 f    -0.04 (VIOLATED)
   ibex_top_inst/gen_regfile_ff.register_file_i/g_rf_flops[4].rf_reg_q_reg[4]/SI     0.12     0.08 f    -0.04 (VIOLATED)
   ibex_top_inst/gen_regfile_ff.register_file_i/g_rf_flops[4].rf_reg_q_reg[5]/SI     0.12     0.08 f    -0.04 (VIOLATED)
   ibex_top_inst/gen_regfile_ff.register_file_i/g_rf_flops[4].rf_reg_q_reg[6]/SI     0.12     0.08 f    -0.04 (VIOLATED)
   ibex_top_inst/gen_regfile_ff.register_file_i/g_rf_flops[4].rf_reg_q_reg[7]/SI     0.12     0.08 f    -0.04 (VIOLATED)
   ibex_top_inst/gen_regfile_ff.register_file_i/g_rf_flops[4].rf_reg_q_reg[8]/SI     0.12     0.08 f    -0.04 (VIOLATED)
   ibex_top_inst/gen_regfile_ff.register_file_i/g_rf_flops[4].rf_reg_q_reg[9]/SI     0.12     0.08 f    -0.04 (VIOLATED)
   ibex_top_inst/gen_regfile_ff.register_file_i/g_rf_flops[4].rf_reg_q_reg[10]/SI     0.12     0.08 f    -0.04 (VIOLATED)
   ibex_top_inst/gen_regfile_ff.register_file_i/g_rf_flops[4].rf_reg_q_reg[11]/SI     0.12     0.08 f    -0.04 (VIOLATED)
   ibex_top_inst/gen_regfile_ff.register_file_i/g_rf_flops[4].rf_reg_q_reg[12]/SI     0.12     0.08 f    -0.04 (VIOLATED)
   ibex_top_inst/gen_regfile_ff.register_file_i/g_rf_flops[4].rf_reg_q_reg[13]/SI     0.12     0.08 f    -0.04 (VIOLATED)
   ibex_top_inst/gen_regfile_ff.register_file_i/g_rf_flops[4].rf_reg_q_reg[14]/SI     0.12     0.08 f    -0.04 (VIOLATED)
   ibex_top_inst/gen_regfile_ff.register_file_i/g_rf_flops[4].rf_reg_q_reg[15]/SI     0.12     0.08 f    -0.04 (VIOLATED)
   ibex_top_inst/gen_regfile_ff.register_file_i/g_rf_flops[4].rf_reg_q_reg[16]/SI     0.12     0.08 f    -0.04 (VIOLATED)
   ibex_top_inst/gen_regfile_ff.register_file_i/g_rf_flops[4].rf_reg_q_reg[17]/SI     0.12     0.08 f    -0.04 (VIOLATED)
   ibex_top_inst/gen_regfile_ff.register_file_i/g_rf_flops[4].rf_reg_q_reg[18]/SI     0.12     0.08 f    -0.04 (VIOLATED)
   ibex_top_inst/gen_regfile_ff.register_file_i/g_rf_flops[4].rf_reg_q_reg[19]/SI     0.12     0.08 f    -0.04 (VIOLATED)
   ibex_top_inst/gen_regfile_ff.register_file_i/g_rf_flops[4].rf_reg_q_reg[20]/SI     0.12     0.08 f    -0.04 (VIOLATED)
   ibex_top_inst/gen_regfile_ff.register_file_i/g_rf_flops[4].rf_reg_q_reg[21]/SI     0.12     0.08 f    -0.04 (VIOLATED)
   ibex_top_inst/gen_regfile_ff.register_file_i/g_rf_flops[4].rf_reg_q_reg[22]/SI     0.12     0.08 f    -0.04 (VIOLATED)
   ibex_top_inst/gen_regfile_ff.register_file_i/g_rf_flops[4].rf_reg_q_reg[23]/SI     0.12     0.08 f    -0.04 (VIOLATED)
   ibex_top_inst/gen_regfile_ff.register_file_i/g_rf_flops[4].rf_reg_q_reg[24]/SI     0.12     0.08 f    -0.04 (VIOLATED)
   ibex_top_inst/gen_regfile_ff.register_file_i/g_rf_flops[4].rf_reg_q_reg[25]/SI     0.12     0.08 f    -0.04 (VIOLATED)
   ibex_top_inst/gen_regfile_ff.register_file_i/g_rf_flops[4].rf_reg_q_reg[26]/SI     0.12     0.08 f    -0.04 (VIOLATED)
   ibex_top_inst/gen_regfile_ff.register_file_i/g_rf_flops[4].rf_reg_q_reg[27]/SI     0.12     0.08 f    -0.04 (VIOLATED)
   ibex_top_inst/gen_regfile_ff.register_file_i/g_rf_flops[4].rf_reg_q_reg[28]/SI     0.12     0.08 f    -0.04 (VIOLATED)
   ibex_top_inst/gen_regfile_ff.register_file_i/g_rf_flops[4].rf_reg_q_reg[29]/SI     0.12     0.08 f    -0.04 (VIOLATED)
   ibex_top_inst/gen_regfile_ff.register_file_i/g_rf_flops[4].rf_reg_q_reg[30]/SI     0.12     0.08 f    -0.04 (VIOLATED)
   ibex_top_inst/gen_regfile_ff.register_file_i/g_rf_flops[4].rf_reg_q_reg[31]/SI     0.12     0.08 f    -0.04 (VIOLATED)
   ibex_top_inst/gen_regfile_ff.register_file_i/g_rf_flops[5].rf_reg_q_reg[1]/SI     0.12     0.08 f    -0.04 (VIOLATED)
   ibex_top_inst/gen_regfile_ff.register_file_i/g_rf_flops[5].rf_reg_q_reg[2]/SI     0.12     0.08 f    -0.04 (VIOLATED)
   ibex_top_inst/gen_regfile_ff.register_file_i/g_rf_flops[5].rf_reg_q_reg[3]/SI     0.12     0.08 f    -0.04 (VIOLATED)
   ibex_top_inst/gen_regfile_ff.register_file_i/g_rf_flops[5].rf_reg_q_reg[4]/SI     0.12     0.08 f    -0.04 (VIOLATED)
   ibex_top_inst/gen_regfile_ff.register_file_i/g_rf_flops[5].rf_reg_q_reg[5]/SI     0.12     0.08 f    -0.04 (VIOLATED)
   ibex_top_inst/gen_regfile_ff.register_file_i/g_rf_flops[5].rf_reg_q_reg[6]/SI     0.12     0.08 f    -0.04 (VIOLATED)
   ibex_top_inst/gen_regfile_ff.register_file_i/g_rf_flops[5].rf_reg_q_reg[7]/SI     0.12     0.08 f    -0.04 (VIOLATED)
   ibex_top_inst/gen_regfile_ff.register_file_i/g_rf_flops[5].rf_reg_q_reg[8]/SI     0.12     0.08 f    -0.04 (VIOLATED)
   ibex_top_inst/gen_regfile_ff.register_file_i/g_rf_flops[5].rf_reg_q_reg[9]/SI     0.12     0.08 f    -0.04 (VIOLATED)
   ibex_top_inst/gen_regfile_ff.register_file_i/g_rf_flops[5].rf_reg_q_reg[10]/SI     0.12     0.08 f    -0.04 (VIOLATED)
   ibex_top_inst/gen_regfile_ff.register_file_i/g_rf_flops[5].rf_reg_q_reg[11]/SI     0.12     0.08 f    -0.04 (VIOLATED)
   ibex_top_inst/gen_regfile_ff.register_file_i/g_rf_flops[5].rf_reg_q_reg[12]/SI     0.12     0.08 f    -0.04 (VIOLATED)
   ibex_top_inst/gen_regfile_ff.register_file_i/g_rf_flops[5].rf_reg_q_reg[13]/SI     0.12     0.08 f    -0.04 (VIOLATED)
   ibex_top_inst/gen_regfile_ff.register_file_i/g_rf_flops[5].rf_reg_q_reg[14]/SI     0.12     0.08 f    -0.04 (VIOLATED)
   ibex_top_inst/gen_regfile_ff.register_file_i/g_rf_flops[5].rf_reg_q_reg[15]/SI     0.12     0.08 f    -0.04 (VIOLATED)
   ibex_top_inst/gen_regfile_ff.register_file_i/g_rf_flops[5].rf_reg_q_reg[16]/SI     0.12     0.08 f    -0.04 (VIOLATED)
   ibex_top_inst/gen_regfile_ff.register_file_i/g_rf_flops[5].rf_reg_q_reg[17]/SI     0.12     0.08 f    -0.04 (VIOLATED)
   ibex_top_inst/gen_regfile_ff.register_file_i/g_rf_flops[5].rf_reg_q_reg[18]/SI     0.12     0.08 f    -0.04 (VIOLATED)
   ibex_top_inst/gen_regfile_ff.register_file_i/g_rf_flops[5].rf_reg_q_reg[19]/SI     0.12     0.08 f    -0.04 (VIOLATED)
   ibex_top_inst/gen_regfile_ff.register_file_i/g_rf_flops[5].rf_reg_q_reg[20]/SI     0.12     0.08 f    -0.04 (VIOLATED)
   ibex_top_inst/gen_regfile_ff.register_file_i/g_rf_flops[5].rf_reg_q_reg[21]/SI     0.12     0.08 f    -0.04 (VIOLATED)
   ibex_top_inst/gen_regfile_ff.register_file_i/g_rf_flops[5].rf_reg_q_reg[22]/SI     0.12     0.08 f    -0.04 (VIOLATED)
   ibex_top_inst/gen_regfile_ff.register_file_i/g_rf_flops[5].rf_reg_q_reg[23]/SI     0.12     0.08 f    -0.04 (VIOLATED)
   ibex_top_inst/gen_regfile_ff.register_file_i/g_rf_flops[5].rf_reg_q_reg[24]/SI     0.12     0.08 f    -0.04 (VIOLATED)
   ibex_top_inst/gen_regfile_ff.register_file_i/g_rf_flops[5].rf_reg_q_reg[25]/SI     0.12     0.08 f    -0.04 (VIOLATED)
   ibex_top_inst/gen_regfile_ff.register_file_i/g_rf_flops[5].rf_reg_q_reg[26]/SI     0.12     0.08 f    -0.04 (VIOLATED)
   ibex_top_inst/gen_regfile_ff.register_file_i/g_rf_flops[5].rf_reg_q_reg[27]/SI     0.12     0.08 f    -0.04 (VIOLATED)
   ibex_top_inst/gen_regfile_ff.register_file_i/g_rf_flops[5].rf_reg_q_reg[28]/SI     0.12     0.08 f    -0.04 (VIOLATED)
   ibex_top_inst/gen_regfile_ff.register_file_i/g_rf_flops[5].rf_reg_q_reg[29]/SI     0.12     0.08 f    -0.04 (VIOLATED)
   ibex_top_inst/gen_regfile_ff.register_file_i/g_rf_flops[5].rf_reg_q_reg[30]/SI     0.12     0.08 f    -0.04 (VIOLATED)
   ibex_top_inst/gen_regfile_ff.register_file_i/g_rf_flops[5].rf_reg_q_reg[31]/SI     0.12     0.08 f    -0.04 (VIOLATED)
   ibex_top_inst/gen_regfile_ff.register_file_i/g_rf_flops[6].rf_reg_q_reg[1]/SI     0.12     0.08 f    -0.04 (VIOLATED)
   ibex_top_inst/gen_regfile_ff.register_file_i/g_rf_flops[6].rf_reg_q_reg[2]/SI     0.12     0.08 f    -0.04 (VIOLATED)
   ibex_top_inst/gen_regfile_ff.register_file_i/g_rf_flops[6].rf_reg_q_reg[3]/SI     0.12     0.08 f    -0.04 (VIOLATED)
   ibex_top_inst/gen_regfile_ff.register_file_i/g_rf_flops[6].rf_reg_q_reg[4]/SI     0.12     0.08 f    -0.04 (VIOLATED)
   ibex_top_inst/gen_regfile_ff.register_file_i/g_rf_flops[6].rf_reg_q_reg[5]/SI     0.12     0.08 f    -0.04 (VIOLATED)
   ibex_top_inst/gen_regfile_ff.register_file_i/g_rf_flops[6].rf_reg_q_reg[6]/SI     0.12     0.08 f    -0.04 (VIOLATED)
   ibex_top_inst/gen_regfile_ff.register_file_i/g_rf_flops[6].rf_reg_q_reg[7]/SI     0.12     0.08 f    -0.04 (VIOLATED)
   ibex_top_inst/gen_regfile_ff.register_file_i/g_rf_flops[6].rf_reg_q_reg[8]/SI     0.12     0.08 f    -0.04 (VIOLATED)
   ibex_top_inst/gen_regfile_ff.register_file_i/g_rf_flops[6].rf_reg_q_reg[9]/SI     0.12     0.08 f    -0.04 (VIOLATED)
   ibex_top_inst/gen_regfile_ff.register_file_i/g_rf_flops[6].rf_reg_q_reg[10]/SI     0.12     0.08 f    -0.04 (VIOLATED)
   ibex_top_inst/gen_regfile_ff.register_file_i/g_rf_flops[6].rf_reg_q_reg[11]/SI     0.12     0.08 f    -0.04 (VIOLATED)
   ibex_top_inst/gen_regfile_ff.register_file_i/g_rf_flops[6].rf_reg_q_reg[12]/SI     0.12     0.08 f    -0.04 (VIOLATED)
   ibex_top_inst/gen_regfile_ff.register_file_i/g_rf_flops[6].rf_reg_q_reg[13]/SI     0.12     0.08 f    -0.04 (VIOLATED)
   ibex_top_inst/gen_regfile_ff.register_file_i/g_rf_flops[6].rf_reg_q_reg[14]/SI     0.12     0.08 f    -0.04 (VIOLATED)
   ibex_top_inst/gen_regfile_ff.register_file_i/g_rf_flops[6].rf_reg_q_reg[15]/SI     0.12     0.08 f    -0.04 (VIOLATED)
   ibex_top_inst/gen_regfile_ff.register_file_i/g_rf_flops[6].rf_reg_q_reg[16]/SI     0.12     0.08 f    -0.04 (VIOLATED)
   ibex_top_inst/gen_regfile_ff.register_file_i/g_rf_flops[6].rf_reg_q_reg[17]/SI     0.12     0.08 f    -0.04 (VIOLATED)
   ibex_top_inst/gen_regfile_ff.register_file_i/g_rf_flops[6].rf_reg_q_reg[18]/SI     0.12     0.08 f    -0.04 (VIOLATED)
   ibex_top_inst/gen_regfile_ff.register_file_i/g_rf_flops[6].rf_reg_q_reg[19]/SI     0.12     0.08 f    -0.04 (VIOLATED)
   ibex_top_inst/gen_regfile_ff.register_file_i/g_rf_flops[6].rf_reg_q_reg[20]/SI     0.12     0.08 f    -0.04 (VIOLATED)
   ibex_top_inst/gen_regfile_ff.register_file_i/g_rf_flops[6].rf_reg_q_reg[21]/SI     0.12     0.08 f    -0.04 (VIOLATED)
   ibex_top_inst/gen_regfile_ff.register_file_i/g_rf_flops[6].rf_reg_q_reg[22]/SI     0.12     0.08 f    -0.04 (VIOLATED)
   ibex_top_inst/gen_regfile_ff.register_file_i/g_rf_flops[6].rf_reg_q_reg[23]/SI     0.12     0.08 f    -0.04 (VIOLATED)
   ibex_top_inst/gen_regfile_ff.register_file_i/g_rf_flops[6].rf_reg_q_reg[24]/SI     0.12     0.08 f    -0.04 (VIOLATED)
   ibex_top_inst/gen_regfile_ff.register_file_i/g_rf_flops[6].rf_reg_q_reg[25]/SI     0.12     0.08 f    -0.04 (VIOLATED)
   ibex_top_inst/gen_regfile_ff.register_file_i/g_rf_flops[6].rf_reg_q_reg[26]/SI     0.12     0.08 f    -0.04 (VIOLATED)
   ibex_top_inst/gen_regfile_ff.register_file_i/g_rf_flops[6].rf_reg_q_reg[27]/SI     0.12     0.08 f    -0.04 (VIOLATED)
   ibex_top_inst/gen_regfile_ff.register_file_i/g_rf_flops[6].rf_reg_q_reg[28]/SI     0.12     0.08 f    -0.04 (VIOLATED)
   ibex_top_inst/gen_regfile_ff.register_file_i/g_rf_flops[6].rf_reg_q_reg[29]/SI     0.12     0.08 f    -0.04 (VIOLATED)
   ibex_top_inst/gen_regfile_ff.register_file_i/g_rf_flops[6].rf_reg_q_reg[30]/SI     0.12     0.08 f    -0.04 (VIOLATED)
   ibex_top_inst/gen_regfile_ff.register_file_i/g_rf_flops[6].rf_reg_q_reg[31]/SI     0.12     0.08 f    -0.04 (VIOLATED)
   ibex_top_inst/gen_regfile_ff.register_file_i/g_rf_flops[7].rf_reg_q_reg[1]/SI     0.12     0.08 f    -0.04 (VIOLATED)
   ibex_top_inst/gen_regfile_ff.register_file_i/g_rf_flops[7].rf_reg_q_reg[2]/SI     0.12     0.08 f    -0.04 (VIOLATED)
   ibex_top_inst/gen_regfile_ff.register_file_i/g_rf_flops[7].rf_reg_q_reg[3]/SI     0.12     0.08 f    -0.04 (VIOLATED)
   ibex_top_inst/gen_regfile_ff.register_file_i/g_rf_flops[7].rf_reg_q_reg[4]/SI     0.12     0.08 f    -0.04 (VIOLATED)
   ibex_top_inst/gen_regfile_ff.register_file_i/g_rf_flops[7].rf_reg_q_reg[5]/SI     0.12     0.08 f    -0.04 (VIOLATED)
   ibex_top_inst/gen_regfile_ff.register_file_i/g_rf_flops[7].rf_reg_q_reg[6]/SI     0.12     0.08 f    -0.04 (VIOLATED)
   ibex_top_inst/gen_regfile_ff.register_file_i/g_rf_flops[7].rf_reg_q_reg[7]/SI     0.12     0.08 f    -0.04 (VIOLATED)
   ibex_top_inst/gen_regfile_ff.register_file_i/g_rf_flops[7].rf_reg_q_reg[8]/SI     0.12     0.08 f    -0.04 (VIOLATED)
   ibex_top_inst/gen_regfile_ff.register_file_i/g_rf_flops[7].rf_reg_q_reg[9]/SI     0.12     0.08 f    -0.04 (VIOLATED)
   ibex_top_inst/gen_regfile_ff.register_file_i/g_rf_flops[7].rf_reg_q_reg[10]/SI     0.12     0.08 f    -0.04 (VIOLATED)
   ibex_top_inst/gen_regfile_ff.register_file_i/g_rf_flops[7].rf_reg_q_reg[11]/SI     0.12     0.08 f    -0.04 (VIOLATED)
   ibex_top_inst/gen_regfile_ff.register_file_i/g_rf_flops[7].rf_reg_q_reg[12]/SI     0.12     0.08 f    -0.04 (VIOLATED)
   ibex_top_inst/gen_regfile_ff.register_file_i/g_rf_flops[7].rf_reg_q_reg[13]/SI     0.12     0.08 f    -0.04 (VIOLATED)
   ibex_top_inst/gen_regfile_ff.register_file_i/g_rf_flops[7].rf_reg_q_reg[14]/SI     0.12     0.08 f    -0.04 (VIOLATED)
   ibex_top_inst/gen_regfile_ff.register_file_i/g_rf_flops[7].rf_reg_q_reg[15]/SI     0.12     0.08 f    -0.04 (VIOLATED)
   ibex_top_inst/gen_regfile_ff.register_file_i/g_rf_flops[7].rf_reg_q_reg[16]/SI     0.12     0.08 f    -0.04 (VIOLATED)
   ibex_top_inst/gen_regfile_ff.register_file_i/g_rf_flops[7].rf_reg_q_reg[17]/SI     0.12     0.08 f    -0.04 (VIOLATED)
   ibex_top_inst/gen_regfile_ff.register_file_i/g_rf_flops[7].rf_reg_q_reg[18]/SI     0.12     0.08 f    -0.04 (VIOLATED)
   ibex_top_inst/gen_regfile_ff.register_file_i/g_rf_flops[7].rf_reg_q_reg[19]/SI     0.12     0.08 f    -0.04 (VIOLATED)
   ibex_top_inst/gen_regfile_ff.register_file_i/g_rf_flops[7].rf_reg_q_reg[20]/SI     0.12     0.08 f    -0.04 (VIOLATED)
   ibex_top_inst/gen_regfile_ff.register_file_i/g_rf_flops[7].rf_reg_q_reg[21]/SI     0.12     0.08 f    -0.04 (VIOLATED)
   ibex_top_inst/gen_regfile_ff.register_file_i/g_rf_flops[7].rf_reg_q_reg[22]/SI     0.12     0.08 f    -0.04 (VIOLATED)
   ibex_top_inst/gen_regfile_ff.register_file_i/g_rf_flops[7].rf_reg_q_reg[23]/SI     0.12     0.08 f    -0.04 (VIOLATED)
   ibex_top_inst/gen_regfile_ff.register_file_i/g_rf_flops[7].rf_reg_q_reg[24]/SI     0.12     0.08 f    -0.04 (VIOLATED)
   ibex_top_inst/gen_regfile_ff.register_file_i/g_rf_flops[7].rf_reg_q_reg[25]/SI     0.12     0.08 f    -0.04 (VIOLATED)
   ibex_top_inst/gen_regfile_ff.register_file_i/g_rf_flops[7].rf_reg_q_reg[26]/SI     0.12     0.08 f    -0.04 (VIOLATED)
   ibex_top_inst/gen_regfile_ff.register_file_i/g_rf_flops[7].rf_reg_q_reg[27]/SI     0.12     0.08 f    -0.04 (VIOLATED)
   ibex_top_inst/gen_regfile_ff.register_file_i/g_rf_flops[7].rf_reg_q_reg[28]/SI     0.12     0.08 f    -0.04 (VIOLATED)
   ibex_top_inst/gen_regfile_ff.register_file_i/g_rf_flops[7].rf_reg_q_reg[29]/SI     0.12     0.08 f    -0.04 (VIOLATED)
   ibex_top_inst/gen_regfile_ff.register_file_i/g_rf_flops[7].rf_reg_q_reg[30]/SI     0.12     0.08 f    -0.04 (VIOLATED)
   ibex_top_inst/gen_regfile_ff.register_file_i/g_rf_flops[7].rf_reg_q_reg[31]/SI     0.12     0.08 f    -0.04 (VIOLATED)
   ibex_top_inst/gen_regfile_ff.register_file_i/g_rf_flops[8].rf_reg_q_reg[1]/SI     0.12     0.08 f    -0.04 (VIOLATED)
   ibex_top_inst/gen_regfile_ff.register_file_i/g_rf_flops[8].rf_reg_q_reg[2]/SI     0.12     0.08 f    -0.04 (VIOLATED)
   ibex_top_inst/gen_regfile_ff.register_file_i/g_rf_flops[8].rf_reg_q_reg[3]/SI     0.12     0.08 f    -0.04 (VIOLATED)
   ibex_top_inst/gen_regfile_ff.register_file_i/g_rf_flops[8].rf_reg_q_reg[4]/SI     0.12     0.08 f    -0.04 (VIOLATED)
   ibex_top_inst/gen_regfile_ff.register_file_i/g_rf_flops[8].rf_reg_q_reg[5]/SI     0.12     0.08 f    -0.04 (VIOLATED)
   ibex_top_inst/gen_regfile_ff.register_file_i/g_rf_flops[8].rf_reg_q_reg[6]/SI     0.12     0.08 f    -0.04 (VIOLATED)
   ibex_top_inst/gen_regfile_ff.register_file_i/g_rf_flops[8].rf_reg_q_reg[7]/SI     0.12     0.08 f    -0.04 (VIOLATED)
   ibex_top_inst/gen_regfile_ff.register_file_i/g_rf_flops[8].rf_reg_q_reg[8]/SI     0.12     0.08 f    -0.04 (VIOLATED)
   ibex_top_inst/gen_regfile_ff.register_file_i/g_rf_flops[8].rf_reg_q_reg[9]/SI     0.12     0.08 f    -0.04 (VIOLATED)
   ibex_top_inst/gen_regfile_ff.register_file_i/g_rf_flops[8].rf_reg_q_reg[10]/SI     0.12     0.08 f    -0.04 (VIOLATED)
   ibex_top_inst/gen_regfile_ff.register_file_i/g_rf_flops[8].rf_reg_q_reg[11]/SI     0.12     0.08 f    -0.04 (VIOLATED)
   ibex_top_inst/gen_regfile_ff.register_file_i/g_rf_flops[8].rf_reg_q_reg[12]/SI     0.12     0.08 f    -0.04 (VIOLATED)
   ibex_top_inst/gen_regfile_ff.register_file_i/g_rf_flops[8].rf_reg_q_reg[13]/SI     0.12     0.08 f    -0.04 (VIOLATED)
   ibex_top_inst/gen_regfile_ff.register_file_i/g_rf_flops[8].rf_reg_q_reg[14]/SI     0.12     0.08 f    -0.04 (VIOLATED)
   ibex_top_inst/gen_regfile_ff.register_file_i/g_rf_flops[8].rf_reg_q_reg[15]/SI     0.12     0.08 f    -0.04 (VIOLATED)
   ibex_top_inst/gen_regfile_ff.register_file_i/g_rf_flops[8].rf_reg_q_reg[16]/SI     0.12     0.08 f    -0.04 (VIOLATED)
   ibex_top_inst/gen_regfile_ff.register_file_i/g_rf_flops[8].rf_reg_q_reg[17]/SI     0.12     0.08 f    -0.04 (VIOLATED)
   ibex_top_inst/gen_regfile_ff.register_file_i/g_rf_flops[8].rf_reg_q_reg[18]/SI     0.12     0.08 f    -0.04 (VIOLATED)
   ibex_top_inst/gen_regfile_ff.register_file_i/g_rf_flops[8].rf_reg_q_reg[19]/SI     0.12     0.08 f    -0.04 (VIOLATED)
   ibex_top_inst/gen_regfile_ff.register_file_i/g_rf_flops[8].rf_reg_q_reg[20]/SI     0.12     0.08 f    -0.04 (VIOLATED)
   ibex_top_inst/gen_regfile_ff.register_file_i/g_rf_flops[8].rf_reg_q_reg[21]/SI     0.12     0.08 f    -0.04 (VIOLATED)
   ibex_top_inst/gen_regfile_ff.register_file_i/g_rf_flops[8].rf_reg_q_reg[22]/SI     0.12     0.08 f    -0.04 (VIOLATED)
   ibex_top_inst/gen_regfile_ff.register_file_i/g_rf_flops[8].rf_reg_q_reg[23]/SI     0.12     0.08 f    -0.04 (VIOLATED)
   ibex_top_inst/gen_regfile_ff.register_file_i/g_rf_flops[8].rf_reg_q_reg[24]/SI     0.12     0.08 f    -0.04 (VIOLATED)
   ibex_top_inst/gen_regfile_ff.register_file_i/g_rf_flops[8].rf_reg_q_reg[25]/SI     0.12     0.08 f    -0.04 (VIOLATED)
   ibex_top_inst/gen_regfile_ff.register_file_i/g_rf_flops[8].rf_reg_q_reg[26]/SI     0.12     0.08 f    -0.04 (VIOLATED)
   ibex_top_inst/gen_regfile_ff.register_file_i/g_rf_flops[8].rf_reg_q_reg[27]/SI     0.12     0.08 f    -0.04 (VIOLATED)
   ibex_top_inst/gen_regfile_ff.register_file_i/g_rf_flops[8].rf_reg_q_reg[28]/SI     0.12     0.08 f    -0.04 (VIOLATED)
   ibex_top_inst/gen_regfile_ff.register_file_i/g_rf_flops[8].rf_reg_q_reg[29]/SI     0.12     0.08 f    -0.04 (VIOLATED)
   ibex_top_inst/gen_regfile_ff.register_file_i/g_rf_flops[8].rf_reg_q_reg[30]/SI     0.12     0.08 f    -0.04 (VIOLATED)
   ibex_top_inst/gen_regfile_ff.register_file_i/g_rf_flops[8].rf_reg_q_reg[31]/SI     0.12     0.08 f    -0.04 (VIOLATED)
   ibex_top_inst/gen_regfile_ff.register_file_i/g_rf_flops[9].rf_reg_q_reg[1]/SI     0.12     0.08 f    -0.04 (VIOLATED)
   ibex_top_inst/gen_regfile_ff.register_file_i/g_rf_flops[9].rf_reg_q_reg[2]/SI     0.12     0.08 f    -0.04 (VIOLATED)
   ibex_top_inst/gen_regfile_ff.register_file_i/g_rf_flops[9].rf_reg_q_reg[3]/SI     0.12     0.08 f    -0.04 (VIOLATED)
   ibex_top_inst/gen_regfile_ff.register_file_i/g_rf_flops[9].rf_reg_q_reg[4]/SI     0.12     0.08 f    -0.04 (VIOLATED)
   ibex_top_inst/gen_regfile_ff.register_file_i/g_rf_flops[9].rf_reg_q_reg[5]/SI     0.12     0.08 f    -0.04 (VIOLATED)
   ibex_top_inst/gen_regfile_ff.register_file_i/g_rf_flops[9].rf_reg_q_reg[6]/SI     0.12     0.08 f    -0.04 (VIOLATED)
   ibex_top_inst/gen_regfile_ff.register_file_i/g_rf_flops[9].rf_reg_q_reg[7]/SI     0.12     0.08 f    -0.04 (VIOLATED)
   ibex_top_inst/gen_regfile_ff.register_file_i/g_rf_flops[9].rf_reg_q_reg[8]/SI     0.12     0.08 f    -0.04 (VIOLATED)
   ibex_top_inst/gen_regfile_ff.register_file_i/g_rf_flops[9].rf_reg_q_reg[9]/SI     0.12     0.08 f    -0.04 (VIOLATED)
   ibex_top_inst/gen_regfile_ff.register_file_i/g_rf_flops[9].rf_reg_q_reg[10]/SI     0.12     0.08 f    -0.04 (VIOLATED)
   ibex_top_inst/gen_regfile_ff.register_file_i/g_rf_flops[9].rf_reg_q_reg[11]/SI     0.12     0.08 f    -0.04 (VIOLATED)
   ibex_top_inst/gen_regfile_ff.register_file_i/g_rf_flops[9].rf_reg_q_reg[12]/SI     0.12     0.08 f    -0.04 (VIOLATED)
   ibex_top_inst/gen_regfile_ff.register_file_i/g_rf_flops[9].rf_reg_q_reg[13]/SI     0.12     0.08 f    -0.04 (VIOLATED)
   ibex_top_inst/gen_regfile_ff.register_file_i/g_rf_flops[9].rf_reg_q_reg[14]/SI     0.12     0.08 f    -0.04 (VIOLATED)
   ibex_top_inst/gen_regfile_ff.register_file_i/g_rf_flops[9].rf_reg_q_reg[15]/SI     0.12     0.08 f    -0.04 (VIOLATED)
   ibex_top_inst/gen_regfile_ff.register_file_i/g_rf_flops[9].rf_reg_q_reg[16]/SI     0.12     0.08 f    -0.04 (VIOLATED)
   ibex_top_inst/gen_regfile_ff.register_file_i/g_rf_flops[9].rf_reg_q_reg[17]/SI     0.12     0.08 f    -0.04 (VIOLATED)
   ibex_top_inst/gen_regfile_ff.register_file_i/g_rf_flops[9].rf_reg_q_reg[18]/SI     0.12     0.08 f    -0.04 (VIOLATED)
   ibex_top_inst/gen_regfile_ff.register_file_i/g_rf_flops[9].rf_reg_q_reg[19]/SI     0.12     0.08 f    -0.04 (VIOLATED)
   ibex_top_inst/gen_regfile_ff.register_file_i/g_rf_flops[9].rf_reg_q_reg[20]/SI     0.12     0.08 f    -0.04 (VIOLATED)
   ibex_top_inst/gen_regfile_ff.register_file_i/g_rf_flops[9].rf_reg_q_reg[21]/SI     0.12     0.08 f    -0.04 (VIOLATED)
   ibex_top_inst/gen_regfile_ff.register_file_i/g_rf_flops[9].rf_reg_q_reg[22]/SI     0.12     0.08 f    -0.04 (VIOLATED)
   ibex_top_inst/gen_regfile_ff.register_file_i/g_rf_flops[9].rf_reg_q_reg[23]/SI     0.12     0.08 f    -0.04 (VIOLATED)
   ibex_top_inst/gen_regfile_ff.register_file_i/g_rf_flops[9].rf_reg_q_reg[24]/SI     0.12     0.08 f    -0.04 (VIOLATED)
   ibex_top_inst/gen_regfile_ff.register_file_i/g_rf_flops[9].rf_reg_q_reg[25]/SI     0.12     0.08 f    -0.04 (VIOLATED)
   ibex_top_inst/gen_regfile_ff.register_file_i/g_rf_flops[9].rf_reg_q_reg[26]/SI     0.12     0.08 f    -0.04 (VIOLATED)
   ibex_top_inst/gen_regfile_ff.register_file_i/g_rf_flops[9].rf_reg_q_reg[27]/SI     0.12     0.08 f    -0.04 (VIOLATED)
   ibex_top_inst/gen_regfile_ff.register_file_i/g_rf_flops[9].rf_reg_q_reg[28]/SI     0.12     0.08 f    -0.04 (VIOLATED)
   ibex_top_inst/gen_regfile_ff.register_file_i/g_rf_flops[9].rf_reg_q_reg[29]/SI     0.12     0.08 f    -0.04 (VIOLATED)
   ibex_top_inst/gen_regfile_ff.register_file_i/g_rf_flops[9].rf_reg_q_reg[30]/SI     0.12     0.08 f    -0.04 (VIOLATED)
   ibex_top_inst/gen_regfile_ff.register_file_i/g_rf_flops[9].rf_reg_q_reg[31]/SI     0.12     0.08 f    -0.04 (VIOLATED)
   ibex_top_inst/gen_regfile_ff.register_file_i/g_rf_flops[10].rf_reg_q_reg[1]/SI     0.12     0.08 f    -0.04 (VIOLATED)
   ibex_top_inst/gen_regfile_ff.register_file_i/g_rf_flops[10].rf_reg_q_reg[2]/SI     0.12     0.08 f    -0.04 (VIOLATED)
   ibex_top_inst/gen_regfile_ff.register_file_i/g_rf_flops[10].rf_reg_q_reg[3]/SI     0.12     0.08 f    -0.04 (VIOLATED)
   ibex_top_inst/gen_regfile_ff.register_file_i/g_rf_flops[10].rf_reg_q_reg[4]/SI     0.12     0.08 f    -0.04 (VIOLATED)
   ibex_top_inst/gen_regfile_ff.register_file_i/g_rf_flops[10].rf_reg_q_reg[5]/SI     0.12     0.08 f    -0.04 (VIOLATED)
   ibex_top_inst/gen_regfile_ff.register_file_i/g_rf_flops[10].rf_reg_q_reg[6]/SI     0.12     0.08 f    -0.04 (VIOLATED)
   ibex_top_inst/gen_regfile_ff.register_file_i/g_rf_flops[10].rf_reg_q_reg[7]/SI     0.12     0.08 f    -0.04 (VIOLATED)
   ibex_top_inst/gen_regfile_ff.register_file_i/g_rf_flops[10].rf_reg_q_reg[8]/SI     0.12     0.08 f    -0.04 (VIOLATED)
   ibex_top_inst/gen_regfile_ff.register_file_i/g_rf_flops[10].rf_reg_q_reg[9]/SI     0.12     0.08 f    -0.04 (VIOLATED)
   ibex_top_inst/gen_regfile_ff.register_file_i/g_rf_flops[10].rf_reg_q_reg[10]/SI     0.12     0.08 f    -0.04 (VIOLATED)
   ibex_top_inst/gen_regfile_ff.register_file_i/g_rf_flops[10].rf_reg_q_reg[11]/SI     0.12     0.08 f    -0.04 (VIOLATED)
   ibex_top_inst/gen_regfile_ff.register_file_i/g_rf_flops[10].rf_reg_q_reg[12]/SI     0.12     0.08 f    -0.04 (VIOLATED)
   ibex_top_inst/gen_regfile_ff.register_file_i/g_rf_flops[10].rf_reg_q_reg[13]/SI     0.12     0.08 f    -0.04 (VIOLATED)
   ibex_top_inst/gen_regfile_ff.register_file_i/g_rf_flops[10].rf_reg_q_reg[14]/SI     0.12     0.08 f    -0.04 (VIOLATED)
   ibex_top_inst/gen_regfile_ff.register_file_i/g_rf_flops[10].rf_reg_q_reg[15]/SI     0.12     0.08 f    -0.04 (VIOLATED)
   ibex_top_inst/gen_regfile_ff.register_file_i/g_rf_flops[10].rf_reg_q_reg[16]/SI     0.12     0.08 f    -0.04 (VIOLATED)
   ibex_top_inst/gen_regfile_ff.register_file_i/g_rf_flops[10].rf_reg_q_reg[17]/SI     0.12     0.08 f    -0.04 (VIOLATED)
   ibex_top_inst/gen_regfile_ff.register_file_i/g_rf_flops[10].rf_reg_q_reg[18]/SI     0.12     0.08 f    -0.04 (VIOLATED)
   ibex_top_inst/gen_regfile_ff.register_file_i/g_rf_flops[10].rf_reg_q_reg[19]/SI     0.12     0.08 f    -0.04 (VIOLATED)
   ibex_top_inst/gen_regfile_ff.register_file_i/g_rf_flops[10].rf_reg_q_reg[20]/SI     0.12     0.08 f    -0.04 (VIOLATED)
   ibex_top_inst/gen_regfile_ff.register_file_i/g_rf_flops[10].rf_reg_q_reg[21]/SI     0.12     0.08 f    -0.04 (VIOLATED)
   ibex_top_inst/gen_regfile_ff.register_file_i/g_rf_flops[10].rf_reg_q_reg[22]/SI     0.12     0.08 f    -0.04 (VIOLATED)
   ibex_top_inst/gen_regfile_ff.register_file_i/g_rf_flops[10].rf_reg_q_reg[23]/SI     0.12     0.08 f    -0.04 (VIOLATED)
   ibex_top_inst/gen_regfile_ff.register_file_i/g_rf_flops[10].rf_reg_q_reg[24]/SI     0.12     0.08 f    -0.04 (VIOLATED)
   ibex_top_inst/gen_regfile_ff.register_file_i/g_rf_flops[10].rf_reg_q_reg[25]/SI     0.12     0.08 f    -0.04 (VIOLATED)
   ibex_top_inst/gen_regfile_ff.register_file_i/g_rf_flops[10].rf_reg_q_reg[26]/SI     0.12     0.08 f    -0.04 (VIOLATED)
   ibex_top_inst/gen_regfile_ff.register_file_i/g_rf_flops[10].rf_reg_q_reg[27]/SI     0.12     0.08 f    -0.04 (VIOLATED)
   ibex_top_inst/gen_regfile_ff.register_file_i/g_rf_flops[10].rf_reg_q_reg[28]/SI     0.12     0.08 f    -0.04 (VIOLATED)
   ibex_top_inst/gen_regfile_ff.register_file_i/g_rf_flops[10].rf_reg_q_reg[29]/SI     0.12     0.08 f    -0.04 (VIOLATED)
   ibex_top_inst/gen_regfile_ff.register_file_i/g_rf_flops[10].rf_reg_q_reg[30]/SI     0.12     0.08 f    -0.04 (VIOLATED)
   ibex_top_inst/gen_regfile_ff.register_file_i/g_rf_flops[10].rf_reg_q_reg[31]/SI     0.12     0.08 f    -0.04 (VIOLATED)
   ibex_top_inst/gen_regfile_ff.register_file_i/g_rf_flops[11].rf_reg_q_reg[1]/SI     0.12     0.08 f    -0.04 (VIOLATED)
   ibex_top_inst/gen_regfile_ff.register_file_i/g_rf_flops[11].rf_reg_q_reg[2]/SI     0.12     0.08 f    -0.04 (VIOLATED)
   ibex_top_inst/gen_regfile_ff.register_file_i/g_rf_flops[11].rf_reg_q_reg[3]/SI     0.12     0.08 f    -0.04 (VIOLATED)
   ibex_top_inst/gen_regfile_ff.register_file_i/g_rf_flops[11].rf_reg_q_reg[4]/SI     0.12     0.08 f    -0.04 (VIOLATED)
   ibex_top_inst/gen_regfile_ff.register_file_i/g_rf_flops[11].rf_reg_q_reg[5]/SI     0.12     0.08 f    -0.04 (VIOLATED)
   ibex_top_inst/gen_regfile_ff.register_file_i/g_rf_flops[11].rf_reg_q_reg[6]/SI     0.12     0.08 f    -0.04 (VIOLATED)
   ibex_top_inst/gen_regfile_ff.register_file_i/g_rf_flops[11].rf_reg_q_reg[7]/SI     0.12     0.08 f    -0.04 (VIOLATED)
   ibex_top_inst/gen_regfile_ff.register_file_i/g_rf_flops[11].rf_reg_q_reg[8]/SI     0.12     0.08 f    -0.04 (VIOLATED)
   ibex_top_inst/gen_regfile_ff.register_file_i/g_rf_flops[11].rf_reg_q_reg[9]/SI     0.12     0.08 f    -0.04 (VIOLATED)
   ibex_top_inst/gen_regfile_ff.register_file_i/g_rf_flops[11].rf_reg_q_reg[10]/SI     0.12     0.08 f    -0.04 (VIOLATED)
   ibex_top_inst/gen_regfile_ff.register_file_i/g_rf_flops[11].rf_reg_q_reg[11]/SI     0.12     0.08 f    -0.04 (VIOLATED)
   ibex_top_inst/gen_regfile_ff.register_file_i/g_rf_flops[11].rf_reg_q_reg[12]/SI     0.12     0.08 f    -0.04 (VIOLATED)
   ibex_top_inst/gen_regfile_ff.register_file_i/g_rf_flops[11].rf_reg_q_reg[13]/SI     0.12     0.08 f    -0.04 (VIOLATED)
   ibex_top_inst/gen_regfile_ff.register_file_i/g_rf_flops[11].rf_reg_q_reg[14]/SI     0.12     0.08 f    -0.04 (VIOLATED)
   ibex_top_inst/gen_regfile_ff.register_file_i/g_rf_flops[11].rf_reg_q_reg[15]/SI     0.12     0.08 f    -0.04 (VIOLATED)
   ibex_top_inst/gen_regfile_ff.register_file_i/g_rf_flops[11].rf_reg_q_reg[16]/SI     0.12     0.08 f    -0.04 (VIOLATED)
   ibex_top_inst/gen_regfile_ff.register_file_i/g_rf_flops[11].rf_reg_q_reg[17]/SI     0.12     0.08 f    -0.04 (VIOLATED)
   ibex_top_inst/gen_regfile_ff.register_file_i/g_rf_flops[11].rf_reg_q_reg[18]/SI     0.12     0.08 f    -0.04 (VIOLATED)
   ibex_top_inst/gen_regfile_ff.register_file_i/g_rf_flops[11].rf_reg_q_reg[19]/SI     0.12     0.08 f    -0.04 (VIOLATED)
   ibex_top_inst/gen_regfile_ff.register_file_i/g_rf_flops[11].rf_reg_q_reg[20]/SI     0.12     0.08 f    -0.04 (VIOLATED)
   ibex_top_inst/gen_regfile_ff.register_file_i/g_rf_flops[11].rf_reg_q_reg[21]/SI     0.12     0.08 f    -0.04 (VIOLATED)
   ibex_top_inst/gen_regfile_ff.register_file_i/g_rf_flops[11].rf_reg_q_reg[22]/SI     0.12     0.08 f    -0.04 (VIOLATED)
   ibex_top_inst/gen_regfile_ff.register_file_i/g_rf_flops[11].rf_reg_q_reg[23]/SI     0.12     0.08 f    -0.04 (VIOLATED)
   ibex_top_inst/gen_regfile_ff.register_file_i/g_rf_flops[11].rf_reg_q_reg[24]/SI     0.12     0.08 f    -0.04 (VIOLATED)
   ibex_top_inst/gen_regfile_ff.register_file_i/g_rf_flops[11].rf_reg_q_reg[25]/SI     0.12     0.08 f    -0.04 (VIOLATED)
   ibex_top_inst/gen_regfile_ff.register_file_i/g_rf_flops[11].rf_reg_q_reg[26]/SI     0.12     0.08 f    -0.04 (VIOLATED)
   ibex_top_inst/gen_regfile_ff.register_file_i/g_rf_flops[11].rf_reg_q_reg[27]/SI     0.12     0.08 f    -0.04 (VIOLATED)
   ibex_top_inst/gen_regfile_ff.register_file_i/g_rf_flops[11].rf_reg_q_reg[28]/SI     0.12     0.08 f    -0.04 (VIOLATED)
   ibex_top_inst/gen_regfile_ff.register_file_i/g_rf_flops[11].rf_reg_q_reg[29]/SI     0.12     0.08 f    -0.04 (VIOLATED)
   ibex_top_inst/gen_regfile_ff.register_file_i/g_rf_flops[11].rf_reg_q_reg[30]/SI     0.12     0.08 f    -0.04 (VIOLATED)
   ibex_top_inst/gen_regfile_ff.register_file_i/g_rf_flops[11].rf_reg_q_reg[31]/SI     0.12     0.08 f    -0.04 (VIOLATED)
   ibex_top_inst/gen_regfile_ff.register_file_i/g_rf_flops[12].rf_reg_q_reg[1]/SI     0.12     0.08 f    -0.04 (VIOLATED)
   ibex_top_inst/gen_regfile_ff.register_file_i/g_rf_flops[12].rf_reg_q_reg[2]/SI     0.12     0.08 f    -0.04 (VIOLATED)
   ibex_top_inst/gen_regfile_ff.register_file_i/g_rf_flops[12].rf_reg_q_reg[3]/SI     0.12     0.08 f    -0.04 (VIOLATED)
   ibex_top_inst/gen_regfile_ff.register_file_i/g_rf_flops[12].rf_reg_q_reg[4]/SI     0.12     0.08 f    -0.04 (VIOLATED)
   ibex_top_inst/gen_regfile_ff.register_file_i/g_rf_flops[12].rf_reg_q_reg[5]/SI     0.12     0.08 f    -0.04 (VIOLATED)
   ibex_top_inst/gen_regfile_ff.register_file_i/g_rf_flops[12].rf_reg_q_reg[6]/SI     0.12     0.08 f    -0.04 (VIOLATED)
   ibex_top_inst/gen_regfile_ff.register_file_i/g_rf_flops[12].rf_reg_q_reg[7]/SI     0.12     0.08 f    -0.04 (VIOLATED)
   ibex_top_inst/gen_regfile_ff.register_file_i/g_rf_flops[12].rf_reg_q_reg[8]/SI     0.12     0.08 f    -0.04 (VIOLATED)
   ibex_top_inst/gen_regfile_ff.register_file_i/g_rf_flops[12].rf_reg_q_reg[9]/SI     0.12     0.08 f    -0.04 (VIOLATED)
   ibex_top_inst/gen_regfile_ff.register_file_i/g_rf_flops[12].rf_reg_q_reg[10]/SI     0.12     0.08 f    -0.04 (VIOLATED)
   ibex_top_inst/gen_regfile_ff.register_file_i/g_rf_flops[12].rf_reg_q_reg[11]/SI     0.12     0.08 f    -0.04 (VIOLATED)
   ibex_top_inst/gen_regfile_ff.register_file_i/g_rf_flops[12].rf_reg_q_reg[12]/SI     0.12     0.08 f    -0.04 (VIOLATED)
   ibex_top_inst/gen_regfile_ff.register_file_i/g_rf_flops[12].rf_reg_q_reg[13]/SI     0.12     0.08 f    -0.04 (VIOLATED)
   ibex_top_inst/gen_regfile_ff.register_file_i/g_rf_flops[12].rf_reg_q_reg[14]/SI     0.12     0.08 f    -0.04 (VIOLATED)
   ibex_top_inst/gen_regfile_ff.register_file_i/g_rf_flops[12].rf_reg_q_reg[15]/SI     0.12     0.08 f    -0.04 (VIOLATED)
   ibex_top_inst/gen_regfile_ff.register_file_i/g_rf_flops[12].rf_reg_q_reg[16]/SI     0.12     0.08 f    -0.04 (VIOLATED)
   ibex_top_inst/gen_regfile_ff.register_file_i/g_rf_flops[12].rf_reg_q_reg[17]/SI     0.12     0.08 f    -0.04 (VIOLATED)
   ibex_top_inst/gen_regfile_ff.register_file_i/g_rf_flops[12].rf_reg_q_reg[18]/SI     0.12     0.08 f    -0.04 (VIOLATED)
   ibex_top_inst/gen_regfile_ff.register_file_i/g_rf_flops[12].rf_reg_q_reg[19]/SI     0.12     0.08 f    -0.04 (VIOLATED)
   ibex_top_inst/gen_regfile_ff.register_file_i/g_rf_flops[12].rf_reg_q_reg[20]/SI     0.12     0.08 f    -0.04 (VIOLATED)
   ibex_top_inst/gen_regfile_ff.register_file_i/g_rf_flops[12].rf_reg_q_reg[21]/SI     0.12     0.08 f    -0.04 (VIOLATED)
   ibex_top_inst/gen_regfile_ff.register_file_i/g_rf_flops[12].rf_reg_q_reg[22]/SI     0.12     0.08 f    -0.04 (VIOLATED)
   ibex_top_inst/gen_regfile_ff.register_file_i/g_rf_flops[12].rf_reg_q_reg[23]/SI     0.12     0.08 f    -0.04 (VIOLATED)
   ibex_top_inst/gen_regfile_ff.register_file_i/g_rf_flops[12].rf_reg_q_reg[24]/SI     0.12     0.08 f    -0.04 (VIOLATED)
   ibex_top_inst/gen_regfile_ff.register_file_i/g_rf_flops[12].rf_reg_q_reg[25]/SI     0.12     0.08 f    -0.04 (VIOLATED)
   ibex_top_inst/gen_regfile_ff.register_file_i/g_rf_flops[12].rf_reg_q_reg[26]/SI     0.12     0.08 f    -0.04 (VIOLATED)
   ibex_top_inst/gen_regfile_ff.register_file_i/g_rf_flops[12].rf_reg_q_reg[27]/SI     0.12     0.08 f    -0.04 (VIOLATED)
   ibex_top_inst/gen_regfile_ff.register_file_i/g_rf_flops[12].rf_reg_q_reg[28]/SI     0.12     0.08 f    -0.04 (VIOLATED)
   ibex_top_inst/gen_regfile_ff.register_file_i/g_rf_flops[12].rf_reg_q_reg[29]/SI     0.12     0.08 f    -0.04 (VIOLATED)
   ibex_top_inst/gen_regfile_ff.register_file_i/g_rf_flops[12].rf_reg_q_reg[30]/SI     0.12     0.08 f    -0.04 (VIOLATED)
   ibex_top_inst/gen_regfile_ff.register_file_i/g_rf_flops[12].rf_reg_q_reg[31]/SI     0.12     0.08 f    -0.04 (VIOLATED)
   ibex_top_inst/gen_regfile_ff.register_file_i/g_rf_flops[13].rf_reg_q_reg[1]/SI     0.12     0.08 f    -0.04 (VIOLATED)
   ibex_top_inst/gen_regfile_ff.register_file_i/g_rf_flops[13].rf_reg_q_reg[2]/SI     0.12     0.08 f    -0.04 (VIOLATED)
   ibex_top_inst/gen_regfile_ff.register_file_i/g_rf_flops[13].rf_reg_q_reg[3]/SI     0.12     0.08 f    -0.04 (VIOLATED)
   ibex_top_inst/gen_regfile_ff.register_file_i/g_rf_flops[13].rf_reg_q_reg[4]/SI     0.12     0.08 f    -0.04 (VIOLATED)
   ibex_top_inst/gen_regfile_ff.register_file_i/g_rf_flops[13].rf_reg_q_reg[5]/SI     0.12     0.08 f    -0.04 (VIOLATED)
   ibex_top_inst/gen_regfile_ff.register_file_i/g_rf_flops[13].rf_reg_q_reg[6]/SI     0.12     0.08 f    -0.04 (VIOLATED)
   ibex_top_inst/gen_regfile_ff.register_file_i/g_rf_flops[13].rf_reg_q_reg[7]/SI     0.12     0.08 f    -0.04 (VIOLATED)
   ibex_top_inst/gen_regfile_ff.register_file_i/g_rf_flops[13].rf_reg_q_reg[8]/SI     0.12     0.08 f    -0.04 (VIOLATED)
   ibex_top_inst/gen_regfile_ff.register_file_i/g_rf_flops[13].rf_reg_q_reg[9]/SI     0.12     0.08 f    -0.04 (VIOLATED)
   ibex_top_inst/gen_regfile_ff.register_file_i/g_rf_flops[13].rf_reg_q_reg[10]/SI     0.12     0.08 f    -0.04 (VIOLATED)
   ibex_top_inst/gen_regfile_ff.register_file_i/g_rf_flops[13].rf_reg_q_reg[11]/SI     0.12     0.08 f    -0.04 (VIOLATED)
   ibex_top_inst/gen_regfile_ff.register_file_i/g_rf_flops[13].rf_reg_q_reg[12]/SI     0.12     0.08 f    -0.04 (VIOLATED)
   ibex_top_inst/gen_regfile_ff.register_file_i/g_rf_flops[13].rf_reg_q_reg[13]/SI     0.12     0.08 f    -0.04 (VIOLATED)
   ibex_top_inst/gen_regfile_ff.register_file_i/g_rf_flops[13].rf_reg_q_reg[14]/SI     0.12     0.08 f    -0.04 (VIOLATED)
   ibex_top_inst/gen_regfile_ff.register_file_i/g_rf_flops[13].rf_reg_q_reg[15]/SI     0.12     0.08 f    -0.04 (VIOLATED)
   ibex_top_inst/gen_regfile_ff.register_file_i/g_rf_flops[13].rf_reg_q_reg[16]/SI     0.12     0.08 f    -0.04 (VIOLATED)
   ibex_top_inst/gen_regfile_ff.register_file_i/g_rf_flops[13].rf_reg_q_reg[17]/SI     0.12     0.08 f    -0.04 (VIOLATED)
   ibex_top_inst/gen_regfile_ff.register_file_i/g_rf_flops[13].rf_reg_q_reg[18]/SI     0.12     0.08 f    -0.04 (VIOLATED)
   ibex_top_inst/gen_regfile_ff.register_file_i/g_rf_flops[13].rf_reg_q_reg[19]/SI     0.12     0.08 f    -0.04 (VIOLATED)
   ibex_top_inst/gen_regfile_ff.register_file_i/g_rf_flops[13].rf_reg_q_reg[20]/SI     0.12     0.08 f    -0.04 (VIOLATED)
   ibex_top_inst/gen_regfile_ff.register_file_i/g_rf_flops[13].rf_reg_q_reg[21]/SI     0.12     0.08 f    -0.04 (VIOLATED)
   ibex_top_inst/gen_regfile_ff.register_file_i/g_rf_flops[13].rf_reg_q_reg[22]/SI     0.12     0.08 f    -0.04 (VIOLATED)
   ibex_top_inst/gen_regfile_ff.register_file_i/g_rf_flops[13].rf_reg_q_reg[23]/SI     0.12     0.08 f    -0.04 (VIOLATED)
   ibex_top_inst/gen_regfile_ff.register_file_i/g_rf_flops[13].rf_reg_q_reg[24]/SI     0.12     0.08 f    -0.04 (VIOLATED)
   ibex_top_inst/gen_regfile_ff.register_file_i/g_rf_flops[13].rf_reg_q_reg[25]/SI     0.12     0.08 f    -0.04 (VIOLATED)
   ibex_top_inst/gen_regfile_ff.register_file_i/g_rf_flops[13].rf_reg_q_reg[26]/SI     0.12     0.08 f    -0.04 (VIOLATED)
   ibex_top_inst/gen_regfile_ff.register_file_i/g_rf_flops[13].rf_reg_q_reg[27]/SI     0.12     0.08 f    -0.04 (VIOLATED)
   ibex_top_inst/gen_regfile_ff.register_file_i/g_rf_flops[13].rf_reg_q_reg[28]/SI     0.12     0.08 f    -0.04 (VIOLATED)
   ibex_top_inst/gen_regfile_ff.register_file_i/g_rf_flops[13].rf_reg_q_reg[29]/SI     0.12     0.08 f    -0.04 (VIOLATED)
   ibex_top_inst/gen_regfile_ff.register_file_i/g_rf_flops[13].rf_reg_q_reg[30]/SI     0.12     0.08 f    -0.04 (VIOLATED)
   ibex_top_inst/gen_regfile_ff.register_file_i/g_rf_flops[13].rf_reg_q_reg[31]/SI     0.12     0.08 f    -0.04 (VIOLATED)
   ibex_top_inst/gen_regfile_ff.register_file_i/g_rf_flops[14].rf_reg_q_reg[1]/SI     0.12     0.08 f    -0.04 (VIOLATED)
   ibex_top_inst/gen_regfile_ff.register_file_i/g_rf_flops[14].rf_reg_q_reg[2]/SI     0.12     0.08 f    -0.04 (VIOLATED)
   ibex_top_inst/gen_regfile_ff.register_file_i/g_rf_flops[14].rf_reg_q_reg[3]/SI     0.12     0.08 f    -0.04 (VIOLATED)
   ibex_top_inst/gen_regfile_ff.register_file_i/g_rf_flops[14].rf_reg_q_reg[4]/SI     0.12     0.08 f    -0.04 (VIOLATED)
   ibex_top_inst/gen_regfile_ff.register_file_i/g_rf_flops[14].rf_reg_q_reg[5]/SI     0.12     0.08 f    -0.04 (VIOLATED)
   ibex_top_inst/gen_regfile_ff.register_file_i/g_rf_flops[14].rf_reg_q_reg[6]/SI     0.12     0.08 f    -0.04 (VIOLATED)
   ibex_top_inst/gen_regfile_ff.register_file_i/g_rf_flops[14].rf_reg_q_reg[7]/SI     0.12     0.08 f    -0.04 (VIOLATED)
   ibex_top_inst/gen_regfile_ff.register_file_i/g_rf_flops[14].rf_reg_q_reg[8]/SI     0.12     0.08 f    -0.04 (VIOLATED)
   ibex_top_inst/gen_regfile_ff.register_file_i/g_rf_flops[14].rf_reg_q_reg[9]/SI     0.12     0.08 f    -0.04 (VIOLATED)
   ibex_top_inst/gen_regfile_ff.register_file_i/g_rf_flops[14].rf_reg_q_reg[10]/SI     0.12     0.08 f    -0.04 (VIOLATED)
   ibex_top_inst/gen_regfile_ff.register_file_i/g_rf_flops[14].rf_reg_q_reg[11]/SI     0.12     0.08 f    -0.04 (VIOLATED)
   ibex_top_inst/gen_regfile_ff.register_file_i/g_rf_flops[14].rf_reg_q_reg[12]/SI     0.12     0.08 f    -0.04 (VIOLATED)
   ibex_top_inst/gen_regfile_ff.register_file_i/g_rf_flops[14].rf_reg_q_reg[13]/SI     0.12     0.08 f    -0.04 (VIOLATED)
   ibex_top_inst/gen_regfile_ff.register_file_i/g_rf_flops[14].rf_reg_q_reg[14]/SI     0.12     0.08 f    -0.04 (VIOLATED)
   ibex_top_inst/gen_regfile_ff.register_file_i/g_rf_flops[14].rf_reg_q_reg[15]/SI     0.12     0.08 f    -0.04 (VIOLATED)
   ibex_top_inst/gen_regfile_ff.register_file_i/g_rf_flops[14].rf_reg_q_reg[16]/SI     0.12     0.08 f    -0.04 (VIOLATED)
   ibex_top_inst/gen_regfile_ff.register_file_i/g_rf_flops[14].rf_reg_q_reg[17]/SI     0.12     0.08 f    -0.04 (VIOLATED)
   ibex_top_inst/gen_regfile_ff.register_file_i/g_rf_flops[14].rf_reg_q_reg[18]/SI     0.12     0.08 f    -0.04 (VIOLATED)
   ibex_top_inst/gen_regfile_ff.register_file_i/g_rf_flops[14].rf_reg_q_reg[19]/SI     0.12     0.08 f    -0.04 (VIOLATED)
   ibex_top_inst/gen_regfile_ff.register_file_i/g_rf_flops[14].rf_reg_q_reg[20]/SI     0.12     0.08 f    -0.04 (VIOLATED)
   ibex_top_inst/gen_regfile_ff.register_file_i/g_rf_flops[14].rf_reg_q_reg[21]/SI     0.12     0.08 f    -0.04 (VIOLATED)
   ibex_top_inst/gen_regfile_ff.register_file_i/g_rf_flops[14].rf_reg_q_reg[22]/SI     0.12     0.08 f    -0.04 (VIOLATED)
   ibex_top_inst/gen_regfile_ff.register_file_i/g_rf_flops[14].rf_reg_q_reg[23]/SI     0.12     0.08 f    -0.04 (VIOLATED)
   ibex_top_inst/gen_regfile_ff.register_file_i/g_rf_flops[14].rf_reg_q_reg[24]/SI     0.12     0.08 f    -0.04 (VIOLATED)
   ibex_top_inst/gen_regfile_ff.register_file_i/g_rf_flops[14].rf_reg_q_reg[25]/SI     0.12     0.08 f    -0.04 (VIOLATED)
   ibex_top_inst/gen_regfile_ff.register_file_i/g_rf_flops[14].rf_reg_q_reg[26]/SI     0.12     0.08 f    -0.04 (VIOLATED)
   ibex_top_inst/gen_regfile_ff.register_file_i/g_rf_flops[14].rf_reg_q_reg[27]/SI     0.12     0.08 f    -0.04 (VIOLATED)
   ibex_top_inst/gen_regfile_ff.register_file_i/g_rf_flops[14].rf_reg_q_reg[28]/SI     0.12     0.08 f    -0.04 (VIOLATED)
   ibex_top_inst/gen_regfile_ff.register_file_i/g_rf_flops[14].rf_reg_q_reg[29]/SI     0.12     0.08 f    -0.04 (VIOLATED)
   ibex_top_inst/gen_regfile_ff.register_file_i/g_rf_flops[14].rf_reg_q_reg[30]/SI     0.12     0.08 f    -0.04 (VIOLATED)
   ibex_top_inst/gen_regfile_ff.register_file_i/g_rf_flops[14].rf_reg_q_reg[31]/SI     0.12     0.08 f    -0.04 (VIOLATED)
   ibex_top_inst/gen_regfile_ff.register_file_i/g_rf_flops[15].rf_reg_q_reg[1]/SI     0.12     0.08 f    -0.04 (VIOLATED)
   ibex_top_inst/gen_regfile_ff.register_file_i/g_rf_flops[15].rf_reg_q_reg[2]/SI     0.12     0.08 f    -0.04 (VIOLATED)
   ibex_top_inst/gen_regfile_ff.register_file_i/g_rf_flops[15].rf_reg_q_reg[3]/SI     0.12     0.08 f    -0.04 (VIOLATED)
   ibex_top_inst/gen_regfile_ff.register_file_i/g_rf_flops[15].rf_reg_q_reg[4]/SI     0.12     0.08 f    -0.04 (VIOLATED)
   ibex_top_inst/gen_regfile_ff.register_file_i/g_rf_flops[15].rf_reg_q_reg[5]/SI     0.12     0.08 f    -0.04 (VIOLATED)
   ibex_top_inst/gen_regfile_ff.register_file_i/g_rf_flops[15].rf_reg_q_reg[6]/SI     0.12     0.08 f    -0.04 (VIOLATED)
   ibex_top_inst/gen_regfile_ff.register_file_i/g_rf_flops[15].rf_reg_q_reg[7]/SI     0.12     0.08 f    -0.04 (VIOLATED)
   ibex_top_inst/gen_regfile_ff.register_file_i/g_rf_flops[15].rf_reg_q_reg[8]/SI     0.12     0.08 f    -0.04 (VIOLATED)
   ibex_top_inst/gen_regfile_ff.register_file_i/g_rf_flops[15].rf_reg_q_reg[9]/SI     0.12     0.08 f    -0.04 (VIOLATED)
   ibex_top_inst/gen_regfile_ff.register_file_i/g_rf_flops[15].rf_reg_q_reg[10]/SI     0.12     0.08 f    -0.04 (VIOLATED)
   ibex_top_inst/gen_regfile_ff.register_file_i/g_rf_flops[15].rf_reg_q_reg[11]/SI     0.12     0.08 f    -0.04 (VIOLATED)
   ibex_top_inst/gen_regfile_ff.register_file_i/g_rf_flops[15].rf_reg_q_reg[12]/SI     0.12     0.08 f    -0.04 (VIOLATED)
   ibex_top_inst/gen_regfile_ff.register_file_i/g_rf_flops[15].rf_reg_q_reg[13]/SI     0.12     0.08 f    -0.04 (VIOLATED)
   ibex_top_inst/gen_regfile_ff.register_file_i/g_rf_flops[15].rf_reg_q_reg[14]/SI     0.12     0.08 f    -0.04 (VIOLATED)
   ibex_top_inst/gen_regfile_ff.register_file_i/g_rf_flops[15].rf_reg_q_reg[15]/SI     0.12     0.08 f    -0.04 (VIOLATED)
   ibex_top_inst/gen_regfile_ff.register_file_i/g_rf_flops[15].rf_reg_q_reg[16]/SI     0.12     0.08 f    -0.04 (VIOLATED)
   ibex_top_inst/gen_regfile_ff.register_file_i/g_rf_flops[15].rf_reg_q_reg[17]/SI     0.12     0.08 f    -0.04 (VIOLATED)
   ibex_top_inst/gen_regfile_ff.register_file_i/g_rf_flops[15].rf_reg_q_reg[18]/SI     0.12     0.08 f    -0.04 (VIOLATED)
   ibex_top_inst/gen_regfile_ff.register_file_i/g_rf_flops[15].rf_reg_q_reg[19]/SI     0.12     0.08 f    -0.04 (VIOLATED)
   ibex_top_inst/gen_regfile_ff.register_file_i/g_rf_flops[15].rf_reg_q_reg[20]/SI     0.12     0.08 f    -0.04 (VIOLATED)
   ibex_top_inst/gen_regfile_ff.register_file_i/g_rf_flops[15].rf_reg_q_reg[21]/SI     0.12     0.08 f    -0.04 (VIOLATED)
   ibex_top_inst/gen_regfile_ff.register_file_i/g_rf_flops[15].rf_reg_q_reg[22]/SI     0.12     0.08 f    -0.04 (VIOLATED)
   ibex_top_inst/gen_regfile_ff.register_file_i/g_rf_flops[15].rf_reg_q_reg[23]/SI     0.12     0.08 f    -0.04 (VIOLATED)
   ibex_top_inst/gen_regfile_ff.register_file_i/g_rf_flops[15].rf_reg_q_reg[24]/SI     0.12     0.08 f    -0.04 (VIOLATED)
   ibex_top_inst/gen_regfile_ff.register_file_i/g_rf_flops[15].rf_reg_q_reg[25]/SI     0.12     0.08 f    -0.04 (VIOLATED)
   ibex_top_inst/gen_regfile_ff.register_file_i/g_rf_flops[15].rf_reg_q_reg[26]/SI     0.12     0.08 f    -0.04 (VIOLATED)
   ibex_top_inst/gen_regfile_ff.register_file_i/g_rf_flops[15].rf_reg_q_reg[27]/SI     0.12     0.08 f    -0.04 (VIOLATED)
   ibex_top_inst/gen_regfile_ff.register_file_i/g_rf_flops[15].rf_reg_q_reg[28]/SI     0.12     0.08 f    -0.04 (VIOLATED)
   ibex_top_inst/gen_regfile_ff.register_file_i/g_rf_flops[15].rf_reg_q_reg[29]/SI     0.12     0.08 f    -0.04 (VIOLATED)
   ibex_top_inst/gen_regfile_ff.register_file_i/g_rf_flops[15].rf_reg_q_reg[30]/SI     0.12     0.08 f    -0.04 (VIOLATED)
   ibex_top_inst/gen_regfile_ff.register_file_i/g_rf_flops[15].rf_reg_q_reg[31]/SI     0.12     0.08 f    -0.04 (VIOLATED)
   ibex_top_inst/gen_regfile_ff.register_file_i/g_rf_flops[16].rf_reg_q_reg[1]/SI     0.12     0.08 f    -0.04 (VIOLATED)
   ibex_top_inst/gen_regfile_ff.register_file_i/g_rf_flops[16].rf_reg_q_reg[2]/SI     0.12     0.08 f    -0.04 (VIOLATED)
   ibex_top_inst/gen_regfile_ff.register_file_i/g_rf_flops[16].rf_reg_q_reg[3]/SI     0.12     0.08 f    -0.04 (VIOLATED)
   ibex_top_inst/gen_regfile_ff.register_file_i/g_rf_flops[16].rf_reg_q_reg[4]/SI     0.12     0.08 f    -0.04 (VIOLATED)
   ibex_top_inst/gen_regfile_ff.register_file_i/g_rf_flops[16].rf_reg_q_reg[5]/SI     0.12     0.08 f    -0.04 (VIOLATED)
   ibex_top_inst/gen_regfile_ff.register_file_i/g_rf_flops[16].rf_reg_q_reg[6]/SI     0.12     0.08 f    -0.04 (VIOLATED)
   ibex_top_inst/gen_regfile_ff.register_file_i/g_rf_flops[16].rf_reg_q_reg[7]/SI     0.12     0.08 f    -0.04 (VIOLATED)
   ibex_top_inst/gen_regfile_ff.register_file_i/g_rf_flops[16].rf_reg_q_reg[8]/SI     0.12     0.08 f    -0.04 (VIOLATED)
   ibex_top_inst/gen_regfile_ff.register_file_i/g_rf_flops[16].rf_reg_q_reg[9]/SI     0.12     0.08 f    -0.04 (VIOLATED)
   ibex_top_inst/gen_regfile_ff.register_file_i/g_rf_flops[16].rf_reg_q_reg[10]/SI     0.12     0.08 f    -0.04 (VIOLATED)
   ibex_top_inst/gen_regfile_ff.register_file_i/g_rf_flops[16].rf_reg_q_reg[11]/SI     0.12     0.08 f    -0.04 (VIOLATED)
   ibex_top_inst/gen_regfile_ff.register_file_i/g_rf_flops[16].rf_reg_q_reg[12]/SI     0.12     0.08 f    -0.04 (VIOLATED)
   ibex_top_inst/gen_regfile_ff.register_file_i/g_rf_flops[16].rf_reg_q_reg[13]/SI     0.12     0.08 f    -0.04 (VIOLATED)
   ibex_top_inst/gen_regfile_ff.register_file_i/g_rf_flops[16].rf_reg_q_reg[14]/SI     0.12     0.08 f    -0.04 (VIOLATED)
   ibex_top_inst/gen_regfile_ff.register_file_i/g_rf_flops[16].rf_reg_q_reg[15]/SI     0.12     0.08 f    -0.04 (VIOLATED)
   ibex_top_inst/gen_regfile_ff.register_file_i/g_rf_flops[16].rf_reg_q_reg[16]/SI     0.12     0.08 f    -0.04 (VIOLATED)
   ibex_top_inst/gen_regfile_ff.register_file_i/g_rf_flops[16].rf_reg_q_reg[17]/SI     0.12     0.08 f    -0.04 (VIOLATED)
   ibex_top_inst/gen_regfile_ff.register_file_i/g_rf_flops[16].rf_reg_q_reg[18]/SI     0.12     0.08 f    -0.04 (VIOLATED)
   ibex_top_inst/gen_regfile_ff.register_file_i/g_rf_flops[16].rf_reg_q_reg[19]/SI     0.12     0.08 f    -0.04 (VIOLATED)
   ibex_top_inst/gen_regfile_ff.register_file_i/g_rf_flops[16].rf_reg_q_reg[20]/SI     0.12     0.08 f    -0.04 (VIOLATED)
   ibex_top_inst/gen_regfile_ff.register_file_i/g_rf_flops[16].rf_reg_q_reg[21]/SI     0.12     0.08 f    -0.04 (VIOLATED)
   ibex_top_inst/gen_regfile_ff.register_file_i/g_rf_flops[16].rf_reg_q_reg[22]/SI     0.12     0.08 f    -0.04 (VIOLATED)
   ibex_top_inst/gen_regfile_ff.register_file_i/g_rf_flops[16].rf_reg_q_reg[23]/SI     0.12     0.08 f    -0.04 (VIOLATED)
   ibex_top_inst/gen_regfile_ff.register_file_i/g_rf_flops[16].rf_reg_q_reg[25]/SI     0.12     0.08 f    -0.04 (VIOLATED)
   ibex_top_inst/gen_regfile_ff.register_file_i/g_rf_flops[16].rf_reg_q_reg[26]/SI     0.12     0.08 f    -0.04 (VIOLATED)
   ibex_top_inst/gen_regfile_ff.register_file_i/g_rf_flops[16].rf_reg_q_reg[27]/SI     0.12     0.08 f    -0.04 (VIOLATED)
   ibex_top_inst/gen_regfile_ff.register_file_i/g_rf_flops[16].rf_reg_q_reg[28]/SI     0.12     0.08 f    -0.04 (VIOLATED)
   ibex_top_inst/gen_regfile_ff.register_file_i/g_rf_flops[16].rf_reg_q_reg[29]/SI     0.12     0.08 f    -0.04 (VIOLATED)
   ibex_top_inst/gen_regfile_ff.register_file_i/g_rf_flops[16].rf_reg_q_reg[30]/SI     0.12     0.08 f    -0.04 (VIOLATED)
   ibex_top_inst/gen_regfile_ff.register_file_i/g_rf_flops[16].rf_reg_q_reg[31]/SI     0.12     0.08 f    -0.04 (VIOLATED)
   ibex_top_inst/gen_regfile_ff.register_file_i/g_rf_flops[17].rf_reg_q_reg[1]/SI     0.12     0.08 f    -0.04 (VIOLATED)
   ibex_top_inst/gen_regfile_ff.register_file_i/g_rf_flops[17].rf_reg_q_reg[2]/SI     0.12     0.08 f    -0.04 (VIOLATED)
   ibex_top_inst/gen_regfile_ff.register_file_i/g_rf_flops[17].rf_reg_q_reg[3]/SI     0.12     0.08 f    -0.04 (VIOLATED)
   ibex_top_inst/gen_regfile_ff.register_file_i/g_rf_flops[17].rf_reg_q_reg[4]/SI     0.12     0.08 f    -0.04 (VIOLATED)
   ibex_top_inst/gen_regfile_ff.register_file_i/g_rf_flops[17].rf_reg_q_reg[5]/SI     0.12     0.08 f    -0.04 (VIOLATED)
   ibex_top_inst/gen_regfile_ff.register_file_i/g_rf_flops[17].rf_reg_q_reg[6]/SI     0.12     0.08 f    -0.04 (VIOLATED)
   ibex_top_inst/gen_regfile_ff.register_file_i/g_rf_flops[17].rf_reg_q_reg[7]/SI     0.12     0.08 f    -0.04 (VIOLATED)
   ibex_top_inst/gen_regfile_ff.register_file_i/g_rf_flops[17].rf_reg_q_reg[8]/SI     0.12     0.08 f    -0.04 (VIOLATED)
   ibex_top_inst/gen_regfile_ff.register_file_i/g_rf_flops[17].rf_reg_q_reg[9]/SI     0.12     0.08 f    -0.04 (VIOLATED)
   ibex_top_inst/gen_regfile_ff.register_file_i/g_rf_flops[17].rf_reg_q_reg[10]/SI     0.12     0.08 f    -0.04 (VIOLATED)
   ibex_top_inst/gen_regfile_ff.register_file_i/g_rf_flops[17].rf_reg_q_reg[11]/SI     0.12     0.08 f    -0.04 (VIOLATED)
   ibex_top_inst/gen_regfile_ff.register_file_i/g_rf_flops[17].rf_reg_q_reg[12]/SI     0.12     0.08 f    -0.04 (VIOLATED)
   ibex_top_inst/gen_regfile_ff.register_file_i/g_rf_flops[17].rf_reg_q_reg[13]/SI     0.12     0.08 f    -0.04 (VIOLATED)
   ibex_top_inst/gen_regfile_ff.register_file_i/g_rf_flops[17].rf_reg_q_reg[14]/SI     0.12     0.08 f    -0.04 (VIOLATED)
   ibex_top_inst/gen_regfile_ff.register_file_i/g_rf_flops[17].rf_reg_q_reg[15]/SI     0.12     0.08 f    -0.04 (VIOLATED)
   ibex_top_inst/gen_regfile_ff.register_file_i/g_rf_flops[17].rf_reg_q_reg[16]/SI     0.12     0.08 f    -0.04 (VIOLATED)
   ibex_top_inst/gen_regfile_ff.register_file_i/g_rf_flops[17].rf_reg_q_reg[17]/SI     0.12     0.08 f    -0.04 (VIOLATED)
   ibex_top_inst/gen_regfile_ff.register_file_i/g_rf_flops[17].rf_reg_q_reg[18]/SI     0.12     0.08 f    -0.04 (VIOLATED)
   ibex_top_inst/gen_regfile_ff.register_file_i/g_rf_flops[17].rf_reg_q_reg[19]/SI     0.12     0.08 f    -0.04 (VIOLATED)
   ibex_top_inst/gen_regfile_ff.register_file_i/g_rf_flops[17].rf_reg_q_reg[20]/SI     0.12     0.08 f    -0.04 (VIOLATED)
   ibex_top_inst/gen_regfile_ff.register_file_i/g_rf_flops[17].rf_reg_q_reg[21]/SI     0.12     0.08 f    -0.04 (VIOLATED)
   ibex_top_inst/gen_regfile_ff.register_file_i/g_rf_flops[17].rf_reg_q_reg[22]/SI     0.12     0.08 f    -0.04 (VIOLATED)
   ibex_top_inst/gen_regfile_ff.register_file_i/g_rf_flops[17].rf_reg_q_reg[23]/SI     0.12     0.08 f    -0.04 (VIOLATED)
   ibex_top_inst/gen_regfile_ff.register_file_i/g_rf_flops[17].rf_reg_q_reg[24]/SI     0.12     0.08 f    -0.04 (VIOLATED)
   ibex_top_inst/gen_regfile_ff.register_file_i/g_rf_flops[17].rf_reg_q_reg[25]/SI     0.12     0.08 f    -0.04 (VIOLATED)
   ibex_top_inst/gen_regfile_ff.register_file_i/g_rf_flops[17].rf_reg_q_reg[26]/SI     0.12     0.08 f    -0.04 (VIOLATED)
   ibex_top_inst/gen_regfile_ff.register_file_i/g_rf_flops[17].rf_reg_q_reg[27]/SI     0.12     0.08 f    -0.04 (VIOLATED)
   ibex_top_inst/gen_regfile_ff.register_file_i/g_rf_flops[17].rf_reg_q_reg[28]/SI     0.12     0.08 f    -0.04 (VIOLATED)
   ibex_top_inst/gen_regfile_ff.register_file_i/g_rf_flops[17].rf_reg_q_reg[29]/SI     0.12     0.08 f    -0.04 (VIOLATED)
   ibex_top_inst/gen_regfile_ff.register_file_i/g_rf_flops[17].rf_reg_q_reg[30]/SI     0.12     0.08 f    -0.04 (VIOLATED)
   ibex_top_inst/gen_regfile_ff.register_file_i/g_rf_flops[17].rf_reg_q_reg[31]/SI     0.12     0.08 f    -0.04 (VIOLATED)
   ibex_top_inst/gen_regfile_ff.register_file_i/g_rf_flops[18].rf_reg_q_reg[1]/SI     0.12     0.08 f    -0.04 (VIOLATED)
   ibex_top_inst/gen_regfile_ff.register_file_i/g_rf_flops[18].rf_reg_q_reg[2]/SI     0.12     0.08 f    -0.04 (VIOLATED)
   ibex_top_inst/gen_regfile_ff.register_file_i/g_rf_flops[18].rf_reg_q_reg[3]/SI     0.12     0.08 f    -0.04 (VIOLATED)
   ibex_top_inst/gen_regfile_ff.register_file_i/g_rf_flops[18].rf_reg_q_reg[4]/SI     0.12     0.08 f    -0.04 (VIOLATED)
   ibex_top_inst/gen_regfile_ff.register_file_i/g_rf_flops[18].rf_reg_q_reg[5]/SI     0.12     0.08 f    -0.04 (VIOLATED)
   ibex_top_inst/gen_regfile_ff.register_file_i/g_rf_flops[18].rf_reg_q_reg[6]/SI     0.12     0.08 f    -0.04 (VIOLATED)
   ibex_top_inst/gen_regfile_ff.register_file_i/g_rf_flops[18].rf_reg_q_reg[7]/SI     0.12     0.08 f    -0.04 (VIOLATED)
   ibex_top_inst/gen_regfile_ff.register_file_i/g_rf_flops[18].rf_reg_q_reg[8]/SI     0.12     0.08 f    -0.04 (VIOLATED)
   ibex_top_inst/gen_regfile_ff.register_file_i/g_rf_flops[18].rf_reg_q_reg[9]/SI     0.12     0.08 f    -0.04 (VIOLATED)
   ibex_top_inst/gen_regfile_ff.register_file_i/g_rf_flops[18].rf_reg_q_reg[10]/SI     0.12     0.08 f    -0.04 (VIOLATED)
   ibex_top_inst/gen_regfile_ff.register_file_i/g_rf_flops[18].rf_reg_q_reg[11]/SI     0.12     0.08 f    -0.04 (VIOLATED)
   ibex_top_inst/gen_regfile_ff.register_file_i/g_rf_flops[18].rf_reg_q_reg[12]/SI     0.12     0.08 f    -0.04 (VIOLATED)
   ibex_top_inst/gen_regfile_ff.register_file_i/g_rf_flops[18].rf_reg_q_reg[13]/SI     0.12     0.08 f    -0.04 (VIOLATED)
   ibex_top_inst/gen_regfile_ff.register_file_i/g_rf_flops[18].rf_reg_q_reg[14]/SI     0.12     0.08 f    -0.04 (VIOLATED)
   ibex_top_inst/gen_regfile_ff.register_file_i/g_rf_flops[18].rf_reg_q_reg[15]/SI     0.12     0.08 f    -0.04 (VIOLATED)
   ibex_top_inst/gen_regfile_ff.register_file_i/g_rf_flops[18].rf_reg_q_reg[16]/SI     0.12     0.08 f    -0.04 (VIOLATED)
   ibex_top_inst/gen_regfile_ff.register_file_i/g_rf_flops[18].rf_reg_q_reg[17]/SI     0.12     0.08 f    -0.04 (VIOLATED)
   ibex_top_inst/gen_regfile_ff.register_file_i/g_rf_flops[18].rf_reg_q_reg[18]/SI     0.12     0.08 f    -0.04 (VIOLATED)
   ibex_top_inst/gen_regfile_ff.register_file_i/g_rf_flops[18].rf_reg_q_reg[19]/SI     0.12     0.08 f    -0.04 (VIOLATED)
   ibex_top_inst/gen_regfile_ff.register_file_i/g_rf_flops[18].rf_reg_q_reg[20]/SI     0.12     0.08 f    -0.04 (VIOLATED)
   ibex_top_inst/gen_regfile_ff.register_file_i/g_rf_flops[18].rf_reg_q_reg[21]/SI     0.12     0.08 f    -0.04 (VIOLATED)
   ibex_top_inst/gen_regfile_ff.register_file_i/g_rf_flops[18].rf_reg_q_reg[22]/SI     0.12     0.08 f    -0.04 (VIOLATED)
   ibex_top_inst/gen_regfile_ff.register_file_i/g_rf_flops[18].rf_reg_q_reg[23]/SI     0.12     0.08 f    -0.04 (VIOLATED)
   ibex_top_inst/gen_regfile_ff.register_file_i/g_rf_flops[18].rf_reg_q_reg[24]/SI     0.12     0.08 f    -0.04 (VIOLATED)
   ibex_top_inst/gen_regfile_ff.register_file_i/g_rf_flops[18].rf_reg_q_reg[25]/SI     0.12     0.08 f    -0.04 (VIOLATED)
   ibex_top_inst/gen_regfile_ff.register_file_i/g_rf_flops[18].rf_reg_q_reg[26]/SI     0.12     0.08 f    -0.04 (VIOLATED)
   ibex_top_inst/gen_regfile_ff.register_file_i/g_rf_flops[18].rf_reg_q_reg[27]/SI     0.12     0.08 f    -0.04 (VIOLATED)
   ibex_top_inst/gen_regfile_ff.register_file_i/g_rf_flops[18].rf_reg_q_reg[28]/SI     0.12     0.08 f    -0.04 (VIOLATED)
   ibex_top_inst/gen_regfile_ff.register_file_i/g_rf_flops[18].rf_reg_q_reg[29]/SI     0.12     0.08 f    -0.04 (VIOLATED)
   ibex_top_inst/gen_regfile_ff.register_file_i/g_rf_flops[18].rf_reg_q_reg[30]/SI     0.12     0.08 f    -0.04 (VIOLATED)
   ibex_top_inst/gen_regfile_ff.register_file_i/g_rf_flops[18].rf_reg_q_reg[31]/SI     0.12     0.08 f    -0.04 (VIOLATED)
   ibex_top_inst/gen_regfile_ff.register_file_i/g_rf_flops[19].rf_reg_q_reg[1]/SI     0.12     0.08 f    -0.04 (VIOLATED)
   ibex_top_inst/gen_regfile_ff.register_file_i/g_rf_flops[19].rf_reg_q_reg[2]/SI     0.12     0.08 f    -0.04 (VIOLATED)
   ibex_top_inst/gen_regfile_ff.register_file_i/g_rf_flops[19].rf_reg_q_reg[3]/SI     0.12     0.08 f    -0.04 (VIOLATED)
   ibex_top_inst/gen_regfile_ff.register_file_i/g_rf_flops[19].rf_reg_q_reg[4]/SI     0.12     0.08 f    -0.04 (VIOLATED)
   ibex_top_inst/gen_regfile_ff.register_file_i/g_rf_flops[19].rf_reg_q_reg[5]/SI     0.12     0.08 f    -0.04 (VIOLATED)
   ibex_top_inst/gen_regfile_ff.register_file_i/g_rf_flops[19].rf_reg_q_reg[6]/SI     0.12     0.08 f    -0.04 (VIOLATED)
   ibex_top_inst/gen_regfile_ff.register_file_i/g_rf_flops[19].rf_reg_q_reg[7]/SI     0.12     0.08 f    -0.04 (VIOLATED)
   ibex_top_inst/gen_regfile_ff.register_file_i/g_rf_flops[19].rf_reg_q_reg[8]/SI     0.12     0.08 f    -0.04 (VIOLATED)
   ibex_top_inst/gen_regfile_ff.register_file_i/g_rf_flops[19].rf_reg_q_reg[9]/SI     0.12     0.08 f    -0.04 (VIOLATED)
   ibex_top_inst/gen_regfile_ff.register_file_i/g_rf_flops[19].rf_reg_q_reg[10]/SI     0.12     0.08 f    -0.04 (VIOLATED)
   ibex_top_inst/gen_regfile_ff.register_file_i/g_rf_flops[19].rf_reg_q_reg[11]/SI     0.12     0.08 f    -0.04 (VIOLATED)
   ibex_top_inst/gen_regfile_ff.register_file_i/g_rf_flops[19].rf_reg_q_reg[12]/SI     0.12     0.08 f    -0.04 (VIOLATED)
   ibex_top_inst/gen_regfile_ff.register_file_i/g_rf_flops[19].rf_reg_q_reg[13]/SI     0.12     0.08 f    -0.04 (VIOLATED)
   ibex_top_inst/gen_regfile_ff.register_file_i/g_rf_flops[19].rf_reg_q_reg[14]/SI     0.12     0.08 f    -0.04 (VIOLATED)
   ibex_top_inst/gen_regfile_ff.register_file_i/g_rf_flops[19].rf_reg_q_reg[15]/SI     0.12     0.08 f    -0.04 (VIOLATED)
   ibex_top_inst/gen_regfile_ff.register_file_i/g_rf_flops[19].rf_reg_q_reg[16]/SI     0.12     0.08 f    -0.04 (VIOLATED)
   ibex_top_inst/gen_regfile_ff.register_file_i/g_rf_flops[19].rf_reg_q_reg[17]/SI     0.12     0.08 f    -0.04 (VIOLATED)
   ibex_top_inst/gen_regfile_ff.register_file_i/g_rf_flops[19].rf_reg_q_reg[18]/SI     0.12     0.08 f    -0.04 (VIOLATED)
   ibex_top_inst/gen_regfile_ff.register_file_i/g_rf_flops[19].rf_reg_q_reg[19]/SI     0.12     0.08 f    -0.04 (VIOLATED)
   ibex_top_inst/gen_regfile_ff.register_file_i/g_rf_flops[19].rf_reg_q_reg[20]/SI     0.12     0.08 f    -0.04 (VIOLATED)
   ibex_top_inst/gen_regfile_ff.register_file_i/g_rf_flops[19].rf_reg_q_reg[21]/SI     0.12     0.08 f    -0.04 (VIOLATED)
   ibex_top_inst/gen_regfile_ff.register_file_i/g_rf_flops[19].rf_reg_q_reg[22]/SI     0.12     0.08 f    -0.04 (VIOLATED)
   ibex_top_inst/gen_regfile_ff.register_file_i/g_rf_flops[19].rf_reg_q_reg[23]/SI     0.12     0.08 f    -0.04 (VIOLATED)
   ibex_top_inst/gen_regfile_ff.register_file_i/g_rf_flops[19].rf_reg_q_reg[24]/SI     0.12     0.08 f    -0.04 (VIOLATED)
   ibex_top_inst/gen_regfile_ff.register_file_i/g_rf_flops[19].rf_reg_q_reg[25]/SI     0.12     0.08 f    -0.04 (VIOLATED)
   ibex_top_inst/gen_regfile_ff.register_file_i/g_rf_flops[19].rf_reg_q_reg[26]/SI     0.12     0.08 f    -0.04 (VIOLATED)
   ibex_top_inst/gen_regfile_ff.register_file_i/g_rf_flops[19].rf_reg_q_reg[27]/SI     0.12     0.08 f    -0.04 (VIOLATED)
   ibex_top_inst/gen_regfile_ff.register_file_i/g_rf_flops[19].rf_reg_q_reg[28]/SI     0.12     0.08 f    -0.04 (VIOLATED)
   ibex_top_inst/gen_regfile_ff.register_file_i/g_rf_flops[19].rf_reg_q_reg[29]/SI     0.12     0.08 f    -0.04 (VIOLATED)
   ibex_top_inst/gen_regfile_ff.register_file_i/g_rf_flops[19].rf_reg_q_reg[30]/SI     0.12     0.08 f    -0.04 (VIOLATED)
   ibex_top_inst/gen_regfile_ff.register_file_i/g_rf_flops[19].rf_reg_q_reg[31]/SI     0.12     0.08 f    -0.04 (VIOLATED)
   ibex_top_inst/gen_regfile_ff.register_file_i/g_rf_flops[20].rf_reg_q_reg[1]/SI     0.12     0.08 f    -0.04 (VIOLATED)
   ibex_top_inst/gen_regfile_ff.register_file_i/g_rf_flops[20].rf_reg_q_reg[2]/SI     0.12     0.08 f    -0.04 (VIOLATED)
   ibex_top_inst/gen_regfile_ff.register_file_i/g_rf_flops[20].rf_reg_q_reg[3]/SI     0.12     0.08 f    -0.04 (VIOLATED)
   ibex_top_inst/gen_regfile_ff.register_file_i/g_rf_flops[20].rf_reg_q_reg[4]/SI     0.12     0.08 f    -0.04 (VIOLATED)
   ibex_top_inst/gen_regfile_ff.register_file_i/g_rf_flops[20].rf_reg_q_reg[5]/SI     0.12     0.08 f    -0.04 (VIOLATED)
   ibex_top_inst/gen_regfile_ff.register_file_i/g_rf_flops[20].rf_reg_q_reg[6]/SI     0.12     0.08 f    -0.04 (VIOLATED)
   ibex_top_inst/gen_regfile_ff.register_file_i/g_rf_flops[20].rf_reg_q_reg[7]/SI     0.12     0.08 f    -0.04 (VIOLATED)
   ibex_top_inst/gen_regfile_ff.register_file_i/g_rf_flops[20].rf_reg_q_reg[8]/SI     0.12     0.08 f    -0.04 (VIOLATED)
   ibex_top_inst/gen_regfile_ff.register_file_i/g_rf_flops[20].rf_reg_q_reg[9]/SI     0.12     0.08 f    -0.04 (VIOLATED)
   ibex_top_inst/gen_regfile_ff.register_file_i/g_rf_flops[20].rf_reg_q_reg[10]/SI     0.12     0.08 f    -0.04 (VIOLATED)
   ibex_top_inst/gen_regfile_ff.register_file_i/g_rf_flops[20].rf_reg_q_reg[11]/SI     0.12     0.08 f    -0.04 (VIOLATED)
   ibex_top_inst/gen_regfile_ff.register_file_i/g_rf_flops[20].rf_reg_q_reg[12]/SI     0.12     0.08 f    -0.04 (VIOLATED)
   ibex_top_inst/gen_regfile_ff.register_file_i/g_rf_flops[20].rf_reg_q_reg[13]/SI     0.12     0.08 f    -0.04 (VIOLATED)
   ibex_top_inst/gen_regfile_ff.register_file_i/g_rf_flops[20].rf_reg_q_reg[14]/SI     0.12     0.08 f    -0.04 (VIOLATED)
   ibex_top_inst/gen_regfile_ff.register_file_i/g_rf_flops[20].rf_reg_q_reg[15]/SI     0.12     0.08 f    -0.04 (VIOLATED)
   ibex_top_inst/gen_regfile_ff.register_file_i/g_rf_flops[20].rf_reg_q_reg[16]/SI     0.12     0.08 f    -0.04 (VIOLATED)
   ibex_top_inst/gen_regfile_ff.register_file_i/g_rf_flops[20].rf_reg_q_reg[17]/SI     0.12     0.08 f    -0.04 (VIOLATED)
   ibex_top_inst/gen_regfile_ff.register_file_i/g_rf_flops[20].rf_reg_q_reg[18]/SI     0.12     0.08 f    -0.04 (VIOLATED)
   ibex_top_inst/gen_regfile_ff.register_file_i/g_rf_flops[20].rf_reg_q_reg[19]/SI     0.12     0.08 f    -0.04 (VIOLATED)
   ibex_top_inst/gen_regfile_ff.register_file_i/g_rf_flops[20].rf_reg_q_reg[20]/SI     0.12     0.08 f    -0.04 (VIOLATED)
   ibex_top_inst/gen_regfile_ff.register_file_i/g_rf_flops[20].rf_reg_q_reg[21]/SI     0.12     0.08 f    -0.04 (VIOLATED)
   ibex_top_inst/gen_regfile_ff.register_file_i/g_rf_flops[20].rf_reg_q_reg[22]/SI     0.12     0.08 f    -0.04 (VIOLATED)
   ibex_top_inst/gen_regfile_ff.register_file_i/g_rf_flops[20].rf_reg_q_reg[23]/SI     0.12     0.08 f    -0.04 (VIOLATED)
   ibex_top_inst/gen_regfile_ff.register_file_i/g_rf_flops[20].rf_reg_q_reg[24]/SI     0.12     0.08 f    -0.04 (VIOLATED)
   ibex_top_inst/gen_regfile_ff.register_file_i/g_rf_flops[20].rf_reg_q_reg[25]/SI     0.12     0.08 f    -0.04 (VIOLATED)
   ibex_top_inst/gen_regfile_ff.register_file_i/g_rf_flops[20].rf_reg_q_reg[26]/SI     0.12     0.08 f    -0.04 (VIOLATED)
   ibex_top_inst/gen_regfile_ff.register_file_i/g_rf_flops[20].rf_reg_q_reg[27]/SI     0.12     0.08 f    -0.04 (VIOLATED)
   ibex_top_inst/gen_regfile_ff.register_file_i/g_rf_flops[20].rf_reg_q_reg[28]/SI     0.12     0.08 f    -0.04 (VIOLATED)
   ibex_top_inst/gen_regfile_ff.register_file_i/g_rf_flops[20].rf_reg_q_reg[29]/SI     0.12     0.08 f    -0.04 (VIOLATED)
   ibex_top_inst/gen_regfile_ff.register_file_i/g_rf_flops[20].rf_reg_q_reg[30]/SI     0.12     0.08 f    -0.04 (VIOLATED)
   ibex_top_inst/gen_regfile_ff.register_file_i/g_rf_flops[20].rf_reg_q_reg[31]/SI     0.12     0.08 f    -0.04 (VIOLATED)
   ibex_top_inst/gen_regfile_ff.register_file_i/g_rf_flops[21].rf_reg_q_reg[1]/SI     0.12     0.08 f    -0.04 (VIOLATED)
   ibex_top_inst/gen_regfile_ff.register_file_i/g_rf_flops[21].rf_reg_q_reg[2]/SI     0.12     0.08 f    -0.04 (VIOLATED)
   ibex_top_inst/gen_regfile_ff.register_file_i/g_rf_flops[21].rf_reg_q_reg[3]/SI     0.12     0.08 f    -0.04 (VIOLATED)
   ibex_top_inst/gen_regfile_ff.register_file_i/g_rf_flops[21].rf_reg_q_reg[4]/SI     0.12     0.08 f    -0.04 (VIOLATED)
   ibex_top_inst/gen_regfile_ff.register_file_i/g_rf_flops[21].rf_reg_q_reg[5]/SI     0.12     0.08 f    -0.04 (VIOLATED)
   ibex_top_inst/gen_regfile_ff.register_file_i/g_rf_flops[21].rf_reg_q_reg[6]/SI     0.12     0.08 f    -0.04 (VIOLATED)
   ibex_top_inst/gen_regfile_ff.register_file_i/g_rf_flops[21].rf_reg_q_reg[7]/SI     0.12     0.08 f    -0.04 (VIOLATED)
   ibex_top_inst/gen_regfile_ff.register_file_i/g_rf_flops[21].rf_reg_q_reg[8]/SI     0.12     0.08 f    -0.04 (VIOLATED)
   ibex_top_inst/gen_regfile_ff.register_file_i/g_rf_flops[21].rf_reg_q_reg[9]/SI     0.12     0.08 f    -0.04 (VIOLATED)
   ibex_top_inst/gen_regfile_ff.register_file_i/g_rf_flops[21].rf_reg_q_reg[10]/SI     0.12     0.08 f    -0.04 (VIOLATED)
   ibex_top_inst/gen_regfile_ff.register_file_i/g_rf_flops[21].rf_reg_q_reg[11]/SI     0.12     0.08 f    -0.04 (VIOLATED)
   ibex_top_inst/gen_regfile_ff.register_file_i/g_rf_flops[21].rf_reg_q_reg[12]/SI     0.12     0.08 f    -0.04 (VIOLATED)
   ibex_top_inst/gen_regfile_ff.register_file_i/g_rf_flops[21].rf_reg_q_reg[13]/SI     0.12     0.08 f    -0.04 (VIOLATED)
   ibex_top_inst/gen_regfile_ff.register_file_i/g_rf_flops[21].rf_reg_q_reg[14]/SI     0.12     0.08 f    -0.04 (VIOLATED)
   ibex_top_inst/gen_regfile_ff.register_file_i/g_rf_flops[21].rf_reg_q_reg[15]/SI     0.12     0.08 f    -0.04 (VIOLATED)
   ibex_top_inst/gen_regfile_ff.register_file_i/g_rf_flops[21].rf_reg_q_reg[16]/SI     0.12     0.08 f    -0.04 (VIOLATED)
   ibex_top_inst/gen_regfile_ff.register_file_i/g_rf_flops[21].rf_reg_q_reg[17]/SI     0.12     0.08 f    -0.04 (VIOLATED)
   ibex_top_inst/gen_regfile_ff.register_file_i/g_rf_flops[21].rf_reg_q_reg[18]/SI     0.12     0.08 f    -0.04 (VIOLATED)
   ibex_top_inst/gen_regfile_ff.register_file_i/g_rf_flops[21].rf_reg_q_reg[19]/SI     0.12     0.08 f    -0.04 (VIOLATED)
   ibex_top_inst/gen_regfile_ff.register_file_i/g_rf_flops[21].rf_reg_q_reg[20]/SI     0.12     0.08 f    -0.04 (VIOLATED)
   ibex_top_inst/gen_regfile_ff.register_file_i/g_rf_flops[21].rf_reg_q_reg[21]/SI     0.12     0.08 f    -0.04 (VIOLATED)
   ibex_top_inst/gen_regfile_ff.register_file_i/g_rf_flops[21].rf_reg_q_reg[22]/SI     0.12     0.08 f    -0.04 (VIOLATED)
   ibex_top_inst/gen_regfile_ff.register_file_i/g_rf_flops[21].rf_reg_q_reg[23]/SI     0.12     0.08 f    -0.04 (VIOLATED)
   ibex_top_inst/gen_regfile_ff.register_file_i/g_rf_flops[21].rf_reg_q_reg[24]/SI     0.12     0.08 f    -0.04 (VIOLATED)
   ibex_top_inst/gen_regfile_ff.register_file_i/g_rf_flops[21].rf_reg_q_reg[25]/SI     0.12     0.08 f    -0.04 (VIOLATED)
   ibex_top_inst/gen_regfile_ff.register_file_i/g_rf_flops[21].rf_reg_q_reg[26]/SI     0.12     0.08 f    -0.04 (VIOLATED)
   ibex_top_inst/gen_regfile_ff.register_file_i/g_rf_flops[21].rf_reg_q_reg[27]/SI     0.12     0.08 f    -0.04 (VIOLATED)
   ibex_top_inst/gen_regfile_ff.register_file_i/g_rf_flops[21].rf_reg_q_reg[28]/SI     0.12     0.08 f    -0.04 (VIOLATED)
   ibex_top_inst/gen_regfile_ff.register_file_i/g_rf_flops[21].rf_reg_q_reg[29]/SI     0.12     0.08 f    -0.04 (VIOLATED)
   ibex_top_inst/gen_regfile_ff.register_file_i/g_rf_flops[21].rf_reg_q_reg[30]/SI     0.12     0.08 f    -0.04 (VIOLATED)
   ibex_top_inst/gen_regfile_ff.register_file_i/g_rf_flops[21].rf_reg_q_reg[31]/SI     0.12     0.08 f    -0.04 (VIOLATED)
   ibex_top_inst/gen_regfile_ff.register_file_i/g_rf_flops[22].rf_reg_q_reg[1]/SI     0.12     0.08 f    -0.04 (VIOLATED)
   ibex_top_inst/gen_regfile_ff.register_file_i/g_rf_flops[22].rf_reg_q_reg[2]/SI     0.12     0.08 f    -0.04 (VIOLATED)
   ibex_top_inst/gen_regfile_ff.register_file_i/g_rf_flops[22].rf_reg_q_reg[3]/SI     0.12     0.08 f    -0.04 (VIOLATED)
   ibex_top_inst/gen_regfile_ff.register_file_i/g_rf_flops[22].rf_reg_q_reg[4]/SI     0.12     0.08 f    -0.04 (VIOLATED)
   ibex_top_inst/gen_regfile_ff.register_file_i/g_rf_flops[22].rf_reg_q_reg[5]/SI     0.12     0.08 f    -0.04 (VIOLATED)
   ibex_top_inst/gen_regfile_ff.register_file_i/g_rf_flops[22].rf_reg_q_reg[6]/SI     0.12     0.08 f    -0.04 (VIOLATED)
   ibex_top_inst/gen_regfile_ff.register_file_i/g_rf_flops[22].rf_reg_q_reg[7]/SI     0.12     0.08 f    -0.04 (VIOLATED)
   ibex_top_inst/gen_regfile_ff.register_file_i/g_rf_flops[22].rf_reg_q_reg[8]/SI     0.12     0.08 f    -0.04 (VIOLATED)
   ibex_top_inst/gen_regfile_ff.register_file_i/g_rf_flops[22].rf_reg_q_reg[9]/SI     0.12     0.08 f    -0.04 (VIOLATED)
   ibex_top_inst/gen_regfile_ff.register_file_i/g_rf_flops[22].rf_reg_q_reg[10]/SI     0.12     0.08 f    -0.04 (VIOLATED)
   ibex_top_inst/gen_regfile_ff.register_file_i/g_rf_flops[22].rf_reg_q_reg[11]/SI     0.12     0.08 f    -0.04 (VIOLATED)
   ibex_top_inst/gen_regfile_ff.register_file_i/g_rf_flops[22].rf_reg_q_reg[12]/SI     0.12     0.08 f    -0.04 (VIOLATED)
   ibex_top_inst/gen_regfile_ff.register_file_i/g_rf_flops[22].rf_reg_q_reg[13]/SI     0.12     0.08 f    -0.04 (VIOLATED)
   ibex_top_inst/gen_regfile_ff.register_file_i/g_rf_flops[22].rf_reg_q_reg[14]/SI     0.12     0.08 f    -0.04 (VIOLATED)
   ibex_top_inst/gen_regfile_ff.register_file_i/g_rf_flops[22].rf_reg_q_reg[15]/SI     0.12     0.08 f    -0.04 (VIOLATED)
   ibex_top_inst/gen_regfile_ff.register_file_i/g_rf_flops[22].rf_reg_q_reg[16]/SI     0.12     0.08 f    -0.04 (VIOLATED)
   ibex_top_inst/gen_regfile_ff.register_file_i/g_rf_flops[22].rf_reg_q_reg[17]/SI     0.12     0.08 f    -0.04 (VIOLATED)
   ibex_top_inst/gen_regfile_ff.register_file_i/g_rf_flops[22].rf_reg_q_reg[18]/SI     0.12     0.08 f    -0.04 (VIOLATED)
   ibex_top_inst/gen_regfile_ff.register_file_i/g_rf_flops[22].rf_reg_q_reg[19]/SI     0.12     0.08 f    -0.04 (VIOLATED)
   ibex_top_inst/gen_regfile_ff.register_file_i/g_rf_flops[22].rf_reg_q_reg[20]/SI     0.12     0.08 f    -0.04 (VIOLATED)
   ibex_top_inst/gen_regfile_ff.register_file_i/g_rf_flops[22].rf_reg_q_reg[21]/SI     0.12     0.08 f    -0.04 (VIOLATED)
   ibex_top_inst/gen_regfile_ff.register_file_i/g_rf_flops[22].rf_reg_q_reg[22]/SI     0.12     0.08 f    -0.04 (VIOLATED)
   ibex_top_inst/gen_regfile_ff.register_file_i/g_rf_flops[22].rf_reg_q_reg[23]/SI     0.12     0.08 f    -0.04 (VIOLATED)
   ibex_top_inst/gen_regfile_ff.register_file_i/g_rf_flops[22].rf_reg_q_reg[24]/SI     0.12     0.08 f    -0.04 (VIOLATED)
   ibex_top_inst/gen_regfile_ff.register_file_i/g_rf_flops[22].rf_reg_q_reg[25]/SI     0.12     0.08 f    -0.04 (VIOLATED)
   ibex_top_inst/gen_regfile_ff.register_file_i/g_rf_flops[22].rf_reg_q_reg[26]/SI     0.12     0.08 f    -0.04 (VIOLATED)
   ibex_top_inst/gen_regfile_ff.register_file_i/g_rf_flops[22].rf_reg_q_reg[27]/SI     0.12     0.08 f    -0.04 (VIOLATED)
   ibex_top_inst/gen_regfile_ff.register_file_i/g_rf_flops[22].rf_reg_q_reg[28]/SI     0.12     0.08 f    -0.04 (VIOLATED)
   ibex_top_inst/gen_regfile_ff.register_file_i/g_rf_flops[22].rf_reg_q_reg[29]/SI     0.12     0.08 f    -0.04 (VIOLATED)
   ibex_top_inst/gen_regfile_ff.register_file_i/g_rf_flops[22].rf_reg_q_reg[30]/SI     0.12     0.08 f    -0.04 (VIOLATED)
   ibex_top_inst/gen_regfile_ff.register_file_i/g_rf_flops[22].rf_reg_q_reg[31]/SI     0.12     0.08 f    -0.04 (VIOLATED)
   ibex_top_inst/gen_regfile_ff.register_file_i/g_rf_flops[23].rf_reg_q_reg[1]/SI     0.12     0.08 f    -0.04 (VIOLATED)
   ibex_top_inst/gen_regfile_ff.register_file_i/g_rf_flops[23].rf_reg_q_reg[2]/SI     0.12     0.08 f    -0.04 (VIOLATED)
   ibex_top_inst/gen_regfile_ff.register_file_i/g_rf_flops[23].rf_reg_q_reg[3]/SI     0.12     0.08 f    -0.04 (VIOLATED)
   ibex_top_inst/gen_regfile_ff.register_file_i/g_rf_flops[23].rf_reg_q_reg[4]/SI     0.12     0.08 f    -0.04 (VIOLATED)
   ibex_top_inst/gen_regfile_ff.register_file_i/g_rf_flops[23].rf_reg_q_reg[5]/SI     0.12     0.08 f    -0.04 (VIOLATED)
   ibex_top_inst/gen_regfile_ff.register_file_i/g_rf_flops[23].rf_reg_q_reg[6]/SI     0.12     0.08 f    -0.04 (VIOLATED)
   ibex_top_inst/gen_regfile_ff.register_file_i/g_rf_flops[23].rf_reg_q_reg[7]/SI     0.12     0.08 f    -0.04 (VIOLATED)
   ibex_top_inst/gen_regfile_ff.register_file_i/g_rf_flops[23].rf_reg_q_reg[8]/SI     0.12     0.08 f    -0.04 (VIOLATED)
   ibex_top_inst/gen_regfile_ff.register_file_i/g_rf_flops[23].rf_reg_q_reg[9]/SI     0.12     0.08 f    -0.04 (VIOLATED)
   ibex_top_inst/gen_regfile_ff.register_file_i/g_rf_flops[23].rf_reg_q_reg[10]/SI     0.12     0.08 f    -0.04 (VIOLATED)
   ibex_top_inst/gen_regfile_ff.register_file_i/g_rf_flops[23].rf_reg_q_reg[11]/SI     0.12     0.08 f    -0.04 (VIOLATED)
   ibex_top_inst/gen_regfile_ff.register_file_i/g_rf_flops[23].rf_reg_q_reg[12]/SI     0.12     0.08 f    -0.04 (VIOLATED)
   ibex_top_inst/gen_regfile_ff.register_file_i/g_rf_flops[23].rf_reg_q_reg[13]/SI     0.12     0.08 f    -0.04 (VIOLATED)
   ibex_top_inst/gen_regfile_ff.register_file_i/g_rf_flops[23].rf_reg_q_reg[14]/SI     0.12     0.08 f    -0.04 (VIOLATED)
   ibex_top_inst/gen_regfile_ff.register_file_i/g_rf_flops[23].rf_reg_q_reg[15]/SI     0.12     0.08 f    -0.04 (VIOLATED)
   ibex_top_inst/gen_regfile_ff.register_file_i/g_rf_flops[23].rf_reg_q_reg[16]/SI     0.12     0.08 f    -0.04 (VIOLATED)
   ibex_top_inst/gen_regfile_ff.register_file_i/g_rf_flops[23].rf_reg_q_reg[17]/SI     0.12     0.08 f    -0.04 (VIOLATED)
   ibex_top_inst/gen_regfile_ff.register_file_i/g_rf_flops[23].rf_reg_q_reg[18]/SI     0.12     0.08 f    -0.04 (VIOLATED)
   ibex_top_inst/gen_regfile_ff.register_file_i/g_rf_flops[23].rf_reg_q_reg[19]/SI     0.12     0.08 f    -0.04 (VIOLATED)
   ibex_top_inst/gen_regfile_ff.register_file_i/g_rf_flops[23].rf_reg_q_reg[20]/SI     0.12     0.08 f    -0.04 (VIOLATED)
   ibex_top_inst/gen_regfile_ff.register_file_i/g_rf_flops[23].rf_reg_q_reg[21]/SI     0.12     0.08 f    -0.04 (VIOLATED)
   ibex_top_inst/gen_regfile_ff.register_file_i/g_rf_flops[23].rf_reg_q_reg[22]/SI     0.12     0.08 f    -0.04 (VIOLATED)
   ibex_top_inst/gen_regfile_ff.register_file_i/g_rf_flops[23].rf_reg_q_reg[23]/SI     0.12     0.08 f    -0.04 (VIOLATED)
   ibex_top_inst/gen_regfile_ff.register_file_i/g_rf_flops[23].rf_reg_q_reg[24]/SI     0.12     0.08 f    -0.04 (VIOLATED)
   ibex_top_inst/gen_regfile_ff.register_file_i/g_rf_flops[23].rf_reg_q_reg[25]/SI     0.12     0.08 f    -0.04 (VIOLATED)
   ibex_top_inst/gen_regfile_ff.register_file_i/g_rf_flops[23].rf_reg_q_reg[26]/SI     0.12     0.08 f    -0.04 (VIOLATED)
   ibex_top_inst/gen_regfile_ff.register_file_i/g_rf_flops[23].rf_reg_q_reg[27]/SI     0.12     0.08 f    -0.04 (VIOLATED)
   ibex_top_inst/gen_regfile_ff.register_file_i/g_rf_flops[23].rf_reg_q_reg[28]/SI     0.12     0.08 f    -0.04 (VIOLATED)
   ibex_top_inst/gen_regfile_ff.register_file_i/g_rf_flops[23].rf_reg_q_reg[29]/SI     0.12     0.08 f    -0.04 (VIOLATED)
   ibex_top_inst/gen_regfile_ff.register_file_i/g_rf_flops[23].rf_reg_q_reg[30]/SI     0.12     0.08 f    -0.04 (VIOLATED)
   ibex_top_inst/gen_regfile_ff.register_file_i/g_rf_flops[23].rf_reg_q_reg[31]/SI     0.12     0.08 f    -0.04 (VIOLATED)
   ibex_top_inst/gen_regfile_ff.register_file_i/g_rf_flops[24].rf_reg_q_reg[1]/SI     0.12     0.08 f    -0.04 (VIOLATED)
   ibex_top_inst/gen_regfile_ff.register_file_i/g_rf_flops[24].rf_reg_q_reg[2]/SI     0.12     0.08 f    -0.04 (VIOLATED)
   ibex_top_inst/gen_regfile_ff.register_file_i/g_rf_flops[24].rf_reg_q_reg[3]/SI     0.12     0.08 f    -0.04 (VIOLATED)
   ibex_top_inst/gen_regfile_ff.register_file_i/g_rf_flops[24].rf_reg_q_reg[4]/SI     0.12     0.08 f    -0.04 (VIOLATED)
   ibex_top_inst/gen_regfile_ff.register_file_i/g_rf_flops[24].rf_reg_q_reg[5]/SI     0.12     0.08 f    -0.04 (VIOLATED)
   ibex_top_inst/gen_regfile_ff.register_file_i/g_rf_flops[24].rf_reg_q_reg[6]/SI     0.12     0.08 f    -0.04 (VIOLATED)
   ibex_top_inst/gen_regfile_ff.register_file_i/g_rf_flops[24].rf_reg_q_reg[7]/SI     0.12     0.08 f    -0.04 (VIOLATED)
   ibex_top_inst/gen_regfile_ff.register_file_i/g_rf_flops[24].rf_reg_q_reg[8]/SI     0.12     0.08 f    -0.04 (VIOLATED)
   ibex_top_inst/gen_regfile_ff.register_file_i/g_rf_flops[24].rf_reg_q_reg[9]/SI     0.12     0.08 f    -0.04 (VIOLATED)
   ibex_top_inst/gen_regfile_ff.register_file_i/g_rf_flops[24].rf_reg_q_reg[10]/SI     0.12     0.08 f    -0.04 (VIOLATED)
   ibex_top_inst/gen_regfile_ff.register_file_i/g_rf_flops[24].rf_reg_q_reg[11]/SI     0.12     0.08 f    -0.04 (VIOLATED)
   ibex_top_inst/gen_regfile_ff.register_file_i/g_rf_flops[24].rf_reg_q_reg[12]/SI     0.12     0.08 f    -0.04 (VIOLATED)
   ibex_top_inst/gen_regfile_ff.register_file_i/g_rf_flops[24].rf_reg_q_reg[13]/SI     0.12     0.08 f    -0.04 (VIOLATED)
   ibex_top_inst/gen_regfile_ff.register_file_i/g_rf_flops[24].rf_reg_q_reg[14]/SI     0.12     0.08 f    -0.04 (VIOLATED)
   ibex_top_inst/gen_regfile_ff.register_file_i/g_rf_flops[24].rf_reg_q_reg[15]/SI     0.12     0.08 f    -0.04 (VIOLATED)
   ibex_top_inst/gen_regfile_ff.register_file_i/g_rf_flops[24].rf_reg_q_reg[16]/SI     0.12     0.08 f    -0.04 (VIOLATED)
   ibex_top_inst/gen_regfile_ff.register_file_i/g_rf_flops[24].rf_reg_q_reg[17]/SI     0.12     0.08 f    -0.04 (VIOLATED)
   ibex_top_inst/gen_regfile_ff.register_file_i/g_rf_flops[24].rf_reg_q_reg[18]/SI     0.12     0.08 f    -0.04 (VIOLATED)
   ibex_top_inst/gen_regfile_ff.register_file_i/g_rf_flops[24].rf_reg_q_reg[19]/SI     0.12     0.08 f    -0.04 (VIOLATED)
   ibex_top_inst/gen_regfile_ff.register_file_i/g_rf_flops[24].rf_reg_q_reg[20]/SI     0.12     0.08 f    -0.04 (VIOLATED)
   ibex_top_inst/gen_regfile_ff.register_file_i/g_rf_flops[24].rf_reg_q_reg[21]/SI     0.12     0.08 f    -0.04 (VIOLATED)
   ibex_top_inst/gen_regfile_ff.register_file_i/g_rf_flops[24].rf_reg_q_reg[22]/SI     0.12     0.08 f    -0.04 (VIOLATED)
   ibex_top_inst/gen_regfile_ff.register_file_i/g_rf_flops[24].rf_reg_q_reg[23]/SI     0.12     0.08 f    -0.04 (VIOLATED)
   ibex_top_inst/gen_regfile_ff.register_file_i/g_rf_flops[24].rf_reg_q_reg[24]/SI     0.12     0.08 f    -0.04 (VIOLATED)
   ibex_top_inst/gen_regfile_ff.register_file_i/g_rf_flops[24].rf_reg_q_reg[25]/SI     0.12     0.08 f    -0.04 (VIOLATED)
   ibex_top_inst/gen_regfile_ff.register_file_i/g_rf_flops[24].rf_reg_q_reg[26]/SI     0.12     0.08 f    -0.04 (VIOLATED)
   ibex_top_inst/gen_regfile_ff.register_file_i/g_rf_flops[24].rf_reg_q_reg[27]/SI     0.12     0.08 f    -0.04 (VIOLATED)
   ibex_top_inst/gen_regfile_ff.register_file_i/g_rf_flops[24].rf_reg_q_reg[28]/SI     0.12     0.08 f    -0.04 (VIOLATED)
   ibex_top_inst/gen_regfile_ff.register_file_i/g_rf_flops[24].rf_reg_q_reg[29]/SI     0.12     0.08 f    -0.04 (VIOLATED)
   ibex_top_inst/gen_regfile_ff.register_file_i/g_rf_flops[24].rf_reg_q_reg[30]/SI     0.12     0.08 f    -0.04 (VIOLATED)
   ibex_top_inst/gen_regfile_ff.register_file_i/g_rf_flops[24].rf_reg_q_reg[31]/SI     0.12     0.08 f    -0.04 (VIOLATED)
   ibex_top_inst/gen_regfile_ff.register_file_i/g_rf_flops[25].rf_reg_q_reg[1]/SI     0.12     0.08 f    -0.04 (VIOLATED)
   ibex_top_inst/gen_regfile_ff.register_file_i/g_rf_flops[25].rf_reg_q_reg[2]/SI     0.12     0.08 f    -0.04 (VIOLATED)
   ibex_top_inst/gen_regfile_ff.register_file_i/g_rf_flops[25].rf_reg_q_reg[3]/SI     0.12     0.08 f    -0.04 (VIOLATED)
   ibex_top_inst/gen_regfile_ff.register_file_i/g_rf_flops[25].rf_reg_q_reg[4]/SI     0.12     0.08 f    -0.04 (VIOLATED)
   ibex_top_inst/gen_regfile_ff.register_file_i/g_rf_flops[25].rf_reg_q_reg[5]/SI     0.12     0.08 f    -0.04 (VIOLATED)
   ibex_top_inst/gen_regfile_ff.register_file_i/g_rf_flops[25].rf_reg_q_reg[6]/SI     0.12     0.08 f    -0.04 (VIOLATED)
   ibex_top_inst/gen_regfile_ff.register_file_i/g_rf_flops[25].rf_reg_q_reg[7]/SI     0.12     0.08 f    -0.04 (VIOLATED)
   ibex_top_inst/gen_regfile_ff.register_file_i/g_rf_flops[25].rf_reg_q_reg[8]/SI     0.12     0.08 f    -0.04 (VIOLATED)
   ibex_top_inst/gen_regfile_ff.register_file_i/g_rf_flops[25].rf_reg_q_reg[9]/SI     0.12     0.08 f    -0.04 (VIOLATED)
   ibex_top_inst/gen_regfile_ff.register_file_i/g_rf_flops[25].rf_reg_q_reg[10]/SI     0.12     0.08 f    -0.04 (VIOLATED)
   ibex_top_inst/gen_regfile_ff.register_file_i/g_rf_flops[25].rf_reg_q_reg[11]/SI     0.12     0.08 f    -0.04 (VIOLATED)
   ibex_top_inst/gen_regfile_ff.register_file_i/g_rf_flops[25].rf_reg_q_reg[12]/SI     0.12     0.08 f    -0.04 (VIOLATED)
   ibex_top_inst/gen_regfile_ff.register_file_i/g_rf_flops[25].rf_reg_q_reg[13]/SI     0.12     0.08 f    -0.04 (VIOLATED)
   ibex_top_inst/gen_regfile_ff.register_file_i/g_rf_flops[25].rf_reg_q_reg[14]/SI     0.12     0.08 f    -0.04 (VIOLATED)
   ibex_top_inst/gen_regfile_ff.register_file_i/g_rf_flops[25].rf_reg_q_reg[15]/SI     0.12     0.08 f    -0.04 (VIOLATED)
   ibex_top_inst/gen_regfile_ff.register_file_i/g_rf_flops[25].rf_reg_q_reg[16]/SI     0.12     0.08 f    -0.04 (VIOLATED)
   ibex_top_inst/gen_regfile_ff.register_file_i/g_rf_flops[25].rf_reg_q_reg[17]/SI     0.12     0.08 f    -0.04 (VIOLATED)
   ibex_top_inst/gen_regfile_ff.register_file_i/g_rf_flops[25].rf_reg_q_reg[18]/SI     0.12     0.08 f    -0.04 (VIOLATED)
   ibex_top_inst/gen_regfile_ff.register_file_i/g_rf_flops[25].rf_reg_q_reg[19]/SI     0.12     0.08 f    -0.04 (VIOLATED)
   ibex_top_inst/gen_regfile_ff.register_file_i/g_rf_flops[25].rf_reg_q_reg[20]/SI     0.12     0.08 f    -0.04 (VIOLATED)
   ibex_top_inst/gen_regfile_ff.register_file_i/g_rf_flops[25].rf_reg_q_reg[21]/SI     0.12     0.08 f    -0.04 (VIOLATED)
   ibex_top_inst/gen_regfile_ff.register_file_i/g_rf_flops[25].rf_reg_q_reg[22]/SI     0.12     0.08 f    -0.04 (VIOLATED)
   ibex_top_inst/gen_regfile_ff.register_file_i/g_rf_flops[25].rf_reg_q_reg[23]/SI     0.12     0.08 f    -0.04 (VIOLATED)
   ibex_top_inst/gen_regfile_ff.register_file_i/g_rf_flops[25].rf_reg_q_reg[24]/SI     0.12     0.08 f    -0.04 (VIOLATED)
   ibex_top_inst/gen_regfile_ff.register_file_i/g_rf_flops[25].rf_reg_q_reg[25]/SI     0.12     0.08 f    -0.04 (VIOLATED)
   ibex_top_inst/gen_regfile_ff.register_file_i/g_rf_flops[25].rf_reg_q_reg[26]/SI     0.12     0.08 f    -0.04 (VIOLATED)
   ibex_top_inst/gen_regfile_ff.register_file_i/g_rf_flops[25].rf_reg_q_reg[27]/SI     0.12     0.08 f    -0.04 (VIOLATED)
   ibex_top_inst/gen_regfile_ff.register_file_i/g_rf_flops[25].rf_reg_q_reg[28]/SI     0.12     0.08 f    -0.04 (VIOLATED)
   ibex_top_inst/gen_regfile_ff.register_file_i/g_rf_flops[25].rf_reg_q_reg[29]/SI     0.12     0.08 f    -0.04 (VIOLATED)
   ibex_top_inst/gen_regfile_ff.register_file_i/g_rf_flops[25].rf_reg_q_reg[30]/SI     0.12     0.08 f    -0.04 (VIOLATED)
   ibex_top_inst/gen_regfile_ff.register_file_i/g_rf_flops[25].rf_reg_q_reg[31]/SI     0.12     0.08 f    -0.04 (VIOLATED)
   ibex_top_inst/gen_regfile_ff.register_file_i/g_rf_flops[26].rf_reg_q_reg[1]/SI     0.12     0.08 f    -0.04 (VIOLATED)
   ibex_top_inst/gen_regfile_ff.register_file_i/g_rf_flops[26].rf_reg_q_reg[2]/SI     0.12     0.08 f    -0.04 (VIOLATED)
   ibex_top_inst/gen_regfile_ff.register_file_i/g_rf_flops[26].rf_reg_q_reg[3]/SI     0.12     0.08 f    -0.04 (VIOLATED)
   ibex_top_inst/gen_regfile_ff.register_file_i/g_rf_flops[26].rf_reg_q_reg[4]/SI     0.12     0.08 f    -0.04 (VIOLATED)
   ibex_top_inst/gen_regfile_ff.register_file_i/g_rf_flops[26].rf_reg_q_reg[5]/SI     0.12     0.08 f    -0.04 (VIOLATED)
   ibex_top_inst/gen_regfile_ff.register_file_i/g_rf_flops[26].rf_reg_q_reg[6]/SI     0.12     0.08 f    -0.04 (VIOLATED)
   ibex_top_inst/gen_regfile_ff.register_file_i/g_rf_flops[26].rf_reg_q_reg[7]/SI     0.12     0.08 f    -0.04 (VIOLATED)
   ibex_top_inst/gen_regfile_ff.register_file_i/g_rf_flops[26].rf_reg_q_reg[8]/SI     0.12     0.08 f    -0.04 (VIOLATED)
   ibex_top_inst/gen_regfile_ff.register_file_i/g_rf_flops[26].rf_reg_q_reg[9]/SI     0.12     0.08 f    -0.04 (VIOLATED)
   ibex_top_inst/gen_regfile_ff.register_file_i/g_rf_flops[26].rf_reg_q_reg[10]/SI     0.12     0.08 f    -0.04 (VIOLATED)
   ibex_top_inst/gen_regfile_ff.register_file_i/g_rf_flops[26].rf_reg_q_reg[11]/SI     0.12     0.08 f    -0.04 (VIOLATED)
   ibex_top_inst/gen_regfile_ff.register_file_i/g_rf_flops[26].rf_reg_q_reg[12]/SI     0.12     0.08 f    -0.04 (VIOLATED)
   ibex_top_inst/gen_regfile_ff.register_file_i/g_rf_flops[26].rf_reg_q_reg[13]/SI     0.12     0.08 f    -0.04 (VIOLATED)
   ibex_top_inst/gen_regfile_ff.register_file_i/g_rf_flops[26].rf_reg_q_reg[14]/SI     0.12     0.08 f    -0.04 (VIOLATED)
   ibex_top_inst/gen_regfile_ff.register_file_i/g_rf_flops[26].rf_reg_q_reg[15]/SI     0.12     0.08 f    -0.04 (VIOLATED)
   ibex_top_inst/gen_regfile_ff.register_file_i/g_rf_flops[26].rf_reg_q_reg[16]/SI     0.12     0.08 f    -0.04 (VIOLATED)
   ibex_top_inst/gen_regfile_ff.register_file_i/g_rf_flops[26].rf_reg_q_reg[17]/SI     0.12     0.08 f    -0.04 (VIOLATED)
   ibex_top_inst/gen_regfile_ff.register_file_i/g_rf_flops[26].rf_reg_q_reg[18]/SI     0.12     0.08 f    -0.04 (VIOLATED)
   ibex_top_inst/gen_regfile_ff.register_file_i/g_rf_flops[26].rf_reg_q_reg[19]/SI     0.12     0.08 f    -0.04 (VIOLATED)
   ibex_top_inst/gen_regfile_ff.register_file_i/g_rf_flops[26].rf_reg_q_reg[20]/SI     0.12     0.08 f    -0.04 (VIOLATED)
   ibex_top_inst/gen_regfile_ff.register_file_i/g_rf_flops[26].rf_reg_q_reg[21]/SI     0.12     0.08 f    -0.04 (VIOLATED)
   ibex_top_inst/gen_regfile_ff.register_file_i/g_rf_flops[26].rf_reg_q_reg[22]/SI     0.12     0.08 f    -0.04 (VIOLATED)
   ibex_top_inst/gen_regfile_ff.register_file_i/g_rf_flops[26].rf_reg_q_reg[23]/SI     0.12     0.08 f    -0.04 (VIOLATED)
   ibex_top_inst/gen_regfile_ff.register_file_i/g_rf_flops[26].rf_reg_q_reg[24]/SI     0.12     0.08 f    -0.04 (VIOLATED)
   ibex_top_inst/gen_regfile_ff.register_file_i/g_rf_flops[26].rf_reg_q_reg[25]/SI     0.12     0.08 f    -0.04 (VIOLATED)
   ibex_top_inst/gen_regfile_ff.register_file_i/g_rf_flops[26].rf_reg_q_reg[26]/SI     0.12     0.08 f    -0.04 (VIOLATED)
   ibex_top_inst/gen_regfile_ff.register_file_i/g_rf_flops[26].rf_reg_q_reg[27]/SI     0.12     0.08 f    -0.04 (VIOLATED)
   ibex_top_inst/gen_regfile_ff.register_file_i/g_rf_flops[26].rf_reg_q_reg[28]/SI     0.12     0.08 f    -0.04 (VIOLATED)
   ibex_top_inst/gen_regfile_ff.register_file_i/g_rf_flops[26].rf_reg_q_reg[29]/SI     0.12     0.08 f    -0.04 (VIOLATED)
   ibex_top_inst/gen_regfile_ff.register_file_i/g_rf_flops[26].rf_reg_q_reg[30]/SI     0.12     0.08 f    -0.04 (VIOLATED)
   ibex_top_inst/gen_regfile_ff.register_file_i/g_rf_flops[26].rf_reg_q_reg[31]/SI     0.12     0.08 f    -0.04 (VIOLATED)
   ibex_top_inst/gen_regfile_ff.register_file_i/g_rf_flops[27].rf_reg_q_reg[1]/SI     0.12     0.08 f    -0.04 (VIOLATED)
   ibex_top_inst/gen_regfile_ff.register_file_i/g_rf_flops[27].rf_reg_q_reg[2]/SI     0.12     0.08 f    -0.04 (VIOLATED)
   ibex_top_inst/gen_regfile_ff.register_file_i/g_rf_flops[27].rf_reg_q_reg[3]/SI     0.12     0.08 f    -0.04 (VIOLATED)
   ibex_top_inst/gen_regfile_ff.register_file_i/g_rf_flops[27].rf_reg_q_reg[4]/SI     0.12     0.08 f    -0.04 (VIOLATED)
   ibex_top_inst/gen_regfile_ff.register_file_i/g_rf_flops[27].rf_reg_q_reg[5]/SI     0.12     0.08 f    -0.04 (VIOLATED)
   ibex_top_inst/gen_regfile_ff.register_file_i/g_rf_flops[27].rf_reg_q_reg[6]/SI     0.12     0.08 f    -0.04 (VIOLATED)
   ibex_top_inst/gen_regfile_ff.register_file_i/g_rf_flops[27].rf_reg_q_reg[7]/SI     0.12     0.08 f    -0.04 (VIOLATED)
   ibex_top_inst/gen_regfile_ff.register_file_i/g_rf_flops[27].rf_reg_q_reg[8]/SI     0.12     0.08 f    -0.04 (VIOLATED)
   ibex_top_inst/gen_regfile_ff.register_file_i/g_rf_flops[27].rf_reg_q_reg[9]/SI     0.12     0.08 f    -0.04 (VIOLATED)
   ibex_top_inst/gen_regfile_ff.register_file_i/g_rf_flops[27].rf_reg_q_reg[10]/SI     0.12     0.08 f    -0.04 (VIOLATED)
   ibex_top_inst/gen_regfile_ff.register_file_i/g_rf_flops[27].rf_reg_q_reg[11]/SI     0.12     0.08 f    -0.04 (VIOLATED)
   ibex_top_inst/gen_regfile_ff.register_file_i/g_rf_flops[27].rf_reg_q_reg[12]/SI     0.12     0.08 f    -0.04 (VIOLATED)
   ibex_top_inst/gen_regfile_ff.register_file_i/g_rf_flops[27].rf_reg_q_reg[13]/SI     0.12     0.08 f    -0.04 (VIOLATED)
   ibex_top_inst/gen_regfile_ff.register_file_i/g_rf_flops[27].rf_reg_q_reg[14]/SI     0.12     0.08 f    -0.04 (VIOLATED)
   ibex_top_inst/gen_regfile_ff.register_file_i/g_rf_flops[27].rf_reg_q_reg[15]/SI     0.12     0.08 f    -0.04 (VIOLATED)
   ibex_top_inst/gen_regfile_ff.register_file_i/g_rf_flops[27].rf_reg_q_reg[16]/SI     0.12     0.08 f    -0.04 (VIOLATED)
   ibex_top_inst/gen_regfile_ff.register_file_i/g_rf_flops[27].rf_reg_q_reg[17]/SI     0.12     0.08 f    -0.04 (VIOLATED)
   ibex_top_inst/gen_regfile_ff.register_file_i/g_rf_flops[27].rf_reg_q_reg[18]/SI     0.12     0.08 f    -0.04 (VIOLATED)
   ibex_top_inst/gen_regfile_ff.register_file_i/g_rf_flops[27].rf_reg_q_reg[19]/SI     0.12     0.08 f    -0.04 (VIOLATED)
   ibex_top_inst/gen_regfile_ff.register_file_i/g_rf_flops[27].rf_reg_q_reg[20]/SI     0.12     0.08 f    -0.04 (VIOLATED)
   ibex_top_inst/gen_regfile_ff.register_file_i/g_rf_flops[27].rf_reg_q_reg[21]/SI     0.12     0.08 f    -0.04 (VIOLATED)
   ibex_top_inst/gen_regfile_ff.register_file_i/g_rf_flops[27].rf_reg_q_reg[22]/SI     0.12     0.08 f    -0.04 (VIOLATED)
   ibex_top_inst/gen_regfile_ff.register_file_i/g_rf_flops[27].rf_reg_q_reg[23]/SI     0.12     0.08 f    -0.04 (VIOLATED)
   ibex_top_inst/gen_regfile_ff.register_file_i/g_rf_flops[27].rf_reg_q_reg[24]/SI     0.12     0.08 f    -0.04 (VIOLATED)
   ibex_top_inst/gen_regfile_ff.register_file_i/g_rf_flops[27].rf_reg_q_reg[25]/SI     0.12     0.08 f    -0.04 (VIOLATED)
   ibex_top_inst/gen_regfile_ff.register_file_i/g_rf_flops[27].rf_reg_q_reg[26]/SI     0.12     0.08 f    -0.04 (VIOLATED)
   ibex_top_inst/gen_regfile_ff.register_file_i/g_rf_flops[27].rf_reg_q_reg[27]/SI     0.12     0.08 f    -0.04 (VIOLATED)
   ibex_top_inst/gen_regfile_ff.register_file_i/g_rf_flops[27].rf_reg_q_reg[28]/SI     0.12     0.08 f    -0.04 (VIOLATED)
   ibex_top_inst/gen_regfile_ff.register_file_i/g_rf_flops[27].rf_reg_q_reg[29]/SI     0.12     0.08 f    -0.04 (VIOLATED)
   ibex_top_inst/gen_regfile_ff.register_file_i/g_rf_flops[27].rf_reg_q_reg[30]/SI     0.12     0.08 f    -0.04 (VIOLATED)
   ibex_top_inst/gen_regfile_ff.register_file_i/g_rf_flops[27].rf_reg_q_reg[31]/SI     0.12     0.08 f    -0.04 (VIOLATED)
   ibex_top_inst/gen_regfile_ff.register_file_i/g_rf_flops[28].rf_reg_q_reg[1]/SI     0.12     0.08 f    -0.04 (VIOLATED)
   ibex_top_inst/gen_regfile_ff.register_file_i/g_rf_flops[28].rf_reg_q_reg[2]/SI     0.12     0.08 f    -0.04 (VIOLATED)
   ibex_top_inst/gen_regfile_ff.register_file_i/g_rf_flops[28].rf_reg_q_reg[3]/SI     0.12     0.08 f    -0.04 (VIOLATED)
   ibex_top_inst/gen_regfile_ff.register_file_i/g_rf_flops[28].rf_reg_q_reg[4]/SI     0.12     0.08 f    -0.04 (VIOLATED)
   ibex_top_inst/gen_regfile_ff.register_file_i/g_rf_flops[28].rf_reg_q_reg[5]/SI     0.12     0.08 f    -0.04 (VIOLATED)
   ibex_top_inst/gen_regfile_ff.register_file_i/g_rf_flops[28].rf_reg_q_reg[6]/SI     0.12     0.08 f    -0.04 (VIOLATED)
   ibex_top_inst/gen_regfile_ff.register_file_i/g_rf_flops[28].rf_reg_q_reg[7]/SI     0.12     0.08 f    -0.04 (VIOLATED)
   ibex_top_inst/gen_regfile_ff.register_file_i/g_rf_flops[28].rf_reg_q_reg[8]/SI     0.12     0.08 f    -0.04 (VIOLATED)
   ibex_top_inst/gen_regfile_ff.register_file_i/g_rf_flops[28].rf_reg_q_reg[9]/SI     0.12     0.08 f    -0.04 (VIOLATED)
   ibex_top_inst/gen_regfile_ff.register_file_i/g_rf_flops[28].rf_reg_q_reg[10]/SI     0.12     0.08 f    -0.04 (VIOLATED)
   ibex_top_inst/gen_regfile_ff.register_file_i/g_rf_flops[28].rf_reg_q_reg[11]/SI     0.12     0.08 f    -0.04 (VIOLATED)
   ibex_top_inst/gen_regfile_ff.register_file_i/g_rf_flops[28].rf_reg_q_reg[12]/SI     0.12     0.08 f    -0.04 (VIOLATED)
   ibex_top_inst/gen_regfile_ff.register_file_i/g_rf_flops[28].rf_reg_q_reg[13]/SI     0.12     0.08 f    -0.04 (VIOLATED)
   ibex_top_inst/gen_regfile_ff.register_file_i/g_rf_flops[28].rf_reg_q_reg[14]/SI     0.12     0.08 f    -0.04 (VIOLATED)
   ibex_top_inst/gen_regfile_ff.register_file_i/g_rf_flops[28].rf_reg_q_reg[15]/SI     0.12     0.08 f    -0.04 (VIOLATED)
   ibex_top_inst/gen_regfile_ff.register_file_i/g_rf_flops[28].rf_reg_q_reg[16]/SI     0.12     0.08 f    -0.04 (VIOLATED)
   ibex_top_inst/gen_regfile_ff.register_file_i/g_rf_flops[28].rf_reg_q_reg[17]/SI     0.12     0.08 f    -0.04 (VIOLATED)
   ibex_top_inst/gen_regfile_ff.register_file_i/g_rf_flops[28].rf_reg_q_reg[18]/SI     0.12     0.08 f    -0.04 (VIOLATED)
   ibex_top_inst/gen_regfile_ff.register_file_i/g_rf_flops[28].rf_reg_q_reg[19]/SI     0.12     0.08 f    -0.04 (VIOLATED)
   ibex_top_inst/gen_regfile_ff.register_file_i/g_rf_flops[28].rf_reg_q_reg[20]/SI     0.12     0.08 f    -0.04 (VIOLATED)
   ibex_top_inst/gen_regfile_ff.register_file_i/g_rf_flops[28].rf_reg_q_reg[21]/SI     0.12     0.08 f    -0.04 (VIOLATED)
   ibex_top_inst/gen_regfile_ff.register_file_i/g_rf_flops[28].rf_reg_q_reg[22]/SI     0.12     0.08 f    -0.04 (VIOLATED)
   ibex_top_inst/gen_regfile_ff.register_file_i/g_rf_flops[28].rf_reg_q_reg[23]/SI     0.12     0.08 f    -0.04 (VIOLATED)
   ibex_top_inst/gen_regfile_ff.register_file_i/g_rf_flops[28].rf_reg_q_reg[24]/SI     0.12     0.08 f    -0.04 (VIOLATED)
   ibex_top_inst/gen_regfile_ff.register_file_i/g_rf_flops[28].rf_reg_q_reg[25]/SI     0.12     0.08 f    -0.04 (VIOLATED)
   ibex_top_inst/gen_regfile_ff.register_file_i/g_rf_flops[28].rf_reg_q_reg[26]/SI     0.12     0.08 f    -0.04 (VIOLATED)
   ibex_top_inst/gen_regfile_ff.register_file_i/g_rf_flops[28].rf_reg_q_reg[27]/SI     0.12     0.08 f    -0.04 (VIOLATED)
   ibex_top_inst/gen_regfile_ff.register_file_i/g_rf_flops[28].rf_reg_q_reg[28]/SI     0.12     0.08 f    -0.04 (VIOLATED)
   ibex_top_inst/gen_regfile_ff.register_file_i/g_rf_flops[28].rf_reg_q_reg[29]/SI     0.12     0.08 f    -0.04 (VIOLATED)
   ibex_top_inst/gen_regfile_ff.register_file_i/g_rf_flops[28].rf_reg_q_reg[30]/SI     0.12     0.08 f    -0.04 (VIOLATED)
   ibex_top_inst/gen_regfile_ff.register_file_i/g_rf_flops[28].rf_reg_q_reg[31]/SI     0.12     0.08 f    -0.04 (VIOLATED)
   ibex_top_inst/gen_regfile_ff.register_file_i/g_rf_flops[29].rf_reg_q_reg[1]/SI     0.12     0.08 f    -0.04 (VIOLATED)
   ibex_top_inst/gen_regfile_ff.register_file_i/g_rf_flops[29].rf_reg_q_reg[2]/SI     0.12     0.08 f    -0.04 (VIOLATED)
   ibex_top_inst/gen_regfile_ff.register_file_i/g_rf_flops[29].rf_reg_q_reg[3]/SI     0.12     0.08 f    -0.04 (VIOLATED)
   ibex_top_inst/gen_regfile_ff.register_file_i/g_rf_flops[29].rf_reg_q_reg[4]/SI     0.12     0.08 f    -0.04 (VIOLATED)
   ibex_top_inst/gen_regfile_ff.register_file_i/g_rf_flops[29].rf_reg_q_reg[5]/SI     0.12     0.08 f    -0.04 (VIOLATED)
   ibex_top_inst/gen_regfile_ff.register_file_i/g_rf_flops[29].rf_reg_q_reg[6]/SI     0.12     0.08 f    -0.04 (VIOLATED)
   ibex_top_inst/gen_regfile_ff.register_file_i/g_rf_flops[29].rf_reg_q_reg[7]/SI     0.12     0.08 f    -0.04 (VIOLATED)
   ibex_top_inst/gen_regfile_ff.register_file_i/g_rf_flops[29].rf_reg_q_reg[8]/SI     0.12     0.08 f    -0.04 (VIOLATED)
   ibex_top_inst/gen_regfile_ff.register_file_i/g_rf_flops[29].rf_reg_q_reg[9]/SI     0.12     0.08 f    -0.04 (VIOLATED)
   ibex_top_inst/gen_regfile_ff.register_file_i/g_rf_flops[29].rf_reg_q_reg[10]/SI     0.12     0.08 f    -0.04 (VIOLATED)
   ibex_top_inst/gen_regfile_ff.register_file_i/g_rf_flops[29].rf_reg_q_reg[11]/SI     0.12     0.08 f    -0.04 (VIOLATED)
   ibex_top_inst/gen_regfile_ff.register_file_i/g_rf_flops[29].rf_reg_q_reg[12]/SI     0.12     0.08 f    -0.04 (VIOLATED)
   ibex_top_inst/gen_regfile_ff.register_file_i/g_rf_flops[29].rf_reg_q_reg[13]/SI     0.12     0.08 f    -0.04 (VIOLATED)
   ibex_top_inst/gen_regfile_ff.register_file_i/g_rf_flops[29].rf_reg_q_reg[14]/SI     0.12     0.08 f    -0.04 (VIOLATED)
   ibex_top_inst/gen_regfile_ff.register_file_i/g_rf_flops[29].rf_reg_q_reg[15]/SI     0.12     0.08 f    -0.04 (VIOLATED)
   ibex_top_inst/gen_regfile_ff.register_file_i/g_rf_flops[29].rf_reg_q_reg[16]/SI     0.12     0.08 f    -0.04 (VIOLATED)
   ibex_top_inst/gen_regfile_ff.register_file_i/g_rf_flops[29].rf_reg_q_reg[17]/SI     0.12     0.08 f    -0.04 (VIOLATED)
   ibex_top_inst/gen_regfile_ff.register_file_i/g_rf_flops[29].rf_reg_q_reg[18]/SI     0.12     0.08 f    -0.04 (VIOLATED)
   ibex_top_inst/gen_regfile_ff.register_file_i/g_rf_flops[29].rf_reg_q_reg[19]/SI     0.12     0.08 f    -0.04 (VIOLATED)
   ibex_top_inst/gen_regfile_ff.register_file_i/g_rf_flops[29].rf_reg_q_reg[20]/SI     0.12     0.08 f    -0.04 (VIOLATED)
   ibex_top_inst/gen_regfile_ff.register_file_i/g_rf_flops[29].rf_reg_q_reg[21]/SI     0.12     0.08 f    -0.04 (VIOLATED)
   ibex_top_inst/gen_regfile_ff.register_file_i/g_rf_flops[29].rf_reg_q_reg[22]/SI     0.12     0.08 f    -0.04 (VIOLATED)
   ibex_top_inst/gen_regfile_ff.register_file_i/g_rf_flops[29].rf_reg_q_reg[23]/SI     0.12     0.08 f    -0.04 (VIOLATED)
   ibex_top_inst/gen_regfile_ff.register_file_i/g_rf_flops[29].rf_reg_q_reg[24]/SI     0.12     0.08 f    -0.04 (VIOLATED)
   ibex_top_inst/gen_regfile_ff.register_file_i/g_rf_flops[29].rf_reg_q_reg[25]/SI     0.12     0.08 f    -0.04 (VIOLATED)
   ibex_top_inst/gen_regfile_ff.register_file_i/g_rf_flops[29].rf_reg_q_reg[26]/SI     0.12     0.08 f    -0.04 (VIOLATED)
   ibex_top_inst/gen_regfile_ff.register_file_i/g_rf_flops[29].rf_reg_q_reg[27]/SI     0.12     0.08 f    -0.04 (VIOLATED)
   ibex_top_inst/gen_regfile_ff.register_file_i/g_rf_flops[29].rf_reg_q_reg[28]/SI     0.12     0.08 f    -0.04 (VIOLATED)
   ibex_top_inst/gen_regfile_ff.register_file_i/g_rf_flops[29].rf_reg_q_reg[29]/SI     0.12     0.08 f    -0.04 (VIOLATED)
   ibex_top_inst/gen_regfile_ff.register_file_i/g_rf_flops[29].rf_reg_q_reg[30]/SI     0.12     0.08 f    -0.04 (VIOLATED)
   ibex_top_inst/gen_regfile_ff.register_file_i/g_rf_flops[29].rf_reg_q_reg[31]/SI     0.12     0.08 f    -0.04 (VIOLATED)
   ibex_top_inst/gen_regfile_ff.register_file_i/g_rf_flops[30].rf_reg_q_reg[1]/SI     0.12     0.08 f    -0.04 (VIOLATED)
   ibex_top_inst/gen_regfile_ff.register_file_i/g_rf_flops[30].rf_reg_q_reg[2]/SI     0.12     0.08 f    -0.04 (VIOLATED)
   ibex_top_inst/gen_regfile_ff.register_file_i/g_rf_flops[30].rf_reg_q_reg[3]/SI     0.12     0.08 f    -0.04 (VIOLATED)
   ibex_top_inst/gen_regfile_ff.register_file_i/g_rf_flops[30].rf_reg_q_reg[4]/SI     0.12     0.08 f    -0.04 (VIOLATED)
   ibex_top_inst/gen_regfile_ff.register_file_i/g_rf_flops[30].rf_reg_q_reg[5]/SI     0.12     0.08 f    -0.04 (VIOLATED)
   ibex_top_inst/gen_regfile_ff.register_file_i/g_rf_flops[30].rf_reg_q_reg[6]/SI     0.12     0.08 f    -0.04 (VIOLATED)
   ibex_top_inst/gen_regfile_ff.register_file_i/g_rf_flops[30].rf_reg_q_reg[7]/SI     0.12     0.08 f    -0.04 (VIOLATED)
   ibex_top_inst/gen_regfile_ff.register_file_i/g_rf_flops[30].rf_reg_q_reg[8]/SI     0.12     0.08 f    -0.04 (VIOLATED)
   ibex_top_inst/gen_regfile_ff.register_file_i/g_rf_flops[30].rf_reg_q_reg[9]/SI     0.12     0.08 f    -0.04 (VIOLATED)
   ibex_top_inst/gen_regfile_ff.register_file_i/g_rf_flops[30].rf_reg_q_reg[10]/SI     0.12     0.08 f    -0.04 (VIOLATED)
   ibex_top_inst/gen_regfile_ff.register_file_i/g_rf_flops[30].rf_reg_q_reg[11]/SI     0.12     0.08 f    -0.04 (VIOLATED)
   ibex_top_inst/gen_regfile_ff.register_file_i/g_rf_flops[30].rf_reg_q_reg[12]/SI     0.12     0.08 f    -0.04 (VIOLATED)
   ibex_top_inst/gen_regfile_ff.register_file_i/g_rf_flops[30].rf_reg_q_reg[13]/SI     0.12     0.08 f    -0.04 (VIOLATED)
   ibex_top_inst/gen_regfile_ff.register_file_i/g_rf_flops[30].rf_reg_q_reg[14]/SI     0.12     0.08 f    -0.04 (VIOLATED)
   ibex_top_inst/gen_regfile_ff.register_file_i/g_rf_flops[30].rf_reg_q_reg[15]/SI     0.12     0.08 f    -0.04 (VIOLATED)
   ibex_top_inst/gen_regfile_ff.register_file_i/g_rf_flops[30].rf_reg_q_reg[16]/SI     0.12     0.08 f    -0.04 (VIOLATED)
   ibex_top_inst/gen_regfile_ff.register_file_i/g_rf_flops[30].rf_reg_q_reg[17]/SI     0.12     0.08 f    -0.04 (VIOLATED)
   ibex_top_inst/gen_regfile_ff.register_file_i/g_rf_flops[30].rf_reg_q_reg[18]/SI     0.12     0.08 f    -0.04 (VIOLATED)
   ibex_top_inst/gen_regfile_ff.register_file_i/g_rf_flops[30].rf_reg_q_reg[19]/SI     0.12     0.08 f    -0.04 (VIOLATED)
   ibex_top_inst/gen_regfile_ff.register_file_i/g_rf_flops[30].rf_reg_q_reg[20]/SI     0.12     0.08 f    -0.04 (VIOLATED)
   ibex_top_inst/gen_regfile_ff.register_file_i/g_rf_flops[30].rf_reg_q_reg[21]/SI     0.12     0.08 f    -0.04 (VIOLATED)
   ibex_top_inst/gen_regfile_ff.register_file_i/g_rf_flops[30].rf_reg_q_reg[22]/SI     0.12     0.08 f    -0.04 (VIOLATED)
   ibex_top_inst/gen_regfile_ff.register_file_i/g_rf_flops[30].rf_reg_q_reg[23]/SI     0.12     0.08 f    -0.04 (VIOLATED)
   ibex_top_inst/gen_regfile_ff.register_file_i/g_rf_flops[30].rf_reg_q_reg[24]/SI     0.12     0.08 f    -0.04 (VIOLATED)
   ibex_top_inst/gen_regfile_ff.register_file_i/g_rf_flops[30].rf_reg_q_reg[25]/SI     0.12     0.08 f    -0.04 (VIOLATED)
   ibex_top_inst/gen_regfile_ff.register_file_i/g_rf_flops[30].rf_reg_q_reg[26]/SI     0.12     0.08 f    -0.04 (VIOLATED)
   ibex_top_inst/gen_regfile_ff.register_file_i/g_rf_flops[30].rf_reg_q_reg[27]/SI     0.12     0.08 f    -0.04 (VIOLATED)
   ibex_top_inst/gen_regfile_ff.register_file_i/g_rf_flops[30].rf_reg_q_reg[28]/SI     0.12     0.08 f    -0.04 (VIOLATED)
   ibex_top_inst/gen_regfile_ff.register_file_i/g_rf_flops[30].rf_reg_q_reg[29]/SI     0.12     0.08 f    -0.04 (VIOLATED)
   ibex_top_inst/gen_regfile_ff.register_file_i/g_rf_flops[30].rf_reg_q_reg[30]/SI     0.12     0.08 f    -0.04 (VIOLATED)
   ibex_top_inst/gen_regfile_ff.register_file_i/g_rf_flops[30].rf_reg_q_reg[31]/SI     0.12     0.08 f    -0.04 (VIOLATED)
   ibex_top_inst/gen_regfile_ff.register_file_i/g_rf_flops[31].rf_reg_q_reg[1]/SI     0.12     0.08 f    -0.04 (VIOLATED)
   ibex_top_inst/gen_regfile_ff.register_file_i/g_rf_flops[31].rf_reg_q_reg[2]/SI     0.12     0.08 f    -0.04 (VIOLATED)
   ibex_top_inst/gen_regfile_ff.register_file_i/g_rf_flops[31].rf_reg_q_reg[3]/SI     0.12     0.08 f    -0.04 (VIOLATED)
   ibex_top_inst/gen_regfile_ff.register_file_i/g_rf_flops[31].rf_reg_q_reg[4]/SI     0.12     0.08 f    -0.04 (VIOLATED)
   ibex_top_inst/gen_regfile_ff.register_file_i/g_rf_flops[31].rf_reg_q_reg[5]/SI     0.12     0.08 f    -0.04 (VIOLATED)
   ibex_top_inst/gen_regfile_ff.register_file_i/g_rf_flops[31].rf_reg_q_reg[6]/SI     0.12     0.08 f    -0.04 (VIOLATED)
   ibex_top_inst/gen_regfile_ff.register_file_i/g_rf_flops[31].rf_reg_q_reg[7]/SI     0.12     0.08 f    -0.04 (VIOLATED)
   ibex_top_inst/gen_regfile_ff.register_file_i/g_rf_flops[31].rf_reg_q_reg[8]/SI     0.12     0.08 f    -0.04 (VIOLATED)
   ibex_top_inst/gen_regfile_ff.register_file_i/g_rf_flops[31].rf_reg_q_reg[9]/SI     0.12     0.08 f    -0.04 (VIOLATED)
   ibex_top_inst/gen_regfile_ff.register_file_i/g_rf_flops[31].rf_reg_q_reg[10]/SI     0.12     0.08 f    -0.04 (VIOLATED)
   ibex_top_inst/gen_regfile_ff.register_file_i/g_rf_flops[31].rf_reg_q_reg[11]/SI     0.12     0.08 f    -0.04 (VIOLATED)
   ibex_top_inst/gen_regfile_ff.register_file_i/g_rf_flops[31].rf_reg_q_reg[12]/SI     0.12     0.08 f    -0.04 (VIOLATED)
   ibex_top_inst/gen_regfile_ff.register_file_i/g_rf_flops[31].rf_reg_q_reg[13]/SI     0.12     0.08 f    -0.04 (VIOLATED)
   ibex_top_inst/gen_regfile_ff.register_file_i/g_rf_flops[31].rf_reg_q_reg[14]/SI     0.12     0.08 f    -0.04 (VIOLATED)
   ibex_top_inst/gen_regfile_ff.register_file_i/g_rf_flops[31].rf_reg_q_reg[15]/SI     0.12     0.08 f    -0.04 (VIOLATED)
   ibex_top_inst/gen_regfile_ff.register_file_i/g_rf_flops[31].rf_reg_q_reg[16]/SI     0.12     0.08 f    -0.04 (VIOLATED)
   ibex_top_inst/gen_regfile_ff.register_file_i/g_rf_flops[31].rf_reg_q_reg[17]/SI     0.12     0.08 f    -0.04 (VIOLATED)
   ibex_top_inst/gen_regfile_ff.register_file_i/g_rf_flops[31].rf_reg_q_reg[18]/SI     0.12     0.08 f    -0.04 (VIOLATED)
   ibex_top_inst/gen_regfile_ff.register_file_i/g_rf_flops[31].rf_reg_q_reg[19]/SI     0.12     0.08 f    -0.04 (VIOLATED)
   ibex_top_inst/gen_regfile_ff.register_file_i/g_rf_flops[31].rf_reg_q_reg[20]/SI     0.12     0.08 f    -0.04 (VIOLATED)
   ibex_top_inst/gen_regfile_ff.register_file_i/g_rf_flops[31].rf_reg_q_reg[21]/SI     0.12     0.08 f    -0.04 (VIOLATED)
   ibex_top_inst/gen_regfile_ff.register_file_i/g_rf_flops[31].rf_reg_q_reg[22]/SI     0.12     0.08 f    -0.04 (VIOLATED)
   ibex_top_inst/gen_regfile_ff.register_file_i/g_rf_flops[31].rf_reg_q_reg[23]/SI     0.12     0.08 f    -0.04 (VIOLATED)
   ibex_top_inst/gen_regfile_ff.register_file_i/g_rf_flops[31].rf_reg_q_reg[24]/SI     0.12     0.08 f    -0.04 (VIOLATED)
   ibex_top_inst/gen_regfile_ff.register_file_i/g_rf_flops[31].rf_reg_q_reg[25]/SI     0.12     0.08 f    -0.04 (VIOLATED)
   ibex_top_inst/gen_regfile_ff.register_file_i/g_rf_flops[31].rf_reg_q_reg[26]/SI     0.12     0.08 f    -0.04 (VIOLATED)
   ibex_top_inst/gen_regfile_ff.register_file_i/g_rf_flops[31].rf_reg_q_reg[27]/SI     0.12     0.08 f    -0.04 (VIOLATED)
   ibex_top_inst/gen_regfile_ff.register_file_i/g_rf_flops[31].rf_reg_q_reg[28]/SI     0.12     0.08 f    -0.04 (VIOLATED)
   ibex_top_inst/gen_regfile_ff.register_file_i/g_rf_flops[31].rf_reg_q_reg[29]/SI     0.12     0.08 f    -0.04 (VIOLATED)
   ibex_top_inst/gen_regfile_ff.register_file_i/g_rf_flops[31].rf_reg_q_reg[30]/SI     0.12     0.08 f    -0.04 (VIOLATED)
   ibex_top_inst/gen_regfile_ff.register_file_i/g_rf_flops[31].rf_reg_q_reg[31]/SI     0.12     0.08 f    -0.04 (VIOLATED)
   ibex_top_inst/u_ibex_core/load_store_unit_i/rdata_q_reg[20]/SI     0.12     0.08 f    -0.04 (VIOLATED)
   ibex_top_inst/u_ibex_core/if_stage_i/instr_rdata_id_o_reg[13]/SI     0.11     0.07 r    -0.04 (VIOLATED)
   ibex_top_inst/u_ibex_core/cs_registers_i/u_dcsr_csr/rdata_q_reg[13]/SI     0.12     0.08 f    -0.04 (VIOLATED)
   ibex_top_inst/u_ibex_core/cs_registers_i/u_depc_csr/rdata_q_reg[1]/SI     0.12     0.08 f    -0.04 (VIOLATED)
   ibex_top_inst/u_ibex_core/cs_registers_i/u_depc_csr/rdata_q_reg[9]/SI     0.12     0.08 f    -0.04 (VIOLATED)
   ibex_top_inst/u_ibex_core/cs_registers_i/u_depc_csr/rdata_q_reg[10]/SI     0.12     0.08 f    -0.04 (VIOLATED)
   ibex_top_inst/u_ibex_core/cs_registers_i/u_depc_csr/rdata_q_reg[11]/SI     0.12     0.08 f    -0.04 (VIOLATED)
   ibex_top_inst/u_ibex_core/cs_registers_i/u_depc_csr/rdata_q_reg[12]/SI     0.12     0.08 f    -0.04 (VIOLATED)
   ibex_top_inst/u_ibex_core/cs_registers_i/u_depc_csr/rdata_q_reg[13]/SI     0.12     0.08 f    -0.04 (VIOLATED)
   ibex_top_inst/u_ibex_core/cs_registers_i/u_depc_csr/rdata_q_reg[14]/SI     0.12     0.08 f    -0.04 (VIOLATED)
   ibex_top_inst/u_ibex_core/cs_registers_i/u_depc_csr/rdata_q_reg[15]/SI     0.12     0.08 f    -0.04 (VIOLATED)
   ibex_top_inst/u_ibex_core/cs_registers_i/u_depc_csr/rdata_q_reg[16]/SI     0.12     0.08 f    -0.04 (VIOLATED)
   ibex_top_inst/u_ibex_core/cs_registers_i/u_depc_csr/rdata_q_reg[17]/SI     0.12     0.08 f    -0.04 (VIOLATED)
   ibex_top_inst/u_ibex_core/cs_registers_i/u_depc_csr/rdata_q_reg[18]/SI     0.12     0.08 f    -0.04 (VIOLATED)
   ibex_top_inst/u_ibex_core/cs_registers_i/u_depc_csr/rdata_q_reg[19]/SI     0.12     0.08 f    -0.04 (VIOLATED)
   ibex_top_inst/u_ibex_core/cs_registers_i/u_depc_csr/rdata_q_reg[20]/SI     0.12     0.08 f    -0.04 (VIOLATED)
   ibex_top_inst/u_ibex_core/cs_registers_i/u_depc_csr/rdata_q_reg[21]/SI     0.12     0.08 f    -0.04 (VIOLATED)
   ibex_top_inst/u_ibex_core/cs_registers_i/u_depc_csr/rdata_q_reg[22]/SI     0.12     0.08 f    -0.04 (VIOLATED)
   ibex_top_inst/u_ibex_core/cs_registers_i/u_depc_csr/rdata_q_reg[23]/SI     0.12     0.08 f    -0.04 (VIOLATED)
   ibex_top_inst/u_ibex_core/cs_registers_i/u_depc_csr/rdata_q_reg[24]/SI     0.12     0.08 f    -0.04 (VIOLATED)
   ibex_top_inst/u_ibex_core/cs_registers_i/u_depc_csr/rdata_q_reg[25]/SI     0.12     0.08 f    -0.04 (VIOLATED)
   ibex_top_inst/u_ibex_core/cs_registers_i/u_depc_csr/rdata_q_reg[26]/SI     0.12     0.08 f    -0.04 (VIOLATED)
   ibex_top_inst/u_ibex_core/cs_registers_i/u_depc_csr/rdata_q_reg[27]/SI     0.12     0.08 f    -0.04 (VIOLATED)
   ibex_top_inst/u_ibex_core/cs_registers_i/u_depc_csr/rdata_q_reg[28]/SI     0.12     0.08 f    -0.04 (VIOLATED)
   ibex_top_inst/u_ibex_core/cs_registers_i/u_depc_csr/rdata_q_reg[29]/SI     0.12     0.08 f    -0.04 (VIOLATED)
   ibex_top_inst/u_ibex_core/cs_registers_i/u_depc_csr/rdata_q_reg[30]/SI     0.12     0.08 f    -0.04 (VIOLATED)
   ibex_top_inst/u_ibex_core/cs_registers_i/u_depc_csr/rdata_q_reg[31]/SI     0.12     0.08 f    -0.04 (VIOLATED)
   ibex_top_inst/u_ibex_core/cs_registers_i/u_dscratch0_csr/rdata_q_reg[0]/SI     0.12     0.08 f    -0.04 (VIOLATED)
   ibex_top_inst/u_ibex_core/cs_registers_i/u_mstatus_csr/rdata_q_reg[1]/SI     0.12     0.08 f    -0.04 (VIOLATED)
   ibex_top_inst/u_ibex_core/cs_registers_i/u_mepc_csr/rdata_q_reg[1]/SI     0.12     0.08 f    -0.04 (VIOLATED)
   ibex_top_inst/u_ibex_core/if_stage_i/gen_prefetch_buffer.prefetch_buffer_i/rdata_outstanding_q_reg[0]/SI     0.12     0.08 f    -0.04 (VIOLATED)
   ibex_top_inst/u_ibex_core/wb_stage_i/g_writeback_stage.rf_waddr_wb_q_reg[1]/SI     0.11     0.07 r    -0.04 (VIOLATED)
   ibex_top_inst/u_ibex_core/load_store_unit_i/rdata_q_reg[8]/SI     0.12     0.08 f    -0.04 (VIOLATED)
   ibex_top_inst/u_ibex_core/cs_registers_i/u_depc_csr/rdata_q_reg[2]/SI     0.12     0.08 f    -0.04 (VIOLATED)
   ibex_top_inst/u_ibex_core/cs_registers_i/u_depc_csr/rdata_q_reg[3]/SI     0.12     0.08 f    -0.04 (VIOLATED)
   ibex_top_inst/u_ibex_core/cs_registers_i/u_depc_csr/rdata_q_reg[4]/SI     0.12     0.08 f    -0.04 (VIOLATED)
   ibex_top_inst/u_ibex_core/cs_registers_i/u_depc_csr/rdata_q_reg[5]/SI     0.12     0.08 f    -0.04 (VIOLATED)
   ibex_top_inst/u_ibex_core/cs_registers_i/u_depc_csr/rdata_q_reg[6]/SI     0.12     0.08 f    -0.04 (VIOLATED)
   ibex_top_inst/u_ibex_core/cs_registers_i/u_depc_csr/rdata_q_reg[7]/SI     0.12     0.08 f    -0.04 (VIOLATED)
   ibex_top_inst/u_ibex_core/cs_registers_i/u_depc_csr/rdata_q_reg[8]/SI     0.12     0.08 f    -0.04 (VIOLATED)
   ibex_top_inst/u_ibex_core/load_store_unit_i/data_we_q_reg/SI     0.12     0.08 f    -0.04 (VIOLATED)
   ibex_top_inst/u_ibex_core/cs_registers_i/minstret_counter_i/counter_q_reg[0]/SI     0.12     0.08 f    -0.04 (VIOLATED)
   ibex_top_inst/gen_regfile_ff.register_file_i/g_rf_flops[2].rf_reg_q_reg[0]/SI     0.12     0.08 f    -0.04 (VIOLATED)
   ibex_top_inst/gen_regfile_ff.register_file_i/g_rf_flops[3].rf_reg_q_reg[0]/SI     0.12     0.08 f    -0.04 (VIOLATED)
   ibex_top_inst/gen_regfile_ff.register_file_i/g_rf_flops[4].rf_reg_q_reg[0]/SI     0.12     0.08 f    -0.04 (VIOLATED)
   ibex_top_inst/gen_regfile_ff.register_file_i/g_rf_flops[5].rf_reg_q_reg[0]/SI     0.12     0.08 f    -0.04 (VIOLATED)
   ibex_top_inst/gen_regfile_ff.register_file_i/g_rf_flops[6].rf_reg_q_reg[0]/SI     0.12     0.08 f    -0.04 (VIOLATED)
   ibex_top_inst/gen_regfile_ff.register_file_i/g_rf_flops[7].rf_reg_q_reg[0]/SI     0.12     0.08 f    -0.04 (VIOLATED)
   ibex_top_inst/gen_regfile_ff.register_file_i/g_rf_flops[8].rf_reg_q_reg[0]/SI     0.12     0.08 f    -0.04 (VIOLATED)
   ibex_top_inst/gen_regfile_ff.register_file_i/g_rf_flops[9].rf_reg_q_reg[0]/SI     0.12     0.08 f    -0.04 (VIOLATED)
   ibex_top_inst/gen_regfile_ff.register_file_i/g_rf_flops[10].rf_reg_q_reg[0]/SI     0.12     0.08 f    -0.04 (VIOLATED)
   ibex_top_inst/gen_regfile_ff.register_file_i/g_rf_flops[11].rf_reg_q_reg[0]/SI     0.12     0.08 f    -0.04 (VIOLATED)
   ibex_top_inst/gen_regfile_ff.register_file_i/g_rf_flops[12].rf_reg_q_reg[0]/SI     0.12     0.08 f    -0.04 (VIOLATED)
   ibex_top_inst/gen_regfile_ff.register_file_i/g_rf_flops[13].rf_reg_q_reg[0]/SI     0.12     0.08 f    -0.04 (VIOLATED)
   ibex_top_inst/gen_regfile_ff.register_file_i/g_rf_flops[14].rf_reg_q_reg[0]/SI     0.12     0.08 f    -0.04 (VIOLATED)
   ibex_top_inst/gen_regfile_ff.register_file_i/g_rf_flops[15].rf_reg_q_reg[0]/SI     0.12     0.08 f    -0.04 (VIOLATED)
   ibex_top_inst/gen_regfile_ff.register_file_i/g_rf_flops[16].rf_reg_q_reg[0]/SI     0.12     0.08 f    -0.04 (VIOLATED)
   ibex_top_inst/gen_regfile_ff.register_file_i/g_rf_flops[17].rf_reg_q_reg[0]/SI     0.12     0.08 f    -0.04 (VIOLATED)
   ibex_top_inst/gen_regfile_ff.register_file_i/g_rf_flops[18].rf_reg_q_reg[0]/SI     0.12     0.08 f    -0.04 (VIOLATED)
   ibex_top_inst/gen_regfile_ff.register_file_i/g_rf_flops[19].rf_reg_q_reg[0]/SI     0.12     0.08 f    -0.04 (VIOLATED)
   ibex_top_inst/gen_regfile_ff.register_file_i/g_rf_flops[20].rf_reg_q_reg[0]/SI     0.12     0.08 f    -0.04 (VIOLATED)
   ibex_top_inst/gen_regfile_ff.register_file_i/g_rf_flops[21].rf_reg_q_reg[0]/SI     0.12     0.08 f    -0.04 (VIOLATED)
   ibex_top_inst/gen_regfile_ff.register_file_i/g_rf_flops[22].rf_reg_q_reg[0]/SI     0.12     0.08 f    -0.04 (VIOLATED)
   ibex_top_inst/gen_regfile_ff.register_file_i/g_rf_flops[23].rf_reg_q_reg[0]/SI     0.12     0.08 f    -0.04 (VIOLATED)
   ibex_top_inst/gen_regfile_ff.register_file_i/g_rf_flops[24].rf_reg_q_reg[0]/SI     0.12     0.08 f    -0.04 (VIOLATED)
   ibex_top_inst/gen_regfile_ff.register_file_i/g_rf_flops[25].rf_reg_q_reg[0]/SI     0.12     0.08 f    -0.04 (VIOLATED)
   ibex_top_inst/gen_regfile_ff.register_file_i/g_rf_flops[26].rf_reg_q_reg[0]/SI     0.12     0.08 f    -0.04 (VIOLATED)
   ibex_top_inst/gen_regfile_ff.register_file_i/g_rf_flops[27].rf_reg_q_reg[0]/SI     0.12     0.08 f    -0.04 (VIOLATED)
   ibex_top_inst/gen_regfile_ff.register_file_i/g_rf_flops[28].rf_reg_q_reg[0]/SI     0.12     0.08 f    -0.04 (VIOLATED)
   ibex_top_inst/gen_regfile_ff.register_file_i/g_rf_flops[29].rf_reg_q_reg[0]/SI     0.12     0.08 f    -0.04 (VIOLATED)
   ibex_top_inst/gen_regfile_ff.register_file_i/g_rf_flops[30].rf_reg_q_reg[0]/SI     0.12     0.08 f    -0.04 (VIOLATED)
   ibex_top_inst/gen_regfile_ff.register_file_i/g_rf_flops[31].rf_reg_q_reg[0]/SI     0.12     0.08 f    -0.04 (VIOLATED)
   ibex_top_inst/u_ibex_core/cs_registers_i/mcountinhibit_q_reg[0]/SI     0.12     0.08 f    -0.04 (VIOLATED)
   ibex_top_inst/u_ibex_core/cs_registers_i/minstret_counter_i/counter_q_reg[2]/SI     0.12     0.08 f    -0.04 (VIOLATED)
   ibex_top_inst/u_ibex_core/cs_registers_i/minstret_counter_i/counter_q_reg[3]/SI     0.12     0.08 f    -0.04 (VIOLATED)
   ibex_top_inst/u_ibex_core/cs_registers_i/minstret_counter_i/counter_q_reg[4]/SI     0.12     0.08 f    -0.04 (VIOLATED)
   ibex_top_inst/u_ibex_core/cs_registers_i/minstret_counter_i/counter_q_reg[6]/SI     0.12     0.08 f    -0.04 (VIOLATED)
   ibex_top_inst/u_ibex_core/cs_registers_i/minstret_counter_i/counter_q_reg[7]/SI     0.12     0.08 f    -0.04 (VIOLATED)
   ibex_top_inst/u_ibex_core/cs_registers_i/minstret_counter_i/counter_q_reg[8]/SI     0.12     0.08 f    -0.04 (VIOLATED)
   ibex_top_inst/u_ibex_core/cs_registers_i/minstret_counter_i/counter_q_reg[10]/SI     0.12     0.08 f    -0.04 (VIOLATED)
   ibex_top_inst/u_ibex_core/cs_registers_i/minstret_counter_i/counter_q_reg[12]/SI     0.12     0.08 f    -0.04 (VIOLATED)
   ibex_top_inst/u_ibex_core/cs_registers_i/minstret_counter_i/counter_q_reg[13]/SI     0.12     0.08 f    -0.04 (VIOLATED)
   ibex_top_inst/u_ibex_core/cs_registers_i/minstret_counter_i/counter_q_reg[14]/SI     0.12     0.08 f    -0.04 (VIOLATED)
   ibex_top_inst/u_ibex_core/cs_registers_i/minstret_counter_i/counter_q_reg[15]/SI     0.12     0.08 f    -0.04 (VIOLATED)
   ibex_top_inst/u_ibex_core/cs_registers_i/minstret_counter_i/counter_q_reg[16]/SI     0.12     0.08 f    -0.04 (VIOLATED)
   ibex_top_inst/u_ibex_core/cs_registers_i/minstret_counter_i/counter_q_reg[17]/SI     0.12     0.08 f    -0.04 (VIOLATED)
   ibex_top_inst/u_ibex_core/cs_registers_i/minstret_counter_i/counter_q_reg[18]/SI     0.12     0.08 f    -0.04 (VIOLATED)
   ibex_top_inst/u_ibex_core/cs_registers_i/minstret_counter_i/counter_q_reg[19]/SI     0.12     0.08 f    -0.04 (VIOLATED)
   ibex_top_inst/u_ibex_core/cs_registers_i/minstret_counter_i/counter_q_reg[20]/SI     0.12     0.08 f    -0.04 (VIOLATED)
   ibex_top_inst/u_ibex_core/cs_registers_i/minstret_counter_i/counter_q_reg[22]/SI     0.12     0.08 f    -0.04 (VIOLATED)
   ibex_top_inst/u_ibex_core/cs_registers_i/minstret_counter_i/counter_q_reg[23]/SI     0.12     0.08 f    -0.04 (VIOLATED)
   ibex_top_inst/u_ibex_core/cs_registers_i/minstret_counter_i/counter_q_reg[24]/SI     0.12     0.08 f    -0.04 (VIOLATED)
   ibex_top_inst/u_ibex_core/cs_registers_i/minstret_counter_i/counter_q_reg[25]/SI     0.12     0.08 f    -0.04 (VIOLATED)
   ibex_top_inst/u_ibex_core/cs_registers_i/minstret_counter_i/counter_q_reg[26]/SI     0.12     0.08 f    -0.04 (VIOLATED)
   ibex_top_inst/u_ibex_core/cs_registers_i/minstret_counter_i/counter_q_reg[27]/SI     0.12     0.08 f    -0.04 (VIOLATED)
   ibex_top_inst/u_ibex_core/cs_registers_i/minstret_counter_i/counter_q_reg[28]/SI     0.12     0.08 f    -0.04 (VIOLATED)
   ibex_top_inst/u_ibex_core/cs_registers_i/minstret_counter_i/counter_q_reg[29]/SI     0.12     0.08 f    -0.04 (VIOLATED)
   ibex_top_inst/u_ibex_core/cs_registers_i/minstret_counter_i/counter_q_reg[30]/SI     0.12     0.08 f    -0.04 (VIOLATED)
   ibex_top_inst/u_ibex_core/cs_registers_i/minstret_counter_i/counter_q_reg[31]/SI     0.12     0.08 f    -0.04 (VIOLATED)
   ibex_top_inst/u_ibex_core/cs_registers_i/minstret_counter_i/counter_q_reg[32]/SI     0.12     0.08 f    -0.04 (VIOLATED)
   ibex_top_inst/u_ibex_core/cs_registers_i/minstret_counter_i/counter_q_reg[33]/SI     0.12     0.08 f    -0.04 (VIOLATED)
   ibex_top_inst/u_ibex_core/cs_registers_i/minstret_counter_i/counter_q_reg[34]/SI     0.12     0.08 f    -0.04 (VIOLATED)
   ibex_top_inst/u_ibex_core/cs_registers_i/minstret_counter_i/counter_q_reg[36]/SI     0.12     0.08 f    -0.04 (VIOLATED)
   ibex_top_inst/u_ibex_core/cs_registers_i/minstret_counter_i/counter_q_reg[37]/SI     0.12     0.08 f    -0.04 (VIOLATED)
   ibex_top_inst/u_ibex_core/cs_registers_i/minstret_counter_i/counter_q_reg[38]/SI     0.12     0.08 f    -0.04 (VIOLATED)
   ibex_top_inst/u_ibex_core/cs_registers_i/minstret_counter_i/counter_q_reg[39]/SI     0.12     0.08 f    -0.04 (VIOLATED)
   ibex_top_inst/u_ibex_core/cs_registers_i/minstret_counter_i/counter_q_reg[40]/SI     0.12     0.08 f    -0.04 (VIOLATED)
   ibex_top_inst/u_ibex_core/cs_registers_i/minstret_counter_i/counter_q_reg[41]/SI     0.12     0.08 f    -0.04 (VIOLATED)
   ibex_top_inst/u_ibex_core/cs_registers_i/minstret_counter_i/counter_q_reg[43]/SI     0.12     0.08 f    -0.04 (VIOLATED)
   ibex_top_inst/u_ibex_core/cs_registers_i/minstret_counter_i/counter_q_reg[44]/SI     0.12     0.08 f    -0.04 (VIOLATED)
   ibex_top_inst/u_ibex_core/cs_registers_i/minstret_counter_i/counter_q_reg[45]/SI     0.12     0.08 f    -0.04 (VIOLATED)
   ibex_top_inst/u_ibex_core/cs_registers_i/minstret_counter_i/counter_q_reg[46]/SI     0.12     0.08 f    -0.04 (VIOLATED)
   ibex_top_inst/u_ibex_core/cs_registers_i/minstret_counter_i/counter_q_reg[47]/SI     0.12     0.08 f    -0.04 (VIOLATED)
   ibex_top_inst/u_ibex_core/cs_registers_i/minstret_counter_i/counter_q_reg[48]/SI     0.12     0.08 f    -0.04 (VIOLATED)
   ibex_top_inst/u_ibex_core/cs_registers_i/minstret_counter_i/counter_q_reg[49]/SI     0.12     0.08 f    -0.04 (VIOLATED)
   ibex_top_inst/u_ibex_core/cs_registers_i/minstret_counter_i/counter_q_reg[50]/SI     0.12     0.08 f    -0.04 (VIOLATED)
   ibex_top_inst/u_ibex_core/cs_registers_i/minstret_counter_i/counter_q_reg[51]/SI     0.12     0.08 f    -0.04 (VIOLATED)
   ibex_top_inst/u_ibex_core/cs_registers_i/minstret_counter_i/counter_q_reg[52]/SI     0.12     0.08 f    -0.04 (VIOLATED)
   ibex_top_inst/u_ibex_core/cs_registers_i/minstret_counter_i/counter_q_reg[53]/SI     0.12     0.08 f    -0.04 (VIOLATED)
   ibex_top_inst/u_ibex_core/cs_registers_i/minstret_counter_i/counter_q_reg[54]/SI     0.12     0.08 f    -0.04 (VIOLATED)
   ibex_top_inst/u_ibex_core/cs_registers_i/minstret_counter_i/counter_q_reg[55]/SI     0.12     0.08 f    -0.04 (VIOLATED)
   ibex_top_inst/u_ibex_core/cs_registers_i/minstret_counter_i/counter_q_reg[56]/SI     0.12     0.08 f    -0.04 (VIOLATED)
   ibex_top_inst/u_ibex_core/cs_registers_i/minstret_counter_i/counter_q_reg[57]/SI     0.12     0.08 f    -0.04 (VIOLATED)
   ibex_top_inst/u_ibex_core/cs_registers_i/minstret_counter_i/counter_q_reg[58]/SI     0.12     0.08 f    -0.04 (VIOLATED)
   ibex_top_inst/u_ibex_core/cs_registers_i/minstret_counter_i/counter_q_reg[59]/SI     0.12     0.08 f    -0.04 (VIOLATED)
   ibex_top_inst/u_ibex_core/cs_registers_i/minstret_counter_i/counter_q_reg[60]/SI     0.12     0.08 f    -0.04 (VIOLATED)
   ibex_top_inst/u_ibex_core/cs_registers_i/minstret_counter_i/counter_q_reg[61]/SI     0.12     0.08 f    -0.04 (VIOLATED)
   ibex_top_inst/u_ibex_core/cs_registers_i/minstret_counter_i/counter_q_reg[62]/SI     0.12     0.08 f    -0.04 (VIOLATED)
   ibex_top_inst/u_ibex_core/cs_registers_i/minstret_counter_i/counter_q_reg[63]/SI     0.12     0.08 f    -0.04 (VIOLATED)
   ibex_top_inst/u_ibex_core/cs_registers_i/minstret_counter_i/counter_q_reg[35]/SI     0.12     0.08 f    -0.04 (VIOLATED)
   ibex_top_inst/u_ibex_core/cs_registers_i/minstret_counter_i/counter_q_reg[42]/SI     0.12     0.08 f    -0.04 (VIOLATED)
   ibex_top_inst/u_ibex_core/load_store_unit_i/ls_fsm_cs_reg[2]/SI     0.12     0.08 f    -0.04 (VIOLATED)
   ibex_top_inst/u_ibex_core/cs_registers_i/minstret_counter_i/counter_q_reg[9]/SI     0.12     0.08 f    -0.04 (VIOLATED)
   ibex_top_inst/u_ibex_core/cs_registers_i/minstret_counter_i/counter_q_reg[21]/SI     0.12     0.08 f    -0.04 (VIOLATED)
   ibex_top_inst/u_ibex_core/id_stage_i/controller_i/ctrl_fsm_cs_reg[0]/SI     0.12     0.08 f    -0.04 (VIOLATED)
   ibex_top_inst/u_ibex_core/cs_registers_i/mcycle_counter_i/counter_q_reg[13]/SI     0.12     0.08 f    -0.04 (VIOLATED)
   ibex_top_inst/u_ibex_core/id_stage_i/imd_val_q_reg[1][0]/SI     0.12     0.08 f    -0.04 (VIOLATED)
   ibex_top_inst/u_ibex_core/if_stage_i/instr_rdata_id_o_reg[25]/SI     0.11     0.07 r    -0.04 (VIOLATED)
   ibex_top_inst/u_ibex_core/id_stage_i/controller_i/debug_cause_q_reg[0]/SI     0.12     0.08 f    -0.04 (VIOLATED)
   ibex_top_inst/u_ibex_core/cs_registers_i/mcycle_counter_i/counter_q_reg[62]/SI     0.12     0.08 f    -0.04 (VIOLATED)
   ibex_top_inst/u_ibex_core/cs_registers_i/mcycle_counter_i/counter_q_reg[17]/SI     0.12     0.08 f    -0.04 (VIOLATED)
   ibex_top_inst/u_ibex_core/cs_registers_i/mcycle_counter_i/counter_q_reg[18]/SI     0.12     0.08 f    -0.04 (VIOLATED)
   ibex_top_inst/u_ibex_core/cs_registers_i/mcycle_counter_i/counter_q_reg[19]/SI     0.12     0.08 f    -0.04 (VIOLATED)
   ibex_top_inst/u_ibex_core/cs_registers_i/mcycle_counter_i/counter_q_reg[20]/SI     0.12     0.08 f    -0.04 (VIOLATED)
   ibex_top_inst/u_ibex_core/cs_registers_i/mcycle_counter_i/counter_q_reg[25]/SI     0.12     0.08 f    -0.04 (VIOLATED)
   ibex_top_inst/u_ibex_core/cs_registers_i/mcycle_counter_i/counter_q_reg[26]/SI     0.12     0.08 f    -0.04 (VIOLATED)
   ibex_top_inst/u_ibex_core/cs_registers_i/mcycle_counter_i/counter_q_reg[27]/SI     0.12     0.08 f    -0.04 (VIOLATED)
   ibex_top_inst/u_ibex_core/cs_registers_i/mcycle_counter_i/counter_q_reg[28]/SI     0.12     0.08 f    -0.04 (VIOLATED)
   ibex_top_inst/u_ibex_core/cs_registers_i/mcycle_counter_i/counter_q_reg[29]/SI     0.12     0.08 f    -0.04 (VIOLATED)
   ibex_top_inst/u_ibex_core/cs_registers_i/mcycle_counter_i/counter_q_reg[30]/SI     0.12     0.08 f    -0.04 (VIOLATED)
   ibex_top_inst/u_ibex_core/cs_registers_i/mcycle_counter_i/counter_q_reg[34]/SI     0.12     0.08 f    -0.04 (VIOLATED)
   ibex_top_inst/u_ibex_core/cs_registers_i/mcycle_counter_i/counter_q_reg[35]/SI     0.12     0.08 f    -0.04 (VIOLATED)
   ibex_top_inst/u_ibex_core/cs_registers_i/mcycle_counter_i/counter_q_reg[36]/SI     0.12     0.08 f    -0.04 (VIOLATED)
   ibex_top_inst/u_ibex_core/cs_registers_i/mcycle_counter_i/counter_q_reg[37]/SI     0.12     0.08 f    -0.04 (VIOLATED)
   ibex_top_inst/u_ibex_core/cs_registers_i/mcycle_counter_i/counter_q_reg[38]/SI     0.12     0.08 f    -0.04 (VIOLATED)
   ibex_top_inst/u_ibex_core/cs_registers_i/mcycle_counter_i/counter_q_reg[39]/SI     0.12     0.08 f    -0.04 (VIOLATED)
   ibex_top_inst/u_ibex_core/cs_registers_i/mcycle_counter_i/counter_q_reg[40]/SI     0.12     0.08 f    -0.04 (VIOLATED)
   ibex_top_inst/u_ibex_core/cs_registers_i/mcycle_counter_i/counter_q_reg[41]/SI     0.12     0.08 f    -0.04 (VIOLATED)
   ibex_top_inst/u_ibex_core/cs_registers_i/mcycle_counter_i/counter_q_reg[42]/SI     0.12     0.08 f    -0.04 (VIOLATED)
   ibex_top_inst/u_ibex_core/cs_registers_i/mcycle_counter_i/counter_q_reg[43]/SI     0.12     0.08 f    -0.04 (VIOLATED)
   ibex_top_inst/u_ibex_core/cs_registers_i/mcycle_counter_i/counter_q_reg[44]/SI     0.12     0.08 f    -0.04 (VIOLATED)
   ibex_top_inst/u_ibex_core/cs_registers_i/mcycle_counter_i/counter_q_reg[45]/SI     0.12     0.08 f    -0.04 (VIOLATED)
   ibex_top_inst/u_ibex_core/cs_registers_i/mcycle_counter_i/counter_q_reg[46]/SI     0.12     0.08 f    -0.04 (VIOLATED)
   ibex_top_inst/u_ibex_core/cs_registers_i/mcycle_counter_i/counter_q_reg[47]/SI     0.12     0.08 f    -0.04 (VIOLATED)
   ibex_top_inst/u_ibex_core/cs_registers_i/mcycle_counter_i/counter_q_reg[48]/SI     0.12     0.08 f    -0.04 (VIOLATED)
   ibex_top_inst/u_ibex_core/cs_registers_i/mcycle_counter_i/counter_q_reg[49]/SI     0.12     0.08 f    -0.04 (VIOLATED)
   ibex_top_inst/u_ibex_core/cs_registers_i/mcycle_counter_i/counter_q_reg[50]/SI     0.12     0.08 f    -0.04 (VIOLATED)
   ibex_top_inst/u_ibex_core/cs_registers_i/mcycle_counter_i/counter_q_reg[51]/SI     0.12     0.08 f    -0.04 (VIOLATED)
   ibex_top_inst/u_ibex_core/cs_registers_i/mcycle_counter_i/counter_q_reg[52]/SI     0.12     0.08 f    -0.04 (VIOLATED)
   ibex_top_inst/u_ibex_core/cs_registers_i/mcycle_counter_i/counter_q_reg[53]/SI     0.12     0.08 f    -0.04 (VIOLATED)
   ibex_top_inst/u_ibex_core/cs_registers_i/mcycle_counter_i/counter_q_reg[54]/SI     0.12     0.08 f    -0.04 (VIOLATED)
   ibex_top_inst/u_ibex_core/cs_registers_i/mcycle_counter_i/counter_q_reg[55]/SI     0.12     0.08 f    -0.04 (VIOLATED)
   ibex_top_inst/u_ibex_core/cs_registers_i/mcycle_counter_i/counter_q_reg[56]/SI     0.12     0.08 f    -0.04 (VIOLATED)
   ibex_top_inst/u_ibex_core/cs_registers_i/mcycle_counter_i/counter_q_reg[57]/SI     0.12     0.08 f    -0.04 (VIOLATED)
   ibex_top_inst/u_ibex_core/cs_registers_i/mcycle_counter_i/counter_q_reg[58]/SI     0.12     0.08 f    -0.04 (VIOLATED)
   ibex_top_inst/u_ibex_core/cs_registers_i/mcycle_counter_i/counter_q_reg[59]/SI     0.12     0.08 f    -0.04 (VIOLATED)
   ibex_top_inst/u_ibex_core/cs_registers_i/mcycle_counter_i/counter_q_reg[60]/SI     0.12     0.08 f    -0.04 (VIOLATED)
   ibex_top_inst/u_ibex_core/cs_registers_i/mcycle_counter_i/counter_q_reg[61]/SI     0.12     0.08 f    -0.04 (VIOLATED)
   ibex_top_inst/u_ibex_core/cs_registers_i/minstret_counter_i/counter_q_reg[5]/SI     0.12     0.08 f    -0.04 (VIOLATED)
   ibex_top_inst/u_ibex_core/cs_registers_i/minstret_counter_i/counter_q_reg[11]/SI     0.12     0.08 f    -0.04 (VIOLATED)
   ibex_top_inst/u_ibex_core/cs_registers_i/mcycle_counter_i/counter_q_reg[33]/SI     0.12     0.08 f    -0.04 (VIOLATED)
   ibex_top_inst/u_ibex_core/wb_stage_i/g_writeback_stage.rf_waddr_wb_q_reg[2]/SI     0.11     0.07 r    -0.04 (VIOLATED)
   ibex_top_inst/u_ibex_core/cs_registers_i/mcycle_counter_i/counter_q_reg[63]/SI     0.12     0.08 f    -0.04 (VIOLATED)
   ibex_top_inst/u_ibex_core/load_store_unit_i/ls_fsm_cs_reg[0]/SI     0.12     0.08 f    -0.04 (VIOLATED)
   ibex_top_inst/u_ibex_core/if_stage_i/instr_rdata_id_o_reg[5]/SI     0.11     0.07 r    -0.04 (VIOLATED)
   ibex_top_inst/u_ibex_core/cs_registers_i/u_mstatus_csr/rdata_q_reg[2]/SI     0.12     0.08 f    -0.04 (VIOLATED)
   ibex_top_inst/u_ibex_core/cs_registers_i/u_cpuctrlsts_part_csr/rdata_q_reg[6]/SI     0.12     0.08 f    -0.04 (VIOLATED)
   ibex_top_inst/u_ibex_core/cs_registers_i/minstret_counter_i/counter_q_reg[1]/SI     0.12     0.08 f    -0.04 (VIOLATED)
   ibex_top_inst/u_ibex_core/cs_registers_i/mcycle_counter_i/counter_q_reg[21]/SI     0.12     0.08 f    -0.04 (VIOLATED)
   ibex_top_inst/u_ibex_core/cs_registers_i/mcycle_counter_i/counter_q_reg[22]/SI     0.12     0.08 f    -0.04 (VIOLATED)
   ibex_top_inst/u_ibex_core/load_store_unit_i/rdata_offset_q_reg[1]/SI     0.12     0.08 f    -0.04 (VIOLATED)
   ibex_top_inst/u_ibex_core/load_store_unit_i/rdata_q_reg[25]/SI     0.12     0.08 f    -0.04 (VIOLATED)
   ibex_top_inst/u_ibex_core/cs_registers_i/mcycle_counter_i/counter_q_reg[3]/SI     0.12     0.08 f    -0.04 (VIOLATED)
   ibex_top_inst/u_ibex_core/cs_registers_i/priv_lvl_q_reg[0]/SI     0.12     0.08 f    -0.04 (VIOLATED)
   ibex_top_inst/u_ibex_core/cs_registers_i/u_mtval_csr/rdata_q_reg[0]/SI     0.12     0.08 f    -0.04 (VIOLATED)
   ibex_top_inst/u_ibex_core/if_stage_i/gen_prefetch_buffer.prefetch_buffer_i/rdata_outstanding_q_reg[1]/SI     0.12     0.08 f    -0.04 (VIOLATED)
   ibex_top_inst/u_ibex_core/cs_registers_i/mcycle_counter_i/counter_q_reg[10]/SI     0.12     0.08 f    -0.04 (VIOLATED)
   ibex_top_inst/u_ibex_core/if_stage_i/instr_rdata_alu_id_o_reg[25]/SI     0.11     0.07 r    -0.04 (VIOLATED)
   ibex_top_inst/u_ibex_core/cs_registers_i/mcycle_counter_i/counter_q_reg[31]/SI     0.12     0.08 f    -0.04 (VIOLATED)
   ibex_top_inst/u_ibex_core/if_stage_i/instr_rdata_id_o_reg[19]/SI     0.11     0.07 r    -0.04 (VIOLATED)
   ibex_top_inst/u_ibex_core/ex_block_i/gen_multdiv_fast.multdiv_i/md_state_q_reg[1]/SI     0.12     0.08 f    -0.04 (VIOLATED)
   ibex_top_inst/u_ibex_core/load_store_unit_i/rdata_q_reg[26]/SI     0.12     0.08 f    -0.04 (VIOLATED)
   ibex_top_inst/u_ibex_core/load_store_unit_i/rdata_q_reg[27]/SI     0.12     0.08 f    -0.04 (VIOLATED)
   ibex_top_inst/u_ibex_core/load_store_unit_i/rdata_q_reg[28]/SI     0.12     0.08 f    -0.04 (VIOLATED)
   ibex_top_inst/u_ibex_core/load_store_unit_i/rdata_q_reg[29]/SI     0.12     0.08 f    -0.04 (VIOLATED)
   ibex_top_inst/u_ibex_core/load_store_unit_i/rdata_q_reg[30]/SI     0.12     0.08 f    -0.04 (VIOLATED)
   ibex_top_inst/u_ibex_core/load_store_unit_i/rdata_q_reg[31]/SI     0.12     0.08 f    -0.04 (VIOLATED)
   ibex_top_inst/u_ibex_core/cs_registers_i/mcycle_counter_i/counter_q_reg[23]/SI     0.12     0.08 f    -0.04 (VIOLATED)
   ibex_top_inst/u_ibex_core/cs_registers_i/mcycle_counter_i/counter_q_reg[1]/SI     0.12     0.08 f    -0.04 (VIOLATED)
   ibex_top_inst/u_ibex_core/cs_registers_i/mcycle_counter_i/counter_q_reg[6]/SI     0.12     0.08 f    -0.04 (VIOLATED)
   ibex_top_inst/u_ibex_core/cs_registers_i/mcycle_counter_i/counter_q_reg[9]/SI     0.12     0.08 f    -0.04 (VIOLATED)
   ibex_top_inst/u_ibex_core/if_stage_i/instr_rdata_alu_id_o_reg[6]/SI     0.11     0.07 r    -0.04 (VIOLATED)
   ibex_top_inst/u_ibex_core/cs_registers_i/mcycle_counter_i/counter_q_reg[5]/SI     0.12     0.08 f    -0.04 (VIOLATED)
   ibex_top_inst/u_ibex_core/id_stage_i/controller_i/store_err_q_reg/SI     0.12     0.08 f    -0.04 (VIOLATED)
   ibex_top_inst/u_ibex_core/cs_registers_i/mcycle_counter_i/counter_q_reg[4]/SI     0.12     0.08 f    -0.04 (VIOLATED)
   ibex_top_inst/u_ibex_core/cs_registers_i/mcycle_counter_i/counter_q_reg[14]/SI     0.12     0.08 f    -0.04 (VIOLATED)
   ibex_top_inst/u_ibex_core/cs_registers_i/mcycle_counter_i/counter_q_reg[7]/SI     0.12     0.08 f    -0.04 (VIOLATED)
   ibex_top_inst/u_ibex_core/cs_registers_i/mcycle_counter_i/counter_q_reg[8]/SI     0.12     0.08 f    -0.04 (VIOLATED)
   ibex_top_inst/u_ibex_core/cs_registers_i/mcycle_counter_i/counter_q_reg[11]/SI     0.12     0.08 f    -0.04 (VIOLATED)
   ibex_top_inst/u_ibex_core/load_store_unit_i/handle_misaligned_q_reg/SI     0.12     0.08 f    -0.04 (VIOLATED)
   ibex_top_inst/u_ibex_core/id_stage_i/controller_i/ctrl_fsm_cs_reg[3]/SI     0.12     0.08 f    -0.04 (VIOLATED)
   ibex_top_inst/u_ibex_core/id_stage_i/imd_val_q_reg[0][0]/SI     0.12     0.08 f    -0.04 (VIOLATED)
   ibex_top_inst/u_ibex_core/if_stage_i/instr_rdata_id_o_reg[14]/SI     0.11     0.07 r    -0.04 (VIOLATED)
   ibex_top_inst/u_ibex_core/cs_registers_i/u_mstatus_csr/rdata_q_reg[3]/SI     0.12     0.08 f    -0.04 (VIOLATED)
   ibex_top_inst/u_ibex_core/cs_registers_i/mcycle_counter_i/counter_q_reg[0]/SI     0.12     0.08 f    -0.04 (VIOLATED)
   ibex_top_inst/u_ibex_core/ex_block_i/gen_multdiv_fast.multdiv_i/md_state_q_reg[2]/SI     0.12     0.08 f    -0.04 (VIOLATED)
   ibex_top_inst/u_ibex_core/cs_registers_i/mcycle_counter_i/counter_q_reg[32]/SI     0.12     0.08 f    -0.04 (VIOLATED)
   ibex_top_inst/u_ibex_core/ex_block_i/gen_multdiv_fast.multdiv_i/div_counter_q_reg[2]/SI     0.12     0.08 f    -0.04 (VIOLATED)
   ibex_top_inst/u_ibex_core/id_stage_i/controller_i/ctrl_fsm_cs_reg[1]/SI     0.12     0.08 f    -0.04 (VIOLATED)
   ibex_top_inst/u_ibex_core/if_stage_i/gen_prefetch_buffer.prefetch_buffer_i/branch_discard_q_reg[0]/SI     0.12     0.08 f    -0.04 (VIOLATED)
   ibex_top_inst/u_ibex_core/cs_registers_i/mcycle_counter_i/counter_q_reg[2]/SI     0.12     0.08 f    -0.04 (VIOLATED)
   ibex_top_inst/u_ibex_core/ex_block_i/gen_multdiv_fast.multdiv_i/div_counter_q_reg[3]/SI     0.12     0.08 f    -0.04 (VIOLATED)
   ibex_top_inst/u_ibex_core/cs_registers_i/mcycle_counter_i/counter_q_reg[12]/SI     0.12     0.08 f    -0.04 (VIOLATED)
   ibex_top_inst/u_ibex_core/ex_block_i/gen_multdiv_fast.multdiv_i/div_counter_q_reg[4]/SI     0.12     0.08 f    -0.04 (VIOLATED)
   ibex_top_inst/u_ibex_core/id_stage_i/imd_val_q_reg[0][12]/SI     0.12     0.08 f    -0.04 (VIOLATED)
   ibex_top_inst/u_ibex_core/id_stage_i/imd_val_q_reg[0][10]/SI     0.12     0.08 f    -0.04 (VIOLATED)
   ibex_top_inst/u_ibex_core/id_stage_i/imd_val_q_reg[0][11]/SI     0.12     0.08 f    -0.04 (VIOLATED)
   ibex_top_inst/u_ibex_core/id_stage_i/imd_val_q_reg[0][8]/SI     0.12     0.08 f    -0.04 (VIOLATED)
   ibex_top_inst/u_ibex_core/id_stage_i/imd_val_q_reg[0][16]/SI     0.12     0.08 f    -0.04 (VIOLATED)
   ibex_top_inst/u_ibex_core/cs_registers_i/priv_lvl_q_reg[1]/SI     0.12     0.09 f    -0.04 (VIOLATED)
   ibex_top_inst/u_ibex_core/if_stage_i/gen_prefetch_buffer.prefetch_buffer_i/fifo_i/valid_q_reg[2]/SI     0.12     0.08 f    -0.04 (VIOLATED)
   ibex_top_inst/u_ibex_core/id_stage_i/imd_val_q_reg[0][3]/SI     0.12     0.08 f    -0.04 (VIOLATED)
   ibex_top_inst/u_ibex_core/id_stage_i/imd_val_q_reg[0][4]/SI     0.12     0.08 f    -0.04 (VIOLATED)
   ibex_top_inst/u_ibex_core/id_stage_i/imd_val_q_reg[0][5]/SI     0.12     0.08 f    -0.04 (VIOLATED)
   ibex_top_inst/u_ibex_core/id_stage_i/imd_val_q_reg[0][6]/SI     0.12     0.08 f    -0.04 (VIOLATED)
   ibex_top_inst/u_ibex_core/id_stage_i/imd_val_q_reg[0][7]/SI     0.12     0.08 f    -0.04 (VIOLATED)
   ibex_top_inst/u_ibex_core/id_stage_i/imd_val_q_reg[0][13]/SI     0.12     0.08 f    -0.04 (VIOLATED)
   ibex_top_inst/u_ibex_core/id_stage_i/imd_val_q_reg[0][14]/SI     0.12     0.08 f    -0.04 (VIOLATED)
   ibex_top_inst/u_ibex_core/id_stage_i/imd_val_q_reg[0][15]/SI     0.12     0.08 f    -0.04 (VIOLATED)
   ibex_top_inst/u_ibex_core/id_stage_i/imd_val_q_reg[0][9]/SI     0.12     0.08 f    -0.04 (VIOLATED)
   ibex_top_inst/u_ibex_core/id_stage_i/imd_val_q_reg[0][1]/SI     0.12     0.08 f    -0.04 (VIOLATED)
   ibex_top_inst/u_ibex_core/load_store_unit_i/lsu_err_q_reg/SI     0.12     0.08 f    -0.04 (VIOLATED)
   ibex_top_inst/u_ibex_core/cs_registers_i/u_dcsr_csr/rdata_q_reg[6]/SI     0.12     0.08 f    -0.04 (VIOLATED)
   ibex_top_inst/u_ibex_core/cs_registers_i/u_mtval_csr/rdata_q_reg[31]/SI     0.12     0.08 f    -0.04 (VIOLATED)
   ibex_top_inst/u_ibex_core/id_stage_i/controller_i/ctrl_fsm_cs_reg[2]/SI     0.12     0.08 f    -0.04 (VIOLATED)
   ibex_top_inst/u_ibex_core/if_stage_i/gen_prefetch_buffer.prefetch_buffer_i/fifo_i/valid_q_reg[1]/SI     0.12     0.08 f    -0.04 (VIOLATED)
   ibex_top_inst/u_ibex_core/ex_block_i/gen_multdiv_fast.multdiv_i/gen_mult_single_cycle.mult_state_q_reg/SI     0.12     0.08 f    -0.04 (VIOLATED)
   ibex_top_inst/u_ibex_core/ex_block_i/gen_multdiv_fast.multdiv_i/div_counter_q_reg[1]/SI     0.12     0.08 f    -0.04 (VIOLATED)
   ibex_top_inst/u_ibex_core/id_stage_i/imd_val_q_reg[0][20]/SI     0.12     0.08 f    -0.04 (VIOLATED)
   ibex_top_inst/u_ibex_core/id_stage_i/imd_val_q_reg[0][18]/SI     0.12     0.08 f    -0.04 (VIOLATED)
   ibex_top_inst/u_ibex_core/id_stage_i/imd_val_q_reg[0][19]/SI     0.12     0.08 f    -0.04 (VIOLATED)
   ibex_top_inst/u_ibex_core/id_stage_i/imd_val_q_reg[0][28]/SI     0.12     0.08 f    -0.04 (VIOLATED)
   ibex_top_inst/u_ibex_core/id_stage_i/imd_val_q_reg[0][21]/SI     0.12     0.08 f    -0.04 (VIOLATED)
   ibex_top_inst/u_ibex_core/id_stage_i/imd_val_q_reg[0][22]/SI     0.12     0.08 f    -0.04 (VIOLATED)
   ibex_top_inst/u_ibex_core/id_stage_i/imd_val_q_reg[0][23]/SI     0.12     0.08 f    -0.04 (VIOLATED)
   ibex_top_inst/u_ibex_core/id_stage_i/imd_val_q_reg[0][24]/SI     0.12     0.08 f    -0.04 (VIOLATED)
   ibex_top_inst/u_ibex_core/id_stage_i/imd_val_q_reg[0][25]/SI     0.12     0.08 f    -0.04 (VIOLATED)
   ibex_top_inst/u_ibex_core/id_stage_i/imd_val_q_reg[0][26]/SI     0.12     0.08 f    -0.04 (VIOLATED)
   ibex_top_inst/u_ibex_core/id_stage_i/imd_val_q_reg[0][27]/SI     0.12     0.08 f    -0.04 (VIOLATED)
   ibex_top_inst/u_ibex_core/id_stage_i/imd_val_q_reg[0][29]/SI     0.12     0.08 f    -0.04 (VIOLATED)
   ibex_top_inst/u_ibex_core/id_stage_i/imd_val_q_reg[0][30]/SI     0.12     0.08 f    -0.04 (VIOLATED)
   ibex_top_inst/u_ibex_core/id_stage_i/imd_val_q_reg[0][31]/SI     0.12     0.08 f    -0.04 (VIOLATED)
   ibex_top_inst/u_ibex_core/id_stage_i/imd_val_q_reg[0][17]/SI     0.12     0.08 f    -0.03 (VIOLATED)
   ibex_top_inst/u_ibex_core/load_store_unit_i/ls_fsm_cs_reg[1]/SI     0.12     0.08 f    -0.03 (VIOLATED)
   ibex_top_inst/u_ibex_core/id_stage_i/controller_i/do_single_step_q_reg/SI     0.12     0.08 f    -0.03 (VIOLATED)
   ibex_top_inst/u_ibex_core/id_stage_i/imd_val_q_reg[0][32]/SI     0.12     0.08 f    -0.03 (VIOLATED)
   ibex_top_inst/u_ibex_core/cs_registers_i/u_mstatus_csr/rdata_q_reg[4]/SI     0.12     0.08 f    -0.03 (VIOLATED)
   ibex_top_inst/u_ibex_core/if_stage_i/illegal_c_insn_id_o_reg/SI     0.11     0.08 r    -0.03 (VIOLATED)
   ibex_top_inst/u_ibex_core/wb_stage_i/g_writeback_stage.wb_pc_q_reg[6]/SI     0.11     0.08 r    -0.03 (VIOLATED)
   ibex_top_inst/u_ibex_core/wb_stage_i/g_writeback_stage.wb_pc_q_reg[11]/SI     0.11     0.08 r    -0.03 (VIOLATED)
   ibex_top_inst/u_ibex_core/wb_stage_i/g_writeback_stage.rf_waddr_wb_q_reg[0]/SI     0.11     0.08 r    -0.03 (VIOLATED)
   ibex_top_inst/u_ibex_core/if_stage_i/gen_prefetch_buffer.prefetch_buffer_i/stored_addr_q_reg[2]/SI     0.11     0.08 r    -0.03 (VIOLATED)
   ibex_top_inst/u_ibex_core/if_stage_i/instr_rdata_alu_id_o_reg[4]/SI     0.11     0.08 r    -0.03 (VIOLATED)
   ibex_top_inst/u_ibex_core/if_stage_i/gen_prefetch_buffer.prefetch_buffer_i/fifo_i/err_q_reg[1]/SI     0.11     0.08 r    -0.03 (VIOLATED)
   ibex_top_inst/u_ibex_core/if_stage_i/instr_rdata_id_o_reg[2]/SI     0.11     0.08 r    -0.03 (VIOLATED)
   ibex_top_inst/u_ibex_core/if_stage_i/pc_id_o_reg[1]/SI     0.11     0.09 r    -0.02 (VIOLATED)
   ibex_top_inst/u_ibex_core/id_stage_i/controller_i/load_err_q_reg/D     0.12     0.10 f    -0.02 (VIOLATED)
   ibex_top_inst/u_ibex_core/id_stage_i/controller_i/store_err_q_reg/D     0.12     0.11 f    -0.02 (VIOLATED)
   ibex_top_inst/u_ibex_core/load_store_unit_i/addr_last_q_reg[0]/SI     0.11     0.09 f    -0.02 (VIOLATED)
   ibex_top_inst/u_ibex_core/cs_registers_i/u_mtval_csr/rdata_q_reg[1]/SI     0.11     0.09 f    -0.02 (VIOLATED)
   ibex_top_inst/u_ibex_core/cs_registers_i/u_mtval_csr/rdata_q_reg[2]/SI     0.11     0.09 f    -0.02 (VIOLATED)
   ibex_top_inst/u_ibex_core/cs_registers_i/u_mtval_csr/rdata_q_reg[3]/SI     0.11     0.09 f    -0.02 (VIOLATED)
   ibex_top_inst/u_ibex_core/cs_registers_i/u_mtval_csr/rdata_q_reg[4]/SI     0.11     0.09 f    -0.02 (VIOLATED)
   ibex_top_inst/u_ibex_core/cs_registers_i/u_mtval_csr/rdata_q_reg[5]/SI     0.11     0.09 f    -0.02 (VIOLATED)
   ibex_top_inst/u_ibex_core/cs_registers_i/u_mtval_csr/rdata_q_reg[6]/SI     0.11     0.09 f    -0.02 (VIOLATED)
   ibex_top_inst/u_ibex_core/cs_registers_i/u_mtval_csr/rdata_q_reg[7]/SI     0.11     0.09 f    -0.02 (VIOLATED)
   ibex_top_inst/u_ibex_core/cs_registers_i/u_mtval_csr/rdata_q_reg[8]/SI     0.11     0.09 f    -0.02 (VIOLATED)
   ibex_top_inst/u_ibex_core/cs_registers_i/u_mtval_csr/rdata_q_reg[9]/SI     0.11     0.09 f    -0.02 (VIOLATED)
   ibex_top_inst/u_ibex_core/cs_registers_i/u_mtval_csr/rdata_q_reg[10]/SI     0.11     0.09 f    -0.02 (VIOLATED)
   ibex_top_inst/u_ibex_core/cs_registers_i/u_mtval_csr/rdata_q_reg[11]/SI     0.11     0.09 f    -0.02 (VIOLATED)
   ibex_top_inst/u_ibex_core/cs_registers_i/u_mtval_csr/rdata_q_reg[12]/SI     0.11     0.09 f    -0.02 (VIOLATED)
   ibex_top_inst/u_ibex_core/cs_registers_i/u_mtval_csr/rdata_q_reg[13]/SI     0.11     0.09 f    -0.02 (VIOLATED)
   ibex_top_inst/u_ibex_core/cs_registers_i/u_mtval_csr/rdata_q_reg[14]/SI     0.11     0.09 f    -0.02 (VIOLATED)
   ibex_top_inst/u_ibex_core/cs_registers_i/u_mtval_csr/rdata_q_reg[15]/SI     0.11     0.09 f    -0.02 (VIOLATED)
   ibex_top_inst/u_ibex_core/cs_registers_i/u_mtval_csr/rdata_q_reg[16]/SI     0.11     0.09 f    -0.02 (VIOLATED)
   ibex_top_inst/u_ibex_core/cs_registers_i/u_mtval_csr/rdata_q_reg[17]/SI     0.11     0.09 f    -0.02 (VIOLATED)
   ibex_top_inst/u_ibex_core/cs_registers_i/u_mtval_csr/rdata_q_reg[18]/SI     0.11     0.09 f    -0.02 (VIOLATED)
   ibex_top_inst/u_ibex_core/cs_registers_i/u_mtval_csr/rdata_q_reg[19]/SI     0.11     0.09 f    -0.02 (VIOLATED)
   ibex_top_inst/u_ibex_core/cs_registers_i/u_mtval_csr/rdata_q_reg[20]/SI     0.11     0.09 f    -0.02 (VIOLATED)
   ibex_top_inst/u_ibex_core/cs_registers_i/u_mtval_csr/rdata_q_reg[21]/SI     0.11     0.09 f    -0.02 (VIOLATED)
   ibex_top_inst/u_ibex_core/cs_registers_i/u_mtval_csr/rdata_q_reg[22]/SI     0.11     0.09 f    -0.02 (VIOLATED)
   ibex_top_inst/u_ibex_core/cs_registers_i/u_mtval_csr/rdata_q_reg[23]/SI     0.11     0.09 f    -0.02 (VIOLATED)
   ibex_top_inst/u_ibex_core/cs_registers_i/u_mtval_csr/rdata_q_reg[24]/SI     0.11     0.09 f    -0.02 (VIOLATED)
   ibex_top_inst/u_ibex_core/cs_registers_i/u_mtval_csr/rdata_q_reg[25]/SI     0.11     0.09 f    -0.02 (VIOLATED)
   ibex_top_inst/u_ibex_core/cs_registers_i/u_mtval_csr/rdata_q_reg[26]/SI     0.11     0.09 f    -0.02 (VIOLATED)
   ibex_top_inst/u_ibex_core/cs_registers_i/u_mtval_csr/rdata_q_reg[27]/SI     0.11     0.09 f    -0.02 (VIOLATED)
   ibex_top_inst/u_ibex_core/cs_registers_i/u_mtval_csr/rdata_q_reg[28]/SI     0.11     0.09 f    -0.02 (VIOLATED)
   ibex_top_inst/u_ibex_core/cs_registers_i/u_mtval_csr/rdata_q_reg[29]/SI     0.11     0.09 f    -0.02 (VIOLATED)
   ibex_top_inst/u_ibex_core/cs_registers_i/u_mtval_csr/rdata_q_reg[30]/SI     0.11     0.09 f    -0.02 (VIOLATED)
   ibex_top_inst/u_ibex_core/cs_registers_i/u_mtvec_csr/rdata_q_reg[8]/SI     0.11     0.09 f    -0.02 (VIOLATED)
   ibex_top_inst/u_ibex_core/load_store_unit_i/rdata_q_reg[16]/D     0.12     0.11 f    -0.01 (VIOLATED)
   ibex_top_inst/u_ibex_core/load_store_unit_i/rdata_q_reg[17]/D     0.12     0.11 f    -0.01 (VIOLATED)
   ibex_top_inst/u_ibex_core/load_store_unit_i/rdata_q_reg[18]/D     0.12     0.11 f    -0.01 (VIOLATED)
   ibex_top_inst/u_ibex_core/load_store_unit_i/rdata_q_reg[20]/D     0.12     0.11 f    -0.01 (VIOLATED)
   ibex_top_inst/u_ibex_core/load_store_unit_i/rdata_q_reg[21]/D     0.12     0.11 f    -0.01 (VIOLATED)
   ibex_top_inst/u_ibex_core/load_store_unit_i/rdata_q_reg[22]/D     0.12     0.11 f    -0.01 (VIOLATED)
   ibex_top_inst/u_ibex_core/load_store_unit_i/rdata_q_reg[23]/D     0.12     0.11 f    -0.01 (VIOLATED)
   ibex_top_inst/u_ibex_core/load_store_unit_i/addr_last_q_reg[17]/SI     0.11     0.10 f    -0.01 (VIOLATED)
   ibex_top_inst/u_ibex_core/load_store_unit_i/addr_last_q_reg[18]/SI     0.11     0.10 f    -0.01 (VIOLATED)
   ibex_top_inst/u_ibex_core/load_store_unit_i/addr_last_q_reg[19]/SI     0.11     0.10 f    -0.01 (VIOLATED)
   ibex_top_inst/u_ibex_core/load_store_unit_i/addr_last_q_reg[20]/SI     0.11     0.10 f    -0.01 (VIOLATED)
   ibex_top_inst/u_ibex_core/load_store_unit_i/addr_last_q_reg[21]/SI     0.11     0.10 f    -0.01 (VIOLATED)
   ibex_top_inst/u_ibex_core/load_store_unit_i/addr_last_q_reg[22]/SI     0.11     0.10 f    -0.01 (VIOLATED)
   ibex_top_inst/u_ibex_core/load_store_unit_i/addr_last_q_reg[23]/SI     0.11     0.10 f    -0.01 (VIOLATED)
   ibex_top_inst/u_ibex_core/load_store_unit_i/addr_last_q_reg[24]/SI     0.11     0.10 f    -0.01 (VIOLATED)
   ibex_top_inst/u_ibex_core/load_store_unit_i/addr_last_q_reg[25]/SI     0.11     0.10 f    -0.01 (VIOLATED)
   ibex_top_inst/u_ibex_core/load_store_unit_i/addr_last_q_reg[26]/SI     0.11     0.10 f    -0.01 (VIOLATED)
   ibex_top_inst/u_ibex_core/load_store_unit_i/addr_last_q_reg[27]/SI     0.11     0.10 f    -0.01 (VIOLATED)
   ibex_top_inst/u_ibex_core/load_store_unit_i/addr_last_q_reg[28]/SI     0.11     0.10 f    -0.01 (VIOLATED)
   ibex_top_inst/u_ibex_core/load_store_unit_i/addr_last_q_reg[29]/SI     0.11     0.10 f    -0.01 (VIOLATED)
   ibex_top_inst/u_ibex_core/load_store_unit_i/addr_last_q_reg[30]/SI     0.11     0.10 f    -0.01 (VIOLATED)
   ibex_top_inst/u_ibex_core/load_store_unit_i/data_sign_ext_q_reg/SI     0.11     0.10 f    -0.01 (VIOLATED)
   ibex_top_inst/u_ibex_core/load_store_unit_i/addr_last_q_reg[1]/SI     0.11     0.10 f    -0.01 (VIOLATED)
   ibex_top_inst/u_ibex_core/load_store_unit_i/addr_last_q_reg[2]/SI     0.11     0.10 f    -0.01 (VIOLATED)
   ibex_top_inst/u_ibex_core/load_store_unit_i/addr_last_q_reg[3]/SI     0.11     0.10 f    -0.01 (VIOLATED)
   ibex_top_inst/u_ibex_core/load_store_unit_i/addr_last_q_reg[4]/SI     0.11     0.10 f    -0.01 (VIOLATED)
   ibex_top_inst/u_ibex_core/load_store_unit_i/addr_last_q_reg[5]/SI     0.11     0.10 f    -0.01 (VIOLATED)
   ibex_top_inst/u_ibex_core/load_store_unit_i/addr_last_q_reg[6]/SI     0.11     0.10 f    -0.01 (VIOLATED)
   ibex_top_inst/u_ibex_core/load_store_unit_i/addr_last_q_reg[7]/SI     0.11     0.10 f    -0.01 (VIOLATED)
   ibex_top_inst/u_ibex_core/load_store_unit_i/addr_last_q_reg[8]/SI     0.11     0.10 f    -0.01 (VIOLATED)
   ibex_top_inst/u_ibex_core/load_store_unit_i/addr_last_q_reg[9]/SI     0.11     0.10 f    -0.01 (VIOLATED)
   ibex_top_inst/u_ibex_core/load_store_unit_i/addr_last_q_reg[10]/SI     0.11     0.10 f    -0.01 (VIOLATED)
   ibex_top_inst/u_ibex_core/load_store_unit_i/addr_last_q_reg[11]/SI     0.11     0.10 f    -0.01 (VIOLATED)
   ibex_top_inst/u_ibex_core/load_store_unit_i/addr_last_q_reg[12]/SI     0.11     0.10 f    -0.01 (VIOLATED)
   ibex_top_inst/u_ibex_core/load_store_unit_i/addr_last_q_reg[13]/SI     0.11     0.10 f    -0.01 (VIOLATED)
   ibex_top_inst/u_ibex_core/load_store_unit_i/addr_last_q_reg[14]/SI     0.11     0.10 f    -0.01 (VIOLATED)
   ibex_top_inst/u_ibex_core/load_store_unit_i/addr_last_q_reg[15]/SI     0.11     0.10 f    -0.01 (VIOLATED)
   ibex_top_inst/u_ibex_core/load_store_unit_i/addr_last_q_reg[16]/SI     0.11     0.10 f    -0.01 (VIOLATED)
   ibex_top_inst/u_ibex_core/load_store_unit_i/rdata_q_reg[19]/D     0.12     0.11 f    -0.01 (VIOLATED)
   ibex_top_inst/u_ibex_core/cs_registers_i/u_mepc_csr/rdata_q_reg[13]/SI     0.11     0.10 f    -0.01 (VIOLATED)
   ibex_top_inst/u_ibex_core/cs_registers_i/u_mepc_csr/rdata_q_reg[21]/SI     0.11     0.10 f    -0.01 (VIOLATED)
   ibex_top_inst/u_ibex_core/cs_registers_i/u_mepc_csr/rdata_q_reg[23]/SI     0.11     0.10 f    -0.01 (VIOLATED)
   ibex_top_inst/u_ibex_core/cs_registers_i/u_mepc_csr/rdata_q_reg[25]/SI     0.11     0.10 f    -0.01 (VIOLATED)
   ibex_top_inst/u_ibex_core/cs_registers_i/u_mepc_csr/rdata_q_reg[27]/SI     0.11     0.10 f    -0.01 (VIOLATED)
   ibex_top_inst/u_ibex_core/cs_registers_i/u_mepc_csr/rdata_q_reg[4]/SI     0.11     0.10 f    -0.01 (VIOLATED)
   ibex_top_inst/u_ibex_core/cs_registers_i/u_mepc_csr/rdata_q_reg[5]/SI     0.11     0.10 f    -0.01 (VIOLATED)
   ibex_top_inst/u_ibex_core/cs_registers_i/u_mepc_csr/rdata_q_reg[7]/SI     0.11     0.10 f    -0.01 (VIOLATED)
   ibex_top_inst/u_ibex_core/cs_registers_i/u_mepc_csr/rdata_q_reg[9]/SI     0.11     0.10 f    -0.01 (VIOLATED)
   ibex_top_inst/u_ibex_core/cs_registers_i/u_mepc_csr/rdata_q_reg[10]/SI     0.11     0.10 f    -0.01 (VIOLATED)
   ibex_top_inst/u_ibex_core/cs_registers_i/u_mepc_csr/rdata_q_reg[11]/SI     0.11     0.10 f    -0.01 (VIOLATED)
   ibex_top_inst/u_ibex_core/cs_registers_i/u_mepc_csr/rdata_q_reg[12]/SI     0.11     0.10 f    -0.01 (VIOLATED)
   ibex_top_inst/u_ibex_core/cs_registers_i/u_mepc_csr/rdata_q_reg[14]/SI     0.11     0.10 f    -0.01 (VIOLATED)
   ibex_top_inst/u_ibex_core/cs_registers_i/u_mepc_csr/rdata_q_reg[15]/SI     0.11     0.10 f    -0.01 (VIOLATED)
   ibex_top_inst/u_ibex_core/cs_registers_i/u_mepc_csr/rdata_q_reg[16]/SI     0.11     0.10 f    -0.01 (VIOLATED)
   ibex_top_inst/u_ibex_core/cs_registers_i/u_mepc_csr/rdata_q_reg[17]/SI     0.11     0.10 f    -0.01 (VIOLATED)
   ibex_top_inst/u_ibex_core/cs_registers_i/u_mepc_csr/rdata_q_reg[18]/SI     0.11     0.10 f    -0.01 (VIOLATED)
   ibex_top_inst/u_ibex_core/cs_registers_i/u_mepc_csr/rdata_q_reg[19]/SI     0.11     0.10 f    -0.01 (VIOLATED)
   ibex_top_inst/u_ibex_core/cs_registers_i/u_mepc_csr/rdata_q_reg[20]/SI     0.11     0.10 f    -0.01 (VIOLATED)
   ibex_top_inst/u_ibex_core/cs_registers_i/u_mepc_csr/rdata_q_reg[22]/SI     0.11     0.10 f    -0.01 (VIOLATED)
   ibex_top_inst/u_ibex_core/cs_registers_i/u_mepc_csr/rdata_q_reg[24]/SI     0.11     0.10 f    -0.01 (VIOLATED)
   ibex_top_inst/u_ibex_core/cs_registers_i/u_mepc_csr/rdata_q_reg[26]/SI     0.11     0.10 f    -0.01 (VIOLATED)
   ibex_top_inst/u_ibex_core/cs_registers_i/u_mepc_csr/rdata_q_reg[28]/SI     0.11     0.10 f    -0.01 (VIOLATED)
   ibex_top_inst/u_ibex_core/cs_registers_i/u_mepc_csr/rdata_q_reg[29]/SI     0.11     0.10 f    -0.01 (VIOLATED)
   ibex_top_inst/u_ibex_core/cs_registers_i/u_mepc_csr/rdata_q_reg[30]/SI     0.11     0.10 f    -0.01 (VIOLATED)
   ibex_top_inst/u_ibex_core/cs_registers_i/u_mepc_csr/rdata_q_reg[31]/SI     0.11     0.10 f    -0.01 (VIOLATED)
   ibex_top_inst/u_ibex_core/cs_registers_i/u_mie_csr/rdata_q_reg[0]/SI     0.11     0.10 f    -0.01 (VIOLATED)
   ibex_top_inst/u_ibex_core/cs_registers_i/u_mepc_csr/rdata_q_reg[2]/SI     0.11     0.10 f    -0.01 (VIOLATED)
   ibex_top_inst/u_ibex_core/cs_registers_i/u_mepc_csr/rdata_q_reg[3]/SI     0.11     0.10 f    -0.01 (VIOLATED)
   ibex_top_inst/u_ibex_core/cs_registers_i/u_mepc_csr/rdata_q_reg[6]/SI     0.11     0.10 f    -0.01 (VIOLATED)
   ibex_top_inst/u_ibex_core/cs_registers_i/u_mepc_csr/rdata_q_reg[8]/SI     0.11     0.10 f    -0.01 (VIOLATED)
   ibex_top_inst/u_ibex_core/load_store_unit_i/rdata_q_reg[24]/D     0.12     0.11 f    -0.01 (VIOLATED)
   ibex_top_inst/u_ibex_core/load_store_unit_i/rdata_q_reg[31]/D     0.12     0.11 f    -0.01 (VIOLATED)
   ibex_top_inst/u_ibex_core/load_store_unit_i/rdata_q_reg[25]/D     0.12     0.11 f    -0.01 (VIOLATED)
   ibex_top_inst/u_ibex_core/load_store_unit_i/rdata_q_reg[26]/D     0.12     0.11 f    -0.01 (VIOLATED)
   ibex_top_inst/u_ibex_core/load_store_unit_i/rdata_q_reg[27]/D     0.12     0.11 f    -0.01 (VIOLATED)
   ibex_top_inst/u_ibex_core/load_store_unit_i/rdata_q_reg[28]/D     0.12     0.11 f    -0.01 (VIOLATED)
   ibex_top_inst/u_ibex_core/load_store_unit_i/rdata_q_reg[29]/D     0.12     0.11 f    -0.01 (VIOLATED)
   ibex_top_inst/u_ibex_core/load_store_unit_i/rdata_q_reg[30]/D     0.12     0.11 f    -0.01 (VIOLATED)
   ibex_top_inst/u_ibex_core/if_stage_i/pc_id_o_reg[30]/SI     0.11     0.10 f    -0.01 (VIOLATED)
   ibex_top_inst/u_ibex_core/if_stage_i/instr_rdata_id_o_reg[7]/SI     0.11     0.10 r    -0.01 (VIOLATED)
   ibex_top_inst/u_ibex_core/if_stage_i/instr_rdata_id_o_reg[15]/SI     0.11     0.11 r    -0.01 (VIOLATED)
   ibex_top_inst/u_ibex_core/if_stage_i/instr_rdata_id_o_reg[30]/SI     0.11     0.11 r     0.00 (VIOLATED: increase significant digits)
   ibex_top_inst/u_ibex_core/if_stage_i/gen_prefetch_buffer.prefetch_buffer_i/fifo_i/instr_addr_q_reg[3]/SI     0.10     0.10 r     0.00 (VIOLATED: increase significant digits)


   max_transition

                             Required        Actual
   Net                      Transition     Transition        Slack
   -----------------------------------------------------------------
   rst_ni (dont_touch)          2.00           3.16          -1.16  (VIOLATED)
       PIN :   ibex_top_inst/u_ibex_core/cs_registers_i/u_dcsr_csr/rdata_q_reg[8]/RD     2.00     3.16    -1.16 (VIOLATED)
       PIN :   ibex_top_inst/u_ibex_core/cs_registers_i/mcycle_counter_i/counter_q_reg[50]/RD     2.00     3.16    -1.16 (VIOLATED)
       PIN :   ibex_top_inst/u_ibex_core/cs_registers_i/mcycle_counter_i/counter_q_reg[42]/RD     2.00     3.16    -1.16 (VIOLATED)
       PIN :   ibex_top_inst/u_ibex_core/cs_registers_i/mcycle_counter_i/counter_q_reg[41]/RD     2.00     3.16    -1.16 (VIOLATED)
       PIN :   ibex_top_inst/u_ibex_core/cs_registers_i/mcycle_counter_i/counter_q_reg[40]/RD     2.00     3.16    -1.16 (VIOLATED)
       PIN :   ibex_top_inst/u_ibex_core/cs_registers_i/minstret_counter_i/counter_q_reg[48]/RD     2.00     3.16    -1.16 (VIOLATED)
       PIN :   ibex_top_inst/u_ibex_core/cs_registers_i/minstret_counter_i/counter_q_reg[47]/RD     2.00     3.16    -1.16 (VIOLATED)
       PIN :   ibex_top_inst/u_ibex_core/cs_registers_i/minstret_counter_i/counter_q_reg[46]/RD     2.00     3.16    -1.16 (VIOLATED)
       PIN :   ibex_top_inst/u_ibex_core/cs_registers_i/minstret_counter_i/counter_q_reg[45]/RD     2.00     3.16    -1.16 (VIOLATED)
       PIN :   ibex_top_inst/u_ibex_core/cs_registers_i/minstret_counter_i/counter_q_reg[44]/RD     2.00     3.16    -1.16 (VIOLATED)
       PIN :   ibex_top_inst/u_ibex_core/cs_registers_i/minstret_counter_i/counter_q_reg[7]/RD     2.00     3.16    -1.16 (VIOLATED)
       PIN :   ibex_top_inst/u_ibex_core/cs_registers_i/minstret_counter_i/counter_q_reg[6]/RD     2.00     3.16    -1.16 (VIOLATED)
       PIN :   ibex_top_inst/u_ibex_core/cs_registers_i/minstret_counter_i/counter_q_reg[30]/RD     2.00     3.16    -1.16 (VIOLATED)
       PIN :   ibex_top_inst/u_ibex_core/cs_registers_i/minstret_counter_i/counter_q_reg[29]/RD     2.00     3.16    -1.16 (VIOLATED)
       PIN :   ibex_top_inst/u_ibex_core/cs_registers_i/minstret_counter_i/counter_q_reg[28]/RD     2.00     3.16    -1.16 (VIOLATED)
       PIN :   ibex_top_inst/u_ibex_core/cs_registers_i/u_mtval_csr/rdata_q_reg[13]/RD     2.00     3.16    -1.16 (VIOLATED)
       PIN :   ibex_top_inst/u_ibex_core/cs_registers_i/u_mtval_csr/rdata_q_reg[4]/RD     2.00     3.16    -1.16 (VIOLATED)
       PIN :   ibex_top_inst/u_ibex_core/cs_registers_i/u_mtval_csr/rdata_q_reg[1]/RD     2.00     3.16    -1.16 (VIOLATED)
       PIN :   ibex_top_inst/u_ibex_core/cs_registers_i/u_mtval_csr/rdata_q_reg[0]/RD     2.00     3.16    -1.16 (VIOLATED)
       PIN :   ibex_top_inst/u_ibex_core/cs_registers_i/u_mtval_csr/rdata_q_reg[29]/RD     2.00     3.16    -1.16 (VIOLATED)
       PIN :   ibex_top_inst/u_ibex_core/cs_registers_i/u_mtval_csr/rdata_q_reg[24]/RD     2.00     3.16    -1.16 (VIOLATED)
       PIN :   ibex_top_inst/u_ibex_core/cs_registers_i/u_mtval_csr/rdata_q_reg[21]/RD     2.00     3.16    -1.16 (VIOLATED)
       PIN :   ibex_top_inst/u_ibex_core/cs_registers_i/u_mtval_csr/rdata_q_reg[20]/RD     2.00     3.16    -1.16 (VIOLATED)
       PIN :   ibex_top_inst/u_ibex_core/cs_registers_i/u_mstack_epc_csr/rdata_q_reg[18]/RD     2.00     3.16    -1.16 (VIOLATED)
       PIN :   ibex_top_inst/u_ibex_core/cs_registers_i/u_mepc_csr/rdata_q_reg[15]/RD     2.00     3.16    -1.16 (VIOLATED)
       PIN :   ibex_top_inst/u_ibex_core/cs_registers_i/u_mstack_epc_csr/rdata_q_reg[15]/RD     2.00     3.16    -1.16 (VIOLATED)
       PIN :   ibex_top_inst/u_ibex_core/cs_registers_i/u_mstack_epc_csr/rdata_q_reg[14]/RD     2.00     3.16    -1.16 (VIOLATED)
       PIN :   ibex_top_inst/u_ibex_core/cs_registers_i/u_mstack_cause_csr/rdata_q_reg[2]/RD     2.00     3.16    -1.16 (VIOLATED)
       PIN :   ibex_top_inst/u_ibex_core/cs_registers_i/u_mcause_csr/rdata_q_reg[2]/RD     2.00     3.16    -1.16 (VIOLATED)
       PIN :   ibex_top_inst/u_ibex_core/cs_registers_i/u_mcause_csr/rdata_q_reg[1]/RD     2.00     3.16    -1.16 (VIOLATED)
       PIN :   ibex_top_inst/u_ibex_core/cs_registers_i/u_mstack_cause_csr/rdata_q_reg[1]/RD     2.00     3.16    -1.16 (VIOLATED)
       PIN :   ibex_top_inst/u_ibex_core/cs_registers_i/u_mstack_cause_csr/rdata_q_reg[0]/RD     2.00     3.16    -1.16 (VIOLATED)
       PIN :   ibex_top_inst/u_ibex_core/cs_registers_i/u_mcause_csr/rdata_q_reg[0]/RD     2.00     3.16    -1.16 (VIOLATED)
       PIN :   ibex_top_inst/u_ibex_core/cs_registers_i/u_dscratch1_csr/rdata_q_reg[31]/RD     2.00     3.16    -1.16 (VIOLATED)
       PIN :   ibex_top_inst/u_ibex_core/cs_registers_i/u_dscratch1_csr/rdata_q_reg[30]/RD     2.00     3.16    -1.16 (VIOLATED)
       PIN :   ibex_top_inst/u_ibex_core/cs_registers_i/u_dscratch1_csr/rdata_q_reg[29]/RD     2.00     3.16    -1.16 (VIOLATED)
       PIN :   ibex_top_inst/u_ibex_core/cs_registers_i/u_dscratch1_csr/rdata_q_reg[28]/RD     2.00     3.16    -1.16 (VIOLATED)
       PIN :   ibex_top_inst/u_ibex_core/cs_registers_i/u_dscratch1_csr/rdata_q_reg[27]/RD     2.00     3.16    -1.16 (VIOLATED)
       PIN :   ibex_top_inst/u_ibex_core/cs_registers_i/u_dscratch1_csr/rdata_q_reg[26]/RD     2.00     3.16    -1.16 (VIOLATED)
       PIN :   ibex_top_inst/u_ibex_core/cs_registers_i/u_dscratch1_csr/rdata_q_reg[25]/RD     2.00     3.16    -1.16 (VIOLATED)
       PIN :   ibex_top_inst/u_ibex_core/cs_registers_i/u_dscratch1_csr/rdata_q_reg[24]/RD     2.00     3.16    -1.16 (VIOLATED)
       PIN :   ibex_top_inst/u_ibex_core/cs_registers_i/u_dscratch1_csr/rdata_q_reg[23]/RD     2.00     3.16    -1.16 (VIOLATED)
       PIN :   ibex_top_inst/u_ibex_core/cs_registers_i/u_dscratch1_csr/rdata_q_reg[22]/RD     2.00     3.16    -1.16 (VIOLATED)
       PIN :   ibex_top_inst/u_ibex_core/cs_registers_i/u_dscratch1_csr/rdata_q_reg[21]/RD     2.00     3.16    -1.16 (VIOLATED)
       PIN :   ibex_top_inst/u_ibex_core/cs_registers_i/u_dscratch1_csr/rdata_q_reg[20]/RD     2.00     3.16    -1.16 (VIOLATED)
       PIN :   ibex_top_inst/u_ibex_core/cs_registers_i/u_dscratch1_csr/rdata_q_reg[19]/RD     2.00     3.16    -1.16 (VIOLATED)
       PIN :   ibex_top_inst/u_ibex_core/cs_registers_i/u_dscratch1_csr/rdata_q_reg[18]/RD     2.00     3.16    -1.16 (VIOLATED)
       PIN :   ibex_top_inst/u_ibex_core/cs_registers_i/u_dscratch1_csr/rdata_q_reg[17]/RD     2.00     3.16    -1.16 (VIOLATED)
       PIN :   ibex_top_inst/u_ibex_core/cs_registers_i/u_dscratch1_csr/rdata_q_reg[16]/RD     2.00     3.16    -1.16 (VIOLATED)
       PIN :   ibex_top_inst/u_ibex_core/cs_registers_i/u_dscratch1_csr/rdata_q_reg[15]/RD     2.00     3.16    -1.16 (VIOLATED)
       PIN :   ibex_top_inst/u_ibex_core/cs_registers_i/u_dscratch1_csr/rdata_q_reg[14]/RD     2.00     3.16    -1.16 (VIOLATED)
       PIN :   ibex_top_inst/u_ibex_core/cs_registers_i/u_dscratch1_csr/rdata_q_reg[13]/RD     2.00     3.16    -1.16 (VIOLATED)
       PIN :   ibex_top_inst/u_ibex_core/cs_registers_i/u_dscratch1_csr/rdata_q_reg[12]/RD     2.00     3.16    -1.16 (VIOLATED)
       PIN :   ibex_top_inst/u_ibex_core/cs_registers_i/u_dscratch1_csr/rdata_q_reg[11]/RD     2.00     3.16    -1.16 (VIOLATED)
       PIN :   ibex_top_inst/u_ibex_core/cs_registers_i/u_dscratch1_csr/rdata_q_reg[10]/RD     2.00     3.16    -1.16 (VIOLATED)
       PIN :   ibex_top_inst/u_ibex_core/cs_registers_i/u_dscratch1_csr/rdata_q_reg[9]/RD     2.00     3.16    -1.16 (VIOLATED)
       PIN :   ibex_top_inst/u_ibex_core/cs_registers_i/u_dscratch1_csr/rdata_q_reg[8]/RD     2.00     3.16    -1.16 (VIOLATED)
       PIN :   ibex_top_inst/u_ibex_core/cs_registers_i/u_dscratch1_csr/rdata_q_reg[7]/RD     2.00     3.16    -1.16 (VIOLATED)
       PIN :   ibex_top_inst/u_ibex_core/cs_registers_i/u_dscratch1_csr/rdata_q_reg[6]/RD     2.00     3.16    -1.16 (VIOLATED)
       PIN :   ibex_top_inst/u_ibex_core/cs_registers_i/u_dscratch1_csr/rdata_q_reg[5]/RD     2.00     3.16    -1.16 (VIOLATED)
       PIN :   ibex_top_inst/u_ibex_core/cs_registers_i/u_dscratch1_csr/rdata_q_reg[4]/RD     2.00     3.16    -1.16 (VIOLATED)
       PIN :   ibex_top_inst/u_ibex_core/cs_registers_i/u_dscratch1_csr/rdata_q_reg[3]/RD     2.00     3.16    -1.16 (VIOLATED)
       PIN :   ibex_top_inst/u_ibex_core/cs_registers_i/u_dscratch1_csr/rdata_q_reg[2]/RD     2.00     3.16    -1.16 (VIOLATED)
       PIN :   ibex_top_inst/u_ibex_core/cs_registers_i/u_dscratch1_csr/rdata_q_reg[1]/RD     2.00     3.16    -1.16 (VIOLATED)
       PIN :   ibex_top_inst/u_ibex_core/cs_registers_i/u_dscratch1_csr/rdata_q_reg[0]/RD     2.00     3.16    -1.16 (VIOLATED)
       PIN :   ibex_top_inst/u_ibex_core/cs_registers_i/u_dscratch0_csr/rdata_q_reg[31]/RD     2.00     3.16    -1.16 (VIOLATED)
       PIN :   ibex_top_inst/u_ibex_core/cs_registers_i/u_dscratch0_csr/rdata_q_reg[30]/RD     2.00     3.16    -1.16 (VIOLATED)
       PIN :   ibex_top_inst/u_ibex_core/cs_registers_i/u_dscratch0_csr/rdata_q_reg[29]/RD     2.00     3.16    -1.16 (VIOLATED)
       PIN :   ibex_top_inst/u_ibex_core/cs_registers_i/u_dscratch0_csr/rdata_q_reg[28]/RD     2.00     3.16    -1.16 (VIOLATED)
       PIN :   ibex_top_inst/u_ibex_core/cs_registers_i/u_dscratch0_csr/rdata_q_reg[27]/RD     2.00     3.16    -1.16 (VIOLATED)
       PIN :   ibex_top_inst/u_ibex_core/cs_registers_i/u_dscratch0_csr/rdata_q_reg[26]/RD     2.00     3.16    -1.16 (VIOLATED)
       PIN :   ibex_top_inst/u_ibex_core/cs_registers_i/u_dscratch0_csr/rdata_q_reg[25]/RD     2.00     3.16    -1.16 (VIOLATED)
       PIN :   ibex_top_inst/u_ibex_core/cs_registers_i/u_dscratch0_csr/rdata_q_reg[24]/RD     2.00     3.16    -1.16 (VIOLATED)
       PIN :   ibex_top_inst/u_ibex_core/cs_registers_i/u_dscratch0_csr/rdata_q_reg[23]/RD     2.00     3.16    -1.16 (VIOLATED)
       PIN :   ibex_top_inst/u_ibex_core/cs_registers_i/u_dscratch0_csr/rdata_q_reg[22]/RD     2.00     3.16    -1.16 (VIOLATED)
       PIN :   ibex_top_inst/u_ibex_core/cs_registers_i/u_dscratch0_csr/rdata_q_reg[21]/RD     2.00     3.16    -1.16 (VIOLATED)
       PIN :   ibex_top_inst/u_ibex_core/cs_registers_i/u_dscratch0_csr/rdata_q_reg[20]/RD     2.00     3.16    -1.16 (VIOLATED)
       PIN :   ibex_top_inst/u_ibex_core/cs_registers_i/u_dscratch0_csr/rdata_q_reg[19]/RD     2.00     3.16    -1.16 (VIOLATED)
       PIN :   ibex_top_inst/u_ibex_core/cs_registers_i/u_dscratch0_csr/rdata_q_reg[18]/RD     2.00     3.16    -1.16 (VIOLATED)
       PIN :   ibex_top_inst/u_ibex_core/cs_registers_i/u_dscratch0_csr/rdata_q_reg[17]/RD     2.00     3.16    -1.16 (VIOLATED)
       PIN :   ibex_top_inst/u_ibex_core/cs_registers_i/u_dscratch0_csr/rdata_q_reg[16]/RD     2.00     3.16    -1.16 (VIOLATED)
       PIN :   ibex_top_inst/u_ibex_core/cs_registers_i/u_dscratch0_csr/rdata_q_reg[15]/RD     2.00     3.16    -1.16 (VIOLATED)
       PIN :   ibex_top_inst/u_ibex_core/cs_registers_i/u_dscratch0_csr/rdata_q_reg[14]/RD     2.00     3.16    -1.16 (VIOLATED)
       PIN :   ibex_top_inst/u_ibex_core/cs_registers_i/u_dscratch0_csr/rdata_q_reg[13]/RD     2.00     3.16    -1.16 (VIOLATED)
       PIN :   ibex_top_inst/u_ibex_core/cs_registers_i/u_dscratch0_csr/rdata_q_reg[12]/RD     2.00     3.16    -1.16 (VIOLATED)
       PIN :   ibex_top_inst/u_ibex_core/cs_registers_i/u_dscratch0_csr/rdata_q_reg[11]/RD     2.00     3.16    -1.16 (VIOLATED)
       PIN :   ibex_top_inst/u_ibex_core/cs_registers_i/u_dscratch0_csr/rdata_q_reg[10]/RD     2.00     3.16    -1.16 (VIOLATED)
       PIN :   ibex_top_inst/u_ibex_core/cs_registers_i/u_dscratch0_csr/rdata_q_reg[9]/RD     2.00     3.16    -1.16 (VIOLATED)
       PIN :   ibex_top_inst/u_ibex_core/cs_registers_i/u_dscratch0_csr/rdata_q_reg[8]/RD     2.00     3.16    -1.16 (VIOLATED)
       PIN :   ibex_top_inst/u_ibex_core/cs_registers_i/u_dscratch0_csr/rdata_q_reg[7]/RD     2.00     3.16    -1.16 (VIOLATED)
       PIN :   ibex_top_inst/u_ibex_core/cs_registers_i/u_dscratch0_csr/rdata_q_reg[6]/RD     2.00     3.16    -1.16 (VIOLATED)
       PIN :   ibex_top_inst/u_ibex_core/cs_registers_i/u_dscratch0_csr/rdata_q_reg[5]/RD     2.00     3.16    -1.16 (VIOLATED)
       PIN :   ibex_top_inst/u_ibex_core/cs_registers_i/u_dscratch0_csr/rdata_q_reg[4]/RD     2.00     3.16    -1.16 (VIOLATED)
       PIN :   ibex_top_inst/u_ibex_core/cs_registers_i/u_dscratch0_csr/rdata_q_reg[3]/RD     2.00     3.16    -1.16 (VIOLATED)
       PIN :   ibex_top_inst/u_ibex_core/cs_registers_i/u_dscratch0_csr/rdata_q_reg[2]/RD     2.00     3.16    -1.16 (VIOLATED)
       PIN :   ibex_top_inst/u_ibex_core/cs_registers_i/u_dscratch0_csr/rdata_q_reg[1]/RD     2.00     3.16    -1.16 (VIOLATED)
       PIN :   ibex_top_inst/u_ibex_core/cs_registers_i/u_dscratch0_csr/rdata_q_reg[0]/RD     2.00     3.16    -1.16 (VIOLATED)
       PIN :   ibex_top_inst/u_ibex_core/cs_registers_i/u_depc_csr/rdata_q_reg[31]/RD     2.00     3.16    -1.16 (VIOLATED)
       PIN :   ibex_top_inst/u_ibex_core/cs_registers_i/u_depc_csr/rdata_q_reg[30]/RD     2.00     3.16    -1.16 (VIOLATED)
       PIN :   ibex_top_inst/u_ibex_core/cs_registers_i/u_depc_csr/rdata_q_reg[29]/RD     2.00     3.16    -1.16 (VIOLATED)
       PIN :   ibex_top_inst/u_ibex_core/cs_registers_i/u_mtvec_csr/rdata_q_reg[12]/RD     2.00     3.16    -1.16 (VIOLATED)
       PIN :   ibex_top_inst/u_ibex_core/cs_registers_i/u_mtvec_csr/rdata_q_reg[11]/RD     2.00     3.16    -1.16 (VIOLATED)
       PIN :   ibex_top_inst/u_ibex_core/cs_registers_i/u_mtvec_csr/rdata_q_reg[20]/RD     2.00     3.16    -1.16 (VIOLATED)
       PIN :   ibex_top_inst/u_ibex_core/cs_registers_i/u_mtvec_csr/rdata_q_reg[19]/RD     2.00     3.16    -1.16 (VIOLATED)
       PIN :   ibex_top_inst/u_ibex_core/cs_registers_i/u_mtvec_csr/rdata_q_reg[18]/RD     2.00     3.16    -1.16 (VIOLATED)
       PIN :   ibex_top_inst/u_ibex_core/cs_registers_i/u_mtvec_csr/rdata_q_reg[17]/RD     2.00     3.16    -1.16 (VIOLATED)
       PIN :   ibex_top_inst/u_ibex_core/cs_registers_i/u_mtvec_csr/rdata_q_reg[16]/RD     2.00     3.16    -1.16 (VIOLATED)
       PIN :   ibex_top_inst/u_ibex_core/cs_registers_i/u_mtvec_csr/rdata_q_reg[15]/RD     2.00     3.16    -1.16 (VIOLATED)
       PIN :   ibex_top_inst/u_ibex_core/cs_registers_i/u_mtvec_csr/rdata_q_reg[10]/RD     2.00     3.16    -1.16 (VIOLATED)
       PIN :   ibex_top_inst/u_ibex_core/cs_registers_i/u_mtvec_csr/rdata_q_reg[9]/RD     2.00     3.16    -1.16 (VIOLATED)
       PIN :   ibex_top_inst/u_ibex_core/cs_registers_i/u_mtvec_csr/rdata_q_reg[25]/RD     2.00     3.16    -1.16 (VIOLATED)
       PIN :   ibex_top_inst/u_ibex_core/cs_registers_i/u_mtvec_csr/rdata_q_reg[24]/RD     2.00     3.16    -1.16 (VIOLATED)
       PIN :   ibex_top_inst/u_ibex_core/cs_registers_i/u_mtvec_csr/rdata_q_reg[23]/RD     2.00     3.16    -1.16 (VIOLATED)
       PIN :   ibex_top_inst/u_ibex_core/cs_registers_i/u_dcsr_csr/rdata_q_reg[7]/RD     2.00     3.16    -1.16 (VIOLATED)
       PIN :   ibex_top_inst/u_ibex_core/cs_registers_i/u_dcsr_csr/rdata_q_reg[6]/RD     2.00     3.16    -1.16 (VIOLATED)
       PIN :   ibex_top_inst/u_ibex_core/cs_registers_i/u_depc_csr/rdata_q_reg[5]/RD     2.00     3.16    -1.16 (VIOLATED)
       PIN :   ibex_top_inst/u_ibex_core/cs_registers_i/u_depc_csr/rdata_q_reg[4]/RD     2.00     3.16    -1.16 (VIOLATED)
       PIN :   ibex_top_inst/u_ibex_core/cs_registers_i/u_depc_csr/rdata_q_reg[3]/RD     2.00     3.16    -1.16 (VIOLATED)
       PIN :   ibex_top_inst/u_ibex_core/cs_registers_i/u_mstack_epc_csr/rdata_q_reg[1]/RD     2.00     3.16    -1.16 (VIOLATED)
       PIN :   ibex_top_inst/u_ibex_core/cs_registers_i/u_mepc_csr/rdata_q_reg[1]/RD     2.00     3.16    -1.16 (VIOLATED)
       PIN :   ibex_top_inst/u_ibex_core/cs_registers_i/u_mstatus_csr/rdata_q_reg[5]/RD     2.00     3.16    -1.16 (VIOLATED)
       PIN :   ibex_top_inst/u_ibex_core/cs_registers_i/u_mstatus_csr/rdata_q_reg[3]/RD     2.00     3.16    -1.16 (VIOLATED)
       PIN :   ibex_top_inst/u_ibex_core/cs_registers_i/u_mstack_csr/rdata_q_reg[1]/RD     2.00     3.16    -1.16 (VIOLATED)
       PIN :   ibex_top_inst/u_ibex_core/cs_registers_i/u_mstack_csr/rdata_q_reg[0]/RD     2.00     3.16    -1.16 (VIOLATED)
       PIN :   ibex_top_inst/u_ibex_core/cs_registers_i/u_mstack_cause_csr/rdata_q_reg[6]/RD     2.00     3.16    -1.16 (VIOLATED)
       PIN :   ibex_top_inst/u_ibex_core/cs_registers_i/u_mcause_csr/rdata_q_reg[6]/RD     2.00     3.16    -1.16 (VIOLATED)
       PIN :   ibex_top_inst/u_ibex_core/cs_registers_i/u_mstack_cause_csr/rdata_q_reg[5]/RD     2.00     3.16    -1.16 (VIOLATED)
       PIN :   ibex_top_inst/u_ibex_core/cs_registers_i/u_mcause_csr/rdata_q_reg[5]/RD     2.00     3.16    -1.16 (VIOLATED)
       PIN :   ibex_top_inst/u_ibex_core/cs_registers_i/u_cpuctrlsts_part_csr/rdata_q_reg[7]/RD     2.00     3.16    -1.16 (VIOLATED)
       PIN :   ibex_top_inst/u_ibex_core/cs_registers_i/u_cpuctrlsts_part_csr/rdata_q_reg[6]/RD     2.00     3.16    -1.16 (VIOLATED)
       PIN :   ibex_top_inst/u_ibex_core/cs_registers_i/u_dcsr_csr/rdata_q_reg[2]/RD     2.00     3.16    -1.16 (VIOLATED)
       PIN :   ibex_top_inst/u_ibex_core/cs_registers_i/minstret_counter_i/counter_q_reg[41]/RD     2.00     3.16    -1.16 (VIOLATED)
       PIN :   ibex_top_inst/u_ibex_core/cs_registers_i/minstret_counter_i/counter_q_reg[40]/RD     2.00     3.16    -1.16 (VIOLATED)
       PIN :   ibex_top_inst/u_ibex_core/cs_registers_i/minstret_counter_i/counter_q_reg[39]/RD     2.00     3.16    -1.16 (VIOLATED)
       PIN :   ibex_top_inst/u_ibex_core/cs_registers_i/minstret_counter_i/counter_q_reg[38]/RD     2.00     3.16    -1.16 (VIOLATED)
       PIN :   ibex_top_inst/u_ibex_core/cs_registers_i/minstret_counter_i/counter_q_reg[37]/RD     2.00     3.16    -1.16 (VIOLATED)
       PIN :   ibex_top_inst/u_ibex_core/cs_registers_i/minstret_counter_i/counter_q_reg[36]/RD     2.00     3.16    -1.16 (VIOLATED)
       PIN :   ibex_top_inst/u_ibex_core/cs_registers_i/minstret_counter_i/counter_q_reg[35]/RD     2.00     3.16    -1.16 (VIOLATED)
       PIN :   ibex_top_inst/u_ibex_core/cs_registers_i/minstret_counter_i/counter_q_reg[34]/RD     2.00     3.16    -1.16 (VIOLATED)
       PIN :   ibex_top_inst/u_ibex_core/cs_registers_i/minstret_counter_i/counter_q_reg[33]/RD     2.00     3.16    -1.16 (VIOLATED)
       PIN :   ibex_top_inst/u_ibex_core/cs_registers_i/minstret_counter_i/counter_q_reg[32]/RD     2.00     3.16    -1.16 (VIOLATED)
       PIN :   ibex_top_inst/u_ibex_core/cs_registers_i/minstret_counter_i/counter_q_reg[60]/RD     2.00     3.16    -1.16 (VIOLATED)
       PIN :   ibex_top_inst/u_ibex_core/cs_registers_i/minstret_counter_i/counter_q_reg[59]/RD     2.00     3.16    -1.16 (VIOLATED)
       PIN :   ibex_top_inst/u_ibex_core/cs_registers_i/minstret_counter_i/counter_q_reg[58]/RD     2.00     3.16    -1.16 (VIOLATED)
       PIN :   ibex_top_inst/u_ibex_core/cs_registers_i/minstret_counter_i/counter_q_reg[57]/RD     2.00     3.16    -1.16 (VIOLATED)
       PIN :   ibex_top_inst/u_ibex_core/cs_registers_i/minstret_counter_i/counter_q_reg[56]/RD     2.00     3.16    -1.16 (VIOLATED)
       PIN :   ibex_top_inst/u_ibex_core/cs_registers_i/minstret_counter_i/counter_q_reg[55]/RD     2.00     3.16    -1.16 (VIOLATED)
       PIN :   ibex_top_inst/u_ibex_core/cs_registers_i/minstret_counter_i/counter_q_reg[54]/RD     2.00     3.16    -1.16 (VIOLATED)
       PIN :   ibex_top_inst/u_ibex_core/cs_registers_i/minstret_counter_i/counter_q_reg[53]/RD     2.00     3.16    -1.16 (VIOLATED)
       PIN :   ibex_top_inst/u_ibex_core/cs_registers_i/minstret_counter_i/counter_q_reg[52]/RD     2.00     3.16    -1.16 (VIOLATED)
       PIN :   ibex_top_inst/u_ibex_core/cs_registers_i/minstret_counter_i/counter_q_reg[63]/RD     2.00     3.16    -1.16 (VIOLATED)
       PIN :   ibex_top_inst/u_ibex_core/cs_registers_i/minstret_counter_i/counter_q_reg[62]/RD     2.00     3.16    -1.16 (VIOLATED)
       PIN :   ibex_top_inst/u_ibex_core/cs_registers_i/minstret_counter_i/counter_q_reg[43]/RD     2.00     3.16    -1.16 (VIOLATED)
       PIN :   ibex_top_inst/u_ibex_core/cs_registers_i/minstret_counter_i/counter_q_reg[50]/RD     2.00     3.16    -1.16 (VIOLATED)
       PIN :   ibex_top_inst/u_ibex_core/cs_registers_i/minstret_counter_i/counter_q_reg[27]/RD     2.00     3.16    -1.16 (VIOLATED)
       PIN :   ibex_top_inst/u_ibex_core/cs_registers_i/minstret_counter_i/counter_q_reg[26]/RD     2.00     3.16    -1.16 (VIOLATED)
       PIN :   ibex_top_inst/u_ibex_core/cs_registers_i/minstret_counter_i/counter_q_reg[25]/RD     2.00     3.16    -1.16 (VIOLATED)
       PIN :   ibex_top_inst/u_ibex_core/cs_registers_i/minstret_counter_i/counter_q_reg[23]/RD     2.00     3.16    -1.16 (VIOLATED)
       PIN :   ibex_top_inst/u_ibex_core/cs_registers_i/minstret_counter_i/counter_q_reg[22]/RD     2.00     3.16    -1.16 (VIOLATED)
       PIN :   ibex_top_inst/u_ibex_core/cs_registers_i/minstret_counter_i/counter_q_reg[14]/RD     2.00     3.16    -1.16 (VIOLATED)
       PIN :   ibex_top_inst/u_ibex_core/cs_registers_i/minstret_counter_i/counter_q_reg[13]/RD     2.00     3.16    -1.16 (VIOLATED)
       PIN :   ibex_top_inst/u_ibex_core/cs_registers_i/minstret_counter_i/counter_q_reg[12]/RD     2.00     3.16    -1.16 (VIOLATED)
       PIN :   ibex_top_inst/u_ibex_core/cs_registers_i/minstret_counter_i/counter_q_reg[11]/RD     2.00     3.16    -1.16 (VIOLATED)
       PIN :   ibex_top_inst/u_ibex_core/cs_registers_i/minstret_counter_i/counter_q_reg[3]/RD     2.00     3.16    -1.16 (VIOLATED)
       PIN :   ibex_top_inst/u_ibex_core/cs_registers_i/minstret_counter_i/counter_q_reg[2]/RD     2.00     3.16    -1.16 (VIOLATED)
       PIN :   ibex_top_inst/u_ibex_core/cs_registers_i/minstret_counter_i/counter_q_reg[5]/RD     2.00     3.16    -1.16 (VIOLATED)
       PIN :   ibex_top_inst/u_ibex_core/cs_registers_i/minstret_counter_i/counter_q_reg[21]/RD     2.00     3.16    -1.16 (VIOLATED)
       PIN :   ibex_top_inst/u_ibex_core/cs_registers_i/minstret_counter_i/counter_q_reg[19]/RD     2.00     3.16    -1.16 (VIOLATED)
       PIN :   ibex_top_inst/u_ibex_core/cs_registers_i/minstret_counter_i/counter_q_reg[18]/RD     2.00     3.16    -1.16 (VIOLATED)
       PIN :   ibex_top_inst/u_ibex_core/cs_registers_i/minstret_counter_i/counter_q_reg[17]/RD     2.00     3.16    -1.16 (VIOLATED)
       PIN :   ibex_top_inst/u_ibex_core/cs_registers_i/minstret_counter_i/counter_q_reg[16]/RD     2.00     3.16    -1.16 (VIOLATED)
       PIN :   ibex_top_inst/u_ibex_core/cs_registers_i/minstret_counter_i/counter_q_reg[1]/RD     2.00     3.16    -1.16 (VIOLATED)
       PIN :   ibex_top_inst/u_ibex_core/cs_registers_i/mcycle_counter_i/counter_q_reg[31]/RD     2.00     3.16    -1.16 (VIOLATED)
       PIN :   ibex_top_inst/u_ibex_core/cs_registers_i/mcycle_counter_i/counter_q_reg[27]/RD     2.00     3.16    -1.16 (VIOLATED)
       PIN :   ibex_top_inst/u_ibex_core/cs_registers_i/mcycle_counter_i/counter_q_reg[26]/RD     2.00     3.16    -1.16 (VIOLATED)
       PIN :   ibex_top_inst/u_ibex_core/cs_registers_i/mcycle_counter_i/counter_q_reg[24]/RD     2.00     3.16    -1.16 (VIOLATED)
       PIN :   ibex_top_inst/u_ibex_core/cs_registers_i/mcycle_counter_i/counter_q_reg[22]/RD     2.00     3.16    -1.16 (VIOLATED)
       PIN :   ibex_top_inst/u_ibex_core/cs_registers_i/mcycle_counter_i/counter_q_reg[21]/RD     2.00     3.16    -1.16 (VIOLATED)
       PIN :   ibex_top_inst/u_ibex_core/cs_registers_i/mcycle_counter_i/counter_q_reg[20]/RD     2.00     3.16    -1.16 (VIOLATED)
       PIN :   ibex_top_inst/u_ibex_core/cs_registers_i/mcycle_counter_i/counter_q_reg[19]/RD     2.00     3.16    -1.16 (VIOLATED)
       PIN :   ibex_top_inst/u_ibex_core/cs_registers_i/mcycle_counter_i/counter_q_reg[18]/RD     2.00     3.16    -1.16 (VIOLATED)
       PIN :   ibex_top_inst/u_ibex_core/cs_registers_i/mcycle_counter_i/counter_q_reg[17]/RD     2.00     3.16    -1.16 (VIOLATED)
       PIN :   ibex_top_inst/u_ibex_core/cs_registers_i/mcycle_counter_i/counter_q_reg[16]/RD     2.00     3.16    -1.16 (VIOLATED)
       PIN :   ibex_top_inst/u_ibex_core/cs_registers_i/mcycle_counter_i/counter_q_reg[15]/RD     2.00     3.16    -1.16 (VIOLATED)
       PIN :   ibex_top_inst/u_ibex_core/cs_registers_i/mcycle_counter_i/counter_q_reg[14]/RD     2.00     3.16    -1.16 (VIOLATED)
       PIN :   ibex_top_inst/u_ibex_core/cs_registers_i/mcycle_counter_i/counter_q_reg[13]/RD     2.00     3.16    -1.16 (VIOLATED)
       PIN :   ibex_top_inst/u_ibex_core/cs_registers_i/mcycle_counter_i/counter_q_reg[12]/RD     2.00     3.16    -1.16 (VIOLATED)
       PIN :   ibex_top_inst/u_ibex_core/cs_registers_i/mcycle_counter_i/counter_q_reg[11]/RD     2.00     3.16    -1.16 (VIOLATED)
       PIN :   ibex_top_inst/u_ibex_core/cs_registers_i/mcycle_counter_i/counter_q_reg[10]/RD     2.00     3.16    -1.16 (VIOLATED)
       PIN :   ibex_top_inst/u_ibex_core/cs_registers_i/mcycle_counter_i/counter_q_reg[9]/RD     2.00     3.16    -1.16 (VIOLATED)
       PIN :   ibex_top_inst/u_ibex_core/cs_registers_i/mcycle_counter_i/counter_q_reg[8]/RD     2.00     3.16    -1.16 (VIOLATED)
       PIN :   ibex_top_inst/u_ibex_core/cs_registers_i/mcycle_counter_i/counter_q_reg[7]/RD     2.00     3.16    -1.16 (VIOLATED)
       PIN :   ibex_top_inst/u_ibex_core/cs_registers_i/mcycle_counter_i/counter_q_reg[6]/RD     2.00     3.16    -1.16 (VIOLATED)
       PIN :   ibex_top_inst/u_ibex_core/cs_registers_i/mcycle_counter_i/counter_q_reg[5]/RD     2.00     3.16    -1.16 (VIOLATED)
       PIN :   ibex_top_inst/u_ibex_core/cs_registers_i/mcycle_counter_i/counter_q_reg[4]/RD     2.00     3.16    -1.16 (VIOLATED)
       PIN :   ibex_top_inst/u_ibex_core/cs_registers_i/mcycle_counter_i/counter_q_reg[3]/RD     2.00     3.16    -1.16 (VIOLATED)
       PIN :   ibex_top_inst/u_ibex_core/cs_registers_i/mcycle_counter_i/counter_q_reg[2]/RD     2.00     3.16    -1.16 (VIOLATED)
       PIN :   ibex_top_inst/u_ibex_core/cs_registers_i/mcycle_counter_i/counter_q_reg[1]/RD     2.00     3.16    -1.16 (VIOLATED)
       PIN :   ibex_top_inst/u_ibex_core/cs_registers_i/mcycle_counter_i/counter_q_reg[0]/RD     2.00     3.16    -1.16 (VIOLATED)
       PIN :   ibex_top_inst/u_ibex_core/cs_registers_i/mcountinhibit_q_reg[2]/RD     2.00     3.16    -1.16 (VIOLATED)
       PIN :   ibex_top_inst/u_ibex_core/cs_registers_i/u_mscratch_csr/rdata_q_reg[31]/RD     2.00     3.16    -1.16 (VIOLATED)
       PIN :   ibex_top_inst/u_ibex_core/cs_registers_i/u_mscratch_csr/rdata_q_reg[30]/RD     2.00     3.16    -1.16 (VIOLATED)
       PIN :   ibex_top_inst/u_ibex_core/cs_registers_i/u_mscratch_csr/rdata_q_reg[29]/RD     2.00     3.16    -1.16 (VIOLATED)
       PIN :   ibex_top_inst/u_ibex_core/cs_registers_i/u_mscratch_csr/rdata_q_reg[28]/RD     2.00     3.16    -1.16 (VIOLATED)
       PIN :   ibex_top_inst/u_ibex_core/cs_registers_i/u_mscratch_csr/rdata_q_reg[27]/RD     2.00     3.16    -1.16 (VIOLATED)
       PIN :   ibex_top_inst/u_ibex_core/cs_registers_i/u_mscratch_csr/rdata_q_reg[26]/RD     2.00     3.16    -1.16 (VIOLATED)
       PIN :   ibex_top_inst/u_ibex_core/cs_registers_i/u_mscratch_csr/rdata_q_reg[25]/RD     2.00     3.16    -1.16 (VIOLATED)
       PIN :   ibex_top_inst/u_ibex_core/cs_registers_i/u_mscratch_csr/rdata_q_reg[24]/RD     2.00     3.16    -1.16 (VIOLATED)
       PIN :   ibex_top_inst/u_ibex_core/cs_registers_i/u_mscratch_csr/rdata_q_reg[23]/RD     2.00     3.16    -1.16 (VIOLATED)
       PIN :   ibex_top_inst/u_ibex_core/cs_registers_i/u_mscratch_csr/rdata_q_reg[22]/RD     2.00     3.16    -1.16 (VIOLATED)
       PIN :   ibex_top_inst/u_ibex_core/cs_registers_i/u_mscratch_csr/rdata_q_reg[21]/RD     2.00     3.16    -1.16 (VIOLATED)
       PIN :   ibex_top_inst/u_ibex_core/cs_registers_i/u_mscratch_csr/rdata_q_reg[20]/RD     2.00     3.16    -1.16 (VIOLATED)
       PIN :   ibex_top_inst/u_ibex_core/cs_registers_i/u_mscratch_csr/rdata_q_reg[19]/RD     2.00     3.16    -1.16 (VIOLATED)
       PIN :   ibex_top_inst/u_ibex_core/cs_registers_i/u_mscratch_csr/rdata_q_reg[18]/RD     2.00     3.16    -1.16 (VIOLATED)
       PIN :   ibex_top_inst/u_ibex_core/cs_registers_i/u_mscratch_csr/rdata_q_reg[17]/RD     2.00     3.16    -1.16 (VIOLATED)
       PIN :   ibex_top_inst/u_ibex_core/cs_registers_i/u_mscratch_csr/rdata_q_reg[16]/RD     2.00     3.16    -1.16 (VIOLATED)
       PIN :   ibex_top_inst/u_ibex_core/cs_registers_i/u_mscratch_csr/rdata_q_reg[15]/RD     2.00     3.16    -1.16 (VIOLATED)
       PIN :   ibex_top_inst/u_ibex_core/cs_registers_i/u_mscratch_csr/rdata_q_reg[14]/RD     2.00     3.16    -1.16 (VIOLATED)
       PIN :   ibex_top_inst/u_ibex_core/cs_registers_i/u_mscratch_csr/rdata_q_reg[13]/RD     2.00     3.16    -1.16 (VIOLATED)
       PIN :   ibex_top_inst/u_ibex_core/cs_registers_i/u_mscratch_csr/rdata_q_reg[12]/RD     2.00     3.16    -1.16 (VIOLATED)
       PIN :   ibex_top_inst/u_ibex_core/cs_registers_i/u_mscratch_csr/rdata_q_reg[11]/RD     2.00     3.16    -1.16 (VIOLATED)
       PIN :   ibex_top_inst/u_ibex_core/cs_registers_i/u_mscratch_csr/rdata_q_reg[10]/RD     2.00     3.16    -1.16 (VIOLATED)
       PIN :   ibex_top_inst/u_ibex_core/cs_registers_i/u_mscratch_csr/rdata_q_reg[9]/RD     2.00     3.16    -1.16 (VIOLATED)
       PIN :   ibex_top_inst/u_ibex_core/cs_registers_i/u_mscratch_csr/rdata_q_reg[8]/RD     2.00     3.16    -1.16 (VIOLATED)
       PIN :   ibex_top_inst/u_ibex_core/cs_registers_i/u_mscratch_csr/rdata_q_reg[7]/RD     2.00     3.16    -1.16 (VIOLATED)
       PIN :   ibex_top_inst/u_ibex_core/cs_registers_i/u_mscratch_csr/rdata_q_reg[6]/RD     2.00     3.16    -1.16 (VIOLATED)
       PIN :   ibex_top_inst/u_ibex_core/cs_registers_i/u_mscratch_csr/rdata_q_reg[5]/RD     2.00     3.16    -1.16 (VIOLATED)
       PIN :   ibex_top_inst/u_ibex_core/cs_registers_i/u_mscratch_csr/rdata_q_reg[4]/RD     2.00     3.16    -1.16 (VIOLATED)
       PIN :   ibex_top_inst/u_ibex_core/cs_registers_i/u_mscratch_csr/rdata_q_reg[3]/RD     2.00     3.16    -1.16 (VIOLATED)
       PIN :   ibex_top_inst/u_ibex_core/cs_registers_i/u_mscratch_csr/rdata_q_reg[2]/RD     2.00     3.16    -1.16 (VIOLATED)
       PIN :   ibex_top_inst/u_ibex_core/cs_registers_i/u_mscratch_csr/rdata_q_reg[1]/RD     2.00     3.16    -1.16 (VIOLATED)
       PIN :   ibex_top_inst/u_ibex_core/cs_registers_i/u_mscratch_csr/rdata_q_reg[0]/RD     2.00     3.16    -1.16 (VIOLATED)
       PIN :   ibex_top_inst/u_ibex_core/cs_registers_i/mcycle_counter_i/counter_q_reg[59]/RD     2.00     3.16    -1.16 (VIOLATED)
       PIN :   ibex_top_inst/u_ibex_core/cs_registers_i/mcycle_counter_i/counter_q_reg[53]/RD     2.00     3.16    -1.16 (VIOLATED)
       PIN :   ibex_top_inst/u_ibex_core/cs_registers_i/mcycle_counter_i/counter_q_reg[56]/RD     2.00     3.16    -1.16 (VIOLATED)
       PIN :   ibex_top_inst/u_ibex_core/cs_registers_i/mcycle_counter_i/counter_q_reg[37]/RD     2.00     3.16    -1.16 (VIOLATED)
       PIN :   ibex_top_inst/u_ibex_core/cs_registers_i/u_mie_csr/rdata_q_reg[17]/RD     2.00     3.16    -1.16 (VIOLATED)
       PIN :   ibex_top_inst/u_ibex_core/cs_registers_i/u_mie_csr/rdata_q_reg[16]/RD     2.00     3.16    -1.16 (VIOLATED)
       PIN :   ibex_top_inst/u_ibex_core/cs_registers_i/u_mie_csr/rdata_q_reg[15]/RD     2.00     3.16    -1.16 (VIOLATED)
       PIN :   ibex_top_inst/u_ibex_core/cs_registers_i/u_mie_csr/rdata_q_reg[14]/RD     2.00     3.16    -1.16 (VIOLATED)
       PIN :   ibex_top_inst/u_ibex_core/cs_registers_i/u_mie_csr/rdata_q_reg[13]/RD     2.00     3.16    -1.16 (VIOLATED)
       PIN :   ibex_top_inst/u_ibex_core/cs_registers_i/u_mie_csr/rdata_q_reg[12]/RD     2.00     3.16    -1.16 (VIOLATED)
       PIN :   ibex_top_inst/u_ibex_core/cs_registers_i/u_mie_csr/rdata_q_reg[11]/RD     2.00     3.16    -1.16 (VIOLATED)
       PIN :   ibex_top_inst/u_ibex_core/cs_registers_i/u_mie_csr/rdata_q_reg[10]/RD     2.00     3.16    -1.16 (VIOLATED)
       PIN :   ibex_top_inst/u_ibex_core/cs_registers_i/u_mie_csr/rdata_q_reg[9]/RD     2.00     3.16    -1.16 (VIOLATED)
       PIN :   ibex_top_inst/u_ibex_core/cs_registers_i/u_mie_csr/rdata_q_reg[8]/RD     2.00     3.16    -1.16 (VIOLATED)
       PIN :   ibex_top_inst/u_ibex_core/cs_registers_i/u_mie_csr/rdata_q_reg[7]/RD     2.00     3.16    -1.16 (VIOLATED)
       PIN :   ibex_top_inst/u_ibex_core/cs_registers_i/u_mie_csr/rdata_q_reg[6]/RD     2.00     3.16    -1.16 (VIOLATED)
       PIN :   ibex_top_inst/u_ibex_core/cs_registers_i/u_mie_csr/rdata_q_reg[5]/RD     2.00     3.16    -1.16 (VIOLATED)
       PIN :   ibex_top_inst/u_ibex_core/cs_registers_i/u_mie_csr/rdata_q_reg[4]/RD     2.00     3.16    -1.16 (VIOLATED)
       PIN :   ibex_top_inst/u_ibex_core/cs_registers_i/u_mie_csr/rdata_q_reg[3]/RD     2.00     3.16    -1.16 (VIOLATED)
       PIN :   ibex_top_inst/u_ibex_core/cs_registers_i/u_mie_csr/rdata_q_reg[2]/RD     2.00     3.16    -1.16 (VIOLATED)
       PIN :   ibex_top_inst/u_ibex_core/cs_registers_i/u_mie_csr/rdata_q_reg[1]/RD     2.00     3.16    -1.16 (VIOLATED)
       PIN :   ibex_top_inst/u_ibex_core/cs_registers_i/u_mie_csr/rdata_q_reg[0]/RD     2.00     3.16    -1.16 (VIOLATED)
       PIN :   ibex_top_inst/u_ibex_core/cs_registers_i/u_depc_csr/rdata_q_reg[28]/RD     2.00     3.16    -1.16 (VIOLATED)
       PIN :   ibex_top_inst/u_ibex_core/cs_registers_i/u_depc_csr/rdata_q_reg[27]/RD     2.00     3.16    -1.16 (VIOLATED)
       PIN :   ibex_top_inst/u_ibex_core/cs_registers_i/u_depc_csr/rdata_q_reg[26]/RD     2.00     3.16    -1.16 (VIOLATED)
       PIN :   ibex_top_inst/u_ibex_core/cs_registers_i/u_depc_csr/rdata_q_reg[25]/RD     2.00     3.16    -1.16 (VIOLATED)
       PIN :   ibex_top_inst/u_ibex_core/cs_registers_i/u_mepc_csr/rdata_q_reg[14]/RD     2.00     3.16    -1.16 (VIOLATED)
       PIN :   ibex_top_inst/u_ibex_core/cs_registers_i/u_mepc_csr/rdata_q_reg[13]/RD     2.00     3.16    -1.16 (VIOLATED)
       PIN :   ibex_top_inst/u_ibex_core/cs_registers_i/u_mstack_epc_csr/rdata_q_reg[13]/RD     2.00     3.16    -1.16 (VIOLATED)
       PIN :   ibex_top_inst/u_ibex_core/cs_registers_i/u_mstack_epc_csr/rdata_q_reg[12]/RD     2.00     3.16    -1.16 (VIOLATED)
       PIN :   ibex_top_inst/u_ibex_core/cs_registers_i/u_mepc_csr/rdata_q_reg[12]/RD     2.00     3.16    -1.16 (VIOLATED)
       PIN :   ibex_top_inst/u_ibex_core/cs_registers_i/u_mepc_csr/rdata_q_reg[11]/RD     2.00     3.16    -1.16 (VIOLATED)
       PIN :   ibex_top_inst/u_ibex_core/cs_registers_i/u_mstack_epc_csr/rdata_q_reg[11]/RD     2.00     3.16    -1.16 (VIOLATED)
       PIN :   ibex_top_inst/u_ibex_core/cs_registers_i/u_mstack_epc_csr/rdata_q_reg[10]/RD     2.00     3.16    -1.16 (VIOLATED)
       PIN :   ibex_top_inst/u_ibex_core/cs_registers_i/u_mepc_csr/rdata_q_reg[10]/RD     2.00     3.16    -1.16 (VIOLATED)
       PIN :   ibex_top_inst/u_ibex_core/cs_registers_i/u_mepc_csr/rdata_q_reg[9]/RD     2.00     3.16    -1.16 (VIOLATED)
       PIN :   ibex_top_inst/u_ibex_core/cs_registers_i/u_mstack_epc_csr/rdata_q_reg[9]/RD     2.00     3.16    -1.16 (VIOLATED)
       PIN :   ibex_top_inst/u_ibex_core/cs_registers_i/u_mstack_epc_csr/rdata_q_reg[8]/RD     2.00     3.16    -1.16 (VIOLATED)
       PIN :   ibex_top_inst/u_ibex_core/cs_registers_i/u_mepc_csr/rdata_q_reg[8]/RD     2.00     3.16    -1.16 (VIOLATED)
       PIN :   ibex_top_inst/u_ibex_core/cs_registers_i/u_mepc_csr/rdata_q_reg[7]/RD     2.00     3.16    -1.16 (VIOLATED)
       PIN :   ibex_top_inst/u_ibex_core/cs_registers_i/u_mstack_epc_csr/rdata_q_reg[7]/RD     2.00     3.16    -1.16 (VIOLATED)
       PIN :   ibex_top_inst/u_ibex_core/cs_registers_i/u_mstack_epc_csr/rdata_q_reg[6]/RD     2.00     3.16    -1.16 (VIOLATED)
       PIN :   ibex_top_inst/u_ibex_core/cs_registers_i/u_mepc_csr/rdata_q_reg[6]/RD     2.00     3.16    -1.16 (VIOLATED)
       PIN :   ibex_top_inst/u_ibex_core/cs_registers_i/u_mepc_csr/rdata_q_reg[5]/RD     2.00     3.16    -1.16 (VIOLATED)
       PIN :   ibex_top_inst/u_ibex_core/cs_registers_i/u_mstack_epc_csr/rdata_q_reg[5]/RD     2.00     3.16    -1.16 (VIOLATED)
       PIN :   ibex_top_inst/u_ibex_core/cs_registers_i/u_mstack_epc_csr/rdata_q_reg[4]/RD     2.00     3.16    -1.16 (VIOLATED)
       PIN :   ibex_top_inst/u_ibex_core/cs_registers_i/u_mepc_csr/rdata_q_reg[4]/RD     2.00     3.16    -1.16 (VIOLATED)
       PIN :   ibex_top_inst/u_ibex_core/cs_registers_i/u_mepc_csr/rdata_q_reg[3]/RD     2.00     3.16    -1.16 (VIOLATED)
       PIN :   ibex_top_inst/u_ibex_core/cs_registers_i/u_mstack_epc_csr/rdata_q_reg[3]/RD     2.00     3.16    -1.16 (VIOLATED)
       PIN :   ibex_top_inst/u_ibex_core/cs_registers_i/u_mstack_epc_csr/rdata_q_reg[2]/RD     2.00     3.16    -1.16 (VIOLATED)
       PIN :   ibex_top_inst/u_ibex_core/cs_registers_i/u_mepc_csr/rdata_q_reg[2]/RD     2.00     3.16    -1.16 (VIOLATED)
       PIN :   ibex_top_inst/u_ibex_core/cs_registers_i/u_mepc_csr/rdata_q_reg[18]/RD     2.00     3.16    -1.16 (VIOLATED)
       PIN :   ibex_top_inst/u_ibex_core/cs_registers_i/u_mepc_csr/rdata_q_reg[17]/RD     2.00     3.16    -1.16 (VIOLATED)
       PIN :   ibex_top_inst/u_ibex_core/cs_registers_i/u_mstack_epc_csr/rdata_q_reg[17]/RD     2.00     3.16    -1.16 (VIOLATED)
       PIN :   ibex_top_inst/u_ibex_core/cs_registers_i/u_mstack_epc_csr/rdata_q_reg[16]/RD     2.00     3.16    -1.16 (VIOLATED)
       PIN :   ibex_top_inst/u_ibex_core/cs_registers_i/u_mepc_csr/rdata_q_reg[16]/RD     2.00     3.16    -1.16 (VIOLATED)
       PIN :   ibex_top_inst/u_ibex_core/cs_registers_i/u_mstatus_csr/rdata_q_reg[2]/RD     2.00     3.16    -1.16 (VIOLATED)
       PIN :   ibex_top_inst/u_ibex_core/cs_registers_i/u_mstatus_csr/rdata_q_reg[1]/RD     2.00     3.16    -1.16 (VIOLATED)
       PIN :   ibex_top_inst/u_ibex_core/cs_registers_i/u_mstatus_csr/rdata_q_reg[0]/RD     2.00     3.16    -1.16 (VIOLATED)
       PIN :   ibex_top_inst/u_ibex_core/cs_registers_i/u_mstack_epc_csr/rdata_q_reg[31]/RD     2.00     3.16    -1.16 (VIOLATED)
       PIN :   ibex_top_inst/u_ibex_core/cs_registers_i/u_mepc_csr/rdata_q_reg[31]/RD     2.00     3.16    -1.16 (VIOLATED)
       PIN :   ibex_top_inst/u_ibex_core/cs_registers_i/u_mepc_csr/rdata_q_reg[30]/RD     2.00     3.16    -1.16 (VIOLATED)
       PIN :   ibex_top_inst/u_ibex_core/cs_registers_i/u_mstack_epc_csr/rdata_q_reg[30]/RD     2.00     3.16    -1.16 (VIOLATED)
       PIN :   ibex_top_inst/u_ibex_core/cs_registers_i/u_mstack_epc_csr/rdata_q_reg[29]/RD     2.00     3.16    -1.16 (VIOLATED)
       PIN :   ibex_top_inst/u_ibex_core/cs_registers_i/u_mepc_csr/rdata_q_reg[29]/RD     2.00     3.16    -1.16 (VIOLATED)
       PIN :   ibex_top_inst/u_ibex_core/cs_registers_i/u_mepc_csr/rdata_q_reg[28]/RD     2.00     3.16    -1.16 (VIOLATED)
       PIN :   ibex_top_inst/u_ibex_core/cs_registers_i/u_mstack_epc_csr/rdata_q_reg[28]/RD     2.00     3.16    -1.16 (VIOLATED)
       PIN :   ibex_top_inst/u_ibex_core/cs_registers_i/u_mstack_epc_csr/rdata_q_reg[27]/RD     2.00     3.16    -1.16 (VIOLATED)
       PIN :   ibex_top_inst/u_ibex_core/cs_registers_i/u_mepc_csr/rdata_q_reg[27]/RD     2.00     3.16    -1.16 (VIOLATED)
       PIN :   ibex_top_inst/u_ibex_core/cs_registers_i/u_mepc_csr/rdata_q_reg[26]/RD     2.00     3.16    -1.16 (VIOLATED)
       PIN :   ibex_top_inst/u_ibex_core/cs_registers_i/u_mstack_epc_csr/rdata_q_reg[26]/RD     2.00     3.16    -1.16 (VIOLATED)
       PIN :   ibex_top_inst/u_ibex_core/cs_registers_i/u_mstack_epc_csr/rdata_q_reg[25]/RD     2.00     3.16    -1.16 (VIOLATED)
       PIN :   ibex_top_inst/u_ibex_core/cs_registers_i/u_mepc_csr/rdata_q_reg[25]/RD     2.00     3.16    -1.16 (VIOLATED)
       PIN :   ibex_top_inst/u_ibex_core/cs_registers_i/u_mepc_csr/rdata_q_reg[24]/RD     2.00     3.16    -1.16 (VIOLATED)
       PIN :   ibex_top_inst/u_ibex_core/cs_registers_i/u_mstack_epc_csr/rdata_q_reg[24]/RD     2.00     3.16    -1.16 (VIOLATED)
       PIN :   ibex_top_inst/u_ibex_core/cs_registers_i/u_mstack_epc_csr/rdata_q_reg[23]/RD     2.00     3.16    -1.16 (VIOLATED)
       PIN :   ibex_top_inst/u_ibex_core/cs_registers_i/u_mepc_csr/rdata_q_reg[23]/RD     2.00     3.16    -1.16 (VIOLATED)
       PIN :   ibex_top_inst/u_ibex_core/cs_registers_i/u_mepc_csr/rdata_q_reg[22]/RD     2.00     3.16    -1.16 (VIOLATED)
       PIN :   ibex_top_inst/u_ibex_core/cs_registers_i/u_mstack_epc_csr/rdata_q_reg[22]/RD     2.00     3.16    -1.16 (VIOLATED)
       PIN :   ibex_top_inst/u_ibex_core/cs_registers_i/u_mstack_epc_csr/rdata_q_reg[21]/RD     2.00     3.16    -1.16 (VIOLATED)
       PIN :   ibex_top_inst/u_ibex_core/cs_registers_i/u_mepc_csr/rdata_q_reg[21]/RD     2.00     3.16    -1.16 (VIOLATED)
       PIN :   ibex_top_inst/u_ibex_core/cs_registers_i/u_mepc_csr/rdata_q_reg[20]/RD     2.00     3.16    -1.16 (VIOLATED)
       PIN :   ibex_top_inst/u_ibex_core/cs_registers_i/u_mstack_epc_csr/rdata_q_reg[20]/RD     2.00     3.16    -1.16 (VIOLATED)
       PIN :   ibex_top_inst/u_ibex_core/cs_registers_i/u_mstack_epc_csr/rdata_q_reg[19]/RD     2.00     3.16    -1.16 (VIOLATED)
       PIN :   ibex_top_inst/u_ibex_core/cs_registers_i/u_mepc_csr/rdata_q_reg[19]/RD     2.00     3.16    -1.16 (VIOLATED)
       PIN :   ibex_top_inst/u_ibex_core/cs_registers_i/u_mtvec_csr/rdata_q_reg[31]/RD     2.00     3.16    -1.16 (VIOLATED)
       PIN :   ibex_top_inst/u_ibex_core/cs_registers_i/u_mtvec_csr/rdata_q_reg[30]/RD     2.00     3.16    -1.16 (VIOLATED)
       PIN :   ibex_top_inst/u_ibex_core/cs_registers_i/u_mtvec_csr/rdata_q_reg[29]/RD     2.00     3.16    -1.16 (VIOLATED)
       PIN :   ibex_top_inst/u_ibex_core/cs_registers_i/u_mtvec_csr/rdata_q_reg[28]/RD     2.00     3.16    -1.16 (VIOLATED)
       PIN :   ibex_top_inst/u_ibex_core/cs_registers_i/u_mtval_csr/rdata_q_reg[28]/RD     2.00     3.16    -1.16 (VIOLATED)
       PIN :   ibex_top_inst/u_ibex_core/cs_registers_i/u_mtval_csr/rdata_q_reg[27]/RD     2.00     3.16    -1.16 (VIOLATED)
       PIN :   ibex_top_inst/u_ibex_core/cs_registers_i/u_mtvec_csr/rdata_q_reg[27]/RD     2.00     3.16    -1.16 (VIOLATED)
       PIN :   ibex_top_inst/u_ibex_core/cs_registers_i/u_mtvec_csr/rdata_q_reg[26]/RD     2.00     3.16    -1.16 (VIOLATED)
       PIN :   ibex_top_inst/u_ibex_core/cs_registers_i/u_mtval_csr/rdata_q_reg[26]/RD     2.00     3.16    -1.16 (VIOLATED)
       PIN :   ibex_top_inst/u_ibex_core/cs_registers_i/u_mtval_csr/rdata_q_reg[25]/RD     2.00     3.16    -1.16 (VIOLATED)
       PIN :   ibex_top_inst/u_ibex_core/cs_registers_i/minstret_counter_i/counter_q_reg[24]/RD     2.00     3.16    -1.16 (VIOLATED)
       PIN :   ibex_top_inst/u_ibex_core/cs_registers_i/u_depc_csr/rdata_q_reg[24]/RD     2.00     3.16    -1.16 (VIOLATED)
       PIN :   ibex_top_inst/u_ibex_core/cs_registers_i/u_depc_csr/rdata_q_reg[23]/RD     2.00     3.16    -1.16 (VIOLATED)
       PIN :   ibex_top_inst/u_ibex_core/cs_registers_i/u_depc_csr/rdata_q_reg[22]/RD     2.00     3.16    -1.16 (VIOLATED)
       PIN :   ibex_top_inst/u_ibex_core/cs_registers_i/u_depc_csr/rdata_q_reg[21]/RD     2.00     3.16    -1.16 (VIOLATED)
       PIN :   ibex_top_inst/u_ibex_core/cs_registers_i/u_depc_csr/rdata_q_reg[20]/RD     2.00     3.16    -1.16 (VIOLATED)
       PIN :   ibex_top_inst/u_ibex_core/cs_registers_i/u_depc_csr/rdata_q_reg[19]/RD     2.00     3.16    -1.16 (VIOLATED)
       PIN :   ibex_top_inst/u_ibex_core/cs_registers_i/u_depc_csr/rdata_q_reg[18]/RD     2.00     3.16    -1.16 (VIOLATED)
       PIN :   ibex_top_inst/u_ibex_core/cs_registers_i/u_depc_csr/rdata_q_reg[17]/RD     2.00     3.16    -1.16 (VIOLATED)
       PIN :   ibex_top_inst/u_ibex_core/cs_registers_i/u_depc_csr/rdata_q_reg[16]/RD     2.00     3.16    -1.16 (VIOLATED)
       PIN :   ibex_top_inst/u_ibex_core/cs_registers_i/u_depc_csr/rdata_q_reg[15]/RD     2.00     3.16    -1.16 (VIOLATED)
       PIN :   ibex_top_inst/u_ibex_core/cs_registers_i/u_depc_csr/rdata_q_reg[14]/RD     2.00     3.16    -1.16 (VIOLATED)
       PIN :   ibex_top_inst/u_ibex_core/cs_registers_i/u_depc_csr/rdata_q_reg[13]/RD     2.00     3.16    -1.16 (VIOLATED)
       PIN :   ibex_top_inst/u_ibex_core/cs_registers_i/u_depc_csr/rdata_q_reg[12]/RD     2.00     3.16    -1.16 (VIOLATED)
       PIN :   ibex_top_inst/u_ibex_core/cs_registers_i/u_depc_csr/rdata_q_reg[11]/RD     2.00     3.16    -1.16 (VIOLATED)
       PIN :   ibex_top_inst/u_ibex_core/cs_registers_i/u_depc_csr/rdata_q_reg[10]/RD     2.00     3.16    -1.16 (VIOLATED)
       PIN :   ibex_top_inst/u_ibex_core/cs_registers_i/u_depc_csr/rdata_q_reg[9]/RD     2.00     3.16    -1.16 (VIOLATED)
       PIN :   ibex_top_inst/u_ibex_core/cs_registers_i/u_depc_csr/rdata_q_reg[8]/RD     2.00     3.16    -1.16 (VIOLATED)
       PIN :   ibex_top_inst/u_ibex_core/cs_registers_i/u_depc_csr/rdata_q_reg[7]/RD     2.00     3.16    -1.16 (VIOLATED)
       PIN :   ibex_top_inst/u_ibex_core/cs_registers_i/u_depc_csr/rdata_q_reg[6]/RD     2.00     3.16    -1.16 (VIOLATED)
       PIN :   ibex_top_inst/u_ibex_core/cs_registers_i/u_mtval_csr/rdata_q_reg[6]/RD     2.00     3.16    -1.16 (VIOLATED)
       PIN :   ibex_top_inst/u_ibex_core/cs_registers_i/u_mtval_csr/rdata_q_reg[5]/RD     2.00     3.16    -1.16 (VIOLATED)
       PIN :   ibex_top_inst/u_ibex_core/cs_registers_i/minstret_counter_i/counter_q_reg[4]/RD     2.00     3.16    -1.16 (VIOLATED)
       PIN :   ibex_top_inst/u_ibex_core/cs_registers_i/u_mcause_csr/rdata_q_reg[4]/RD     2.00     3.16    -1.16 (VIOLATED)
       PIN :   ibex_top_inst/u_ibex_core/cs_registers_i/u_mstack_cause_csr/rdata_q_reg[4]/RD     2.00     3.16    -1.16 (VIOLATED)
       PIN :   ibex_top_inst/u_ibex_core/cs_registers_i/u_mstack_cause_csr/rdata_q_reg[3]/RD     2.00     3.16    -1.16 (VIOLATED)
       PIN :   ibex_top_inst/u_ibex_core/cs_registers_i/u_mcause_csr/rdata_q_reg[3]/RD     2.00     3.16    -1.16 (VIOLATED)
       PIN :   ibex_top_inst/u_ibex_core/cs_registers_i/u_mtval_csr/rdata_q_reg[3]/RD     2.00     3.16    -1.16 (VIOLATED)
       PIN :   ibex_top_inst/u_ibex_core/cs_registers_i/u_mtval_csr/rdata_q_reg[2]/RD     2.00     3.16    -1.16 (VIOLATED)
       PIN :   ibex_top_inst/u_ibex_core/cs_registers_i/u_depc_csr/rdata_q_reg[2]/RD     2.00     3.16    -1.16 (VIOLATED)
       PIN :   ibex_top_inst/u_ibex_core/cs_registers_i/u_depc_csr/rdata_q_reg[1]/RD     2.00     3.16    -1.16 (VIOLATED)
       PIN :   ibex_top_inst/u_ibex_core/cs_registers_i/u_dcsr_csr/rdata_q_reg[15]/RD     2.00     3.16    -1.16 (VIOLATED)
       PIN :   ibex_top_inst/u_ibex_core/cs_registers_i/u_dcsr_csr/rdata_q_reg[13]/RD     2.00     3.16    -1.16 (VIOLATED)
       PIN :   ibex_top_inst/u_ibex_core/cs_registers_i/u_dcsr_csr/rdata_q_reg[12]/RD     2.00     3.16    -1.16 (VIOLATED)
       PIN :   ibex_top_inst/u_ibex_core/cs_registers_i/u_mtval_csr/rdata_q_reg[12]/RD     2.00     3.16    -1.16 (VIOLATED)
       PIN :   ibex_top_inst/u_ibex_core/cs_registers_i/u_mtval_csr/rdata_q_reg[11]/RD     2.00     3.16    -1.16 (VIOLATED)
       PIN :   ibex_top_inst/u_ibex_core/cs_registers_i/u_mtval_csr/rdata_q_reg[10]/RD     2.00     3.16    -1.16 (VIOLATED)
       PIN :   ibex_top_inst/u_ibex_core/cs_registers_i/u_mtval_csr/rdata_q_reg[9]/RD     2.00     3.16    -1.16 (VIOLATED)
       PIN :   ibex_top_inst/u_ibex_core/cs_registers_i/u_mtval_csr/rdata_q_reg[8]/RD     2.00     3.16    -1.16 (VIOLATED)
       PIN :   ibex_top_inst/u_ibex_core/cs_registers_i/u_mtval_csr/rdata_q_reg[7]/RD     2.00     3.16    -1.16 (VIOLATED)
       PIN :   ibex_top_inst/u_ibex_core/cs_registers_i/mcycle_counter_i/counter_q_reg[39]/RD     2.00     3.16    -1.16 (VIOLATED)
       PIN :   ibex_top_inst/u_ibex_core/cs_registers_i/mcycle_counter_i/counter_q_reg[38]/RD     2.00     3.16    -1.16 (VIOLATED)
       PIN :   ibex_top_inst/u_ibex_core/cs_registers_i/mcycle_counter_i/counter_q_reg[36]/RD     2.00     3.16    -1.16 (VIOLATED)
       PIN :   ibex_top_inst/u_ibex_core/cs_registers_i/mcycle_counter_i/counter_q_reg[32]/RD     2.00     3.16    -1.16 (VIOLATED)
       PIN :   ibex_top_inst/u_ibex_core/cs_registers_i/mcycle_counter_i/counter_q_reg[30]/RD     2.00     3.16    -1.16 (VIOLATED)
       PIN :   ibex_top_inst/u_ibex_core/cs_registers_i/mcycle_counter_i/counter_q_reg[29]/RD     2.00     3.16    -1.16 (VIOLATED)
       PIN :   ibex_top_inst/u_ibex_core/cs_registers_i/mcycle_counter_i/counter_q_reg[28]/RD     2.00     3.16    -1.16 (VIOLATED)
       PIN :   ibex_top_inst/u_ibex_core/cs_registers_i/mcycle_counter_i/counter_q_reg[25]/RD     2.00     3.16    -1.16 (VIOLATED)
       PIN :   ibex_top_inst/u_ibex_core/cs_registers_i/mcycle_counter_i/counter_q_reg[23]/RD     2.00     3.16    -1.16 (VIOLATED)
       PIN :   ibex_top_inst/u_ibex_core/cs_registers_i/u_mtval_csr/rdata_q_reg[23]/RD     2.00     3.16    -1.16 (VIOLATED)
       PIN :   ibex_top_inst/u_ibex_core/cs_registers_i/u_mtval_csr/rdata_q_reg[22]/RD     2.00     3.16    -1.16 (VIOLATED)
       PIN :   ibex_top_inst/u_ibex_core/cs_registers_i/u_mtvec_csr/rdata_q_reg[22]/RD     2.00     3.16    -1.16 (VIOLATED)
       PIN :   ibex_top_inst/u_ibex_core/cs_registers_i/u_mtvec_csr/rdata_q_reg[21]/RD     2.00     3.16    -1.16 (VIOLATED)
       PIN :   ibex_top_inst/u_ibex_core/cs_registers_i/minstret_counter_i/counter_q_reg[20]/RD     2.00     3.16    -1.16 (VIOLATED)
       PIN :   ibex_top_inst/u_ibex_core/cs_registers_i/minstret_counter_i/counter_q_reg[51]/RD     2.00     3.16    -1.16 (VIOLATED)
       PIN :   ibex_top_inst/u_ibex_core/cs_registers_i/u_mtval_csr/rdata_q_reg[19]/RD     2.00     3.16    -1.16 (VIOLATED)
       PIN :   ibex_top_inst/u_ibex_core/cs_registers_i/u_mtval_csr/rdata_q_reg[18]/RD     2.00     3.16    -1.16 (VIOLATED)
       PIN :   ibex_top_inst/u_ibex_core/cs_registers_i/minstret_counter_i/counter_q_reg[49]/RD     2.00     3.16    -1.16 (VIOLATED)
       PIN :   ibex_top_inst/u_ibex_core/cs_registers_i/u_mtval_csr/rdata_q_reg[17]/RD     2.00     3.16    -1.16 (VIOLATED)
       PIN :   ibex_top_inst/u_ibex_core/cs_registers_i/u_mtval_csr/rdata_q_reg[16]/RD     2.00     3.16    -1.16 (VIOLATED)
       PIN :   ibex_top_inst/u_ibex_core/cs_registers_i/minstret_counter_i/counter_q_reg[15]/RD     2.00     3.16    -1.16 (VIOLATED)
       PIN :   ibex_top_inst/u_ibex_core/cs_registers_i/u_mtval_csr/rdata_q_reg[15]/RD     2.00     3.16    -1.16 (VIOLATED)
       PIN :   ibex_top_inst/u_ibex_core/cs_registers_i/u_mtval_csr/rdata_q_reg[14]/RD     2.00     3.16    -1.16 (VIOLATED)
       PIN :   ibex_top_inst/u_ibex_core/cs_registers_i/u_mtvec_csr/rdata_q_reg[14]/RD     2.00     3.16    -1.16 (VIOLATED)
       PIN :   ibex_top_inst/u_ibex_core/cs_registers_i/u_mtvec_csr/rdata_q_reg[13]/RD     2.00     3.16    -1.16 (VIOLATED)
       PIN :   ibex_top_inst/u_ibex_core/cs_registers_i/mcycle_counter_i/counter_q_reg[45]/RD     2.00     3.16    -1.16 (VIOLATED)
       PIN :   ibex_top_inst/u_ibex_core/cs_registers_i/mcycle_counter_i/counter_q_reg[44]/RD     2.00     3.16    -1.16 (VIOLATED)
       PIN :   ibex_top_inst/u_ibex_core/cs_registers_i/mcycle_counter_i/counter_q_reg[43]/RD     2.00     3.16    -1.16 (VIOLATED)
       PIN :   ibex_top_inst/u_ibex_core/cs_registers_i/minstret_counter_i/counter_q_reg[42]/RD     2.00     3.16    -1.16 (VIOLATED)
       PIN :   ibex_top_inst/u_ibex_core/cs_registers_i/minstret_counter_i/counter_q_reg[10]/RD     2.00     3.16    -1.16 (VIOLATED)
       PIN :   ibex_top_inst/u_ibex_core/cs_registers_i/minstret_counter_i/counter_q_reg[9]/RD     2.00     3.16    -1.16 (VIOLATED)
       PIN :   ibex_top_inst/u_ibex_core/cs_registers_i/minstret_counter_i/counter_q_reg[8]/RD     2.00     3.16    -1.16 (VIOLATED)
       PIN :   ibex_top_inst/u_ibex_core/cs_registers_i/u_mtvec_csr/rdata_q_reg[8]/RD     2.00     3.16    -1.16 (VIOLATED)
       PIN :   ibex_top_inst/u_ibex_core/cs_registers_i/u_mtval_csr/rdata_q_reg[30]/RD     2.00     3.16    -1.16 (VIOLATED)
       PIN :   ibex_top_inst/u_ibex_core/cs_registers_i/minstret_counter_i/counter_q_reg[61]/RD     2.00     3.16    -1.16 (VIOLATED)
       PIN :   ibex_top_inst/u_ibex_core/cs_registers_i/mcycle_counter_i/counter_q_reg[61]/RD     2.00     3.16    -1.16 (VIOLATED)
       PIN :   ibex_top_inst/u_ibex_core/cs_registers_i/mcycle_counter_i/counter_q_reg[60]/RD     2.00     3.16    -1.16 (VIOLATED)
       PIN :   ibex_top_inst/u_ibex_core/cs_registers_i/mcycle_counter_i/counter_q_reg[58]/RD     2.00     3.16    -1.16 (VIOLATED)
       PIN :   ibex_top_inst/u_ibex_core/cs_registers_i/mcycle_counter_i/counter_q_reg[57]/RD     2.00     3.16    -1.16 (VIOLATED)
       PIN :   ibex_top_inst/u_ibex_core/cs_registers_i/mcycle_counter_i/counter_q_reg[55]/RD     2.00     3.16    -1.16 (VIOLATED)
       PIN :   ibex_top_inst/u_ibex_core/cs_registers_i/mcycle_counter_i/counter_q_reg[54]/RD     2.00     3.16    -1.16 (VIOLATED)
       PIN :   ibex_top_inst/u_ibex_core/cs_registers_i/mcycle_counter_i/counter_q_reg[52]/RD     2.00     3.16    -1.16 (VIOLATED)
       PIN :   ibex_top_inst/u_ibex_core/cs_registers_i/mcycle_counter_i/counter_q_reg[51]/RD     2.00     3.16    -1.16 (VIOLATED)
       PIN :   ibex_top_inst/u_ibex_core/cs_registers_i/mcycle_counter_i/counter_q_reg[49]/RD     2.00     3.16    -1.16 (VIOLATED)
       PIN :   ibex_top_inst/u_ibex_core/cs_registers_i/mcycle_counter_i/counter_q_reg[48]/RD     2.00     3.16    -1.16 (VIOLATED)
       PIN :   ibex_top_inst/u_ibex_core/cs_registers_i/mcycle_counter_i/counter_q_reg[46]/RD     2.00     3.16    -1.16 (VIOLATED)
       PIN :   ibex_top_inst/u_ibex_core/cs_registers_i/mcycle_counter_i/counter_q_reg[35]/RD     2.00     3.16    -1.16 (VIOLATED)
       PIN :   ibex_top_inst/u_ibex_core/cs_registers_i/mcycle_counter_i/counter_q_reg[34]/RD     2.00     3.16    -1.16 (VIOLATED)
       PIN :   ibex_top_inst/u_ibex_core/cs_registers_i/mcycle_counter_i/counter_q_reg[33]/RD     2.00     3.16    -1.16 (VIOLATED)
       PIN :   ibex_top_inst/u_ibex_core/cs_registers_i/minstret_counter_i/counter_q_reg[0]/RD     2.00     3.16    -1.16 (VIOLATED)
       PIN :   ibex_top_inst/u_ibex_core/cs_registers_i/mcycle_counter_i/counter_q_reg[63]/RD     2.00     3.16    -1.16 (VIOLATED)
       PIN :   ibex_top_inst/u_ibex_core/cs_registers_i/mcycle_counter_i/counter_q_reg[62]/RD     2.00     3.16    -1.16 (VIOLATED)
       PIN :   ibex_top_inst/u_ibex_core/cs_registers_i/mcycle_counter_i/counter_q_reg[47]/RD     2.00     3.16    -1.16 (VIOLATED)
       PIN :   ibex_top_inst/u_ibex_core/cs_registers_i/mcountinhibit_q_reg[0]/RD     2.00     3.16    -1.16 (VIOLATED)
       PIN :   ibex_top_inst/u_ibex_core/cs_registers_i/minstret_counter_i/counter_q_reg[31]/RD     2.00     3.16    -1.16 (VIOLATED)
       PIN :   ibex_top_inst/u_ibex_core/cs_registers_i/u_mtval_csr/rdata_q_reg[31]/RD     2.00     3.16    -1.16 (VIOLATED)
       PIN :   ibex_top_inst/u_ibex_core/cs_registers_i/U1365/A     2.00     3.16    -1.16 (VIOLATED)
       PIN :   ibex_top_inst/u_ibex_core/id_stage_i/controller_i/do_single_step_q_reg/RD     2.00     3.16    -1.16 (VIOLATED)
       PIN :   ibex_top_inst/core_busy_q_reg[0]/RD     2.00     3.16    -1.16 (VIOLATED)
       PIN :   ibex_top_inst/u_ibex_core/ex_block_i/gen_multdiv_fast.multdiv_i/op_numerator_q_reg[18]/RD     2.00     3.16    -1.16 (VIOLATED)
       PIN :   ibex_top_inst/u_ibex_core/ex_block_i/gen_multdiv_fast.multdiv_i/op_numerator_q_reg[17]/RD     2.00     3.16    -1.16 (VIOLATED)
       PIN :   ibex_top_inst/u_ibex_core/ex_block_i/gen_multdiv_fast.multdiv_i/op_numerator_q_reg[16]/RD     2.00     3.16    -1.16 (VIOLATED)
       PIN :   ibex_top_inst/u_ibex_core/ex_block_i/gen_multdiv_fast.multdiv_i/op_numerator_q_reg[15]/RD     2.00     3.16    -1.16 (VIOLATED)
       PIN :   ibex_top_inst/u_ibex_core/ex_block_i/gen_multdiv_fast.multdiv_i/op_numerator_q_reg[14]/RD     2.00     3.16    -1.16 (VIOLATED)
       PIN :   ibex_top_inst/u_ibex_core/ex_block_i/gen_multdiv_fast.multdiv_i/op_numerator_q_reg[13]/RD     2.00     3.16    -1.16 (VIOLATED)
       PIN :   ibex_top_inst/u_ibex_core/ex_block_i/gen_multdiv_fast.multdiv_i/op_numerator_q_reg[12]/RD     2.00     3.16    -1.16 (VIOLATED)
       PIN :   ibex_top_inst/u_ibex_core/ex_block_i/gen_multdiv_fast.multdiv_i/op_numerator_q_reg[11]/RD     2.00     3.16    -1.16 (VIOLATED)
       PIN :   ibex_top_inst/u_ibex_core/ex_block_i/gen_multdiv_fast.multdiv_i/op_numerator_q_reg[10]/RD     2.00     3.16    -1.16 (VIOLATED)
       PIN :   ibex_top_inst/u_ibex_core/ex_block_i/gen_multdiv_fast.multdiv_i/op_numerator_q_reg[9]/RD     2.00     3.16    -1.16 (VIOLATED)
       PIN :   ibex_top_inst/u_ibex_core/ex_block_i/gen_multdiv_fast.multdiv_i/op_numerator_q_reg[8]/RD     2.00     3.16    -1.16 (VIOLATED)
       PIN :   ibex_top_inst/u_ibex_core/ex_block_i/gen_multdiv_fast.multdiv_i/op_numerator_q_reg[7]/RD     2.00     3.16    -1.16 (VIOLATED)
       PIN :   ibex_top_inst/u_ibex_core/ex_block_i/gen_multdiv_fast.multdiv_i/op_numerator_q_reg[6]/RD     2.00     3.16    -1.16 (VIOLATED)
       PIN :   ibex_top_inst/u_ibex_core/ex_block_i/gen_multdiv_fast.multdiv_i/op_numerator_q_reg[5]/RD     2.00     3.16    -1.16 (VIOLATED)
       PIN :   ibex_top_inst/u_ibex_core/ex_block_i/gen_multdiv_fast.multdiv_i/op_numerator_q_reg[4]/RD     2.00     3.16    -1.16 (VIOLATED)
       PIN :   ibex_top_inst/u_ibex_core/ex_block_i/gen_multdiv_fast.multdiv_i/op_numerator_q_reg[3]/RD     2.00     3.16    -1.16 (VIOLATED)
       PIN :   ibex_top_inst/u_ibex_core/ex_block_i/gen_multdiv_fast.multdiv_i/op_numerator_q_reg[2]/RD     2.00     3.16    -1.16 (VIOLATED)
       PIN :   ibex_top_inst/u_ibex_core/load_store_unit_i/addr_last_q_reg[26]/RD     2.00     3.16    -1.16 (VIOLATED)
       PIN :   ibex_top_inst/u_ibex_core/ex_block_i/gen_multdiv_fast.multdiv_i/op_quotient_q_reg[31]/RD     2.00     3.16    -1.16 (VIOLATED)
       PIN :   ibex_top_inst/u_ibex_core/ex_block_i/gen_multdiv_fast.multdiv_i/op_quotient_q_reg[30]/RD     2.00     3.16    -1.16 (VIOLATED)
       PIN :   ibex_top_inst/u_ibex_core/ex_block_i/gen_multdiv_fast.multdiv_i/op_quotient_q_reg[29]/RD     2.00     3.16    -1.16 (VIOLATED)
       PIN :   ibex_top_inst/u_ibex_core/ex_block_i/gen_multdiv_fast.multdiv_i/op_quotient_q_reg[28]/RD     2.00     3.16    -1.16 (VIOLATED)
       PIN :   ibex_top_inst/u_ibex_core/ex_block_i/gen_multdiv_fast.multdiv_i/op_quotient_q_reg[27]/RD     2.00     3.16    -1.16 (VIOLATED)
       PIN :   ibex_top_inst/u_ibex_core/ex_block_i/gen_multdiv_fast.multdiv_i/op_quotient_q_reg[26]/RD     2.00     3.16    -1.16 (VIOLATED)
       PIN :   ibex_top_inst/u_ibex_core/ex_block_i/gen_multdiv_fast.multdiv_i/op_quotient_q_reg[25]/RD     2.00     3.16    -1.16 (VIOLATED)
       PIN :   ibex_top_inst/u_ibex_core/ex_block_i/gen_multdiv_fast.multdiv_i/op_quotient_q_reg[24]/RD     2.00     3.16    -1.16 (VIOLATED)
       PIN :   ibex_top_inst/u_ibex_core/ex_block_i/gen_multdiv_fast.multdiv_i/op_quotient_q_reg[23]/RD     2.00     3.16    -1.16 (VIOLATED)
       PIN :   ibex_top_inst/u_ibex_core/ex_block_i/gen_multdiv_fast.multdiv_i/op_quotient_q_reg[22]/RD     2.00     3.16    -1.16 (VIOLATED)
       PIN :   ibex_top_inst/u_ibex_core/ex_block_i/gen_multdiv_fast.multdiv_i/op_quotient_q_reg[21]/RD     2.00     3.16    -1.16 (VIOLATED)
       PIN :   ibex_top_inst/u_ibex_core/ex_block_i/gen_multdiv_fast.multdiv_i/op_quotient_q_reg[20]/RD     2.00     3.16    -1.16 (VIOLATED)
       PIN :   ibex_top_inst/u_ibex_core/ex_block_i/gen_multdiv_fast.multdiv_i/op_quotient_q_reg[19]/RD     2.00     3.16    -1.16 (VIOLATED)
       PIN :   ibex_top_inst/u_ibex_core/ex_block_i/gen_multdiv_fast.multdiv_i/op_quotient_q_reg[18]/RD     2.00     3.16    -1.16 (VIOLATED)
       PIN :   ibex_top_inst/u_ibex_core/ex_block_i/gen_multdiv_fast.multdiv_i/op_quotient_q_reg[17]/RD     2.00     3.16    -1.16 (VIOLATED)
       PIN :   ibex_top_inst/u_ibex_core/ex_block_i/gen_multdiv_fast.multdiv_i/op_quotient_q_reg[16]/RD     2.00     3.16    -1.16 (VIOLATED)
       PIN :   ibex_top_inst/u_ibex_core/ex_block_i/gen_multdiv_fast.multdiv_i/op_quotient_q_reg[15]/RD     2.00     3.16    -1.16 (VIOLATED)
       PIN :   ibex_top_inst/u_ibex_core/ex_block_i/gen_multdiv_fast.multdiv_i/op_quotient_q_reg[14]/RD     2.00     3.16    -1.16 (VIOLATED)
       PIN :   ibex_top_inst/u_ibex_core/ex_block_i/gen_multdiv_fast.multdiv_i/op_quotient_q_reg[13]/RD     2.00     3.16    -1.16 (VIOLATED)
       PIN :   ibex_top_inst/u_ibex_core/ex_block_i/gen_multdiv_fast.multdiv_i/op_quotient_q_reg[12]/RD     2.00     3.16    -1.16 (VIOLATED)
       PIN :   ibex_top_inst/u_ibex_core/ex_block_i/gen_multdiv_fast.multdiv_i/op_quotient_q_reg[11]/RD     2.00     3.16    -1.16 (VIOLATED)
       PIN :   ibex_top_inst/u_ibex_core/ex_block_i/gen_multdiv_fast.multdiv_i/op_quotient_q_reg[10]/RD     2.00     3.16    -1.16 (VIOLATED)
       PIN :   ibex_top_inst/u_ibex_core/ex_block_i/gen_multdiv_fast.multdiv_i/op_quotient_q_reg[9]/RD     2.00     3.16    -1.16 (VIOLATED)
       PIN :   ibex_top_inst/u_ibex_core/ex_block_i/gen_multdiv_fast.multdiv_i/op_quotient_q_reg[8]/RD     2.00     3.16    -1.16 (VIOLATED)
       PIN :   ibex_top_inst/u_ibex_core/ex_block_i/gen_multdiv_fast.multdiv_i/op_quotient_q_reg[7]/RD     2.00     3.16    -1.16 (VIOLATED)
       PIN :   ibex_top_inst/u_ibex_core/ex_block_i/gen_multdiv_fast.multdiv_i/op_quotient_q_reg[6]/RD     2.00     3.16    -1.16 (VIOLATED)
       PIN :   ibex_top_inst/u_ibex_core/ex_block_i/gen_multdiv_fast.multdiv_i/op_quotient_q_reg[5]/RD     2.00     3.16    -1.16 (VIOLATED)
       PIN :   ibex_top_inst/u_ibex_core/ex_block_i/gen_multdiv_fast.multdiv_i/op_quotient_q_reg[4]/RD     2.00     3.16    -1.16 (VIOLATED)
       PIN :   ibex_top_inst/u_ibex_core/ex_block_i/gen_multdiv_fast.multdiv_i/op_quotient_q_reg[3]/RD     2.00     3.16    -1.16 (VIOLATED)
       PIN :   ibex_top_inst/u_ibex_core/ex_block_i/gen_multdiv_fast.multdiv_i/op_quotient_q_reg[2]/RD     2.00     3.16    -1.16 (VIOLATED)
       PIN :   ibex_top_inst/u_ibex_core/ex_block_i/gen_multdiv_fast.multdiv_i/op_quotient_q_reg[1]/RD     2.00     3.16    -1.16 (VIOLATED)
       PIN :   ibex_top_inst/u_ibex_core/ex_block_i/gen_multdiv_fast.multdiv_i/op_quotient_q_reg[0]/RD     2.00     3.16    -1.16 (VIOLATED)
       PIN :   ibex_top_inst/u_ibex_core/ex_block_i/gen_multdiv_fast.multdiv_i/op_numerator_q_reg[31]/RD     2.00     3.16    -1.16 (VIOLATED)
       PIN :   ibex_top_inst/u_ibex_core/ex_block_i/gen_multdiv_fast.multdiv_i/op_numerator_q_reg[30]/RD     2.00     3.16    -1.16 (VIOLATED)
       PIN :   ibex_top_inst/u_ibex_core/ex_block_i/gen_multdiv_fast.multdiv_i/op_numerator_q_reg[29]/RD     2.00     3.16    -1.16 (VIOLATED)
       PIN :   ibex_top_inst/u_ibex_core/ex_block_i/gen_multdiv_fast.multdiv_i/op_numerator_q_reg[28]/RD     2.00     3.16    -1.16 (VIOLATED)
       PIN :   ibex_top_inst/u_ibex_core/id_stage_i/imd_val_q_reg[1][28]/RD     2.00     3.16    -1.16 (VIOLATED)
       PIN :   ibex_top_inst/u_ibex_core/load_store_unit_i/addr_last_q_reg[11]/RD     2.00     3.16    -1.16 (VIOLATED)
       PIN :   ibex_top_inst/u_ibex_core/id_stage_i/imd_val_q_reg[1][11]/RD     2.00     3.16    -1.16 (VIOLATED)
       PIN :   ibex_top_inst/u_ibex_core/id_stage_i/imd_val_q_reg[1][10]/RD     2.00     3.16    -1.16 (VIOLATED)
       PIN :   ibex_top_inst/u_ibex_core/load_store_unit_i/addr_last_q_reg[10]/RD     2.00     3.16    -1.16 (VIOLATED)
       PIN :   ibex_top_inst/u_ibex_core/load_store_unit_i/addr_last_q_reg[9]/RD     2.00     3.16    -1.16 (VIOLATED)
       PIN :   ibex_top_inst/u_ibex_core/id_stage_i/imd_val_q_reg[1][9]/RD     2.00     3.16    -1.16 (VIOLATED)
       PIN :   ibex_top_inst/u_ibex_core/id_stage_i/imd_val_q_reg[1][8]/RD     2.00     3.16    -1.16 (VIOLATED)
       PIN :   ibex_top_inst/u_ibex_core/load_store_unit_i/addr_last_q_reg[8]/RD     2.00     3.16    -1.16 (VIOLATED)
       PIN :   ibex_top_inst/u_ibex_core/load_store_unit_i/addr_last_q_reg[7]/RD     2.00     3.16    -1.16 (VIOLATED)
       PIN :   ibex_top_inst/u_ibex_core/id_stage_i/imd_val_q_reg[1][7]/RD     2.00     3.16    -1.16 (VIOLATED)
       PIN :   ibex_top_inst/u_ibex_core/id_stage_i/imd_val_q_reg[1][6]/RD     2.00     3.16    -1.16 (VIOLATED)
       PIN :   ibex_top_inst/u_ibex_core/load_store_unit_i/addr_last_q_reg[6]/RD     2.00     3.16    -1.16 (VIOLATED)
       PIN :   ibex_top_inst/u_ibex_core/load_store_unit_i/addr_last_q_reg[5]/RD     2.00     3.16    -1.16 (VIOLATED)
       PIN :   ibex_top_inst/u_ibex_core/load_store_unit_i/addr_last_q_reg[4]/RD     2.00     3.16    -1.16 (VIOLATED)
       PIN :   ibex_top_inst/u_ibex_core/load_store_unit_i/addr_last_q_reg[3]/RD     2.00     3.16    -1.16 (VIOLATED)
       PIN :   ibex_top_inst/u_ibex_core/id_stage_i/imd_val_q_reg[1][5]/RD     2.00     3.16    -1.16 (VIOLATED)
       PIN :   ibex_top_inst/u_ibex_core/id_stage_i/imd_val_q_reg[1][4]/RD     2.00     3.16    -1.16 (VIOLATED)
       PIN :   ibex_top_inst/u_ibex_core/id_stage_i/imd_val_q_reg[1][3]/RD     2.00     3.16    -1.16 (VIOLATED)
       PIN :   ibex_top_inst/u_ibex_core/id_stage_i/imd_val_q_reg[1][2]/RD     2.00     3.16    -1.16 (VIOLATED)
       PIN :   ibex_top_inst/u_ibex_core/id_stage_i/imd_val_q_reg[1][1]/RD     2.00     3.16    -1.16 (VIOLATED)
       PIN :   ibex_top_inst/u_ibex_core/load_store_unit_i/addr_last_q_reg[1]/RD     2.00     3.16    -1.16 (VIOLATED)
       PIN :   ibex_top_inst/u_ibex_core/ex_block_i/gen_multdiv_fast.multdiv_i/op_numerator_q_reg[1]/RD     2.00     3.16    -1.16 (VIOLATED)
       PIN :   ibex_top_inst/u_ibex_core/load_store_unit_i/addr_last_q_reg[15]/RD     2.00     3.16    -1.16 (VIOLATED)
       PIN :   ibex_top_inst/u_ibex_core/load_store_unit_i/addr_last_q_reg[14]/RD     2.00     3.16    -1.16 (VIOLATED)
       PIN :   ibex_top_inst/u_ibex_core/load_store_unit_i/addr_last_q_reg[13]/RD     2.00     3.16    -1.16 (VIOLATED)
       PIN :   ibex_top_inst/u_ibex_core/id_stage_i/imd_val_q_reg[1][16]/RD     2.00     3.16    -1.16 (VIOLATED)
       PIN :   ibex_top_inst/u_ibex_core/id_stage_i/imd_val_q_reg[1][15]/RD     2.00     3.16    -1.16 (VIOLATED)
       PIN :   ibex_top_inst/u_ibex_core/id_stage_i/imd_val_q_reg[1][14]/RD     2.00     3.16    -1.16 (VIOLATED)
       PIN :   ibex_top_inst/u_ibex_core/id_stage_i/imd_val_q_reg[1][13]/RD     2.00     3.16    -1.16 (VIOLATED)
       PIN :   ibex_top_inst/u_ibex_core/id_stage_i/imd_val_q_reg[1][19]/RD     2.00     3.16    -1.16 (VIOLATED)
       PIN :   ibex_top_inst/u_ibex_core/ex_block_i/gen_multdiv_fast.multdiv_i/op_numerator_q_reg[27]/RD     2.00     3.16    -1.16 (VIOLATED)
       PIN :   ibex_top_inst/u_ibex_core/ex_block_i/gen_multdiv_fast.multdiv_i/op_numerator_q_reg[26]/RD     2.00     3.16    -1.16 (VIOLATED)
       PIN :   ibex_top_inst/u_ibex_core/ex_block_i/gen_multdiv_fast.multdiv_i/op_numerator_q_reg[25]/RD     2.00     3.16    -1.16 (VIOLATED)
       PIN :   ibex_top_inst/u_ibex_core/ex_block_i/gen_multdiv_fast.multdiv_i/op_numerator_q_reg[24]/RD     2.00     3.16    -1.16 (VIOLATED)
       PIN :   ibex_top_inst/u_ibex_core/ex_block_i/gen_multdiv_fast.multdiv_i/op_numerator_q_reg[23]/RD     2.00     3.16    -1.16 (VIOLATED)
       PIN :   ibex_top_inst/u_ibex_core/ex_block_i/gen_multdiv_fast.multdiv_i/op_numerator_q_reg[22]/RD     2.00     3.16    -1.16 (VIOLATED)
       PIN :   ibex_top_inst/u_ibex_core/id_stage_i/imd_val_q_reg[1][24]/RD     2.00     3.16    -1.16 (VIOLATED)
       PIN :   ibex_top_inst/u_ibex_core/id_stage_i/imd_val_q_reg[1][23]/RD     2.00     3.16    -1.16 (VIOLATED)
       PIN :   ibex_top_inst/u_ibex_core/id_stage_i/imd_val_q_reg[1][22]/RD     2.00     3.16    -1.16 (VIOLATED)
       PIN :   ibex_top_inst/u_ibex_core/load_store_unit_i/rdata_q_reg[31]/RD     2.00     3.16    -1.16 (VIOLATED)
       PIN :   ibex_top_inst/u_ibex_core/load_store_unit_i/rdata_q_reg[30]/RD     2.00     3.16    -1.16 (VIOLATED)
       PIN :   ibex_top_inst/u_ibex_core/load_store_unit_i/rdata_q_reg[29]/RD     2.00     3.16    -1.16 (VIOLATED)
       PIN :   ibex_top_inst/u_ibex_core/load_store_unit_i/rdata_q_reg[28]/RD     2.00     3.16    -1.16 (VIOLATED)
       PIN :   ibex_top_inst/u_ibex_core/load_store_unit_i/rdata_q_reg[27]/RD     2.00     3.16    -1.16 (VIOLATED)
       PIN :   ibex_top_inst/u_ibex_core/load_store_unit_i/rdata_q_reg[26]/RD     2.00     3.16    -1.16 (VIOLATED)
       PIN :   ibex_top_inst/u_ibex_core/load_store_unit_i/rdata_q_reg[25]/RD     2.00     3.16    -1.16 (VIOLATED)
       PIN :   ibex_top_inst/u_ibex_core/load_store_unit_i/rdata_q_reg[24]/RD     2.00     3.16    -1.16 (VIOLATED)
       PIN :   ibex_top_inst/u_ibex_core/load_store_unit_i/rdata_q_reg[23]/RD     2.00     3.16    -1.16 (VIOLATED)
       PIN :   ibex_top_inst/u_ibex_core/load_store_unit_i/rdata_q_reg[22]/RD     2.00     3.16    -1.16 (VIOLATED)
       PIN :   ibex_top_inst/u_ibex_core/load_store_unit_i/rdata_q_reg[21]/RD     2.00     3.16    -1.16 (VIOLATED)
       PIN :   ibex_top_inst/u_ibex_core/load_store_unit_i/rdata_q_reg[20]/RD     2.00     3.16    -1.16 (VIOLATED)
       PIN :   ibex_top_inst/u_ibex_core/load_store_unit_i/rdata_q_reg[19]/RD     2.00     3.16    -1.16 (VIOLATED)
       PIN :   ibex_top_inst/u_ibex_core/load_store_unit_i/rdata_q_reg[18]/RD     2.00     3.16    -1.16 (VIOLATED)
       PIN :   ibex_top_inst/u_ibex_core/load_store_unit_i/rdata_q_reg[17]/RD     2.00     3.16    -1.16 (VIOLATED)
       PIN :   ibex_top_inst/u_ibex_core/load_store_unit_i/rdata_q_reg[16]/RD     2.00     3.16    -1.16 (VIOLATED)
       PIN :   ibex_top_inst/u_ibex_core/load_store_unit_i/rdata_q_reg[15]/RD     2.00     3.16    -1.16 (VIOLATED)
       PIN :   ibex_top_inst/u_ibex_core/load_store_unit_i/rdata_q_reg[14]/RD     2.00     3.16    -1.16 (VIOLATED)
       PIN :   ibex_top_inst/u_ibex_core/load_store_unit_i/rdata_q_reg[13]/RD     2.00     3.16    -1.16 (VIOLATED)
       PIN :   ibex_top_inst/u_ibex_core/load_store_unit_i/rdata_q_reg[12]/RD     2.00     3.16    -1.16 (VIOLATED)
       PIN :   ibex_top_inst/u_ibex_core/load_store_unit_i/rdata_q_reg[11]/RD     2.00     3.16    -1.16 (VIOLATED)
       PIN :   ibex_top_inst/u_ibex_core/load_store_unit_i/rdata_q_reg[10]/RD     2.00     3.16    -1.16 (VIOLATED)
       PIN :   ibex_top_inst/u_ibex_core/load_store_unit_i/rdata_q_reg[9]/RD     2.00     3.16    -1.16 (VIOLATED)
       PIN :   ibex_top_inst/u_ibex_core/load_store_unit_i/rdata_q_reg[8]/RD     2.00     3.16    -1.16 (VIOLATED)
       PIN :   ibex_top_inst/u_ibex_core/load_store_unit_i/rdata_offset_q_reg[1]/RD     2.00     3.16    -1.16 (VIOLATED)
       PIN :   ibex_top_inst/u_ibex_core/load_store_unit_i/rdata_offset_q_reg[0]/RD     2.00     3.16    -1.16 (VIOLATED)
       PIN :   ibex_top_inst/u_ibex_core/ex_block_i/gen_multdiv_fast.multdiv_i/op_numerator_q_reg[0]/RD     2.00     3.16    -1.16 (VIOLATED)
       PIN :   ibex_top_inst/u_ibex_core/ex_block_i/gen_multdiv_fast.multdiv_i/op_numerator_q_reg[21]/RD     2.00     3.16    -1.16 (VIOLATED)
       PIN :   ibex_top_inst/u_ibex_core/ex_block_i/gen_multdiv_fast.multdiv_i/op_numerator_q_reg[20]/RD     2.00     3.16    -1.16 (VIOLATED)
       PIN :   ibex_top_inst/u_ibex_core/load_store_unit_i/addr_last_q_reg[31]/RD     2.00     3.16    -1.16 (VIOLATED)
       PIN :   ibex_top_inst/u_ibex_core/ex_block_i/gen_multdiv_fast.multdiv_i/div_counter_q_reg[4]/RD     2.00     3.16    -1.16 (VIOLATED)
       PIN :   ibex_top_inst/u_ibex_core/ex_block_i/gen_multdiv_fast.multdiv_i/div_counter_q_reg[3]/RD     2.00     3.16    -1.16 (VIOLATED)
       PIN :   ibex_top_inst/u_ibex_core/ex_block_i/gen_multdiv_fast.multdiv_i/div_counter_q_reg[2]/RD     2.00     3.16    -1.16 (VIOLATED)
       PIN :   ibex_top_inst/u_ibex_core/ex_block_i/gen_multdiv_fast.multdiv_i/div_counter_q_reg[1]/RD     2.00     3.16    -1.16 (VIOLATED)
       PIN :   ibex_top_inst/u_ibex_core/ex_block_i/gen_multdiv_fast.multdiv_i/div_counter_q_reg[0]/RD     2.00     3.16    -1.16 (VIOLATED)
       PIN :   ibex_top_inst/u_ibex_core/ex_block_i/gen_multdiv_fast.multdiv_i/md_state_q_reg[2]/RD     2.00     3.16    -1.16 (VIOLATED)
       PIN :   ibex_top_inst/u_ibex_core/ex_block_i/gen_multdiv_fast.multdiv_i/md_state_q_reg[0]/RD     2.00     3.16    -1.16 (VIOLATED)
       PIN :   ibex_top_inst/u_ibex_core/ex_block_i/gen_multdiv_fast.multdiv_i/gen_mult_single_cycle.mult_state_q_reg/RD     2.00     3.16    -1.16 (VIOLATED)
       PIN :   ibex_top_inst/u_ibex_core/id_stage_i/controller_i/debug_cause_q_reg[1]/RD     2.00     3.16    -1.16 (VIOLATED)
       PIN :   ibex_top_inst/u_ibex_core/id_stage_i/controller_i/debug_cause_q_reg[0]/RD     2.00     3.16    -1.16 (VIOLATED)
       PIN :   ibex_top_inst/u_ibex_core/if_stage_i/instr_valid_id_q_reg/RD     2.00     3.16    -1.16 (VIOLATED)
       PIN :   ibex_top_inst/u_ibex_core/id_stage_i/controller_i/exc_req_q_reg/RD     2.00     3.16    -1.16 (VIOLATED)
       PIN :   ibex_top_inst/u_ibex_core/id_stage_i/controller_i/enter_debug_mode_prio_q_reg/RD     2.00     3.16    -1.16 (VIOLATED)
       PIN :   ibex_top_inst/u_ibex_core/id_stage_i/controller_i/debug_mode_q_reg/RD     2.00     3.16    -1.16 (VIOLATED)
       PIN :   ibex_top_inst/u_ibex_core/id_stage_i/controller_i/debug_cause_q_reg[2]/RD     2.00     3.16    -1.16 (VIOLATED)
       PIN :   ibex_top_inst/u_ibex_core/if_stage_i/gen_prefetch_buffer.prefetch_buffer_i/fifo_i/valid_q_reg[2]/RD     2.00     3.16    -1.16 (VIOLATED)
       PIN :   ibex_top_inst/u_ibex_core/if_stage_i/gen_prefetch_buffer.prefetch_buffer_i/fifo_i/valid_q_reg[1]/RD     2.00     3.16    -1.16 (VIOLATED)
       PIN :   ibex_top_inst/u_ibex_core/if_stage_i/gen_prefetch_buffer.prefetch_buffer_i/fifo_i/valid_q_reg[0]/RD     2.00     3.16    -1.16 (VIOLATED)
       PIN :   ibex_top_inst/u_ibex_core/if_stage_i/gen_prefetch_buffer.prefetch_buffer_i/discard_req_q_reg/RD     2.00     3.16    -1.16 (VIOLATED)
       PIN :   ibex_top_inst/u_ibex_core/if_stage_i/gen_prefetch_buffer.prefetch_buffer_i/branch_discard_q_reg[1]/RD     2.00     3.16    -1.16 (VIOLATED)
       PIN :   ibex_top_inst/u_ibex_core/if_stage_i/gen_prefetch_buffer.prefetch_buffer_i/branch_discard_q_reg[0]/RD     2.00     3.16    -1.16 (VIOLATED)
       PIN :   ibex_top_inst/u_ibex_core/if_stage_i/gen_prefetch_buffer.prefetch_buffer_i/rdata_outstanding_q_reg[1]/RD     2.00     3.16    -1.16 (VIOLATED)
       PIN :   ibex_top_inst/u_ibex_core/if_stage_i/gen_prefetch_buffer.prefetch_buffer_i/rdata_outstanding_q_reg[0]/RD     2.00     3.16    -1.16 (VIOLATED)
       PIN :   ibex_top_inst/u_ibex_core/id_stage_i/controller_i/ctrl_fsm_cs_reg[2]/RD     2.00     3.16    -1.16 (VIOLATED)
       PIN :   ibex_top_inst/u_ibex_core/id_stage_i/controller_i/store_err_q_reg/RD     2.00     3.16    -1.16 (VIOLATED)
       PIN :   ibex_top_inst/u_ibex_core/load_store_unit_i/lsu_err_q_reg/RD     2.00     3.16    -1.16 (VIOLATED)
       PIN :   ibex_top_inst/u_ibex_core/load_store_unit_i/addr_last_q_reg[0]/RD     2.00     3.16    -1.16 (VIOLATED)
       PIN :   ibex_top_inst/u_ibex_core/load_store_unit_i/handle_misaligned_q_reg/RD     2.00     3.16    -1.16 (VIOLATED)
       PIN :   ibex_top_inst/u_ibex_core/load_store_unit_i/ls_fsm_cs_reg[0]/RD     2.00     3.16    -1.16 (VIOLATED)
       PIN :   ibex_top_inst/u_ibex_core/id_stage_i/controller_i/nmi_mode_q_reg/RD     2.00     3.16    -1.16 (VIOLATED)
       PIN :   ibex_top_inst/u_ibex_core/id_stage_i/controller_i/ctrl_fsm_cs_reg[3]/RD     2.00     3.16    -1.16 (VIOLATED)
       PIN :   ibex_top_inst/u_ibex_core/id_stage_i/controller_i/ctrl_fsm_cs_reg[0]/RD     2.00     3.16    -1.16 (VIOLATED)
       PIN :   ibex_top_inst/u_ibex_core/id_stage_i/controller_i/ctrl_fsm_cs_reg[1]/RD     2.00     3.16    -1.16 (VIOLATED)
       PIN :   ibex_top_inst/u_ibex_core/id_stage_i/controller_i/load_err_q_reg/RD     2.00     3.16    -1.16 (VIOLATED)
       PIN :   ibex_top_inst/u_ibex_core/load_store_unit_i/data_we_q_reg/RD     2.00     3.16    -1.16 (VIOLATED)
       PIN :   ibex_top_inst/u_ibex_core/load_store_unit_i/data_type_q_reg[1]/RD     2.00     3.16    -1.16 (VIOLATED)
       PIN :   ibex_top_inst/u_ibex_core/load_store_unit_i/data_type_q_reg[0]/RD     2.00     3.16    -1.16 (VIOLATED)
       PIN :   ibex_top_inst/u_ibex_core/load_store_unit_i/data_sign_ext_q_reg/RD     2.00     3.16    -1.16 (VIOLATED)
       PIN :   ibex_top_inst/u_ibex_core/load_store_unit_i/addr_last_q_reg[30]/RD     2.00     3.16    -1.16 (VIOLATED)
       PIN :   ibex_top_inst/u_ibex_core/id_stage_i/imd_val_q_reg[1][30]/RD     2.00     3.16    -1.16 (VIOLATED)
       PIN :   ibex_top_inst/u_ibex_core/id_stage_i/imd_val_q_reg[1][29]/RD     2.00     3.16    -1.16 (VIOLATED)
       PIN :   ibex_top_inst/u_ibex_core/load_store_unit_i/addr_last_q_reg[29]/RD     2.00     3.16    -1.16 (VIOLATED)
       PIN :   ibex_top_inst/u_ibex_core/load_store_unit_i/addr_last_q_reg[28]/RD     2.00     3.16    -1.16 (VIOLATED)
       PIN :   ibex_top_inst/u_ibex_core/id_stage_i/branch_jump_set_done_q_reg/RD     2.00     3.16    -1.16 (VIOLATED)
       PIN :   ibex_top_inst/u_ibex_core/id_stage_i/id_fsm_q_reg/RD     2.00     3.16    -1.16 (VIOLATED)
       PIN :   ibex_top_inst/u_ibex_core/ex_block_i/gen_multdiv_fast.multdiv_i/md_state_q_reg[1]/RD     2.00     3.16    -1.16 (VIOLATED)
       PIN :   ibex_top_inst/u_ibex_core/id_stage_i/imd_val_q_reg[1][26]/RD     2.00     3.16    -1.16 (VIOLATED)
       PIN :   ibex_top_inst/u_ibex_core/id_stage_i/imd_val_q_reg[1][25]/RD     2.00     3.16    -1.16 (VIOLATED)
       PIN :   ibex_top_inst/u_ibex_core/load_store_unit_i/addr_last_q_reg[25]/RD     2.00     3.16    -1.16 (VIOLATED)
       PIN :   ibex_top_inst/u_ibex_core/load_store_unit_i/addr_last_q_reg[24]/RD     2.00     3.16    -1.16 (VIOLATED)
       PIN :   ibex_top_inst/u_ibex_core/load_store_unit_i/addr_last_q_reg[23]/RD     2.00     3.16    -1.16 (VIOLATED)
       PIN :   ibex_top_inst/u_ibex_core/load_store_unit_i/addr_last_q_reg[22]/RD     2.00     3.16    -1.16 (VIOLATED)
       PIN :   ibex_top_inst/u_ibex_core/load_store_unit_i/addr_last_q_reg[21]/RD     2.00     3.16    -1.16 (VIOLATED)
       PIN :   ibex_top_inst/u_ibex_core/id_stage_i/imd_val_q_reg[1][21]/RD     2.00     3.16    -1.16 (VIOLATED)
       PIN :   ibex_top_inst/u_ibex_core/id_stage_i/imd_val_q_reg[1][20]/RD     2.00     3.16    -1.16 (VIOLATED)
       PIN :   ibex_top_inst/u_ibex_core/load_store_unit_i/addr_last_q_reg[20]/RD     2.00     3.16    -1.16 (VIOLATED)
       PIN :   ibex_top_inst/u_ibex_core/load_store_unit_i/addr_last_q_reg[19]/RD     2.00     3.16    -1.16 (VIOLATED)
       PIN :   ibex_top_inst/u_ibex_core/load_store_unit_i/addr_last_q_reg[18]/RD     2.00     3.16    -1.16 (VIOLATED)
       PIN :   ibex_top_inst/u_ibex_core/id_stage_i/imd_val_q_reg[1][18]/RD     2.00     3.16    -1.16 (VIOLATED)
       PIN :   ibex_top_inst/u_ibex_core/id_stage_i/imd_val_q_reg[1][17]/RD     2.00     3.16    -1.16 (VIOLATED)
       PIN :   ibex_top_inst/u_ibex_core/load_store_unit_i/addr_last_q_reg[17]/RD     2.00     3.16    -1.16 (VIOLATED)
       PIN :   ibex_top_inst/u_ibex_core/load_store_unit_i/addr_last_q_reg[16]/RD     2.00     3.16    -1.16 (VIOLATED)
       PIN :   ibex_top_inst/u_ibex_core/load_store_unit_i/addr_last_q_reg[27]/RD     2.00     3.16    -1.16 (VIOLATED)
       PIN :   ibex_top_inst/u_ibex_core/id_stage_i/imd_val_q_reg[1][27]/RD     2.00     3.16    -1.16 (VIOLATED)
       PIN :   ibex_top_inst/u_ibex_core/load_store_unit_i/addr_last_q_reg[12]/RD     2.00     3.16    -1.16 (VIOLATED)
       PIN :   ibex_top_inst/u_ibex_core/id_stage_i/imd_val_q_reg[1][12]/RD     2.00     3.16    -1.16 (VIOLATED)
       PIN :   ibex_top_inst/u_ibex_core/load_store_unit_i/addr_last_q_reg[2]/RD     2.00     3.16    -1.16 (VIOLATED)
       PIN :   ibex_top_inst/u_ibex_core/load_store_unit_i/ls_fsm_cs_reg[2]/RD     2.00     3.16    -1.16 (VIOLATED)
       PIN :   ibex_top_inst/u_ibex_core/load_store_unit_i/ls_fsm_cs_reg[1]/RD     2.00     3.16    -1.16 (VIOLATED)
       PIN :   ibex_top_inst/u_ibex_core/id_stage_i/imd_val_q_reg[1][0]/RD     2.00     3.16    -1.16 (VIOLATED)
       PIN :   ibex_top_inst/u_ibex_core/if_stage_i/gen_prefetch_buffer.prefetch_buffer_i/valid_req_q_reg/RD     2.00     3.16    -1.16 (VIOLATED)
       PIN :   ibex_top_inst/u_ibex_core/id_stage_i/imd_val_q_reg[0][22]/RD     2.00     3.16    -1.16 (VIOLATED)
       PIN :   ibex_top_inst/u_ibex_core/id_stage_i/imd_val_q_reg[0][21]/RD     2.00     3.16    -1.16 (VIOLATED)
       PIN :   ibex_top_inst/u_ibex_core/id_stage_i/imd_val_q_reg[0][24]/RD     2.00     3.16    -1.16 (VIOLATED)
       PIN :   ibex_top_inst/u_ibex_core/id_stage_i/imd_val_q_reg[0][23]/RD     2.00     3.16    -1.16 (VIOLATED)
       PIN :   ibex_top_inst/u_ibex_core/id_stage_i/imd_val_q_reg[0][25]/RD     2.00     3.16    -1.16 (VIOLATED)
       PIN :   ibex_top_inst/u_ibex_core/id_stage_i/imd_val_q_reg[0][26]/RD     2.00     3.16    -1.16 (VIOLATED)
       PIN :   ibex_top_inst/u_ibex_core/id_stage_i/imd_val_q_reg[1][31]/RD     2.00     3.16    -1.16 (VIOLATED)
       PIN :   ibex_top_inst/u_ibex_core/id_stage_i/imd_val_q_reg[0][15]/RD     2.00     3.16    -1.16 (VIOLATED)
       PIN :   ibex_top_inst/u_ibex_core/id_stage_i/imd_val_q_reg[0][14]/RD     2.00     3.16    -1.16 (VIOLATED)
       PIN :   ibex_top_inst/u_ibex_core/id_stage_i/imd_val_q_reg[0][13]/RD     2.00     3.16    -1.16 (VIOLATED)
       PIN :   ibex_top_inst/u_ibex_core/id_stage_i/imd_val_q_reg[0][12]/RD     2.00     3.16    -1.16 (VIOLATED)
       PIN :   ibex_top_inst/u_ibex_core/id_stage_i/imd_val_q_reg[0][11]/RD     2.00     3.16    -1.16 (VIOLATED)
       PIN :   ibex_top_inst/u_ibex_core/id_stage_i/imd_val_q_reg[0][10]/RD     2.00     3.16    -1.16 (VIOLATED)
       PIN :   ibex_top_inst/u_ibex_core/id_stage_i/imd_val_q_reg[0][9]/RD     2.00     3.16    -1.16 (VIOLATED)
       PIN :   ibex_top_inst/u_ibex_core/id_stage_i/imd_val_q_reg[0][8]/RD     2.00     3.16    -1.16 (VIOLATED)
       PIN :   ibex_top_inst/u_ibex_core/id_stage_i/imd_val_q_reg[0][7]/RD     2.00     3.16    -1.16 (VIOLATED)
       PIN :   ibex_top_inst/u_ibex_core/id_stage_i/imd_val_q_reg[0][6]/RD     2.00     3.16    -1.16 (VIOLATED)
       PIN :   ibex_top_inst/u_ibex_core/id_stage_i/imd_val_q_reg[0][5]/RD     2.00     3.16    -1.16 (VIOLATED)
       PIN :   ibex_top_inst/u_ibex_core/id_stage_i/imd_val_q_reg[0][4]/RD     2.00     3.16    -1.16 (VIOLATED)
       PIN :   ibex_top_inst/u_ibex_core/id_stage_i/imd_val_q_reg[0][3]/RD     2.00     3.16    -1.16 (VIOLATED)
       PIN :   ibex_top_inst/u_ibex_core/id_stage_i/imd_val_q_reg[0][2]/RD     2.00     3.16    -1.16 (VIOLATED)
       PIN :   ibex_top_inst/u_ibex_core/id_stage_i/imd_val_q_reg[0][1]/RD     2.00     3.16    -1.16 (VIOLATED)
       PIN :   ibex_top_inst/u_ibex_core/id_stage_i/imd_val_q_reg[0][0]/RD     2.00     3.16    -1.16 (VIOLATED)
       PIN :   ibex_top_inst/u_ibex_core/ex_block_i/gen_multdiv_fast.multdiv_i/op_numerator_q_reg[19]/RD     2.00     3.16    -1.16 (VIOLATED)
       PIN :   ibex_top_inst/u_ibex_core/id_stage_i/controller_i/illegal_insn_q_reg/RD     2.00     3.16    -1.16 (VIOLATED)
       PIN :   ibex_top_inst/u_ibex_core/id_stage_i/imd_val_q_reg[0][33]/RD     2.00     3.16    -1.16 (VIOLATED)
       PIN :   ibex_top_inst/u_ibex_core/ex_block_i/gen_multdiv_fast.multdiv_i/div_by_zero_q_reg/RD     2.00     3.16    -1.16 (VIOLATED)
       PIN :   ibex_top_inst/u_ibex_core/wb_stage_i/g_writeback_stage.wb_valid_q_reg/RD     2.00     3.16    -1.16 (VIOLATED)
       PIN :   ibex_top_inst/u_ibex_core/id_stage_i/imd_val_q_reg[0][20]/RD     2.00     3.16    -1.16 (VIOLATED)
       PIN :   ibex_top_inst/u_ibex_core/id_stage_i/imd_val_q_reg[0][19]/RD     2.00     3.16    -1.16 (VIOLATED)
       PIN :   ibex_top_inst/u_ibex_core/id_stage_i/imd_val_q_reg[0][18]/RD     2.00     3.16    -1.16 (VIOLATED)
       PIN :   ibex_top_inst/u_ibex_core/id_stage_i/imd_val_q_reg[0][17]/RD     2.00     3.16    -1.16 (VIOLATED)
       PIN :   ibex_top_inst/u_ibex_core/id_stage_i/imd_val_q_reg[0][16]/RD     2.00     3.16    -1.16 (VIOLATED)
       PIN :   ibex_top_inst/u_ibex_core/id_stage_i/imd_val_q_reg[0][32]/RD     2.00     3.16    -1.16 (VIOLATED)
       PIN :   ibex_top_inst/u_ibex_core/id_stage_i/imd_val_q_reg[0][31]/RD     2.00     3.16    -1.16 (VIOLATED)
       PIN :   ibex_top_inst/u_ibex_core/id_stage_i/imd_val_q_reg[0][30]/RD     2.00     3.16    -1.16 (VIOLATED)
       PIN :   ibex_top_inst/u_ibex_core/id_stage_i/imd_val_q_reg[0][29]/RD     2.00     3.16    -1.16 (VIOLATED)
       PIN :   ibex_top_inst/u_ibex_core/id_stage_i/imd_val_q_reg[0][28]/RD     2.00     3.16    -1.16 (VIOLATED)
       PIN :   ibex_top_inst/u_ibex_core/id_stage_i/imd_val_q_reg[0][27]/RD     2.00     3.16    -1.16 (VIOLATED)
       PORT :  rst_ni           2.00           3.16          -1.16  (VIOLATED)
       PIN :   ibex_top_inst/gen_regfile_ff.register_file_i/g_rf_flops[5].rf_reg_q_reg[27]/RD     2.00     3.16    -1.16 (VIOLATED)
       PIN :   ibex_top_inst/gen_regfile_ff.register_file_i/g_rf_flops[1].rf_reg_q_reg[27]/RD     2.00     3.16    -1.16 (VIOLATED)
       PIN :   ibex_top_inst/gen_regfile_ff.register_file_i/g_rf_flops[1].rf_reg_q_reg[12]/RD     2.00     3.16    -1.16 (VIOLATED)
       PIN :   ibex_top_inst/gen_regfile_ff.register_file_i/g_rf_flops[2].rf_reg_q_reg[26]/RD     2.00     3.16    -1.16 (VIOLATED)
       PIN :   ibex_top_inst/gen_regfile_ff.register_file_i/g_rf_flops[2].rf_reg_q_reg[25]/RD     2.00     3.16    -1.16 (VIOLATED)
       PIN :   ibex_top_inst/gen_regfile_ff.register_file_i/g_rf_flops[2].rf_reg_q_reg[24]/RD     2.00     3.16    -1.16 (VIOLATED)
       PIN :   ibex_top_inst/gen_regfile_ff.register_file_i/g_rf_flops[2].rf_reg_q_reg[23]/RD     2.00     3.16    -1.16 (VIOLATED)
       PIN :   ibex_top_inst/gen_regfile_ff.register_file_i/g_rf_flops[2].rf_reg_q_reg[22]/RD     2.00     3.16    -1.16 (VIOLATED)
       PIN :   ibex_top_inst/gen_regfile_ff.register_file_i/g_rf_flops[2].rf_reg_q_reg[21]/RD     2.00     3.16    -1.16 (VIOLATED)
       PIN :   ibex_top_inst/gen_regfile_ff.register_file_i/g_rf_flops[2].rf_reg_q_reg[20]/RD     2.00     3.16    -1.16 (VIOLATED)
       PIN :   ibex_top_inst/gen_regfile_ff.register_file_i/g_rf_flops[2].rf_reg_q_reg[19]/RD     2.00     3.16    -1.16 (VIOLATED)
       PIN :   ibex_top_inst/gen_regfile_ff.register_file_i/g_rf_flops[2].rf_reg_q_reg[18]/RD     2.00     3.16    -1.16 (VIOLATED)
       PIN :   ibex_top_inst/gen_regfile_ff.register_file_i/g_rf_flops[2].rf_reg_q_reg[17]/RD     2.00     3.16    -1.16 (VIOLATED)
       PIN :   ibex_top_inst/gen_regfile_ff.register_file_i/g_rf_flops[2].rf_reg_q_reg[16]/RD     2.00     3.16    -1.16 (VIOLATED)
       PIN :   ibex_top_inst/gen_regfile_ff.register_file_i/g_rf_flops[2].rf_reg_q_reg[15]/RD     2.00     3.16    -1.16 (VIOLATED)
       PIN :   ibex_top_inst/gen_regfile_ff.register_file_i/g_rf_flops[2].rf_reg_q_reg[14]/RD     2.00     3.16    -1.16 (VIOLATED)
       PIN :   ibex_top_inst/gen_regfile_ff.register_file_i/g_rf_flops[2].rf_reg_q_reg[13]/RD     2.00     3.16    -1.16 (VIOLATED)
       PIN :   ibex_top_inst/gen_regfile_ff.register_file_i/g_rf_flops[2].rf_reg_q_reg[12]/RD     2.00     3.16    -1.16 (VIOLATED)
       PIN :   ibex_top_inst/gen_regfile_ff.register_file_i/g_rf_flops[5].rf_reg_q_reg[30]/RD     2.00     3.16    -1.16 (VIOLATED)
       PIN :   ibex_top_inst/gen_regfile_ff.register_file_i/g_rf_flops[5].rf_reg_q_reg[29]/RD     2.00     3.16    -1.16 (VIOLATED)
       PIN :   ibex_top_inst/gen_regfile_ff.register_file_i/g_rf_flops[5].rf_reg_q_reg[28]/RD     2.00     3.16    -1.16 (VIOLATED)
       PIN :   ibex_top_inst/gen_regfile_ff.register_file_i/g_rf_flops[5].rf_reg_q_reg[26]/RD     2.00     3.16    -1.16 (VIOLATED)
       PIN :   ibex_top_inst/gen_regfile_ff.register_file_i/g_rf_flops[5].rf_reg_q_reg[25]/RD     2.00     3.16    -1.16 (VIOLATED)
       PIN :   ibex_top_inst/gen_regfile_ff.register_file_i/g_rf_flops[5].rf_reg_q_reg[24]/RD     2.00     3.16    -1.16 (VIOLATED)
       PIN :   ibex_top_inst/gen_regfile_ff.register_file_i/g_rf_flops[5].rf_reg_q_reg[23]/RD     2.00     3.16    -1.16 (VIOLATED)
       PIN :   ibex_top_inst/gen_regfile_ff.register_file_i/g_rf_flops[5].rf_reg_q_reg[22]/RD     2.00     3.16    -1.16 (VIOLATED)
       PIN :   ibex_top_inst/gen_regfile_ff.register_file_i/g_rf_flops[5].rf_reg_q_reg[21]/RD     2.00     3.16    -1.16 (VIOLATED)
       PIN :   ibex_top_inst/gen_regfile_ff.register_file_i/g_rf_flops[5].rf_reg_q_reg[20]/RD     2.00     3.16    -1.16 (VIOLATED)
       PIN :   ibex_top_inst/gen_regfile_ff.register_file_i/g_rf_flops[5].rf_reg_q_reg[19]/RD     2.00     3.16    -1.16 (VIOLATED)
       PIN :   ibex_top_inst/gen_regfile_ff.register_file_i/g_rf_flops[5].rf_reg_q_reg[18]/RD     2.00     3.16    -1.16 (VIOLATED)
       PIN :   ibex_top_inst/gen_regfile_ff.register_file_i/g_rf_flops[5].rf_reg_q_reg[17]/RD     2.00     3.16    -1.16 (VIOLATED)
       PIN :   ibex_top_inst/gen_regfile_ff.register_file_i/g_rf_flops[5].rf_reg_q_reg[16]/RD     2.00     3.16    -1.16 (VIOLATED)
       PIN :   ibex_top_inst/gen_regfile_ff.register_file_i/g_rf_flops[5].rf_reg_q_reg[15]/RD     2.00     3.16    -1.16 (VIOLATED)
       PIN :   ibex_top_inst/gen_regfile_ff.register_file_i/g_rf_flops[5].rf_reg_q_reg[14]/RD     2.00     3.16    -1.16 (VIOLATED)
       PIN :   ibex_top_inst/gen_regfile_ff.register_file_i/g_rf_flops[5].rf_reg_q_reg[13]/RD     2.00     3.16    -1.16 (VIOLATED)
       PIN :   ibex_top_inst/gen_regfile_ff.register_file_i/g_rf_flops[5].rf_reg_q_reg[12]/RD     2.00     3.16    -1.16 (VIOLATED)
       PIN :   ibex_top_inst/gen_regfile_ff.register_file_i/g_rf_flops[5].rf_reg_q_reg[11]/RD     2.00     3.16    -1.16 (VIOLATED)
       PIN :   ibex_top_inst/gen_regfile_ff.register_file_i/g_rf_flops[5].rf_reg_q_reg[10]/RD     2.00     3.16    -1.16 (VIOLATED)
       PIN :   ibex_top_inst/gen_regfile_ff.register_file_i/g_rf_flops[5].rf_reg_q_reg[9]/RD     2.00     3.16    -1.16 (VIOLATED)
       PIN :   ibex_top_inst/gen_regfile_ff.register_file_i/g_rf_flops[5].rf_reg_q_reg[8]/RD     2.00     3.16    -1.16 (VIOLATED)
       PIN :   ibex_top_inst/gen_regfile_ff.register_file_i/g_rf_flops[5].rf_reg_q_reg[7]/RD     2.00     3.16    -1.16 (VIOLATED)
       PIN :   ibex_top_inst/gen_regfile_ff.register_file_i/g_rf_flops[5].rf_reg_q_reg[6]/RD     2.00     3.16    -1.16 (VIOLATED)
       PIN :   ibex_top_inst/gen_regfile_ff.register_file_i/g_rf_flops[5].rf_reg_q_reg[5]/RD     2.00     3.16    -1.16 (VIOLATED)
       PIN :   ibex_top_inst/gen_regfile_ff.register_file_i/g_rf_flops[5].rf_reg_q_reg[4]/RD     2.00     3.16    -1.16 (VIOLATED)
       PIN :   ibex_top_inst/gen_regfile_ff.register_file_i/g_rf_flops[5].rf_reg_q_reg[3]/RD     2.00     3.16    -1.16 (VIOLATED)
       PIN :   ibex_top_inst/gen_regfile_ff.register_file_i/g_rf_flops[5].rf_reg_q_reg[2]/RD     2.00     3.16    -1.16 (VIOLATED)
       PIN :   ibex_top_inst/gen_regfile_ff.register_file_i/g_rf_flops[5].rf_reg_q_reg[1]/RD     2.00     3.16    -1.16 (VIOLATED)
       PIN :   ibex_top_inst/gen_regfile_ff.register_file_i/g_rf_flops[5].rf_reg_q_reg[0]/RD     2.00     3.16    -1.16 (VIOLATED)
       PIN :   ibex_top_inst/gen_regfile_ff.register_file_i/g_rf_flops[4].rf_reg_q_reg[31]/RD     2.00     3.16    -1.16 (VIOLATED)
       PIN :   ibex_top_inst/gen_regfile_ff.register_file_i/g_rf_flops[4].rf_reg_q_reg[30]/RD     2.00     3.16    -1.16 (VIOLATED)
       PIN :   ibex_top_inst/gen_regfile_ff.register_file_i/g_rf_flops[4].rf_reg_q_reg[29]/RD     2.00     3.16    -1.16 (VIOLATED)
       PIN :   ibex_top_inst/gen_regfile_ff.register_file_i/g_rf_flops[4].rf_reg_q_reg[28]/RD     2.00     3.16    -1.16 (VIOLATED)
       PIN :   ibex_top_inst/gen_regfile_ff.register_file_i/g_rf_flops[4].rf_reg_q_reg[27]/RD     2.00     3.16    -1.16 (VIOLATED)
       PIN :   ibex_top_inst/gen_regfile_ff.register_file_i/g_rf_flops[4].rf_reg_q_reg[26]/RD     2.00     3.16    -1.16 (VIOLATED)
       PIN :   ibex_top_inst/gen_regfile_ff.register_file_i/g_rf_flops[4].rf_reg_q_reg[25]/RD     2.00     3.16    -1.16 (VIOLATED)
       PIN :   ibex_top_inst/gen_regfile_ff.register_file_i/g_rf_flops[4].rf_reg_q_reg[24]/RD     2.00     3.16    -1.16 (VIOLATED)
       PIN :   ibex_top_inst/gen_regfile_ff.register_file_i/g_rf_flops[4].rf_reg_q_reg[23]/RD     2.00     3.16    -1.16 (VIOLATED)
       PIN :   ibex_top_inst/gen_regfile_ff.register_file_i/g_rf_flops[4].rf_reg_q_reg[22]/RD     2.00     3.16    -1.16 (VIOLATED)
       PIN :   ibex_top_inst/gen_regfile_ff.register_file_i/g_rf_flops[4].rf_reg_q_reg[21]/RD     2.00     3.16    -1.16 (VIOLATED)
       PIN :   ibex_top_inst/gen_regfile_ff.register_file_i/g_rf_flops[4].rf_reg_q_reg[20]/RD     2.00     3.16    -1.16 (VIOLATED)
       PIN :   ibex_top_inst/gen_regfile_ff.register_file_i/g_rf_flops[4].rf_reg_q_reg[19]/RD     2.00     3.16    -1.16 (VIOLATED)
       PIN :   ibex_top_inst/gen_regfile_ff.register_file_i/g_rf_flops[4].rf_reg_q_reg[18]/RD     2.00     3.16    -1.16 (VIOLATED)
       PIN :   ibex_top_inst/gen_regfile_ff.register_file_i/g_rf_flops[4].rf_reg_q_reg[17]/RD     2.00     3.16    -1.16 (VIOLATED)
       PIN :   ibex_top_inst/gen_regfile_ff.register_file_i/g_rf_flops[4].rf_reg_q_reg[16]/RD     2.00     3.16    -1.16 (VIOLATED)
       PIN :   ibex_top_inst/gen_regfile_ff.register_file_i/g_rf_flops[4].rf_reg_q_reg[15]/RD     2.00     3.16    -1.16 (VIOLATED)
       PIN :   ibex_top_inst/gen_regfile_ff.register_file_i/g_rf_flops[4].rf_reg_q_reg[14]/RD     2.00     3.16    -1.16 (VIOLATED)
       PIN :   ibex_top_inst/gen_regfile_ff.register_file_i/g_rf_flops[4].rf_reg_q_reg[13]/RD     2.00     3.16    -1.16 (VIOLATED)
       PIN :   ibex_top_inst/gen_regfile_ff.register_file_i/g_rf_flops[4].rf_reg_q_reg[12]/RD     2.00     3.16    -1.16 (VIOLATED)
       PIN :   ibex_top_inst/gen_regfile_ff.register_file_i/g_rf_flops[4].rf_reg_q_reg[11]/RD     2.00     3.16    -1.16 (VIOLATED)
       PIN :   ibex_top_inst/gen_regfile_ff.register_file_i/g_rf_flops[4].rf_reg_q_reg[10]/RD     2.00     3.16    -1.16 (VIOLATED)
       PIN :   ibex_top_inst/gen_regfile_ff.register_file_i/g_rf_flops[4].rf_reg_q_reg[9]/RD     2.00     3.16    -1.16 (VIOLATED)
       PIN :   ibex_top_inst/gen_regfile_ff.register_file_i/g_rf_flops[4].rf_reg_q_reg[8]/RD     2.00     3.16    -1.16 (VIOLATED)
       PIN :   ibex_top_inst/gen_regfile_ff.register_file_i/g_rf_flops[4].rf_reg_q_reg[7]/RD     2.00     3.16    -1.16 (VIOLATED)
       PIN :   ibex_top_inst/gen_regfile_ff.register_file_i/g_rf_flops[4].rf_reg_q_reg[6]/RD     2.00     3.16    -1.16 (VIOLATED)
       PIN :   ibex_top_inst/gen_regfile_ff.register_file_i/g_rf_flops[4].rf_reg_q_reg[5]/RD     2.00     3.16    -1.16 (VIOLATED)
       PIN :   ibex_top_inst/gen_regfile_ff.register_file_i/g_rf_flops[4].rf_reg_q_reg[4]/RD     2.00     3.16    -1.16 (VIOLATED)
       PIN :   ibex_top_inst/gen_regfile_ff.register_file_i/g_rf_flops[4].rf_reg_q_reg[3]/RD     2.00     3.16    -1.16 (VIOLATED)
       PIN :   ibex_top_inst/gen_regfile_ff.register_file_i/g_rf_flops[4].rf_reg_q_reg[2]/RD     2.00     3.16    -1.16 (VIOLATED)
       PIN :   ibex_top_inst/gen_regfile_ff.register_file_i/g_rf_flops[4].rf_reg_q_reg[1]/RD     2.00     3.16    -1.16 (VIOLATED)
       PIN :   ibex_top_inst/gen_regfile_ff.register_file_i/g_rf_flops[4].rf_reg_q_reg[0]/RD     2.00     3.16    -1.16 (VIOLATED)
       PIN :   ibex_top_inst/gen_regfile_ff.register_file_i/g_rf_flops[3].rf_reg_q_reg[31]/RD     2.00     3.16    -1.16 (VIOLATED)
       PIN :   ibex_top_inst/gen_regfile_ff.register_file_i/g_rf_flops[3].rf_reg_q_reg[30]/RD     2.00     3.16    -1.16 (VIOLATED)
       PIN :   ibex_top_inst/gen_regfile_ff.register_file_i/g_rf_flops[3].rf_reg_q_reg[29]/RD     2.00     3.16    -1.16 (VIOLATED)
       PIN :   ibex_top_inst/gen_regfile_ff.register_file_i/g_rf_flops[3].rf_reg_q_reg[28]/RD     2.00     3.16    -1.16 (VIOLATED)
       PIN :   ibex_top_inst/gen_regfile_ff.register_file_i/g_rf_flops[3].rf_reg_q_reg[27]/RD     2.00     3.16    -1.16 (VIOLATED)
       PIN :   ibex_top_inst/gen_regfile_ff.register_file_i/g_rf_flops[3].rf_reg_q_reg[26]/RD     2.00     3.16    -1.16 (VIOLATED)
       PIN :   ibex_top_inst/gen_regfile_ff.register_file_i/g_rf_flops[3].rf_reg_q_reg[25]/RD     2.00     3.16    -1.16 (VIOLATED)
       PIN :   ibex_top_inst/gen_regfile_ff.register_file_i/g_rf_flops[3].rf_reg_q_reg[24]/RD     2.00     3.16    -1.16 (VIOLATED)
       PIN :   ibex_top_inst/gen_regfile_ff.register_file_i/g_rf_flops[3].rf_reg_q_reg[23]/RD     2.00     3.16    -1.16 (VIOLATED)
       PIN :   ibex_top_inst/gen_regfile_ff.register_file_i/g_rf_flops[3].rf_reg_q_reg[22]/RD     2.00     3.16    -1.16 (VIOLATED)
       PIN :   ibex_top_inst/gen_regfile_ff.register_file_i/g_rf_flops[3].rf_reg_q_reg[21]/RD     2.00     3.16    -1.16 (VIOLATED)
       PIN :   ibex_top_inst/gen_regfile_ff.register_file_i/g_rf_flops[3].rf_reg_q_reg[20]/RD     2.00     3.16    -1.16 (VIOLATED)
       PIN :   ibex_top_inst/gen_regfile_ff.register_file_i/g_rf_flops[3].rf_reg_q_reg[19]/RD     2.00     3.16    -1.16 (VIOLATED)
       PIN :   ibex_top_inst/gen_regfile_ff.register_file_i/g_rf_flops[3].rf_reg_q_reg[18]/RD     2.00     3.16    -1.16 (VIOLATED)
       PIN :   ibex_top_inst/gen_regfile_ff.register_file_i/g_rf_flops[3].rf_reg_q_reg[17]/RD     2.00     3.16    -1.16 (VIOLATED)
       PIN :   ibex_top_inst/gen_regfile_ff.register_file_i/g_rf_flops[3].rf_reg_q_reg[16]/RD     2.00     3.16    -1.16 (VIOLATED)
       PIN :   ibex_top_inst/gen_regfile_ff.register_file_i/g_rf_flops[3].rf_reg_q_reg[15]/RD     2.00     3.16    -1.16 (VIOLATED)
       PIN :   ibex_top_inst/gen_regfile_ff.register_file_i/g_rf_flops[3].rf_reg_q_reg[14]/RD     2.00     3.16    -1.16 (VIOLATED)
       PIN :   ibex_top_inst/gen_regfile_ff.register_file_i/g_rf_flops[3].rf_reg_q_reg[13]/RD     2.00     3.16    -1.16 (VIOLATED)
       PIN :   ibex_top_inst/gen_regfile_ff.register_file_i/g_rf_flops[3].rf_reg_q_reg[12]/RD     2.00     3.16    -1.16 (VIOLATED)
       PIN :   ibex_top_inst/gen_regfile_ff.register_file_i/g_rf_flops[11].rf_reg_q_reg[7]/RD     2.00     3.16    -1.16 (VIOLATED)
       PIN :   ibex_top_inst/gen_regfile_ff.register_file_i/g_rf_flops[11].rf_reg_q_reg[6]/RD     2.00     3.16    -1.16 (VIOLATED)
       PIN :   ibex_top_inst/gen_regfile_ff.register_file_i/g_rf_flops[11].rf_reg_q_reg[5]/RD     2.00     3.16    -1.16 (VIOLATED)
       PIN :   ibex_top_inst/gen_regfile_ff.register_file_i/g_rf_flops[11].rf_reg_q_reg[4]/RD     2.00     3.16    -1.16 (VIOLATED)
       PIN :   ibex_top_inst/gen_regfile_ff.register_file_i/g_rf_flops[11].rf_reg_q_reg[3]/RD     2.00     3.16    -1.16 (VIOLATED)
       PIN :   ibex_top_inst/gen_regfile_ff.register_file_i/g_rf_flops[11].rf_reg_q_reg[2]/RD     2.00     3.16    -1.16 (VIOLATED)
       PIN :   ibex_top_inst/gen_regfile_ff.register_file_i/g_rf_flops[11].rf_reg_q_reg[1]/RD     2.00     3.16    -1.16 (VIOLATED)
       PIN :   ibex_top_inst/gen_regfile_ff.register_file_i/g_rf_flops[11].rf_reg_q_reg[0]/RD     2.00     3.16    -1.16 (VIOLATED)
       PIN :   ibex_top_inst/gen_regfile_ff.register_file_i/g_rf_flops[10].rf_reg_q_reg[31]/RD     2.00     3.16    -1.16 (VIOLATED)
       PIN :   ibex_top_inst/gen_regfile_ff.register_file_i/g_rf_flops[10].rf_reg_q_reg[30]/RD     2.00     3.16    -1.16 (VIOLATED)
       PIN :   ibex_top_inst/gen_regfile_ff.register_file_i/g_rf_flops[10].rf_reg_q_reg[29]/RD     2.00     3.16    -1.16 (VIOLATED)
       PIN :   ibex_top_inst/gen_regfile_ff.register_file_i/g_rf_flops[10].rf_reg_q_reg[28]/RD     2.00     3.16    -1.16 (VIOLATED)
       PIN :   ibex_top_inst/gen_regfile_ff.register_file_i/g_rf_flops[10].rf_reg_q_reg[27]/RD     2.00     3.16    -1.16 (VIOLATED)
       PIN :   ibex_top_inst/gen_regfile_ff.register_file_i/g_rf_flops[10].rf_reg_q_reg[26]/RD     2.00     3.16    -1.16 (VIOLATED)
       PIN :   ibex_top_inst/gen_regfile_ff.register_file_i/g_rf_flops[10].rf_reg_q_reg[25]/RD     2.00     3.16    -1.16 (VIOLATED)
       PIN :   ibex_top_inst/gen_regfile_ff.register_file_i/g_rf_flops[10].rf_reg_q_reg[24]/RD     2.00     3.16    -1.16 (VIOLATED)
       PIN :   ibex_top_inst/gen_regfile_ff.register_file_i/g_rf_flops[10].rf_reg_q_reg[23]/RD     2.00     3.16    -1.16 (VIOLATED)
       PIN :   ibex_top_inst/gen_regfile_ff.register_file_i/g_rf_flops[10].rf_reg_q_reg[22]/RD     2.00     3.16    -1.16 (VIOLATED)
       PIN :   ibex_top_inst/gen_regfile_ff.register_file_i/g_rf_flops[10].rf_reg_q_reg[21]/RD     2.00     3.16    -1.16 (VIOLATED)
       PIN :   ibex_top_inst/gen_regfile_ff.register_file_i/g_rf_flops[10].rf_reg_q_reg[20]/RD     2.00     3.16    -1.16 (VIOLATED)
       PIN :   ibex_top_inst/gen_regfile_ff.register_file_i/g_rf_flops[10].rf_reg_q_reg[19]/RD     2.00     3.16    -1.16 (VIOLATED)
       PIN :   ibex_top_inst/gen_regfile_ff.register_file_i/g_rf_flops[10].rf_reg_q_reg[18]/RD     2.00     3.16    -1.16 (VIOLATED)
       PIN :   ibex_top_inst/gen_regfile_ff.register_file_i/g_rf_flops[10].rf_reg_q_reg[17]/RD     2.00     3.16    -1.16 (VIOLATED)
       PIN :   ibex_top_inst/gen_regfile_ff.register_file_i/g_rf_flops[10].rf_reg_q_reg[16]/RD     2.00     3.16    -1.16 (VIOLATED)
       PIN :   ibex_top_inst/gen_regfile_ff.register_file_i/g_rf_flops[10].rf_reg_q_reg[15]/RD     2.00     3.16    -1.16 (VIOLATED)
       PIN :   ibex_top_inst/gen_regfile_ff.register_file_i/g_rf_flops[10].rf_reg_q_reg[14]/RD     2.00     3.16    -1.16 (VIOLATED)
       PIN :   ibex_top_inst/gen_regfile_ff.register_file_i/g_rf_flops[10].rf_reg_q_reg[13]/RD     2.00     3.16    -1.16 (VIOLATED)
       PIN :   ibex_top_inst/gen_regfile_ff.register_file_i/g_rf_flops[10].rf_reg_q_reg[12]/RD     2.00     3.16    -1.16 (VIOLATED)
       PIN :   ibex_top_inst/gen_regfile_ff.register_file_i/g_rf_flops[10].rf_reg_q_reg[11]/RD     2.00     3.16    -1.16 (VIOLATED)
       PIN :   ibex_top_inst/gen_regfile_ff.register_file_i/g_rf_flops[10].rf_reg_q_reg[10]/RD     2.00     3.16    -1.16 (VIOLATED)
       PIN :   ibex_top_inst/gen_regfile_ff.register_file_i/g_rf_flops[10].rf_reg_q_reg[9]/RD     2.00     3.16    -1.16 (VIOLATED)
       PIN :   ibex_top_inst/gen_regfile_ff.register_file_i/g_rf_flops[10].rf_reg_q_reg[8]/RD     2.00     3.16    -1.16 (VIOLATED)
       PIN :   ibex_top_inst/gen_regfile_ff.register_file_i/g_rf_flops[10].rf_reg_q_reg[7]/RD     2.00     3.16    -1.16 (VIOLATED)
       PIN :   ibex_top_inst/gen_regfile_ff.register_file_i/g_rf_flops[10].rf_reg_q_reg[6]/RD     2.00     3.16    -1.16 (VIOLATED)
       PIN :   ibex_top_inst/gen_regfile_ff.register_file_i/g_rf_flops[10].rf_reg_q_reg[5]/RD     2.00     3.16    -1.16 (VIOLATED)
       PIN :   ibex_top_inst/gen_regfile_ff.register_file_i/g_rf_flops[10].rf_reg_q_reg[4]/RD     2.00     3.16    -1.16 (VIOLATED)
       PIN :   ibex_top_inst/gen_regfile_ff.register_file_i/g_rf_flops[10].rf_reg_q_reg[3]/RD     2.00     3.16    -1.16 (VIOLATED)
       PIN :   ibex_top_inst/gen_regfile_ff.register_file_i/g_rf_flops[10].rf_reg_q_reg[2]/RD     2.00     3.16    -1.16 (VIOLATED)
       PIN :   ibex_top_inst/gen_regfile_ff.register_file_i/g_rf_flops[10].rf_reg_q_reg[1]/RD     2.00     3.16    -1.16 (VIOLATED)
       PIN :   ibex_top_inst/gen_regfile_ff.register_file_i/g_rf_flops[10].rf_reg_q_reg[0]/RD     2.00     3.16    -1.16 (VIOLATED)
       PIN :   ibex_top_inst/gen_regfile_ff.register_file_i/g_rf_flops[9].rf_reg_q_reg[31]/RD     2.00     3.16    -1.16 (VIOLATED)
       PIN :   ibex_top_inst/gen_regfile_ff.register_file_i/g_rf_flops[9].rf_reg_q_reg[30]/RD     2.00     3.16    -1.16 (VIOLATED)
       PIN :   ibex_top_inst/gen_regfile_ff.register_file_i/g_rf_flops[9].rf_reg_q_reg[29]/RD     2.00     3.16    -1.16 (VIOLATED)
       PIN :   ibex_top_inst/gen_regfile_ff.register_file_i/g_rf_flops[9].rf_reg_q_reg[28]/RD     2.00     3.16    -1.16 (VIOLATED)
       PIN :   ibex_top_inst/gen_regfile_ff.register_file_i/g_rf_flops[9].rf_reg_q_reg[27]/RD     2.00     3.16    -1.16 (VIOLATED)
       PIN :   ibex_top_inst/gen_regfile_ff.register_file_i/g_rf_flops[9].rf_reg_q_reg[26]/RD     2.00     3.16    -1.16 (VIOLATED)
       PIN :   ibex_top_inst/gen_regfile_ff.register_file_i/g_rf_flops[9].rf_reg_q_reg[25]/RD     2.00     3.16    -1.16 (VIOLATED)
       PIN :   ibex_top_inst/gen_regfile_ff.register_file_i/g_rf_flops[9].rf_reg_q_reg[24]/RD     2.00     3.16    -1.16 (VIOLATED)
       PIN :   ibex_top_inst/gen_regfile_ff.register_file_i/g_rf_flops[9].rf_reg_q_reg[23]/RD     2.00     3.16    -1.16 (VIOLATED)
       PIN :   ibex_top_inst/gen_regfile_ff.register_file_i/g_rf_flops[9].rf_reg_q_reg[22]/RD     2.00     3.16    -1.16 (VIOLATED)
       PIN :   ibex_top_inst/gen_regfile_ff.register_file_i/g_rf_flops[9].rf_reg_q_reg[21]/RD     2.00     3.16    -1.16 (VIOLATED)
       PIN :   ibex_top_inst/gen_regfile_ff.register_file_i/g_rf_flops[9].rf_reg_q_reg[20]/RD     2.00     3.16    -1.16 (VIOLATED)
       PIN :   ibex_top_inst/gen_regfile_ff.register_file_i/g_rf_flops[9].rf_reg_q_reg[19]/RD     2.00     3.16    -1.16 (VIOLATED)
       PIN :   ibex_top_inst/gen_regfile_ff.register_file_i/g_rf_flops[9].rf_reg_q_reg[18]/RD     2.00     3.16    -1.16 (VIOLATED)
       PIN :   ibex_top_inst/gen_regfile_ff.register_file_i/g_rf_flops[9].rf_reg_q_reg[17]/RD     2.00     3.16    -1.16 (VIOLATED)
       PIN :   ibex_top_inst/gen_regfile_ff.register_file_i/g_rf_flops[9].rf_reg_q_reg[16]/RD     2.00     3.16    -1.16 (VIOLATED)
       PIN :   ibex_top_inst/gen_regfile_ff.register_file_i/g_rf_flops[9].rf_reg_q_reg[15]/RD     2.00     3.16    -1.16 (VIOLATED)
       PIN :   ibex_top_inst/gen_regfile_ff.register_file_i/g_rf_flops[9].rf_reg_q_reg[14]/RD     2.00     3.16    -1.16 (VIOLATED)
       PIN :   ibex_top_inst/gen_regfile_ff.register_file_i/g_rf_flops[9].rf_reg_q_reg[13]/RD     2.00     3.16    -1.16 (VIOLATED)
       PIN :   ibex_top_inst/gen_regfile_ff.register_file_i/g_rf_flops[9].rf_reg_q_reg[12]/RD     2.00     3.16    -1.16 (VIOLATED)
       PIN :   ibex_top_inst/gen_regfile_ff.register_file_i/g_rf_flops[9].rf_reg_q_reg[11]/RD     2.00     3.16    -1.16 (VIOLATED)
       PIN :   ibex_top_inst/gen_regfile_ff.register_file_i/g_rf_flops[9].rf_reg_q_reg[10]/RD     2.00     3.16    -1.16 (VIOLATED)
       PIN :   ibex_top_inst/gen_regfile_ff.register_file_i/g_rf_flops[9].rf_reg_q_reg[9]/RD     2.00     3.16    -1.16 (VIOLATED)
       PIN :   ibex_top_inst/gen_regfile_ff.register_file_i/g_rf_flops[9].rf_reg_q_reg[8]/RD     2.00     3.16    -1.16 (VIOLATED)
       PIN :   ibex_top_inst/gen_regfile_ff.register_file_i/g_rf_flops[9].rf_reg_q_reg[7]/RD     2.00     3.16    -1.16 (VIOLATED)
       PIN :   ibex_top_inst/gen_regfile_ff.register_file_i/g_rf_flops[9].rf_reg_q_reg[6]/RD     2.00     3.16    -1.16 (VIOLATED)
       PIN :   ibex_top_inst/gen_regfile_ff.register_file_i/g_rf_flops[9].rf_reg_q_reg[5]/RD     2.00     3.16    -1.16 (VIOLATED)
       PIN :   ibex_top_inst/gen_regfile_ff.register_file_i/g_rf_flops[9].rf_reg_q_reg[4]/RD     2.00     3.16    -1.16 (VIOLATED)
       PIN :   ibex_top_inst/gen_regfile_ff.register_file_i/g_rf_flops[9].rf_reg_q_reg[3]/RD     2.00     3.16    -1.16 (VIOLATED)
       PIN :   ibex_top_inst/gen_regfile_ff.register_file_i/g_rf_flops[9].rf_reg_q_reg[2]/RD     2.00     3.16    -1.16 (VIOLATED)
       PIN :   ibex_top_inst/gen_regfile_ff.register_file_i/g_rf_flops[9].rf_reg_q_reg[1]/RD     2.00     3.16    -1.16 (VIOLATED)
       PIN :   ibex_top_inst/gen_regfile_ff.register_file_i/g_rf_flops[9].rf_reg_q_reg[0]/RD     2.00     3.16    -1.16 (VIOLATED)
       PIN :   ibex_top_inst/gen_regfile_ff.register_file_i/g_rf_flops[8].rf_reg_q_reg[31]/RD     2.00     3.16    -1.16 (VIOLATED)
       PIN :   ibex_top_inst/gen_regfile_ff.register_file_i/g_rf_flops[8].rf_reg_q_reg[30]/RD     2.00     3.16    -1.16 (VIOLATED)
       PIN :   ibex_top_inst/gen_regfile_ff.register_file_i/g_rf_flops[8].rf_reg_q_reg[29]/RD     2.00     3.16    -1.16 (VIOLATED)
       PIN :   ibex_top_inst/gen_regfile_ff.register_file_i/g_rf_flops[8].rf_reg_q_reg[28]/RD     2.00     3.16    -1.16 (VIOLATED)
       PIN :   ibex_top_inst/gen_regfile_ff.register_file_i/g_rf_flops[8].rf_reg_q_reg[27]/RD     2.00     3.16    -1.16 (VIOLATED)
       PIN :   ibex_top_inst/gen_regfile_ff.register_file_i/g_rf_flops[8].rf_reg_q_reg[26]/RD     2.00     3.16    -1.16 (VIOLATED)
       PIN :   ibex_top_inst/gen_regfile_ff.register_file_i/g_rf_flops[8].rf_reg_q_reg[25]/RD     2.00     3.16    -1.16 (VIOLATED)
       PIN :   ibex_top_inst/gen_regfile_ff.register_file_i/g_rf_flops[8].rf_reg_q_reg[24]/RD     2.00     3.16    -1.16 (VIOLATED)
       PIN :   ibex_top_inst/gen_regfile_ff.register_file_i/g_rf_flops[8].rf_reg_q_reg[23]/RD     2.00     3.16    -1.16 (VIOLATED)
       PIN :   ibex_top_inst/gen_regfile_ff.register_file_i/g_rf_flops[8].rf_reg_q_reg[22]/RD     2.00     3.16    -1.16 (VIOLATED)
       PIN :   ibex_top_inst/gen_regfile_ff.register_file_i/g_rf_flops[8].rf_reg_q_reg[21]/RD     2.00     3.16    -1.16 (VIOLATED)
       PIN :   ibex_top_inst/gen_regfile_ff.register_file_i/g_rf_flops[8].rf_reg_q_reg[20]/RD     2.00     3.16    -1.16 (VIOLATED)
       PIN :   ibex_top_inst/gen_regfile_ff.register_file_i/g_rf_flops[8].rf_reg_q_reg[19]/RD     2.00     3.16    -1.16 (VIOLATED)
       PIN :   ibex_top_inst/gen_regfile_ff.register_file_i/g_rf_flops[8].rf_reg_q_reg[18]/RD     2.00     3.16    -1.16 (VIOLATED)
       PIN :   ibex_top_inst/gen_regfile_ff.register_file_i/g_rf_flops[8].rf_reg_q_reg[17]/RD     2.00     3.16    -1.16 (VIOLATED)
       PIN :   ibex_top_inst/gen_regfile_ff.register_file_i/g_rf_flops[8].rf_reg_q_reg[16]/RD     2.00     3.16    -1.16 (VIOLATED)
       PIN :   ibex_top_inst/gen_regfile_ff.register_file_i/g_rf_flops[8].rf_reg_q_reg[15]/RD     2.00     3.16    -1.16 (VIOLATED)
       PIN :   ibex_top_inst/gen_regfile_ff.register_file_i/g_rf_flops[8].rf_reg_q_reg[14]/RD     2.00     3.16    -1.16 (VIOLATED)
       PIN :   ibex_top_inst/gen_regfile_ff.register_file_i/g_rf_flops[8].rf_reg_q_reg[13]/RD     2.00     3.16    -1.16 (VIOLATED)
       PIN :   ibex_top_inst/gen_regfile_ff.register_file_i/g_rf_flops[8].rf_reg_q_reg[12]/RD     2.00     3.16    -1.16 (VIOLATED)
       PIN :   ibex_top_inst/gen_regfile_ff.register_file_i/g_rf_flops[8].rf_reg_q_reg[11]/RD     2.00     3.16    -1.16 (VIOLATED)
       PIN :   ibex_top_inst/gen_regfile_ff.register_file_i/g_rf_flops[8].rf_reg_q_reg[10]/RD     2.00     3.16    -1.16 (VIOLATED)
       PIN :   ibex_top_inst/gen_regfile_ff.register_file_i/g_rf_flops[8].rf_reg_q_reg[9]/RD     2.00     3.16    -1.16 (VIOLATED)
       PIN :   ibex_top_inst/gen_regfile_ff.register_file_i/g_rf_flops[8].rf_reg_q_reg[8]/RD     2.00     3.16    -1.16 (VIOLATED)
       PIN :   ibex_top_inst/gen_regfile_ff.register_file_i/g_rf_flops[8].rf_reg_q_reg[7]/RD     2.00     3.16    -1.16 (VIOLATED)
       PIN :   ibex_top_inst/gen_regfile_ff.register_file_i/g_rf_flops[8].rf_reg_q_reg[6]/RD     2.00     3.16    -1.16 (VIOLATED)
       PIN :   ibex_top_inst/gen_regfile_ff.register_file_i/g_rf_flops[8].rf_reg_q_reg[5]/RD     2.00     3.16    -1.16 (VIOLATED)
       PIN :   ibex_top_inst/gen_regfile_ff.register_file_i/g_rf_flops[8].rf_reg_q_reg[4]/RD     2.00     3.16    -1.16 (VIOLATED)
       PIN :   ibex_top_inst/gen_regfile_ff.register_file_i/g_rf_flops[8].rf_reg_q_reg[3]/RD     2.00     3.16    -1.16 (VIOLATED)
       PIN :   ibex_top_inst/gen_regfile_ff.register_file_i/g_rf_flops[8].rf_reg_q_reg[2]/RD     2.00     3.16    -1.16 (VIOLATED)
       PIN :   ibex_top_inst/gen_regfile_ff.register_file_i/g_rf_flops[8].rf_reg_q_reg[1]/RD     2.00     3.16    -1.16 (VIOLATED)
       PIN :   ibex_top_inst/gen_regfile_ff.register_file_i/g_rf_flops[8].rf_reg_q_reg[0]/RD     2.00     3.16    -1.16 (VIOLATED)
       PIN :   ibex_top_inst/gen_regfile_ff.register_file_i/g_rf_flops[7].rf_reg_q_reg[31]/RD     2.00     3.16    -1.16 (VIOLATED)
       PIN :   ibex_top_inst/gen_regfile_ff.register_file_i/g_rf_flops[7].rf_reg_q_reg[30]/RD     2.00     3.16    -1.16 (VIOLATED)
       PIN :   ibex_top_inst/gen_regfile_ff.register_file_i/g_rf_flops[7].rf_reg_q_reg[29]/RD     2.00     3.16    -1.16 (VIOLATED)
       PIN :   ibex_top_inst/gen_regfile_ff.register_file_i/g_rf_flops[7].rf_reg_q_reg[28]/RD     2.00     3.16    -1.16 (VIOLATED)
       PIN :   ibex_top_inst/gen_regfile_ff.register_file_i/g_rf_flops[7].rf_reg_q_reg[27]/RD     2.00     3.16    -1.16 (VIOLATED)
       PIN :   ibex_top_inst/gen_regfile_ff.register_file_i/g_rf_flops[7].rf_reg_q_reg[26]/RD     2.00     3.16    -1.16 (VIOLATED)
       PIN :   ibex_top_inst/gen_regfile_ff.register_file_i/g_rf_flops[7].rf_reg_q_reg[25]/RD     2.00     3.16    -1.16 (VIOLATED)
       PIN :   ibex_top_inst/gen_regfile_ff.register_file_i/g_rf_flops[7].rf_reg_q_reg[24]/RD     2.00     3.16    -1.16 (VIOLATED)
       PIN :   ibex_top_inst/gen_regfile_ff.register_file_i/g_rf_flops[7].rf_reg_q_reg[23]/RD     2.00     3.16    -1.16 (VIOLATED)
       PIN :   ibex_top_inst/gen_regfile_ff.register_file_i/g_rf_flops[7].rf_reg_q_reg[22]/RD     2.00     3.16    -1.16 (VIOLATED)
       PIN :   ibex_top_inst/gen_regfile_ff.register_file_i/g_rf_flops[7].rf_reg_q_reg[21]/RD     2.00     3.16    -1.16 (VIOLATED)
       PIN :   ibex_top_inst/gen_regfile_ff.register_file_i/g_rf_flops[7].rf_reg_q_reg[20]/RD     2.00     3.16    -1.16 (VIOLATED)
       PIN :   ibex_top_inst/gen_regfile_ff.register_file_i/g_rf_flops[7].rf_reg_q_reg[19]/RD     2.00     3.16    -1.16 (VIOLATED)
       PIN :   ibex_top_inst/gen_regfile_ff.register_file_i/g_rf_flops[7].rf_reg_q_reg[18]/RD     2.00     3.16    -1.16 (VIOLATED)
       PIN :   ibex_top_inst/gen_regfile_ff.register_file_i/g_rf_flops[7].rf_reg_q_reg[17]/RD     2.00     3.16    -1.16 (VIOLATED)
       PIN :   ibex_top_inst/gen_regfile_ff.register_file_i/g_rf_flops[7].rf_reg_q_reg[16]/RD     2.00     3.16    -1.16 (VIOLATED)
       PIN :   ibex_top_inst/gen_regfile_ff.register_file_i/g_rf_flops[7].rf_reg_q_reg[15]/RD     2.00     3.16    -1.16 (VIOLATED)
       PIN :   ibex_top_inst/gen_regfile_ff.register_file_i/g_rf_flops[7].rf_reg_q_reg[14]/RD     2.00     3.16    -1.16 (VIOLATED)
       PIN :   ibex_top_inst/gen_regfile_ff.register_file_i/g_rf_flops[7].rf_reg_q_reg[13]/RD     2.00     3.16    -1.16 (VIOLATED)
       PIN :   ibex_top_inst/gen_regfile_ff.register_file_i/g_rf_flops[7].rf_reg_q_reg[12]/RD     2.00     3.16    -1.16 (VIOLATED)
       PIN :   ibex_top_inst/gen_regfile_ff.register_file_i/g_rf_flops[7].rf_reg_q_reg[11]/RD     2.00     3.16    -1.16 (VIOLATED)
       PIN :   ibex_top_inst/gen_regfile_ff.register_file_i/g_rf_flops[7].rf_reg_q_reg[10]/RD     2.00     3.16    -1.16 (VIOLATED)
       PIN :   ibex_top_inst/gen_regfile_ff.register_file_i/g_rf_flops[7].rf_reg_q_reg[9]/RD     2.00     3.16    -1.16 (VIOLATED)
       PIN :   ibex_top_inst/gen_regfile_ff.register_file_i/g_rf_flops[7].rf_reg_q_reg[8]/RD     2.00     3.16    -1.16 (VIOLATED)
       PIN :   ibex_top_inst/gen_regfile_ff.register_file_i/g_rf_flops[7].rf_reg_q_reg[7]/RD     2.00     3.16    -1.16 (VIOLATED)
       PIN :   ibex_top_inst/gen_regfile_ff.register_file_i/g_rf_flops[7].rf_reg_q_reg[6]/RD     2.00     3.16    -1.16 (VIOLATED)
       PIN :   ibex_top_inst/gen_regfile_ff.register_file_i/g_rf_flops[7].rf_reg_q_reg[5]/RD     2.00     3.16    -1.16 (VIOLATED)
       PIN :   ibex_top_inst/gen_regfile_ff.register_file_i/g_rf_flops[7].rf_reg_q_reg[4]/RD     2.00     3.16    -1.16 (VIOLATED)
       PIN :   ibex_top_inst/gen_regfile_ff.register_file_i/g_rf_flops[7].rf_reg_q_reg[3]/RD     2.00     3.16    -1.16 (VIOLATED)
       PIN :   ibex_top_inst/gen_regfile_ff.register_file_i/g_rf_flops[7].rf_reg_q_reg[2]/RD     2.00     3.16    -1.16 (VIOLATED)
       PIN :   ibex_top_inst/gen_regfile_ff.register_file_i/g_rf_flops[7].rf_reg_q_reg[1]/RD     2.00     3.16    -1.16 (VIOLATED)
       PIN :   ibex_top_inst/gen_regfile_ff.register_file_i/g_rf_flops[7].rf_reg_q_reg[0]/RD     2.00     3.16    -1.16 (VIOLATED)
       PIN :   ibex_top_inst/gen_regfile_ff.register_file_i/g_rf_flops[6].rf_reg_q_reg[31]/RD     2.00     3.16    -1.16 (VIOLATED)
       PIN :   ibex_top_inst/gen_regfile_ff.register_file_i/g_rf_flops[6].rf_reg_q_reg[30]/RD     2.00     3.16    -1.16 (VIOLATED)
       PIN :   ibex_top_inst/gen_regfile_ff.register_file_i/g_rf_flops[6].rf_reg_q_reg[29]/RD     2.00     3.16    -1.16 (VIOLATED)
       PIN :   ibex_top_inst/gen_regfile_ff.register_file_i/g_rf_flops[6].rf_reg_q_reg[28]/RD     2.00     3.16    -1.16 (VIOLATED)
       PIN :   ibex_top_inst/gen_regfile_ff.register_file_i/g_rf_flops[6].rf_reg_q_reg[27]/RD     2.00     3.16    -1.16 (VIOLATED)
       PIN :   ibex_top_inst/gen_regfile_ff.register_file_i/g_rf_flops[6].rf_reg_q_reg[26]/RD     2.00     3.16    -1.16 (VIOLATED)
       PIN :   ibex_top_inst/gen_regfile_ff.register_file_i/g_rf_flops[6].rf_reg_q_reg[25]/RD     2.00     3.16    -1.16 (VIOLATED)
       PIN :   ibex_top_inst/gen_regfile_ff.register_file_i/g_rf_flops[6].rf_reg_q_reg[24]/RD     2.00     3.16    -1.16 (VIOLATED)
       PIN :   ibex_top_inst/gen_regfile_ff.register_file_i/g_rf_flops[6].rf_reg_q_reg[23]/RD     2.00     3.16    -1.16 (VIOLATED)
       PIN :   ibex_top_inst/gen_regfile_ff.register_file_i/g_rf_flops[6].rf_reg_q_reg[22]/RD     2.00     3.16    -1.16 (VIOLATED)
       PIN :   ibex_top_inst/gen_regfile_ff.register_file_i/g_rf_flops[6].rf_reg_q_reg[21]/RD     2.00     3.16    -1.16 (VIOLATED)
       PIN :   ibex_top_inst/gen_regfile_ff.register_file_i/g_rf_flops[6].rf_reg_q_reg[20]/RD     2.00     3.16    -1.16 (VIOLATED)
       PIN :   ibex_top_inst/gen_regfile_ff.register_file_i/g_rf_flops[6].rf_reg_q_reg[19]/RD     2.00     3.16    -1.16 (VIOLATED)
       PIN :   ibex_top_inst/gen_regfile_ff.register_file_i/g_rf_flops[6].rf_reg_q_reg[18]/RD     2.00     3.16    -1.16 (VIOLATED)
       PIN :   ibex_top_inst/gen_regfile_ff.register_file_i/g_rf_flops[6].rf_reg_q_reg[17]/RD     2.00     3.16    -1.16 (VIOLATED)
       PIN :   ibex_top_inst/gen_regfile_ff.register_file_i/g_rf_flops[6].rf_reg_q_reg[16]/RD     2.00     3.16    -1.16 (VIOLATED)
       PIN :   ibex_top_inst/gen_regfile_ff.register_file_i/g_rf_flops[6].rf_reg_q_reg[15]/RD     2.00     3.16    -1.16 (VIOLATED)
       PIN :   ibex_top_inst/gen_regfile_ff.register_file_i/g_rf_flops[6].rf_reg_q_reg[14]/RD     2.00     3.16    -1.16 (VIOLATED)
       PIN :   ibex_top_inst/gen_regfile_ff.register_file_i/g_rf_flops[6].rf_reg_q_reg[13]/RD     2.00     3.16    -1.16 (VIOLATED)
       PIN :   ibex_top_inst/gen_regfile_ff.register_file_i/g_rf_flops[6].rf_reg_q_reg[12]/RD     2.00     3.16    -1.16 (VIOLATED)
       PIN :   ibex_top_inst/gen_regfile_ff.register_file_i/g_rf_flops[11].rf_reg_q_reg[20]/RD     2.00     3.16    -1.16 (VIOLATED)
       PIN :   ibex_top_inst/gen_regfile_ff.register_file_i/g_rf_flops[11].rf_reg_q_reg[19]/RD     2.00     3.16    -1.16 (VIOLATED)
       PIN :   ibex_top_inst/gen_regfile_ff.register_file_i/g_rf_flops[11].rf_reg_q_reg[18]/RD     2.00     3.16    -1.16 (VIOLATED)
       PIN :   ibex_top_inst/gen_regfile_ff.register_file_i/g_rf_flops[11].rf_reg_q_reg[17]/RD     2.00     3.16    -1.16 (VIOLATED)
       PIN :   ibex_top_inst/gen_regfile_ff.register_file_i/g_rf_flops[11].rf_reg_q_reg[16]/RD     2.00     3.16    -1.16 (VIOLATED)
       PIN :   ibex_top_inst/gen_regfile_ff.register_file_i/g_rf_flops[11].rf_reg_q_reg[15]/RD     2.00     3.16    -1.16 (VIOLATED)
       PIN :   ibex_top_inst/gen_regfile_ff.register_file_i/g_rf_flops[11].rf_reg_q_reg[14]/RD     2.00     3.16    -1.16 (VIOLATED)
       PIN :   ibex_top_inst/gen_regfile_ff.register_file_i/g_rf_flops[11].rf_reg_q_reg[13]/RD     2.00     3.16    -1.16 (VIOLATED)
       PIN :   ibex_top_inst/gen_regfile_ff.register_file_i/g_rf_flops[11].rf_reg_q_reg[12]/RD     2.00     3.16    -1.16 (VIOLATED)
       PIN :   ibex_top_inst/gen_regfile_ff.register_file_i/g_rf_flops[16].rf_reg_q_reg[23]/RD     2.00     3.16    -1.16 (VIOLATED)
       PIN :   ibex_top_inst/gen_regfile_ff.register_file_i/g_rf_flops[16].rf_reg_q_reg[22]/RD     2.00     3.16    -1.16 (VIOLATED)
       PIN :   ibex_top_inst/gen_regfile_ff.register_file_i/g_rf_flops[16].rf_reg_q_reg[21]/RD     2.00     3.16    -1.16 (VIOLATED)
       PIN :   ibex_top_inst/gen_regfile_ff.register_file_i/g_rf_flops[16].rf_reg_q_reg[20]/RD     2.00     3.16    -1.16 (VIOLATED)
       PIN :   ibex_top_inst/gen_regfile_ff.register_file_i/g_rf_flops[16].rf_reg_q_reg[19]/RD     2.00     3.16    -1.16 (VIOLATED)
       PIN :   ibex_top_inst/gen_regfile_ff.register_file_i/g_rf_flops[16].rf_reg_q_reg[18]/RD     2.00     3.16    -1.16 (VIOLATED)
       PIN :   ibex_top_inst/gen_regfile_ff.register_file_i/g_rf_flops[16].rf_reg_q_reg[17]/RD     2.00     3.16    -1.16 (VIOLATED)
       PIN :   ibex_top_inst/gen_regfile_ff.register_file_i/g_rf_flops[16].rf_reg_q_reg[16]/RD     2.00     3.16    -1.16 (VIOLATED)
       PIN :   ibex_top_inst/gen_regfile_ff.register_file_i/g_rf_flops[16].rf_reg_q_reg[15]/RD     2.00     3.16    -1.16 (VIOLATED)
       PIN :   ibex_top_inst/gen_regfile_ff.register_file_i/g_rf_flops[16].rf_reg_q_reg[14]/RD     2.00     3.16    -1.16 (VIOLATED)
       PIN :   ibex_top_inst/gen_regfile_ff.register_file_i/g_rf_flops[16].rf_reg_q_reg[13]/RD     2.00     3.16    -1.16 (VIOLATED)
       PIN :   ibex_top_inst/gen_regfile_ff.register_file_i/g_rf_flops[16].rf_reg_q_reg[12]/RD     2.00     3.16    -1.16 (VIOLATED)
       PIN :   ibex_top_inst/gen_regfile_ff.register_file_i/g_rf_flops[16].rf_reg_q_reg[11]/RD     2.00     3.16    -1.16 (VIOLATED)
       PIN :   ibex_top_inst/gen_regfile_ff.register_file_i/g_rf_flops[16].rf_reg_q_reg[10]/RD     2.00     3.16    -1.16 (VIOLATED)
       PIN :   ibex_top_inst/gen_regfile_ff.register_file_i/g_rf_flops[16].rf_reg_q_reg[9]/RD     2.00     3.16    -1.16 (VIOLATED)
       PIN :   ibex_top_inst/gen_regfile_ff.register_file_i/g_rf_flops[16].rf_reg_q_reg[8]/RD     2.00     3.16    -1.16 (VIOLATED)
       PIN :   ibex_top_inst/gen_regfile_ff.register_file_i/g_rf_flops[16].rf_reg_q_reg[7]/RD     2.00     3.16    -1.16 (VIOLATED)
       PIN :   ibex_top_inst/gen_regfile_ff.register_file_i/g_rf_flops[16].rf_reg_q_reg[6]/RD     2.00     3.16    -1.16 (VIOLATED)
       PIN :   ibex_top_inst/gen_regfile_ff.register_file_i/g_rf_flops[16].rf_reg_q_reg[5]/RD     2.00     3.16    -1.16 (VIOLATED)
       PIN :   ibex_top_inst/gen_regfile_ff.register_file_i/g_rf_flops[16].rf_reg_q_reg[4]/RD     2.00     3.16    -1.16 (VIOLATED)
       PIN :   ibex_top_inst/gen_regfile_ff.register_file_i/g_rf_flops[16].rf_reg_q_reg[3]/RD     2.00     3.16    -1.16 (VIOLATED)
       PIN :   ibex_top_inst/gen_regfile_ff.register_file_i/g_rf_flops[16].rf_reg_q_reg[2]/RD     2.00     3.16    -1.16 (VIOLATED)
       PIN :   ibex_top_inst/gen_regfile_ff.register_file_i/g_rf_flops[16].rf_reg_q_reg[1]/RD     2.00     3.16    -1.16 (VIOLATED)
       PIN :   ibex_top_inst/gen_regfile_ff.register_file_i/g_rf_flops[16].rf_reg_q_reg[0]/RD     2.00     3.16    -1.16 (VIOLATED)
       PIN :   ibex_top_inst/gen_regfile_ff.register_file_i/g_rf_flops[15].rf_reg_q_reg[31]/RD     2.00     3.16    -1.16 (VIOLATED)
       PIN :   ibex_top_inst/gen_regfile_ff.register_file_i/g_rf_flops[15].rf_reg_q_reg[30]/RD     2.00     3.16    -1.16 (VIOLATED)
       PIN :   ibex_top_inst/gen_regfile_ff.register_file_i/g_rf_flops[15].rf_reg_q_reg[29]/RD     2.00     3.16    -1.16 (VIOLATED)
       PIN :   ibex_top_inst/gen_regfile_ff.register_file_i/g_rf_flops[15].rf_reg_q_reg[28]/RD     2.00     3.16    -1.16 (VIOLATED)
       PIN :   ibex_top_inst/gen_regfile_ff.register_file_i/g_rf_flops[15].rf_reg_q_reg[27]/RD     2.00     3.16    -1.16 (VIOLATED)
       PIN :   ibex_top_inst/gen_regfile_ff.register_file_i/g_rf_flops[15].rf_reg_q_reg[26]/RD     2.00     3.16    -1.16 (VIOLATED)
       PIN :   ibex_top_inst/gen_regfile_ff.register_file_i/g_rf_flops[15].rf_reg_q_reg[25]/RD     2.00     3.16    -1.16 (VIOLATED)
       PIN :   ibex_top_inst/gen_regfile_ff.register_file_i/g_rf_flops[15].rf_reg_q_reg[24]/RD     2.00     3.16    -1.16 (VIOLATED)
       PIN :   ibex_top_inst/gen_regfile_ff.register_file_i/g_rf_flops[15].rf_reg_q_reg[23]/RD     2.00     3.16    -1.16 (VIOLATED)
       PIN :   ibex_top_inst/gen_regfile_ff.register_file_i/g_rf_flops[15].rf_reg_q_reg[22]/RD     2.00     3.16    -1.16 (VIOLATED)
       PIN :   ibex_top_inst/gen_regfile_ff.register_file_i/g_rf_flops[15].rf_reg_q_reg[21]/RD     2.00     3.16    -1.16 (VIOLATED)
       PIN :   ibex_top_inst/gen_regfile_ff.register_file_i/g_rf_flops[15].rf_reg_q_reg[20]/RD     2.00     3.16    -1.16 (VIOLATED)
       PIN :   ibex_top_inst/gen_regfile_ff.register_file_i/g_rf_flops[15].rf_reg_q_reg[19]/RD     2.00     3.16    -1.16 (VIOLATED)
       PIN :   ibex_top_inst/gen_regfile_ff.register_file_i/g_rf_flops[15].rf_reg_q_reg[18]/RD     2.00     3.16    -1.16 (VIOLATED)
       PIN :   ibex_top_inst/gen_regfile_ff.register_file_i/g_rf_flops[15].rf_reg_q_reg[17]/RD     2.00     3.16    -1.16 (VIOLATED)
       PIN :   ibex_top_inst/gen_regfile_ff.register_file_i/g_rf_flops[15].rf_reg_q_reg[16]/RD     2.00     3.16    -1.16 (VIOLATED)
       PIN :   ibex_top_inst/gen_regfile_ff.register_file_i/g_rf_flops[15].rf_reg_q_reg[15]/RD     2.00     3.16    -1.16 (VIOLATED)
       PIN :   ibex_top_inst/gen_regfile_ff.register_file_i/g_rf_flops[15].rf_reg_q_reg[14]/RD     2.00     3.16    -1.16 (VIOLATED)
       PIN :   ibex_top_inst/gen_regfile_ff.register_file_i/g_rf_flops[15].rf_reg_q_reg[13]/RD     2.00     3.16    -1.16 (VIOLATED)
       PIN :   ibex_top_inst/gen_regfile_ff.register_file_i/g_rf_flops[15].rf_reg_q_reg[12]/RD     2.00     3.16    -1.16 (VIOLATED)
       PIN :   ibex_top_inst/gen_regfile_ff.register_file_i/g_rf_flops[15].rf_reg_q_reg[11]/RD     2.00     3.16    -1.16 (VIOLATED)
       PIN :   ibex_top_inst/gen_regfile_ff.register_file_i/g_rf_flops[15].rf_reg_q_reg[10]/RD     2.00     3.16    -1.16 (VIOLATED)
       PIN :   ibex_top_inst/gen_regfile_ff.register_file_i/g_rf_flops[15].rf_reg_q_reg[9]/RD     2.00     3.16    -1.16 (VIOLATED)
       PIN :   ibex_top_inst/gen_regfile_ff.register_file_i/g_rf_flops[15].rf_reg_q_reg[8]/RD     2.00     3.16    -1.16 (VIOLATED)
       PIN :   ibex_top_inst/gen_regfile_ff.register_file_i/g_rf_flops[15].rf_reg_q_reg[7]/RD     2.00     3.16    -1.16 (VIOLATED)
       PIN :   ibex_top_inst/gen_regfile_ff.register_file_i/g_rf_flops[15].rf_reg_q_reg[6]/RD     2.00     3.16    -1.16 (VIOLATED)
       PIN :   ibex_top_inst/gen_regfile_ff.register_file_i/g_rf_flops[15].rf_reg_q_reg[5]/RD     2.00     3.16    -1.16 (VIOLATED)
       PIN :   ibex_top_inst/gen_regfile_ff.register_file_i/g_rf_flops[15].rf_reg_q_reg[4]/RD     2.00     3.16    -1.16 (VIOLATED)
       PIN :   ibex_top_inst/gen_regfile_ff.register_file_i/g_rf_flops[15].rf_reg_q_reg[3]/RD     2.00     3.16    -1.16 (VIOLATED)
       PIN :   ibex_top_inst/gen_regfile_ff.register_file_i/g_rf_flops[15].rf_reg_q_reg[2]/RD     2.00     3.16    -1.16 (VIOLATED)
       PIN :   ibex_top_inst/gen_regfile_ff.register_file_i/g_rf_flops[15].rf_reg_q_reg[1]/RD     2.00     3.16    -1.16 (VIOLATED)
       PIN :   ibex_top_inst/gen_regfile_ff.register_file_i/g_rf_flops[15].rf_reg_q_reg[0]/RD     2.00     3.16    -1.16 (VIOLATED)
       PIN :   ibex_top_inst/gen_regfile_ff.register_file_i/g_rf_flops[14].rf_reg_q_reg[31]/RD     2.00     3.16    -1.16 (VIOLATED)
       PIN :   ibex_top_inst/gen_regfile_ff.register_file_i/g_rf_flops[14].rf_reg_q_reg[30]/RD     2.00     3.16    -1.16 (VIOLATED)
       PIN :   ibex_top_inst/gen_regfile_ff.register_file_i/g_rf_flops[14].rf_reg_q_reg[29]/RD     2.00     3.16    -1.16 (VIOLATED)
       PIN :   ibex_top_inst/gen_regfile_ff.register_file_i/g_rf_flops[14].rf_reg_q_reg[28]/RD     2.00     3.16    -1.16 (VIOLATED)
       PIN :   ibex_top_inst/gen_regfile_ff.register_file_i/g_rf_flops[14].rf_reg_q_reg[27]/RD     2.00     3.16    -1.16 (VIOLATED)
       PIN :   ibex_top_inst/gen_regfile_ff.register_file_i/g_rf_flops[14].rf_reg_q_reg[26]/RD     2.00     3.16    -1.16 (VIOLATED)
       PIN :   ibex_top_inst/gen_regfile_ff.register_file_i/g_rf_flops[14].rf_reg_q_reg[25]/RD     2.00     3.16    -1.16 (VIOLATED)
       PIN :   ibex_top_inst/gen_regfile_ff.register_file_i/g_rf_flops[14].rf_reg_q_reg[24]/RD     2.00     3.16    -1.16 (VIOLATED)
       PIN :   ibex_top_inst/gen_regfile_ff.register_file_i/g_rf_flops[14].rf_reg_q_reg[23]/RD     2.00     3.16    -1.16 (VIOLATED)
       PIN :   ibex_top_inst/gen_regfile_ff.register_file_i/g_rf_flops[14].rf_reg_q_reg[22]/RD     2.00     3.16    -1.16 (VIOLATED)
       PIN :   ibex_top_inst/gen_regfile_ff.register_file_i/g_rf_flops[14].rf_reg_q_reg[21]/RD     2.00     3.16    -1.16 (VIOLATED)
       PIN :   ibex_top_inst/gen_regfile_ff.register_file_i/g_rf_flops[14].rf_reg_q_reg[20]/RD     2.00     3.16    -1.16 (VIOLATED)
       PIN :   ibex_top_inst/gen_regfile_ff.register_file_i/g_rf_flops[14].rf_reg_q_reg[19]/RD     2.00     3.16    -1.16 (VIOLATED)
       PIN :   ibex_top_inst/gen_regfile_ff.register_file_i/g_rf_flops[14].rf_reg_q_reg[18]/RD     2.00     3.16    -1.16 (VIOLATED)
       PIN :   ibex_top_inst/gen_regfile_ff.register_file_i/g_rf_flops[14].rf_reg_q_reg[17]/RD     2.00     3.16    -1.16 (VIOLATED)
       PIN :   ibex_top_inst/gen_regfile_ff.register_file_i/g_rf_flops[14].rf_reg_q_reg[16]/RD     2.00     3.16    -1.16 (VIOLATED)
       PIN :   ibex_top_inst/gen_regfile_ff.register_file_i/g_rf_flops[14].rf_reg_q_reg[15]/RD     2.00     3.16    -1.16 (VIOLATED)
       PIN :   ibex_top_inst/gen_regfile_ff.register_file_i/g_rf_flops[14].rf_reg_q_reg[14]/RD     2.00     3.16    -1.16 (VIOLATED)
       PIN :   ibex_top_inst/gen_regfile_ff.register_file_i/g_rf_flops[14].rf_reg_q_reg[13]/RD     2.00     3.16    -1.16 (VIOLATED)
       PIN :   ibex_top_inst/gen_regfile_ff.register_file_i/g_rf_flops[14].rf_reg_q_reg[12]/RD     2.00     3.16    -1.16 (VIOLATED)
       PIN :   ibex_top_inst/gen_regfile_ff.register_file_i/g_rf_flops[14].rf_reg_q_reg[11]/RD     2.00     3.16    -1.16 (VIOLATED)
       PIN :   ibex_top_inst/gen_regfile_ff.register_file_i/g_rf_flops[14].rf_reg_q_reg[10]/RD     2.00     3.16    -1.16 (VIOLATED)
       PIN :   ibex_top_inst/gen_regfile_ff.register_file_i/g_rf_flops[14].rf_reg_q_reg[9]/RD     2.00     3.16    -1.16 (VIOLATED)
       PIN :   ibex_top_inst/gen_regfile_ff.register_file_i/g_rf_flops[14].rf_reg_q_reg[8]/RD     2.00     3.16    -1.16 (VIOLATED)
       PIN :   ibex_top_inst/gen_regfile_ff.register_file_i/g_rf_flops[14].rf_reg_q_reg[7]/RD     2.00     3.16    -1.16 (VIOLATED)
       PIN :   ibex_top_inst/gen_regfile_ff.register_file_i/g_rf_flops[14].rf_reg_q_reg[6]/RD     2.00     3.16    -1.16 (VIOLATED)
       PIN :   ibex_top_inst/gen_regfile_ff.register_file_i/g_rf_flops[14].rf_reg_q_reg[5]/RD     2.00     3.16    -1.16 (VIOLATED)
       PIN :   ibex_top_inst/gen_regfile_ff.register_file_i/g_rf_flops[14].rf_reg_q_reg[4]/RD     2.00     3.16    -1.16 (VIOLATED)
       PIN :   ibex_top_inst/gen_regfile_ff.register_file_i/g_rf_flops[14].rf_reg_q_reg[3]/RD     2.00     3.16    -1.16 (VIOLATED)
       PIN :   ibex_top_inst/gen_regfile_ff.register_file_i/g_rf_flops[14].rf_reg_q_reg[2]/RD     2.00     3.16    -1.16 (VIOLATED)
       PIN :   ibex_top_inst/gen_regfile_ff.register_file_i/g_rf_flops[14].rf_reg_q_reg[1]/RD     2.00     3.16    -1.16 (VIOLATED)
       PIN :   ibex_top_inst/gen_regfile_ff.register_file_i/g_rf_flops[14].rf_reg_q_reg[0]/RD     2.00     3.16    -1.16 (VIOLATED)
       PIN :   ibex_top_inst/gen_regfile_ff.register_file_i/g_rf_flops[13].rf_reg_q_reg[31]/RD     2.00     3.16    -1.16 (VIOLATED)
       PIN :   ibex_top_inst/gen_regfile_ff.register_file_i/g_rf_flops[13].rf_reg_q_reg[30]/RD     2.00     3.16    -1.16 (VIOLATED)
       PIN :   ibex_top_inst/gen_regfile_ff.register_file_i/g_rf_flops[13].rf_reg_q_reg[29]/RD     2.00     3.16    -1.16 (VIOLATED)
       PIN :   ibex_top_inst/gen_regfile_ff.register_file_i/g_rf_flops[13].rf_reg_q_reg[28]/RD     2.00     3.16    -1.16 (VIOLATED)
       PIN :   ibex_top_inst/gen_regfile_ff.register_file_i/g_rf_flops[13].rf_reg_q_reg[27]/RD     2.00     3.16    -1.16 (VIOLATED)
       PIN :   ibex_top_inst/gen_regfile_ff.register_file_i/g_rf_flops[13].rf_reg_q_reg[26]/RD     2.00     3.16    -1.16 (VIOLATED)
       PIN :   ibex_top_inst/gen_regfile_ff.register_file_i/g_rf_flops[13].rf_reg_q_reg[25]/RD     2.00     3.16    -1.16 (VIOLATED)
       PIN :   ibex_top_inst/gen_regfile_ff.register_file_i/g_rf_flops[13].rf_reg_q_reg[24]/RD     2.00     3.16    -1.16 (VIOLATED)
       PIN :   ibex_top_inst/gen_regfile_ff.register_file_i/g_rf_flops[13].rf_reg_q_reg[23]/RD     2.00     3.16    -1.16 (VIOLATED)
       PIN :   ibex_top_inst/gen_regfile_ff.register_file_i/g_rf_flops[13].rf_reg_q_reg[22]/RD     2.00     3.16    -1.16 (VIOLATED)
       PIN :   ibex_top_inst/gen_regfile_ff.register_file_i/g_rf_flops[13].rf_reg_q_reg[21]/RD     2.00     3.16    -1.16 (VIOLATED)
       PIN :   ibex_top_inst/gen_regfile_ff.register_file_i/g_rf_flops[13].rf_reg_q_reg[20]/RD     2.00     3.16    -1.16 (VIOLATED)
       PIN :   ibex_top_inst/gen_regfile_ff.register_file_i/g_rf_flops[13].rf_reg_q_reg[19]/RD     2.00     3.16    -1.16 (VIOLATED)
       PIN :   ibex_top_inst/gen_regfile_ff.register_file_i/g_rf_flops[13].rf_reg_q_reg[18]/RD     2.00     3.16    -1.16 (VIOLATED)
       PIN :   ibex_top_inst/gen_regfile_ff.register_file_i/g_rf_flops[13].rf_reg_q_reg[17]/RD     2.00     3.16    -1.16 (VIOLATED)
       PIN :   ibex_top_inst/gen_regfile_ff.register_file_i/g_rf_flops[13].rf_reg_q_reg[16]/RD     2.00     3.16    -1.16 (VIOLATED)
       PIN :   ibex_top_inst/gen_regfile_ff.register_file_i/g_rf_flops[13].rf_reg_q_reg[15]/RD     2.00     3.16    -1.16 (VIOLATED)
       PIN :   ibex_top_inst/gen_regfile_ff.register_file_i/g_rf_flops[13].rf_reg_q_reg[14]/RD     2.00     3.16    -1.16 (VIOLATED)
       PIN :   ibex_top_inst/gen_regfile_ff.register_file_i/g_rf_flops[13].rf_reg_q_reg[13]/RD     2.00     3.16    -1.16 (VIOLATED)
       PIN :   ibex_top_inst/gen_regfile_ff.register_file_i/g_rf_flops[13].rf_reg_q_reg[12]/RD     2.00     3.16    -1.16 (VIOLATED)
       PIN :   ibex_top_inst/gen_regfile_ff.register_file_i/g_rf_flops[13].rf_reg_q_reg[11]/RD     2.00     3.16    -1.16 (VIOLATED)
       PIN :   ibex_top_inst/gen_regfile_ff.register_file_i/g_rf_flops[13].rf_reg_q_reg[10]/RD     2.00     3.16    -1.16 (VIOLATED)
       PIN :   ibex_top_inst/gen_regfile_ff.register_file_i/g_rf_flops[13].rf_reg_q_reg[9]/RD     2.00     3.16    -1.16 (VIOLATED)
       PIN :   ibex_top_inst/gen_regfile_ff.register_file_i/g_rf_flops[13].rf_reg_q_reg[8]/RD     2.00     3.16    -1.16 (VIOLATED)
       PIN :   ibex_top_inst/gen_regfile_ff.register_file_i/g_rf_flops[13].rf_reg_q_reg[7]/RD     2.00     3.16    -1.16 (VIOLATED)
       PIN :   ibex_top_inst/gen_regfile_ff.register_file_i/g_rf_flops[13].rf_reg_q_reg[6]/RD     2.00     3.16    -1.16 (VIOLATED)
       PIN :   ibex_top_inst/gen_regfile_ff.register_file_i/g_rf_flops[13].rf_reg_q_reg[5]/RD     2.00     3.16    -1.16 (VIOLATED)
       PIN :   ibex_top_inst/gen_regfile_ff.register_file_i/g_rf_flops[13].rf_reg_q_reg[4]/RD     2.00     3.16    -1.16 (VIOLATED)
       PIN :   ibex_top_inst/gen_regfile_ff.register_file_i/g_rf_flops[13].rf_reg_q_reg[3]/RD     2.00     3.16    -1.16 (VIOLATED)
       PIN :   ibex_top_inst/gen_regfile_ff.register_file_i/g_rf_flops[13].rf_reg_q_reg[2]/RD     2.00     3.16    -1.16 (VIOLATED)
       PIN :   ibex_top_inst/gen_regfile_ff.register_file_i/g_rf_flops[13].rf_reg_q_reg[1]/RD     2.00     3.16    -1.16 (VIOLATED)
       PIN :   ibex_top_inst/gen_regfile_ff.register_file_i/g_rf_flops[13].rf_reg_q_reg[0]/RD     2.00     3.16    -1.16 (VIOLATED)
       PIN :   ibex_top_inst/gen_regfile_ff.register_file_i/g_rf_flops[12].rf_reg_q_reg[31]/RD     2.00     3.16    -1.16 (VIOLATED)
       PIN :   ibex_top_inst/gen_regfile_ff.register_file_i/g_rf_flops[12].rf_reg_q_reg[30]/RD     2.00     3.16    -1.16 (VIOLATED)
       PIN :   ibex_top_inst/gen_regfile_ff.register_file_i/g_rf_flops[12].rf_reg_q_reg[29]/RD     2.00     3.16    -1.16 (VIOLATED)
       PIN :   ibex_top_inst/gen_regfile_ff.register_file_i/g_rf_flops[12].rf_reg_q_reg[28]/RD     2.00     3.16    -1.16 (VIOLATED)
       PIN :   ibex_top_inst/gen_regfile_ff.register_file_i/g_rf_flops[12].rf_reg_q_reg[27]/RD     2.00     3.16    -1.16 (VIOLATED)
       PIN :   ibex_top_inst/gen_regfile_ff.register_file_i/g_rf_flops[12].rf_reg_q_reg[26]/RD     2.00     3.16    -1.16 (VIOLATED)
       PIN :   ibex_top_inst/gen_regfile_ff.register_file_i/g_rf_flops[12].rf_reg_q_reg[25]/RD     2.00     3.16    -1.16 (VIOLATED)
       PIN :   ibex_top_inst/gen_regfile_ff.register_file_i/g_rf_flops[12].rf_reg_q_reg[24]/RD     2.00     3.16    -1.16 (VIOLATED)
       PIN :   ibex_top_inst/gen_regfile_ff.register_file_i/g_rf_flops[12].rf_reg_q_reg[23]/RD     2.00     3.16    -1.16 (VIOLATED)
       PIN :   ibex_top_inst/gen_regfile_ff.register_file_i/g_rf_flops[12].rf_reg_q_reg[22]/RD     2.00     3.16    -1.16 (VIOLATED)
       PIN :   ibex_top_inst/gen_regfile_ff.register_file_i/g_rf_flops[12].rf_reg_q_reg[21]/RD     2.00     3.16    -1.16 (VIOLATED)
       PIN :   ibex_top_inst/gen_regfile_ff.register_file_i/g_rf_flops[12].rf_reg_q_reg[20]/RD     2.00     3.16    -1.16 (VIOLATED)
       PIN :   ibex_top_inst/gen_regfile_ff.register_file_i/g_rf_flops[12].rf_reg_q_reg[19]/RD     2.00     3.16    -1.16 (VIOLATED)
       PIN :   ibex_top_inst/gen_regfile_ff.register_file_i/g_rf_flops[12].rf_reg_q_reg[18]/RD     2.00     3.16    -1.16 (VIOLATED)
       PIN :   ibex_top_inst/gen_regfile_ff.register_file_i/g_rf_flops[12].rf_reg_q_reg[17]/RD     2.00     3.16    -1.16 (VIOLATED)
       PIN :   ibex_top_inst/gen_regfile_ff.register_file_i/g_rf_flops[12].rf_reg_q_reg[16]/RD     2.00     3.16    -1.16 (VIOLATED)
       PIN :   ibex_top_inst/gen_regfile_ff.register_file_i/g_rf_flops[12].rf_reg_q_reg[15]/RD     2.00     3.16    -1.16 (VIOLATED)
       PIN :   ibex_top_inst/gen_regfile_ff.register_file_i/g_rf_flops[12].rf_reg_q_reg[14]/RD     2.00     3.16    -1.16 (VIOLATED)
       PIN :   ibex_top_inst/gen_regfile_ff.register_file_i/g_rf_flops[12].rf_reg_q_reg[13]/RD     2.00     3.16    -1.16 (VIOLATED)
       PIN :   ibex_top_inst/gen_regfile_ff.register_file_i/g_rf_flops[12].rf_reg_q_reg[12]/RD     2.00     3.16    -1.16 (VIOLATED)
       PIN :   ibex_top_inst/gen_regfile_ff.register_file_i/g_rf_flops[21].rf_reg_q_reg[18]/RD     2.00     3.16    -1.16 (VIOLATED)
       PIN :   ibex_top_inst/gen_regfile_ff.register_file_i/g_rf_flops[21].rf_reg_q_reg[17]/RD     2.00     3.16    -1.16 (VIOLATED)
       PIN :   ibex_top_inst/gen_regfile_ff.register_file_i/g_rf_flops[21].rf_reg_q_reg[16]/RD     2.00     3.16    -1.16 (VIOLATED)
       PIN :   ibex_top_inst/gen_regfile_ff.register_file_i/g_rf_flops[21].rf_reg_q_reg[15]/RD     2.00     3.16    -1.16 (VIOLATED)
       PIN :   ibex_top_inst/gen_regfile_ff.register_file_i/g_rf_flops[21].rf_reg_q_reg[14]/RD     2.00     3.16    -1.16 (VIOLATED)
       PIN :   ibex_top_inst/gen_regfile_ff.register_file_i/g_rf_flops[21].rf_reg_q_reg[13]/RD     2.00     3.16    -1.16 (VIOLATED)
       PIN :   ibex_top_inst/gen_regfile_ff.register_file_i/g_rf_flops[21].rf_reg_q_reg[12]/RD     2.00     3.16    -1.16 (VIOLATED)
       PIN :   ibex_top_inst/gen_regfile_ff.register_file_i/g_rf_flops[21].rf_reg_q_reg[11]/RD     2.00     3.16    -1.16 (VIOLATED)
       PIN :   ibex_top_inst/gen_regfile_ff.register_file_i/g_rf_flops[21].rf_reg_q_reg[10]/RD     2.00     3.16    -1.16 (VIOLATED)
       PIN :   ibex_top_inst/gen_regfile_ff.register_file_i/g_rf_flops[21].rf_reg_q_reg[9]/RD     2.00     3.16    -1.16 (VIOLATED)
       PIN :   ibex_top_inst/gen_regfile_ff.register_file_i/g_rf_flops[21].rf_reg_q_reg[8]/RD     2.00     3.16    -1.16 (VIOLATED)
       PIN :   ibex_top_inst/gen_regfile_ff.register_file_i/g_rf_flops[21].rf_reg_q_reg[7]/RD     2.00     3.16    -1.16 (VIOLATED)
       PIN :   ibex_top_inst/gen_regfile_ff.register_file_i/g_rf_flops[21].rf_reg_q_reg[6]/RD     2.00     3.16    -1.16 (VIOLATED)
       PIN :   ibex_top_inst/gen_regfile_ff.register_file_i/g_rf_flops[21].rf_reg_q_reg[5]/RD     2.00     3.16    -1.16 (VIOLATED)
       PIN :   ibex_top_inst/gen_regfile_ff.register_file_i/g_rf_flops[21].rf_reg_q_reg[4]/RD     2.00     3.16    -1.16 (VIOLATED)
       PIN :   ibex_top_inst/gen_regfile_ff.register_file_i/g_rf_flops[21].rf_reg_q_reg[3]/RD     2.00     3.16    -1.16 (VIOLATED)
       PIN :   ibex_top_inst/gen_regfile_ff.register_file_i/g_rf_flops[21].rf_reg_q_reg[2]/RD     2.00     3.16    -1.16 (VIOLATED)
       PIN :   ibex_top_inst/gen_regfile_ff.register_file_i/g_rf_flops[21].rf_reg_q_reg[1]/RD     2.00     3.16    -1.16 (VIOLATED)
       PIN :   ibex_top_inst/gen_regfile_ff.register_file_i/g_rf_flops[21].rf_reg_q_reg[0]/RD     2.00     3.16    -1.16 (VIOLATED)
       PIN :   ibex_top_inst/gen_regfile_ff.register_file_i/g_rf_flops[20].rf_reg_q_reg[31]/RD     2.00     3.16    -1.16 (VIOLATED)
       PIN :   ibex_top_inst/gen_regfile_ff.register_file_i/g_rf_flops[20].rf_reg_q_reg[30]/RD     2.00     3.16    -1.16 (VIOLATED)
       PIN :   ibex_top_inst/gen_regfile_ff.register_file_i/g_rf_flops[20].rf_reg_q_reg[29]/RD     2.00     3.16    -1.16 (VIOLATED)
       PIN :   ibex_top_inst/gen_regfile_ff.register_file_i/g_rf_flops[20].rf_reg_q_reg[28]/RD     2.00     3.16    -1.16 (VIOLATED)
       PIN :   ibex_top_inst/gen_regfile_ff.register_file_i/g_rf_flops[20].rf_reg_q_reg[27]/RD     2.00     3.16    -1.16 (VIOLATED)
       PIN :   ibex_top_inst/gen_regfile_ff.register_file_i/g_rf_flops[20].rf_reg_q_reg[26]/RD     2.00     3.16    -1.16 (VIOLATED)
       PIN :   ibex_top_inst/gen_regfile_ff.register_file_i/g_rf_flops[20].rf_reg_q_reg[25]/RD     2.00     3.16    -1.16 (VIOLATED)
       PIN :   ibex_top_inst/gen_regfile_ff.register_file_i/g_rf_flops[20].rf_reg_q_reg[24]/RD     2.00     3.16    -1.16 (VIOLATED)
       PIN :   ibex_top_inst/gen_regfile_ff.register_file_i/g_rf_flops[20].rf_reg_q_reg[23]/RD     2.00     3.16    -1.16 (VIOLATED)
       PIN :   ibex_top_inst/gen_regfile_ff.register_file_i/g_rf_flops[20].rf_reg_q_reg[22]/RD     2.00     3.16    -1.16 (VIOLATED)
       PIN :   ibex_top_inst/gen_regfile_ff.register_file_i/g_rf_flops[20].rf_reg_q_reg[21]/RD     2.00     3.16    -1.16 (VIOLATED)
       PIN :   ibex_top_inst/gen_regfile_ff.register_file_i/g_rf_flops[20].rf_reg_q_reg[20]/RD     2.00     3.16    -1.16 (VIOLATED)
       PIN :   ibex_top_inst/gen_regfile_ff.register_file_i/g_rf_flops[20].rf_reg_q_reg[19]/RD     2.00     3.16    -1.16 (VIOLATED)
       PIN :   ibex_top_inst/gen_regfile_ff.register_file_i/g_rf_flops[20].rf_reg_q_reg[18]/RD     2.00     3.16    -1.16 (VIOLATED)
       PIN :   ibex_top_inst/gen_regfile_ff.register_file_i/g_rf_flops[20].rf_reg_q_reg[17]/RD     2.00     3.16    -1.16 (VIOLATED)
       PIN :   ibex_top_inst/gen_regfile_ff.register_file_i/g_rf_flops[20].rf_reg_q_reg[16]/RD     2.00     3.16    -1.16 (VIOLATED)
       PIN :   ibex_top_inst/gen_regfile_ff.register_file_i/g_rf_flops[20].rf_reg_q_reg[15]/RD     2.00     3.16    -1.16 (VIOLATED)
       PIN :   ibex_top_inst/gen_regfile_ff.register_file_i/g_rf_flops[20].rf_reg_q_reg[14]/RD     2.00     3.16    -1.16 (VIOLATED)
       PIN :   ibex_top_inst/gen_regfile_ff.register_file_i/g_rf_flops[20].rf_reg_q_reg[13]/RD     2.00     3.16    -1.16 (VIOLATED)
       PIN :   ibex_top_inst/gen_regfile_ff.register_file_i/g_rf_flops[20].rf_reg_q_reg[12]/RD     2.00     3.16    -1.16 (VIOLATED)
       PIN :   ibex_top_inst/gen_regfile_ff.register_file_i/g_rf_flops[20].rf_reg_q_reg[11]/RD     2.00     3.16    -1.16 (VIOLATED)
       PIN :   ibex_top_inst/gen_regfile_ff.register_file_i/g_rf_flops[20].rf_reg_q_reg[10]/RD     2.00     3.16    -1.16 (VIOLATED)
       PIN :   ibex_top_inst/gen_regfile_ff.register_file_i/g_rf_flops[20].rf_reg_q_reg[9]/RD     2.00     3.16    -1.16 (VIOLATED)
       PIN :   ibex_top_inst/gen_regfile_ff.register_file_i/g_rf_flops[20].rf_reg_q_reg[8]/RD     2.00     3.16    -1.16 (VIOLATED)
       PIN :   ibex_top_inst/gen_regfile_ff.register_file_i/g_rf_flops[20].rf_reg_q_reg[7]/RD     2.00     3.16    -1.16 (VIOLATED)
       PIN :   ibex_top_inst/gen_regfile_ff.register_file_i/g_rf_flops[20].rf_reg_q_reg[6]/RD     2.00     3.16    -1.16 (VIOLATED)
       PIN :   ibex_top_inst/gen_regfile_ff.register_file_i/g_rf_flops[20].rf_reg_q_reg[5]/RD     2.00     3.16    -1.16 (VIOLATED)
       PIN :   ibex_top_inst/gen_regfile_ff.register_file_i/g_rf_flops[20].rf_reg_q_reg[4]/RD     2.00     3.16    -1.16 (VIOLATED)
       PIN :   ibex_top_inst/gen_regfile_ff.register_file_i/g_rf_flops[20].rf_reg_q_reg[3]/RD     2.00     3.16    -1.16 (VIOLATED)
       PIN :   ibex_top_inst/gen_regfile_ff.register_file_i/g_rf_flops[20].rf_reg_q_reg[2]/RD     2.00     3.16    -1.16 (VIOLATED)
       PIN :   ibex_top_inst/gen_regfile_ff.register_file_i/g_rf_flops[20].rf_reg_q_reg[1]/RD     2.00     3.16    -1.16 (VIOLATED)
       PIN :   ibex_top_inst/gen_regfile_ff.register_file_i/g_rf_flops[20].rf_reg_q_reg[0]/RD     2.00     3.16    -1.16 (VIOLATED)
       PIN :   ibex_top_inst/gen_regfile_ff.register_file_i/g_rf_flops[19].rf_reg_q_reg[31]/RD     2.00     3.16    -1.16 (VIOLATED)
       PIN :   ibex_top_inst/gen_regfile_ff.register_file_i/g_rf_flops[19].rf_reg_q_reg[30]/RD     2.00     3.16    -1.16 (VIOLATED)
       PIN :   ibex_top_inst/gen_regfile_ff.register_file_i/g_rf_flops[19].rf_reg_q_reg[29]/RD     2.00     3.16    -1.16 (VIOLATED)
       PIN :   ibex_top_inst/gen_regfile_ff.register_file_i/g_rf_flops[19].rf_reg_q_reg[28]/RD     2.00     3.16    -1.16 (VIOLATED)
       PIN :   ibex_top_inst/gen_regfile_ff.register_file_i/g_rf_flops[19].rf_reg_q_reg[27]/RD     2.00     3.16    -1.16 (VIOLATED)
       PIN :   ibex_top_inst/gen_regfile_ff.register_file_i/g_rf_flops[19].rf_reg_q_reg[26]/RD     2.00     3.16    -1.16 (VIOLATED)
       PIN :   ibex_top_inst/gen_regfile_ff.register_file_i/g_rf_flops[19].rf_reg_q_reg[25]/RD     2.00     3.16    -1.16 (VIOLATED)
       PIN :   ibex_top_inst/gen_regfile_ff.register_file_i/g_rf_flops[19].rf_reg_q_reg[24]/RD     2.00     3.16    -1.16 (VIOLATED)
       PIN :   ibex_top_inst/gen_regfile_ff.register_file_i/g_rf_flops[19].rf_reg_q_reg[23]/RD     2.00     3.16    -1.16 (VIOLATED)
       PIN :   ibex_top_inst/gen_regfile_ff.register_file_i/g_rf_flops[19].rf_reg_q_reg[22]/RD     2.00     3.16    -1.16 (VIOLATED)
       PIN :   ibex_top_inst/gen_regfile_ff.register_file_i/g_rf_flops[19].rf_reg_q_reg[21]/RD     2.00     3.16    -1.16 (VIOLATED)
       PIN :   ibex_top_inst/gen_regfile_ff.register_file_i/g_rf_flops[19].rf_reg_q_reg[20]/RD     2.00     3.16    -1.16 (VIOLATED)
       PIN :   ibex_top_inst/gen_regfile_ff.register_file_i/g_rf_flops[19].rf_reg_q_reg[19]/RD     2.00     3.16    -1.16 (VIOLATED)
       PIN :   ibex_top_inst/gen_regfile_ff.register_file_i/g_rf_flops[19].rf_reg_q_reg[18]/RD     2.00     3.16    -1.16 (VIOLATED)
       PIN :   ibex_top_inst/gen_regfile_ff.register_file_i/g_rf_flops[19].rf_reg_q_reg[17]/RD     2.00     3.16    -1.16 (VIOLATED)
       PIN :   ibex_top_inst/gen_regfile_ff.register_file_i/g_rf_flops[19].rf_reg_q_reg[16]/RD     2.00     3.16    -1.16 (VIOLATED)
       PIN :   ibex_top_inst/gen_regfile_ff.register_file_i/g_rf_flops[19].rf_reg_q_reg[15]/RD     2.00     3.16    -1.16 (VIOLATED)
       PIN :   ibex_top_inst/gen_regfile_ff.register_file_i/g_rf_flops[19].rf_reg_q_reg[14]/RD     2.00     3.16    -1.16 (VIOLATED)
       PIN :   ibex_top_inst/gen_regfile_ff.register_file_i/g_rf_flops[19].rf_reg_q_reg[13]/RD     2.00     3.16    -1.16 (VIOLATED)
       PIN :   ibex_top_inst/gen_regfile_ff.register_file_i/g_rf_flops[19].rf_reg_q_reg[12]/RD     2.00     3.16    -1.16 (VIOLATED)
       PIN :   ibex_top_inst/gen_regfile_ff.register_file_i/g_rf_flops[19].rf_reg_q_reg[11]/RD     2.00     3.16    -1.16 (VIOLATED)
       PIN :   ibex_top_inst/gen_regfile_ff.register_file_i/g_rf_flops[19].rf_reg_q_reg[10]/RD     2.00     3.16    -1.16 (VIOLATED)
       PIN :   ibex_top_inst/gen_regfile_ff.register_file_i/g_rf_flops[19].rf_reg_q_reg[9]/RD     2.00     3.16    -1.16 (VIOLATED)
       PIN :   ibex_top_inst/gen_regfile_ff.register_file_i/g_rf_flops[19].rf_reg_q_reg[8]/RD     2.00     3.16    -1.16 (VIOLATED)
       PIN :   ibex_top_inst/gen_regfile_ff.register_file_i/g_rf_flops[19].rf_reg_q_reg[7]/RD     2.00     3.16    -1.16 (VIOLATED)
       PIN :   ibex_top_inst/gen_regfile_ff.register_file_i/g_rf_flops[19].rf_reg_q_reg[6]/RD     2.00     3.16    -1.16 (VIOLATED)
       PIN :   ibex_top_inst/gen_regfile_ff.register_file_i/g_rf_flops[19].rf_reg_q_reg[5]/RD     2.00     3.16    -1.16 (VIOLATED)
       PIN :   ibex_top_inst/gen_regfile_ff.register_file_i/g_rf_flops[19].rf_reg_q_reg[4]/RD     2.00     3.16    -1.16 (VIOLATED)
       PIN :   ibex_top_inst/gen_regfile_ff.register_file_i/g_rf_flops[19].rf_reg_q_reg[3]/RD     2.00     3.16    -1.16 (VIOLATED)
       PIN :   ibex_top_inst/gen_regfile_ff.register_file_i/g_rf_flops[19].rf_reg_q_reg[2]/RD     2.00     3.16    -1.16 (VIOLATED)
       PIN :   ibex_top_inst/gen_regfile_ff.register_file_i/g_rf_flops[19].rf_reg_q_reg[1]/RD     2.00     3.16    -1.16 (VIOLATED)
       PIN :   ibex_top_inst/gen_regfile_ff.register_file_i/g_rf_flops[19].rf_reg_q_reg[0]/RD     2.00     3.16    -1.16 (VIOLATED)
       PIN :   ibex_top_inst/gen_regfile_ff.register_file_i/g_rf_flops[18].rf_reg_q_reg[31]/RD     2.00     3.16    -1.16 (VIOLATED)
       PIN :   ibex_top_inst/gen_regfile_ff.register_file_i/g_rf_flops[18].rf_reg_q_reg[30]/RD     2.00     3.16    -1.16 (VIOLATED)
       PIN :   ibex_top_inst/gen_regfile_ff.register_file_i/g_rf_flops[18].rf_reg_q_reg[29]/RD     2.00     3.16    -1.16 (VIOLATED)
       PIN :   ibex_top_inst/gen_regfile_ff.register_file_i/g_rf_flops[18].rf_reg_q_reg[28]/RD     2.00     3.16    -1.16 (VIOLATED)
       PIN :   ibex_top_inst/gen_regfile_ff.register_file_i/g_rf_flops[18].rf_reg_q_reg[27]/RD     2.00     3.16    -1.16 (VIOLATED)
       PIN :   ibex_top_inst/gen_regfile_ff.register_file_i/g_rf_flops[18].rf_reg_q_reg[26]/RD     2.00     3.16    -1.16 (VIOLATED)
       PIN :   ibex_top_inst/gen_regfile_ff.register_file_i/g_rf_flops[18].rf_reg_q_reg[25]/RD     2.00     3.16    -1.16 (VIOLATED)
       PIN :   ibex_top_inst/gen_regfile_ff.register_file_i/g_rf_flops[18].rf_reg_q_reg[24]/RD     2.00     3.16    -1.16 (VIOLATED)
       PIN :   ibex_top_inst/gen_regfile_ff.register_file_i/g_rf_flops[18].rf_reg_q_reg[23]/RD     2.00     3.16    -1.16 (VIOLATED)
       PIN :   ibex_top_inst/gen_regfile_ff.register_file_i/g_rf_flops[18].rf_reg_q_reg[22]/RD     2.00     3.16    -1.16 (VIOLATED)
       PIN :   ibex_top_inst/gen_regfile_ff.register_file_i/g_rf_flops[18].rf_reg_q_reg[21]/RD     2.00     3.16    -1.16 (VIOLATED)
       PIN :   ibex_top_inst/gen_regfile_ff.register_file_i/g_rf_flops[18].rf_reg_q_reg[20]/RD     2.00     3.16    -1.16 (VIOLATED)
       PIN :   ibex_top_inst/gen_regfile_ff.register_file_i/g_rf_flops[18].rf_reg_q_reg[19]/RD     2.00     3.16    -1.16 (VIOLATED)
       PIN :   ibex_top_inst/gen_regfile_ff.register_file_i/g_rf_flops[18].rf_reg_q_reg[18]/RD     2.00     3.16    -1.16 (VIOLATED)
       PIN :   ibex_top_inst/gen_regfile_ff.register_file_i/g_rf_flops[18].rf_reg_q_reg[17]/RD     2.00     3.16    -1.16 (VIOLATED)
       PIN :   ibex_top_inst/gen_regfile_ff.register_file_i/g_rf_flops[18].rf_reg_q_reg[16]/RD     2.00     3.16    -1.16 (VIOLATED)
       PIN :   ibex_top_inst/gen_regfile_ff.register_file_i/g_rf_flops[18].rf_reg_q_reg[15]/RD     2.00     3.16    -1.16 (VIOLATED)
       PIN :   ibex_top_inst/gen_regfile_ff.register_file_i/g_rf_flops[18].rf_reg_q_reg[14]/RD     2.00     3.16    -1.16 (VIOLATED)
       PIN :   ibex_top_inst/gen_regfile_ff.register_file_i/g_rf_flops[18].rf_reg_q_reg[13]/RD     2.00     3.16    -1.16 (VIOLATED)
       PIN :   ibex_top_inst/gen_regfile_ff.register_file_i/g_rf_flops[18].rf_reg_q_reg[12]/RD     2.00     3.16    -1.16 (VIOLATED)
       PIN :   ibex_top_inst/gen_regfile_ff.register_file_i/g_rf_flops[18].rf_reg_q_reg[11]/RD     2.00     3.16    -1.16 (VIOLATED)
       PIN :   ibex_top_inst/gen_regfile_ff.register_file_i/g_rf_flops[18].rf_reg_q_reg[10]/RD     2.00     3.16    -1.16 (VIOLATED)
       PIN :   ibex_top_inst/gen_regfile_ff.register_file_i/g_rf_flops[18].rf_reg_q_reg[9]/RD     2.00     3.16    -1.16 (VIOLATED)
       PIN :   ibex_top_inst/gen_regfile_ff.register_file_i/g_rf_flops[18].rf_reg_q_reg[8]/RD     2.00     3.16    -1.16 (VIOLATED)
       PIN :   ibex_top_inst/gen_regfile_ff.register_file_i/g_rf_flops[18].rf_reg_q_reg[7]/RD     2.00     3.16    -1.16 (VIOLATED)
       PIN :   ibex_top_inst/gen_regfile_ff.register_file_i/g_rf_flops[18].rf_reg_q_reg[6]/RD     2.00     3.16    -1.16 (VIOLATED)
       PIN :   ibex_top_inst/gen_regfile_ff.register_file_i/g_rf_flops[18].rf_reg_q_reg[5]/RD     2.00     3.16    -1.16 (VIOLATED)
       PIN :   ibex_top_inst/gen_regfile_ff.register_file_i/g_rf_flops[18].rf_reg_q_reg[4]/RD     2.00     3.16    -1.16 (VIOLATED)
       PIN :   ibex_top_inst/gen_regfile_ff.register_file_i/g_rf_flops[18].rf_reg_q_reg[3]/RD     2.00     3.16    -1.16 (VIOLATED)
       PIN :   ibex_top_inst/gen_regfile_ff.register_file_i/g_rf_flops[18].rf_reg_q_reg[2]/RD     2.00     3.16    -1.16 (VIOLATED)
       PIN :   ibex_top_inst/gen_regfile_ff.register_file_i/g_rf_flops[18].rf_reg_q_reg[1]/RD     2.00     3.16    -1.16 (VIOLATED)
       PIN :   ibex_top_inst/gen_regfile_ff.register_file_i/g_rf_flops[18].rf_reg_q_reg[0]/RD     2.00     3.16    -1.16 (VIOLATED)
       PIN :   ibex_top_inst/gen_regfile_ff.register_file_i/g_rf_flops[17].rf_reg_q_reg[31]/RD     2.00     3.16    -1.16 (VIOLATED)
       PIN :   ibex_top_inst/gen_regfile_ff.register_file_i/g_rf_flops[17].rf_reg_q_reg[30]/RD     2.00     3.16    -1.16 (VIOLATED)
       PIN :   ibex_top_inst/gen_regfile_ff.register_file_i/g_rf_flops[17].rf_reg_q_reg[29]/RD     2.00     3.16    -1.16 (VIOLATED)
       PIN :   ibex_top_inst/gen_regfile_ff.register_file_i/g_rf_flops[17].rf_reg_q_reg[28]/RD     2.00     3.16    -1.16 (VIOLATED)
       PIN :   ibex_top_inst/gen_regfile_ff.register_file_i/g_rf_flops[17].rf_reg_q_reg[27]/RD     2.00     3.16    -1.16 (VIOLATED)
       PIN :   ibex_top_inst/gen_regfile_ff.register_file_i/g_rf_flops[17].rf_reg_q_reg[26]/RD     2.00     3.16    -1.16 (VIOLATED)
       PIN :   ibex_top_inst/gen_regfile_ff.register_file_i/g_rf_flops[17].rf_reg_q_reg[25]/RD     2.00     3.16    -1.16 (VIOLATED)
       PIN :   ibex_top_inst/gen_regfile_ff.register_file_i/g_rf_flops[17].rf_reg_q_reg[24]/RD     2.00     3.16    -1.16 (VIOLATED)
       PIN :   ibex_top_inst/gen_regfile_ff.register_file_i/g_rf_flops[17].rf_reg_q_reg[23]/RD     2.00     3.16    -1.16 (VIOLATED)
       PIN :   ibex_top_inst/gen_regfile_ff.register_file_i/g_rf_flops[17].rf_reg_q_reg[22]/RD     2.00     3.16    -1.16 (VIOLATED)
       PIN :   ibex_top_inst/gen_regfile_ff.register_file_i/g_rf_flops[17].rf_reg_q_reg[21]/RD     2.00     3.16    -1.16 (VIOLATED)
       PIN :   ibex_top_inst/gen_regfile_ff.register_file_i/g_rf_flops[17].rf_reg_q_reg[20]/RD     2.00     3.16    -1.16 (VIOLATED)
       PIN :   ibex_top_inst/gen_regfile_ff.register_file_i/g_rf_flops[17].rf_reg_q_reg[19]/RD     2.00     3.16    -1.16 (VIOLATED)
       PIN :   ibex_top_inst/gen_regfile_ff.register_file_i/g_rf_flops[17].rf_reg_q_reg[18]/RD     2.00     3.16    -1.16 (VIOLATED)
       PIN :   ibex_top_inst/gen_regfile_ff.register_file_i/g_rf_flops[17].rf_reg_q_reg[17]/RD     2.00     3.16    -1.16 (VIOLATED)
       PIN :   ibex_top_inst/gen_regfile_ff.register_file_i/g_rf_flops[17].rf_reg_q_reg[16]/RD     2.00     3.16    -1.16 (VIOLATED)
       PIN :   ibex_top_inst/gen_regfile_ff.register_file_i/g_rf_flops[17].rf_reg_q_reg[15]/RD     2.00     3.16    -1.16 (VIOLATED)
       PIN :   ibex_top_inst/gen_regfile_ff.register_file_i/g_rf_flops[17].rf_reg_q_reg[14]/RD     2.00     3.16    -1.16 (VIOLATED)
       PIN :   ibex_top_inst/gen_regfile_ff.register_file_i/g_rf_flops[17].rf_reg_q_reg[13]/RD     2.00     3.16    -1.16 (VIOLATED)
       PIN :   ibex_top_inst/gen_regfile_ff.register_file_i/g_rf_flops[17].rf_reg_q_reg[12]/RD     2.00     3.16    -1.16 (VIOLATED)
       PIN :   ibex_top_inst/gen_regfile_ff.register_file_i/g_rf_flops[31].rf_reg_q_reg[31]/RD     2.00     3.16    -1.16 (VIOLATED)
       PIN :   ibex_top_inst/gen_regfile_ff.register_file_i/g_rf_flops[31].rf_reg_q_reg[30]/RD     2.00     3.16    -1.16 (VIOLATED)
       PIN :   ibex_top_inst/gen_regfile_ff.register_file_i/g_rf_flops[31].rf_reg_q_reg[29]/RD     2.00     3.16    -1.16 (VIOLATED)
       PIN :   ibex_top_inst/gen_regfile_ff.register_file_i/g_rf_flops[31].rf_reg_q_reg[28]/RD     2.00     3.16    -1.16 (VIOLATED)
       PIN :   ibex_top_inst/gen_regfile_ff.register_file_i/g_rf_flops[31].rf_reg_q_reg[27]/RD     2.00     3.16    -1.16 (VIOLATED)
       PIN :   ibex_top_inst/gen_regfile_ff.register_file_i/g_rf_flops[31].rf_reg_q_reg[26]/RD     2.00     3.16    -1.16 (VIOLATED)
       PIN :   ibex_top_inst/gen_regfile_ff.register_file_i/g_rf_flops[31].rf_reg_q_reg[25]/RD     2.00     3.16    -1.16 (VIOLATED)
       PIN :   ibex_top_inst/gen_regfile_ff.register_file_i/g_rf_flops[31].rf_reg_q_reg[24]/RD     2.00     3.16    -1.16 (VIOLATED)
       PIN :   ibex_top_inst/gen_regfile_ff.register_file_i/g_rf_flops[31].rf_reg_q_reg[23]/RD     2.00     3.16    -1.16 (VIOLATED)
       PIN :   ibex_top_inst/gen_regfile_ff.register_file_i/g_rf_flops[31].rf_reg_q_reg[22]/RD     2.00     3.16    -1.16 (VIOLATED)
       PIN :   ibex_top_inst/gen_regfile_ff.register_file_i/g_rf_flops[31].rf_reg_q_reg[21]/RD     2.00     3.16    -1.16 (VIOLATED)
       PIN :   ibex_top_inst/gen_regfile_ff.register_file_i/g_rf_flops[31].rf_reg_q_reg[20]/RD     2.00     3.16    -1.16 (VIOLATED)
       PIN :   ibex_top_inst/gen_regfile_ff.register_file_i/g_rf_flops[31].rf_reg_q_reg[19]/RD     2.00     3.16    -1.16 (VIOLATED)
       PIN :   ibex_top_inst/gen_regfile_ff.register_file_i/g_rf_flops[31].rf_reg_q_reg[18]/RD     2.00     3.16    -1.16 (VIOLATED)
       PIN :   ibex_top_inst/gen_regfile_ff.register_file_i/g_rf_flops[31].rf_reg_q_reg[17]/RD     2.00     3.16    -1.16 (VIOLATED)
       PIN :   ibex_top_inst/gen_regfile_ff.register_file_i/g_rf_flops[31].rf_reg_q_reg[16]/RD     2.00     3.16    -1.16 (VIOLATED)
       PIN :   ibex_top_inst/gen_regfile_ff.register_file_i/g_rf_flops[31].rf_reg_q_reg[15]/RD     2.00     3.16    -1.16 (VIOLATED)
       PIN :   ibex_top_inst/gen_regfile_ff.register_file_i/g_rf_flops[31].rf_reg_q_reg[14]/RD     2.00     3.16    -1.16 (VIOLATED)
       PIN :   ibex_top_inst/gen_regfile_ff.register_file_i/g_rf_flops[31].rf_reg_q_reg[13]/RD     2.00     3.16    -1.16 (VIOLATED)
       PIN :   ibex_top_inst/gen_regfile_ff.register_file_i/g_rf_flops[31].rf_reg_q_reg[12]/RD     2.00     3.16    -1.16 (VIOLATED)
       PIN :   ibex_top_inst/gen_regfile_ff.register_file_i/g_rf_flops[31].rf_reg_q_reg[11]/RD     2.00     3.16    -1.16 (VIOLATED)
       PIN :   ibex_top_inst/gen_regfile_ff.register_file_i/g_rf_flops[31].rf_reg_q_reg[10]/RD     2.00     3.16    -1.16 (VIOLATED)
       PIN :   ibex_top_inst/gen_regfile_ff.register_file_i/g_rf_flops[31].rf_reg_q_reg[9]/RD     2.00     3.16    -1.16 (VIOLATED)
       PIN :   ibex_top_inst/gen_regfile_ff.register_file_i/g_rf_flops[31].rf_reg_q_reg[8]/RD     2.00     3.16    -1.16 (VIOLATED)
       PIN :   ibex_top_inst/gen_regfile_ff.register_file_i/g_rf_flops[31].rf_reg_q_reg[7]/RD     2.00     3.16    -1.16 (VIOLATED)
       PIN :   ibex_top_inst/gen_regfile_ff.register_file_i/g_rf_flops[31].rf_reg_q_reg[6]/RD     2.00     3.16    -1.16 (VIOLATED)
       PIN :   ibex_top_inst/gen_regfile_ff.register_file_i/g_rf_flops[31].rf_reg_q_reg[5]/RD     2.00     3.16    -1.16 (VIOLATED)
       PIN :   ibex_top_inst/gen_regfile_ff.register_file_i/g_rf_flops[31].rf_reg_q_reg[4]/RD     2.00     3.16    -1.16 (VIOLATED)
       PIN :   ibex_top_inst/gen_regfile_ff.register_file_i/g_rf_flops[31].rf_reg_q_reg[3]/RD     2.00     3.16    -1.16 (VIOLATED)
       PIN :   ibex_top_inst/gen_regfile_ff.register_file_i/g_rf_flops[31].rf_reg_q_reg[2]/RD     2.00     3.16    -1.16 (VIOLATED)
       PIN :   ibex_top_inst/gen_regfile_ff.register_file_i/g_rf_flops[31].rf_reg_q_reg[1]/RD     2.00     3.16    -1.16 (VIOLATED)
       PIN :   ibex_top_inst/gen_regfile_ff.register_file_i/g_rf_flops[31].rf_reg_q_reg[0]/RD     2.00     3.16    -1.16 (VIOLATED)
       PIN :   ibex_top_inst/gen_regfile_ff.register_file_i/g_rf_flops[30].rf_reg_q_reg[31]/RD     2.00     3.16    -1.16 (VIOLATED)
       PIN :   ibex_top_inst/gen_regfile_ff.register_file_i/g_rf_flops[30].rf_reg_q_reg[30]/RD     2.00     3.16    -1.16 (VIOLATED)
       PIN :   ibex_top_inst/gen_regfile_ff.register_file_i/g_rf_flops[30].rf_reg_q_reg[29]/RD     2.00     3.16    -1.16 (VIOLATED)
       PIN :   ibex_top_inst/gen_regfile_ff.register_file_i/g_rf_flops[30].rf_reg_q_reg[28]/RD     2.00     3.16    -1.16 (VIOLATED)
       PIN :   ibex_top_inst/gen_regfile_ff.register_file_i/g_rf_flops[30].rf_reg_q_reg[27]/RD     2.00     3.16    -1.16 (VIOLATED)
       PIN :   ibex_top_inst/gen_regfile_ff.register_file_i/g_rf_flops[30].rf_reg_q_reg[26]/RD     2.00     3.16    -1.16 (VIOLATED)
       PIN :   ibex_top_inst/gen_regfile_ff.register_file_i/g_rf_flops[30].rf_reg_q_reg[25]/RD     2.00     3.16    -1.16 (VIOLATED)
       PIN :   ibex_top_inst/gen_regfile_ff.register_file_i/g_rf_flops[30].rf_reg_q_reg[24]/RD     2.00     3.16    -1.16 (VIOLATED)
       PIN :   ibex_top_inst/gen_regfile_ff.register_file_i/g_rf_flops[30].rf_reg_q_reg[23]/RD     2.00     3.16    -1.16 (VIOLATED)
       PIN :   ibex_top_inst/gen_regfile_ff.register_file_i/g_rf_flops[30].rf_reg_q_reg[22]/RD     2.00     3.16    -1.16 (VIOLATED)
       PIN :   ibex_top_inst/gen_regfile_ff.register_file_i/g_rf_flops[30].rf_reg_q_reg[21]/RD     2.00     3.16    -1.16 (VIOLATED)
       PIN :   ibex_top_inst/gen_regfile_ff.register_file_i/g_rf_flops[30].rf_reg_q_reg[20]/RD     2.00     3.16    -1.16 (VIOLATED)
       PIN :   ibex_top_inst/gen_regfile_ff.register_file_i/g_rf_flops[30].rf_reg_q_reg[19]/RD     2.00     3.16    -1.16 (VIOLATED)
       PIN :   ibex_top_inst/gen_regfile_ff.register_file_i/g_rf_flops[30].rf_reg_q_reg[18]/RD     2.00     3.16    -1.16 (VIOLATED)
       PIN :   ibex_top_inst/gen_regfile_ff.register_file_i/g_rf_flops[30].rf_reg_q_reg[17]/RD     2.00     3.16    -1.16 (VIOLATED)
       PIN :   ibex_top_inst/gen_regfile_ff.register_file_i/g_rf_flops[30].rf_reg_q_reg[16]/RD     2.00     3.16    -1.16 (VIOLATED)
       PIN :   ibex_top_inst/gen_regfile_ff.register_file_i/g_rf_flops[30].rf_reg_q_reg[15]/RD     2.00     3.16    -1.16 (VIOLATED)
       PIN :   ibex_top_inst/gen_regfile_ff.register_file_i/g_rf_flops[30].rf_reg_q_reg[14]/RD     2.00     3.16    -1.16 (VIOLATED)
       PIN :   ibex_top_inst/gen_regfile_ff.register_file_i/g_rf_flops[30].rf_reg_q_reg[13]/RD     2.00     3.16    -1.16 (VIOLATED)
       PIN :   ibex_top_inst/gen_regfile_ff.register_file_i/g_rf_flops[30].rf_reg_q_reg[12]/RD     2.00     3.16    -1.16 (VIOLATED)
       PIN :   ibex_top_inst/gen_regfile_ff.register_file_i/g_rf_flops[30].rf_reg_q_reg[11]/RD     2.00     3.16    -1.16 (VIOLATED)
       PIN :   ibex_top_inst/gen_regfile_ff.register_file_i/g_rf_flops[30].rf_reg_q_reg[10]/RD     2.00     3.16    -1.16 (VIOLATED)
       PIN :   ibex_top_inst/gen_regfile_ff.register_file_i/g_rf_flops[30].rf_reg_q_reg[9]/RD     2.00     3.16    -1.16 (VIOLATED)
       PIN :   ibex_top_inst/gen_regfile_ff.register_file_i/g_rf_flops[30].rf_reg_q_reg[8]/RD     2.00     3.16    -1.16 (VIOLATED)
       PIN :   ibex_top_inst/gen_regfile_ff.register_file_i/g_rf_flops[30].rf_reg_q_reg[7]/RD     2.00     3.16    -1.16 (VIOLATED)
       PIN :   ibex_top_inst/gen_regfile_ff.register_file_i/g_rf_flops[30].rf_reg_q_reg[6]/RD     2.00     3.16    -1.16 (VIOLATED)
       PIN :   ibex_top_inst/gen_regfile_ff.register_file_i/g_rf_flops[30].rf_reg_q_reg[5]/RD     2.00     3.16    -1.16 (VIOLATED)
       PIN :   ibex_top_inst/gen_regfile_ff.register_file_i/g_rf_flops[30].rf_reg_q_reg[4]/RD     2.00     3.16    -1.16 (VIOLATED)
       PIN :   ibex_top_inst/gen_regfile_ff.register_file_i/g_rf_flops[30].rf_reg_q_reg[3]/RD     2.00     3.16    -1.16 (VIOLATED)
       PIN :   ibex_top_inst/gen_regfile_ff.register_file_i/g_rf_flops[30].rf_reg_q_reg[2]/RD     2.00     3.16    -1.16 (VIOLATED)
       PIN :   ibex_top_inst/gen_regfile_ff.register_file_i/g_rf_flops[30].rf_reg_q_reg[1]/RD     2.00     3.16    -1.16 (VIOLATED)
       PIN :   ibex_top_inst/gen_regfile_ff.register_file_i/g_rf_flops[30].rf_reg_q_reg[0]/RD     2.00     3.16    -1.16 (VIOLATED)
       PIN :   ibex_top_inst/gen_regfile_ff.register_file_i/g_rf_flops[29].rf_reg_q_reg[31]/RD     2.00     3.16    -1.16 (VIOLATED)
       PIN :   ibex_top_inst/gen_regfile_ff.register_file_i/g_rf_flops[29].rf_reg_q_reg[30]/RD     2.00     3.16    -1.16 (VIOLATED)
       PIN :   ibex_top_inst/gen_regfile_ff.register_file_i/g_rf_flops[29].rf_reg_q_reg[29]/RD     2.00     3.16    -1.16 (VIOLATED)
       PIN :   ibex_top_inst/gen_regfile_ff.register_file_i/g_rf_flops[29].rf_reg_q_reg[28]/RD     2.00     3.16    -1.16 (VIOLATED)
       PIN :   ibex_top_inst/gen_regfile_ff.register_file_i/g_rf_flops[29].rf_reg_q_reg[27]/RD     2.00     3.16    -1.16 (VIOLATED)
       PIN :   ibex_top_inst/gen_regfile_ff.register_file_i/g_rf_flops[29].rf_reg_q_reg[26]/RD     2.00     3.16    -1.16 (VIOLATED)
       PIN :   ibex_top_inst/gen_regfile_ff.register_file_i/g_rf_flops[29].rf_reg_q_reg[25]/RD     2.00     3.16    -1.16 (VIOLATED)
       PIN :   ibex_top_inst/gen_regfile_ff.register_file_i/g_rf_flops[29].rf_reg_q_reg[24]/RD     2.00     3.16    -1.16 (VIOLATED)
       PIN :   ibex_top_inst/gen_regfile_ff.register_file_i/g_rf_flops[29].rf_reg_q_reg[23]/RD     2.00     3.16    -1.16 (VIOLATED)
       PIN :   ibex_top_inst/gen_regfile_ff.register_file_i/g_rf_flops[29].rf_reg_q_reg[22]/RD     2.00     3.16    -1.16 (VIOLATED)
       PIN :   ibex_top_inst/gen_regfile_ff.register_file_i/g_rf_flops[29].rf_reg_q_reg[21]/RD     2.00     3.16    -1.16 (VIOLATED)
       PIN :   ibex_top_inst/gen_regfile_ff.register_file_i/g_rf_flops[29].rf_reg_q_reg[20]/RD     2.00     3.16    -1.16 (VIOLATED)
       PIN :   ibex_top_inst/gen_regfile_ff.register_file_i/g_rf_flops[29].rf_reg_q_reg[19]/RD     2.00     3.16    -1.16 (VIOLATED)
       PIN :   ibex_top_inst/gen_regfile_ff.register_file_i/g_rf_flops[29].rf_reg_q_reg[18]/RD     2.00     3.16    -1.16 (VIOLATED)
       PIN :   ibex_top_inst/gen_regfile_ff.register_file_i/g_rf_flops[29].rf_reg_q_reg[17]/RD     2.00     3.16    -1.16 (VIOLATED)
       PIN :   ibex_top_inst/gen_regfile_ff.register_file_i/g_rf_flops[29].rf_reg_q_reg[16]/RD     2.00     3.16    -1.16 (VIOLATED)
       PIN :   ibex_top_inst/gen_regfile_ff.register_file_i/g_rf_flops[29].rf_reg_q_reg[15]/RD     2.00     3.16    -1.16 (VIOLATED)
       PIN :   ibex_top_inst/gen_regfile_ff.register_file_i/g_rf_flops[29].rf_reg_q_reg[14]/RD     2.00     3.16    -1.16 (VIOLATED)
       PIN :   ibex_top_inst/gen_regfile_ff.register_file_i/g_rf_flops[29].rf_reg_q_reg[13]/RD     2.00     3.16    -1.16 (VIOLATED)
       PIN :   ibex_top_inst/gen_regfile_ff.register_file_i/g_rf_flops[29].rf_reg_q_reg[12]/RD     2.00     3.16    -1.16 (VIOLATED)
       PIN :   ibex_top_inst/gen_regfile_ff.register_file_i/g_rf_flops[29].rf_reg_q_reg[11]/RD     2.00     3.16    -1.16 (VIOLATED)
       PIN :   ibex_top_inst/gen_regfile_ff.register_file_i/g_rf_flops[29].rf_reg_q_reg[10]/RD     2.00     3.16    -1.16 (VIOLATED)
       PIN :   ibex_top_inst/gen_regfile_ff.register_file_i/g_rf_flops[29].rf_reg_q_reg[9]/RD     2.00     3.16    -1.16 (VIOLATED)
       PIN :   ibex_top_inst/gen_regfile_ff.register_file_i/g_rf_flops[29].rf_reg_q_reg[8]/RD     2.00     3.16    -1.16 (VIOLATED)
       PIN :   ibex_top_inst/gen_regfile_ff.register_file_i/g_rf_flops[29].rf_reg_q_reg[7]/RD     2.00     3.16    -1.16 (VIOLATED)
       PIN :   ibex_top_inst/gen_regfile_ff.register_file_i/g_rf_flops[29].rf_reg_q_reg[6]/RD     2.00     3.16    -1.16 (VIOLATED)
       PIN :   ibex_top_inst/gen_regfile_ff.register_file_i/g_rf_flops[29].rf_reg_q_reg[5]/RD     2.00     3.16    -1.16 (VIOLATED)
       PIN :   ibex_top_inst/gen_regfile_ff.register_file_i/g_rf_flops[29].rf_reg_q_reg[4]/RD     2.00     3.16    -1.16 (VIOLATED)
       PIN :   ibex_top_inst/gen_regfile_ff.register_file_i/g_rf_flops[29].rf_reg_q_reg[3]/RD     2.00     3.16    -1.16 (VIOLATED)
       PIN :   ibex_top_inst/gen_regfile_ff.register_file_i/g_rf_flops[29].rf_reg_q_reg[2]/RD     2.00     3.16    -1.16 (VIOLATED)
       PIN :   ibex_top_inst/gen_regfile_ff.register_file_i/g_rf_flops[29].rf_reg_q_reg[1]/RD     2.00     3.16    -1.16 (VIOLATED)
       PIN :   ibex_top_inst/gen_regfile_ff.register_file_i/g_rf_flops[29].rf_reg_q_reg[0]/RD     2.00     3.16    -1.16 (VIOLATED)
       PIN :   ibex_top_inst/gen_regfile_ff.register_file_i/g_rf_flops[28].rf_reg_q_reg[31]/RD     2.00     3.16    -1.16 (VIOLATED)
       PIN :   ibex_top_inst/gen_regfile_ff.register_file_i/g_rf_flops[28].rf_reg_q_reg[30]/RD     2.00     3.16    -1.16 (VIOLATED)
       PIN :   ibex_top_inst/gen_regfile_ff.register_file_i/g_rf_flops[28].rf_reg_q_reg[29]/RD     2.00     3.16    -1.16 (VIOLATED)
       PIN :   ibex_top_inst/gen_regfile_ff.register_file_i/g_rf_flops[28].rf_reg_q_reg[28]/RD     2.00     3.16    -1.16 (VIOLATED)
       PIN :   ibex_top_inst/gen_regfile_ff.register_file_i/g_rf_flops[28].rf_reg_q_reg[27]/RD     2.00     3.16    -1.16 (VIOLATED)
       PIN :   ibex_top_inst/gen_regfile_ff.register_file_i/g_rf_flops[28].rf_reg_q_reg[26]/RD     2.00     3.16    -1.16 (VIOLATED)
       PIN :   ibex_top_inst/gen_regfile_ff.register_file_i/g_rf_flops[28].rf_reg_q_reg[25]/RD     2.00     3.16    -1.16 (VIOLATED)
       PIN :   ibex_top_inst/gen_regfile_ff.register_file_i/g_rf_flops[28].rf_reg_q_reg[24]/RD     2.00     3.16    -1.16 (VIOLATED)
       PIN :   ibex_top_inst/gen_regfile_ff.register_file_i/g_rf_flops[28].rf_reg_q_reg[23]/RD     2.00     3.16    -1.16 (VIOLATED)
       PIN :   ibex_top_inst/gen_regfile_ff.register_file_i/g_rf_flops[28].rf_reg_q_reg[22]/RD     2.00     3.16    -1.16 (VIOLATED)
       PIN :   ibex_top_inst/gen_regfile_ff.register_file_i/g_rf_flops[28].rf_reg_q_reg[21]/RD     2.00     3.16    -1.16 (VIOLATED)
       PIN :   ibex_top_inst/gen_regfile_ff.register_file_i/g_rf_flops[28].rf_reg_q_reg[20]/RD     2.00     3.16    -1.16 (VIOLATED)
       PIN :   ibex_top_inst/gen_regfile_ff.register_file_i/g_rf_flops[28].rf_reg_q_reg[19]/RD     2.00     3.16    -1.16 (VIOLATED)
       PIN :   ibex_top_inst/gen_regfile_ff.register_file_i/g_rf_flops[28].rf_reg_q_reg[18]/RD     2.00     3.16    -1.16 (VIOLATED)
       PIN :   ibex_top_inst/gen_regfile_ff.register_file_i/g_rf_flops[28].rf_reg_q_reg[17]/RD     2.00     3.16    -1.16 (VIOLATED)
       PIN :   ibex_top_inst/gen_regfile_ff.register_file_i/g_rf_flops[28].rf_reg_q_reg[16]/RD     2.00     3.16    -1.16 (VIOLATED)
       PIN :   ibex_top_inst/gen_regfile_ff.register_file_i/g_rf_flops[28].rf_reg_q_reg[15]/RD     2.00     3.16    -1.16 (VIOLATED)
       PIN :   ibex_top_inst/gen_regfile_ff.register_file_i/g_rf_flops[28].rf_reg_q_reg[14]/RD     2.00     3.16    -1.16 (VIOLATED)
       PIN :   ibex_top_inst/gen_regfile_ff.register_file_i/g_rf_flops[28].rf_reg_q_reg[13]/RD     2.00     3.16    -1.16 (VIOLATED)
       PIN :   ibex_top_inst/gen_regfile_ff.register_file_i/g_rf_flops[28].rf_reg_q_reg[12]/RD     2.00     3.16    -1.16 (VIOLATED)
       PIN :   ibex_top_inst/gen_regfile_ff.register_file_i/g_rf_flops[28].rf_reg_q_reg[11]/RD     2.00     3.16    -1.16 (VIOLATED)
       PIN :   ibex_top_inst/gen_regfile_ff.register_file_i/g_rf_flops[28].rf_reg_q_reg[10]/RD     2.00     3.16    -1.16 (VIOLATED)
       PIN :   ibex_top_inst/gen_regfile_ff.register_file_i/g_rf_flops[28].rf_reg_q_reg[9]/RD     2.00     3.16    -1.16 (VIOLATED)
       PIN :   ibex_top_inst/gen_regfile_ff.register_file_i/g_rf_flops[28].rf_reg_q_reg[8]/RD     2.00     3.16    -1.16 (VIOLATED)
       PIN :   ibex_top_inst/gen_regfile_ff.register_file_i/g_rf_flops[28].rf_reg_q_reg[7]/RD     2.00     3.16    -1.16 (VIOLATED)
       PIN :   ibex_top_inst/gen_regfile_ff.register_file_i/g_rf_flops[28].rf_reg_q_reg[6]/RD     2.00     3.16    -1.16 (VIOLATED)
       PIN :   ibex_top_inst/gen_regfile_ff.register_file_i/g_rf_flops[28].rf_reg_q_reg[5]/RD     2.00     3.16    -1.16 (VIOLATED)
       PIN :   ibex_top_inst/gen_regfile_ff.register_file_i/g_rf_flops[28].rf_reg_q_reg[4]/RD     2.00     3.16    -1.16 (VIOLATED)
       PIN :   ibex_top_inst/gen_regfile_ff.register_file_i/g_rf_flops[28].rf_reg_q_reg[3]/RD     2.00     3.16    -1.16 (VIOLATED)
       PIN :   ibex_top_inst/gen_regfile_ff.register_file_i/g_rf_flops[28].rf_reg_q_reg[2]/RD     2.00     3.16    -1.16 (VIOLATED)
       PIN :   ibex_top_inst/gen_regfile_ff.register_file_i/g_rf_flops[28].rf_reg_q_reg[1]/RD     2.00     3.16    -1.16 (VIOLATED)
       PIN :   ibex_top_inst/gen_regfile_ff.register_file_i/g_rf_flops[28].rf_reg_q_reg[0]/RD     2.00     3.16    -1.16 (VIOLATED)
       PIN :   ibex_top_inst/gen_regfile_ff.register_file_i/g_rf_flops[27].rf_reg_q_reg[31]/RD     2.00     3.16    -1.16 (VIOLATED)
       PIN :   ibex_top_inst/gen_regfile_ff.register_file_i/g_rf_flops[27].rf_reg_q_reg[30]/RD     2.00     3.16    -1.16 (VIOLATED)
       PIN :   ibex_top_inst/gen_regfile_ff.register_file_i/g_rf_flops[27].rf_reg_q_reg[29]/RD     2.00     3.16    -1.16 (VIOLATED)
       PIN :   ibex_top_inst/gen_regfile_ff.register_file_i/g_rf_flops[27].rf_reg_q_reg[28]/RD     2.00     3.16    -1.16 (VIOLATED)
       PIN :   ibex_top_inst/gen_regfile_ff.register_file_i/g_rf_flops[27].rf_reg_q_reg[27]/RD     2.00     3.16    -1.16 (VIOLATED)
       PIN :   ibex_top_inst/gen_regfile_ff.register_file_i/g_rf_flops[27].rf_reg_q_reg[26]/RD     2.00     3.16    -1.16 (VIOLATED)
       PIN :   ibex_top_inst/gen_regfile_ff.register_file_i/g_rf_flops[27].rf_reg_q_reg[25]/RD     2.00     3.16    -1.16 (VIOLATED)
       PIN :   ibex_top_inst/gen_regfile_ff.register_file_i/g_rf_flops[27].rf_reg_q_reg[24]/RD     2.00     3.16    -1.16 (VIOLATED)
       PIN :   ibex_top_inst/gen_regfile_ff.register_file_i/g_rf_flops[27].rf_reg_q_reg[23]/RD     2.00     3.16    -1.16 (VIOLATED)
       PIN :   ibex_top_inst/gen_regfile_ff.register_file_i/g_rf_flops[27].rf_reg_q_reg[22]/RD     2.00     3.16    -1.16 (VIOLATED)
       PIN :   ibex_top_inst/gen_regfile_ff.register_file_i/g_rf_flops[27].rf_reg_q_reg[21]/RD     2.00     3.16    -1.16 (VIOLATED)
       PIN :   ibex_top_inst/gen_regfile_ff.register_file_i/g_rf_flops[27].rf_reg_q_reg[20]/RD     2.00     3.16    -1.16 (VIOLATED)
       PIN :   ibex_top_inst/gen_regfile_ff.register_file_i/g_rf_flops[27].rf_reg_q_reg[19]/RD     2.00     3.16    -1.16 (VIOLATED)
       PIN :   ibex_top_inst/gen_regfile_ff.register_file_i/g_rf_flops[27].rf_reg_q_reg[18]/RD     2.00     3.16    -1.16 (VIOLATED)
       PIN :   ibex_top_inst/gen_regfile_ff.register_file_i/g_rf_flops[27].rf_reg_q_reg[17]/RD     2.00     3.16    -1.16 (VIOLATED)
       PIN :   ibex_top_inst/gen_regfile_ff.register_file_i/g_rf_flops[27].rf_reg_q_reg[16]/RD     2.00     3.16    -1.16 (VIOLATED)
       PIN :   ibex_top_inst/gen_regfile_ff.register_file_i/g_rf_flops[27].rf_reg_q_reg[15]/RD     2.00     3.16    -1.16 (VIOLATED)
       PIN :   ibex_top_inst/gen_regfile_ff.register_file_i/g_rf_flops[27].rf_reg_q_reg[14]/RD     2.00     3.16    -1.16 (VIOLATED)
       PIN :   ibex_top_inst/gen_regfile_ff.register_file_i/g_rf_flops[27].rf_reg_q_reg[13]/RD     2.00     3.16    -1.16 (VIOLATED)
       PIN :   ibex_top_inst/gen_regfile_ff.register_file_i/g_rf_flops[27].rf_reg_q_reg[12]/RD     2.00     3.16    -1.16 (VIOLATED)
       PIN :   ibex_top_inst/gen_regfile_ff.register_file_i/g_rf_flops[27].rf_reg_q_reg[11]/RD     2.00     3.16    -1.16 (VIOLATED)
       PIN :   ibex_top_inst/gen_regfile_ff.register_file_i/g_rf_flops[27].rf_reg_q_reg[10]/RD     2.00     3.16    -1.16 (VIOLATED)
       PIN :   ibex_top_inst/gen_regfile_ff.register_file_i/g_rf_flops[27].rf_reg_q_reg[9]/RD     2.00     3.16    -1.16 (VIOLATED)
       PIN :   ibex_top_inst/gen_regfile_ff.register_file_i/g_rf_flops[27].rf_reg_q_reg[8]/RD     2.00     3.16    -1.16 (VIOLATED)
       PIN :   ibex_top_inst/gen_regfile_ff.register_file_i/g_rf_flops[27].rf_reg_q_reg[7]/RD     2.00     3.16    -1.16 (VIOLATED)
       PIN :   ibex_top_inst/gen_regfile_ff.register_file_i/g_rf_flops[27].rf_reg_q_reg[6]/RD     2.00     3.16    -1.16 (VIOLATED)
       PIN :   ibex_top_inst/gen_regfile_ff.register_file_i/g_rf_flops[27].rf_reg_q_reg[5]/RD     2.00     3.16    -1.16 (VIOLATED)
       PIN :   ibex_top_inst/gen_regfile_ff.register_file_i/g_rf_flops[27].rf_reg_q_reg[4]/RD     2.00     3.16    -1.16 (VIOLATED)
       PIN :   ibex_top_inst/gen_regfile_ff.register_file_i/g_rf_flops[27].rf_reg_q_reg[3]/RD     2.00     3.16    -1.16 (VIOLATED)
       PIN :   ibex_top_inst/gen_regfile_ff.register_file_i/g_rf_flops[27].rf_reg_q_reg[2]/RD     2.00     3.16    -1.16 (VIOLATED)
       PIN :   ibex_top_inst/gen_regfile_ff.register_file_i/g_rf_flops[27].rf_reg_q_reg[1]/RD     2.00     3.16    -1.16 (VIOLATED)
       PIN :   ibex_top_inst/gen_regfile_ff.register_file_i/g_rf_flops[27].rf_reg_q_reg[0]/RD     2.00     3.16    -1.16 (VIOLATED)
       PIN :   ibex_top_inst/gen_regfile_ff.register_file_i/g_rf_flops[26].rf_reg_q_reg[31]/RD     2.00     3.16    -1.16 (VIOLATED)
       PIN :   ibex_top_inst/gen_regfile_ff.register_file_i/g_rf_flops[26].rf_reg_q_reg[30]/RD     2.00     3.16    -1.16 (VIOLATED)
       PIN :   ibex_top_inst/gen_regfile_ff.register_file_i/g_rf_flops[26].rf_reg_q_reg[29]/RD     2.00     3.16    -1.16 (VIOLATED)
       PIN :   ibex_top_inst/gen_regfile_ff.register_file_i/g_rf_flops[26].rf_reg_q_reg[28]/RD     2.00     3.16    -1.16 (VIOLATED)
       PIN :   ibex_top_inst/gen_regfile_ff.register_file_i/g_rf_flops[26].rf_reg_q_reg[27]/RD     2.00     3.16    -1.16 (VIOLATED)
       PIN :   ibex_top_inst/gen_regfile_ff.register_file_i/g_rf_flops[26].rf_reg_q_reg[26]/RD     2.00     3.16    -1.16 (VIOLATED)
       PIN :   ibex_top_inst/gen_regfile_ff.register_file_i/g_rf_flops[26].rf_reg_q_reg[25]/RD     2.00     3.16    -1.16 (VIOLATED)
       PIN :   ibex_top_inst/gen_regfile_ff.register_file_i/g_rf_flops[26].rf_reg_q_reg[24]/RD     2.00     3.16    -1.16 (VIOLATED)
       PIN :   ibex_top_inst/gen_regfile_ff.register_file_i/g_rf_flops[26].rf_reg_q_reg[23]/RD     2.00     3.16    -1.16 (VIOLATED)
       PIN :   ibex_top_inst/gen_regfile_ff.register_file_i/g_rf_flops[26].rf_reg_q_reg[22]/RD     2.00     3.16    -1.16 (VIOLATED)
       PIN :   ibex_top_inst/gen_regfile_ff.register_file_i/g_rf_flops[26].rf_reg_q_reg[21]/RD     2.00     3.16    -1.16 (VIOLATED)
       PIN :   ibex_top_inst/gen_regfile_ff.register_file_i/g_rf_flops[26].rf_reg_q_reg[20]/RD     2.00     3.16    -1.16 (VIOLATED)
       PIN :   ibex_top_inst/gen_regfile_ff.register_file_i/g_rf_flops[26].rf_reg_q_reg[19]/RD     2.00     3.16    -1.16 (VIOLATED)
       PIN :   ibex_top_inst/gen_regfile_ff.register_file_i/g_rf_flops[26].rf_reg_q_reg[18]/RD     2.00     3.16    -1.16 (VIOLATED)
       PIN :   ibex_top_inst/gen_regfile_ff.register_file_i/g_rf_flops[26].rf_reg_q_reg[17]/RD     2.00     3.16    -1.16 (VIOLATED)
       PIN :   ibex_top_inst/gen_regfile_ff.register_file_i/g_rf_flops[26].rf_reg_q_reg[16]/RD     2.00     3.16    -1.16 (VIOLATED)
       PIN :   ibex_top_inst/gen_regfile_ff.register_file_i/g_rf_flops[26].rf_reg_q_reg[15]/RD     2.00     3.16    -1.16 (VIOLATED)
       PIN :   ibex_top_inst/gen_regfile_ff.register_file_i/g_rf_flops[26].rf_reg_q_reg[14]/RD     2.00     3.16    -1.16 (VIOLATED)
       PIN :   ibex_top_inst/gen_regfile_ff.register_file_i/g_rf_flops[26].rf_reg_q_reg[13]/RD     2.00     3.16    -1.16 (VIOLATED)
       PIN :   ibex_top_inst/gen_regfile_ff.register_file_i/g_rf_flops[26].rf_reg_q_reg[12]/RD     2.00     3.16    -1.16 (VIOLATED)
       PIN :   ibex_top_inst/gen_regfile_ff.register_file_i/g_rf_flops[26].rf_reg_q_reg[11]/RD     2.00     3.16    -1.16 (VIOLATED)
       PIN :   ibex_top_inst/gen_regfile_ff.register_file_i/g_rf_flops[26].rf_reg_q_reg[10]/RD     2.00     3.16    -1.16 (VIOLATED)
       PIN :   ibex_top_inst/gen_regfile_ff.register_file_i/g_rf_flops[26].rf_reg_q_reg[9]/RD     2.00     3.16    -1.16 (VIOLATED)
       PIN :   ibex_top_inst/gen_regfile_ff.register_file_i/g_rf_flops[26].rf_reg_q_reg[8]/RD     2.00     3.16    -1.16 (VIOLATED)
       PIN :   ibex_top_inst/gen_regfile_ff.register_file_i/g_rf_flops[26].rf_reg_q_reg[7]/RD     2.00     3.16    -1.16 (VIOLATED)
       PIN :   ibex_top_inst/gen_regfile_ff.register_file_i/g_rf_flops[26].rf_reg_q_reg[6]/RD     2.00     3.16    -1.16 (VIOLATED)
       PIN :   ibex_top_inst/gen_regfile_ff.register_file_i/g_rf_flops[26].rf_reg_q_reg[5]/RD     2.00     3.16    -1.16 (VIOLATED)
       PIN :   ibex_top_inst/gen_regfile_ff.register_file_i/g_rf_flops[26].rf_reg_q_reg[4]/RD     2.00     3.16    -1.16 (VIOLATED)
       PIN :   ibex_top_inst/gen_regfile_ff.register_file_i/g_rf_flops[26].rf_reg_q_reg[3]/RD     2.00     3.16    -1.16 (VIOLATED)
       PIN :   ibex_top_inst/gen_regfile_ff.register_file_i/g_rf_flops[26].rf_reg_q_reg[2]/RD     2.00     3.16    -1.16 (VIOLATED)
       PIN :   ibex_top_inst/gen_regfile_ff.register_file_i/g_rf_flops[26].rf_reg_q_reg[1]/RD     2.00     3.16    -1.16 (VIOLATED)
       PIN :   ibex_top_inst/gen_regfile_ff.register_file_i/g_rf_flops[26].rf_reg_q_reg[0]/RD     2.00     3.16    -1.16 (VIOLATED)
       PIN :   ibex_top_inst/gen_regfile_ff.register_file_i/g_rf_flops[25].rf_reg_q_reg[31]/RD     2.00     3.16    -1.16 (VIOLATED)
       PIN :   ibex_top_inst/gen_regfile_ff.register_file_i/g_rf_flops[25].rf_reg_q_reg[30]/RD     2.00     3.16    -1.16 (VIOLATED)
       PIN :   ibex_top_inst/gen_regfile_ff.register_file_i/g_rf_flops[25].rf_reg_q_reg[29]/RD     2.00     3.16    -1.16 (VIOLATED)
       PIN :   ibex_top_inst/gen_regfile_ff.register_file_i/g_rf_flops[25].rf_reg_q_reg[28]/RD     2.00     3.16    -1.16 (VIOLATED)
       PIN :   ibex_top_inst/gen_regfile_ff.register_file_i/g_rf_flops[25].rf_reg_q_reg[27]/RD     2.00     3.16    -1.16 (VIOLATED)
       PIN :   ibex_top_inst/gen_regfile_ff.register_file_i/g_rf_flops[25].rf_reg_q_reg[26]/RD     2.00     3.16    -1.16 (VIOLATED)
       PIN :   ibex_top_inst/gen_regfile_ff.register_file_i/g_rf_flops[25].rf_reg_q_reg[25]/RD     2.00     3.16    -1.16 (VIOLATED)
       PIN :   ibex_top_inst/gen_regfile_ff.register_file_i/g_rf_flops[25].rf_reg_q_reg[24]/RD     2.00     3.16    -1.16 (VIOLATED)
       PIN :   ibex_top_inst/gen_regfile_ff.register_file_i/g_rf_flops[25].rf_reg_q_reg[23]/RD     2.00     3.16    -1.16 (VIOLATED)
       PIN :   ibex_top_inst/gen_regfile_ff.register_file_i/g_rf_flops[25].rf_reg_q_reg[22]/RD     2.00     3.16    -1.16 (VIOLATED)
       PIN :   ibex_top_inst/gen_regfile_ff.register_file_i/g_rf_flops[25].rf_reg_q_reg[21]/RD     2.00     3.16    -1.16 (VIOLATED)
       PIN :   ibex_top_inst/gen_regfile_ff.register_file_i/g_rf_flops[25].rf_reg_q_reg[20]/RD     2.00     3.16    -1.16 (VIOLATED)
       PIN :   ibex_top_inst/gen_regfile_ff.register_file_i/g_rf_flops[25].rf_reg_q_reg[19]/RD     2.00     3.16    -1.16 (VIOLATED)
       PIN :   ibex_top_inst/gen_regfile_ff.register_file_i/g_rf_flops[25].rf_reg_q_reg[18]/RD     2.00     3.16    -1.16 (VIOLATED)
       PIN :   ibex_top_inst/gen_regfile_ff.register_file_i/g_rf_flops[25].rf_reg_q_reg[17]/RD     2.00     3.16    -1.16 (VIOLATED)
       PIN :   ibex_top_inst/gen_regfile_ff.register_file_i/g_rf_flops[25].rf_reg_q_reg[16]/RD     2.00     3.16    -1.16 (VIOLATED)
       PIN :   ibex_top_inst/gen_regfile_ff.register_file_i/g_rf_flops[25].rf_reg_q_reg[15]/RD     2.00     3.16    -1.16 (VIOLATED)
       PIN :   ibex_top_inst/gen_regfile_ff.register_file_i/g_rf_flops[25].rf_reg_q_reg[14]/RD     2.00     3.16    -1.16 (VIOLATED)
       PIN :   ibex_top_inst/gen_regfile_ff.register_file_i/g_rf_flops[25].rf_reg_q_reg[13]/RD     2.00     3.16    -1.16 (VIOLATED)
       PIN :   ibex_top_inst/gen_regfile_ff.register_file_i/g_rf_flops[25].rf_reg_q_reg[12]/RD     2.00     3.16    -1.16 (VIOLATED)
       PIN :   ibex_top_inst/gen_regfile_ff.register_file_i/g_rf_flops[25].rf_reg_q_reg[11]/RD     2.00     3.16    -1.16 (VIOLATED)
       PIN :   ibex_top_inst/gen_regfile_ff.register_file_i/g_rf_flops[25].rf_reg_q_reg[10]/RD     2.00     3.16    -1.16 (VIOLATED)
       PIN :   ibex_top_inst/gen_regfile_ff.register_file_i/g_rf_flops[25].rf_reg_q_reg[9]/RD     2.00     3.16    -1.16 (VIOLATED)
       PIN :   ibex_top_inst/gen_regfile_ff.register_file_i/g_rf_flops[25].rf_reg_q_reg[8]/RD     2.00     3.16    -1.16 (VIOLATED)
       PIN :   ibex_top_inst/gen_regfile_ff.register_file_i/g_rf_flops[25].rf_reg_q_reg[7]/RD     2.00     3.16    -1.16 (VIOLATED)
       PIN :   ibex_top_inst/gen_regfile_ff.register_file_i/g_rf_flops[25].rf_reg_q_reg[6]/RD     2.00     3.16    -1.16 (VIOLATED)
       PIN :   ibex_top_inst/gen_regfile_ff.register_file_i/g_rf_flops[25].rf_reg_q_reg[5]/RD     2.00     3.16    -1.16 (VIOLATED)
       PIN :   ibex_top_inst/gen_regfile_ff.register_file_i/g_rf_flops[25].rf_reg_q_reg[4]/RD     2.00     3.16    -1.16 (VIOLATED)
       PIN :   ibex_top_inst/gen_regfile_ff.register_file_i/g_rf_flops[25].rf_reg_q_reg[3]/RD     2.00     3.16    -1.16 (VIOLATED)
       PIN :   ibex_top_inst/gen_regfile_ff.register_file_i/g_rf_flops[25].rf_reg_q_reg[2]/RD     2.00     3.16    -1.16 (VIOLATED)
       PIN :   ibex_top_inst/gen_regfile_ff.register_file_i/g_rf_flops[25].rf_reg_q_reg[1]/RD     2.00     3.16    -1.16 (VIOLATED)
       PIN :   ibex_top_inst/gen_regfile_ff.register_file_i/g_rf_flops[25].rf_reg_q_reg[0]/RD     2.00     3.16    -1.16 (VIOLATED)
       PIN :   ibex_top_inst/gen_regfile_ff.register_file_i/g_rf_flops[24].rf_reg_q_reg[31]/RD     2.00     3.16    -1.16 (VIOLATED)
       PIN :   ibex_top_inst/gen_regfile_ff.register_file_i/g_rf_flops[24].rf_reg_q_reg[30]/RD     2.00     3.16    -1.16 (VIOLATED)
       PIN :   ibex_top_inst/gen_regfile_ff.register_file_i/g_rf_flops[24].rf_reg_q_reg[29]/RD     2.00     3.16    -1.16 (VIOLATED)
       PIN :   ibex_top_inst/gen_regfile_ff.register_file_i/g_rf_flops[24].rf_reg_q_reg[28]/RD     2.00     3.16    -1.16 (VIOLATED)
       PIN :   ibex_top_inst/gen_regfile_ff.register_file_i/g_rf_flops[24].rf_reg_q_reg[27]/RD     2.00     3.16    -1.16 (VIOLATED)
       PIN :   ibex_top_inst/gen_regfile_ff.register_file_i/g_rf_flops[24].rf_reg_q_reg[26]/RD     2.00     3.16    -1.16 (VIOLATED)
       PIN :   ibex_top_inst/gen_regfile_ff.register_file_i/g_rf_flops[24].rf_reg_q_reg[25]/RD     2.00     3.16    -1.16 (VIOLATED)
       PIN :   ibex_top_inst/gen_regfile_ff.register_file_i/g_rf_flops[24].rf_reg_q_reg[24]/RD     2.00     3.16    -1.16 (VIOLATED)
       PIN :   ibex_top_inst/gen_regfile_ff.register_file_i/g_rf_flops[24].rf_reg_q_reg[23]/RD     2.00     3.16    -1.16 (VIOLATED)
       PIN :   ibex_top_inst/gen_regfile_ff.register_file_i/g_rf_flops[24].rf_reg_q_reg[22]/RD     2.00     3.16    -1.16 (VIOLATED)
       PIN :   ibex_top_inst/gen_regfile_ff.register_file_i/g_rf_flops[24].rf_reg_q_reg[21]/RD     2.00     3.16    -1.16 (VIOLATED)
       PIN :   ibex_top_inst/gen_regfile_ff.register_file_i/g_rf_flops[24].rf_reg_q_reg[20]/RD     2.00     3.16    -1.16 (VIOLATED)
       PIN :   ibex_top_inst/gen_regfile_ff.register_file_i/g_rf_flops[24].rf_reg_q_reg[19]/RD     2.00     3.16    -1.16 (VIOLATED)
       PIN :   ibex_top_inst/gen_regfile_ff.register_file_i/g_rf_flops[24].rf_reg_q_reg[18]/RD     2.00     3.16    -1.16 (VIOLATED)
       PIN :   ibex_top_inst/gen_regfile_ff.register_file_i/g_rf_flops[24].rf_reg_q_reg[17]/RD     2.00     3.16    -1.16 (VIOLATED)
       PIN :   ibex_top_inst/gen_regfile_ff.register_file_i/g_rf_flops[24].rf_reg_q_reg[16]/RD     2.00     3.16    -1.16 (VIOLATED)
       PIN :   ibex_top_inst/gen_regfile_ff.register_file_i/g_rf_flops[24].rf_reg_q_reg[15]/RD     2.00     3.16    -1.16 (VIOLATED)
       PIN :   ibex_top_inst/gen_regfile_ff.register_file_i/g_rf_flops[24].rf_reg_q_reg[14]/RD     2.00     3.16    -1.16 (VIOLATED)
       PIN :   ibex_top_inst/gen_regfile_ff.register_file_i/g_rf_flops[24].rf_reg_q_reg[13]/RD     2.00     3.16    -1.16 (VIOLATED)
       PIN :   ibex_top_inst/gen_regfile_ff.register_file_i/g_rf_flops[24].rf_reg_q_reg[12]/RD     2.00     3.16    -1.16 (VIOLATED)
       PIN :   ibex_top_inst/gen_regfile_ff.register_file_i/g_rf_flops[24].rf_reg_q_reg[11]/RD     2.00     3.16    -1.16 (VIOLATED)
       PIN :   ibex_top_inst/gen_regfile_ff.register_file_i/g_rf_flops[24].rf_reg_q_reg[10]/RD     2.00     3.16    -1.16 (VIOLATED)
       PIN :   ibex_top_inst/gen_regfile_ff.register_file_i/g_rf_flops[24].rf_reg_q_reg[9]/RD     2.00     3.16    -1.16 (VIOLATED)
       PIN :   ibex_top_inst/gen_regfile_ff.register_file_i/g_rf_flops[24].rf_reg_q_reg[8]/RD     2.00     3.16    -1.16 (VIOLATED)
       PIN :   ibex_top_inst/gen_regfile_ff.register_file_i/g_rf_flops[24].rf_reg_q_reg[7]/RD     2.00     3.16    -1.16 (VIOLATED)
       PIN :   ibex_top_inst/gen_regfile_ff.register_file_i/g_rf_flops[24].rf_reg_q_reg[6]/RD     2.00     3.16    -1.16 (VIOLATED)
       PIN :   ibex_top_inst/gen_regfile_ff.register_file_i/g_rf_flops[24].rf_reg_q_reg[5]/RD     2.00     3.16    -1.16 (VIOLATED)
       PIN :   ibex_top_inst/gen_regfile_ff.register_file_i/g_rf_flops[24].rf_reg_q_reg[4]/RD     2.00     3.16    -1.16 (VIOLATED)
       PIN :   ibex_top_inst/gen_regfile_ff.register_file_i/g_rf_flops[24].rf_reg_q_reg[3]/RD     2.00     3.16    -1.16 (VIOLATED)
       PIN :   ibex_top_inst/gen_regfile_ff.register_file_i/g_rf_flops[24].rf_reg_q_reg[2]/RD     2.00     3.16    -1.16 (VIOLATED)
       PIN :   ibex_top_inst/gen_regfile_ff.register_file_i/g_rf_flops[24].rf_reg_q_reg[1]/RD     2.00     3.16    -1.16 (VIOLATED)
       PIN :   ibex_top_inst/gen_regfile_ff.register_file_i/g_rf_flops[24].rf_reg_q_reg[0]/RD     2.00     3.16    -1.16 (VIOLATED)
       PIN :   ibex_top_inst/gen_regfile_ff.register_file_i/g_rf_flops[23].rf_reg_q_reg[31]/RD     2.00     3.16    -1.16 (VIOLATED)
       PIN :   ibex_top_inst/gen_regfile_ff.register_file_i/g_rf_flops[23].rf_reg_q_reg[30]/RD     2.00     3.16    -1.16 (VIOLATED)
       PIN :   ibex_top_inst/gen_regfile_ff.register_file_i/g_rf_flops[23].rf_reg_q_reg[29]/RD     2.00     3.16    -1.16 (VIOLATED)
       PIN :   ibex_top_inst/gen_regfile_ff.register_file_i/g_rf_flops[23].rf_reg_q_reg[28]/RD     2.00     3.16    -1.16 (VIOLATED)
       PIN :   ibex_top_inst/gen_regfile_ff.register_file_i/g_rf_flops[23].rf_reg_q_reg[27]/RD     2.00     3.16    -1.16 (VIOLATED)
       PIN :   ibex_top_inst/gen_regfile_ff.register_file_i/g_rf_flops[23].rf_reg_q_reg[26]/RD     2.00     3.16    -1.16 (VIOLATED)
       PIN :   ibex_top_inst/gen_regfile_ff.register_file_i/g_rf_flops[23].rf_reg_q_reg[25]/RD     2.00     3.16    -1.16 (VIOLATED)
       PIN :   ibex_top_inst/gen_regfile_ff.register_file_i/g_rf_flops[23].rf_reg_q_reg[24]/RD     2.00     3.16    -1.16 (VIOLATED)
       PIN :   ibex_top_inst/gen_regfile_ff.register_file_i/g_rf_flops[23].rf_reg_q_reg[23]/RD     2.00     3.16    -1.16 (VIOLATED)
       PIN :   ibex_top_inst/gen_regfile_ff.register_file_i/g_rf_flops[23].rf_reg_q_reg[22]/RD     2.00     3.16    -1.16 (VIOLATED)
       PIN :   ibex_top_inst/gen_regfile_ff.register_file_i/g_rf_flops[23].rf_reg_q_reg[21]/RD     2.00     3.16    -1.16 (VIOLATED)
       PIN :   ibex_top_inst/gen_regfile_ff.register_file_i/g_rf_flops[23].rf_reg_q_reg[20]/RD     2.00     3.16    -1.16 (VIOLATED)
       PIN :   ibex_top_inst/gen_regfile_ff.register_file_i/g_rf_flops[23].rf_reg_q_reg[19]/RD     2.00     3.16    -1.16 (VIOLATED)
       PIN :   ibex_top_inst/gen_regfile_ff.register_file_i/g_rf_flops[23].rf_reg_q_reg[18]/RD     2.00     3.16    -1.16 (VIOLATED)
       PIN :   ibex_top_inst/gen_regfile_ff.register_file_i/g_rf_flops[23].rf_reg_q_reg[17]/RD     2.00     3.16    -1.16 (VIOLATED)
       PIN :   ibex_top_inst/gen_regfile_ff.register_file_i/g_rf_flops[23].rf_reg_q_reg[16]/RD     2.00     3.16    -1.16 (VIOLATED)
       PIN :   ibex_top_inst/gen_regfile_ff.register_file_i/g_rf_flops[23].rf_reg_q_reg[15]/RD     2.00     3.16    -1.16 (VIOLATED)
       PIN :   ibex_top_inst/gen_regfile_ff.register_file_i/g_rf_flops[23].rf_reg_q_reg[14]/RD     2.00     3.16    -1.16 (VIOLATED)
       PIN :   ibex_top_inst/gen_regfile_ff.register_file_i/g_rf_flops[23].rf_reg_q_reg[13]/RD     2.00     3.16    -1.16 (VIOLATED)
       PIN :   ibex_top_inst/gen_regfile_ff.register_file_i/g_rf_flops[23].rf_reg_q_reg[12]/RD     2.00     3.16    -1.16 (VIOLATED)
       PIN :   ibex_top_inst/gen_regfile_ff.register_file_i/g_rf_flops[23].rf_reg_q_reg[11]/RD     2.00     3.16    -1.16 (VIOLATED)
       PIN :   ibex_top_inst/gen_regfile_ff.register_file_i/g_rf_flops[23].rf_reg_q_reg[10]/RD     2.00     3.16    -1.16 (VIOLATED)
       PIN :   ibex_top_inst/gen_regfile_ff.register_file_i/g_rf_flops[23].rf_reg_q_reg[9]/RD     2.00     3.16    -1.16 (VIOLATED)
       PIN :   ibex_top_inst/gen_regfile_ff.register_file_i/g_rf_flops[23].rf_reg_q_reg[8]/RD     2.00     3.16    -1.16 (VIOLATED)
       PIN :   ibex_top_inst/gen_regfile_ff.register_file_i/g_rf_flops[23].rf_reg_q_reg[7]/RD     2.00     3.16    -1.16 (VIOLATED)
       PIN :   ibex_top_inst/gen_regfile_ff.register_file_i/g_rf_flops[23].rf_reg_q_reg[6]/RD     2.00     3.16    -1.16 (VIOLATED)
       PIN :   ibex_top_inst/gen_regfile_ff.register_file_i/g_rf_flops[23].rf_reg_q_reg[5]/RD     2.00     3.16    -1.16 (VIOLATED)
       PIN :   ibex_top_inst/gen_regfile_ff.register_file_i/g_rf_flops[23].rf_reg_q_reg[4]/RD     2.00     3.16    -1.16 (VIOLATED)
       PIN :   ibex_top_inst/gen_regfile_ff.register_file_i/g_rf_flops[23].rf_reg_q_reg[3]/RD     2.00     3.16    -1.16 (VIOLATED)
       PIN :   ibex_top_inst/gen_regfile_ff.register_file_i/g_rf_flops[23].rf_reg_q_reg[2]/RD     2.00     3.16    -1.16 (VIOLATED)
       PIN :   ibex_top_inst/gen_regfile_ff.register_file_i/g_rf_flops[23].rf_reg_q_reg[1]/RD     2.00     3.16    -1.16 (VIOLATED)
       PIN :   ibex_top_inst/gen_regfile_ff.register_file_i/g_rf_flops[23].rf_reg_q_reg[0]/RD     2.00     3.16    -1.16 (VIOLATED)
       PIN :   ibex_top_inst/gen_regfile_ff.register_file_i/g_rf_flops[22].rf_reg_q_reg[31]/RD     2.00     3.16    -1.16 (VIOLATED)
       PIN :   ibex_top_inst/gen_regfile_ff.register_file_i/g_rf_flops[22].rf_reg_q_reg[30]/RD     2.00     3.16    -1.16 (VIOLATED)
       PIN :   ibex_top_inst/gen_regfile_ff.register_file_i/g_rf_flops[22].rf_reg_q_reg[29]/RD     2.00     3.16    -1.16 (VIOLATED)
       PIN :   ibex_top_inst/gen_regfile_ff.register_file_i/g_rf_flops[22].rf_reg_q_reg[28]/RD     2.00     3.16    -1.16 (VIOLATED)
       PIN :   ibex_top_inst/gen_regfile_ff.register_file_i/g_rf_flops[22].rf_reg_q_reg[27]/RD     2.00     3.16    -1.16 (VIOLATED)
       PIN :   ibex_top_inst/gen_regfile_ff.register_file_i/g_rf_flops[22].rf_reg_q_reg[26]/RD     2.00     3.16    -1.16 (VIOLATED)
       PIN :   ibex_top_inst/gen_regfile_ff.register_file_i/g_rf_flops[22].rf_reg_q_reg[25]/RD     2.00     3.16    -1.16 (VIOLATED)
       PIN :   ibex_top_inst/gen_regfile_ff.register_file_i/g_rf_flops[22].rf_reg_q_reg[24]/RD     2.00     3.16    -1.16 (VIOLATED)
       PIN :   ibex_top_inst/gen_regfile_ff.register_file_i/g_rf_flops[22].rf_reg_q_reg[23]/RD     2.00     3.16    -1.16 (VIOLATED)
       PIN :   ibex_top_inst/gen_regfile_ff.register_file_i/g_rf_flops[22].rf_reg_q_reg[22]/RD     2.00     3.16    -1.16 (VIOLATED)
       PIN :   ibex_top_inst/gen_regfile_ff.register_file_i/g_rf_flops[22].rf_reg_q_reg[21]/RD     2.00     3.16    -1.16 (VIOLATED)
       PIN :   ibex_top_inst/gen_regfile_ff.register_file_i/g_rf_flops[22].rf_reg_q_reg[20]/RD     2.00     3.16    -1.16 (VIOLATED)
       PIN :   ibex_top_inst/gen_regfile_ff.register_file_i/g_rf_flops[22].rf_reg_q_reg[19]/RD     2.00     3.16    -1.16 (VIOLATED)
       PIN :   ibex_top_inst/gen_regfile_ff.register_file_i/g_rf_flops[22].rf_reg_q_reg[18]/RD     2.00     3.16    -1.16 (VIOLATED)
       PIN :   ibex_top_inst/gen_regfile_ff.register_file_i/g_rf_flops[22].rf_reg_q_reg[17]/RD     2.00     3.16    -1.16 (VIOLATED)
       PIN :   ibex_top_inst/gen_regfile_ff.register_file_i/g_rf_flops[22].rf_reg_q_reg[16]/RD     2.00     3.16    -1.16 (VIOLATED)
       PIN :   ibex_top_inst/gen_regfile_ff.register_file_i/g_rf_flops[22].rf_reg_q_reg[15]/RD     2.00     3.16    -1.16 (VIOLATED)
       PIN :   ibex_top_inst/gen_regfile_ff.register_file_i/g_rf_flops[22].rf_reg_q_reg[14]/RD     2.00     3.16    -1.16 (VIOLATED)
       PIN :   ibex_top_inst/gen_regfile_ff.register_file_i/g_rf_flops[22].rf_reg_q_reg[13]/RD     2.00     3.16    -1.16 (VIOLATED)
       PIN :   ibex_top_inst/gen_regfile_ff.register_file_i/g_rf_flops[22].rf_reg_q_reg[12]/RD     2.00     3.16    -1.16 (VIOLATED)
       PIN :   ibex_top_inst/gen_regfile_ff.register_file_i/g_rf_flops[2].rf_reg_q_reg[11]/RD     2.00     3.16    -1.16 (VIOLATED)
       PIN :   ibex_top_inst/gen_regfile_ff.register_file_i/g_rf_flops[2].rf_reg_q_reg[10]/RD     2.00     3.16    -1.16 (VIOLATED)
       PIN :   ibex_top_inst/gen_regfile_ff.register_file_i/g_rf_flops[2].rf_reg_q_reg[9]/RD     2.00     3.16    -1.16 (VIOLATED)
       PIN :   ibex_top_inst/gen_regfile_ff.register_file_i/g_rf_flops[2].rf_reg_q_reg[8]/RD     2.00     3.16    -1.16 (VIOLATED)
       PIN :   ibex_top_inst/gen_regfile_ff.register_file_i/g_rf_flops[2].rf_reg_q_reg[7]/RD     2.00     3.16    -1.16 (VIOLATED)
       PIN :   ibex_top_inst/gen_regfile_ff.register_file_i/g_rf_flops[2].rf_reg_q_reg[6]/RD     2.00     3.16    -1.16 (VIOLATED)
       PIN :   ibex_top_inst/gen_regfile_ff.register_file_i/g_rf_flops[2].rf_reg_q_reg[5]/RD     2.00     3.16    -1.16 (VIOLATED)
       PIN :   ibex_top_inst/gen_regfile_ff.register_file_i/g_rf_flops[2].rf_reg_q_reg[4]/RD     2.00     3.16    -1.16 (VIOLATED)
       PIN :   ibex_top_inst/gen_regfile_ff.register_file_i/g_rf_flops[2].rf_reg_q_reg[3]/RD     2.00     3.16    -1.16 (VIOLATED)
       PIN :   ibex_top_inst/gen_regfile_ff.register_file_i/g_rf_flops[2].rf_reg_q_reg[2]/RD     2.00     3.16    -1.16 (VIOLATED)
       PIN :   ibex_top_inst/gen_regfile_ff.register_file_i/g_rf_flops[2].rf_reg_q_reg[1]/RD     2.00     3.16    -1.16 (VIOLATED)
       PIN :   ibex_top_inst/gen_regfile_ff.register_file_i/g_rf_flops[2].rf_reg_q_reg[0]/RD     2.00     3.16    -1.16 (VIOLATED)
       PIN :   ibex_top_inst/gen_regfile_ff.register_file_i/g_rf_flops[6].rf_reg_q_reg[11]/RD     2.00     3.16    -1.16 (VIOLATED)
       PIN :   ibex_top_inst/gen_regfile_ff.register_file_i/g_rf_flops[6].rf_reg_q_reg[10]/RD     2.00     3.16    -1.16 (VIOLATED)
       PIN :   ibex_top_inst/gen_regfile_ff.register_file_i/g_rf_flops[6].rf_reg_q_reg[9]/RD     2.00     3.16    -1.16 (VIOLATED)
       PIN :   ibex_top_inst/gen_regfile_ff.register_file_i/g_rf_flops[6].rf_reg_q_reg[8]/RD     2.00     3.16    -1.16 (VIOLATED)
       PIN :   ibex_top_inst/gen_regfile_ff.register_file_i/g_rf_flops[6].rf_reg_q_reg[7]/RD     2.00     3.16    -1.16 (VIOLATED)
       PIN :   ibex_top_inst/gen_regfile_ff.register_file_i/g_rf_flops[6].rf_reg_q_reg[6]/RD     2.00     3.16    -1.16 (VIOLATED)
       PIN :   ibex_top_inst/gen_regfile_ff.register_file_i/g_rf_flops[6].rf_reg_q_reg[5]/RD     2.00     3.16    -1.16 (VIOLATED)
       PIN :   ibex_top_inst/gen_regfile_ff.register_file_i/g_rf_flops[6].rf_reg_q_reg[4]/RD     2.00     3.16    -1.16 (VIOLATED)
       PIN :   ibex_top_inst/gen_regfile_ff.register_file_i/g_rf_flops[6].rf_reg_q_reg[3]/RD     2.00     3.16    -1.16 (VIOLATED)
       PIN :   ibex_top_inst/gen_regfile_ff.register_file_i/g_rf_flops[6].rf_reg_q_reg[2]/RD     2.00     3.16    -1.16 (VIOLATED)
       PIN :   ibex_top_inst/gen_regfile_ff.register_file_i/g_rf_flops[6].rf_reg_q_reg[1]/RD     2.00     3.16    -1.16 (VIOLATED)
       PIN :   ibex_top_inst/gen_regfile_ff.register_file_i/g_rf_flops[6].rf_reg_q_reg[0]/RD     2.00     3.16    -1.16 (VIOLATED)
       PIN :   ibex_top_inst/gen_regfile_ff.register_file_i/g_rf_flops[12].rf_reg_q_reg[11]/RD     2.00     3.16    -1.16 (VIOLATED)
       PIN :   ibex_top_inst/gen_regfile_ff.register_file_i/g_rf_flops[12].rf_reg_q_reg[10]/RD     2.00     3.16    -1.16 (VIOLATED)
       PIN :   ibex_top_inst/gen_regfile_ff.register_file_i/g_rf_flops[12].rf_reg_q_reg[9]/RD     2.00     3.16    -1.16 (VIOLATED)
       PIN :   ibex_top_inst/gen_regfile_ff.register_file_i/g_rf_flops[12].rf_reg_q_reg[8]/RD     2.00     3.16    -1.16 (VIOLATED)
       PIN :   ibex_top_inst/gen_regfile_ff.register_file_i/g_rf_flops[12].rf_reg_q_reg[7]/RD     2.00     3.16    -1.16 (VIOLATED)
       PIN :   ibex_top_inst/gen_regfile_ff.register_file_i/g_rf_flops[12].rf_reg_q_reg[6]/RD     2.00     3.16    -1.16 (VIOLATED)
       PIN :   ibex_top_inst/gen_regfile_ff.register_file_i/g_rf_flops[12].rf_reg_q_reg[5]/RD     2.00     3.16    -1.16 (VIOLATED)
       PIN :   ibex_top_inst/gen_regfile_ff.register_file_i/g_rf_flops[12].rf_reg_q_reg[4]/RD     2.00     3.16    -1.16 (VIOLATED)
       PIN :   ibex_top_inst/gen_regfile_ff.register_file_i/g_rf_flops[12].rf_reg_q_reg[3]/RD     2.00     3.16    -1.16 (VIOLATED)
       PIN :   ibex_top_inst/gen_regfile_ff.register_file_i/g_rf_flops[12].rf_reg_q_reg[2]/RD     2.00     3.16    -1.16 (VIOLATED)
       PIN :   ibex_top_inst/gen_regfile_ff.register_file_i/g_rf_flops[12].rf_reg_q_reg[1]/RD     2.00     3.16    -1.16 (VIOLATED)
       PIN :   ibex_top_inst/gen_regfile_ff.register_file_i/g_rf_flops[12].rf_reg_q_reg[0]/RD     2.00     3.16    -1.16 (VIOLATED)
       PIN :   ibex_top_inst/gen_regfile_ff.register_file_i/g_rf_flops[17].rf_reg_q_reg[11]/RD     2.00     3.16    -1.16 (VIOLATED)
       PIN :   ibex_top_inst/gen_regfile_ff.register_file_i/g_rf_flops[17].rf_reg_q_reg[10]/RD     2.00     3.16    -1.16 (VIOLATED)
       PIN :   ibex_top_inst/gen_regfile_ff.register_file_i/g_rf_flops[17].rf_reg_q_reg[9]/RD     2.00     3.16    -1.16 (VIOLATED)
       PIN :   ibex_top_inst/gen_regfile_ff.register_file_i/g_rf_flops[17].rf_reg_q_reg[8]/RD     2.00     3.16    -1.16 (VIOLATED)
       PIN :   ibex_top_inst/gen_regfile_ff.register_file_i/g_rf_flops[17].rf_reg_q_reg[7]/RD     2.00     3.16    -1.16 (VIOLATED)
       PIN :   ibex_top_inst/gen_regfile_ff.register_file_i/g_rf_flops[17].rf_reg_q_reg[6]/RD     2.00     3.16    -1.16 (VIOLATED)
       PIN :   ibex_top_inst/gen_regfile_ff.register_file_i/g_rf_flops[17].rf_reg_q_reg[5]/RD     2.00     3.16    -1.16 (VIOLATED)
       PIN :   ibex_top_inst/gen_regfile_ff.register_file_i/g_rf_flops[17].rf_reg_q_reg[4]/RD     2.00     3.16    -1.16 (VIOLATED)
       PIN :   ibex_top_inst/gen_regfile_ff.register_file_i/g_rf_flops[17].rf_reg_q_reg[3]/RD     2.00     3.16    -1.16 (VIOLATED)
       PIN :   ibex_top_inst/gen_regfile_ff.register_file_i/g_rf_flops[17].rf_reg_q_reg[2]/RD     2.00     3.16    -1.16 (VIOLATED)
       PIN :   ibex_top_inst/gen_regfile_ff.register_file_i/g_rf_flops[17].rf_reg_q_reg[1]/RD     2.00     3.16    -1.16 (VIOLATED)
       PIN :   ibex_top_inst/gen_regfile_ff.register_file_i/g_rf_flops[17].rf_reg_q_reg[0]/RD     2.00     3.16    -1.16 (VIOLATED)
       PIN :   ibex_top_inst/gen_regfile_ff.register_file_i/g_rf_flops[22].rf_reg_q_reg[11]/RD     2.00     3.16    -1.16 (VIOLATED)
       PIN :   ibex_top_inst/gen_regfile_ff.register_file_i/g_rf_flops[22].rf_reg_q_reg[10]/RD     2.00     3.16    -1.16 (VIOLATED)
       PIN :   ibex_top_inst/gen_regfile_ff.register_file_i/g_rf_flops[22].rf_reg_q_reg[9]/RD     2.00     3.16    -1.16 (VIOLATED)
       PIN :   ibex_top_inst/gen_regfile_ff.register_file_i/g_rf_flops[22].rf_reg_q_reg[8]/RD     2.00     3.16    -1.16 (VIOLATED)
       PIN :   ibex_top_inst/gen_regfile_ff.register_file_i/g_rf_flops[22].rf_reg_q_reg[7]/RD     2.00     3.16    -1.16 (VIOLATED)
       PIN :   ibex_top_inst/gen_regfile_ff.register_file_i/g_rf_flops[22].rf_reg_q_reg[6]/RD     2.00     3.16    -1.16 (VIOLATED)
       PIN :   ibex_top_inst/gen_regfile_ff.register_file_i/g_rf_flops[22].rf_reg_q_reg[5]/RD     2.00     3.16    -1.16 (VIOLATED)
       PIN :   ibex_top_inst/gen_regfile_ff.register_file_i/g_rf_flops[22].rf_reg_q_reg[4]/RD     2.00     3.16    -1.16 (VIOLATED)
       PIN :   ibex_top_inst/gen_regfile_ff.register_file_i/g_rf_flops[22].rf_reg_q_reg[3]/RD     2.00     3.16    -1.16 (VIOLATED)
       PIN :   ibex_top_inst/gen_regfile_ff.register_file_i/g_rf_flops[22].rf_reg_q_reg[2]/RD     2.00     3.16    -1.16 (VIOLATED)
       PIN :   ibex_top_inst/gen_regfile_ff.register_file_i/g_rf_flops[22].rf_reg_q_reg[1]/RD     2.00     3.16    -1.16 (VIOLATED)
       PIN :   ibex_top_inst/gen_regfile_ff.register_file_i/g_rf_flops[22].rf_reg_q_reg[0]/RD     2.00     3.16    -1.16 (VIOLATED)
       PIN :   ibex_top_inst/gen_regfile_ff.register_file_i/g_rf_flops[1].rf_reg_q_reg[8]/RD     2.00     3.16    -1.16 (VIOLATED)
       PIN :   ibex_top_inst/gen_regfile_ff.register_file_i/g_rf_flops[1].rf_reg_q_reg[21]/RD     2.00     3.16    -1.16 (VIOLATED)
       PIN :   ibex_top_inst/gen_regfile_ff.register_file_i/g_rf_flops[1].rf_reg_q_reg[19]/RD     2.00     3.16    -1.16 (VIOLATED)
       PIN :   ibex_top_inst/gen_regfile_ff.register_file_i/g_rf_flops[16].rf_reg_q_reg[31]/RD     2.00     3.16    -1.16 (VIOLATED)
       PIN :   ibex_top_inst/gen_regfile_ff.register_file_i/g_rf_flops[16].rf_reg_q_reg[30]/RD     2.00     3.16    -1.16 (VIOLATED)
       PIN :   ibex_top_inst/gen_regfile_ff.register_file_i/g_rf_flops[16].rf_reg_q_reg[29]/RD     2.00     3.16    -1.16 (VIOLATED)
       PIN :   ibex_top_inst/gen_regfile_ff.register_file_i/g_rf_flops[16].rf_reg_q_reg[28]/RD     2.00     3.16    -1.16 (VIOLATED)
       PIN :   ibex_top_inst/gen_regfile_ff.register_file_i/g_rf_flops[16].rf_reg_q_reg[27]/RD     2.00     3.16    -1.16 (VIOLATED)
       PIN :   ibex_top_inst/gen_regfile_ff.register_file_i/g_rf_flops[16].rf_reg_q_reg[26]/RD     2.00     3.16    -1.16 (VIOLATED)
       PIN :   ibex_top_inst/gen_regfile_ff.register_file_i/g_rf_flops[16].rf_reg_q_reg[25]/RD     2.00     3.16    -1.16 (VIOLATED)
       PIN :   ibex_top_inst/gen_regfile_ff.register_file_i/g_rf_flops[16].rf_reg_q_reg[24]/RD     2.00     3.16    -1.16 (VIOLATED)
       PIN :   ibex_top_inst/gen_regfile_ff.register_file_i/g_rf_flops[3].rf_reg_q_reg[11]/RD     2.00     3.16    -1.16 (VIOLATED)
       PIN :   ibex_top_inst/gen_regfile_ff.register_file_i/g_rf_flops[3].rf_reg_q_reg[10]/RD     2.00     3.16    -1.16 (VIOLATED)
       PIN :   ibex_top_inst/gen_regfile_ff.register_file_i/g_rf_flops[3].rf_reg_q_reg[9]/RD     2.00     3.16    -1.16 (VIOLATED)
       PIN :   ibex_top_inst/gen_regfile_ff.register_file_i/g_rf_flops[3].rf_reg_q_reg[8]/RD     2.00     3.16    -1.16 (VIOLATED)
       PIN :   ibex_top_inst/gen_regfile_ff.register_file_i/g_rf_flops[3].rf_reg_q_reg[7]/RD     2.00     3.16    -1.16 (VIOLATED)
       PIN :   ibex_top_inst/gen_regfile_ff.register_file_i/g_rf_flops[3].rf_reg_q_reg[6]/RD     2.00     3.16    -1.16 (VIOLATED)
       PIN :   ibex_top_inst/gen_regfile_ff.register_file_i/g_rf_flops[3].rf_reg_q_reg[5]/RD     2.00     3.16    -1.16 (VIOLATED)
       PIN :   ibex_top_inst/gen_regfile_ff.register_file_i/g_rf_flops[3].rf_reg_q_reg[4]/RD     2.00     3.16    -1.16 (VIOLATED)
       PIN :   ibex_top_inst/gen_regfile_ff.register_file_i/g_rf_flops[3].rf_reg_q_reg[3]/RD     2.00     3.16    -1.16 (VIOLATED)
       PIN :   ibex_top_inst/gen_regfile_ff.register_file_i/g_rf_flops[3].rf_reg_q_reg[2]/RD     2.00     3.16    -1.16 (VIOLATED)
       PIN :   ibex_top_inst/gen_regfile_ff.register_file_i/g_rf_flops[11].rf_reg_q_reg[31]/RD     2.00     3.16    -1.16 (VIOLATED)
       PIN :   ibex_top_inst/gen_regfile_ff.register_file_i/g_rf_flops[11].rf_reg_q_reg[30]/RD     2.00     3.16    -1.16 (VIOLATED)
       PIN :   ibex_top_inst/gen_regfile_ff.register_file_i/g_rf_flops[11].rf_reg_q_reg[29]/RD     2.00     3.16    -1.16 (VIOLATED)
       PIN :   ibex_top_inst/gen_regfile_ff.register_file_i/g_rf_flops[11].rf_reg_q_reg[28]/RD     2.00     3.16    -1.16 (VIOLATED)
       PIN :   ibex_top_inst/gen_regfile_ff.register_file_i/g_rf_flops[11].rf_reg_q_reg[27]/RD     2.00     3.16    -1.16 (VIOLATED)
       PIN :   ibex_top_inst/gen_regfile_ff.register_file_i/g_rf_flops[11].rf_reg_q_reg[26]/RD     2.00     3.16    -1.16 (VIOLATED)
       PIN :   ibex_top_inst/gen_regfile_ff.register_file_i/g_rf_flops[11].rf_reg_q_reg[25]/RD     2.00     3.16    -1.16 (VIOLATED)
       PIN :   ibex_top_inst/gen_regfile_ff.register_file_i/g_rf_flops[11].rf_reg_q_reg[24]/RD     2.00     3.16    -1.16 (VIOLATED)
       PIN :   ibex_top_inst/gen_regfile_ff.register_file_i/g_rf_flops[11].rf_reg_q_reg[23]/RD     2.00     3.16    -1.16 (VIOLATED)
       PIN :   ibex_top_inst/gen_regfile_ff.register_file_i/g_rf_flops[11].rf_reg_q_reg[22]/RD     2.00     3.16    -1.16 (VIOLATED)
       PIN :   ibex_top_inst/gen_regfile_ff.register_file_i/g_rf_flops[11].rf_reg_q_reg[11]/RD     2.00     3.16    -1.16 (VIOLATED)
       PIN :   ibex_top_inst/gen_regfile_ff.register_file_i/g_rf_flops[11].rf_reg_q_reg[10]/RD     2.00     3.16    -1.16 (VIOLATED)
       PIN :   ibex_top_inst/gen_regfile_ff.register_file_i/g_rf_flops[11].rf_reg_q_reg[9]/RD     2.00     3.16    -1.16 (VIOLATED)
       PIN :   ibex_top_inst/gen_regfile_ff.register_file_i/g_rf_flops[3].rf_reg_q_reg[1]/RD     2.00     3.16    -1.16 (VIOLATED)
       PIN :   ibex_top_inst/gen_regfile_ff.register_file_i/g_rf_flops[3].rf_reg_q_reg[0]/RD     2.00     3.16    -1.16 (VIOLATED)
       PIN :   ibex_top_inst/gen_regfile_ff.register_file_i/g_rf_flops[2].rf_reg_q_reg[31]/RD     2.00     3.16    -1.16 (VIOLATED)
       PIN :   ibex_top_inst/gen_regfile_ff.register_file_i/g_rf_flops[2].rf_reg_q_reg[30]/RD     2.00     3.16    -1.16 (VIOLATED)
       PIN :   ibex_top_inst/gen_regfile_ff.register_file_i/g_rf_flops[2].rf_reg_q_reg[29]/RD     2.00     3.16    -1.16 (VIOLATED)
       PIN :   ibex_top_inst/gen_regfile_ff.register_file_i/g_rf_flops[2].rf_reg_q_reg[28]/RD     2.00     3.16    -1.16 (VIOLATED)
       PIN :   ibex_top_inst/gen_regfile_ff.register_file_i/g_rf_flops[2].rf_reg_q_reg[27]/RD     2.00     3.16    -1.16 (VIOLATED)
       PIN :   ibex_top_inst/gen_regfile_ff.register_file_i/g_rf_flops[21].rf_reg_q_reg[31]/RD     2.00     3.16    -1.16 (VIOLATED)
       PIN :   ibex_top_inst/gen_regfile_ff.register_file_i/g_rf_flops[21].rf_reg_q_reg[30]/RD     2.00     3.16    -1.16 (VIOLATED)
       PIN :   ibex_top_inst/gen_regfile_ff.register_file_i/g_rf_flops[21].rf_reg_q_reg[29]/RD     2.00     3.16    -1.16 (VIOLATED)
       PIN :   ibex_top_inst/gen_regfile_ff.register_file_i/g_rf_flops[21].rf_reg_q_reg[28]/RD     2.00     3.16    -1.16 (VIOLATED)
       PIN :   ibex_top_inst/gen_regfile_ff.register_file_i/g_rf_flops[21].rf_reg_q_reg[27]/RD     2.00     3.16    -1.16 (VIOLATED)
       PIN :   ibex_top_inst/gen_regfile_ff.register_file_i/g_rf_flops[21].rf_reg_q_reg[26]/RD     2.00     3.16    -1.16 (VIOLATED)
       PIN :   ibex_top_inst/gen_regfile_ff.register_file_i/g_rf_flops[21].rf_reg_q_reg[25]/RD     2.00     3.16    -1.16 (VIOLATED)
       PIN :   ibex_top_inst/gen_regfile_ff.register_file_i/g_rf_flops[21].rf_reg_q_reg[24]/RD     2.00     3.16    -1.16 (VIOLATED)
       PIN :   ibex_top_inst/gen_regfile_ff.register_file_i/g_rf_flops[21].rf_reg_q_reg[23]/RD     2.00     3.16    -1.16 (VIOLATED)
       PIN :   ibex_top_inst/gen_regfile_ff.register_file_i/g_rf_flops[21].rf_reg_q_reg[22]/RD     2.00     3.16    -1.16 (VIOLATED)
       PIN :   ibex_top_inst/gen_regfile_ff.register_file_i/g_rf_flops[21].rf_reg_q_reg[21]/RD     2.00     3.16    -1.16 (VIOLATED)
       PIN :   ibex_top_inst/gen_regfile_ff.register_file_i/g_rf_flops[21].rf_reg_q_reg[20]/RD     2.00     3.16    -1.16 (VIOLATED)
       PIN :   ibex_top_inst/gen_regfile_ff.register_file_i/g_rf_flops[1].rf_reg_q_reg[28]/RD     2.00     3.16    -1.16 (VIOLATED)
       PIN :   ibex_top_inst/gen_regfile_ff.register_file_i/g_rf_flops[1].rf_reg_q_reg[16]/RD     2.00     3.16    -1.16 (VIOLATED)
       PIN :   ibex_top_inst/gen_regfile_ff.register_file_i/g_rf_flops[11].rf_reg_q_reg[21]/RD     2.00     3.16    -1.16 (VIOLATED)
       PIN :   ibex_top_inst/gen_regfile_ff.register_file_i/g_rf_flops[1].rf_reg_q_reg[23]/RD     2.00     3.16    -1.16 (VIOLATED)
       PIN :   ibex_top_inst/gen_regfile_ff.register_file_i/g_rf_flops[1].rf_reg_q_reg[2]/RD     2.00     3.16    -1.16 (VIOLATED)
       PIN :   ibex_top_inst/gen_regfile_ff.register_file_i/g_rf_flops[1].rf_reg_q_reg[11]/RD     2.00     3.16    -1.16 (VIOLATED)
       PIN :   ibex_top_inst/gen_regfile_ff.register_file_i/g_rf_flops[1].rf_reg_q_reg[10]/RD     2.00     3.16    -1.16 (VIOLATED)
       PIN :   ibex_top_inst/gen_regfile_ff.register_file_i/g_rf_flops[1].rf_reg_q_reg[7]/RD     2.00     3.16    -1.16 (VIOLATED)
       PIN :   ibex_top_inst/gen_regfile_ff.register_file_i/g_rf_flops[1].rf_reg_q_reg[1]/RD     2.00     3.16    -1.16 (VIOLATED)
       PIN :   ibex_top_inst/gen_regfile_ff.register_file_i/g_rf_flops[1].rf_reg_q_reg[30]/RD     2.00     3.16    -1.16 (VIOLATED)
       PIN :   ibex_top_inst/gen_regfile_ff.register_file_i/g_rf_flops[1].rf_reg_q_reg[13]/RD     2.00     3.16    -1.16 (VIOLATED)
       PIN :   ibex_top_inst/gen_regfile_ff.register_file_i/g_rf_flops[1].rf_reg_q_reg[0]/RD     2.00     3.16    -1.16 (VIOLATED)
       PIN :   ibex_top_inst/gen_regfile_ff.register_file_i/g_rf_flops[1].rf_reg_q_reg[29]/RD     2.00     3.16    -1.16 (VIOLATED)
       PIN :   ibex_top_inst/gen_regfile_ff.register_file_i/g_rf_flops[1].rf_reg_q_reg[24]/RD     2.00     3.16    -1.16 (VIOLATED)
       PIN :   ibex_top_inst/gen_regfile_ff.register_file_i/g_rf_flops[1].rf_reg_q_reg[22]/RD     2.00     3.16    -1.16 (VIOLATED)
       PIN :   ibex_top_inst/gen_regfile_ff.register_file_i/g_rf_flops[1].rf_reg_q_reg[18]/RD     2.00     3.16    -1.16 (VIOLATED)
       PIN :   ibex_top_inst/gen_regfile_ff.register_file_i/g_rf_flops[11].rf_reg_q_reg[8]/RD     2.00     3.16    -1.16 (VIOLATED)
       PIN :   ibex_top_inst/gen_regfile_ff.register_file_i/g_rf_flops[1].rf_reg_q_reg[6]/RD     2.00     3.16    -1.16 (VIOLATED)
       PIN :   ibex_top_inst/gen_regfile_ff.register_file_i/g_rf_flops[1].rf_reg_q_reg[9]/RD     2.00     3.16    -1.16 (VIOLATED)
       PIN :   ibex_top_inst/gen_regfile_ff.register_file_i/g_rf_flops[1].rf_reg_q_reg[25]/RD     2.00     3.16    -1.16 (VIOLATED)
       PIN :   ibex_top_inst/gen_regfile_ff.register_file_i/g_rf_flops[1].rf_reg_q_reg[26]/RD     2.00     3.16    -1.16 (VIOLATED)
       PIN :   ibex_top_inst/gen_regfile_ff.register_file_i/g_rf_flops[1].rf_reg_q_reg[31]/RD     2.00     3.16    -1.16 (VIOLATED)
       PIN :   ibex_top_inst/gen_regfile_ff.register_file_i/g_rf_flops[1].rf_reg_q_reg[5]/RD     2.00     3.16    -1.16 (VIOLATED)
       PIN :   ibex_top_inst/gen_regfile_ff.register_file_i/g_rf_flops[1].rf_reg_q_reg[4]/RD     2.00     3.16    -1.16 (VIOLATED)
       PIN :   ibex_top_inst/gen_regfile_ff.register_file_i/g_rf_flops[1].rf_reg_q_reg[3]/RD     2.00     3.16    -1.16 (VIOLATED)
       PIN :   ibex_top_inst/gen_regfile_ff.register_file_i/g_rf_flops[1].rf_reg_q_reg[15]/RD     2.00     3.16    -1.16 (VIOLATED)
       PIN :   ibex_top_inst/gen_regfile_ff.register_file_i/g_rf_flops[1].rf_reg_q_reg[14]/RD     2.00     3.16    -1.16 (VIOLATED)
       PIN :   ibex_top_inst/gen_regfile_ff.register_file_i/g_rf_flops[21].rf_reg_q_reg[19]/RD     2.00     3.16    -1.16 (VIOLATED)
       PIN :   ibex_top_inst/gen_regfile_ff.register_file_i/g_rf_flops[1].rf_reg_q_reg[17]/RD     2.00     3.16    -1.16 (VIOLATED)
       PIN :   ibex_top_inst/gen_regfile_ff.register_file_i/g_rf_flops[5].rf_reg_q_reg[31]/RD     2.00     3.16    -1.16 (VIOLATED)
       PIN :   ibex_top_inst/gen_regfile_ff.register_file_i/g_rf_flops[1].rf_reg_q_reg[20]/RD     2.00     3.16    -1.16 (VIOLATED)

   -----------------------------------------------------------------
   Total                      1                  -1.16  

   max_fanout

                             Required        Actual
   Net                        Fanout         Fanout          Slack
   -----------------------------------------------------------------
   rst_ni (dont_touch)         10.00        1652.00       -1642.00  (VIOLATED)

   -----------------------------------------------------------------
   Total                      1               -1642.00  

   max_capacitance

                             Required        Actual
   Net                      Capacitance    Capacitance       Slack
   -----------------------------------------------------------------
   rst_ni (dont_touch)         47.76        1062.08       -1014.32  (VIOLATED)

   -----------------------------------------------------------------
   Total                      1               -1014.32  

   min_capacitance

                             Required        Actual
   Net                      Capacitance    Capacitance       Slack
   -----------------------------------------------------------------
   scan_out_2                   0.15           0.01          -0.14  (VIOLATED)
   scan_out_3                   0.15           0.01          -0.14  (VIOLATED)

   -----------------------------------------------------------------
   Total                      2                  -0.28  

   max_leakage_power

                             Required        Actual
   Design                   Leakage Power  Leakage Power     Slack
   -----------------------------------------------------------------
   ibex_wrapper                 0.00       258444.36      -258444.36 (VIOLATED)


1
