**************************************************
Report         : passing_points

Reference      : r:/WORK/ibex_top
Implementation : Imp:/WORK/ibex_top
Version        : L-2016.03-SP1
Date           : Sun Apr 27 23:32:20 2025
**************************************************

2289 Passing compare points:

  Ref  DFF        r:/WORK/ibex_top/core_busy_q_reg[0]
  Impl DFF        Imp:/WORK/ibex_top/core_busy_q_reg[0]

  Ref  LAT        r:/WORK/ibex_top/core_clock_gate_i/gen_generic.u_impl_generic/en_latch_reg
  Impl LAT        Imp:/WORK/ibex_top/core_clock_gate_i/gen_generic.u_impl_generic/en_latch_reg

  Ref  LAT        r:/WORK/ibex_top/gen_regfile_latch.register_file_i/cg_we_global/gen_generic.u_impl_generic/en_latch_reg
  Impl LAT        Imp:/WORK/ibex_top/gen_regfile_latch.register_file_i/cg_we_global/gen_generic.u_impl_generic/en_latch_reg

  Ref  LAT        r:/WORK/ibex_top/gen_regfile_latch.register_file_i/gen_cg_word_iter[10].cg_i/gen_generic.u_impl_generic/en_latch_reg
  Impl LAT        Imp:/WORK/ibex_top/gen_regfile_latch.register_file_i/gen_cg_word_iter[10].cg_i/gen_generic.u_impl_generic/en_latch_reg

  Ref  LAT        r:/WORK/ibex_top/gen_regfile_latch.register_file_i/gen_cg_word_iter[11].cg_i/gen_generic.u_impl_generic/en_latch_reg
  Impl LAT        Imp:/WORK/ibex_top/gen_regfile_latch.register_file_i/gen_cg_word_iter[11].cg_i/gen_generic.u_impl_generic/en_latch_reg

  Ref  LAT        r:/WORK/ibex_top/gen_regfile_latch.register_file_i/gen_cg_word_iter[12].cg_i/gen_generic.u_impl_generic/en_latch_reg
  Impl LAT        Imp:/WORK/ibex_top/gen_regfile_latch.register_file_i/gen_cg_word_iter[12].cg_i/gen_generic.u_impl_generic/en_latch_reg

  Ref  LAT        r:/WORK/ibex_top/gen_regfile_latch.register_file_i/gen_cg_word_iter[13].cg_i/gen_generic.u_impl_generic/en_latch_reg
  Impl LAT        Imp:/WORK/ibex_top/gen_regfile_latch.register_file_i/gen_cg_word_iter[13].cg_i/gen_generic.u_impl_generic/en_latch_reg

  Ref  LAT        r:/WORK/ibex_top/gen_regfile_latch.register_file_i/gen_cg_word_iter[14].cg_i/gen_generic.u_impl_generic/en_latch_reg
  Impl LAT        Imp:/WORK/ibex_top/gen_regfile_latch.register_file_i/gen_cg_word_iter[14].cg_i/gen_generic.u_impl_generic/en_latch_reg

  Ref  LAT        r:/WORK/ibex_top/gen_regfile_latch.register_file_i/gen_cg_word_iter[15].cg_i/gen_generic.u_impl_generic/en_latch_reg
  Impl LAT        Imp:/WORK/ibex_top/gen_regfile_latch.register_file_i/gen_cg_word_iter[15].cg_i/gen_generic.u_impl_generic/en_latch_reg

  Ref  LAT        r:/WORK/ibex_top/gen_regfile_latch.register_file_i/gen_cg_word_iter[16].cg_i/gen_generic.u_impl_generic/en_latch_reg
  Impl LAT        Imp:/WORK/ibex_top/gen_regfile_latch.register_file_i/gen_cg_word_iter[16].cg_i/gen_generic.u_impl_generic/en_latch_reg

  Ref  LAT        r:/WORK/ibex_top/gen_regfile_latch.register_file_i/gen_cg_word_iter[17].cg_i/gen_generic.u_impl_generic/en_latch_reg
  Impl LAT        Imp:/WORK/ibex_top/gen_regfile_latch.register_file_i/gen_cg_word_iter[17].cg_i/gen_generic.u_impl_generic/en_latch_reg

  Ref  LAT        r:/WORK/ibex_top/gen_regfile_latch.register_file_i/gen_cg_word_iter[18].cg_i/gen_generic.u_impl_generic/en_latch_reg
  Impl LAT        Imp:/WORK/ibex_top/gen_regfile_latch.register_file_i/gen_cg_word_iter[18].cg_i/gen_generic.u_impl_generic/en_latch_reg

  Ref  LAT        r:/WORK/ibex_top/gen_regfile_latch.register_file_i/gen_cg_word_iter[19].cg_i/gen_generic.u_impl_generic/en_latch_reg
  Impl LAT        Imp:/WORK/ibex_top/gen_regfile_latch.register_file_i/gen_cg_word_iter[19].cg_i/gen_generic.u_impl_generic/en_latch_reg

  Ref  LAT        r:/WORK/ibex_top/gen_regfile_latch.register_file_i/gen_cg_word_iter[1].cg_i/gen_generic.u_impl_generic/en_latch_reg
  Impl LAT        Imp:/WORK/ibex_top/gen_regfile_latch.register_file_i/gen_cg_word_iter[1].cg_i/gen_generic.u_impl_generic/en_latch_reg

  Ref  LAT        r:/WORK/ibex_top/gen_regfile_latch.register_file_i/gen_cg_word_iter[20].cg_i/gen_generic.u_impl_generic/en_latch_reg
  Impl LAT        Imp:/WORK/ibex_top/gen_regfile_latch.register_file_i/gen_cg_word_iter[20].cg_i/gen_generic.u_impl_generic/en_latch_reg

  Ref  LAT        r:/WORK/ibex_top/gen_regfile_latch.register_file_i/gen_cg_word_iter[21].cg_i/gen_generic.u_impl_generic/en_latch_reg
  Impl LAT        Imp:/WORK/ibex_top/gen_regfile_latch.register_file_i/gen_cg_word_iter[21].cg_i/gen_generic.u_impl_generic/en_latch_reg

  Ref  LAT        r:/WORK/ibex_top/gen_regfile_latch.register_file_i/gen_cg_word_iter[22].cg_i/gen_generic.u_impl_generic/en_latch_reg
  Impl LAT        Imp:/WORK/ibex_top/gen_regfile_latch.register_file_i/gen_cg_word_iter[22].cg_i/gen_generic.u_impl_generic/en_latch_reg

  Ref  LAT        r:/WORK/ibex_top/gen_regfile_latch.register_file_i/gen_cg_word_iter[23].cg_i/gen_generic.u_impl_generic/en_latch_reg
  Impl LAT        Imp:/WORK/ibex_top/gen_regfile_latch.register_file_i/gen_cg_word_iter[23].cg_i/gen_generic.u_impl_generic/en_latch_reg

  Ref  LAT        r:/WORK/ibex_top/gen_regfile_latch.register_file_i/gen_cg_word_iter[24].cg_i/gen_generic.u_impl_generic/en_latch_reg
  Impl LAT        Imp:/WORK/ibex_top/gen_regfile_latch.register_file_i/gen_cg_word_iter[24].cg_i/gen_generic.u_impl_generic/en_latch_reg

  Ref  LAT        r:/WORK/ibex_top/gen_regfile_latch.register_file_i/gen_cg_word_iter[25].cg_i/gen_generic.u_impl_generic/en_latch_reg
  Impl LAT        Imp:/WORK/ibex_top/gen_regfile_latch.register_file_i/gen_cg_word_iter[25].cg_i/gen_generic.u_impl_generic/en_latch_reg

  Ref  LAT        r:/WORK/ibex_top/gen_regfile_latch.register_file_i/gen_cg_word_iter[26].cg_i/gen_generic.u_impl_generic/en_latch_reg
  Impl LAT        Imp:/WORK/ibex_top/gen_regfile_latch.register_file_i/gen_cg_word_iter[26].cg_i/gen_generic.u_impl_generic/en_latch_reg

  Ref  LAT        r:/WORK/ibex_top/gen_regfile_latch.register_file_i/gen_cg_word_iter[27].cg_i/gen_generic.u_impl_generic/en_latch_reg
  Impl LAT        Imp:/WORK/ibex_top/gen_regfile_latch.register_file_i/gen_cg_word_iter[27].cg_i/gen_generic.u_impl_generic/en_latch_reg

  Ref  LAT        r:/WORK/ibex_top/gen_regfile_latch.register_file_i/gen_cg_word_iter[28].cg_i/gen_generic.u_impl_generic/en_latch_reg
  Impl LAT        Imp:/WORK/ibex_top/gen_regfile_latch.register_file_i/gen_cg_word_iter[28].cg_i/gen_generic.u_impl_generic/en_latch_reg

  Ref  LAT        r:/WORK/ibex_top/gen_regfile_latch.register_file_i/gen_cg_word_iter[29].cg_i/gen_generic.u_impl_generic/en_latch_reg
  Impl LAT        Imp:/WORK/ibex_top/gen_regfile_latch.register_file_i/gen_cg_word_iter[29].cg_i/gen_generic.u_impl_generic/en_latch_reg

  Ref  LAT        r:/WORK/ibex_top/gen_regfile_latch.register_file_i/gen_cg_word_iter[2].cg_i/gen_generic.u_impl_generic/en_latch_reg
  Impl LAT        Imp:/WORK/ibex_top/gen_regfile_latch.register_file_i/gen_cg_word_iter[2].cg_i/gen_generic.u_impl_generic/en_latch_reg

  Ref  LAT        r:/WORK/ibex_top/gen_regfile_latch.register_file_i/gen_cg_word_iter[30].cg_i/gen_generic.u_impl_generic/en_latch_reg
  Impl LAT        Imp:/WORK/ibex_top/gen_regfile_latch.register_file_i/gen_cg_word_iter[30].cg_i/gen_generic.u_impl_generic/en_latch_reg

  Ref  LAT        r:/WORK/ibex_top/gen_regfile_latch.register_file_i/gen_cg_word_iter[31].cg_i/gen_generic.u_impl_generic/en_latch_reg
  Impl LAT        Imp:/WORK/ibex_top/gen_regfile_latch.register_file_i/gen_cg_word_iter[31].cg_i/gen_generic.u_impl_generic/en_latch_reg

  Ref  LAT        r:/WORK/ibex_top/gen_regfile_latch.register_file_i/gen_cg_word_iter[3].cg_i/gen_generic.u_impl_generic/en_latch_reg
  Impl LAT        Imp:/WORK/ibex_top/gen_regfile_latch.register_file_i/gen_cg_word_iter[3].cg_i/gen_generic.u_impl_generic/en_latch_reg

  Ref  LAT        r:/WORK/ibex_top/gen_regfile_latch.register_file_i/gen_cg_word_iter[4].cg_i/gen_generic.u_impl_generic/en_latch_reg
  Impl LAT        Imp:/WORK/ibex_top/gen_regfile_latch.register_file_i/gen_cg_word_iter[4].cg_i/gen_generic.u_impl_generic/en_latch_reg

  Ref  LAT        r:/WORK/ibex_top/gen_regfile_latch.register_file_i/gen_cg_word_iter[5].cg_i/gen_generic.u_impl_generic/en_latch_reg
  Impl LAT        Imp:/WORK/ibex_top/gen_regfile_latch.register_file_i/gen_cg_word_iter[5].cg_i/gen_generic.u_impl_generic/en_latch_reg

  Ref  LAT        r:/WORK/ibex_top/gen_regfile_latch.register_file_i/gen_cg_word_iter[6].cg_i/gen_generic.u_impl_generic/en_latch_reg
  Impl LAT        Imp:/WORK/ibex_top/gen_regfile_latch.register_file_i/gen_cg_word_iter[6].cg_i/gen_generic.u_impl_generic/en_latch_reg

  Ref  LAT        r:/WORK/ibex_top/gen_regfile_latch.register_file_i/gen_cg_word_iter[7].cg_i/gen_generic.u_impl_generic/en_latch_reg
  Impl LAT        Imp:/WORK/ibex_top/gen_regfile_latch.register_file_i/gen_cg_word_iter[7].cg_i/gen_generic.u_impl_generic/en_latch_reg

  Ref  LAT        r:/WORK/ibex_top/gen_regfile_latch.register_file_i/gen_cg_word_iter[8].cg_i/gen_generic.u_impl_generic/en_latch_reg
  Impl LAT        Imp:/WORK/ibex_top/gen_regfile_latch.register_file_i/gen_cg_word_iter[8].cg_i/gen_generic.u_impl_generic/en_latch_reg

  Ref  LAT        r:/WORK/ibex_top/gen_regfile_latch.register_file_i/gen_cg_word_iter[9].cg_i/gen_generic.u_impl_generic/en_latch_reg
  Impl LAT        Imp:/WORK/ibex_top/gen_regfile_latch.register_file_i/gen_cg_word_iter[9].cg_i/gen_generic.u_impl_generic/en_latch_reg

  Ref  LAT        r:/WORK/ibex_top/gen_regfile_latch.register_file_i/mem_reg[10][0]
  Impl LAT        Imp:/WORK/ibex_top/gen_regfile_latch.register_file_i/mem_reg[10][0]

  Ref  LAT        r:/WORK/ibex_top/gen_regfile_latch.register_file_i/mem_reg[10][10]
  Impl LAT        Imp:/WORK/ibex_top/gen_regfile_latch.register_file_i/mem_reg[10][10]

  Ref  LAT        r:/WORK/ibex_top/gen_regfile_latch.register_file_i/mem_reg[10][11]
  Impl LAT        Imp:/WORK/ibex_top/gen_regfile_latch.register_file_i/mem_reg[10][11]

  Ref  LAT        r:/WORK/ibex_top/gen_regfile_latch.register_file_i/mem_reg[10][12]
  Impl LAT        Imp:/WORK/ibex_top/gen_regfile_latch.register_file_i/mem_reg[10][12]

  Ref  LAT        r:/WORK/ibex_top/gen_regfile_latch.register_file_i/mem_reg[10][13]
  Impl LAT        Imp:/WORK/ibex_top/gen_regfile_latch.register_file_i/mem_reg[10][13]

  Ref  LAT        r:/WORK/ibex_top/gen_regfile_latch.register_file_i/mem_reg[10][14]
  Impl LAT        Imp:/WORK/ibex_top/gen_regfile_latch.register_file_i/mem_reg[10][14]

  Ref  LAT        r:/WORK/ibex_top/gen_regfile_latch.register_file_i/mem_reg[10][15]
  Impl LAT        Imp:/WORK/ibex_top/gen_regfile_latch.register_file_i/mem_reg[10][15]

  Ref  LAT        r:/WORK/ibex_top/gen_regfile_latch.register_file_i/mem_reg[10][16]
  Impl LAT        Imp:/WORK/ibex_top/gen_regfile_latch.register_file_i/mem_reg[10][16]

  Ref  LAT        r:/WORK/ibex_top/gen_regfile_latch.register_file_i/mem_reg[10][17]
  Impl LAT        Imp:/WORK/ibex_top/gen_regfile_latch.register_file_i/mem_reg[10][17]

  Ref  LAT        r:/WORK/ibex_top/gen_regfile_latch.register_file_i/mem_reg[10][18]
  Impl LAT        Imp:/WORK/ibex_top/gen_regfile_latch.register_file_i/mem_reg[10][18]

  Ref  LAT        r:/WORK/ibex_top/gen_regfile_latch.register_file_i/mem_reg[10][19]
  Impl LAT        Imp:/WORK/ibex_top/gen_regfile_latch.register_file_i/mem_reg[10][19]

  Ref  LAT        r:/WORK/ibex_top/gen_regfile_latch.register_file_i/mem_reg[10][1]
  Impl LAT        Imp:/WORK/ibex_top/gen_regfile_latch.register_file_i/mem_reg[10][1]

  Ref  LAT        r:/WORK/ibex_top/gen_regfile_latch.register_file_i/mem_reg[10][20]
  Impl LAT        Imp:/WORK/ibex_top/gen_regfile_latch.register_file_i/mem_reg[10][20]

  Ref  LAT        r:/WORK/ibex_top/gen_regfile_latch.register_file_i/mem_reg[10][21]
  Impl LAT        Imp:/WORK/ibex_top/gen_regfile_latch.register_file_i/mem_reg[10][21]

  Ref  LAT        r:/WORK/ibex_top/gen_regfile_latch.register_file_i/mem_reg[10][22]
  Impl LAT        Imp:/WORK/ibex_top/gen_regfile_latch.register_file_i/mem_reg[10][22]

  Ref  LAT        r:/WORK/ibex_top/gen_regfile_latch.register_file_i/mem_reg[10][23]
  Impl LAT        Imp:/WORK/ibex_top/gen_regfile_latch.register_file_i/mem_reg[10][23]

  Ref  LAT        r:/WORK/ibex_top/gen_regfile_latch.register_file_i/mem_reg[10][24]
  Impl LAT        Imp:/WORK/ibex_top/gen_regfile_latch.register_file_i/mem_reg[10][24]

  Ref  LAT        r:/WORK/ibex_top/gen_regfile_latch.register_file_i/mem_reg[10][25]
  Impl LAT        Imp:/WORK/ibex_top/gen_regfile_latch.register_file_i/mem_reg[10][25]

  Ref  LAT        r:/WORK/ibex_top/gen_regfile_latch.register_file_i/mem_reg[10][26]
  Impl LAT        Imp:/WORK/ibex_top/gen_regfile_latch.register_file_i/mem_reg[10][26]

  Ref  LAT        r:/WORK/ibex_top/gen_regfile_latch.register_file_i/mem_reg[10][27]
  Impl LAT        Imp:/WORK/ibex_top/gen_regfile_latch.register_file_i/mem_reg[10][27]

  Ref  LAT        r:/WORK/ibex_top/gen_regfile_latch.register_file_i/mem_reg[10][28]
  Impl LAT        Imp:/WORK/ibex_top/gen_regfile_latch.register_file_i/mem_reg[10][28]

  Ref  LAT        r:/WORK/ibex_top/gen_regfile_latch.register_file_i/mem_reg[10][29]
  Impl LAT        Imp:/WORK/ibex_top/gen_regfile_latch.register_file_i/mem_reg[10][29]

  Ref  LAT        r:/WORK/ibex_top/gen_regfile_latch.register_file_i/mem_reg[10][2]
  Impl LAT        Imp:/WORK/ibex_top/gen_regfile_latch.register_file_i/mem_reg[10][2]

  Ref  LAT        r:/WORK/ibex_top/gen_regfile_latch.register_file_i/mem_reg[10][30]
  Impl LAT        Imp:/WORK/ibex_top/gen_regfile_latch.register_file_i/mem_reg[10][30]

  Ref  LAT        r:/WORK/ibex_top/gen_regfile_latch.register_file_i/mem_reg[10][31]
  Impl LAT        Imp:/WORK/ibex_top/gen_regfile_latch.register_file_i/mem_reg[10][31]

  Ref  LAT        r:/WORK/ibex_top/gen_regfile_latch.register_file_i/mem_reg[10][3]
  Impl LAT        Imp:/WORK/ibex_top/gen_regfile_latch.register_file_i/mem_reg[10][3]

  Ref  LAT        r:/WORK/ibex_top/gen_regfile_latch.register_file_i/mem_reg[10][4]
  Impl LAT        Imp:/WORK/ibex_top/gen_regfile_latch.register_file_i/mem_reg[10][4]

  Ref  LAT        r:/WORK/ibex_top/gen_regfile_latch.register_file_i/mem_reg[10][5]
  Impl LAT        Imp:/WORK/ibex_top/gen_regfile_latch.register_file_i/mem_reg[10][5]

  Ref  LAT        r:/WORK/ibex_top/gen_regfile_latch.register_file_i/mem_reg[10][6]
  Impl LAT        Imp:/WORK/ibex_top/gen_regfile_latch.register_file_i/mem_reg[10][6]

  Ref  LAT        r:/WORK/ibex_top/gen_regfile_latch.register_file_i/mem_reg[10][7]
  Impl LAT        Imp:/WORK/ibex_top/gen_regfile_latch.register_file_i/mem_reg[10][7]

  Ref  LAT        r:/WORK/ibex_top/gen_regfile_latch.register_file_i/mem_reg[10][8]
  Impl LAT        Imp:/WORK/ibex_top/gen_regfile_latch.register_file_i/mem_reg[10][8]

  Ref  LAT        r:/WORK/ibex_top/gen_regfile_latch.register_file_i/mem_reg[10][9]
  Impl LAT        Imp:/WORK/ibex_top/gen_regfile_latch.register_file_i/mem_reg[10][9]

  Ref  LAT        r:/WORK/ibex_top/gen_regfile_latch.register_file_i/mem_reg[11][0]
  Impl LAT        Imp:/WORK/ibex_top/gen_regfile_latch.register_file_i/mem_reg[11][0]

  Ref  LAT        r:/WORK/ibex_top/gen_regfile_latch.register_file_i/mem_reg[11][10]
  Impl LAT        Imp:/WORK/ibex_top/gen_regfile_latch.register_file_i/mem_reg[11][10]

  Ref  LAT        r:/WORK/ibex_top/gen_regfile_latch.register_file_i/mem_reg[11][11]
  Impl LAT        Imp:/WORK/ibex_top/gen_regfile_latch.register_file_i/mem_reg[11][11]

  Ref  LAT        r:/WORK/ibex_top/gen_regfile_latch.register_file_i/mem_reg[11][12]
  Impl LAT        Imp:/WORK/ibex_top/gen_regfile_latch.register_file_i/mem_reg[11][12]

  Ref  LAT        r:/WORK/ibex_top/gen_regfile_latch.register_file_i/mem_reg[11][13]
  Impl LAT        Imp:/WORK/ibex_top/gen_regfile_latch.register_file_i/mem_reg[11][13]

  Ref  LAT        r:/WORK/ibex_top/gen_regfile_latch.register_file_i/mem_reg[11][14]
  Impl LAT        Imp:/WORK/ibex_top/gen_regfile_latch.register_file_i/mem_reg[11][14]

  Ref  LAT        r:/WORK/ibex_top/gen_regfile_latch.register_file_i/mem_reg[11][15]
  Impl LAT        Imp:/WORK/ibex_top/gen_regfile_latch.register_file_i/mem_reg[11][15]

  Ref  LAT        r:/WORK/ibex_top/gen_regfile_latch.register_file_i/mem_reg[11][16]
  Impl LAT        Imp:/WORK/ibex_top/gen_regfile_latch.register_file_i/mem_reg[11][16]

  Ref  LAT        r:/WORK/ibex_top/gen_regfile_latch.register_file_i/mem_reg[11][17]
  Impl LAT        Imp:/WORK/ibex_top/gen_regfile_latch.register_file_i/mem_reg[11][17]

  Ref  LAT        r:/WORK/ibex_top/gen_regfile_latch.register_file_i/mem_reg[11][18]
  Impl LAT        Imp:/WORK/ibex_top/gen_regfile_latch.register_file_i/mem_reg[11][18]

  Ref  LAT        r:/WORK/ibex_top/gen_regfile_latch.register_file_i/mem_reg[11][19]
  Impl LAT        Imp:/WORK/ibex_top/gen_regfile_latch.register_file_i/mem_reg[11][19]

  Ref  LAT        r:/WORK/ibex_top/gen_regfile_latch.register_file_i/mem_reg[11][1]
  Impl LAT        Imp:/WORK/ibex_top/gen_regfile_latch.register_file_i/mem_reg[11][1]

  Ref  LAT        r:/WORK/ibex_top/gen_regfile_latch.register_file_i/mem_reg[11][20]
  Impl LAT        Imp:/WORK/ibex_top/gen_regfile_latch.register_file_i/mem_reg[11][20]

  Ref  LAT        r:/WORK/ibex_top/gen_regfile_latch.register_file_i/mem_reg[11][21]
  Impl LAT        Imp:/WORK/ibex_top/gen_regfile_latch.register_file_i/mem_reg[11][21]

  Ref  LAT        r:/WORK/ibex_top/gen_regfile_latch.register_file_i/mem_reg[11][22]
  Impl LAT        Imp:/WORK/ibex_top/gen_regfile_latch.register_file_i/mem_reg[11][22]

  Ref  LAT        r:/WORK/ibex_top/gen_regfile_latch.register_file_i/mem_reg[11][23]
  Impl LAT        Imp:/WORK/ibex_top/gen_regfile_latch.register_file_i/mem_reg[11][23]

  Ref  LAT        r:/WORK/ibex_top/gen_regfile_latch.register_file_i/mem_reg[11][24]
  Impl LAT        Imp:/WORK/ibex_top/gen_regfile_latch.register_file_i/mem_reg[11][24]

  Ref  LAT        r:/WORK/ibex_top/gen_regfile_latch.register_file_i/mem_reg[11][25]
  Impl LAT        Imp:/WORK/ibex_top/gen_regfile_latch.register_file_i/mem_reg[11][25]

  Ref  LAT        r:/WORK/ibex_top/gen_regfile_latch.register_file_i/mem_reg[11][26]
  Impl LAT        Imp:/WORK/ibex_top/gen_regfile_latch.register_file_i/mem_reg[11][26]

  Ref  LAT        r:/WORK/ibex_top/gen_regfile_latch.register_file_i/mem_reg[11][27]
  Impl LAT        Imp:/WORK/ibex_top/gen_regfile_latch.register_file_i/mem_reg[11][27]

  Ref  LAT        r:/WORK/ibex_top/gen_regfile_latch.register_file_i/mem_reg[11][28]
  Impl LAT        Imp:/WORK/ibex_top/gen_regfile_latch.register_file_i/mem_reg[11][28]

  Ref  LAT        r:/WORK/ibex_top/gen_regfile_latch.register_file_i/mem_reg[11][29]
  Impl LAT        Imp:/WORK/ibex_top/gen_regfile_latch.register_file_i/mem_reg[11][29]

  Ref  LAT        r:/WORK/ibex_top/gen_regfile_latch.register_file_i/mem_reg[11][2]
  Impl LAT        Imp:/WORK/ibex_top/gen_regfile_latch.register_file_i/mem_reg[11][2]

  Ref  LAT        r:/WORK/ibex_top/gen_regfile_latch.register_file_i/mem_reg[11][30]
  Impl LAT        Imp:/WORK/ibex_top/gen_regfile_latch.register_file_i/mem_reg[11][30]

  Ref  LAT        r:/WORK/ibex_top/gen_regfile_latch.register_file_i/mem_reg[11][31]
  Impl LAT        Imp:/WORK/ibex_top/gen_regfile_latch.register_file_i/mem_reg[11][31]

  Ref  LAT        r:/WORK/ibex_top/gen_regfile_latch.register_file_i/mem_reg[11][3]
  Impl LAT        Imp:/WORK/ibex_top/gen_regfile_latch.register_file_i/mem_reg[11][3]

  Ref  LAT        r:/WORK/ibex_top/gen_regfile_latch.register_file_i/mem_reg[11][4]
  Impl LAT        Imp:/WORK/ibex_top/gen_regfile_latch.register_file_i/mem_reg[11][4]

  Ref  LAT        r:/WORK/ibex_top/gen_regfile_latch.register_file_i/mem_reg[11][5]
  Impl LAT        Imp:/WORK/ibex_top/gen_regfile_latch.register_file_i/mem_reg[11][5]

  Ref  LAT        r:/WORK/ibex_top/gen_regfile_latch.register_file_i/mem_reg[11][6]
  Impl LAT        Imp:/WORK/ibex_top/gen_regfile_latch.register_file_i/mem_reg[11][6]

  Ref  LAT        r:/WORK/ibex_top/gen_regfile_latch.register_file_i/mem_reg[11][7]
  Impl LAT        Imp:/WORK/ibex_top/gen_regfile_latch.register_file_i/mem_reg[11][7]

  Ref  LAT        r:/WORK/ibex_top/gen_regfile_latch.register_file_i/mem_reg[11][8]
  Impl LAT        Imp:/WORK/ibex_top/gen_regfile_latch.register_file_i/mem_reg[11][8]

  Ref  LAT        r:/WORK/ibex_top/gen_regfile_latch.register_file_i/mem_reg[11][9]
  Impl LAT        Imp:/WORK/ibex_top/gen_regfile_latch.register_file_i/mem_reg[11][9]

  Ref  LAT        r:/WORK/ibex_top/gen_regfile_latch.register_file_i/mem_reg[12][0]
  Impl LAT        Imp:/WORK/ibex_top/gen_regfile_latch.register_file_i/mem_reg[12][0]

  Ref  LAT        r:/WORK/ibex_top/gen_regfile_latch.register_file_i/mem_reg[12][10]
  Impl LAT        Imp:/WORK/ibex_top/gen_regfile_latch.register_file_i/mem_reg[12][10]

  Ref  LAT        r:/WORK/ibex_top/gen_regfile_latch.register_file_i/mem_reg[12][11]
  Impl LAT        Imp:/WORK/ibex_top/gen_regfile_latch.register_file_i/mem_reg[12][11]

  Ref  LAT        r:/WORK/ibex_top/gen_regfile_latch.register_file_i/mem_reg[12][12]
  Impl LAT        Imp:/WORK/ibex_top/gen_regfile_latch.register_file_i/mem_reg[12][12]

  Ref  LAT        r:/WORK/ibex_top/gen_regfile_latch.register_file_i/mem_reg[12][13]
  Impl LAT        Imp:/WORK/ibex_top/gen_regfile_latch.register_file_i/mem_reg[12][13]

  Ref  LAT        r:/WORK/ibex_top/gen_regfile_latch.register_file_i/mem_reg[12][14]
  Impl LAT        Imp:/WORK/ibex_top/gen_regfile_latch.register_file_i/mem_reg[12][14]

  Ref  LAT        r:/WORK/ibex_top/gen_regfile_latch.register_file_i/mem_reg[12][15]
  Impl LAT        Imp:/WORK/ibex_top/gen_regfile_latch.register_file_i/mem_reg[12][15]

  Ref  LAT        r:/WORK/ibex_top/gen_regfile_latch.register_file_i/mem_reg[12][16]
  Impl LAT        Imp:/WORK/ibex_top/gen_regfile_latch.register_file_i/mem_reg[12][16]

  Ref  LAT        r:/WORK/ibex_top/gen_regfile_latch.register_file_i/mem_reg[12][17]
  Impl LAT        Imp:/WORK/ibex_top/gen_regfile_latch.register_file_i/mem_reg[12][17]

  Ref  LAT        r:/WORK/ibex_top/gen_regfile_latch.register_file_i/mem_reg[12][18]
  Impl LAT        Imp:/WORK/ibex_top/gen_regfile_latch.register_file_i/mem_reg[12][18]

  Ref  LAT        r:/WORK/ibex_top/gen_regfile_latch.register_file_i/mem_reg[12][19]
  Impl LAT        Imp:/WORK/ibex_top/gen_regfile_latch.register_file_i/mem_reg[12][19]

  Ref  LAT        r:/WORK/ibex_top/gen_regfile_latch.register_file_i/mem_reg[12][1]
  Impl LAT        Imp:/WORK/ibex_top/gen_regfile_latch.register_file_i/mem_reg[12][1]

  Ref  LAT        r:/WORK/ibex_top/gen_regfile_latch.register_file_i/mem_reg[12][20]
  Impl LAT        Imp:/WORK/ibex_top/gen_regfile_latch.register_file_i/mem_reg[12][20]

  Ref  LAT        r:/WORK/ibex_top/gen_regfile_latch.register_file_i/mem_reg[12][21]
  Impl LAT        Imp:/WORK/ibex_top/gen_regfile_latch.register_file_i/mem_reg[12][21]

  Ref  LAT        r:/WORK/ibex_top/gen_regfile_latch.register_file_i/mem_reg[12][22]
  Impl LAT        Imp:/WORK/ibex_top/gen_regfile_latch.register_file_i/mem_reg[12][22]

  Ref  LAT        r:/WORK/ibex_top/gen_regfile_latch.register_file_i/mem_reg[12][23]
  Impl LAT        Imp:/WORK/ibex_top/gen_regfile_latch.register_file_i/mem_reg[12][23]

  Ref  LAT        r:/WORK/ibex_top/gen_regfile_latch.register_file_i/mem_reg[12][24]
  Impl LAT        Imp:/WORK/ibex_top/gen_regfile_latch.register_file_i/mem_reg[12][24]

  Ref  LAT        r:/WORK/ibex_top/gen_regfile_latch.register_file_i/mem_reg[12][25]
  Impl LAT        Imp:/WORK/ibex_top/gen_regfile_latch.register_file_i/mem_reg[12][25]

  Ref  LAT        r:/WORK/ibex_top/gen_regfile_latch.register_file_i/mem_reg[12][26]
  Impl LAT        Imp:/WORK/ibex_top/gen_regfile_latch.register_file_i/mem_reg[12][26]

  Ref  LAT        r:/WORK/ibex_top/gen_regfile_latch.register_file_i/mem_reg[12][27]
  Impl LAT        Imp:/WORK/ibex_top/gen_regfile_latch.register_file_i/mem_reg[12][27]

  Ref  LAT        r:/WORK/ibex_top/gen_regfile_latch.register_file_i/mem_reg[12][28]
  Impl LAT        Imp:/WORK/ibex_top/gen_regfile_latch.register_file_i/mem_reg[12][28]

  Ref  LAT        r:/WORK/ibex_top/gen_regfile_latch.register_file_i/mem_reg[12][29]
  Impl LAT        Imp:/WORK/ibex_top/gen_regfile_latch.register_file_i/mem_reg[12][29]

  Ref  LAT        r:/WORK/ibex_top/gen_regfile_latch.register_file_i/mem_reg[12][2]
  Impl LAT        Imp:/WORK/ibex_top/gen_regfile_latch.register_file_i/mem_reg[12][2]

  Ref  LAT        r:/WORK/ibex_top/gen_regfile_latch.register_file_i/mem_reg[12][30]
  Impl LAT        Imp:/WORK/ibex_top/gen_regfile_latch.register_file_i/mem_reg[12][30]

  Ref  LAT        r:/WORK/ibex_top/gen_regfile_latch.register_file_i/mem_reg[12][31]
  Impl LAT        Imp:/WORK/ibex_top/gen_regfile_latch.register_file_i/mem_reg[12][31]

  Ref  LAT        r:/WORK/ibex_top/gen_regfile_latch.register_file_i/mem_reg[12][3]
  Impl LAT        Imp:/WORK/ibex_top/gen_regfile_latch.register_file_i/mem_reg[12][3]

  Ref  LAT        r:/WORK/ibex_top/gen_regfile_latch.register_file_i/mem_reg[12][4]
  Impl LAT        Imp:/WORK/ibex_top/gen_regfile_latch.register_file_i/mem_reg[12][4]

  Ref  LAT        r:/WORK/ibex_top/gen_regfile_latch.register_file_i/mem_reg[12][5]
  Impl LAT        Imp:/WORK/ibex_top/gen_regfile_latch.register_file_i/mem_reg[12][5]

  Ref  LAT        r:/WORK/ibex_top/gen_regfile_latch.register_file_i/mem_reg[12][6]
  Impl LAT        Imp:/WORK/ibex_top/gen_regfile_latch.register_file_i/mem_reg[12][6]

  Ref  LAT        r:/WORK/ibex_top/gen_regfile_latch.register_file_i/mem_reg[12][7]
  Impl LAT        Imp:/WORK/ibex_top/gen_regfile_latch.register_file_i/mem_reg[12][7]

  Ref  LAT        r:/WORK/ibex_top/gen_regfile_latch.register_file_i/mem_reg[12][8]
  Impl LAT        Imp:/WORK/ibex_top/gen_regfile_latch.register_file_i/mem_reg[12][8]

  Ref  LAT        r:/WORK/ibex_top/gen_regfile_latch.register_file_i/mem_reg[12][9]
  Impl LAT        Imp:/WORK/ibex_top/gen_regfile_latch.register_file_i/mem_reg[12][9]

  Ref  LAT        r:/WORK/ibex_top/gen_regfile_latch.register_file_i/mem_reg[13][0]
  Impl LAT        Imp:/WORK/ibex_top/gen_regfile_latch.register_file_i/mem_reg[13][0]

  Ref  LAT        r:/WORK/ibex_top/gen_regfile_latch.register_file_i/mem_reg[13][10]
  Impl LAT        Imp:/WORK/ibex_top/gen_regfile_latch.register_file_i/mem_reg[13][10]

  Ref  LAT        r:/WORK/ibex_top/gen_regfile_latch.register_file_i/mem_reg[13][11]
  Impl LAT        Imp:/WORK/ibex_top/gen_regfile_latch.register_file_i/mem_reg[13][11]

  Ref  LAT        r:/WORK/ibex_top/gen_regfile_latch.register_file_i/mem_reg[13][12]
  Impl LAT        Imp:/WORK/ibex_top/gen_regfile_latch.register_file_i/mem_reg[13][12]

  Ref  LAT        r:/WORK/ibex_top/gen_regfile_latch.register_file_i/mem_reg[13][13]
  Impl LAT        Imp:/WORK/ibex_top/gen_regfile_latch.register_file_i/mem_reg[13][13]

  Ref  LAT        r:/WORK/ibex_top/gen_regfile_latch.register_file_i/mem_reg[13][14]
  Impl LAT        Imp:/WORK/ibex_top/gen_regfile_latch.register_file_i/mem_reg[13][14]

  Ref  LAT        r:/WORK/ibex_top/gen_regfile_latch.register_file_i/mem_reg[13][15]
  Impl LAT        Imp:/WORK/ibex_top/gen_regfile_latch.register_file_i/mem_reg[13][15]

  Ref  LAT        r:/WORK/ibex_top/gen_regfile_latch.register_file_i/mem_reg[13][16]
  Impl LAT        Imp:/WORK/ibex_top/gen_regfile_latch.register_file_i/mem_reg[13][16]

  Ref  LAT        r:/WORK/ibex_top/gen_regfile_latch.register_file_i/mem_reg[13][17]
  Impl LAT        Imp:/WORK/ibex_top/gen_regfile_latch.register_file_i/mem_reg[13][17]

  Ref  LAT        r:/WORK/ibex_top/gen_regfile_latch.register_file_i/mem_reg[13][18]
  Impl LAT        Imp:/WORK/ibex_top/gen_regfile_latch.register_file_i/mem_reg[13][18]

  Ref  LAT        r:/WORK/ibex_top/gen_regfile_latch.register_file_i/mem_reg[13][19]
  Impl LAT        Imp:/WORK/ibex_top/gen_regfile_latch.register_file_i/mem_reg[13][19]

  Ref  LAT        r:/WORK/ibex_top/gen_regfile_latch.register_file_i/mem_reg[13][1]
  Impl LAT        Imp:/WORK/ibex_top/gen_regfile_latch.register_file_i/mem_reg[13][1]

  Ref  LAT        r:/WORK/ibex_top/gen_regfile_latch.register_file_i/mem_reg[13][20]
  Impl LAT        Imp:/WORK/ibex_top/gen_regfile_latch.register_file_i/mem_reg[13][20]

  Ref  LAT        r:/WORK/ibex_top/gen_regfile_latch.register_file_i/mem_reg[13][21]
  Impl LAT        Imp:/WORK/ibex_top/gen_regfile_latch.register_file_i/mem_reg[13][21]

  Ref  LAT        r:/WORK/ibex_top/gen_regfile_latch.register_file_i/mem_reg[13][22]
  Impl LAT        Imp:/WORK/ibex_top/gen_regfile_latch.register_file_i/mem_reg[13][22]

  Ref  LAT        r:/WORK/ibex_top/gen_regfile_latch.register_file_i/mem_reg[13][23]
  Impl LAT        Imp:/WORK/ibex_top/gen_regfile_latch.register_file_i/mem_reg[13][23]

  Ref  LAT        r:/WORK/ibex_top/gen_regfile_latch.register_file_i/mem_reg[13][24]
  Impl LAT        Imp:/WORK/ibex_top/gen_regfile_latch.register_file_i/mem_reg[13][24]

  Ref  LAT        r:/WORK/ibex_top/gen_regfile_latch.register_file_i/mem_reg[13][25]
  Impl LAT        Imp:/WORK/ibex_top/gen_regfile_latch.register_file_i/mem_reg[13][25]

  Ref  LAT        r:/WORK/ibex_top/gen_regfile_latch.register_file_i/mem_reg[13][26]
  Impl LAT        Imp:/WORK/ibex_top/gen_regfile_latch.register_file_i/mem_reg[13][26]

  Ref  LAT        r:/WORK/ibex_top/gen_regfile_latch.register_file_i/mem_reg[13][27]
  Impl LAT        Imp:/WORK/ibex_top/gen_regfile_latch.register_file_i/mem_reg[13][27]

  Ref  LAT        r:/WORK/ibex_top/gen_regfile_latch.register_file_i/mem_reg[13][28]
  Impl LAT        Imp:/WORK/ibex_top/gen_regfile_latch.register_file_i/mem_reg[13][28]

  Ref  LAT        r:/WORK/ibex_top/gen_regfile_latch.register_file_i/mem_reg[13][29]
  Impl LAT        Imp:/WORK/ibex_top/gen_regfile_latch.register_file_i/mem_reg[13][29]

  Ref  LAT        r:/WORK/ibex_top/gen_regfile_latch.register_file_i/mem_reg[13][2]
  Impl LAT        Imp:/WORK/ibex_top/gen_regfile_latch.register_file_i/mem_reg[13][2]

  Ref  LAT        r:/WORK/ibex_top/gen_regfile_latch.register_file_i/mem_reg[13][30]
  Impl LAT        Imp:/WORK/ibex_top/gen_regfile_latch.register_file_i/mem_reg[13][30]

  Ref  LAT        r:/WORK/ibex_top/gen_regfile_latch.register_file_i/mem_reg[13][31]
  Impl LAT        Imp:/WORK/ibex_top/gen_regfile_latch.register_file_i/mem_reg[13][31]

  Ref  LAT        r:/WORK/ibex_top/gen_regfile_latch.register_file_i/mem_reg[13][3]
  Impl LAT        Imp:/WORK/ibex_top/gen_regfile_latch.register_file_i/mem_reg[13][3]

  Ref  LAT        r:/WORK/ibex_top/gen_regfile_latch.register_file_i/mem_reg[13][4]
  Impl LAT        Imp:/WORK/ibex_top/gen_regfile_latch.register_file_i/mem_reg[13][4]

  Ref  LAT        r:/WORK/ibex_top/gen_regfile_latch.register_file_i/mem_reg[13][5]
  Impl LAT        Imp:/WORK/ibex_top/gen_regfile_latch.register_file_i/mem_reg[13][5]

  Ref  LAT        r:/WORK/ibex_top/gen_regfile_latch.register_file_i/mem_reg[13][6]
  Impl LAT        Imp:/WORK/ibex_top/gen_regfile_latch.register_file_i/mem_reg[13][6]

  Ref  LAT        r:/WORK/ibex_top/gen_regfile_latch.register_file_i/mem_reg[13][7]
  Impl LAT        Imp:/WORK/ibex_top/gen_regfile_latch.register_file_i/mem_reg[13][7]

  Ref  LAT        r:/WORK/ibex_top/gen_regfile_latch.register_file_i/mem_reg[13][8]
  Impl LAT        Imp:/WORK/ibex_top/gen_regfile_latch.register_file_i/mem_reg[13][8]

  Ref  LAT        r:/WORK/ibex_top/gen_regfile_latch.register_file_i/mem_reg[13][9]
  Impl LAT        Imp:/WORK/ibex_top/gen_regfile_latch.register_file_i/mem_reg[13][9]

  Ref  LAT        r:/WORK/ibex_top/gen_regfile_latch.register_file_i/mem_reg[14][0]
  Impl LAT        Imp:/WORK/ibex_top/gen_regfile_latch.register_file_i/mem_reg[14][0]

  Ref  LAT        r:/WORK/ibex_top/gen_regfile_latch.register_file_i/mem_reg[14][10]
  Impl LAT        Imp:/WORK/ibex_top/gen_regfile_latch.register_file_i/mem_reg[14][10]

  Ref  LAT        r:/WORK/ibex_top/gen_regfile_latch.register_file_i/mem_reg[14][11]
  Impl LAT        Imp:/WORK/ibex_top/gen_regfile_latch.register_file_i/mem_reg[14][11]

  Ref  LAT        r:/WORK/ibex_top/gen_regfile_latch.register_file_i/mem_reg[14][12]
  Impl LAT        Imp:/WORK/ibex_top/gen_regfile_latch.register_file_i/mem_reg[14][12]

  Ref  LAT        r:/WORK/ibex_top/gen_regfile_latch.register_file_i/mem_reg[14][13]
  Impl LAT        Imp:/WORK/ibex_top/gen_regfile_latch.register_file_i/mem_reg[14][13]

  Ref  LAT        r:/WORK/ibex_top/gen_regfile_latch.register_file_i/mem_reg[14][14]
  Impl LAT        Imp:/WORK/ibex_top/gen_regfile_latch.register_file_i/mem_reg[14][14]

  Ref  LAT        r:/WORK/ibex_top/gen_regfile_latch.register_file_i/mem_reg[14][15]
  Impl LAT        Imp:/WORK/ibex_top/gen_regfile_latch.register_file_i/mem_reg[14][15]

  Ref  LAT        r:/WORK/ibex_top/gen_regfile_latch.register_file_i/mem_reg[14][16]
  Impl LAT        Imp:/WORK/ibex_top/gen_regfile_latch.register_file_i/mem_reg[14][16]

  Ref  LAT        r:/WORK/ibex_top/gen_regfile_latch.register_file_i/mem_reg[14][17]
  Impl LAT        Imp:/WORK/ibex_top/gen_regfile_latch.register_file_i/mem_reg[14][17]

  Ref  LAT        r:/WORK/ibex_top/gen_regfile_latch.register_file_i/mem_reg[14][18]
  Impl LAT        Imp:/WORK/ibex_top/gen_regfile_latch.register_file_i/mem_reg[14][18]

  Ref  LAT        r:/WORK/ibex_top/gen_regfile_latch.register_file_i/mem_reg[14][19]
  Impl LAT        Imp:/WORK/ibex_top/gen_regfile_latch.register_file_i/mem_reg[14][19]

  Ref  LAT        r:/WORK/ibex_top/gen_regfile_latch.register_file_i/mem_reg[14][1]
  Impl LAT        Imp:/WORK/ibex_top/gen_regfile_latch.register_file_i/mem_reg[14][1]

  Ref  LAT        r:/WORK/ibex_top/gen_regfile_latch.register_file_i/mem_reg[14][20]
  Impl LAT        Imp:/WORK/ibex_top/gen_regfile_latch.register_file_i/mem_reg[14][20]

  Ref  LAT        r:/WORK/ibex_top/gen_regfile_latch.register_file_i/mem_reg[14][21]
  Impl LAT        Imp:/WORK/ibex_top/gen_regfile_latch.register_file_i/mem_reg[14][21]

  Ref  LAT        r:/WORK/ibex_top/gen_regfile_latch.register_file_i/mem_reg[14][22]
  Impl LAT        Imp:/WORK/ibex_top/gen_regfile_latch.register_file_i/mem_reg[14][22]

  Ref  LAT        r:/WORK/ibex_top/gen_regfile_latch.register_file_i/mem_reg[14][23]
  Impl LAT        Imp:/WORK/ibex_top/gen_regfile_latch.register_file_i/mem_reg[14][23]

  Ref  LAT        r:/WORK/ibex_top/gen_regfile_latch.register_file_i/mem_reg[14][24]
  Impl LAT        Imp:/WORK/ibex_top/gen_regfile_latch.register_file_i/mem_reg[14][24]

  Ref  LAT        r:/WORK/ibex_top/gen_regfile_latch.register_file_i/mem_reg[14][25]
  Impl LAT        Imp:/WORK/ibex_top/gen_regfile_latch.register_file_i/mem_reg[14][25]

  Ref  LAT        r:/WORK/ibex_top/gen_regfile_latch.register_file_i/mem_reg[14][26]
  Impl LAT        Imp:/WORK/ibex_top/gen_regfile_latch.register_file_i/mem_reg[14][26]

  Ref  LAT        r:/WORK/ibex_top/gen_regfile_latch.register_file_i/mem_reg[14][27]
  Impl LAT        Imp:/WORK/ibex_top/gen_regfile_latch.register_file_i/mem_reg[14][27]

  Ref  LAT        r:/WORK/ibex_top/gen_regfile_latch.register_file_i/mem_reg[14][28]
  Impl LAT        Imp:/WORK/ibex_top/gen_regfile_latch.register_file_i/mem_reg[14][28]

  Ref  LAT        r:/WORK/ibex_top/gen_regfile_latch.register_file_i/mem_reg[14][29]
  Impl LAT        Imp:/WORK/ibex_top/gen_regfile_latch.register_file_i/mem_reg[14][29]

  Ref  LAT        r:/WORK/ibex_top/gen_regfile_latch.register_file_i/mem_reg[14][2]
  Impl LAT        Imp:/WORK/ibex_top/gen_regfile_latch.register_file_i/mem_reg[14][2]

  Ref  LAT        r:/WORK/ibex_top/gen_regfile_latch.register_file_i/mem_reg[14][30]
  Impl LAT        Imp:/WORK/ibex_top/gen_regfile_latch.register_file_i/mem_reg[14][30]

  Ref  LAT        r:/WORK/ibex_top/gen_regfile_latch.register_file_i/mem_reg[14][31]
  Impl LAT        Imp:/WORK/ibex_top/gen_regfile_latch.register_file_i/mem_reg[14][31]

  Ref  LAT        r:/WORK/ibex_top/gen_regfile_latch.register_file_i/mem_reg[14][3]
  Impl LAT        Imp:/WORK/ibex_top/gen_regfile_latch.register_file_i/mem_reg[14][3]

  Ref  LAT        r:/WORK/ibex_top/gen_regfile_latch.register_file_i/mem_reg[14][4]
  Impl LAT        Imp:/WORK/ibex_top/gen_regfile_latch.register_file_i/mem_reg[14][4]

  Ref  LAT        r:/WORK/ibex_top/gen_regfile_latch.register_file_i/mem_reg[14][5]
  Impl LAT        Imp:/WORK/ibex_top/gen_regfile_latch.register_file_i/mem_reg[14][5]

  Ref  LAT        r:/WORK/ibex_top/gen_regfile_latch.register_file_i/mem_reg[14][6]
  Impl LAT        Imp:/WORK/ibex_top/gen_regfile_latch.register_file_i/mem_reg[14][6]

  Ref  LAT        r:/WORK/ibex_top/gen_regfile_latch.register_file_i/mem_reg[14][7]
  Impl LAT        Imp:/WORK/ibex_top/gen_regfile_latch.register_file_i/mem_reg[14][7]

  Ref  LAT        r:/WORK/ibex_top/gen_regfile_latch.register_file_i/mem_reg[14][8]
  Impl LAT        Imp:/WORK/ibex_top/gen_regfile_latch.register_file_i/mem_reg[14][8]

  Ref  LAT        r:/WORK/ibex_top/gen_regfile_latch.register_file_i/mem_reg[14][9]
  Impl LAT        Imp:/WORK/ibex_top/gen_regfile_latch.register_file_i/mem_reg[14][9]

  Ref  LAT        r:/WORK/ibex_top/gen_regfile_latch.register_file_i/mem_reg[15][0]
  Impl LAT        Imp:/WORK/ibex_top/gen_regfile_latch.register_file_i/mem_reg[15][0]

  Ref  LAT        r:/WORK/ibex_top/gen_regfile_latch.register_file_i/mem_reg[15][10]
  Impl LAT        Imp:/WORK/ibex_top/gen_regfile_latch.register_file_i/mem_reg[15][10]

  Ref  LAT        r:/WORK/ibex_top/gen_regfile_latch.register_file_i/mem_reg[15][11]
  Impl LAT        Imp:/WORK/ibex_top/gen_regfile_latch.register_file_i/mem_reg[15][11]

  Ref  LAT        r:/WORK/ibex_top/gen_regfile_latch.register_file_i/mem_reg[15][12]
  Impl LAT        Imp:/WORK/ibex_top/gen_regfile_latch.register_file_i/mem_reg[15][12]

  Ref  LAT        r:/WORK/ibex_top/gen_regfile_latch.register_file_i/mem_reg[15][13]
  Impl LAT        Imp:/WORK/ibex_top/gen_regfile_latch.register_file_i/mem_reg[15][13]

  Ref  LAT        r:/WORK/ibex_top/gen_regfile_latch.register_file_i/mem_reg[15][14]
  Impl LAT        Imp:/WORK/ibex_top/gen_regfile_latch.register_file_i/mem_reg[15][14]

  Ref  LAT        r:/WORK/ibex_top/gen_regfile_latch.register_file_i/mem_reg[15][15]
  Impl LAT        Imp:/WORK/ibex_top/gen_regfile_latch.register_file_i/mem_reg[15][15]

  Ref  LAT        r:/WORK/ibex_top/gen_regfile_latch.register_file_i/mem_reg[15][16]
  Impl LAT        Imp:/WORK/ibex_top/gen_regfile_latch.register_file_i/mem_reg[15][16]

  Ref  LAT        r:/WORK/ibex_top/gen_regfile_latch.register_file_i/mem_reg[15][17]
  Impl LAT        Imp:/WORK/ibex_top/gen_regfile_latch.register_file_i/mem_reg[15][17]

  Ref  LAT        r:/WORK/ibex_top/gen_regfile_latch.register_file_i/mem_reg[15][18]
  Impl LAT        Imp:/WORK/ibex_top/gen_regfile_latch.register_file_i/mem_reg[15][18]

  Ref  LAT        r:/WORK/ibex_top/gen_regfile_latch.register_file_i/mem_reg[15][19]
  Impl LAT        Imp:/WORK/ibex_top/gen_regfile_latch.register_file_i/mem_reg[15][19]

  Ref  LAT        r:/WORK/ibex_top/gen_regfile_latch.register_file_i/mem_reg[15][1]
  Impl LAT        Imp:/WORK/ibex_top/gen_regfile_latch.register_file_i/mem_reg[15][1]

  Ref  LAT        r:/WORK/ibex_top/gen_regfile_latch.register_file_i/mem_reg[15][20]
  Impl LAT        Imp:/WORK/ibex_top/gen_regfile_latch.register_file_i/mem_reg[15][20]

  Ref  LAT        r:/WORK/ibex_top/gen_regfile_latch.register_file_i/mem_reg[15][21]
  Impl LAT        Imp:/WORK/ibex_top/gen_regfile_latch.register_file_i/mem_reg[15][21]

  Ref  LAT        r:/WORK/ibex_top/gen_regfile_latch.register_file_i/mem_reg[15][22]
  Impl LAT        Imp:/WORK/ibex_top/gen_regfile_latch.register_file_i/mem_reg[15][22]

  Ref  LAT        r:/WORK/ibex_top/gen_regfile_latch.register_file_i/mem_reg[15][23]
  Impl LAT        Imp:/WORK/ibex_top/gen_regfile_latch.register_file_i/mem_reg[15][23]

  Ref  LAT        r:/WORK/ibex_top/gen_regfile_latch.register_file_i/mem_reg[15][24]
  Impl LAT        Imp:/WORK/ibex_top/gen_regfile_latch.register_file_i/mem_reg[15][24]

  Ref  LAT        r:/WORK/ibex_top/gen_regfile_latch.register_file_i/mem_reg[15][25]
  Impl LAT        Imp:/WORK/ibex_top/gen_regfile_latch.register_file_i/mem_reg[15][25]

  Ref  LAT        r:/WORK/ibex_top/gen_regfile_latch.register_file_i/mem_reg[15][26]
  Impl LAT        Imp:/WORK/ibex_top/gen_regfile_latch.register_file_i/mem_reg[15][26]

  Ref  LAT        r:/WORK/ibex_top/gen_regfile_latch.register_file_i/mem_reg[15][27]
  Impl LAT        Imp:/WORK/ibex_top/gen_regfile_latch.register_file_i/mem_reg[15][27]

  Ref  LAT        r:/WORK/ibex_top/gen_regfile_latch.register_file_i/mem_reg[15][28]
  Impl LAT        Imp:/WORK/ibex_top/gen_regfile_latch.register_file_i/mem_reg[15][28]

  Ref  LAT        r:/WORK/ibex_top/gen_regfile_latch.register_file_i/mem_reg[15][29]
  Impl LAT        Imp:/WORK/ibex_top/gen_regfile_latch.register_file_i/mem_reg[15][29]

  Ref  LAT        r:/WORK/ibex_top/gen_regfile_latch.register_file_i/mem_reg[15][2]
  Impl LAT        Imp:/WORK/ibex_top/gen_regfile_latch.register_file_i/mem_reg[15][2]

  Ref  LAT        r:/WORK/ibex_top/gen_regfile_latch.register_file_i/mem_reg[15][30]
  Impl LAT        Imp:/WORK/ibex_top/gen_regfile_latch.register_file_i/mem_reg[15][30]

  Ref  LAT        r:/WORK/ibex_top/gen_regfile_latch.register_file_i/mem_reg[15][31]
  Impl LAT        Imp:/WORK/ibex_top/gen_regfile_latch.register_file_i/mem_reg[15][31]

  Ref  LAT        r:/WORK/ibex_top/gen_regfile_latch.register_file_i/mem_reg[15][3]
  Impl LAT        Imp:/WORK/ibex_top/gen_regfile_latch.register_file_i/mem_reg[15][3]

  Ref  LAT        r:/WORK/ibex_top/gen_regfile_latch.register_file_i/mem_reg[15][4]
  Impl LAT        Imp:/WORK/ibex_top/gen_regfile_latch.register_file_i/mem_reg[15][4]

  Ref  LAT        r:/WORK/ibex_top/gen_regfile_latch.register_file_i/mem_reg[15][5]
  Impl LAT        Imp:/WORK/ibex_top/gen_regfile_latch.register_file_i/mem_reg[15][5]

  Ref  LAT        r:/WORK/ibex_top/gen_regfile_latch.register_file_i/mem_reg[15][6]
  Impl LAT        Imp:/WORK/ibex_top/gen_regfile_latch.register_file_i/mem_reg[15][6]

  Ref  LAT        r:/WORK/ibex_top/gen_regfile_latch.register_file_i/mem_reg[15][7]
  Impl LAT        Imp:/WORK/ibex_top/gen_regfile_latch.register_file_i/mem_reg[15][7]

  Ref  LAT        r:/WORK/ibex_top/gen_regfile_latch.register_file_i/mem_reg[15][8]
  Impl LAT        Imp:/WORK/ibex_top/gen_regfile_latch.register_file_i/mem_reg[15][8]

  Ref  LAT        r:/WORK/ibex_top/gen_regfile_latch.register_file_i/mem_reg[15][9]
  Impl LAT        Imp:/WORK/ibex_top/gen_regfile_latch.register_file_i/mem_reg[15][9]

  Ref  LAT        r:/WORK/ibex_top/gen_regfile_latch.register_file_i/mem_reg[16][0]
  Impl LAT        Imp:/WORK/ibex_top/gen_regfile_latch.register_file_i/mem_reg[16][0]

  Ref  LAT        r:/WORK/ibex_top/gen_regfile_latch.register_file_i/mem_reg[16][10]
  Impl LAT        Imp:/WORK/ibex_top/gen_regfile_latch.register_file_i/mem_reg[16][10]

  Ref  LAT        r:/WORK/ibex_top/gen_regfile_latch.register_file_i/mem_reg[16][11]
  Impl LAT        Imp:/WORK/ibex_top/gen_regfile_latch.register_file_i/mem_reg[16][11]

  Ref  LAT        r:/WORK/ibex_top/gen_regfile_latch.register_file_i/mem_reg[16][12]
  Impl LAT        Imp:/WORK/ibex_top/gen_regfile_latch.register_file_i/mem_reg[16][12]

  Ref  LAT        r:/WORK/ibex_top/gen_regfile_latch.register_file_i/mem_reg[16][13]
  Impl LAT        Imp:/WORK/ibex_top/gen_regfile_latch.register_file_i/mem_reg[16][13]

  Ref  LAT        r:/WORK/ibex_top/gen_regfile_latch.register_file_i/mem_reg[16][14]
  Impl LAT        Imp:/WORK/ibex_top/gen_regfile_latch.register_file_i/mem_reg[16][14]

  Ref  LAT        r:/WORK/ibex_top/gen_regfile_latch.register_file_i/mem_reg[16][15]
  Impl LAT        Imp:/WORK/ibex_top/gen_regfile_latch.register_file_i/mem_reg[16][15]

  Ref  LAT        r:/WORK/ibex_top/gen_regfile_latch.register_file_i/mem_reg[16][16]
  Impl LAT        Imp:/WORK/ibex_top/gen_regfile_latch.register_file_i/mem_reg[16][16]

  Ref  LAT        r:/WORK/ibex_top/gen_regfile_latch.register_file_i/mem_reg[16][17]
  Impl LAT        Imp:/WORK/ibex_top/gen_regfile_latch.register_file_i/mem_reg[16][17]

  Ref  LAT        r:/WORK/ibex_top/gen_regfile_latch.register_file_i/mem_reg[16][18]
  Impl LAT        Imp:/WORK/ibex_top/gen_regfile_latch.register_file_i/mem_reg[16][18]

  Ref  LAT        r:/WORK/ibex_top/gen_regfile_latch.register_file_i/mem_reg[16][19]
  Impl LAT        Imp:/WORK/ibex_top/gen_regfile_latch.register_file_i/mem_reg[16][19]

  Ref  LAT        r:/WORK/ibex_top/gen_regfile_latch.register_file_i/mem_reg[16][1]
  Impl LAT        Imp:/WORK/ibex_top/gen_regfile_latch.register_file_i/mem_reg[16][1]

  Ref  LAT        r:/WORK/ibex_top/gen_regfile_latch.register_file_i/mem_reg[16][20]
  Impl LAT        Imp:/WORK/ibex_top/gen_regfile_latch.register_file_i/mem_reg[16][20]

  Ref  LAT        r:/WORK/ibex_top/gen_regfile_latch.register_file_i/mem_reg[16][21]
  Impl LAT        Imp:/WORK/ibex_top/gen_regfile_latch.register_file_i/mem_reg[16][21]

  Ref  LAT        r:/WORK/ibex_top/gen_regfile_latch.register_file_i/mem_reg[16][22]
  Impl LAT        Imp:/WORK/ibex_top/gen_regfile_latch.register_file_i/mem_reg[16][22]

  Ref  LAT        r:/WORK/ibex_top/gen_regfile_latch.register_file_i/mem_reg[16][23]
  Impl LAT        Imp:/WORK/ibex_top/gen_regfile_latch.register_file_i/mem_reg[16][23]

  Ref  LAT        r:/WORK/ibex_top/gen_regfile_latch.register_file_i/mem_reg[16][24]
  Impl LAT        Imp:/WORK/ibex_top/gen_regfile_latch.register_file_i/mem_reg[16][24]

  Ref  LAT        r:/WORK/ibex_top/gen_regfile_latch.register_file_i/mem_reg[16][25]
  Impl LAT        Imp:/WORK/ibex_top/gen_regfile_latch.register_file_i/mem_reg[16][25]

  Ref  LAT        r:/WORK/ibex_top/gen_regfile_latch.register_file_i/mem_reg[16][26]
  Impl LAT        Imp:/WORK/ibex_top/gen_regfile_latch.register_file_i/mem_reg[16][26]

  Ref  LAT        r:/WORK/ibex_top/gen_regfile_latch.register_file_i/mem_reg[16][27]
  Impl LAT        Imp:/WORK/ibex_top/gen_regfile_latch.register_file_i/mem_reg[16][27]

  Ref  LAT        r:/WORK/ibex_top/gen_regfile_latch.register_file_i/mem_reg[16][28]
  Impl LAT        Imp:/WORK/ibex_top/gen_regfile_latch.register_file_i/mem_reg[16][28]

  Ref  LAT        r:/WORK/ibex_top/gen_regfile_latch.register_file_i/mem_reg[16][29]
  Impl LAT        Imp:/WORK/ibex_top/gen_regfile_latch.register_file_i/mem_reg[16][29]

  Ref  LAT        r:/WORK/ibex_top/gen_regfile_latch.register_file_i/mem_reg[16][2]
  Impl LAT        Imp:/WORK/ibex_top/gen_regfile_latch.register_file_i/mem_reg[16][2]

  Ref  LAT        r:/WORK/ibex_top/gen_regfile_latch.register_file_i/mem_reg[16][30]
  Impl LAT        Imp:/WORK/ibex_top/gen_regfile_latch.register_file_i/mem_reg[16][30]

  Ref  LAT        r:/WORK/ibex_top/gen_regfile_latch.register_file_i/mem_reg[16][31]
  Impl LAT        Imp:/WORK/ibex_top/gen_regfile_latch.register_file_i/mem_reg[16][31]

  Ref  LAT        r:/WORK/ibex_top/gen_regfile_latch.register_file_i/mem_reg[16][3]
  Impl LAT        Imp:/WORK/ibex_top/gen_regfile_latch.register_file_i/mem_reg[16][3]

  Ref  LAT        r:/WORK/ibex_top/gen_regfile_latch.register_file_i/mem_reg[16][4]
  Impl LAT        Imp:/WORK/ibex_top/gen_regfile_latch.register_file_i/mem_reg[16][4]

  Ref  LAT        r:/WORK/ibex_top/gen_regfile_latch.register_file_i/mem_reg[16][5]
  Impl LAT        Imp:/WORK/ibex_top/gen_regfile_latch.register_file_i/mem_reg[16][5]

  Ref  LAT        r:/WORK/ibex_top/gen_regfile_latch.register_file_i/mem_reg[16][6]
  Impl LAT        Imp:/WORK/ibex_top/gen_regfile_latch.register_file_i/mem_reg[16][6]

  Ref  LAT        r:/WORK/ibex_top/gen_regfile_latch.register_file_i/mem_reg[16][7]
  Impl LAT        Imp:/WORK/ibex_top/gen_regfile_latch.register_file_i/mem_reg[16][7]

  Ref  LAT        r:/WORK/ibex_top/gen_regfile_latch.register_file_i/mem_reg[16][8]
  Impl LAT        Imp:/WORK/ibex_top/gen_regfile_latch.register_file_i/mem_reg[16][8]

  Ref  LAT        r:/WORK/ibex_top/gen_regfile_latch.register_file_i/mem_reg[16][9]
  Impl LAT        Imp:/WORK/ibex_top/gen_regfile_latch.register_file_i/mem_reg[16][9]

  Ref  LAT        r:/WORK/ibex_top/gen_regfile_latch.register_file_i/mem_reg[17][0]
  Impl LAT        Imp:/WORK/ibex_top/gen_regfile_latch.register_file_i/mem_reg[17][0]

  Ref  LAT        r:/WORK/ibex_top/gen_regfile_latch.register_file_i/mem_reg[17][10]
  Impl LAT        Imp:/WORK/ibex_top/gen_regfile_latch.register_file_i/mem_reg[17][10]

  Ref  LAT        r:/WORK/ibex_top/gen_regfile_latch.register_file_i/mem_reg[17][11]
  Impl LAT        Imp:/WORK/ibex_top/gen_regfile_latch.register_file_i/mem_reg[17][11]

  Ref  LAT        r:/WORK/ibex_top/gen_regfile_latch.register_file_i/mem_reg[17][12]
  Impl LAT        Imp:/WORK/ibex_top/gen_regfile_latch.register_file_i/mem_reg[17][12]

  Ref  LAT        r:/WORK/ibex_top/gen_regfile_latch.register_file_i/mem_reg[17][13]
  Impl LAT        Imp:/WORK/ibex_top/gen_regfile_latch.register_file_i/mem_reg[17][13]

  Ref  LAT        r:/WORK/ibex_top/gen_regfile_latch.register_file_i/mem_reg[17][14]
  Impl LAT        Imp:/WORK/ibex_top/gen_regfile_latch.register_file_i/mem_reg[17][14]

  Ref  LAT        r:/WORK/ibex_top/gen_regfile_latch.register_file_i/mem_reg[17][15]
  Impl LAT        Imp:/WORK/ibex_top/gen_regfile_latch.register_file_i/mem_reg[17][15]

  Ref  LAT        r:/WORK/ibex_top/gen_regfile_latch.register_file_i/mem_reg[17][16]
  Impl LAT        Imp:/WORK/ibex_top/gen_regfile_latch.register_file_i/mem_reg[17][16]

  Ref  LAT        r:/WORK/ibex_top/gen_regfile_latch.register_file_i/mem_reg[17][17]
  Impl LAT        Imp:/WORK/ibex_top/gen_regfile_latch.register_file_i/mem_reg[17][17]

  Ref  LAT        r:/WORK/ibex_top/gen_regfile_latch.register_file_i/mem_reg[17][18]
  Impl LAT        Imp:/WORK/ibex_top/gen_regfile_latch.register_file_i/mem_reg[17][18]

  Ref  LAT        r:/WORK/ibex_top/gen_regfile_latch.register_file_i/mem_reg[17][19]
  Impl LAT        Imp:/WORK/ibex_top/gen_regfile_latch.register_file_i/mem_reg[17][19]

  Ref  LAT        r:/WORK/ibex_top/gen_regfile_latch.register_file_i/mem_reg[17][1]
  Impl LAT        Imp:/WORK/ibex_top/gen_regfile_latch.register_file_i/mem_reg[17][1]

  Ref  LAT        r:/WORK/ibex_top/gen_regfile_latch.register_file_i/mem_reg[17][20]
  Impl LAT        Imp:/WORK/ibex_top/gen_regfile_latch.register_file_i/mem_reg[17][20]

  Ref  LAT        r:/WORK/ibex_top/gen_regfile_latch.register_file_i/mem_reg[17][21]
  Impl LAT        Imp:/WORK/ibex_top/gen_regfile_latch.register_file_i/mem_reg[17][21]

  Ref  LAT        r:/WORK/ibex_top/gen_regfile_latch.register_file_i/mem_reg[17][22]
  Impl LAT        Imp:/WORK/ibex_top/gen_regfile_latch.register_file_i/mem_reg[17][22]

  Ref  LAT        r:/WORK/ibex_top/gen_regfile_latch.register_file_i/mem_reg[17][23]
  Impl LAT        Imp:/WORK/ibex_top/gen_regfile_latch.register_file_i/mem_reg[17][23]

  Ref  LAT        r:/WORK/ibex_top/gen_regfile_latch.register_file_i/mem_reg[17][24]
  Impl LAT        Imp:/WORK/ibex_top/gen_regfile_latch.register_file_i/mem_reg[17][24]

  Ref  LAT        r:/WORK/ibex_top/gen_regfile_latch.register_file_i/mem_reg[17][25]
  Impl LAT        Imp:/WORK/ibex_top/gen_regfile_latch.register_file_i/mem_reg[17][25]

  Ref  LAT        r:/WORK/ibex_top/gen_regfile_latch.register_file_i/mem_reg[17][26]
  Impl LAT        Imp:/WORK/ibex_top/gen_regfile_latch.register_file_i/mem_reg[17][26]

  Ref  LAT        r:/WORK/ibex_top/gen_regfile_latch.register_file_i/mem_reg[17][27]
  Impl LAT        Imp:/WORK/ibex_top/gen_regfile_latch.register_file_i/mem_reg[17][27]

  Ref  LAT        r:/WORK/ibex_top/gen_regfile_latch.register_file_i/mem_reg[17][28]
  Impl LAT        Imp:/WORK/ibex_top/gen_regfile_latch.register_file_i/mem_reg[17][28]

  Ref  LAT        r:/WORK/ibex_top/gen_regfile_latch.register_file_i/mem_reg[17][29]
  Impl LAT        Imp:/WORK/ibex_top/gen_regfile_latch.register_file_i/mem_reg[17][29]

  Ref  LAT        r:/WORK/ibex_top/gen_regfile_latch.register_file_i/mem_reg[17][2]
  Impl LAT        Imp:/WORK/ibex_top/gen_regfile_latch.register_file_i/mem_reg[17][2]

  Ref  LAT        r:/WORK/ibex_top/gen_regfile_latch.register_file_i/mem_reg[17][30]
  Impl LAT        Imp:/WORK/ibex_top/gen_regfile_latch.register_file_i/mem_reg[17][30]

  Ref  LAT        r:/WORK/ibex_top/gen_regfile_latch.register_file_i/mem_reg[17][31]
  Impl LAT        Imp:/WORK/ibex_top/gen_regfile_latch.register_file_i/mem_reg[17][31]

  Ref  LAT        r:/WORK/ibex_top/gen_regfile_latch.register_file_i/mem_reg[17][3]
  Impl LAT        Imp:/WORK/ibex_top/gen_regfile_latch.register_file_i/mem_reg[17][3]

  Ref  LAT        r:/WORK/ibex_top/gen_regfile_latch.register_file_i/mem_reg[17][4]
  Impl LAT        Imp:/WORK/ibex_top/gen_regfile_latch.register_file_i/mem_reg[17][4]

  Ref  LAT        r:/WORK/ibex_top/gen_regfile_latch.register_file_i/mem_reg[17][5]
  Impl LAT        Imp:/WORK/ibex_top/gen_regfile_latch.register_file_i/mem_reg[17][5]

  Ref  LAT        r:/WORK/ibex_top/gen_regfile_latch.register_file_i/mem_reg[17][6]
  Impl LAT        Imp:/WORK/ibex_top/gen_regfile_latch.register_file_i/mem_reg[17][6]

  Ref  LAT        r:/WORK/ibex_top/gen_regfile_latch.register_file_i/mem_reg[17][7]
  Impl LAT        Imp:/WORK/ibex_top/gen_regfile_latch.register_file_i/mem_reg[17][7]

  Ref  LAT        r:/WORK/ibex_top/gen_regfile_latch.register_file_i/mem_reg[17][8]
  Impl LAT        Imp:/WORK/ibex_top/gen_regfile_latch.register_file_i/mem_reg[17][8]

  Ref  LAT        r:/WORK/ibex_top/gen_regfile_latch.register_file_i/mem_reg[17][9]
  Impl LAT        Imp:/WORK/ibex_top/gen_regfile_latch.register_file_i/mem_reg[17][9]

  Ref  LAT        r:/WORK/ibex_top/gen_regfile_latch.register_file_i/mem_reg[18][0]
  Impl LAT        Imp:/WORK/ibex_top/gen_regfile_latch.register_file_i/mem_reg[18][0]

  Ref  LAT        r:/WORK/ibex_top/gen_regfile_latch.register_file_i/mem_reg[18][10]
  Impl LAT        Imp:/WORK/ibex_top/gen_regfile_latch.register_file_i/mem_reg[18][10]

  Ref  LAT        r:/WORK/ibex_top/gen_regfile_latch.register_file_i/mem_reg[18][11]
  Impl LAT        Imp:/WORK/ibex_top/gen_regfile_latch.register_file_i/mem_reg[18][11]

  Ref  LAT        r:/WORK/ibex_top/gen_regfile_latch.register_file_i/mem_reg[18][12]
  Impl LAT        Imp:/WORK/ibex_top/gen_regfile_latch.register_file_i/mem_reg[18][12]

  Ref  LAT        r:/WORK/ibex_top/gen_regfile_latch.register_file_i/mem_reg[18][13]
  Impl LAT        Imp:/WORK/ibex_top/gen_regfile_latch.register_file_i/mem_reg[18][13]

  Ref  LAT        r:/WORK/ibex_top/gen_regfile_latch.register_file_i/mem_reg[18][14]
  Impl LAT        Imp:/WORK/ibex_top/gen_regfile_latch.register_file_i/mem_reg[18][14]

  Ref  LAT        r:/WORK/ibex_top/gen_regfile_latch.register_file_i/mem_reg[18][15]
  Impl LAT        Imp:/WORK/ibex_top/gen_regfile_latch.register_file_i/mem_reg[18][15]

  Ref  LAT        r:/WORK/ibex_top/gen_regfile_latch.register_file_i/mem_reg[18][16]
  Impl LAT        Imp:/WORK/ibex_top/gen_regfile_latch.register_file_i/mem_reg[18][16]

  Ref  LAT        r:/WORK/ibex_top/gen_regfile_latch.register_file_i/mem_reg[18][17]
  Impl LAT        Imp:/WORK/ibex_top/gen_regfile_latch.register_file_i/mem_reg[18][17]

  Ref  LAT        r:/WORK/ibex_top/gen_regfile_latch.register_file_i/mem_reg[18][18]
  Impl LAT        Imp:/WORK/ibex_top/gen_regfile_latch.register_file_i/mem_reg[18][18]

  Ref  LAT        r:/WORK/ibex_top/gen_regfile_latch.register_file_i/mem_reg[18][19]
  Impl LAT        Imp:/WORK/ibex_top/gen_regfile_latch.register_file_i/mem_reg[18][19]

  Ref  LAT        r:/WORK/ibex_top/gen_regfile_latch.register_file_i/mem_reg[18][1]
  Impl LAT        Imp:/WORK/ibex_top/gen_regfile_latch.register_file_i/mem_reg[18][1]

  Ref  LAT        r:/WORK/ibex_top/gen_regfile_latch.register_file_i/mem_reg[18][20]
  Impl LAT        Imp:/WORK/ibex_top/gen_regfile_latch.register_file_i/mem_reg[18][20]

  Ref  LAT        r:/WORK/ibex_top/gen_regfile_latch.register_file_i/mem_reg[18][21]
  Impl LAT        Imp:/WORK/ibex_top/gen_regfile_latch.register_file_i/mem_reg[18][21]

  Ref  LAT        r:/WORK/ibex_top/gen_regfile_latch.register_file_i/mem_reg[18][22]
  Impl LAT        Imp:/WORK/ibex_top/gen_regfile_latch.register_file_i/mem_reg[18][22]

  Ref  LAT        r:/WORK/ibex_top/gen_regfile_latch.register_file_i/mem_reg[18][23]
  Impl LAT        Imp:/WORK/ibex_top/gen_regfile_latch.register_file_i/mem_reg[18][23]

  Ref  LAT        r:/WORK/ibex_top/gen_regfile_latch.register_file_i/mem_reg[18][24]
  Impl LAT        Imp:/WORK/ibex_top/gen_regfile_latch.register_file_i/mem_reg[18][24]

  Ref  LAT        r:/WORK/ibex_top/gen_regfile_latch.register_file_i/mem_reg[18][25]
  Impl LAT        Imp:/WORK/ibex_top/gen_regfile_latch.register_file_i/mem_reg[18][25]

  Ref  LAT        r:/WORK/ibex_top/gen_regfile_latch.register_file_i/mem_reg[18][26]
  Impl LAT        Imp:/WORK/ibex_top/gen_regfile_latch.register_file_i/mem_reg[18][26]

  Ref  LAT        r:/WORK/ibex_top/gen_regfile_latch.register_file_i/mem_reg[18][27]
  Impl LAT        Imp:/WORK/ibex_top/gen_regfile_latch.register_file_i/mem_reg[18][27]

  Ref  LAT        r:/WORK/ibex_top/gen_regfile_latch.register_file_i/mem_reg[18][28]
  Impl LAT        Imp:/WORK/ibex_top/gen_regfile_latch.register_file_i/mem_reg[18][28]

  Ref  LAT        r:/WORK/ibex_top/gen_regfile_latch.register_file_i/mem_reg[18][29]
  Impl LAT        Imp:/WORK/ibex_top/gen_regfile_latch.register_file_i/mem_reg[18][29]

  Ref  LAT        r:/WORK/ibex_top/gen_regfile_latch.register_file_i/mem_reg[18][2]
  Impl LAT        Imp:/WORK/ibex_top/gen_regfile_latch.register_file_i/mem_reg[18][2]

  Ref  LAT        r:/WORK/ibex_top/gen_regfile_latch.register_file_i/mem_reg[18][30]
  Impl LAT        Imp:/WORK/ibex_top/gen_regfile_latch.register_file_i/mem_reg[18][30]

  Ref  LAT        r:/WORK/ibex_top/gen_regfile_latch.register_file_i/mem_reg[18][31]
  Impl LAT        Imp:/WORK/ibex_top/gen_regfile_latch.register_file_i/mem_reg[18][31]

  Ref  LAT        r:/WORK/ibex_top/gen_regfile_latch.register_file_i/mem_reg[18][3]
  Impl LAT        Imp:/WORK/ibex_top/gen_regfile_latch.register_file_i/mem_reg[18][3]

  Ref  LAT        r:/WORK/ibex_top/gen_regfile_latch.register_file_i/mem_reg[18][4]
  Impl LAT        Imp:/WORK/ibex_top/gen_regfile_latch.register_file_i/mem_reg[18][4]

  Ref  LAT        r:/WORK/ibex_top/gen_regfile_latch.register_file_i/mem_reg[18][5]
  Impl LAT        Imp:/WORK/ibex_top/gen_regfile_latch.register_file_i/mem_reg[18][5]

  Ref  LAT        r:/WORK/ibex_top/gen_regfile_latch.register_file_i/mem_reg[18][6]
  Impl LAT        Imp:/WORK/ibex_top/gen_regfile_latch.register_file_i/mem_reg[18][6]

  Ref  LAT        r:/WORK/ibex_top/gen_regfile_latch.register_file_i/mem_reg[18][7]
  Impl LAT        Imp:/WORK/ibex_top/gen_regfile_latch.register_file_i/mem_reg[18][7]

  Ref  LAT        r:/WORK/ibex_top/gen_regfile_latch.register_file_i/mem_reg[18][8]
  Impl LAT        Imp:/WORK/ibex_top/gen_regfile_latch.register_file_i/mem_reg[18][8]

  Ref  LAT        r:/WORK/ibex_top/gen_regfile_latch.register_file_i/mem_reg[18][9]
  Impl LAT        Imp:/WORK/ibex_top/gen_regfile_latch.register_file_i/mem_reg[18][9]

  Ref  LAT        r:/WORK/ibex_top/gen_regfile_latch.register_file_i/mem_reg[19][0]
  Impl LAT        Imp:/WORK/ibex_top/gen_regfile_latch.register_file_i/mem_reg[19][0]

  Ref  LAT        r:/WORK/ibex_top/gen_regfile_latch.register_file_i/mem_reg[19][10]
  Impl LAT        Imp:/WORK/ibex_top/gen_regfile_latch.register_file_i/mem_reg[19][10]

  Ref  LAT        r:/WORK/ibex_top/gen_regfile_latch.register_file_i/mem_reg[19][11]
  Impl LAT        Imp:/WORK/ibex_top/gen_regfile_latch.register_file_i/mem_reg[19][11]

  Ref  LAT        r:/WORK/ibex_top/gen_regfile_latch.register_file_i/mem_reg[19][12]
  Impl LAT        Imp:/WORK/ibex_top/gen_regfile_latch.register_file_i/mem_reg[19][12]

  Ref  LAT        r:/WORK/ibex_top/gen_regfile_latch.register_file_i/mem_reg[19][13]
  Impl LAT        Imp:/WORK/ibex_top/gen_regfile_latch.register_file_i/mem_reg[19][13]

  Ref  LAT        r:/WORK/ibex_top/gen_regfile_latch.register_file_i/mem_reg[19][14]
  Impl LAT        Imp:/WORK/ibex_top/gen_regfile_latch.register_file_i/mem_reg[19][14]

  Ref  LAT        r:/WORK/ibex_top/gen_regfile_latch.register_file_i/mem_reg[19][15]
  Impl LAT        Imp:/WORK/ibex_top/gen_regfile_latch.register_file_i/mem_reg[19][15]

  Ref  LAT        r:/WORK/ibex_top/gen_regfile_latch.register_file_i/mem_reg[19][16]
  Impl LAT        Imp:/WORK/ibex_top/gen_regfile_latch.register_file_i/mem_reg[19][16]

  Ref  LAT        r:/WORK/ibex_top/gen_regfile_latch.register_file_i/mem_reg[19][17]
  Impl LAT        Imp:/WORK/ibex_top/gen_regfile_latch.register_file_i/mem_reg[19][17]

  Ref  LAT        r:/WORK/ibex_top/gen_regfile_latch.register_file_i/mem_reg[19][18]
  Impl LAT        Imp:/WORK/ibex_top/gen_regfile_latch.register_file_i/mem_reg[19][18]

  Ref  LAT        r:/WORK/ibex_top/gen_regfile_latch.register_file_i/mem_reg[19][19]
  Impl LAT        Imp:/WORK/ibex_top/gen_regfile_latch.register_file_i/mem_reg[19][19]

  Ref  LAT        r:/WORK/ibex_top/gen_regfile_latch.register_file_i/mem_reg[19][1]
  Impl LAT        Imp:/WORK/ibex_top/gen_regfile_latch.register_file_i/mem_reg[19][1]

  Ref  LAT        r:/WORK/ibex_top/gen_regfile_latch.register_file_i/mem_reg[19][20]
  Impl LAT        Imp:/WORK/ibex_top/gen_regfile_latch.register_file_i/mem_reg[19][20]

  Ref  LAT        r:/WORK/ibex_top/gen_regfile_latch.register_file_i/mem_reg[19][21]
  Impl LAT        Imp:/WORK/ibex_top/gen_regfile_latch.register_file_i/mem_reg[19][21]

  Ref  LAT        r:/WORK/ibex_top/gen_regfile_latch.register_file_i/mem_reg[19][22]
  Impl LAT        Imp:/WORK/ibex_top/gen_regfile_latch.register_file_i/mem_reg[19][22]

  Ref  LAT        r:/WORK/ibex_top/gen_regfile_latch.register_file_i/mem_reg[19][23]
  Impl LAT        Imp:/WORK/ibex_top/gen_regfile_latch.register_file_i/mem_reg[19][23]

  Ref  LAT        r:/WORK/ibex_top/gen_regfile_latch.register_file_i/mem_reg[19][24]
  Impl LAT        Imp:/WORK/ibex_top/gen_regfile_latch.register_file_i/mem_reg[19][24]

  Ref  LAT        r:/WORK/ibex_top/gen_regfile_latch.register_file_i/mem_reg[19][25]
  Impl LAT        Imp:/WORK/ibex_top/gen_regfile_latch.register_file_i/mem_reg[19][25]

  Ref  LAT        r:/WORK/ibex_top/gen_regfile_latch.register_file_i/mem_reg[19][26]
  Impl LAT        Imp:/WORK/ibex_top/gen_regfile_latch.register_file_i/mem_reg[19][26]

  Ref  LAT        r:/WORK/ibex_top/gen_regfile_latch.register_file_i/mem_reg[19][27]
  Impl LAT        Imp:/WORK/ibex_top/gen_regfile_latch.register_file_i/mem_reg[19][27]

  Ref  LAT        r:/WORK/ibex_top/gen_regfile_latch.register_file_i/mem_reg[19][28]
  Impl LAT        Imp:/WORK/ibex_top/gen_regfile_latch.register_file_i/mem_reg[19][28]

  Ref  LAT        r:/WORK/ibex_top/gen_regfile_latch.register_file_i/mem_reg[19][29]
  Impl LAT        Imp:/WORK/ibex_top/gen_regfile_latch.register_file_i/mem_reg[19][29]

  Ref  LAT        r:/WORK/ibex_top/gen_regfile_latch.register_file_i/mem_reg[19][2]
  Impl LAT        Imp:/WORK/ibex_top/gen_regfile_latch.register_file_i/mem_reg[19][2]

  Ref  LAT        r:/WORK/ibex_top/gen_regfile_latch.register_file_i/mem_reg[19][30]
  Impl LAT        Imp:/WORK/ibex_top/gen_regfile_latch.register_file_i/mem_reg[19][30]

  Ref  LAT        r:/WORK/ibex_top/gen_regfile_latch.register_file_i/mem_reg[19][31]
  Impl LAT        Imp:/WORK/ibex_top/gen_regfile_latch.register_file_i/mem_reg[19][31]

  Ref  LAT        r:/WORK/ibex_top/gen_regfile_latch.register_file_i/mem_reg[19][3]
  Impl LAT        Imp:/WORK/ibex_top/gen_regfile_latch.register_file_i/mem_reg[19][3]

  Ref  LAT        r:/WORK/ibex_top/gen_regfile_latch.register_file_i/mem_reg[19][4]
  Impl LAT        Imp:/WORK/ibex_top/gen_regfile_latch.register_file_i/mem_reg[19][4]

  Ref  LAT        r:/WORK/ibex_top/gen_regfile_latch.register_file_i/mem_reg[19][5]
  Impl LAT        Imp:/WORK/ibex_top/gen_regfile_latch.register_file_i/mem_reg[19][5]

  Ref  LAT        r:/WORK/ibex_top/gen_regfile_latch.register_file_i/mem_reg[19][6]
  Impl LAT        Imp:/WORK/ibex_top/gen_regfile_latch.register_file_i/mem_reg[19][6]

  Ref  LAT        r:/WORK/ibex_top/gen_regfile_latch.register_file_i/mem_reg[19][7]
  Impl LAT        Imp:/WORK/ibex_top/gen_regfile_latch.register_file_i/mem_reg[19][7]

  Ref  LAT        r:/WORK/ibex_top/gen_regfile_latch.register_file_i/mem_reg[19][8]
  Impl LAT        Imp:/WORK/ibex_top/gen_regfile_latch.register_file_i/mem_reg[19][8]

  Ref  LAT        r:/WORK/ibex_top/gen_regfile_latch.register_file_i/mem_reg[19][9]
  Impl LAT        Imp:/WORK/ibex_top/gen_regfile_latch.register_file_i/mem_reg[19][9]

  Ref  LAT        r:/WORK/ibex_top/gen_regfile_latch.register_file_i/mem_reg[1][0]
  Impl LAT        Imp:/WORK/ibex_top/gen_regfile_latch.register_file_i/mem_reg[1][0]

  Ref  LAT        r:/WORK/ibex_top/gen_regfile_latch.register_file_i/mem_reg[1][10]
  Impl LAT        Imp:/WORK/ibex_top/gen_regfile_latch.register_file_i/mem_reg[1][10]

  Ref  LAT        r:/WORK/ibex_top/gen_regfile_latch.register_file_i/mem_reg[1][11]
  Impl LAT        Imp:/WORK/ibex_top/gen_regfile_latch.register_file_i/mem_reg[1][11]

  Ref  LAT        r:/WORK/ibex_top/gen_regfile_latch.register_file_i/mem_reg[1][12]
  Impl LAT        Imp:/WORK/ibex_top/gen_regfile_latch.register_file_i/mem_reg[1][12]

  Ref  LAT        r:/WORK/ibex_top/gen_regfile_latch.register_file_i/mem_reg[1][13]
  Impl LAT        Imp:/WORK/ibex_top/gen_regfile_latch.register_file_i/mem_reg[1][13]

  Ref  LAT        r:/WORK/ibex_top/gen_regfile_latch.register_file_i/mem_reg[1][14]
  Impl LAT        Imp:/WORK/ibex_top/gen_regfile_latch.register_file_i/mem_reg[1][14]

  Ref  LAT        r:/WORK/ibex_top/gen_regfile_latch.register_file_i/mem_reg[1][15]
  Impl LAT        Imp:/WORK/ibex_top/gen_regfile_latch.register_file_i/mem_reg[1][15]

  Ref  LAT        r:/WORK/ibex_top/gen_regfile_latch.register_file_i/mem_reg[1][16]
  Impl LAT        Imp:/WORK/ibex_top/gen_regfile_latch.register_file_i/mem_reg[1][16]

  Ref  LAT        r:/WORK/ibex_top/gen_regfile_latch.register_file_i/mem_reg[1][17]
  Impl LAT        Imp:/WORK/ibex_top/gen_regfile_latch.register_file_i/mem_reg[1][17]

  Ref  LAT        r:/WORK/ibex_top/gen_regfile_latch.register_file_i/mem_reg[1][18]
  Impl LAT        Imp:/WORK/ibex_top/gen_regfile_latch.register_file_i/mem_reg[1][18]

  Ref  LAT        r:/WORK/ibex_top/gen_regfile_latch.register_file_i/mem_reg[1][19]
  Impl LAT        Imp:/WORK/ibex_top/gen_regfile_latch.register_file_i/mem_reg[1][19]

  Ref  LAT        r:/WORK/ibex_top/gen_regfile_latch.register_file_i/mem_reg[1][1]
  Impl LAT        Imp:/WORK/ibex_top/gen_regfile_latch.register_file_i/mem_reg[1][1]

  Ref  LAT        r:/WORK/ibex_top/gen_regfile_latch.register_file_i/mem_reg[1][20]
  Impl LAT        Imp:/WORK/ibex_top/gen_regfile_latch.register_file_i/mem_reg[1][20]

  Ref  LAT        r:/WORK/ibex_top/gen_regfile_latch.register_file_i/mem_reg[1][21]
  Impl LAT        Imp:/WORK/ibex_top/gen_regfile_latch.register_file_i/mem_reg[1][21]

  Ref  LAT        r:/WORK/ibex_top/gen_regfile_latch.register_file_i/mem_reg[1][22]
  Impl LAT        Imp:/WORK/ibex_top/gen_regfile_latch.register_file_i/mem_reg[1][22]

  Ref  LAT        r:/WORK/ibex_top/gen_regfile_latch.register_file_i/mem_reg[1][23]
  Impl LAT        Imp:/WORK/ibex_top/gen_regfile_latch.register_file_i/mem_reg[1][23]

  Ref  LAT        r:/WORK/ibex_top/gen_regfile_latch.register_file_i/mem_reg[1][24]
  Impl LAT        Imp:/WORK/ibex_top/gen_regfile_latch.register_file_i/mem_reg[1][24]

  Ref  LAT        r:/WORK/ibex_top/gen_regfile_latch.register_file_i/mem_reg[1][25]
  Impl LAT        Imp:/WORK/ibex_top/gen_regfile_latch.register_file_i/mem_reg[1][25]

  Ref  LAT        r:/WORK/ibex_top/gen_regfile_latch.register_file_i/mem_reg[1][26]
  Impl LAT        Imp:/WORK/ibex_top/gen_regfile_latch.register_file_i/mem_reg[1][26]

  Ref  LAT        r:/WORK/ibex_top/gen_regfile_latch.register_file_i/mem_reg[1][27]
  Impl LAT        Imp:/WORK/ibex_top/gen_regfile_latch.register_file_i/mem_reg[1][27]

  Ref  LAT        r:/WORK/ibex_top/gen_regfile_latch.register_file_i/mem_reg[1][28]
  Impl LAT        Imp:/WORK/ibex_top/gen_regfile_latch.register_file_i/mem_reg[1][28]

  Ref  LAT        r:/WORK/ibex_top/gen_regfile_latch.register_file_i/mem_reg[1][29]
  Impl LAT        Imp:/WORK/ibex_top/gen_regfile_latch.register_file_i/mem_reg[1][29]

  Ref  LAT        r:/WORK/ibex_top/gen_regfile_latch.register_file_i/mem_reg[1][2]
  Impl LAT        Imp:/WORK/ibex_top/gen_regfile_latch.register_file_i/mem_reg[1][2]

  Ref  LAT        r:/WORK/ibex_top/gen_regfile_latch.register_file_i/mem_reg[1][30]
  Impl LAT        Imp:/WORK/ibex_top/gen_regfile_latch.register_file_i/mem_reg[1][30]

  Ref  LAT        r:/WORK/ibex_top/gen_regfile_latch.register_file_i/mem_reg[1][31]
  Impl LAT        Imp:/WORK/ibex_top/gen_regfile_latch.register_file_i/mem_reg[1][31]

  Ref  LAT        r:/WORK/ibex_top/gen_regfile_latch.register_file_i/mem_reg[1][3]
  Impl LAT        Imp:/WORK/ibex_top/gen_regfile_latch.register_file_i/mem_reg[1][3]

  Ref  LAT        r:/WORK/ibex_top/gen_regfile_latch.register_file_i/mem_reg[1][4]
  Impl LAT        Imp:/WORK/ibex_top/gen_regfile_latch.register_file_i/mem_reg[1][4]

  Ref  LAT        r:/WORK/ibex_top/gen_regfile_latch.register_file_i/mem_reg[1][5]
  Impl LAT        Imp:/WORK/ibex_top/gen_regfile_latch.register_file_i/mem_reg[1][5]

  Ref  LAT        r:/WORK/ibex_top/gen_regfile_latch.register_file_i/mem_reg[1][6]
  Impl LAT        Imp:/WORK/ibex_top/gen_regfile_latch.register_file_i/mem_reg[1][6]

  Ref  LAT        r:/WORK/ibex_top/gen_regfile_latch.register_file_i/mem_reg[1][7]
  Impl LAT        Imp:/WORK/ibex_top/gen_regfile_latch.register_file_i/mem_reg[1][7]

  Ref  LAT        r:/WORK/ibex_top/gen_regfile_latch.register_file_i/mem_reg[1][8]
  Impl LAT        Imp:/WORK/ibex_top/gen_regfile_latch.register_file_i/mem_reg[1][8]

  Ref  LAT        r:/WORK/ibex_top/gen_regfile_latch.register_file_i/mem_reg[1][9]
  Impl LAT        Imp:/WORK/ibex_top/gen_regfile_latch.register_file_i/mem_reg[1][9]

  Ref  LAT        r:/WORK/ibex_top/gen_regfile_latch.register_file_i/mem_reg[20][0]
  Impl LAT        Imp:/WORK/ibex_top/gen_regfile_latch.register_file_i/mem_reg[20][0]

  Ref  LAT        r:/WORK/ibex_top/gen_regfile_latch.register_file_i/mem_reg[20][10]
  Impl LAT        Imp:/WORK/ibex_top/gen_regfile_latch.register_file_i/mem_reg[20][10]

  Ref  LAT        r:/WORK/ibex_top/gen_regfile_latch.register_file_i/mem_reg[20][11]
  Impl LAT        Imp:/WORK/ibex_top/gen_regfile_latch.register_file_i/mem_reg[20][11]

  Ref  LAT        r:/WORK/ibex_top/gen_regfile_latch.register_file_i/mem_reg[20][12]
  Impl LAT        Imp:/WORK/ibex_top/gen_regfile_latch.register_file_i/mem_reg[20][12]

  Ref  LAT        r:/WORK/ibex_top/gen_regfile_latch.register_file_i/mem_reg[20][13]
  Impl LAT        Imp:/WORK/ibex_top/gen_regfile_latch.register_file_i/mem_reg[20][13]

  Ref  LAT        r:/WORK/ibex_top/gen_regfile_latch.register_file_i/mem_reg[20][14]
  Impl LAT        Imp:/WORK/ibex_top/gen_regfile_latch.register_file_i/mem_reg[20][14]

  Ref  LAT        r:/WORK/ibex_top/gen_regfile_latch.register_file_i/mem_reg[20][15]
  Impl LAT        Imp:/WORK/ibex_top/gen_regfile_latch.register_file_i/mem_reg[20][15]

  Ref  LAT        r:/WORK/ibex_top/gen_regfile_latch.register_file_i/mem_reg[20][16]
  Impl LAT        Imp:/WORK/ibex_top/gen_regfile_latch.register_file_i/mem_reg[20][16]

  Ref  LAT        r:/WORK/ibex_top/gen_regfile_latch.register_file_i/mem_reg[20][17]
  Impl LAT        Imp:/WORK/ibex_top/gen_regfile_latch.register_file_i/mem_reg[20][17]

  Ref  LAT        r:/WORK/ibex_top/gen_regfile_latch.register_file_i/mem_reg[20][18]
  Impl LAT        Imp:/WORK/ibex_top/gen_regfile_latch.register_file_i/mem_reg[20][18]

  Ref  LAT        r:/WORK/ibex_top/gen_regfile_latch.register_file_i/mem_reg[20][19]
  Impl LAT        Imp:/WORK/ibex_top/gen_regfile_latch.register_file_i/mem_reg[20][19]

  Ref  LAT        r:/WORK/ibex_top/gen_regfile_latch.register_file_i/mem_reg[20][1]
  Impl LAT        Imp:/WORK/ibex_top/gen_regfile_latch.register_file_i/mem_reg[20][1]

  Ref  LAT        r:/WORK/ibex_top/gen_regfile_latch.register_file_i/mem_reg[20][20]
  Impl LAT        Imp:/WORK/ibex_top/gen_regfile_latch.register_file_i/mem_reg[20][20]

  Ref  LAT        r:/WORK/ibex_top/gen_regfile_latch.register_file_i/mem_reg[20][21]
  Impl LAT        Imp:/WORK/ibex_top/gen_regfile_latch.register_file_i/mem_reg[20][21]

  Ref  LAT        r:/WORK/ibex_top/gen_regfile_latch.register_file_i/mem_reg[20][22]
  Impl LAT        Imp:/WORK/ibex_top/gen_regfile_latch.register_file_i/mem_reg[20][22]

  Ref  LAT        r:/WORK/ibex_top/gen_regfile_latch.register_file_i/mem_reg[20][23]
  Impl LAT        Imp:/WORK/ibex_top/gen_regfile_latch.register_file_i/mem_reg[20][23]

  Ref  LAT        r:/WORK/ibex_top/gen_regfile_latch.register_file_i/mem_reg[20][24]
  Impl LAT        Imp:/WORK/ibex_top/gen_regfile_latch.register_file_i/mem_reg[20][24]

  Ref  LAT        r:/WORK/ibex_top/gen_regfile_latch.register_file_i/mem_reg[20][25]
  Impl LAT        Imp:/WORK/ibex_top/gen_regfile_latch.register_file_i/mem_reg[20][25]

  Ref  LAT        r:/WORK/ibex_top/gen_regfile_latch.register_file_i/mem_reg[20][26]
  Impl LAT        Imp:/WORK/ibex_top/gen_regfile_latch.register_file_i/mem_reg[20][26]

  Ref  LAT        r:/WORK/ibex_top/gen_regfile_latch.register_file_i/mem_reg[20][27]
  Impl LAT        Imp:/WORK/ibex_top/gen_regfile_latch.register_file_i/mem_reg[20][27]

  Ref  LAT        r:/WORK/ibex_top/gen_regfile_latch.register_file_i/mem_reg[20][28]
  Impl LAT        Imp:/WORK/ibex_top/gen_regfile_latch.register_file_i/mem_reg[20][28]

  Ref  LAT        r:/WORK/ibex_top/gen_regfile_latch.register_file_i/mem_reg[20][29]
  Impl LAT        Imp:/WORK/ibex_top/gen_regfile_latch.register_file_i/mem_reg[20][29]

  Ref  LAT        r:/WORK/ibex_top/gen_regfile_latch.register_file_i/mem_reg[20][2]
  Impl LAT        Imp:/WORK/ibex_top/gen_regfile_latch.register_file_i/mem_reg[20][2]

  Ref  LAT        r:/WORK/ibex_top/gen_regfile_latch.register_file_i/mem_reg[20][30]
  Impl LAT        Imp:/WORK/ibex_top/gen_regfile_latch.register_file_i/mem_reg[20][30]

  Ref  LAT        r:/WORK/ibex_top/gen_regfile_latch.register_file_i/mem_reg[20][31]
  Impl LAT        Imp:/WORK/ibex_top/gen_regfile_latch.register_file_i/mem_reg[20][31]

  Ref  LAT        r:/WORK/ibex_top/gen_regfile_latch.register_file_i/mem_reg[20][3]
  Impl LAT        Imp:/WORK/ibex_top/gen_regfile_latch.register_file_i/mem_reg[20][3]

  Ref  LAT        r:/WORK/ibex_top/gen_regfile_latch.register_file_i/mem_reg[20][4]
  Impl LAT        Imp:/WORK/ibex_top/gen_regfile_latch.register_file_i/mem_reg[20][4]

  Ref  LAT        r:/WORK/ibex_top/gen_regfile_latch.register_file_i/mem_reg[20][5]
  Impl LAT        Imp:/WORK/ibex_top/gen_regfile_latch.register_file_i/mem_reg[20][5]

  Ref  LAT        r:/WORK/ibex_top/gen_regfile_latch.register_file_i/mem_reg[20][6]
  Impl LAT        Imp:/WORK/ibex_top/gen_regfile_latch.register_file_i/mem_reg[20][6]

  Ref  LAT        r:/WORK/ibex_top/gen_regfile_latch.register_file_i/mem_reg[20][7]
  Impl LAT        Imp:/WORK/ibex_top/gen_regfile_latch.register_file_i/mem_reg[20][7]

  Ref  LAT        r:/WORK/ibex_top/gen_regfile_latch.register_file_i/mem_reg[20][8]
  Impl LAT        Imp:/WORK/ibex_top/gen_regfile_latch.register_file_i/mem_reg[20][8]

  Ref  LAT        r:/WORK/ibex_top/gen_regfile_latch.register_file_i/mem_reg[20][9]
  Impl LAT        Imp:/WORK/ibex_top/gen_regfile_latch.register_file_i/mem_reg[20][9]

  Ref  LAT        r:/WORK/ibex_top/gen_regfile_latch.register_file_i/mem_reg[21][0]
  Impl LAT        Imp:/WORK/ibex_top/gen_regfile_latch.register_file_i/mem_reg[21][0]

  Ref  LAT        r:/WORK/ibex_top/gen_regfile_latch.register_file_i/mem_reg[21][10]
  Impl LAT        Imp:/WORK/ibex_top/gen_regfile_latch.register_file_i/mem_reg[21][10]

  Ref  LAT        r:/WORK/ibex_top/gen_regfile_latch.register_file_i/mem_reg[21][11]
  Impl LAT        Imp:/WORK/ibex_top/gen_regfile_latch.register_file_i/mem_reg[21][11]

  Ref  LAT        r:/WORK/ibex_top/gen_regfile_latch.register_file_i/mem_reg[21][12]
  Impl LAT        Imp:/WORK/ibex_top/gen_regfile_latch.register_file_i/mem_reg[21][12]

  Ref  LAT        r:/WORK/ibex_top/gen_regfile_latch.register_file_i/mem_reg[21][13]
  Impl LAT        Imp:/WORK/ibex_top/gen_regfile_latch.register_file_i/mem_reg[21][13]

  Ref  LAT        r:/WORK/ibex_top/gen_regfile_latch.register_file_i/mem_reg[21][14]
  Impl LAT        Imp:/WORK/ibex_top/gen_regfile_latch.register_file_i/mem_reg[21][14]

  Ref  LAT        r:/WORK/ibex_top/gen_regfile_latch.register_file_i/mem_reg[21][15]
  Impl LAT        Imp:/WORK/ibex_top/gen_regfile_latch.register_file_i/mem_reg[21][15]

  Ref  LAT        r:/WORK/ibex_top/gen_regfile_latch.register_file_i/mem_reg[21][16]
  Impl LAT        Imp:/WORK/ibex_top/gen_regfile_latch.register_file_i/mem_reg[21][16]

  Ref  LAT        r:/WORK/ibex_top/gen_regfile_latch.register_file_i/mem_reg[21][17]
  Impl LAT        Imp:/WORK/ibex_top/gen_regfile_latch.register_file_i/mem_reg[21][17]

  Ref  LAT        r:/WORK/ibex_top/gen_regfile_latch.register_file_i/mem_reg[21][18]
  Impl LAT        Imp:/WORK/ibex_top/gen_regfile_latch.register_file_i/mem_reg[21][18]

  Ref  LAT        r:/WORK/ibex_top/gen_regfile_latch.register_file_i/mem_reg[21][19]
  Impl LAT        Imp:/WORK/ibex_top/gen_regfile_latch.register_file_i/mem_reg[21][19]

  Ref  LAT        r:/WORK/ibex_top/gen_regfile_latch.register_file_i/mem_reg[21][1]
  Impl LAT        Imp:/WORK/ibex_top/gen_regfile_latch.register_file_i/mem_reg[21][1]

  Ref  LAT        r:/WORK/ibex_top/gen_regfile_latch.register_file_i/mem_reg[21][20]
  Impl LAT        Imp:/WORK/ibex_top/gen_regfile_latch.register_file_i/mem_reg[21][20]

  Ref  LAT        r:/WORK/ibex_top/gen_regfile_latch.register_file_i/mem_reg[21][21]
  Impl LAT        Imp:/WORK/ibex_top/gen_regfile_latch.register_file_i/mem_reg[21][21]

  Ref  LAT        r:/WORK/ibex_top/gen_regfile_latch.register_file_i/mem_reg[21][22]
  Impl LAT        Imp:/WORK/ibex_top/gen_regfile_latch.register_file_i/mem_reg[21][22]

  Ref  LAT        r:/WORK/ibex_top/gen_regfile_latch.register_file_i/mem_reg[21][23]
  Impl LAT        Imp:/WORK/ibex_top/gen_regfile_latch.register_file_i/mem_reg[21][23]

  Ref  LAT        r:/WORK/ibex_top/gen_regfile_latch.register_file_i/mem_reg[21][24]
  Impl LAT        Imp:/WORK/ibex_top/gen_regfile_latch.register_file_i/mem_reg[21][24]

  Ref  LAT        r:/WORK/ibex_top/gen_regfile_latch.register_file_i/mem_reg[21][25]
  Impl LAT        Imp:/WORK/ibex_top/gen_regfile_latch.register_file_i/mem_reg[21][25]

  Ref  LAT        r:/WORK/ibex_top/gen_regfile_latch.register_file_i/mem_reg[21][26]
  Impl LAT        Imp:/WORK/ibex_top/gen_regfile_latch.register_file_i/mem_reg[21][26]

  Ref  LAT        r:/WORK/ibex_top/gen_regfile_latch.register_file_i/mem_reg[21][27]
  Impl LAT        Imp:/WORK/ibex_top/gen_regfile_latch.register_file_i/mem_reg[21][27]

  Ref  LAT        r:/WORK/ibex_top/gen_regfile_latch.register_file_i/mem_reg[21][28]
  Impl LAT        Imp:/WORK/ibex_top/gen_regfile_latch.register_file_i/mem_reg[21][28]

  Ref  LAT        r:/WORK/ibex_top/gen_regfile_latch.register_file_i/mem_reg[21][29]
  Impl LAT        Imp:/WORK/ibex_top/gen_regfile_latch.register_file_i/mem_reg[21][29]

  Ref  LAT        r:/WORK/ibex_top/gen_regfile_latch.register_file_i/mem_reg[21][2]
  Impl LAT        Imp:/WORK/ibex_top/gen_regfile_latch.register_file_i/mem_reg[21][2]

  Ref  LAT        r:/WORK/ibex_top/gen_regfile_latch.register_file_i/mem_reg[21][30]
  Impl LAT        Imp:/WORK/ibex_top/gen_regfile_latch.register_file_i/mem_reg[21][30]

  Ref  LAT        r:/WORK/ibex_top/gen_regfile_latch.register_file_i/mem_reg[21][31]
  Impl LAT        Imp:/WORK/ibex_top/gen_regfile_latch.register_file_i/mem_reg[21][31]

  Ref  LAT        r:/WORK/ibex_top/gen_regfile_latch.register_file_i/mem_reg[21][3]
  Impl LAT        Imp:/WORK/ibex_top/gen_regfile_latch.register_file_i/mem_reg[21][3]

  Ref  LAT        r:/WORK/ibex_top/gen_regfile_latch.register_file_i/mem_reg[21][4]
  Impl LAT        Imp:/WORK/ibex_top/gen_regfile_latch.register_file_i/mem_reg[21][4]

  Ref  LAT        r:/WORK/ibex_top/gen_regfile_latch.register_file_i/mem_reg[21][5]
  Impl LAT        Imp:/WORK/ibex_top/gen_regfile_latch.register_file_i/mem_reg[21][5]

  Ref  LAT        r:/WORK/ibex_top/gen_regfile_latch.register_file_i/mem_reg[21][6]
  Impl LAT        Imp:/WORK/ibex_top/gen_regfile_latch.register_file_i/mem_reg[21][6]

  Ref  LAT        r:/WORK/ibex_top/gen_regfile_latch.register_file_i/mem_reg[21][7]
  Impl LAT        Imp:/WORK/ibex_top/gen_regfile_latch.register_file_i/mem_reg[21][7]

  Ref  LAT        r:/WORK/ibex_top/gen_regfile_latch.register_file_i/mem_reg[21][8]
  Impl LAT        Imp:/WORK/ibex_top/gen_regfile_latch.register_file_i/mem_reg[21][8]

  Ref  LAT        r:/WORK/ibex_top/gen_regfile_latch.register_file_i/mem_reg[21][9]
  Impl LAT        Imp:/WORK/ibex_top/gen_regfile_latch.register_file_i/mem_reg[21][9]

  Ref  LAT        r:/WORK/ibex_top/gen_regfile_latch.register_file_i/mem_reg[22][0]
  Impl LAT        Imp:/WORK/ibex_top/gen_regfile_latch.register_file_i/mem_reg[22][0]

  Ref  LAT        r:/WORK/ibex_top/gen_regfile_latch.register_file_i/mem_reg[22][10]
  Impl LAT        Imp:/WORK/ibex_top/gen_regfile_latch.register_file_i/mem_reg[22][10]

  Ref  LAT        r:/WORK/ibex_top/gen_regfile_latch.register_file_i/mem_reg[22][11]
  Impl LAT        Imp:/WORK/ibex_top/gen_regfile_latch.register_file_i/mem_reg[22][11]

  Ref  LAT        r:/WORK/ibex_top/gen_regfile_latch.register_file_i/mem_reg[22][12]
  Impl LAT        Imp:/WORK/ibex_top/gen_regfile_latch.register_file_i/mem_reg[22][12]

  Ref  LAT        r:/WORK/ibex_top/gen_regfile_latch.register_file_i/mem_reg[22][13]
  Impl LAT        Imp:/WORK/ibex_top/gen_regfile_latch.register_file_i/mem_reg[22][13]

  Ref  LAT        r:/WORK/ibex_top/gen_regfile_latch.register_file_i/mem_reg[22][14]
  Impl LAT        Imp:/WORK/ibex_top/gen_regfile_latch.register_file_i/mem_reg[22][14]

  Ref  LAT        r:/WORK/ibex_top/gen_regfile_latch.register_file_i/mem_reg[22][15]
  Impl LAT        Imp:/WORK/ibex_top/gen_regfile_latch.register_file_i/mem_reg[22][15]

  Ref  LAT        r:/WORK/ibex_top/gen_regfile_latch.register_file_i/mem_reg[22][16]
  Impl LAT        Imp:/WORK/ibex_top/gen_regfile_latch.register_file_i/mem_reg[22][16]

  Ref  LAT        r:/WORK/ibex_top/gen_regfile_latch.register_file_i/mem_reg[22][17]
  Impl LAT        Imp:/WORK/ibex_top/gen_regfile_latch.register_file_i/mem_reg[22][17]

  Ref  LAT        r:/WORK/ibex_top/gen_regfile_latch.register_file_i/mem_reg[22][18]
  Impl LAT        Imp:/WORK/ibex_top/gen_regfile_latch.register_file_i/mem_reg[22][18]

  Ref  LAT        r:/WORK/ibex_top/gen_regfile_latch.register_file_i/mem_reg[22][19]
  Impl LAT        Imp:/WORK/ibex_top/gen_regfile_latch.register_file_i/mem_reg[22][19]

  Ref  LAT        r:/WORK/ibex_top/gen_regfile_latch.register_file_i/mem_reg[22][1]
  Impl LAT        Imp:/WORK/ibex_top/gen_regfile_latch.register_file_i/mem_reg[22][1]

  Ref  LAT        r:/WORK/ibex_top/gen_regfile_latch.register_file_i/mem_reg[22][20]
  Impl LAT        Imp:/WORK/ibex_top/gen_regfile_latch.register_file_i/mem_reg[22][20]

  Ref  LAT        r:/WORK/ibex_top/gen_regfile_latch.register_file_i/mem_reg[22][21]
  Impl LAT        Imp:/WORK/ibex_top/gen_regfile_latch.register_file_i/mem_reg[22][21]

  Ref  LAT        r:/WORK/ibex_top/gen_regfile_latch.register_file_i/mem_reg[22][22]
  Impl LAT        Imp:/WORK/ibex_top/gen_regfile_latch.register_file_i/mem_reg[22][22]

  Ref  LAT        r:/WORK/ibex_top/gen_regfile_latch.register_file_i/mem_reg[22][23]
  Impl LAT        Imp:/WORK/ibex_top/gen_regfile_latch.register_file_i/mem_reg[22][23]

  Ref  LAT        r:/WORK/ibex_top/gen_regfile_latch.register_file_i/mem_reg[22][24]
  Impl LAT        Imp:/WORK/ibex_top/gen_regfile_latch.register_file_i/mem_reg[22][24]

  Ref  LAT        r:/WORK/ibex_top/gen_regfile_latch.register_file_i/mem_reg[22][25]
  Impl LAT        Imp:/WORK/ibex_top/gen_regfile_latch.register_file_i/mem_reg[22][25]

  Ref  LAT        r:/WORK/ibex_top/gen_regfile_latch.register_file_i/mem_reg[22][26]
  Impl LAT        Imp:/WORK/ibex_top/gen_regfile_latch.register_file_i/mem_reg[22][26]

  Ref  LAT        r:/WORK/ibex_top/gen_regfile_latch.register_file_i/mem_reg[22][27]
  Impl LAT        Imp:/WORK/ibex_top/gen_regfile_latch.register_file_i/mem_reg[22][27]

  Ref  LAT        r:/WORK/ibex_top/gen_regfile_latch.register_file_i/mem_reg[22][28]
  Impl LAT        Imp:/WORK/ibex_top/gen_regfile_latch.register_file_i/mem_reg[22][28]

  Ref  LAT        r:/WORK/ibex_top/gen_regfile_latch.register_file_i/mem_reg[22][29]
  Impl LAT        Imp:/WORK/ibex_top/gen_regfile_latch.register_file_i/mem_reg[22][29]

  Ref  LAT        r:/WORK/ibex_top/gen_regfile_latch.register_file_i/mem_reg[22][2]
  Impl LAT        Imp:/WORK/ibex_top/gen_regfile_latch.register_file_i/mem_reg[22][2]

  Ref  LAT        r:/WORK/ibex_top/gen_regfile_latch.register_file_i/mem_reg[22][30]
  Impl LAT        Imp:/WORK/ibex_top/gen_regfile_latch.register_file_i/mem_reg[22][30]

  Ref  LAT        r:/WORK/ibex_top/gen_regfile_latch.register_file_i/mem_reg[22][31]
  Impl LAT        Imp:/WORK/ibex_top/gen_regfile_latch.register_file_i/mem_reg[22][31]

  Ref  LAT        r:/WORK/ibex_top/gen_regfile_latch.register_file_i/mem_reg[22][3]
  Impl LAT        Imp:/WORK/ibex_top/gen_regfile_latch.register_file_i/mem_reg[22][3]

  Ref  LAT        r:/WORK/ibex_top/gen_regfile_latch.register_file_i/mem_reg[22][4]
  Impl LAT        Imp:/WORK/ibex_top/gen_regfile_latch.register_file_i/mem_reg[22][4]

  Ref  LAT        r:/WORK/ibex_top/gen_regfile_latch.register_file_i/mem_reg[22][5]
  Impl LAT        Imp:/WORK/ibex_top/gen_regfile_latch.register_file_i/mem_reg[22][5]

  Ref  LAT        r:/WORK/ibex_top/gen_regfile_latch.register_file_i/mem_reg[22][6]
  Impl LAT        Imp:/WORK/ibex_top/gen_regfile_latch.register_file_i/mem_reg[22][6]

  Ref  LAT        r:/WORK/ibex_top/gen_regfile_latch.register_file_i/mem_reg[22][7]
  Impl LAT        Imp:/WORK/ibex_top/gen_regfile_latch.register_file_i/mem_reg[22][7]

  Ref  LAT        r:/WORK/ibex_top/gen_regfile_latch.register_file_i/mem_reg[22][8]
  Impl LAT        Imp:/WORK/ibex_top/gen_regfile_latch.register_file_i/mem_reg[22][8]

  Ref  LAT        r:/WORK/ibex_top/gen_regfile_latch.register_file_i/mem_reg[22][9]
  Impl LAT        Imp:/WORK/ibex_top/gen_regfile_latch.register_file_i/mem_reg[22][9]

  Ref  LAT        r:/WORK/ibex_top/gen_regfile_latch.register_file_i/mem_reg[23][0]
  Impl LAT        Imp:/WORK/ibex_top/gen_regfile_latch.register_file_i/mem_reg[23][0]

  Ref  LAT        r:/WORK/ibex_top/gen_regfile_latch.register_file_i/mem_reg[23][10]
  Impl LAT        Imp:/WORK/ibex_top/gen_regfile_latch.register_file_i/mem_reg[23][10]

  Ref  LAT        r:/WORK/ibex_top/gen_regfile_latch.register_file_i/mem_reg[23][11]
  Impl LAT        Imp:/WORK/ibex_top/gen_regfile_latch.register_file_i/mem_reg[23][11]

  Ref  LAT        r:/WORK/ibex_top/gen_regfile_latch.register_file_i/mem_reg[23][12]
  Impl LAT        Imp:/WORK/ibex_top/gen_regfile_latch.register_file_i/mem_reg[23][12]

  Ref  LAT        r:/WORK/ibex_top/gen_regfile_latch.register_file_i/mem_reg[23][13]
  Impl LAT        Imp:/WORK/ibex_top/gen_regfile_latch.register_file_i/mem_reg[23][13]

  Ref  LAT        r:/WORK/ibex_top/gen_regfile_latch.register_file_i/mem_reg[23][14]
  Impl LAT        Imp:/WORK/ibex_top/gen_regfile_latch.register_file_i/mem_reg[23][14]

  Ref  LAT        r:/WORK/ibex_top/gen_regfile_latch.register_file_i/mem_reg[23][15]
  Impl LAT        Imp:/WORK/ibex_top/gen_regfile_latch.register_file_i/mem_reg[23][15]

  Ref  LAT        r:/WORK/ibex_top/gen_regfile_latch.register_file_i/mem_reg[23][16]
  Impl LAT        Imp:/WORK/ibex_top/gen_regfile_latch.register_file_i/mem_reg[23][16]

  Ref  LAT        r:/WORK/ibex_top/gen_regfile_latch.register_file_i/mem_reg[23][17]
  Impl LAT        Imp:/WORK/ibex_top/gen_regfile_latch.register_file_i/mem_reg[23][17]

  Ref  LAT        r:/WORK/ibex_top/gen_regfile_latch.register_file_i/mem_reg[23][18]
  Impl LAT        Imp:/WORK/ibex_top/gen_regfile_latch.register_file_i/mem_reg[23][18]

  Ref  LAT        r:/WORK/ibex_top/gen_regfile_latch.register_file_i/mem_reg[23][19]
  Impl LAT        Imp:/WORK/ibex_top/gen_regfile_latch.register_file_i/mem_reg[23][19]

  Ref  LAT        r:/WORK/ibex_top/gen_regfile_latch.register_file_i/mem_reg[23][1]
  Impl LAT        Imp:/WORK/ibex_top/gen_regfile_latch.register_file_i/mem_reg[23][1]

  Ref  LAT        r:/WORK/ibex_top/gen_regfile_latch.register_file_i/mem_reg[23][20]
  Impl LAT        Imp:/WORK/ibex_top/gen_regfile_latch.register_file_i/mem_reg[23][20]

  Ref  LAT        r:/WORK/ibex_top/gen_regfile_latch.register_file_i/mem_reg[23][21]
  Impl LAT        Imp:/WORK/ibex_top/gen_regfile_latch.register_file_i/mem_reg[23][21]

  Ref  LAT        r:/WORK/ibex_top/gen_regfile_latch.register_file_i/mem_reg[23][22]
  Impl LAT        Imp:/WORK/ibex_top/gen_regfile_latch.register_file_i/mem_reg[23][22]

  Ref  LAT        r:/WORK/ibex_top/gen_regfile_latch.register_file_i/mem_reg[23][23]
  Impl LAT        Imp:/WORK/ibex_top/gen_regfile_latch.register_file_i/mem_reg[23][23]

  Ref  LAT        r:/WORK/ibex_top/gen_regfile_latch.register_file_i/mem_reg[23][24]
  Impl LAT        Imp:/WORK/ibex_top/gen_regfile_latch.register_file_i/mem_reg[23][24]

  Ref  LAT        r:/WORK/ibex_top/gen_regfile_latch.register_file_i/mem_reg[23][25]
  Impl LAT        Imp:/WORK/ibex_top/gen_regfile_latch.register_file_i/mem_reg[23][25]

  Ref  LAT        r:/WORK/ibex_top/gen_regfile_latch.register_file_i/mem_reg[23][26]
  Impl LAT        Imp:/WORK/ibex_top/gen_regfile_latch.register_file_i/mem_reg[23][26]

  Ref  LAT        r:/WORK/ibex_top/gen_regfile_latch.register_file_i/mem_reg[23][27]
  Impl LAT        Imp:/WORK/ibex_top/gen_regfile_latch.register_file_i/mem_reg[23][27]

  Ref  LAT        r:/WORK/ibex_top/gen_regfile_latch.register_file_i/mem_reg[23][28]
  Impl LAT        Imp:/WORK/ibex_top/gen_regfile_latch.register_file_i/mem_reg[23][28]

  Ref  LAT        r:/WORK/ibex_top/gen_regfile_latch.register_file_i/mem_reg[23][29]
  Impl LAT        Imp:/WORK/ibex_top/gen_regfile_latch.register_file_i/mem_reg[23][29]

  Ref  LAT        r:/WORK/ibex_top/gen_regfile_latch.register_file_i/mem_reg[23][2]
  Impl LAT        Imp:/WORK/ibex_top/gen_regfile_latch.register_file_i/mem_reg[23][2]

  Ref  LAT        r:/WORK/ibex_top/gen_regfile_latch.register_file_i/mem_reg[23][30]
  Impl LAT        Imp:/WORK/ibex_top/gen_regfile_latch.register_file_i/mem_reg[23][30]

  Ref  LAT        r:/WORK/ibex_top/gen_regfile_latch.register_file_i/mem_reg[23][31]
  Impl LAT        Imp:/WORK/ibex_top/gen_regfile_latch.register_file_i/mem_reg[23][31]

  Ref  LAT        r:/WORK/ibex_top/gen_regfile_latch.register_file_i/mem_reg[23][3]
  Impl LAT        Imp:/WORK/ibex_top/gen_regfile_latch.register_file_i/mem_reg[23][3]

  Ref  LAT        r:/WORK/ibex_top/gen_regfile_latch.register_file_i/mem_reg[23][4]
  Impl LAT        Imp:/WORK/ibex_top/gen_regfile_latch.register_file_i/mem_reg[23][4]

  Ref  LAT        r:/WORK/ibex_top/gen_regfile_latch.register_file_i/mem_reg[23][5]
  Impl LAT        Imp:/WORK/ibex_top/gen_regfile_latch.register_file_i/mem_reg[23][5]

  Ref  LAT        r:/WORK/ibex_top/gen_regfile_latch.register_file_i/mem_reg[23][6]
  Impl LAT        Imp:/WORK/ibex_top/gen_regfile_latch.register_file_i/mem_reg[23][6]

  Ref  LAT        r:/WORK/ibex_top/gen_regfile_latch.register_file_i/mem_reg[23][7]
  Impl LAT        Imp:/WORK/ibex_top/gen_regfile_latch.register_file_i/mem_reg[23][7]

  Ref  LAT        r:/WORK/ibex_top/gen_regfile_latch.register_file_i/mem_reg[23][8]
  Impl LAT        Imp:/WORK/ibex_top/gen_regfile_latch.register_file_i/mem_reg[23][8]

  Ref  LAT        r:/WORK/ibex_top/gen_regfile_latch.register_file_i/mem_reg[23][9]
  Impl LAT        Imp:/WORK/ibex_top/gen_regfile_latch.register_file_i/mem_reg[23][9]

  Ref  LAT        r:/WORK/ibex_top/gen_regfile_latch.register_file_i/mem_reg[24][0]
  Impl LAT        Imp:/WORK/ibex_top/gen_regfile_latch.register_file_i/mem_reg[24][0]

  Ref  LAT        r:/WORK/ibex_top/gen_regfile_latch.register_file_i/mem_reg[24][10]
  Impl LAT        Imp:/WORK/ibex_top/gen_regfile_latch.register_file_i/mem_reg[24][10]

  Ref  LAT        r:/WORK/ibex_top/gen_regfile_latch.register_file_i/mem_reg[24][11]
  Impl LAT        Imp:/WORK/ibex_top/gen_regfile_latch.register_file_i/mem_reg[24][11]

  Ref  LAT        r:/WORK/ibex_top/gen_regfile_latch.register_file_i/mem_reg[24][12]
  Impl LAT        Imp:/WORK/ibex_top/gen_regfile_latch.register_file_i/mem_reg[24][12]

  Ref  LAT        r:/WORK/ibex_top/gen_regfile_latch.register_file_i/mem_reg[24][13]
  Impl LAT        Imp:/WORK/ibex_top/gen_regfile_latch.register_file_i/mem_reg[24][13]

  Ref  LAT        r:/WORK/ibex_top/gen_regfile_latch.register_file_i/mem_reg[24][14]
  Impl LAT        Imp:/WORK/ibex_top/gen_regfile_latch.register_file_i/mem_reg[24][14]

  Ref  LAT        r:/WORK/ibex_top/gen_regfile_latch.register_file_i/mem_reg[24][15]
  Impl LAT        Imp:/WORK/ibex_top/gen_regfile_latch.register_file_i/mem_reg[24][15]

  Ref  LAT        r:/WORK/ibex_top/gen_regfile_latch.register_file_i/mem_reg[24][16]
  Impl LAT        Imp:/WORK/ibex_top/gen_regfile_latch.register_file_i/mem_reg[24][16]

  Ref  LAT        r:/WORK/ibex_top/gen_regfile_latch.register_file_i/mem_reg[24][17]
  Impl LAT        Imp:/WORK/ibex_top/gen_regfile_latch.register_file_i/mem_reg[24][17]

  Ref  LAT        r:/WORK/ibex_top/gen_regfile_latch.register_file_i/mem_reg[24][18]
  Impl LAT        Imp:/WORK/ibex_top/gen_regfile_latch.register_file_i/mem_reg[24][18]

  Ref  LAT        r:/WORK/ibex_top/gen_regfile_latch.register_file_i/mem_reg[24][19]
  Impl LAT        Imp:/WORK/ibex_top/gen_regfile_latch.register_file_i/mem_reg[24][19]

  Ref  LAT        r:/WORK/ibex_top/gen_regfile_latch.register_file_i/mem_reg[24][1]
  Impl LAT        Imp:/WORK/ibex_top/gen_regfile_latch.register_file_i/mem_reg[24][1]

  Ref  LAT        r:/WORK/ibex_top/gen_regfile_latch.register_file_i/mem_reg[24][20]
  Impl LAT        Imp:/WORK/ibex_top/gen_regfile_latch.register_file_i/mem_reg[24][20]

  Ref  LAT        r:/WORK/ibex_top/gen_regfile_latch.register_file_i/mem_reg[24][21]
  Impl LAT        Imp:/WORK/ibex_top/gen_regfile_latch.register_file_i/mem_reg[24][21]

  Ref  LAT        r:/WORK/ibex_top/gen_regfile_latch.register_file_i/mem_reg[24][22]
  Impl LAT        Imp:/WORK/ibex_top/gen_regfile_latch.register_file_i/mem_reg[24][22]

  Ref  LAT        r:/WORK/ibex_top/gen_regfile_latch.register_file_i/mem_reg[24][23]
  Impl LAT        Imp:/WORK/ibex_top/gen_regfile_latch.register_file_i/mem_reg[24][23]

  Ref  LAT        r:/WORK/ibex_top/gen_regfile_latch.register_file_i/mem_reg[24][24]
  Impl LAT        Imp:/WORK/ibex_top/gen_regfile_latch.register_file_i/mem_reg[24][24]

  Ref  LAT        r:/WORK/ibex_top/gen_regfile_latch.register_file_i/mem_reg[24][25]
  Impl LAT        Imp:/WORK/ibex_top/gen_regfile_latch.register_file_i/mem_reg[24][25]

  Ref  LAT        r:/WORK/ibex_top/gen_regfile_latch.register_file_i/mem_reg[24][26]
  Impl LAT        Imp:/WORK/ibex_top/gen_regfile_latch.register_file_i/mem_reg[24][26]

  Ref  LAT        r:/WORK/ibex_top/gen_regfile_latch.register_file_i/mem_reg[24][27]
  Impl LAT        Imp:/WORK/ibex_top/gen_regfile_latch.register_file_i/mem_reg[24][27]

  Ref  LAT        r:/WORK/ibex_top/gen_regfile_latch.register_file_i/mem_reg[24][28]
  Impl LAT        Imp:/WORK/ibex_top/gen_regfile_latch.register_file_i/mem_reg[24][28]

  Ref  LAT        r:/WORK/ibex_top/gen_regfile_latch.register_file_i/mem_reg[24][29]
  Impl LAT        Imp:/WORK/ibex_top/gen_regfile_latch.register_file_i/mem_reg[24][29]

  Ref  LAT        r:/WORK/ibex_top/gen_regfile_latch.register_file_i/mem_reg[24][2]
  Impl LAT        Imp:/WORK/ibex_top/gen_regfile_latch.register_file_i/mem_reg[24][2]

  Ref  LAT        r:/WORK/ibex_top/gen_regfile_latch.register_file_i/mem_reg[24][30]
  Impl LAT        Imp:/WORK/ibex_top/gen_regfile_latch.register_file_i/mem_reg[24][30]

  Ref  LAT        r:/WORK/ibex_top/gen_regfile_latch.register_file_i/mem_reg[24][31]
  Impl LAT        Imp:/WORK/ibex_top/gen_regfile_latch.register_file_i/mem_reg[24][31]

  Ref  LAT        r:/WORK/ibex_top/gen_regfile_latch.register_file_i/mem_reg[24][3]
  Impl LAT        Imp:/WORK/ibex_top/gen_regfile_latch.register_file_i/mem_reg[24][3]

  Ref  LAT        r:/WORK/ibex_top/gen_regfile_latch.register_file_i/mem_reg[24][4]
  Impl LAT        Imp:/WORK/ibex_top/gen_regfile_latch.register_file_i/mem_reg[24][4]

  Ref  LAT        r:/WORK/ibex_top/gen_regfile_latch.register_file_i/mem_reg[24][5]
  Impl LAT        Imp:/WORK/ibex_top/gen_regfile_latch.register_file_i/mem_reg[24][5]

  Ref  LAT        r:/WORK/ibex_top/gen_regfile_latch.register_file_i/mem_reg[24][6]
  Impl LAT        Imp:/WORK/ibex_top/gen_regfile_latch.register_file_i/mem_reg[24][6]

  Ref  LAT        r:/WORK/ibex_top/gen_regfile_latch.register_file_i/mem_reg[24][7]
  Impl LAT        Imp:/WORK/ibex_top/gen_regfile_latch.register_file_i/mem_reg[24][7]

  Ref  LAT        r:/WORK/ibex_top/gen_regfile_latch.register_file_i/mem_reg[24][8]
  Impl LAT        Imp:/WORK/ibex_top/gen_regfile_latch.register_file_i/mem_reg[24][8]

  Ref  LAT        r:/WORK/ibex_top/gen_regfile_latch.register_file_i/mem_reg[24][9]
  Impl LAT        Imp:/WORK/ibex_top/gen_regfile_latch.register_file_i/mem_reg[24][9]

  Ref  LAT        r:/WORK/ibex_top/gen_regfile_latch.register_file_i/mem_reg[25][0]
  Impl LAT        Imp:/WORK/ibex_top/gen_regfile_latch.register_file_i/mem_reg[25][0]

  Ref  LAT        r:/WORK/ibex_top/gen_regfile_latch.register_file_i/mem_reg[25][10]
  Impl LAT        Imp:/WORK/ibex_top/gen_regfile_latch.register_file_i/mem_reg[25][10]

  Ref  LAT        r:/WORK/ibex_top/gen_regfile_latch.register_file_i/mem_reg[25][11]
  Impl LAT        Imp:/WORK/ibex_top/gen_regfile_latch.register_file_i/mem_reg[25][11]

  Ref  LAT        r:/WORK/ibex_top/gen_regfile_latch.register_file_i/mem_reg[25][12]
  Impl LAT        Imp:/WORK/ibex_top/gen_regfile_latch.register_file_i/mem_reg[25][12]

  Ref  LAT        r:/WORK/ibex_top/gen_regfile_latch.register_file_i/mem_reg[25][13]
  Impl LAT        Imp:/WORK/ibex_top/gen_regfile_latch.register_file_i/mem_reg[25][13]

  Ref  LAT        r:/WORK/ibex_top/gen_regfile_latch.register_file_i/mem_reg[25][14]
  Impl LAT        Imp:/WORK/ibex_top/gen_regfile_latch.register_file_i/mem_reg[25][14]

  Ref  LAT        r:/WORK/ibex_top/gen_regfile_latch.register_file_i/mem_reg[25][15]
  Impl LAT        Imp:/WORK/ibex_top/gen_regfile_latch.register_file_i/mem_reg[25][15]

  Ref  LAT        r:/WORK/ibex_top/gen_regfile_latch.register_file_i/mem_reg[25][16]
  Impl LAT        Imp:/WORK/ibex_top/gen_regfile_latch.register_file_i/mem_reg[25][16]

  Ref  LAT        r:/WORK/ibex_top/gen_regfile_latch.register_file_i/mem_reg[25][17]
  Impl LAT        Imp:/WORK/ibex_top/gen_regfile_latch.register_file_i/mem_reg[25][17]

  Ref  LAT        r:/WORK/ibex_top/gen_regfile_latch.register_file_i/mem_reg[25][18]
  Impl LAT        Imp:/WORK/ibex_top/gen_regfile_latch.register_file_i/mem_reg[25][18]

  Ref  LAT        r:/WORK/ibex_top/gen_regfile_latch.register_file_i/mem_reg[25][19]
  Impl LAT        Imp:/WORK/ibex_top/gen_regfile_latch.register_file_i/mem_reg[25][19]

  Ref  LAT        r:/WORK/ibex_top/gen_regfile_latch.register_file_i/mem_reg[25][1]
  Impl LAT        Imp:/WORK/ibex_top/gen_regfile_latch.register_file_i/mem_reg[25][1]

  Ref  LAT        r:/WORK/ibex_top/gen_regfile_latch.register_file_i/mem_reg[25][20]
  Impl LAT        Imp:/WORK/ibex_top/gen_regfile_latch.register_file_i/mem_reg[25][20]

  Ref  LAT        r:/WORK/ibex_top/gen_regfile_latch.register_file_i/mem_reg[25][21]
  Impl LAT        Imp:/WORK/ibex_top/gen_regfile_latch.register_file_i/mem_reg[25][21]

  Ref  LAT        r:/WORK/ibex_top/gen_regfile_latch.register_file_i/mem_reg[25][22]
  Impl LAT        Imp:/WORK/ibex_top/gen_regfile_latch.register_file_i/mem_reg[25][22]

  Ref  LAT        r:/WORK/ibex_top/gen_regfile_latch.register_file_i/mem_reg[25][23]
  Impl LAT        Imp:/WORK/ibex_top/gen_regfile_latch.register_file_i/mem_reg[25][23]

  Ref  LAT        r:/WORK/ibex_top/gen_regfile_latch.register_file_i/mem_reg[25][24]
  Impl LAT        Imp:/WORK/ibex_top/gen_regfile_latch.register_file_i/mem_reg[25][24]

  Ref  LAT        r:/WORK/ibex_top/gen_regfile_latch.register_file_i/mem_reg[25][25]
  Impl LAT        Imp:/WORK/ibex_top/gen_regfile_latch.register_file_i/mem_reg[25][25]

  Ref  LAT        r:/WORK/ibex_top/gen_regfile_latch.register_file_i/mem_reg[25][26]
  Impl LAT        Imp:/WORK/ibex_top/gen_regfile_latch.register_file_i/mem_reg[25][26]

  Ref  LAT        r:/WORK/ibex_top/gen_regfile_latch.register_file_i/mem_reg[25][27]
  Impl LAT        Imp:/WORK/ibex_top/gen_regfile_latch.register_file_i/mem_reg[25][27]

  Ref  LAT        r:/WORK/ibex_top/gen_regfile_latch.register_file_i/mem_reg[25][28]
  Impl LAT        Imp:/WORK/ibex_top/gen_regfile_latch.register_file_i/mem_reg[25][28]

  Ref  LAT        r:/WORK/ibex_top/gen_regfile_latch.register_file_i/mem_reg[25][29]
  Impl LAT        Imp:/WORK/ibex_top/gen_regfile_latch.register_file_i/mem_reg[25][29]

  Ref  LAT        r:/WORK/ibex_top/gen_regfile_latch.register_file_i/mem_reg[25][2]
  Impl LAT        Imp:/WORK/ibex_top/gen_regfile_latch.register_file_i/mem_reg[25][2]

  Ref  LAT        r:/WORK/ibex_top/gen_regfile_latch.register_file_i/mem_reg[25][30]
  Impl LAT        Imp:/WORK/ibex_top/gen_regfile_latch.register_file_i/mem_reg[25][30]

  Ref  LAT        r:/WORK/ibex_top/gen_regfile_latch.register_file_i/mem_reg[25][31]
  Impl LAT        Imp:/WORK/ibex_top/gen_regfile_latch.register_file_i/mem_reg[25][31]

  Ref  LAT        r:/WORK/ibex_top/gen_regfile_latch.register_file_i/mem_reg[25][3]
  Impl LAT        Imp:/WORK/ibex_top/gen_regfile_latch.register_file_i/mem_reg[25][3]

  Ref  LAT        r:/WORK/ibex_top/gen_regfile_latch.register_file_i/mem_reg[25][4]
  Impl LAT        Imp:/WORK/ibex_top/gen_regfile_latch.register_file_i/mem_reg[25][4]

  Ref  LAT        r:/WORK/ibex_top/gen_regfile_latch.register_file_i/mem_reg[25][5]
  Impl LAT        Imp:/WORK/ibex_top/gen_regfile_latch.register_file_i/mem_reg[25][5]

  Ref  LAT        r:/WORK/ibex_top/gen_regfile_latch.register_file_i/mem_reg[25][6]
  Impl LAT        Imp:/WORK/ibex_top/gen_regfile_latch.register_file_i/mem_reg[25][6]

  Ref  LAT        r:/WORK/ibex_top/gen_regfile_latch.register_file_i/mem_reg[25][7]
  Impl LAT        Imp:/WORK/ibex_top/gen_regfile_latch.register_file_i/mem_reg[25][7]

  Ref  LAT        r:/WORK/ibex_top/gen_regfile_latch.register_file_i/mem_reg[25][8]
  Impl LAT        Imp:/WORK/ibex_top/gen_regfile_latch.register_file_i/mem_reg[25][8]

  Ref  LAT        r:/WORK/ibex_top/gen_regfile_latch.register_file_i/mem_reg[25][9]
  Impl LAT        Imp:/WORK/ibex_top/gen_regfile_latch.register_file_i/mem_reg[25][9]

  Ref  LAT        r:/WORK/ibex_top/gen_regfile_latch.register_file_i/mem_reg[26][0]
  Impl LAT        Imp:/WORK/ibex_top/gen_regfile_latch.register_file_i/mem_reg[26][0]

  Ref  LAT        r:/WORK/ibex_top/gen_regfile_latch.register_file_i/mem_reg[26][10]
  Impl LAT        Imp:/WORK/ibex_top/gen_regfile_latch.register_file_i/mem_reg[26][10]

  Ref  LAT        r:/WORK/ibex_top/gen_regfile_latch.register_file_i/mem_reg[26][11]
  Impl LAT        Imp:/WORK/ibex_top/gen_regfile_latch.register_file_i/mem_reg[26][11]

  Ref  LAT        r:/WORK/ibex_top/gen_regfile_latch.register_file_i/mem_reg[26][12]
  Impl LAT        Imp:/WORK/ibex_top/gen_regfile_latch.register_file_i/mem_reg[26][12]

  Ref  LAT        r:/WORK/ibex_top/gen_regfile_latch.register_file_i/mem_reg[26][13]
  Impl LAT        Imp:/WORK/ibex_top/gen_regfile_latch.register_file_i/mem_reg[26][13]

  Ref  LAT        r:/WORK/ibex_top/gen_regfile_latch.register_file_i/mem_reg[26][14]
  Impl LAT        Imp:/WORK/ibex_top/gen_regfile_latch.register_file_i/mem_reg[26][14]

  Ref  LAT        r:/WORK/ibex_top/gen_regfile_latch.register_file_i/mem_reg[26][15]
  Impl LAT        Imp:/WORK/ibex_top/gen_regfile_latch.register_file_i/mem_reg[26][15]

  Ref  LAT        r:/WORK/ibex_top/gen_regfile_latch.register_file_i/mem_reg[26][16]
  Impl LAT        Imp:/WORK/ibex_top/gen_regfile_latch.register_file_i/mem_reg[26][16]

  Ref  LAT        r:/WORK/ibex_top/gen_regfile_latch.register_file_i/mem_reg[26][17]
  Impl LAT        Imp:/WORK/ibex_top/gen_regfile_latch.register_file_i/mem_reg[26][17]

  Ref  LAT        r:/WORK/ibex_top/gen_regfile_latch.register_file_i/mem_reg[26][18]
  Impl LAT        Imp:/WORK/ibex_top/gen_regfile_latch.register_file_i/mem_reg[26][18]

  Ref  LAT        r:/WORK/ibex_top/gen_regfile_latch.register_file_i/mem_reg[26][19]
  Impl LAT        Imp:/WORK/ibex_top/gen_regfile_latch.register_file_i/mem_reg[26][19]

  Ref  LAT        r:/WORK/ibex_top/gen_regfile_latch.register_file_i/mem_reg[26][1]
  Impl LAT        Imp:/WORK/ibex_top/gen_regfile_latch.register_file_i/mem_reg[26][1]

  Ref  LAT        r:/WORK/ibex_top/gen_regfile_latch.register_file_i/mem_reg[26][20]
  Impl LAT        Imp:/WORK/ibex_top/gen_regfile_latch.register_file_i/mem_reg[26][20]

  Ref  LAT        r:/WORK/ibex_top/gen_regfile_latch.register_file_i/mem_reg[26][21]
  Impl LAT        Imp:/WORK/ibex_top/gen_regfile_latch.register_file_i/mem_reg[26][21]

  Ref  LAT        r:/WORK/ibex_top/gen_regfile_latch.register_file_i/mem_reg[26][22]
  Impl LAT        Imp:/WORK/ibex_top/gen_regfile_latch.register_file_i/mem_reg[26][22]

  Ref  LAT        r:/WORK/ibex_top/gen_regfile_latch.register_file_i/mem_reg[26][23]
  Impl LAT        Imp:/WORK/ibex_top/gen_regfile_latch.register_file_i/mem_reg[26][23]

  Ref  LAT        r:/WORK/ibex_top/gen_regfile_latch.register_file_i/mem_reg[26][24]
  Impl LAT        Imp:/WORK/ibex_top/gen_regfile_latch.register_file_i/mem_reg[26][24]

  Ref  LAT        r:/WORK/ibex_top/gen_regfile_latch.register_file_i/mem_reg[26][25]
  Impl LAT        Imp:/WORK/ibex_top/gen_regfile_latch.register_file_i/mem_reg[26][25]

  Ref  LAT        r:/WORK/ibex_top/gen_regfile_latch.register_file_i/mem_reg[26][26]
  Impl LAT        Imp:/WORK/ibex_top/gen_regfile_latch.register_file_i/mem_reg[26][26]

  Ref  LAT        r:/WORK/ibex_top/gen_regfile_latch.register_file_i/mem_reg[26][27]
  Impl LAT        Imp:/WORK/ibex_top/gen_regfile_latch.register_file_i/mem_reg[26][27]

  Ref  LAT        r:/WORK/ibex_top/gen_regfile_latch.register_file_i/mem_reg[26][28]
  Impl LAT        Imp:/WORK/ibex_top/gen_regfile_latch.register_file_i/mem_reg[26][28]

  Ref  LAT        r:/WORK/ibex_top/gen_regfile_latch.register_file_i/mem_reg[26][29]
  Impl LAT        Imp:/WORK/ibex_top/gen_regfile_latch.register_file_i/mem_reg[26][29]

  Ref  LAT        r:/WORK/ibex_top/gen_regfile_latch.register_file_i/mem_reg[26][2]
  Impl LAT        Imp:/WORK/ibex_top/gen_regfile_latch.register_file_i/mem_reg[26][2]

  Ref  LAT        r:/WORK/ibex_top/gen_regfile_latch.register_file_i/mem_reg[26][30]
  Impl LAT        Imp:/WORK/ibex_top/gen_regfile_latch.register_file_i/mem_reg[26][30]

  Ref  LAT        r:/WORK/ibex_top/gen_regfile_latch.register_file_i/mem_reg[26][31]
  Impl LAT        Imp:/WORK/ibex_top/gen_regfile_latch.register_file_i/mem_reg[26][31]

  Ref  LAT        r:/WORK/ibex_top/gen_regfile_latch.register_file_i/mem_reg[26][3]
  Impl LAT        Imp:/WORK/ibex_top/gen_regfile_latch.register_file_i/mem_reg[26][3]

  Ref  LAT        r:/WORK/ibex_top/gen_regfile_latch.register_file_i/mem_reg[26][4]
  Impl LAT        Imp:/WORK/ibex_top/gen_regfile_latch.register_file_i/mem_reg[26][4]

  Ref  LAT        r:/WORK/ibex_top/gen_regfile_latch.register_file_i/mem_reg[26][5]
  Impl LAT        Imp:/WORK/ibex_top/gen_regfile_latch.register_file_i/mem_reg[26][5]

  Ref  LAT        r:/WORK/ibex_top/gen_regfile_latch.register_file_i/mem_reg[26][6]
  Impl LAT        Imp:/WORK/ibex_top/gen_regfile_latch.register_file_i/mem_reg[26][6]

  Ref  LAT        r:/WORK/ibex_top/gen_regfile_latch.register_file_i/mem_reg[26][7]
  Impl LAT        Imp:/WORK/ibex_top/gen_regfile_latch.register_file_i/mem_reg[26][7]

  Ref  LAT        r:/WORK/ibex_top/gen_regfile_latch.register_file_i/mem_reg[26][8]
  Impl LAT        Imp:/WORK/ibex_top/gen_regfile_latch.register_file_i/mem_reg[26][8]

  Ref  LAT        r:/WORK/ibex_top/gen_regfile_latch.register_file_i/mem_reg[26][9]
  Impl LAT        Imp:/WORK/ibex_top/gen_regfile_latch.register_file_i/mem_reg[26][9]

  Ref  LAT        r:/WORK/ibex_top/gen_regfile_latch.register_file_i/mem_reg[27][0]
  Impl LAT        Imp:/WORK/ibex_top/gen_regfile_latch.register_file_i/mem_reg[27][0]

  Ref  LAT        r:/WORK/ibex_top/gen_regfile_latch.register_file_i/mem_reg[27][10]
  Impl LAT        Imp:/WORK/ibex_top/gen_regfile_latch.register_file_i/mem_reg[27][10]

  Ref  LAT        r:/WORK/ibex_top/gen_regfile_latch.register_file_i/mem_reg[27][11]
  Impl LAT        Imp:/WORK/ibex_top/gen_regfile_latch.register_file_i/mem_reg[27][11]

  Ref  LAT        r:/WORK/ibex_top/gen_regfile_latch.register_file_i/mem_reg[27][12]
  Impl LAT        Imp:/WORK/ibex_top/gen_regfile_latch.register_file_i/mem_reg[27][12]

  Ref  LAT        r:/WORK/ibex_top/gen_regfile_latch.register_file_i/mem_reg[27][13]
  Impl LAT        Imp:/WORK/ibex_top/gen_regfile_latch.register_file_i/mem_reg[27][13]

  Ref  LAT        r:/WORK/ibex_top/gen_regfile_latch.register_file_i/mem_reg[27][14]
  Impl LAT        Imp:/WORK/ibex_top/gen_regfile_latch.register_file_i/mem_reg[27][14]

  Ref  LAT        r:/WORK/ibex_top/gen_regfile_latch.register_file_i/mem_reg[27][15]
  Impl LAT        Imp:/WORK/ibex_top/gen_regfile_latch.register_file_i/mem_reg[27][15]

  Ref  LAT        r:/WORK/ibex_top/gen_regfile_latch.register_file_i/mem_reg[27][16]
  Impl LAT        Imp:/WORK/ibex_top/gen_regfile_latch.register_file_i/mem_reg[27][16]

  Ref  LAT        r:/WORK/ibex_top/gen_regfile_latch.register_file_i/mem_reg[27][17]
  Impl LAT        Imp:/WORK/ibex_top/gen_regfile_latch.register_file_i/mem_reg[27][17]

  Ref  LAT        r:/WORK/ibex_top/gen_regfile_latch.register_file_i/mem_reg[27][18]
  Impl LAT        Imp:/WORK/ibex_top/gen_regfile_latch.register_file_i/mem_reg[27][18]

  Ref  LAT        r:/WORK/ibex_top/gen_regfile_latch.register_file_i/mem_reg[27][19]
  Impl LAT        Imp:/WORK/ibex_top/gen_regfile_latch.register_file_i/mem_reg[27][19]

  Ref  LAT        r:/WORK/ibex_top/gen_regfile_latch.register_file_i/mem_reg[27][1]
  Impl LAT        Imp:/WORK/ibex_top/gen_regfile_latch.register_file_i/mem_reg[27][1]

  Ref  LAT        r:/WORK/ibex_top/gen_regfile_latch.register_file_i/mem_reg[27][20]
  Impl LAT        Imp:/WORK/ibex_top/gen_regfile_latch.register_file_i/mem_reg[27][20]

  Ref  LAT        r:/WORK/ibex_top/gen_regfile_latch.register_file_i/mem_reg[27][21]
  Impl LAT        Imp:/WORK/ibex_top/gen_regfile_latch.register_file_i/mem_reg[27][21]

  Ref  LAT        r:/WORK/ibex_top/gen_regfile_latch.register_file_i/mem_reg[27][22]
  Impl LAT        Imp:/WORK/ibex_top/gen_regfile_latch.register_file_i/mem_reg[27][22]

  Ref  LAT        r:/WORK/ibex_top/gen_regfile_latch.register_file_i/mem_reg[27][23]
  Impl LAT        Imp:/WORK/ibex_top/gen_regfile_latch.register_file_i/mem_reg[27][23]

  Ref  LAT        r:/WORK/ibex_top/gen_regfile_latch.register_file_i/mem_reg[27][24]
  Impl LAT        Imp:/WORK/ibex_top/gen_regfile_latch.register_file_i/mem_reg[27][24]

  Ref  LAT        r:/WORK/ibex_top/gen_regfile_latch.register_file_i/mem_reg[27][25]
  Impl LAT        Imp:/WORK/ibex_top/gen_regfile_latch.register_file_i/mem_reg[27][25]

  Ref  LAT        r:/WORK/ibex_top/gen_regfile_latch.register_file_i/mem_reg[27][26]
  Impl LAT        Imp:/WORK/ibex_top/gen_regfile_latch.register_file_i/mem_reg[27][26]

  Ref  LAT        r:/WORK/ibex_top/gen_regfile_latch.register_file_i/mem_reg[27][27]
  Impl LAT        Imp:/WORK/ibex_top/gen_regfile_latch.register_file_i/mem_reg[27][27]

  Ref  LAT        r:/WORK/ibex_top/gen_regfile_latch.register_file_i/mem_reg[27][28]
  Impl LAT        Imp:/WORK/ibex_top/gen_regfile_latch.register_file_i/mem_reg[27][28]

  Ref  LAT        r:/WORK/ibex_top/gen_regfile_latch.register_file_i/mem_reg[27][29]
  Impl LAT        Imp:/WORK/ibex_top/gen_regfile_latch.register_file_i/mem_reg[27][29]

  Ref  LAT        r:/WORK/ibex_top/gen_regfile_latch.register_file_i/mem_reg[27][2]
  Impl LAT        Imp:/WORK/ibex_top/gen_regfile_latch.register_file_i/mem_reg[27][2]

  Ref  LAT        r:/WORK/ibex_top/gen_regfile_latch.register_file_i/mem_reg[27][30]
  Impl LAT        Imp:/WORK/ibex_top/gen_regfile_latch.register_file_i/mem_reg[27][30]

  Ref  LAT        r:/WORK/ibex_top/gen_regfile_latch.register_file_i/mem_reg[27][31]
  Impl LAT        Imp:/WORK/ibex_top/gen_regfile_latch.register_file_i/mem_reg[27][31]

  Ref  LAT        r:/WORK/ibex_top/gen_regfile_latch.register_file_i/mem_reg[27][3]
  Impl LAT        Imp:/WORK/ibex_top/gen_regfile_latch.register_file_i/mem_reg[27][3]

  Ref  LAT        r:/WORK/ibex_top/gen_regfile_latch.register_file_i/mem_reg[27][4]
  Impl LAT        Imp:/WORK/ibex_top/gen_regfile_latch.register_file_i/mem_reg[27][4]

  Ref  LAT        r:/WORK/ibex_top/gen_regfile_latch.register_file_i/mem_reg[27][5]
  Impl LAT        Imp:/WORK/ibex_top/gen_regfile_latch.register_file_i/mem_reg[27][5]

  Ref  LAT        r:/WORK/ibex_top/gen_regfile_latch.register_file_i/mem_reg[27][6]
  Impl LAT        Imp:/WORK/ibex_top/gen_regfile_latch.register_file_i/mem_reg[27][6]

  Ref  LAT        r:/WORK/ibex_top/gen_regfile_latch.register_file_i/mem_reg[27][7]
  Impl LAT        Imp:/WORK/ibex_top/gen_regfile_latch.register_file_i/mem_reg[27][7]

  Ref  LAT        r:/WORK/ibex_top/gen_regfile_latch.register_file_i/mem_reg[27][8]
  Impl LAT        Imp:/WORK/ibex_top/gen_regfile_latch.register_file_i/mem_reg[27][8]

  Ref  LAT        r:/WORK/ibex_top/gen_regfile_latch.register_file_i/mem_reg[27][9]
  Impl LAT        Imp:/WORK/ibex_top/gen_regfile_latch.register_file_i/mem_reg[27][9]

  Ref  LAT        r:/WORK/ibex_top/gen_regfile_latch.register_file_i/mem_reg[28][0]
  Impl LAT        Imp:/WORK/ibex_top/gen_regfile_latch.register_file_i/mem_reg[28][0]

  Ref  LAT        r:/WORK/ibex_top/gen_regfile_latch.register_file_i/mem_reg[28][10]
  Impl LAT        Imp:/WORK/ibex_top/gen_regfile_latch.register_file_i/mem_reg[28][10]

  Ref  LAT        r:/WORK/ibex_top/gen_regfile_latch.register_file_i/mem_reg[28][11]
  Impl LAT        Imp:/WORK/ibex_top/gen_regfile_latch.register_file_i/mem_reg[28][11]

  Ref  LAT        r:/WORK/ibex_top/gen_regfile_latch.register_file_i/mem_reg[28][12]
  Impl LAT        Imp:/WORK/ibex_top/gen_regfile_latch.register_file_i/mem_reg[28][12]

  Ref  LAT        r:/WORK/ibex_top/gen_regfile_latch.register_file_i/mem_reg[28][13]
  Impl LAT        Imp:/WORK/ibex_top/gen_regfile_latch.register_file_i/mem_reg[28][13]

  Ref  LAT        r:/WORK/ibex_top/gen_regfile_latch.register_file_i/mem_reg[28][14]
  Impl LAT        Imp:/WORK/ibex_top/gen_regfile_latch.register_file_i/mem_reg[28][14]

  Ref  LAT        r:/WORK/ibex_top/gen_regfile_latch.register_file_i/mem_reg[28][15]
  Impl LAT        Imp:/WORK/ibex_top/gen_regfile_latch.register_file_i/mem_reg[28][15]

  Ref  LAT        r:/WORK/ibex_top/gen_regfile_latch.register_file_i/mem_reg[28][16]
  Impl LAT        Imp:/WORK/ibex_top/gen_regfile_latch.register_file_i/mem_reg[28][16]

  Ref  LAT        r:/WORK/ibex_top/gen_regfile_latch.register_file_i/mem_reg[28][17]
  Impl LAT        Imp:/WORK/ibex_top/gen_regfile_latch.register_file_i/mem_reg[28][17]

  Ref  LAT        r:/WORK/ibex_top/gen_regfile_latch.register_file_i/mem_reg[28][18]
  Impl LAT        Imp:/WORK/ibex_top/gen_regfile_latch.register_file_i/mem_reg[28][18]

  Ref  LAT        r:/WORK/ibex_top/gen_regfile_latch.register_file_i/mem_reg[28][19]
  Impl LAT        Imp:/WORK/ibex_top/gen_regfile_latch.register_file_i/mem_reg[28][19]

  Ref  LAT        r:/WORK/ibex_top/gen_regfile_latch.register_file_i/mem_reg[28][1]
  Impl LAT        Imp:/WORK/ibex_top/gen_regfile_latch.register_file_i/mem_reg[28][1]

  Ref  LAT        r:/WORK/ibex_top/gen_regfile_latch.register_file_i/mem_reg[28][20]
  Impl LAT        Imp:/WORK/ibex_top/gen_regfile_latch.register_file_i/mem_reg[28][20]

  Ref  LAT        r:/WORK/ibex_top/gen_regfile_latch.register_file_i/mem_reg[28][21]
  Impl LAT        Imp:/WORK/ibex_top/gen_regfile_latch.register_file_i/mem_reg[28][21]

  Ref  LAT        r:/WORK/ibex_top/gen_regfile_latch.register_file_i/mem_reg[28][22]
  Impl LAT        Imp:/WORK/ibex_top/gen_regfile_latch.register_file_i/mem_reg[28][22]

  Ref  LAT        r:/WORK/ibex_top/gen_regfile_latch.register_file_i/mem_reg[28][23]
  Impl LAT        Imp:/WORK/ibex_top/gen_regfile_latch.register_file_i/mem_reg[28][23]

  Ref  LAT        r:/WORK/ibex_top/gen_regfile_latch.register_file_i/mem_reg[28][24]
  Impl LAT        Imp:/WORK/ibex_top/gen_regfile_latch.register_file_i/mem_reg[28][24]

  Ref  LAT        r:/WORK/ibex_top/gen_regfile_latch.register_file_i/mem_reg[28][25]
  Impl LAT        Imp:/WORK/ibex_top/gen_regfile_latch.register_file_i/mem_reg[28][25]

  Ref  LAT        r:/WORK/ibex_top/gen_regfile_latch.register_file_i/mem_reg[28][26]
  Impl LAT        Imp:/WORK/ibex_top/gen_regfile_latch.register_file_i/mem_reg[28][26]

  Ref  LAT        r:/WORK/ibex_top/gen_regfile_latch.register_file_i/mem_reg[28][27]
  Impl LAT        Imp:/WORK/ibex_top/gen_regfile_latch.register_file_i/mem_reg[28][27]

  Ref  LAT        r:/WORK/ibex_top/gen_regfile_latch.register_file_i/mem_reg[28][28]
  Impl LAT        Imp:/WORK/ibex_top/gen_regfile_latch.register_file_i/mem_reg[28][28]

  Ref  LAT        r:/WORK/ibex_top/gen_regfile_latch.register_file_i/mem_reg[28][29]
  Impl LAT        Imp:/WORK/ibex_top/gen_regfile_latch.register_file_i/mem_reg[28][29]

  Ref  LAT        r:/WORK/ibex_top/gen_regfile_latch.register_file_i/mem_reg[28][2]
  Impl LAT        Imp:/WORK/ibex_top/gen_regfile_latch.register_file_i/mem_reg[28][2]

  Ref  LAT        r:/WORK/ibex_top/gen_regfile_latch.register_file_i/mem_reg[28][30]
  Impl LAT        Imp:/WORK/ibex_top/gen_regfile_latch.register_file_i/mem_reg[28][30]

  Ref  LAT        r:/WORK/ibex_top/gen_regfile_latch.register_file_i/mem_reg[28][31]
  Impl LAT        Imp:/WORK/ibex_top/gen_regfile_latch.register_file_i/mem_reg[28][31]

  Ref  LAT        r:/WORK/ibex_top/gen_regfile_latch.register_file_i/mem_reg[28][3]
  Impl LAT        Imp:/WORK/ibex_top/gen_regfile_latch.register_file_i/mem_reg[28][3]

  Ref  LAT        r:/WORK/ibex_top/gen_regfile_latch.register_file_i/mem_reg[28][4]
  Impl LAT        Imp:/WORK/ibex_top/gen_regfile_latch.register_file_i/mem_reg[28][4]

  Ref  LAT        r:/WORK/ibex_top/gen_regfile_latch.register_file_i/mem_reg[28][5]
  Impl LAT        Imp:/WORK/ibex_top/gen_regfile_latch.register_file_i/mem_reg[28][5]

  Ref  LAT        r:/WORK/ibex_top/gen_regfile_latch.register_file_i/mem_reg[28][6]
  Impl LAT        Imp:/WORK/ibex_top/gen_regfile_latch.register_file_i/mem_reg[28][6]

  Ref  LAT        r:/WORK/ibex_top/gen_regfile_latch.register_file_i/mem_reg[28][7]
  Impl LAT        Imp:/WORK/ibex_top/gen_regfile_latch.register_file_i/mem_reg[28][7]

  Ref  LAT        r:/WORK/ibex_top/gen_regfile_latch.register_file_i/mem_reg[28][8]
  Impl LAT        Imp:/WORK/ibex_top/gen_regfile_latch.register_file_i/mem_reg[28][8]

  Ref  LAT        r:/WORK/ibex_top/gen_regfile_latch.register_file_i/mem_reg[28][9]
  Impl LAT        Imp:/WORK/ibex_top/gen_regfile_latch.register_file_i/mem_reg[28][9]

  Ref  LAT        r:/WORK/ibex_top/gen_regfile_latch.register_file_i/mem_reg[29][0]
  Impl LAT        Imp:/WORK/ibex_top/gen_regfile_latch.register_file_i/mem_reg[29][0]

  Ref  LAT        r:/WORK/ibex_top/gen_regfile_latch.register_file_i/mem_reg[29][10]
  Impl LAT        Imp:/WORK/ibex_top/gen_regfile_latch.register_file_i/mem_reg[29][10]

  Ref  LAT        r:/WORK/ibex_top/gen_regfile_latch.register_file_i/mem_reg[29][11]
  Impl LAT        Imp:/WORK/ibex_top/gen_regfile_latch.register_file_i/mem_reg[29][11]

  Ref  LAT        r:/WORK/ibex_top/gen_regfile_latch.register_file_i/mem_reg[29][12]
  Impl LAT        Imp:/WORK/ibex_top/gen_regfile_latch.register_file_i/mem_reg[29][12]

  Ref  LAT        r:/WORK/ibex_top/gen_regfile_latch.register_file_i/mem_reg[29][13]
  Impl LAT        Imp:/WORK/ibex_top/gen_regfile_latch.register_file_i/mem_reg[29][13]

  Ref  LAT        r:/WORK/ibex_top/gen_regfile_latch.register_file_i/mem_reg[29][14]
  Impl LAT        Imp:/WORK/ibex_top/gen_regfile_latch.register_file_i/mem_reg[29][14]

  Ref  LAT        r:/WORK/ibex_top/gen_regfile_latch.register_file_i/mem_reg[29][15]
  Impl LAT        Imp:/WORK/ibex_top/gen_regfile_latch.register_file_i/mem_reg[29][15]

  Ref  LAT        r:/WORK/ibex_top/gen_regfile_latch.register_file_i/mem_reg[29][16]
  Impl LAT        Imp:/WORK/ibex_top/gen_regfile_latch.register_file_i/mem_reg[29][16]

  Ref  LAT        r:/WORK/ibex_top/gen_regfile_latch.register_file_i/mem_reg[29][17]
  Impl LAT        Imp:/WORK/ibex_top/gen_regfile_latch.register_file_i/mem_reg[29][17]

  Ref  LAT        r:/WORK/ibex_top/gen_regfile_latch.register_file_i/mem_reg[29][18]
  Impl LAT        Imp:/WORK/ibex_top/gen_regfile_latch.register_file_i/mem_reg[29][18]

  Ref  LAT        r:/WORK/ibex_top/gen_regfile_latch.register_file_i/mem_reg[29][19]
  Impl LAT        Imp:/WORK/ibex_top/gen_regfile_latch.register_file_i/mem_reg[29][19]

  Ref  LAT        r:/WORK/ibex_top/gen_regfile_latch.register_file_i/mem_reg[29][1]
  Impl LAT        Imp:/WORK/ibex_top/gen_regfile_latch.register_file_i/mem_reg[29][1]

  Ref  LAT        r:/WORK/ibex_top/gen_regfile_latch.register_file_i/mem_reg[29][20]
  Impl LAT        Imp:/WORK/ibex_top/gen_regfile_latch.register_file_i/mem_reg[29][20]

  Ref  LAT        r:/WORK/ibex_top/gen_regfile_latch.register_file_i/mem_reg[29][21]
  Impl LAT        Imp:/WORK/ibex_top/gen_regfile_latch.register_file_i/mem_reg[29][21]

  Ref  LAT        r:/WORK/ibex_top/gen_regfile_latch.register_file_i/mem_reg[29][22]
  Impl LAT        Imp:/WORK/ibex_top/gen_regfile_latch.register_file_i/mem_reg[29][22]

  Ref  LAT        r:/WORK/ibex_top/gen_regfile_latch.register_file_i/mem_reg[29][23]
  Impl LAT        Imp:/WORK/ibex_top/gen_regfile_latch.register_file_i/mem_reg[29][23]

  Ref  LAT        r:/WORK/ibex_top/gen_regfile_latch.register_file_i/mem_reg[29][24]
  Impl LAT        Imp:/WORK/ibex_top/gen_regfile_latch.register_file_i/mem_reg[29][24]

  Ref  LAT        r:/WORK/ibex_top/gen_regfile_latch.register_file_i/mem_reg[29][25]
  Impl LAT        Imp:/WORK/ibex_top/gen_regfile_latch.register_file_i/mem_reg[29][25]

  Ref  LAT        r:/WORK/ibex_top/gen_regfile_latch.register_file_i/mem_reg[29][26]
  Impl LAT        Imp:/WORK/ibex_top/gen_regfile_latch.register_file_i/mem_reg[29][26]

  Ref  LAT        r:/WORK/ibex_top/gen_regfile_latch.register_file_i/mem_reg[29][27]
  Impl LAT        Imp:/WORK/ibex_top/gen_regfile_latch.register_file_i/mem_reg[29][27]

  Ref  LAT        r:/WORK/ibex_top/gen_regfile_latch.register_file_i/mem_reg[29][28]
  Impl LAT        Imp:/WORK/ibex_top/gen_regfile_latch.register_file_i/mem_reg[29][28]

  Ref  LAT        r:/WORK/ibex_top/gen_regfile_latch.register_file_i/mem_reg[29][29]
  Impl LAT        Imp:/WORK/ibex_top/gen_regfile_latch.register_file_i/mem_reg[29][29]

  Ref  LAT        r:/WORK/ibex_top/gen_regfile_latch.register_file_i/mem_reg[29][2]
  Impl LAT        Imp:/WORK/ibex_top/gen_regfile_latch.register_file_i/mem_reg[29][2]

  Ref  LAT        r:/WORK/ibex_top/gen_regfile_latch.register_file_i/mem_reg[29][30]
  Impl LAT        Imp:/WORK/ibex_top/gen_regfile_latch.register_file_i/mem_reg[29][30]

  Ref  LAT        r:/WORK/ibex_top/gen_regfile_latch.register_file_i/mem_reg[29][31]
  Impl LAT        Imp:/WORK/ibex_top/gen_regfile_latch.register_file_i/mem_reg[29][31]

  Ref  LAT        r:/WORK/ibex_top/gen_regfile_latch.register_file_i/mem_reg[29][3]
  Impl LAT        Imp:/WORK/ibex_top/gen_regfile_latch.register_file_i/mem_reg[29][3]

  Ref  LAT        r:/WORK/ibex_top/gen_regfile_latch.register_file_i/mem_reg[29][4]
  Impl LAT        Imp:/WORK/ibex_top/gen_regfile_latch.register_file_i/mem_reg[29][4]

  Ref  LAT        r:/WORK/ibex_top/gen_regfile_latch.register_file_i/mem_reg[29][5]
  Impl LAT        Imp:/WORK/ibex_top/gen_regfile_latch.register_file_i/mem_reg[29][5]

  Ref  LAT        r:/WORK/ibex_top/gen_regfile_latch.register_file_i/mem_reg[29][6]
  Impl LAT        Imp:/WORK/ibex_top/gen_regfile_latch.register_file_i/mem_reg[29][6]

  Ref  LAT        r:/WORK/ibex_top/gen_regfile_latch.register_file_i/mem_reg[29][7]
  Impl LAT        Imp:/WORK/ibex_top/gen_regfile_latch.register_file_i/mem_reg[29][7]

  Ref  LAT        r:/WORK/ibex_top/gen_regfile_latch.register_file_i/mem_reg[29][8]
  Impl LAT        Imp:/WORK/ibex_top/gen_regfile_latch.register_file_i/mem_reg[29][8]

  Ref  LAT        r:/WORK/ibex_top/gen_regfile_latch.register_file_i/mem_reg[29][9]
  Impl LAT        Imp:/WORK/ibex_top/gen_regfile_latch.register_file_i/mem_reg[29][9]

  Ref  LAT        r:/WORK/ibex_top/gen_regfile_latch.register_file_i/mem_reg[2][0]
  Impl LAT        Imp:/WORK/ibex_top/gen_regfile_latch.register_file_i/mem_reg[2][0]

  Ref  LAT        r:/WORK/ibex_top/gen_regfile_latch.register_file_i/mem_reg[2][10]
  Impl LAT        Imp:/WORK/ibex_top/gen_regfile_latch.register_file_i/mem_reg[2][10]

  Ref  LAT        r:/WORK/ibex_top/gen_regfile_latch.register_file_i/mem_reg[2][11]
  Impl LAT        Imp:/WORK/ibex_top/gen_regfile_latch.register_file_i/mem_reg[2][11]

  Ref  LAT        r:/WORK/ibex_top/gen_regfile_latch.register_file_i/mem_reg[2][12]
  Impl LAT        Imp:/WORK/ibex_top/gen_regfile_latch.register_file_i/mem_reg[2][12]

  Ref  LAT        r:/WORK/ibex_top/gen_regfile_latch.register_file_i/mem_reg[2][13]
  Impl LAT        Imp:/WORK/ibex_top/gen_regfile_latch.register_file_i/mem_reg[2][13]

  Ref  LAT        r:/WORK/ibex_top/gen_regfile_latch.register_file_i/mem_reg[2][14]
  Impl LAT        Imp:/WORK/ibex_top/gen_regfile_latch.register_file_i/mem_reg[2][14]

  Ref  LAT        r:/WORK/ibex_top/gen_regfile_latch.register_file_i/mem_reg[2][15]
  Impl LAT        Imp:/WORK/ibex_top/gen_regfile_latch.register_file_i/mem_reg[2][15]

  Ref  LAT        r:/WORK/ibex_top/gen_regfile_latch.register_file_i/mem_reg[2][16]
  Impl LAT        Imp:/WORK/ibex_top/gen_regfile_latch.register_file_i/mem_reg[2][16]

  Ref  LAT        r:/WORK/ibex_top/gen_regfile_latch.register_file_i/mem_reg[2][17]
  Impl LAT        Imp:/WORK/ibex_top/gen_regfile_latch.register_file_i/mem_reg[2][17]

  Ref  LAT        r:/WORK/ibex_top/gen_regfile_latch.register_file_i/mem_reg[2][18]
  Impl LAT        Imp:/WORK/ibex_top/gen_regfile_latch.register_file_i/mem_reg[2][18]

  Ref  LAT        r:/WORK/ibex_top/gen_regfile_latch.register_file_i/mem_reg[2][19]
  Impl LAT        Imp:/WORK/ibex_top/gen_regfile_latch.register_file_i/mem_reg[2][19]

  Ref  LAT        r:/WORK/ibex_top/gen_regfile_latch.register_file_i/mem_reg[2][1]
  Impl LAT        Imp:/WORK/ibex_top/gen_regfile_latch.register_file_i/mem_reg[2][1]

  Ref  LAT        r:/WORK/ibex_top/gen_regfile_latch.register_file_i/mem_reg[2][20]
  Impl LAT        Imp:/WORK/ibex_top/gen_regfile_latch.register_file_i/mem_reg[2][20]

  Ref  LAT        r:/WORK/ibex_top/gen_regfile_latch.register_file_i/mem_reg[2][21]
  Impl LAT        Imp:/WORK/ibex_top/gen_regfile_latch.register_file_i/mem_reg[2][21]

  Ref  LAT        r:/WORK/ibex_top/gen_regfile_latch.register_file_i/mem_reg[2][22]
  Impl LAT        Imp:/WORK/ibex_top/gen_regfile_latch.register_file_i/mem_reg[2][22]

  Ref  LAT        r:/WORK/ibex_top/gen_regfile_latch.register_file_i/mem_reg[2][23]
  Impl LAT        Imp:/WORK/ibex_top/gen_regfile_latch.register_file_i/mem_reg[2][23]

  Ref  LAT        r:/WORK/ibex_top/gen_regfile_latch.register_file_i/mem_reg[2][24]
  Impl LAT        Imp:/WORK/ibex_top/gen_regfile_latch.register_file_i/mem_reg[2][24]

  Ref  LAT        r:/WORK/ibex_top/gen_regfile_latch.register_file_i/mem_reg[2][25]
  Impl LAT        Imp:/WORK/ibex_top/gen_regfile_latch.register_file_i/mem_reg[2][25]

  Ref  LAT        r:/WORK/ibex_top/gen_regfile_latch.register_file_i/mem_reg[2][26]
  Impl LAT        Imp:/WORK/ibex_top/gen_regfile_latch.register_file_i/mem_reg[2][26]

  Ref  LAT        r:/WORK/ibex_top/gen_regfile_latch.register_file_i/mem_reg[2][27]
  Impl LAT        Imp:/WORK/ibex_top/gen_regfile_latch.register_file_i/mem_reg[2][27]

  Ref  LAT        r:/WORK/ibex_top/gen_regfile_latch.register_file_i/mem_reg[2][28]
  Impl LAT        Imp:/WORK/ibex_top/gen_regfile_latch.register_file_i/mem_reg[2][28]

  Ref  LAT        r:/WORK/ibex_top/gen_regfile_latch.register_file_i/mem_reg[2][29]
  Impl LAT        Imp:/WORK/ibex_top/gen_regfile_latch.register_file_i/mem_reg[2][29]

  Ref  LAT        r:/WORK/ibex_top/gen_regfile_latch.register_file_i/mem_reg[2][2]
  Impl LAT        Imp:/WORK/ibex_top/gen_regfile_latch.register_file_i/mem_reg[2][2]

  Ref  LAT        r:/WORK/ibex_top/gen_regfile_latch.register_file_i/mem_reg[2][30]
  Impl LAT        Imp:/WORK/ibex_top/gen_regfile_latch.register_file_i/mem_reg[2][30]

  Ref  LAT        r:/WORK/ibex_top/gen_regfile_latch.register_file_i/mem_reg[2][31]
  Impl LAT        Imp:/WORK/ibex_top/gen_regfile_latch.register_file_i/mem_reg[2][31]

  Ref  LAT        r:/WORK/ibex_top/gen_regfile_latch.register_file_i/mem_reg[2][3]
  Impl LAT        Imp:/WORK/ibex_top/gen_regfile_latch.register_file_i/mem_reg[2][3]

  Ref  LAT        r:/WORK/ibex_top/gen_regfile_latch.register_file_i/mem_reg[2][4]
  Impl LAT        Imp:/WORK/ibex_top/gen_regfile_latch.register_file_i/mem_reg[2][4]

  Ref  LAT        r:/WORK/ibex_top/gen_regfile_latch.register_file_i/mem_reg[2][5]
  Impl LAT        Imp:/WORK/ibex_top/gen_regfile_latch.register_file_i/mem_reg[2][5]

  Ref  LAT        r:/WORK/ibex_top/gen_regfile_latch.register_file_i/mem_reg[2][6]
  Impl LAT        Imp:/WORK/ibex_top/gen_regfile_latch.register_file_i/mem_reg[2][6]

  Ref  LAT        r:/WORK/ibex_top/gen_regfile_latch.register_file_i/mem_reg[2][7]
  Impl LAT        Imp:/WORK/ibex_top/gen_regfile_latch.register_file_i/mem_reg[2][7]

  Ref  LAT        r:/WORK/ibex_top/gen_regfile_latch.register_file_i/mem_reg[2][8]
  Impl LAT        Imp:/WORK/ibex_top/gen_regfile_latch.register_file_i/mem_reg[2][8]

  Ref  LAT        r:/WORK/ibex_top/gen_regfile_latch.register_file_i/mem_reg[2][9]
  Impl LAT        Imp:/WORK/ibex_top/gen_regfile_latch.register_file_i/mem_reg[2][9]

  Ref  LAT        r:/WORK/ibex_top/gen_regfile_latch.register_file_i/mem_reg[30][0]
  Impl LAT        Imp:/WORK/ibex_top/gen_regfile_latch.register_file_i/mem_reg[30][0]

  Ref  LAT        r:/WORK/ibex_top/gen_regfile_latch.register_file_i/mem_reg[30][10]
  Impl LAT        Imp:/WORK/ibex_top/gen_regfile_latch.register_file_i/mem_reg[30][10]

  Ref  LAT        r:/WORK/ibex_top/gen_regfile_latch.register_file_i/mem_reg[30][11]
  Impl LAT        Imp:/WORK/ibex_top/gen_regfile_latch.register_file_i/mem_reg[30][11]

  Ref  LAT        r:/WORK/ibex_top/gen_regfile_latch.register_file_i/mem_reg[30][12]
  Impl LAT        Imp:/WORK/ibex_top/gen_regfile_latch.register_file_i/mem_reg[30][12]

  Ref  LAT        r:/WORK/ibex_top/gen_regfile_latch.register_file_i/mem_reg[30][13]
  Impl LAT        Imp:/WORK/ibex_top/gen_regfile_latch.register_file_i/mem_reg[30][13]

  Ref  LAT        r:/WORK/ibex_top/gen_regfile_latch.register_file_i/mem_reg[30][14]
  Impl LAT        Imp:/WORK/ibex_top/gen_regfile_latch.register_file_i/mem_reg[30][14]

  Ref  LAT        r:/WORK/ibex_top/gen_regfile_latch.register_file_i/mem_reg[30][15]
  Impl LAT        Imp:/WORK/ibex_top/gen_regfile_latch.register_file_i/mem_reg[30][15]

  Ref  LAT        r:/WORK/ibex_top/gen_regfile_latch.register_file_i/mem_reg[30][16]
  Impl LAT        Imp:/WORK/ibex_top/gen_regfile_latch.register_file_i/mem_reg[30][16]

  Ref  LAT        r:/WORK/ibex_top/gen_regfile_latch.register_file_i/mem_reg[30][17]
  Impl LAT        Imp:/WORK/ibex_top/gen_regfile_latch.register_file_i/mem_reg[30][17]

  Ref  LAT        r:/WORK/ibex_top/gen_regfile_latch.register_file_i/mem_reg[30][18]
  Impl LAT        Imp:/WORK/ibex_top/gen_regfile_latch.register_file_i/mem_reg[30][18]

  Ref  LAT        r:/WORK/ibex_top/gen_regfile_latch.register_file_i/mem_reg[30][19]
  Impl LAT        Imp:/WORK/ibex_top/gen_regfile_latch.register_file_i/mem_reg[30][19]

  Ref  LAT        r:/WORK/ibex_top/gen_regfile_latch.register_file_i/mem_reg[30][1]
  Impl LAT        Imp:/WORK/ibex_top/gen_regfile_latch.register_file_i/mem_reg[30][1]

  Ref  LAT        r:/WORK/ibex_top/gen_regfile_latch.register_file_i/mem_reg[30][20]
  Impl LAT        Imp:/WORK/ibex_top/gen_regfile_latch.register_file_i/mem_reg[30][20]

  Ref  LAT        r:/WORK/ibex_top/gen_regfile_latch.register_file_i/mem_reg[30][21]
  Impl LAT        Imp:/WORK/ibex_top/gen_regfile_latch.register_file_i/mem_reg[30][21]

  Ref  LAT        r:/WORK/ibex_top/gen_regfile_latch.register_file_i/mem_reg[30][22]
  Impl LAT        Imp:/WORK/ibex_top/gen_regfile_latch.register_file_i/mem_reg[30][22]

  Ref  LAT        r:/WORK/ibex_top/gen_regfile_latch.register_file_i/mem_reg[30][23]
  Impl LAT        Imp:/WORK/ibex_top/gen_regfile_latch.register_file_i/mem_reg[30][23]

  Ref  LAT        r:/WORK/ibex_top/gen_regfile_latch.register_file_i/mem_reg[30][24]
  Impl LAT        Imp:/WORK/ibex_top/gen_regfile_latch.register_file_i/mem_reg[30][24]

  Ref  LAT        r:/WORK/ibex_top/gen_regfile_latch.register_file_i/mem_reg[30][25]
  Impl LAT        Imp:/WORK/ibex_top/gen_regfile_latch.register_file_i/mem_reg[30][25]

  Ref  LAT        r:/WORK/ibex_top/gen_regfile_latch.register_file_i/mem_reg[30][26]
  Impl LAT        Imp:/WORK/ibex_top/gen_regfile_latch.register_file_i/mem_reg[30][26]

  Ref  LAT        r:/WORK/ibex_top/gen_regfile_latch.register_file_i/mem_reg[30][27]
  Impl LAT        Imp:/WORK/ibex_top/gen_regfile_latch.register_file_i/mem_reg[30][27]

  Ref  LAT        r:/WORK/ibex_top/gen_regfile_latch.register_file_i/mem_reg[30][28]
  Impl LAT        Imp:/WORK/ibex_top/gen_regfile_latch.register_file_i/mem_reg[30][28]

  Ref  LAT        r:/WORK/ibex_top/gen_regfile_latch.register_file_i/mem_reg[30][29]
  Impl LAT        Imp:/WORK/ibex_top/gen_regfile_latch.register_file_i/mem_reg[30][29]

  Ref  LAT        r:/WORK/ibex_top/gen_regfile_latch.register_file_i/mem_reg[30][2]
  Impl LAT        Imp:/WORK/ibex_top/gen_regfile_latch.register_file_i/mem_reg[30][2]

  Ref  LAT        r:/WORK/ibex_top/gen_regfile_latch.register_file_i/mem_reg[30][30]
  Impl LAT        Imp:/WORK/ibex_top/gen_regfile_latch.register_file_i/mem_reg[30][30]

  Ref  LAT        r:/WORK/ibex_top/gen_regfile_latch.register_file_i/mem_reg[30][31]
  Impl LAT        Imp:/WORK/ibex_top/gen_regfile_latch.register_file_i/mem_reg[30][31]

  Ref  LAT        r:/WORK/ibex_top/gen_regfile_latch.register_file_i/mem_reg[30][3]
  Impl LAT        Imp:/WORK/ibex_top/gen_regfile_latch.register_file_i/mem_reg[30][3]

  Ref  LAT        r:/WORK/ibex_top/gen_regfile_latch.register_file_i/mem_reg[30][4]
  Impl LAT        Imp:/WORK/ibex_top/gen_regfile_latch.register_file_i/mem_reg[30][4]

  Ref  LAT        r:/WORK/ibex_top/gen_regfile_latch.register_file_i/mem_reg[30][5]
  Impl LAT        Imp:/WORK/ibex_top/gen_regfile_latch.register_file_i/mem_reg[30][5]

  Ref  LAT        r:/WORK/ibex_top/gen_regfile_latch.register_file_i/mem_reg[30][6]
  Impl LAT        Imp:/WORK/ibex_top/gen_regfile_latch.register_file_i/mem_reg[30][6]

  Ref  LAT        r:/WORK/ibex_top/gen_regfile_latch.register_file_i/mem_reg[30][7]
  Impl LAT        Imp:/WORK/ibex_top/gen_regfile_latch.register_file_i/mem_reg[30][7]

  Ref  LAT        r:/WORK/ibex_top/gen_regfile_latch.register_file_i/mem_reg[30][8]
  Impl LAT        Imp:/WORK/ibex_top/gen_regfile_latch.register_file_i/mem_reg[30][8]

  Ref  LAT        r:/WORK/ibex_top/gen_regfile_latch.register_file_i/mem_reg[30][9]
  Impl LAT        Imp:/WORK/ibex_top/gen_regfile_latch.register_file_i/mem_reg[30][9]

  Ref  LAT        r:/WORK/ibex_top/gen_regfile_latch.register_file_i/mem_reg[31][0]
  Impl LAT        Imp:/WORK/ibex_top/gen_regfile_latch.register_file_i/mem_reg[31][0]

  Ref  LAT        r:/WORK/ibex_top/gen_regfile_latch.register_file_i/mem_reg[31][10]
  Impl LAT        Imp:/WORK/ibex_top/gen_regfile_latch.register_file_i/mem_reg[31][10]

  Ref  LAT        r:/WORK/ibex_top/gen_regfile_latch.register_file_i/mem_reg[31][11]
  Impl LAT        Imp:/WORK/ibex_top/gen_regfile_latch.register_file_i/mem_reg[31][11]

  Ref  LAT        r:/WORK/ibex_top/gen_regfile_latch.register_file_i/mem_reg[31][12]
  Impl LAT        Imp:/WORK/ibex_top/gen_regfile_latch.register_file_i/mem_reg[31][12]

  Ref  LAT        r:/WORK/ibex_top/gen_regfile_latch.register_file_i/mem_reg[31][13]
  Impl LAT        Imp:/WORK/ibex_top/gen_regfile_latch.register_file_i/mem_reg[31][13]

  Ref  LAT        r:/WORK/ibex_top/gen_regfile_latch.register_file_i/mem_reg[31][14]
  Impl LAT        Imp:/WORK/ibex_top/gen_regfile_latch.register_file_i/mem_reg[31][14]

  Ref  LAT        r:/WORK/ibex_top/gen_regfile_latch.register_file_i/mem_reg[31][15]
  Impl LAT        Imp:/WORK/ibex_top/gen_regfile_latch.register_file_i/mem_reg[31][15]

  Ref  LAT        r:/WORK/ibex_top/gen_regfile_latch.register_file_i/mem_reg[31][16]
  Impl LAT        Imp:/WORK/ibex_top/gen_regfile_latch.register_file_i/mem_reg[31][16]

  Ref  LAT        r:/WORK/ibex_top/gen_regfile_latch.register_file_i/mem_reg[31][17]
  Impl LAT        Imp:/WORK/ibex_top/gen_regfile_latch.register_file_i/mem_reg[31][17]

  Ref  LAT        r:/WORK/ibex_top/gen_regfile_latch.register_file_i/mem_reg[31][18]
  Impl LAT        Imp:/WORK/ibex_top/gen_regfile_latch.register_file_i/mem_reg[31][18]

  Ref  LAT        r:/WORK/ibex_top/gen_regfile_latch.register_file_i/mem_reg[31][19]
  Impl LAT        Imp:/WORK/ibex_top/gen_regfile_latch.register_file_i/mem_reg[31][19]

  Ref  LAT        r:/WORK/ibex_top/gen_regfile_latch.register_file_i/mem_reg[31][1]
  Impl LAT        Imp:/WORK/ibex_top/gen_regfile_latch.register_file_i/mem_reg[31][1]

  Ref  LAT        r:/WORK/ibex_top/gen_regfile_latch.register_file_i/mem_reg[31][20]
  Impl LAT        Imp:/WORK/ibex_top/gen_regfile_latch.register_file_i/mem_reg[31][20]

  Ref  LAT        r:/WORK/ibex_top/gen_regfile_latch.register_file_i/mem_reg[31][21]
  Impl LAT        Imp:/WORK/ibex_top/gen_regfile_latch.register_file_i/mem_reg[31][21]

  Ref  LAT        r:/WORK/ibex_top/gen_regfile_latch.register_file_i/mem_reg[31][22]
  Impl LAT        Imp:/WORK/ibex_top/gen_regfile_latch.register_file_i/mem_reg[31][22]

  Ref  LAT        r:/WORK/ibex_top/gen_regfile_latch.register_file_i/mem_reg[31][23]
  Impl LAT        Imp:/WORK/ibex_top/gen_regfile_latch.register_file_i/mem_reg[31][23]

  Ref  LAT        r:/WORK/ibex_top/gen_regfile_latch.register_file_i/mem_reg[31][24]
  Impl LAT        Imp:/WORK/ibex_top/gen_regfile_latch.register_file_i/mem_reg[31][24]

  Ref  LAT        r:/WORK/ibex_top/gen_regfile_latch.register_file_i/mem_reg[31][25]
  Impl LAT        Imp:/WORK/ibex_top/gen_regfile_latch.register_file_i/mem_reg[31][25]

  Ref  LAT        r:/WORK/ibex_top/gen_regfile_latch.register_file_i/mem_reg[31][26]
  Impl LAT        Imp:/WORK/ibex_top/gen_regfile_latch.register_file_i/mem_reg[31][26]

  Ref  LAT        r:/WORK/ibex_top/gen_regfile_latch.register_file_i/mem_reg[31][27]
  Impl LAT        Imp:/WORK/ibex_top/gen_regfile_latch.register_file_i/mem_reg[31][27]

  Ref  LAT        r:/WORK/ibex_top/gen_regfile_latch.register_file_i/mem_reg[31][28]
  Impl LAT        Imp:/WORK/ibex_top/gen_regfile_latch.register_file_i/mem_reg[31][28]

  Ref  LAT        r:/WORK/ibex_top/gen_regfile_latch.register_file_i/mem_reg[31][29]
  Impl LAT        Imp:/WORK/ibex_top/gen_regfile_latch.register_file_i/mem_reg[31][29]

  Ref  LAT        r:/WORK/ibex_top/gen_regfile_latch.register_file_i/mem_reg[31][2]
  Impl LAT        Imp:/WORK/ibex_top/gen_regfile_latch.register_file_i/mem_reg[31][2]

  Ref  LAT        r:/WORK/ibex_top/gen_regfile_latch.register_file_i/mem_reg[31][30]
  Impl LAT        Imp:/WORK/ibex_top/gen_regfile_latch.register_file_i/mem_reg[31][30]

  Ref  LAT        r:/WORK/ibex_top/gen_regfile_latch.register_file_i/mem_reg[31][31]
  Impl LAT        Imp:/WORK/ibex_top/gen_regfile_latch.register_file_i/mem_reg[31][31]

  Ref  LAT        r:/WORK/ibex_top/gen_regfile_latch.register_file_i/mem_reg[31][3]
  Impl LAT        Imp:/WORK/ibex_top/gen_regfile_latch.register_file_i/mem_reg[31][3]

  Ref  LAT        r:/WORK/ibex_top/gen_regfile_latch.register_file_i/mem_reg[31][4]
  Impl LAT        Imp:/WORK/ibex_top/gen_regfile_latch.register_file_i/mem_reg[31][4]

  Ref  LAT        r:/WORK/ibex_top/gen_regfile_latch.register_file_i/mem_reg[31][5]
  Impl LAT        Imp:/WORK/ibex_top/gen_regfile_latch.register_file_i/mem_reg[31][5]

  Ref  LAT        r:/WORK/ibex_top/gen_regfile_latch.register_file_i/mem_reg[31][6]
  Impl LAT        Imp:/WORK/ibex_top/gen_regfile_latch.register_file_i/mem_reg[31][6]

  Ref  LAT        r:/WORK/ibex_top/gen_regfile_latch.register_file_i/mem_reg[31][7]
  Impl LAT        Imp:/WORK/ibex_top/gen_regfile_latch.register_file_i/mem_reg[31][7]

  Ref  LAT        r:/WORK/ibex_top/gen_regfile_latch.register_file_i/mem_reg[31][8]
  Impl LAT        Imp:/WORK/ibex_top/gen_regfile_latch.register_file_i/mem_reg[31][8]

  Ref  LAT        r:/WORK/ibex_top/gen_regfile_latch.register_file_i/mem_reg[31][9]
  Impl LAT        Imp:/WORK/ibex_top/gen_regfile_latch.register_file_i/mem_reg[31][9]

  Ref  LAT        r:/WORK/ibex_top/gen_regfile_latch.register_file_i/mem_reg[3][0]
  Impl LAT        Imp:/WORK/ibex_top/gen_regfile_latch.register_file_i/mem_reg[3][0]

  Ref  LAT        r:/WORK/ibex_top/gen_regfile_latch.register_file_i/mem_reg[3][10]
  Impl LAT        Imp:/WORK/ibex_top/gen_regfile_latch.register_file_i/mem_reg[3][10]

  Ref  LAT        r:/WORK/ibex_top/gen_regfile_latch.register_file_i/mem_reg[3][11]
  Impl LAT        Imp:/WORK/ibex_top/gen_regfile_latch.register_file_i/mem_reg[3][11]

  Ref  LAT        r:/WORK/ibex_top/gen_regfile_latch.register_file_i/mem_reg[3][12]
  Impl LAT        Imp:/WORK/ibex_top/gen_regfile_latch.register_file_i/mem_reg[3][12]

  Ref  LAT        r:/WORK/ibex_top/gen_regfile_latch.register_file_i/mem_reg[3][13]
  Impl LAT        Imp:/WORK/ibex_top/gen_regfile_latch.register_file_i/mem_reg[3][13]

  Ref  LAT        r:/WORK/ibex_top/gen_regfile_latch.register_file_i/mem_reg[3][14]
  Impl LAT        Imp:/WORK/ibex_top/gen_regfile_latch.register_file_i/mem_reg[3][14]

  Ref  LAT        r:/WORK/ibex_top/gen_regfile_latch.register_file_i/mem_reg[3][15]
  Impl LAT        Imp:/WORK/ibex_top/gen_regfile_latch.register_file_i/mem_reg[3][15]

  Ref  LAT        r:/WORK/ibex_top/gen_regfile_latch.register_file_i/mem_reg[3][16]
  Impl LAT        Imp:/WORK/ibex_top/gen_regfile_latch.register_file_i/mem_reg[3][16]

  Ref  LAT        r:/WORK/ibex_top/gen_regfile_latch.register_file_i/mem_reg[3][17]
  Impl LAT        Imp:/WORK/ibex_top/gen_regfile_latch.register_file_i/mem_reg[3][17]

  Ref  LAT        r:/WORK/ibex_top/gen_regfile_latch.register_file_i/mem_reg[3][18]
  Impl LAT        Imp:/WORK/ibex_top/gen_regfile_latch.register_file_i/mem_reg[3][18]

  Ref  LAT        r:/WORK/ibex_top/gen_regfile_latch.register_file_i/mem_reg[3][19]
  Impl LAT        Imp:/WORK/ibex_top/gen_regfile_latch.register_file_i/mem_reg[3][19]

  Ref  LAT        r:/WORK/ibex_top/gen_regfile_latch.register_file_i/mem_reg[3][1]
  Impl LAT        Imp:/WORK/ibex_top/gen_regfile_latch.register_file_i/mem_reg[3][1]

  Ref  LAT        r:/WORK/ibex_top/gen_regfile_latch.register_file_i/mem_reg[3][20]
  Impl LAT        Imp:/WORK/ibex_top/gen_regfile_latch.register_file_i/mem_reg[3][20]

  Ref  LAT        r:/WORK/ibex_top/gen_regfile_latch.register_file_i/mem_reg[3][21]
  Impl LAT        Imp:/WORK/ibex_top/gen_regfile_latch.register_file_i/mem_reg[3][21]

  Ref  LAT        r:/WORK/ibex_top/gen_regfile_latch.register_file_i/mem_reg[3][22]
  Impl LAT        Imp:/WORK/ibex_top/gen_regfile_latch.register_file_i/mem_reg[3][22]

  Ref  LAT        r:/WORK/ibex_top/gen_regfile_latch.register_file_i/mem_reg[3][23]
  Impl LAT        Imp:/WORK/ibex_top/gen_regfile_latch.register_file_i/mem_reg[3][23]

  Ref  LAT        r:/WORK/ibex_top/gen_regfile_latch.register_file_i/mem_reg[3][24]
  Impl LAT        Imp:/WORK/ibex_top/gen_regfile_latch.register_file_i/mem_reg[3][24]

  Ref  LAT        r:/WORK/ibex_top/gen_regfile_latch.register_file_i/mem_reg[3][25]
  Impl LAT        Imp:/WORK/ibex_top/gen_regfile_latch.register_file_i/mem_reg[3][25]

  Ref  LAT        r:/WORK/ibex_top/gen_regfile_latch.register_file_i/mem_reg[3][26]
  Impl LAT        Imp:/WORK/ibex_top/gen_regfile_latch.register_file_i/mem_reg[3][26]

  Ref  LAT        r:/WORK/ibex_top/gen_regfile_latch.register_file_i/mem_reg[3][27]
  Impl LAT        Imp:/WORK/ibex_top/gen_regfile_latch.register_file_i/mem_reg[3][27]

  Ref  LAT        r:/WORK/ibex_top/gen_regfile_latch.register_file_i/mem_reg[3][28]
  Impl LAT        Imp:/WORK/ibex_top/gen_regfile_latch.register_file_i/mem_reg[3][28]

  Ref  LAT        r:/WORK/ibex_top/gen_regfile_latch.register_file_i/mem_reg[3][29]
  Impl LAT        Imp:/WORK/ibex_top/gen_regfile_latch.register_file_i/mem_reg[3][29]

  Ref  LAT        r:/WORK/ibex_top/gen_regfile_latch.register_file_i/mem_reg[3][2]
  Impl LAT        Imp:/WORK/ibex_top/gen_regfile_latch.register_file_i/mem_reg[3][2]

  Ref  LAT        r:/WORK/ibex_top/gen_regfile_latch.register_file_i/mem_reg[3][30]
  Impl LAT        Imp:/WORK/ibex_top/gen_regfile_latch.register_file_i/mem_reg[3][30]

  Ref  LAT        r:/WORK/ibex_top/gen_regfile_latch.register_file_i/mem_reg[3][31]
  Impl LAT        Imp:/WORK/ibex_top/gen_regfile_latch.register_file_i/mem_reg[3][31]

  Ref  LAT        r:/WORK/ibex_top/gen_regfile_latch.register_file_i/mem_reg[3][3]
  Impl LAT        Imp:/WORK/ibex_top/gen_regfile_latch.register_file_i/mem_reg[3][3]

  Ref  LAT        r:/WORK/ibex_top/gen_regfile_latch.register_file_i/mem_reg[3][4]
  Impl LAT        Imp:/WORK/ibex_top/gen_regfile_latch.register_file_i/mem_reg[3][4]

  Ref  LAT        r:/WORK/ibex_top/gen_regfile_latch.register_file_i/mem_reg[3][5]
  Impl LAT        Imp:/WORK/ibex_top/gen_regfile_latch.register_file_i/mem_reg[3][5]

  Ref  LAT        r:/WORK/ibex_top/gen_regfile_latch.register_file_i/mem_reg[3][6]
  Impl LAT        Imp:/WORK/ibex_top/gen_regfile_latch.register_file_i/mem_reg[3][6]

  Ref  LAT        r:/WORK/ibex_top/gen_regfile_latch.register_file_i/mem_reg[3][7]
  Impl LAT        Imp:/WORK/ibex_top/gen_regfile_latch.register_file_i/mem_reg[3][7]

  Ref  LAT        r:/WORK/ibex_top/gen_regfile_latch.register_file_i/mem_reg[3][8]
  Impl LAT        Imp:/WORK/ibex_top/gen_regfile_latch.register_file_i/mem_reg[3][8]

  Ref  LAT        r:/WORK/ibex_top/gen_regfile_latch.register_file_i/mem_reg[3][9]
  Impl LAT        Imp:/WORK/ibex_top/gen_regfile_latch.register_file_i/mem_reg[3][9]

  Ref  LAT        r:/WORK/ibex_top/gen_regfile_latch.register_file_i/mem_reg[4][0]
  Impl LAT        Imp:/WORK/ibex_top/gen_regfile_latch.register_file_i/mem_reg[4][0]

  Ref  LAT        r:/WORK/ibex_top/gen_regfile_latch.register_file_i/mem_reg[4][10]
  Impl LAT        Imp:/WORK/ibex_top/gen_regfile_latch.register_file_i/mem_reg[4][10]

  Ref  LAT        r:/WORK/ibex_top/gen_regfile_latch.register_file_i/mem_reg[4][11]
  Impl LAT        Imp:/WORK/ibex_top/gen_regfile_latch.register_file_i/mem_reg[4][11]

  Ref  LAT        r:/WORK/ibex_top/gen_regfile_latch.register_file_i/mem_reg[4][12]
  Impl LAT        Imp:/WORK/ibex_top/gen_regfile_latch.register_file_i/mem_reg[4][12]

  Ref  LAT        r:/WORK/ibex_top/gen_regfile_latch.register_file_i/mem_reg[4][13]
  Impl LAT        Imp:/WORK/ibex_top/gen_regfile_latch.register_file_i/mem_reg[4][13]

  Ref  LAT        r:/WORK/ibex_top/gen_regfile_latch.register_file_i/mem_reg[4][14]
  Impl LAT        Imp:/WORK/ibex_top/gen_regfile_latch.register_file_i/mem_reg[4][14]

  Ref  LAT        r:/WORK/ibex_top/gen_regfile_latch.register_file_i/mem_reg[4][15]
  Impl LAT        Imp:/WORK/ibex_top/gen_regfile_latch.register_file_i/mem_reg[4][15]

  Ref  LAT        r:/WORK/ibex_top/gen_regfile_latch.register_file_i/mem_reg[4][16]
  Impl LAT        Imp:/WORK/ibex_top/gen_regfile_latch.register_file_i/mem_reg[4][16]

  Ref  LAT        r:/WORK/ibex_top/gen_regfile_latch.register_file_i/mem_reg[4][17]
  Impl LAT        Imp:/WORK/ibex_top/gen_regfile_latch.register_file_i/mem_reg[4][17]

  Ref  LAT        r:/WORK/ibex_top/gen_regfile_latch.register_file_i/mem_reg[4][18]
  Impl LAT        Imp:/WORK/ibex_top/gen_regfile_latch.register_file_i/mem_reg[4][18]

  Ref  LAT        r:/WORK/ibex_top/gen_regfile_latch.register_file_i/mem_reg[4][19]
  Impl LAT        Imp:/WORK/ibex_top/gen_regfile_latch.register_file_i/mem_reg[4][19]

  Ref  LAT        r:/WORK/ibex_top/gen_regfile_latch.register_file_i/mem_reg[4][1]
  Impl LAT        Imp:/WORK/ibex_top/gen_regfile_latch.register_file_i/mem_reg[4][1]

  Ref  LAT        r:/WORK/ibex_top/gen_regfile_latch.register_file_i/mem_reg[4][20]
  Impl LAT        Imp:/WORK/ibex_top/gen_regfile_latch.register_file_i/mem_reg[4][20]

  Ref  LAT        r:/WORK/ibex_top/gen_regfile_latch.register_file_i/mem_reg[4][21]
  Impl LAT        Imp:/WORK/ibex_top/gen_regfile_latch.register_file_i/mem_reg[4][21]

  Ref  LAT        r:/WORK/ibex_top/gen_regfile_latch.register_file_i/mem_reg[4][22]
  Impl LAT        Imp:/WORK/ibex_top/gen_regfile_latch.register_file_i/mem_reg[4][22]

  Ref  LAT        r:/WORK/ibex_top/gen_regfile_latch.register_file_i/mem_reg[4][23]
  Impl LAT        Imp:/WORK/ibex_top/gen_regfile_latch.register_file_i/mem_reg[4][23]

  Ref  LAT        r:/WORK/ibex_top/gen_regfile_latch.register_file_i/mem_reg[4][24]
  Impl LAT        Imp:/WORK/ibex_top/gen_regfile_latch.register_file_i/mem_reg[4][24]

  Ref  LAT        r:/WORK/ibex_top/gen_regfile_latch.register_file_i/mem_reg[4][25]
  Impl LAT        Imp:/WORK/ibex_top/gen_regfile_latch.register_file_i/mem_reg[4][25]

  Ref  LAT        r:/WORK/ibex_top/gen_regfile_latch.register_file_i/mem_reg[4][26]
  Impl LAT        Imp:/WORK/ibex_top/gen_regfile_latch.register_file_i/mem_reg[4][26]

  Ref  LAT        r:/WORK/ibex_top/gen_regfile_latch.register_file_i/mem_reg[4][27]
  Impl LAT        Imp:/WORK/ibex_top/gen_regfile_latch.register_file_i/mem_reg[4][27]

  Ref  LAT        r:/WORK/ibex_top/gen_regfile_latch.register_file_i/mem_reg[4][28]
  Impl LAT        Imp:/WORK/ibex_top/gen_regfile_latch.register_file_i/mem_reg[4][28]

  Ref  LAT        r:/WORK/ibex_top/gen_regfile_latch.register_file_i/mem_reg[4][29]
  Impl LAT        Imp:/WORK/ibex_top/gen_regfile_latch.register_file_i/mem_reg[4][29]

  Ref  LAT        r:/WORK/ibex_top/gen_regfile_latch.register_file_i/mem_reg[4][2]
  Impl LAT        Imp:/WORK/ibex_top/gen_regfile_latch.register_file_i/mem_reg[4][2]

  Ref  LAT        r:/WORK/ibex_top/gen_regfile_latch.register_file_i/mem_reg[4][30]
  Impl LAT        Imp:/WORK/ibex_top/gen_regfile_latch.register_file_i/mem_reg[4][30]

  Ref  LAT        r:/WORK/ibex_top/gen_regfile_latch.register_file_i/mem_reg[4][31]
  Impl LAT        Imp:/WORK/ibex_top/gen_regfile_latch.register_file_i/mem_reg[4][31]

  Ref  LAT        r:/WORK/ibex_top/gen_regfile_latch.register_file_i/mem_reg[4][3]
  Impl LAT        Imp:/WORK/ibex_top/gen_regfile_latch.register_file_i/mem_reg[4][3]

  Ref  LAT        r:/WORK/ibex_top/gen_regfile_latch.register_file_i/mem_reg[4][4]
  Impl LAT        Imp:/WORK/ibex_top/gen_regfile_latch.register_file_i/mem_reg[4][4]

  Ref  LAT        r:/WORK/ibex_top/gen_regfile_latch.register_file_i/mem_reg[4][5]
  Impl LAT        Imp:/WORK/ibex_top/gen_regfile_latch.register_file_i/mem_reg[4][5]

  Ref  LAT        r:/WORK/ibex_top/gen_regfile_latch.register_file_i/mem_reg[4][6]
  Impl LAT        Imp:/WORK/ibex_top/gen_regfile_latch.register_file_i/mem_reg[4][6]

  Ref  LAT        r:/WORK/ibex_top/gen_regfile_latch.register_file_i/mem_reg[4][7]
  Impl LAT        Imp:/WORK/ibex_top/gen_regfile_latch.register_file_i/mem_reg[4][7]

  Ref  LAT        r:/WORK/ibex_top/gen_regfile_latch.register_file_i/mem_reg[4][8]
  Impl LAT        Imp:/WORK/ibex_top/gen_regfile_latch.register_file_i/mem_reg[4][8]

  Ref  LAT        r:/WORK/ibex_top/gen_regfile_latch.register_file_i/mem_reg[4][9]
  Impl LAT        Imp:/WORK/ibex_top/gen_regfile_latch.register_file_i/mem_reg[4][9]

  Ref  LAT        r:/WORK/ibex_top/gen_regfile_latch.register_file_i/mem_reg[5][0]
  Impl LAT        Imp:/WORK/ibex_top/gen_regfile_latch.register_file_i/mem_reg[5][0]

  Ref  LAT        r:/WORK/ibex_top/gen_regfile_latch.register_file_i/mem_reg[5][10]
  Impl LAT        Imp:/WORK/ibex_top/gen_regfile_latch.register_file_i/mem_reg[5][10]

  Ref  LAT        r:/WORK/ibex_top/gen_regfile_latch.register_file_i/mem_reg[5][11]
  Impl LAT        Imp:/WORK/ibex_top/gen_regfile_latch.register_file_i/mem_reg[5][11]

  Ref  LAT        r:/WORK/ibex_top/gen_regfile_latch.register_file_i/mem_reg[5][12]
  Impl LAT        Imp:/WORK/ibex_top/gen_regfile_latch.register_file_i/mem_reg[5][12]

  Ref  LAT        r:/WORK/ibex_top/gen_regfile_latch.register_file_i/mem_reg[5][13]
  Impl LAT        Imp:/WORK/ibex_top/gen_regfile_latch.register_file_i/mem_reg[5][13]

  Ref  LAT        r:/WORK/ibex_top/gen_regfile_latch.register_file_i/mem_reg[5][14]
  Impl LAT        Imp:/WORK/ibex_top/gen_regfile_latch.register_file_i/mem_reg[5][14]

  Ref  LAT        r:/WORK/ibex_top/gen_regfile_latch.register_file_i/mem_reg[5][15]
  Impl LAT        Imp:/WORK/ibex_top/gen_regfile_latch.register_file_i/mem_reg[5][15]

  Ref  LAT        r:/WORK/ibex_top/gen_regfile_latch.register_file_i/mem_reg[5][16]
  Impl LAT        Imp:/WORK/ibex_top/gen_regfile_latch.register_file_i/mem_reg[5][16]

  Ref  LAT        r:/WORK/ibex_top/gen_regfile_latch.register_file_i/mem_reg[5][17]
  Impl LAT        Imp:/WORK/ibex_top/gen_regfile_latch.register_file_i/mem_reg[5][17]

  Ref  LAT        r:/WORK/ibex_top/gen_regfile_latch.register_file_i/mem_reg[5][18]
  Impl LAT        Imp:/WORK/ibex_top/gen_regfile_latch.register_file_i/mem_reg[5][18]

  Ref  LAT        r:/WORK/ibex_top/gen_regfile_latch.register_file_i/mem_reg[5][19]
  Impl LAT        Imp:/WORK/ibex_top/gen_regfile_latch.register_file_i/mem_reg[5][19]

  Ref  LAT        r:/WORK/ibex_top/gen_regfile_latch.register_file_i/mem_reg[5][1]
  Impl LAT        Imp:/WORK/ibex_top/gen_regfile_latch.register_file_i/mem_reg[5][1]

  Ref  LAT        r:/WORK/ibex_top/gen_regfile_latch.register_file_i/mem_reg[5][20]
  Impl LAT        Imp:/WORK/ibex_top/gen_regfile_latch.register_file_i/mem_reg[5][20]

  Ref  LAT        r:/WORK/ibex_top/gen_regfile_latch.register_file_i/mem_reg[5][21]
  Impl LAT        Imp:/WORK/ibex_top/gen_regfile_latch.register_file_i/mem_reg[5][21]

  Ref  LAT        r:/WORK/ibex_top/gen_regfile_latch.register_file_i/mem_reg[5][22]
  Impl LAT        Imp:/WORK/ibex_top/gen_regfile_latch.register_file_i/mem_reg[5][22]

  Ref  LAT        r:/WORK/ibex_top/gen_regfile_latch.register_file_i/mem_reg[5][23]
  Impl LAT        Imp:/WORK/ibex_top/gen_regfile_latch.register_file_i/mem_reg[5][23]

  Ref  LAT        r:/WORK/ibex_top/gen_regfile_latch.register_file_i/mem_reg[5][24]
  Impl LAT        Imp:/WORK/ibex_top/gen_regfile_latch.register_file_i/mem_reg[5][24]

  Ref  LAT        r:/WORK/ibex_top/gen_regfile_latch.register_file_i/mem_reg[5][25]
  Impl LAT        Imp:/WORK/ibex_top/gen_regfile_latch.register_file_i/mem_reg[5][25]

  Ref  LAT        r:/WORK/ibex_top/gen_regfile_latch.register_file_i/mem_reg[5][26]
  Impl LAT        Imp:/WORK/ibex_top/gen_regfile_latch.register_file_i/mem_reg[5][26]

  Ref  LAT        r:/WORK/ibex_top/gen_regfile_latch.register_file_i/mem_reg[5][27]
  Impl LAT        Imp:/WORK/ibex_top/gen_regfile_latch.register_file_i/mem_reg[5][27]

  Ref  LAT        r:/WORK/ibex_top/gen_regfile_latch.register_file_i/mem_reg[5][28]
  Impl LAT        Imp:/WORK/ibex_top/gen_regfile_latch.register_file_i/mem_reg[5][28]

  Ref  LAT        r:/WORK/ibex_top/gen_regfile_latch.register_file_i/mem_reg[5][29]
  Impl LAT        Imp:/WORK/ibex_top/gen_regfile_latch.register_file_i/mem_reg[5][29]

  Ref  LAT        r:/WORK/ibex_top/gen_regfile_latch.register_file_i/mem_reg[5][2]
  Impl LAT        Imp:/WORK/ibex_top/gen_regfile_latch.register_file_i/mem_reg[5][2]

  Ref  LAT        r:/WORK/ibex_top/gen_regfile_latch.register_file_i/mem_reg[5][30]
  Impl LAT        Imp:/WORK/ibex_top/gen_regfile_latch.register_file_i/mem_reg[5][30]

  Ref  LAT        r:/WORK/ibex_top/gen_regfile_latch.register_file_i/mem_reg[5][31]
  Impl LAT        Imp:/WORK/ibex_top/gen_regfile_latch.register_file_i/mem_reg[5][31]

  Ref  LAT        r:/WORK/ibex_top/gen_regfile_latch.register_file_i/mem_reg[5][3]
  Impl LAT        Imp:/WORK/ibex_top/gen_regfile_latch.register_file_i/mem_reg[5][3]

  Ref  LAT        r:/WORK/ibex_top/gen_regfile_latch.register_file_i/mem_reg[5][4]
  Impl LAT        Imp:/WORK/ibex_top/gen_regfile_latch.register_file_i/mem_reg[5][4]

  Ref  LAT        r:/WORK/ibex_top/gen_regfile_latch.register_file_i/mem_reg[5][5]
  Impl LAT        Imp:/WORK/ibex_top/gen_regfile_latch.register_file_i/mem_reg[5][5]

  Ref  LAT        r:/WORK/ibex_top/gen_regfile_latch.register_file_i/mem_reg[5][6]
  Impl LAT        Imp:/WORK/ibex_top/gen_regfile_latch.register_file_i/mem_reg[5][6]

  Ref  LAT        r:/WORK/ibex_top/gen_regfile_latch.register_file_i/mem_reg[5][7]
  Impl LAT        Imp:/WORK/ibex_top/gen_regfile_latch.register_file_i/mem_reg[5][7]

  Ref  LAT        r:/WORK/ibex_top/gen_regfile_latch.register_file_i/mem_reg[5][8]
  Impl LAT        Imp:/WORK/ibex_top/gen_regfile_latch.register_file_i/mem_reg[5][8]

  Ref  LAT        r:/WORK/ibex_top/gen_regfile_latch.register_file_i/mem_reg[5][9]
  Impl LAT        Imp:/WORK/ibex_top/gen_regfile_latch.register_file_i/mem_reg[5][9]

  Ref  LAT        r:/WORK/ibex_top/gen_regfile_latch.register_file_i/mem_reg[6][0]
  Impl LAT        Imp:/WORK/ibex_top/gen_regfile_latch.register_file_i/mem_reg[6][0]

  Ref  LAT        r:/WORK/ibex_top/gen_regfile_latch.register_file_i/mem_reg[6][10]
  Impl LAT        Imp:/WORK/ibex_top/gen_regfile_latch.register_file_i/mem_reg[6][10]

  Ref  LAT        r:/WORK/ibex_top/gen_regfile_latch.register_file_i/mem_reg[6][11]
  Impl LAT        Imp:/WORK/ibex_top/gen_regfile_latch.register_file_i/mem_reg[6][11]

  Ref  LAT        r:/WORK/ibex_top/gen_regfile_latch.register_file_i/mem_reg[6][12]
  Impl LAT        Imp:/WORK/ibex_top/gen_regfile_latch.register_file_i/mem_reg[6][12]

  Ref  LAT        r:/WORK/ibex_top/gen_regfile_latch.register_file_i/mem_reg[6][13]
  Impl LAT        Imp:/WORK/ibex_top/gen_regfile_latch.register_file_i/mem_reg[6][13]

  Ref  LAT        r:/WORK/ibex_top/gen_regfile_latch.register_file_i/mem_reg[6][14]
  Impl LAT        Imp:/WORK/ibex_top/gen_regfile_latch.register_file_i/mem_reg[6][14]

  Ref  LAT        r:/WORK/ibex_top/gen_regfile_latch.register_file_i/mem_reg[6][15]
  Impl LAT        Imp:/WORK/ibex_top/gen_regfile_latch.register_file_i/mem_reg[6][15]

  Ref  LAT        r:/WORK/ibex_top/gen_regfile_latch.register_file_i/mem_reg[6][16]
  Impl LAT        Imp:/WORK/ibex_top/gen_regfile_latch.register_file_i/mem_reg[6][16]

  Ref  LAT        r:/WORK/ibex_top/gen_regfile_latch.register_file_i/mem_reg[6][17]
  Impl LAT        Imp:/WORK/ibex_top/gen_regfile_latch.register_file_i/mem_reg[6][17]

  Ref  LAT        r:/WORK/ibex_top/gen_regfile_latch.register_file_i/mem_reg[6][18]
  Impl LAT        Imp:/WORK/ibex_top/gen_regfile_latch.register_file_i/mem_reg[6][18]

  Ref  LAT        r:/WORK/ibex_top/gen_regfile_latch.register_file_i/mem_reg[6][19]
  Impl LAT        Imp:/WORK/ibex_top/gen_regfile_latch.register_file_i/mem_reg[6][19]

  Ref  LAT        r:/WORK/ibex_top/gen_regfile_latch.register_file_i/mem_reg[6][1]
  Impl LAT        Imp:/WORK/ibex_top/gen_regfile_latch.register_file_i/mem_reg[6][1]

  Ref  LAT        r:/WORK/ibex_top/gen_regfile_latch.register_file_i/mem_reg[6][20]
  Impl LAT        Imp:/WORK/ibex_top/gen_regfile_latch.register_file_i/mem_reg[6][20]

  Ref  LAT        r:/WORK/ibex_top/gen_regfile_latch.register_file_i/mem_reg[6][21]
  Impl LAT        Imp:/WORK/ibex_top/gen_regfile_latch.register_file_i/mem_reg[6][21]

  Ref  LAT        r:/WORK/ibex_top/gen_regfile_latch.register_file_i/mem_reg[6][22]
  Impl LAT        Imp:/WORK/ibex_top/gen_regfile_latch.register_file_i/mem_reg[6][22]

  Ref  LAT        r:/WORK/ibex_top/gen_regfile_latch.register_file_i/mem_reg[6][23]
  Impl LAT        Imp:/WORK/ibex_top/gen_regfile_latch.register_file_i/mem_reg[6][23]

  Ref  LAT        r:/WORK/ibex_top/gen_regfile_latch.register_file_i/mem_reg[6][24]
  Impl LAT        Imp:/WORK/ibex_top/gen_regfile_latch.register_file_i/mem_reg[6][24]

  Ref  LAT        r:/WORK/ibex_top/gen_regfile_latch.register_file_i/mem_reg[6][25]
  Impl LAT        Imp:/WORK/ibex_top/gen_regfile_latch.register_file_i/mem_reg[6][25]

  Ref  LAT        r:/WORK/ibex_top/gen_regfile_latch.register_file_i/mem_reg[6][26]
  Impl LAT        Imp:/WORK/ibex_top/gen_regfile_latch.register_file_i/mem_reg[6][26]

  Ref  LAT        r:/WORK/ibex_top/gen_regfile_latch.register_file_i/mem_reg[6][27]
  Impl LAT        Imp:/WORK/ibex_top/gen_regfile_latch.register_file_i/mem_reg[6][27]

  Ref  LAT        r:/WORK/ibex_top/gen_regfile_latch.register_file_i/mem_reg[6][28]
  Impl LAT        Imp:/WORK/ibex_top/gen_regfile_latch.register_file_i/mem_reg[6][28]

  Ref  LAT        r:/WORK/ibex_top/gen_regfile_latch.register_file_i/mem_reg[6][29]
  Impl LAT        Imp:/WORK/ibex_top/gen_regfile_latch.register_file_i/mem_reg[6][29]

  Ref  LAT        r:/WORK/ibex_top/gen_regfile_latch.register_file_i/mem_reg[6][2]
  Impl LAT        Imp:/WORK/ibex_top/gen_regfile_latch.register_file_i/mem_reg[6][2]

  Ref  LAT        r:/WORK/ibex_top/gen_regfile_latch.register_file_i/mem_reg[6][30]
  Impl LAT        Imp:/WORK/ibex_top/gen_regfile_latch.register_file_i/mem_reg[6][30]

  Ref  LAT        r:/WORK/ibex_top/gen_regfile_latch.register_file_i/mem_reg[6][31]
  Impl LAT        Imp:/WORK/ibex_top/gen_regfile_latch.register_file_i/mem_reg[6][31]

  Ref  LAT        r:/WORK/ibex_top/gen_regfile_latch.register_file_i/mem_reg[6][3]
  Impl LAT        Imp:/WORK/ibex_top/gen_regfile_latch.register_file_i/mem_reg[6][3]

  Ref  LAT        r:/WORK/ibex_top/gen_regfile_latch.register_file_i/mem_reg[6][4]
  Impl LAT        Imp:/WORK/ibex_top/gen_regfile_latch.register_file_i/mem_reg[6][4]

  Ref  LAT        r:/WORK/ibex_top/gen_regfile_latch.register_file_i/mem_reg[6][5]
  Impl LAT        Imp:/WORK/ibex_top/gen_regfile_latch.register_file_i/mem_reg[6][5]

  Ref  LAT        r:/WORK/ibex_top/gen_regfile_latch.register_file_i/mem_reg[6][6]
  Impl LAT        Imp:/WORK/ibex_top/gen_regfile_latch.register_file_i/mem_reg[6][6]

  Ref  LAT        r:/WORK/ibex_top/gen_regfile_latch.register_file_i/mem_reg[6][7]
  Impl LAT        Imp:/WORK/ibex_top/gen_regfile_latch.register_file_i/mem_reg[6][7]

  Ref  LAT        r:/WORK/ibex_top/gen_regfile_latch.register_file_i/mem_reg[6][8]
  Impl LAT        Imp:/WORK/ibex_top/gen_regfile_latch.register_file_i/mem_reg[6][8]

  Ref  LAT        r:/WORK/ibex_top/gen_regfile_latch.register_file_i/mem_reg[6][9]
  Impl LAT        Imp:/WORK/ibex_top/gen_regfile_latch.register_file_i/mem_reg[6][9]

  Ref  LAT        r:/WORK/ibex_top/gen_regfile_latch.register_file_i/mem_reg[7][0]
  Impl LAT        Imp:/WORK/ibex_top/gen_regfile_latch.register_file_i/mem_reg[7][0]

  Ref  LAT        r:/WORK/ibex_top/gen_regfile_latch.register_file_i/mem_reg[7][10]
  Impl LAT        Imp:/WORK/ibex_top/gen_regfile_latch.register_file_i/mem_reg[7][10]

  Ref  LAT        r:/WORK/ibex_top/gen_regfile_latch.register_file_i/mem_reg[7][11]
  Impl LAT        Imp:/WORK/ibex_top/gen_regfile_latch.register_file_i/mem_reg[7][11]

  Ref  LAT        r:/WORK/ibex_top/gen_regfile_latch.register_file_i/mem_reg[7][12]
  Impl LAT        Imp:/WORK/ibex_top/gen_regfile_latch.register_file_i/mem_reg[7][12]

  Ref  LAT        r:/WORK/ibex_top/gen_regfile_latch.register_file_i/mem_reg[7][13]
  Impl LAT        Imp:/WORK/ibex_top/gen_regfile_latch.register_file_i/mem_reg[7][13]

  Ref  LAT        r:/WORK/ibex_top/gen_regfile_latch.register_file_i/mem_reg[7][14]
  Impl LAT        Imp:/WORK/ibex_top/gen_regfile_latch.register_file_i/mem_reg[7][14]

  Ref  LAT        r:/WORK/ibex_top/gen_regfile_latch.register_file_i/mem_reg[7][15]
  Impl LAT        Imp:/WORK/ibex_top/gen_regfile_latch.register_file_i/mem_reg[7][15]

  Ref  LAT        r:/WORK/ibex_top/gen_regfile_latch.register_file_i/mem_reg[7][16]
  Impl LAT        Imp:/WORK/ibex_top/gen_regfile_latch.register_file_i/mem_reg[7][16]

  Ref  LAT        r:/WORK/ibex_top/gen_regfile_latch.register_file_i/mem_reg[7][17]
  Impl LAT        Imp:/WORK/ibex_top/gen_regfile_latch.register_file_i/mem_reg[7][17]

  Ref  LAT        r:/WORK/ibex_top/gen_regfile_latch.register_file_i/mem_reg[7][18]
  Impl LAT        Imp:/WORK/ibex_top/gen_regfile_latch.register_file_i/mem_reg[7][18]

  Ref  LAT        r:/WORK/ibex_top/gen_regfile_latch.register_file_i/mem_reg[7][19]
  Impl LAT        Imp:/WORK/ibex_top/gen_regfile_latch.register_file_i/mem_reg[7][19]

  Ref  LAT        r:/WORK/ibex_top/gen_regfile_latch.register_file_i/mem_reg[7][1]
  Impl LAT        Imp:/WORK/ibex_top/gen_regfile_latch.register_file_i/mem_reg[7][1]

  Ref  LAT        r:/WORK/ibex_top/gen_regfile_latch.register_file_i/mem_reg[7][20]
  Impl LAT        Imp:/WORK/ibex_top/gen_regfile_latch.register_file_i/mem_reg[7][20]

  Ref  LAT        r:/WORK/ibex_top/gen_regfile_latch.register_file_i/mem_reg[7][21]
  Impl LAT        Imp:/WORK/ibex_top/gen_regfile_latch.register_file_i/mem_reg[7][21]

  Ref  LAT        r:/WORK/ibex_top/gen_regfile_latch.register_file_i/mem_reg[7][22]
  Impl LAT        Imp:/WORK/ibex_top/gen_regfile_latch.register_file_i/mem_reg[7][22]

  Ref  LAT        r:/WORK/ibex_top/gen_regfile_latch.register_file_i/mem_reg[7][23]
  Impl LAT        Imp:/WORK/ibex_top/gen_regfile_latch.register_file_i/mem_reg[7][23]

  Ref  LAT        r:/WORK/ibex_top/gen_regfile_latch.register_file_i/mem_reg[7][24]
  Impl LAT        Imp:/WORK/ibex_top/gen_regfile_latch.register_file_i/mem_reg[7][24]

  Ref  LAT        r:/WORK/ibex_top/gen_regfile_latch.register_file_i/mem_reg[7][25]
  Impl LAT        Imp:/WORK/ibex_top/gen_regfile_latch.register_file_i/mem_reg[7][25]

  Ref  LAT        r:/WORK/ibex_top/gen_regfile_latch.register_file_i/mem_reg[7][26]
  Impl LAT        Imp:/WORK/ibex_top/gen_regfile_latch.register_file_i/mem_reg[7][26]

  Ref  LAT        r:/WORK/ibex_top/gen_regfile_latch.register_file_i/mem_reg[7][27]
  Impl LAT        Imp:/WORK/ibex_top/gen_regfile_latch.register_file_i/mem_reg[7][27]

  Ref  LAT        r:/WORK/ibex_top/gen_regfile_latch.register_file_i/mem_reg[7][28]
  Impl LAT        Imp:/WORK/ibex_top/gen_regfile_latch.register_file_i/mem_reg[7][28]

  Ref  LAT        r:/WORK/ibex_top/gen_regfile_latch.register_file_i/mem_reg[7][29]
  Impl LAT        Imp:/WORK/ibex_top/gen_regfile_latch.register_file_i/mem_reg[7][29]

  Ref  LAT        r:/WORK/ibex_top/gen_regfile_latch.register_file_i/mem_reg[7][2]
  Impl LAT        Imp:/WORK/ibex_top/gen_regfile_latch.register_file_i/mem_reg[7][2]

  Ref  LAT        r:/WORK/ibex_top/gen_regfile_latch.register_file_i/mem_reg[7][30]
  Impl LAT        Imp:/WORK/ibex_top/gen_regfile_latch.register_file_i/mem_reg[7][30]

  Ref  LAT        r:/WORK/ibex_top/gen_regfile_latch.register_file_i/mem_reg[7][31]
  Impl LAT        Imp:/WORK/ibex_top/gen_regfile_latch.register_file_i/mem_reg[7][31]

  Ref  LAT        r:/WORK/ibex_top/gen_regfile_latch.register_file_i/mem_reg[7][3]
  Impl LAT        Imp:/WORK/ibex_top/gen_regfile_latch.register_file_i/mem_reg[7][3]

  Ref  LAT        r:/WORK/ibex_top/gen_regfile_latch.register_file_i/mem_reg[7][4]
  Impl LAT        Imp:/WORK/ibex_top/gen_regfile_latch.register_file_i/mem_reg[7][4]

  Ref  LAT        r:/WORK/ibex_top/gen_regfile_latch.register_file_i/mem_reg[7][5]
  Impl LAT        Imp:/WORK/ibex_top/gen_regfile_latch.register_file_i/mem_reg[7][5]

  Ref  LAT        r:/WORK/ibex_top/gen_regfile_latch.register_file_i/mem_reg[7][6]
  Impl LAT        Imp:/WORK/ibex_top/gen_regfile_latch.register_file_i/mem_reg[7][6]

  Ref  LAT        r:/WORK/ibex_top/gen_regfile_latch.register_file_i/mem_reg[7][7]
  Impl LAT        Imp:/WORK/ibex_top/gen_regfile_latch.register_file_i/mem_reg[7][7]

  Ref  LAT        r:/WORK/ibex_top/gen_regfile_latch.register_file_i/mem_reg[7][8]
  Impl LAT        Imp:/WORK/ibex_top/gen_regfile_latch.register_file_i/mem_reg[7][8]

  Ref  LAT        r:/WORK/ibex_top/gen_regfile_latch.register_file_i/mem_reg[7][9]
  Impl LAT        Imp:/WORK/ibex_top/gen_regfile_latch.register_file_i/mem_reg[7][9]

  Ref  LAT        r:/WORK/ibex_top/gen_regfile_latch.register_file_i/mem_reg[8][0]
  Impl LAT        Imp:/WORK/ibex_top/gen_regfile_latch.register_file_i/mem_reg[8][0]

  Ref  LAT        r:/WORK/ibex_top/gen_regfile_latch.register_file_i/mem_reg[8][10]
  Impl LAT        Imp:/WORK/ibex_top/gen_regfile_latch.register_file_i/mem_reg[8][10]

  Ref  LAT        r:/WORK/ibex_top/gen_regfile_latch.register_file_i/mem_reg[8][11]
  Impl LAT        Imp:/WORK/ibex_top/gen_regfile_latch.register_file_i/mem_reg[8][11]

  Ref  LAT        r:/WORK/ibex_top/gen_regfile_latch.register_file_i/mem_reg[8][12]
  Impl LAT        Imp:/WORK/ibex_top/gen_regfile_latch.register_file_i/mem_reg[8][12]

  Ref  LAT        r:/WORK/ibex_top/gen_regfile_latch.register_file_i/mem_reg[8][13]
  Impl LAT        Imp:/WORK/ibex_top/gen_regfile_latch.register_file_i/mem_reg[8][13]

  Ref  LAT        r:/WORK/ibex_top/gen_regfile_latch.register_file_i/mem_reg[8][14]
  Impl LAT        Imp:/WORK/ibex_top/gen_regfile_latch.register_file_i/mem_reg[8][14]

  Ref  LAT        r:/WORK/ibex_top/gen_regfile_latch.register_file_i/mem_reg[8][15]
  Impl LAT        Imp:/WORK/ibex_top/gen_regfile_latch.register_file_i/mem_reg[8][15]

  Ref  LAT        r:/WORK/ibex_top/gen_regfile_latch.register_file_i/mem_reg[8][16]
  Impl LAT        Imp:/WORK/ibex_top/gen_regfile_latch.register_file_i/mem_reg[8][16]

  Ref  LAT        r:/WORK/ibex_top/gen_regfile_latch.register_file_i/mem_reg[8][17]
  Impl LAT        Imp:/WORK/ibex_top/gen_regfile_latch.register_file_i/mem_reg[8][17]

  Ref  LAT        r:/WORK/ibex_top/gen_regfile_latch.register_file_i/mem_reg[8][18]
  Impl LAT        Imp:/WORK/ibex_top/gen_regfile_latch.register_file_i/mem_reg[8][18]

  Ref  LAT        r:/WORK/ibex_top/gen_regfile_latch.register_file_i/mem_reg[8][19]
  Impl LAT        Imp:/WORK/ibex_top/gen_regfile_latch.register_file_i/mem_reg[8][19]

  Ref  LAT        r:/WORK/ibex_top/gen_regfile_latch.register_file_i/mem_reg[8][1]
  Impl LAT        Imp:/WORK/ibex_top/gen_regfile_latch.register_file_i/mem_reg[8][1]

  Ref  LAT        r:/WORK/ibex_top/gen_regfile_latch.register_file_i/mem_reg[8][20]
  Impl LAT        Imp:/WORK/ibex_top/gen_regfile_latch.register_file_i/mem_reg[8][20]

  Ref  LAT        r:/WORK/ibex_top/gen_regfile_latch.register_file_i/mem_reg[8][21]
  Impl LAT        Imp:/WORK/ibex_top/gen_regfile_latch.register_file_i/mem_reg[8][21]

  Ref  LAT        r:/WORK/ibex_top/gen_regfile_latch.register_file_i/mem_reg[8][22]
  Impl LAT        Imp:/WORK/ibex_top/gen_regfile_latch.register_file_i/mem_reg[8][22]

  Ref  LAT        r:/WORK/ibex_top/gen_regfile_latch.register_file_i/mem_reg[8][23]
  Impl LAT        Imp:/WORK/ibex_top/gen_regfile_latch.register_file_i/mem_reg[8][23]

  Ref  LAT        r:/WORK/ibex_top/gen_regfile_latch.register_file_i/mem_reg[8][24]
  Impl LAT        Imp:/WORK/ibex_top/gen_regfile_latch.register_file_i/mem_reg[8][24]

  Ref  LAT        r:/WORK/ibex_top/gen_regfile_latch.register_file_i/mem_reg[8][25]
  Impl LAT        Imp:/WORK/ibex_top/gen_regfile_latch.register_file_i/mem_reg[8][25]

  Ref  LAT        r:/WORK/ibex_top/gen_regfile_latch.register_file_i/mem_reg[8][26]
  Impl LAT        Imp:/WORK/ibex_top/gen_regfile_latch.register_file_i/mem_reg[8][26]

  Ref  LAT        r:/WORK/ibex_top/gen_regfile_latch.register_file_i/mem_reg[8][27]
  Impl LAT        Imp:/WORK/ibex_top/gen_regfile_latch.register_file_i/mem_reg[8][27]

  Ref  LAT        r:/WORK/ibex_top/gen_regfile_latch.register_file_i/mem_reg[8][28]
  Impl LAT        Imp:/WORK/ibex_top/gen_regfile_latch.register_file_i/mem_reg[8][28]

  Ref  LAT        r:/WORK/ibex_top/gen_regfile_latch.register_file_i/mem_reg[8][29]
  Impl LAT        Imp:/WORK/ibex_top/gen_regfile_latch.register_file_i/mem_reg[8][29]

  Ref  LAT        r:/WORK/ibex_top/gen_regfile_latch.register_file_i/mem_reg[8][2]
  Impl LAT        Imp:/WORK/ibex_top/gen_regfile_latch.register_file_i/mem_reg[8][2]

  Ref  LAT        r:/WORK/ibex_top/gen_regfile_latch.register_file_i/mem_reg[8][30]
  Impl LAT        Imp:/WORK/ibex_top/gen_regfile_latch.register_file_i/mem_reg[8][30]

  Ref  LAT        r:/WORK/ibex_top/gen_regfile_latch.register_file_i/mem_reg[8][31]
  Impl LAT        Imp:/WORK/ibex_top/gen_regfile_latch.register_file_i/mem_reg[8][31]

  Ref  LAT        r:/WORK/ibex_top/gen_regfile_latch.register_file_i/mem_reg[8][3]
  Impl LAT        Imp:/WORK/ibex_top/gen_regfile_latch.register_file_i/mem_reg[8][3]

  Ref  LAT        r:/WORK/ibex_top/gen_regfile_latch.register_file_i/mem_reg[8][4]
  Impl LAT        Imp:/WORK/ibex_top/gen_regfile_latch.register_file_i/mem_reg[8][4]

  Ref  LAT        r:/WORK/ibex_top/gen_regfile_latch.register_file_i/mem_reg[8][5]
  Impl LAT        Imp:/WORK/ibex_top/gen_regfile_latch.register_file_i/mem_reg[8][5]

  Ref  LAT        r:/WORK/ibex_top/gen_regfile_latch.register_file_i/mem_reg[8][6]
  Impl LAT        Imp:/WORK/ibex_top/gen_regfile_latch.register_file_i/mem_reg[8][6]

  Ref  LAT        r:/WORK/ibex_top/gen_regfile_latch.register_file_i/mem_reg[8][7]
  Impl LAT        Imp:/WORK/ibex_top/gen_regfile_latch.register_file_i/mem_reg[8][7]

  Ref  LAT        r:/WORK/ibex_top/gen_regfile_latch.register_file_i/mem_reg[8][8]
  Impl LAT        Imp:/WORK/ibex_top/gen_regfile_latch.register_file_i/mem_reg[8][8]

  Ref  LAT        r:/WORK/ibex_top/gen_regfile_latch.register_file_i/mem_reg[8][9]
  Impl LAT        Imp:/WORK/ibex_top/gen_regfile_latch.register_file_i/mem_reg[8][9]

  Ref  LAT        r:/WORK/ibex_top/gen_regfile_latch.register_file_i/mem_reg[9][0]
  Impl LAT        Imp:/WORK/ibex_top/gen_regfile_latch.register_file_i/mem_reg[9][0]

  Ref  LAT        r:/WORK/ibex_top/gen_regfile_latch.register_file_i/mem_reg[9][10]
  Impl LAT        Imp:/WORK/ibex_top/gen_regfile_latch.register_file_i/mem_reg[9][10]

  Ref  LAT        r:/WORK/ibex_top/gen_regfile_latch.register_file_i/mem_reg[9][11]
  Impl LAT        Imp:/WORK/ibex_top/gen_regfile_latch.register_file_i/mem_reg[9][11]

  Ref  LAT        r:/WORK/ibex_top/gen_regfile_latch.register_file_i/mem_reg[9][12]
  Impl LAT        Imp:/WORK/ibex_top/gen_regfile_latch.register_file_i/mem_reg[9][12]

  Ref  LAT        r:/WORK/ibex_top/gen_regfile_latch.register_file_i/mem_reg[9][13]
  Impl LAT        Imp:/WORK/ibex_top/gen_regfile_latch.register_file_i/mem_reg[9][13]

  Ref  LAT        r:/WORK/ibex_top/gen_regfile_latch.register_file_i/mem_reg[9][14]
  Impl LAT        Imp:/WORK/ibex_top/gen_regfile_latch.register_file_i/mem_reg[9][14]

  Ref  LAT        r:/WORK/ibex_top/gen_regfile_latch.register_file_i/mem_reg[9][15]
  Impl LAT        Imp:/WORK/ibex_top/gen_regfile_latch.register_file_i/mem_reg[9][15]

  Ref  LAT        r:/WORK/ibex_top/gen_regfile_latch.register_file_i/mem_reg[9][16]
  Impl LAT        Imp:/WORK/ibex_top/gen_regfile_latch.register_file_i/mem_reg[9][16]

  Ref  LAT        r:/WORK/ibex_top/gen_regfile_latch.register_file_i/mem_reg[9][17]
  Impl LAT        Imp:/WORK/ibex_top/gen_regfile_latch.register_file_i/mem_reg[9][17]

  Ref  LAT        r:/WORK/ibex_top/gen_regfile_latch.register_file_i/mem_reg[9][18]
  Impl LAT        Imp:/WORK/ibex_top/gen_regfile_latch.register_file_i/mem_reg[9][18]

  Ref  LAT        r:/WORK/ibex_top/gen_regfile_latch.register_file_i/mem_reg[9][19]
  Impl LAT        Imp:/WORK/ibex_top/gen_regfile_latch.register_file_i/mem_reg[9][19]

  Ref  LAT        r:/WORK/ibex_top/gen_regfile_latch.register_file_i/mem_reg[9][1]
  Impl LAT        Imp:/WORK/ibex_top/gen_regfile_latch.register_file_i/mem_reg[9][1]

  Ref  LAT        r:/WORK/ibex_top/gen_regfile_latch.register_file_i/mem_reg[9][20]
  Impl LAT        Imp:/WORK/ibex_top/gen_regfile_latch.register_file_i/mem_reg[9][20]

  Ref  LAT        r:/WORK/ibex_top/gen_regfile_latch.register_file_i/mem_reg[9][21]
  Impl LAT        Imp:/WORK/ibex_top/gen_regfile_latch.register_file_i/mem_reg[9][21]

  Ref  LAT        r:/WORK/ibex_top/gen_regfile_latch.register_file_i/mem_reg[9][22]
  Impl LAT        Imp:/WORK/ibex_top/gen_regfile_latch.register_file_i/mem_reg[9][22]

  Ref  LAT        r:/WORK/ibex_top/gen_regfile_latch.register_file_i/mem_reg[9][23]
  Impl LAT        Imp:/WORK/ibex_top/gen_regfile_latch.register_file_i/mem_reg[9][23]

  Ref  LAT        r:/WORK/ibex_top/gen_regfile_latch.register_file_i/mem_reg[9][24]
  Impl LAT        Imp:/WORK/ibex_top/gen_regfile_latch.register_file_i/mem_reg[9][24]

  Ref  LAT        r:/WORK/ibex_top/gen_regfile_latch.register_file_i/mem_reg[9][25]
  Impl LAT        Imp:/WORK/ibex_top/gen_regfile_latch.register_file_i/mem_reg[9][25]

  Ref  LAT        r:/WORK/ibex_top/gen_regfile_latch.register_file_i/mem_reg[9][26]
  Impl LAT        Imp:/WORK/ibex_top/gen_regfile_latch.register_file_i/mem_reg[9][26]

  Ref  LAT        r:/WORK/ibex_top/gen_regfile_latch.register_file_i/mem_reg[9][27]
  Impl LAT        Imp:/WORK/ibex_top/gen_regfile_latch.register_file_i/mem_reg[9][27]

  Ref  LAT        r:/WORK/ibex_top/gen_regfile_latch.register_file_i/mem_reg[9][28]
  Impl LAT        Imp:/WORK/ibex_top/gen_regfile_latch.register_file_i/mem_reg[9][28]

  Ref  LAT        r:/WORK/ibex_top/gen_regfile_latch.register_file_i/mem_reg[9][29]
  Impl LAT        Imp:/WORK/ibex_top/gen_regfile_latch.register_file_i/mem_reg[9][29]

  Ref  LAT        r:/WORK/ibex_top/gen_regfile_latch.register_file_i/mem_reg[9][2]
  Impl LAT        Imp:/WORK/ibex_top/gen_regfile_latch.register_file_i/mem_reg[9][2]

  Ref  LAT        r:/WORK/ibex_top/gen_regfile_latch.register_file_i/mem_reg[9][30]
  Impl LAT        Imp:/WORK/ibex_top/gen_regfile_latch.register_file_i/mem_reg[9][30]

  Ref  LAT        r:/WORK/ibex_top/gen_regfile_latch.register_file_i/mem_reg[9][31]
  Impl LAT        Imp:/WORK/ibex_top/gen_regfile_latch.register_file_i/mem_reg[9][31]

  Ref  LAT        r:/WORK/ibex_top/gen_regfile_latch.register_file_i/mem_reg[9][3]
  Impl LAT        Imp:/WORK/ibex_top/gen_regfile_latch.register_file_i/mem_reg[9][3]

  Ref  LAT        r:/WORK/ibex_top/gen_regfile_latch.register_file_i/mem_reg[9][4]
  Impl LAT        Imp:/WORK/ibex_top/gen_regfile_latch.register_file_i/mem_reg[9][4]

  Ref  LAT        r:/WORK/ibex_top/gen_regfile_latch.register_file_i/mem_reg[9][5]
  Impl LAT        Imp:/WORK/ibex_top/gen_regfile_latch.register_file_i/mem_reg[9][5]

  Ref  LAT        r:/WORK/ibex_top/gen_regfile_latch.register_file_i/mem_reg[9][6]
  Impl LAT        Imp:/WORK/ibex_top/gen_regfile_latch.register_file_i/mem_reg[9][6]

  Ref  LAT        r:/WORK/ibex_top/gen_regfile_latch.register_file_i/mem_reg[9][7]
  Impl LAT        Imp:/WORK/ibex_top/gen_regfile_latch.register_file_i/mem_reg[9][7]

  Ref  LAT        r:/WORK/ibex_top/gen_regfile_latch.register_file_i/mem_reg[9][8]
  Impl LAT        Imp:/WORK/ibex_top/gen_regfile_latch.register_file_i/mem_reg[9][8]

  Ref  LAT        r:/WORK/ibex_top/gen_regfile_latch.register_file_i/mem_reg[9][9]
  Impl LAT        Imp:/WORK/ibex_top/gen_regfile_latch.register_file_i/mem_reg[9][9]

  Ref  DFF        r:/WORK/ibex_top/gen_regfile_latch.register_file_i/wdata_a_q_reg[0]
  Impl DFF        Imp:/WORK/ibex_top/gen_regfile_latch.register_file_i/wdata_a_q_reg[0]

  Ref  DFF        r:/WORK/ibex_top/gen_regfile_latch.register_file_i/wdata_a_q_reg[10]
  Impl DFF        Imp:/WORK/ibex_top/gen_regfile_latch.register_file_i/wdata_a_q_reg[10]

  Ref  DFF        r:/WORK/ibex_top/gen_regfile_latch.register_file_i/wdata_a_q_reg[11]
  Impl DFF        Imp:/WORK/ibex_top/gen_regfile_latch.register_file_i/wdata_a_q_reg[11]

  Ref  DFF        r:/WORK/ibex_top/gen_regfile_latch.register_file_i/wdata_a_q_reg[12]
  Impl DFF        Imp:/WORK/ibex_top/gen_regfile_latch.register_file_i/wdata_a_q_reg[12]

  Ref  DFF        r:/WORK/ibex_top/gen_regfile_latch.register_file_i/wdata_a_q_reg[13]
  Impl DFF        Imp:/WORK/ibex_top/gen_regfile_latch.register_file_i/wdata_a_q_reg[13]

  Ref  DFF        r:/WORK/ibex_top/gen_regfile_latch.register_file_i/wdata_a_q_reg[14]
  Impl DFF        Imp:/WORK/ibex_top/gen_regfile_latch.register_file_i/wdata_a_q_reg[14]

  Ref  DFF        r:/WORK/ibex_top/gen_regfile_latch.register_file_i/wdata_a_q_reg[15]
  Impl DFF        Imp:/WORK/ibex_top/gen_regfile_latch.register_file_i/wdata_a_q_reg[15]

  Ref  DFF        r:/WORK/ibex_top/gen_regfile_latch.register_file_i/wdata_a_q_reg[16]
  Impl DFF        Imp:/WORK/ibex_top/gen_regfile_latch.register_file_i/wdata_a_q_reg[16]

  Ref  DFF        r:/WORK/ibex_top/gen_regfile_latch.register_file_i/wdata_a_q_reg[17]
  Impl DFF        Imp:/WORK/ibex_top/gen_regfile_latch.register_file_i/wdata_a_q_reg[17]

  Ref  DFF        r:/WORK/ibex_top/gen_regfile_latch.register_file_i/wdata_a_q_reg[18]
  Impl DFF        Imp:/WORK/ibex_top/gen_regfile_latch.register_file_i/wdata_a_q_reg[18]

  Ref  DFF        r:/WORK/ibex_top/gen_regfile_latch.register_file_i/wdata_a_q_reg[19]
  Impl DFF        Imp:/WORK/ibex_top/gen_regfile_latch.register_file_i/wdata_a_q_reg[19]

  Ref  DFF        r:/WORK/ibex_top/gen_regfile_latch.register_file_i/wdata_a_q_reg[1]
  Impl DFF        Imp:/WORK/ibex_top/gen_regfile_latch.register_file_i/wdata_a_q_reg[1]

  Ref  DFF        r:/WORK/ibex_top/gen_regfile_latch.register_file_i/wdata_a_q_reg[20]
  Impl DFF        Imp:/WORK/ibex_top/gen_regfile_latch.register_file_i/wdata_a_q_reg[20]

  Ref  DFF        r:/WORK/ibex_top/gen_regfile_latch.register_file_i/wdata_a_q_reg[21]
  Impl DFF        Imp:/WORK/ibex_top/gen_regfile_latch.register_file_i/wdata_a_q_reg[21]

  Ref  DFF        r:/WORK/ibex_top/gen_regfile_latch.register_file_i/wdata_a_q_reg[22]
  Impl DFF        Imp:/WORK/ibex_top/gen_regfile_latch.register_file_i/wdata_a_q_reg[22]

  Ref  DFF        r:/WORK/ibex_top/gen_regfile_latch.register_file_i/wdata_a_q_reg[23]
  Impl DFF        Imp:/WORK/ibex_top/gen_regfile_latch.register_file_i/wdata_a_q_reg[23]

  Ref  DFF        r:/WORK/ibex_top/gen_regfile_latch.register_file_i/wdata_a_q_reg[24]
  Impl DFF        Imp:/WORK/ibex_top/gen_regfile_latch.register_file_i/wdata_a_q_reg[24]

  Ref  DFF        r:/WORK/ibex_top/gen_regfile_latch.register_file_i/wdata_a_q_reg[25]
  Impl DFF        Imp:/WORK/ibex_top/gen_regfile_latch.register_file_i/wdata_a_q_reg[25]

  Ref  DFF        r:/WORK/ibex_top/gen_regfile_latch.register_file_i/wdata_a_q_reg[26]
  Impl DFF        Imp:/WORK/ibex_top/gen_regfile_latch.register_file_i/wdata_a_q_reg[26]

  Ref  DFF        r:/WORK/ibex_top/gen_regfile_latch.register_file_i/wdata_a_q_reg[27]
  Impl DFF        Imp:/WORK/ibex_top/gen_regfile_latch.register_file_i/wdata_a_q_reg[27]

  Ref  DFF        r:/WORK/ibex_top/gen_regfile_latch.register_file_i/wdata_a_q_reg[28]
  Impl DFF        Imp:/WORK/ibex_top/gen_regfile_latch.register_file_i/wdata_a_q_reg[28]

  Ref  DFF        r:/WORK/ibex_top/gen_regfile_latch.register_file_i/wdata_a_q_reg[29]
  Impl DFF        Imp:/WORK/ibex_top/gen_regfile_latch.register_file_i/wdata_a_q_reg[29]

  Ref  DFF        r:/WORK/ibex_top/gen_regfile_latch.register_file_i/wdata_a_q_reg[2]
  Impl DFF        Imp:/WORK/ibex_top/gen_regfile_latch.register_file_i/wdata_a_q_reg[2]

  Ref  DFF        r:/WORK/ibex_top/gen_regfile_latch.register_file_i/wdata_a_q_reg[30]
  Impl DFF        Imp:/WORK/ibex_top/gen_regfile_latch.register_file_i/wdata_a_q_reg[30]

  Ref  DFF        r:/WORK/ibex_top/gen_regfile_latch.register_file_i/wdata_a_q_reg[31]
  Impl DFF        Imp:/WORK/ibex_top/gen_regfile_latch.register_file_i/wdata_a_q_reg[31]

  Ref  DFF        r:/WORK/ibex_top/gen_regfile_latch.register_file_i/wdata_a_q_reg[3]
  Impl DFF        Imp:/WORK/ibex_top/gen_regfile_latch.register_file_i/wdata_a_q_reg[3]

  Ref  DFF        r:/WORK/ibex_top/gen_regfile_latch.register_file_i/wdata_a_q_reg[4]
  Impl DFF        Imp:/WORK/ibex_top/gen_regfile_latch.register_file_i/wdata_a_q_reg[4]

  Ref  DFF        r:/WORK/ibex_top/gen_regfile_latch.register_file_i/wdata_a_q_reg[5]
  Impl DFF        Imp:/WORK/ibex_top/gen_regfile_latch.register_file_i/wdata_a_q_reg[5]

  Ref  DFF        r:/WORK/ibex_top/gen_regfile_latch.register_file_i/wdata_a_q_reg[6]
  Impl DFF        Imp:/WORK/ibex_top/gen_regfile_latch.register_file_i/wdata_a_q_reg[6]

  Ref  DFF        r:/WORK/ibex_top/gen_regfile_latch.register_file_i/wdata_a_q_reg[7]
  Impl DFF        Imp:/WORK/ibex_top/gen_regfile_latch.register_file_i/wdata_a_q_reg[7]

  Ref  DFF        r:/WORK/ibex_top/gen_regfile_latch.register_file_i/wdata_a_q_reg[8]
  Impl DFF        Imp:/WORK/ibex_top/gen_regfile_latch.register_file_i/wdata_a_q_reg[8]

  Ref  DFF        r:/WORK/ibex_top/gen_regfile_latch.register_file_i/wdata_a_q_reg[9]
  Impl DFF        Imp:/WORK/ibex_top/gen_regfile_latch.register_file_i/wdata_a_q_reg[9]

  Ref  DFF        r:/WORK/ibex_top/u_ibex_core/cs_registers_i/mcountinhibit_q_reg[0]
  Impl DFF        Imp:/WORK/ibex_top/u_ibex_core/cs_registers_i/mcountinhibit_q_reg[0]

  Ref  DFF        r:/WORK/ibex_top/u_ibex_core/cs_registers_i/mcountinhibit_q_reg[2]
  Impl DFF        Imp:/WORK/ibex_top/u_ibex_core/cs_registers_i/mcountinhibit_q_reg[2]

  Ref  DFF        r:/WORK/ibex_top/u_ibex_core/cs_registers_i/mcycle_counter_i/counter_q_reg[0]
  Impl DFF        Imp:/WORK/ibex_top/u_ibex_core/cs_registers_i/mcycle_counter_i/counter_q_reg[0]

  Ref  DFF        r:/WORK/ibex_top/u_ibex_core/cs_registers_i/mcycle_counter_i/counter_q_reg[10]
  Impl DFF        Imp:/WORK/ibex_top/u_ibex_core/cs_registers_i/mcycle_counter_i/counter_q_reg[10]

  Ref  DFF        r:/WORK/ibex_top/u_ibex_core/cs_registers_i/mcycle_counter_i/counter_q_reg[11]
  Impl DFF        Imp:/WORK/ibex_top/u_ibex_core/cs_registers_i/mcycle_counter_i/counter_q_reg[11]

  Ref  DFF        r:/WORK/ibex_top/u_ibex_core/cs_registers_i/mcycle_counter_i/counter_q_reg[12]
  Impl DFF        Imp:/WORK/ibex_top/u_ibex_core/cs_registers_i/mcycle_counter_i/counter_q_reg[12]

  Ref  DFF        r:/WORK/ibex_top/u_ibex_core/cs_registers_i/mcycle_counter_i/counter_q_reg[13]
  Impl DFF        Imp:/WORK/ibex_top/u_ibex_core/cs_registers_i/mcycle_counter_i/counter_q_reg[13]

  Ref  DFF        r:/WORK/ibex_top/u_ibex_core/cs_registers_i/mcycle_counter_i/counter_q_reg[14]
  Impl DFF        Imp:/WORK/ibex_top/u_ibex_core/cs_registers_i/mcycle_counter_i/counter_q_reg[14]

  Ref  DFF        r:/WORK/ibex_top/u_ibex_core/cs_registers_i/mcycle_counter_i/counter_q_reg[15]
  Impl DFF        Imp:/WORK/ibex_top/u_ibex_core/cs_registers_i/mcycle_counter_i/counter_q_reg[15]

  Ref  DFF        r:/WORK/ibex_top/u_ibex_core/cs_registers_i/mcycle_counter_i/counter_q_reg[16]
  Impl DFF        Imp:/WORK/ibex_top/u_ibex_core/cs_registers_i/mcycle_counter_i/counter_q_reg[16]

  Ref  DFF        r:/WORK/ibex_top/u_ibex_core/cs_registers_i/mcycle_counter_i/counter_q_reg[17]
  Impl DFF        Imp:/WORK/ibex_top/u_ibex_core/cs_registers_i/mcycle_counter_i/counter_q_reg[17]

  Ref  DFF        r:/WORK/ibex_top/u_ibex_core/cs_registers_i/mcycle_counter_i/counter_q_reg[18]
  Impl DFF        Imp:/WORK/ibex_top/u_ibex_core/cs_registers_i/mcycle_counter_i/counter_q_reg[18]

  Ref  DFF        r:/WORK/ibex_top/u_ibex_core/cs_registers_i/mcycle_counter_i/counter_q_reg[19]
  Impl DFF        Imp:/WORK/ibex_top/u_ibex_core/cs_registers_i/mcycle_counter_i/counter_q_reg[19]

  Ref  DFF        r:/WORK/ibex_top/u_ibex_core/cs_registers_i/mcycle_counter_i/counter_q_reg[1]
  Impl DFF        Imp:/WORK/ibex_top/u_ibex_core/cs_registers_i/mcycle_counter_i/counter_q_reg[1]

  Ref  DFF        r:/WORK/ibex_top/u_ibex_core/cs_registers_i/mcycle_counter_i/counter_q_reg[20]
  Impl DFF        Imp:/WORK/ibex_top/u_ibex_core/cs_registers_i/mcycle_counter_i/counter_q_reg[20]

  Ref  DFF        r:/WORK/ibex_top/u_ibex_core/cs_registers_i/mcycle_counter_i/counter_q_reg[21]
  Impl DFF        Imp:/WORK/ibex_top/u_ibex_core/cs_registers_i/mcycle_counter_i/counter_q_reg[21]

  Ref  DFF        r:/WORK/ibex_top/u_ibex_core/cs_registers_i/mcycle_counter_i/counter_q_reg[22]
  Impl DFF        Imp:/WORK/ibex_top/u_ibex_core/cs_registers_i/mcycle_counter_i/counter_q_reg[22]

  Ref  DFF        r:/WORK/ibex_top/u_ibex_core/cs_registers_i/mcycle_counter_i/counter_q_reg[23]
  Impl DFF        Imp:/WORK/ibex_top/u_ibex_core/cs_registers_i/mcycle_counter_i/counter_q_reg[23]

  Ref  DFF        r:/WORK/ibex_top/u_ibex_core/cs_registers_i/mcycle_counter_i/counter_q_reg[24]
  Impl DFF        Imp:/WORK/ibex_top/u_ibex_core/cs_registers_i/mcycle_counter_i/counter_q_reg[24]

  Ref  DFF        r:/WORK/ibex_top/u_ibex_core/cs_registers_i/mcycle_counter_i/counter_q_reg[25]
  Impl DFF        Imp:/WORK/ibex_top/u_ibex_core/cs_registers_i/mcycle_counter_i/counter_q_reg[25]

  Ref  DFF        r:/WORK/ibex_top/u_ibex_core/cs_registers_i/mcycle_counter_i/counter_q_reg[26]
  Impl DFF        Imp:/WORK/ibex_top/u_ibex_core/cs_registers_i/mcycle_counter_i/counter_q_reg[26]

  Ref  DFF        r:/WORK/ibex_top/u_ibex_core/cs_registers_i/mcycle_counter_i/counter_q_reg[27]
  Impl DFF        Imp:/WORK/ibex_top/u_ibex_core/cs_registers_i/mcycle_counter_i/counter_q_reg[27]

  Ref  DFF        r:/WORK/ibex_top/u_ibex_core/cs_registers_i/mcycle_counter_i/counter_q_reg[28]
  Impl DFF        Imp:/WORK/ibex_top/u_ibex_core/cs_registers_i/mcycle_counter_i/counter_q_reg[28]

  Ref  DFF        r:/WORK/ibex_top/u_ibex_core/cs_registers_i/mcycle_counter_i/counter_q_reg[29]
  Impl DFF        Imp:/WORK/ibex_top/u_ibex_core/cs_registers_i/mcycle_counter_i/counter_q_reg[29]

  Ref  DFF        r:/WORK/ibex_top/u_ibex_core/cs_registers_i/mcycle_counter_i/counter_q_reg[2]
  Impl DFF        Imp:/WORK/ibex_top/u_ibex_core/cs_registers_i/mcycle_counter_i/counter_q_reg[2]

  Ref  DFF        r:/WORK/ibex_top/u_ibex_core/cs_registers_i/mcycle_counter_i/counter_q_reg[30]
  Impl DFF        Imp:/WORK/ibex_top/u_ibex_core/cs_registers_i/mcycle_counter_i/counter_q_reg[30]

  Ref  DFF        r:/WORK/ibex_top/u_ibex_core/cs_registers_i/mcycle_counter_i/counter_q_reg[31]
  Impl DFF        Imp:/WORK/ibex_top/u_ibex_core/cs_registers_i/mcycle_counter_i/counter_q_reg[31]

  Ref  DFF        r:/WORK/ibex_top/u_ibex_core/cs_registers_i/mcycle_counter_i/counter_q_reg[32]
  Impl DFF        Imp:/WORK/ibex_top/u_ibex_core/cs_registers_i/mcycle_counter_i/counter_q_reg[32]

  Ref  DFF        r:/WORK/ibex_top/u_ibex_core/cs_registers_i/mcycle_counter_i/counter_q_reg[33]
  Impl DFF        Imp:/WORK/ibex_top/u_ibex_core/cs_registers_i/mcycle_counter_i/counter_q_reg[33]

  Ref  DFF        r:/WORK/ibex_top/u_ibex_core/cs_registers_i/mcycle_counter_i/counter_q_reg[34]
  Impl DFF        Imp:/WORK/ibex_top/u_ibex_core/cs_registers_i/mcycle_counter_i/counter_q_reg[34]

  Ref  DFF        r:/WORK/ibex_top/u_ibex_core/cs_registers_i/mcycle_counter_i/counter_q_reg[35]
  Impl DFF        Imp:/WORK/ibex_top/u_ibex_core/cs_registers_i/mcycle_counter_i/counter_q_reg[35]

  Ref  DFF        r:/WORK/ibex_top/u_ibex_core/cs_registers_i/mcycle_counter_i/counter_q_reg[36]
  Impl DFF        Imp:/WORK/ibex_top/u_ibex_core/cs_registers_i/mcycle_counter_i/counter_q_reg[36]

  Ref  DFF        r:/WORK/ibex_top/u_ibex_core/cs_registers_i/mcycle_counter_i/counter_q_reg[37]
  Impl DFF        Imp:/WORK/ibex_top/u_ibex_core/cs_registers_i/mcycle_counter_i/counter_q_reg[37]

  Ref  DFF        r:/WORK/ibex_top/u_ibex_core/cs_registers_i/mcycle_counter_i/counter_q_reg[38]
  Impl DFF        Imp:/WORK/ibex_top/u_ibex_core/cs_registers_i/mcycle_counter_i/counter_q_reg[38]

  Ref  DFF        r:/WORK/ibex_top/u_ibex_core/cs_registers_i/mcycle_counter_i/counter_q_reg[39]
  Impl DFF        Imp:/WORK/ibex_top/u_ibex_core/cs_registers_i/mcycle_counter_i/counter_q_reg[39]

  Ref  DFF        r:/WORK/ibex_top/u_ibex_core/cs_registers_i/mcycle_counter_i/counter_q_reg[3]
  Impl DFF        Imp:/WORK/ibex_top/u_ibex_core/cs_registers_i/mcycle_counter_i/counter_q_reg[3]

  Ref  DFF        r:/WORK/ibex_top/u_ibex_core/cs_registers_i/mcycle_counter_i/counter_q_reg[40]
  Impl DFF        Imp:/WORK/ibex_top/u_ibex_core/cs_registers_i/mcycle_counter_i/counter_q_reg[40]

  Ref  DFF        r:/WORK/ibex_top/u_ibex_core/cs_registers_i/mcycle_counter_i/counter_q_reg[41]
  Impl DFF        Imp:/WORK/ibex_top/u_ibex_core/cs_registers_i/mcycle_counter_i/counter_q_reg[41]

  Ref  DFF        r:/WORK/ibex_top/u_ibex_core/cs_registers_i/mcycle_counter_i/counter_q_reg[42]
  Impl DFF        Imp:/WORK/ibex_top/u_ibex_core/cs_registers_i/mcycle_counter_i/counter_q_reg[42]

  Ref  DFF        r:/WORK/ibex_top/u_ibex_core/cs_registers_i/mcycle_counter_i/counter_q_reg[43]
  Impl DFF        Imp:/WORK/ibex_top/u_ibex_core/cs_registers_i/mcycle_counter_i/counter_q_reg[43]

  Ref  DFF        r:/WORK/ibex_top/u_ibex_core/cs_registers_i/mcycle_counter_i/counter_q_reg[44]
  Impl DFF        Imp:/WORK/ibex_top/u_ibex_core/cs_registers_i/mcycle_counter_i/counter_q_reg[44]

  Ref  DFF        r:/WORK/ibex_top/u_ibex_core/cs_registers_i/mcycle_counter_i/counter_q_reg[45]
  Impl DFF        Imp:/WORK/ibex_top/u_ibex_core/cs_registers_i/mcycle_counter_i/counter_q_reg[45]

  Ref  DFF        r:/WORK/ibex_top/u_ibex_core/cs_registers_i/mcycle_counter_i/counter_q_reg[46]
  Impl DFF        Imp:/WORK/ibex_top/u_ibex_core/cs_registers_i/mcycle_counter_i/counter_q_reg[46]

  Ref  DFF        r:/WORK/ibex_top/u_ibex_core/cs_registers_i/mcycle_counter_i/counter_q_reg[47]
  Impl DFF        Imp:/WORK/ibex_top/u_ibex_core/cs_registers_i/mcycle_counter_i/counter_q_reg[47]

  Ref  DFF        r:/WORK/ibex_top/u_ibex_core/cs_registers_i/mcycle_counter_i/counter_q_reg[48]
  Impl DFF        Imp:/WORK/ibex_top/u_ibex_core/cs_registers_i/mcycle_counter_i/counter_q_reg[48]

  Ref  DFF        r:/WORK/ibex_top/u_ibex_core/cs_registers_i/mcycle_counter_i/counter_q_reg[49]
  Impl DFF        Imp:/WORK/ibex_top/u_ibex_core/cs_registers_i/mcycle_counter_i/counter_q_reg[49]

  Ref  DFF        r:/WORK/ibex_top/u_ibex_core/cs_registers_i/mcycle_counter_i/counter_q_reg[4]
  Impl DFF        Imp:/WORK/ibex_top/u_ibex_core/cs_registers_i/mcycle_counter_i/counter_q_reg[4]

  Ref  DFF        r:/WORK/ibex_top/u_ibex_core/cs_registers_i/mcycle_counter_i/counter_q_reg[50]
  Impl DFF        Imp:/WORK/ibex_top/u_ibex_core/cs_registers_i/mcycle_counter_i/counter_q_reg[50]

  Ref  DFF        r:/WORK/ibex_top/u_ibex_core/cs_registers_i/mcycle_counter_i/counter_q_reg[51]
  Impl DFF        Imp:/WORK/ibex_top/u_ibex_core/cs_registers_i/mcycle_counter_i/counter_q_reg[51]

  Ref  DFF        r:/WORK/ibex_top/u_ibex_core/cs_registers_i/mcycle_counter_i/counter_q_reg[52]
  Impl DFF        Imp:/WORK/ibex_top/u_ibex_core/cs_registers_i/mcycle_counter_i/counter_q_reg[52]

  Ref  DFF        r:/WORK/ibex_top/u_ibex_core/cs_registers_i/mcycle_counter_i/counter_q_reg[53]
  Impl DFF        Imp:/WORK/ibex_top/u_ibex_core/cs_registers_i/mcycle_counter_i/counter_q_reg[53]

  Ref  DFF        r:/WORK/ibex_top/u_ibex_core/cs_registers_i/mcycle_counter_i/counter_q_reg[54]
  Impl DFF        Imp:/WORK/ibex_top/u_ibex_core/cs_registers_i/mcycle_counter_i/counter_q_reg[54]

  Ref  DFF        r:/WORK/ibex_top/u_ibex_core/cs_registers_i/mcycle_counter_i/counter_q_reg[55]
  Impl DFF        Imp:/WORK/ibex_top/u_ibex_core/cs_registers_i/mcycle_counter_i/counter_q_reg[55]

  Ref  DFF        r:/WORK/ibex_top/u_ibex_core/cs_registers_i/mcycle_counter_i/counter_q_reg[56]
  Impl DFF        Imp:/WORK/ibex_top/u_ibex_core/cs_registers_i/mcycle_counter_i/counter_q_reg[56]

  Ref  DFF        r:/WORK/ibex_top/u_ibex_core/cs_registers_i/mcycle_counter_i/counter_q_reg[57]
  Impl DFF        Imp:/WORK/ibex_top/u_ibex_core/cs_registers_i/mcycle_counter_i/counter_q_reg[57]

  Ref  DFF        r:/WORK/ibex_top/u_ibex_core/cs_registers_i/mcycle_counter_i/counter_q_reg[58]
  Impl DFF        Imp:/WORK/ibex_top/u_ibex_core/cs_registers_i/mcycle_counter_i/counter_q_reg[58]

  Ref  DFF        r:/WORK/ibex_top/u_ibex_core/cs_registers_i/mcycle_counter_i/counter_q_reg[59]
  Impl DFF        Imp:/WORK/ibex_top/u_ibex_core/cs_registers_i/mcycle_counter_i/counter_q_reg[59]

  Ref  DFF        r:/WORK/ibex_top/u_ibex_core/cs_registers_i/mcycle_counter_i/counter_q_reg[5]
  Impl DFF        Imp:/WORK/ibex_top/u_ibex_core/cs_registers_i/mcycle_counter_i/counter_q_reg[5]

  Ref  DFF        r:/WORK/ibex_top/u_ibex_core/cs_registers_i/mcycle_counter_i/counter_q_reg[60]
  Impl DFF        Imp:/WORK/ibex_top/u_ibex_core/cs_registers_i/mcycle_counter_i/counter_q_reg[60]

  Ref  DFF        r:/WORK/ibex_top/u_ibex_core/cs_registers_i/mcycle_counter_i/counter_q_reg[61]
  Impl DFF        Imp:/WORK/ibex_top/u_ibex_core/cs_registers_i/mcycle_counter_i/counter_q_reg[61]

  Ref  DFF        r:/WORK/ibex_top/u_ibex_core/cs_registers_i/mcycle_counter_i/counter_q_reg[62]
  Impl DFF        Imp:/WORK/ibex_top/u_ibex_core/cs_registers_i/mcycle_counter_i/counter_q_reg[62]

  Ref  DFF        r:/WORK/ibex_top/u_ibex_core/cs_registers_i/mcycle_counter_i/counter_q_reg[63]
  Impl DFF        Imp:/WORK/ibex_top/u_ibex_core/cs_registers_i/mcycle_counter_i/counter_q_reg[63]

  Ref  DFF        r:/WORK/ibex_top/u_ibex_core/cs_registers_i/mcycle_counter_i/counter_q_reg[6]
  Impl DFF        Imp:/WORK/ibex_top/u_ibex_core/cs_registers_i/mcycle_counter_i/counter_q_reg[6]

  Ref  DFF        r:/WORK/ibex_top/u_ibex_core/cs_registers_i/mcycle_counter_i/counter_q_reg[7]
  Impl DFF        Imp:/WORK/ibex_top/u_ibex_core/cs_registers_i/mcycle_counter_i/counter_q_reg[7]

  Ref  DFF        r:/WORK/ibex_top/u_ibex_core/cs_registers_i/mcycle_counter_i/counter_q_reg[8]
  Impl DFF        Imp:/WORK/ibex_top/u_ibex_core/cs_registers_i/mcycle_counter_i/counter_q_reg[8]

  Ref  DFF        r:/WORK/ibex_top/u_ibex_core/cs_registers_i/mcycle_counter_i/counter_q_reg[9]
  Impl DFF        Imp:/WORK/ibex_top/u_ibex_core/cs_registers_i/mcycle_counter_i/counter_q_reg[9]

  Ref  DFF        r:/WORK/ibex_top/u_ibex_core/cs_registers_i/minstret_counter_i/counter_q_reg[0]
  Impl DFF        Imp:/WORK/ibex_top/u_ibex_core/cs_registers_i/minstret_counter_i/counter_q_reg[0]

  Ref  DFF        r:/WORK/ibex_top/u_ibex_core/cs_registers_i/minstret_counter_i/counter_q_reg[10]
  Impl DFF        Imp:/WORK/ibex_top/u_ibex_core/cs_registers_i/minstret_counter_i/counter_q_reg[10]

  Ref  DFF        r:/WORK/ibex_top/u_ibex_core/cs_registers_i/minstret_counter_i/counter_q_reg[11]
  Impl DFF        Imp:/WORK/ibex_top/u_ibex_core/cs_registers_i/minstret_counter_i/counter_q_reg[11]

  Ref  DFF        r:/WORK/ibex_top/u_ibex_core/cs_registers_i/minstret_counter_i/counter_q_reg[12]
  Impl DFF        Imp:/WORK/ibex_top/u_ibex_core/cs_registers_i/minstret_counter_i/counter_q_reg[12]

  Ref  DFF        r:/WORK/ibex_top/u_ibex_core/cs_registers_i/minstret_counter_i/counter_q_reg[13]
  Impl DFF        Imp:/WORK/ibex_top/u_ibex_core/cs_registers_i/minstret_counter_i/counter_q_reg[13]

  Ref  DFF        r:/WORK/ibex_top/u_ibex_core/cs_registers_i/minstret_counter_i/counter_q_reg[14]
  Impl DFF        Imp:/WORK/ibex_top/u_ibex_core/cs_registers_i/minstret_counter_i/counter_q_reg[14]

  Ref  DFF        r:/WORK/ibex_top/u_ibex_core/cs_registers_i/minstret_counter_i/counter_q_reg[15]
  Impl DFF        Imp:/WORK/ibex_top/u_ibex_core/cs_registers_i/minstret_counter_i/counter_q_reg[15]

  Ref  DFF        r:/WORK/ibex_top/u_ibex_core/cs_registers_i/minstret_counter_i/counter_q_reg[16]
  Impl DFF        Imp:/WORK/ibex_top/u_ibex_core/cs_registers_i/minstret_counter_i/counter_q_reg[16]

  Ref  DFF        r:/WORK/ibex_top/u_ibex_core/cs_registers_i/minstret_counter_i/counter_q_reg[17]
  Impl DFF        Imp:/WORK/ibex_top/u_ibex_core/cs_registers_i/minstret_counter_i/counter_q_reg[17]

  Ref  DFF        r:/WORK/ibex_top/u_ibex_core/cs_registers_i/minstret_counter_i/counter_q_reg[18]
  Impl DFF        Imp:/WORK/ibex_top/u_ibex_core/cs_registers_i/minstret_counter_i/counter_q_reg[18]

  Ref  DFF        r:/WORK/ibex_top/u_ibex_core/cs_registers_i/minstret_counter_i/counter_q_reg[19]
  Impl DFF        Imp:/WORK/ibex_top/u_ibex_core/cs_registers_i/minstret_counter_i/counter_q_reg[19]

  Ref  DFF        r:/WORK/ibex_top/u_ibex_core/cs_registers_i/minstret_counter_i/counter_q_reg[1]
  Impl DFF        Imp:/WORK/ibex_top/u_ibex_core/cs_registers_i/minstret_counter_i/counter_q_reg[1]

  Ref  DFF        r:/WORK/ibex_top/u_ibex_core/cs_registers_i/minstret_counter_i/counter_q_reg[20]
  Impl DFF        Imp:/WORK/ibex_top/u_ibex_core/cs_registers_i/minstret_counter_i/counter_q_reg[20]

  Ref  DFF        r:/WORK/ibex_top/u_ibex_core/cs_registers_i/minstret_counter_i/counter_q_reg[21]
  Impl DFF        Imp:/WORK/ibex_top/u_ibex_core/cs_registers_i/minstret_counter_i/counter_q_reg[21]

  Ref  DFF        r:/WORK/ibex_top/u_ibex_core/cs_registers_i/minstret_counter_i/counter_q_reg[22]
  Impl DFF        Imp:/WORK/ibex_top/u_ibex_core/cs_registers_i/minstret_counter_i/counter_q_reg[22]

  Ref  DFF        r:/WORK/ibex_top/u_ibex_core/cs_registers_i/minstret_counter_i/counter_q_reg[23]
  Impl DFF        Imp:/WORK/ibex_top/u_ibex_core/cs_registers_i/minstret_counter_i/counter_q_reg[23]

  Ref  DFF        r:/WORK/ibex_top/u_ibex_core/cs_registers_i/minstret_counter_i/counter_q_reg[24]
  Impl DFF        Imp:/WORK/ibex_top/u_ibex_core/cs_registers_i/minstret_counter_i/counter_q_reg[24]

  Ref  DFF        r:/WORK/ibex_top/u_ibex_core/cs_registers_i/minstret_counter_i/counter_q_reg[25]
  Impl DFF        Imp:/WORK/ibex_top/u_ibex_core/cs_registers_i/minstret_counter_i/counter_q_reg[25]

  Ref  DFF        r:/WORK/ibex_top/u_ibex_core/cs_registers_i/minstret_counter_i/counter_q_reg[26]
  Impl DFF        Imp:/WORK/ibex_top/u_ibex_core/cs_registers_i/minstret_counter_i/counter_q_reg[26]

  Ref  DFF        r:/WORK/ibex_top/u_ibex_core/cs_registers_i/minstret_counter_i/counter_q_reg[27]
  Impl DFF        Imp:/WORK/ibex_top/u_ibex_core/cs_registers_i/minstret_counter_i/counter_q_reg[27]

  Ref  DFF        r:/WORK/ibex_top/u_ibex_core/cs_registers_i/minstret_counter_i/counter_q_reg[28]
  Impl DFF        Imp:/WORK/ibex_top/u_ibex_core/cs_registers_i/minstret_counter_i/counter_q_reg[28]

  Ref  DFF        r:/WORK/ibex_top/u_ibex_core/cs_registers_i/minstret_counter_i/counter_q_reg[29]
  Impl DFF        Imp:/WORK/ibex_top/u_ibex_core/cs_registers_i/minstret_counter_i/counter_q_reg[29]

  Ref  DFF        r:/WORK/ibex_top/u_ibex_core/cs_registers_i/minstret_counter_i/counter_q_reg[2]
  Impl DFF        Imp:/WORK/ibex_top/u_ibex_core/cs_registers_i/minstret_counter_i/counter_q_reg[2]

  Ref  DFF        r:/WORK/ibex_top/u_ibex_core/cs_registers_i/minstret_counter_i/counter_q_reg[30]
  Impl DFF        Imp:/WORK/ibex_top/u_ibex_core/cs_registers_i/minstret_counter_i/counter_q_reg[30]

  Ref  DFF        r:/WORK/ibex_top/u_ibex_core/cs_registers_i/minstret_counter_i/counter_q_reg[31]
  Impl DFF        Imp:/WORK/ibex_top/u_ibex_core/cs_registers_i/minstret_counter_i/counter_q_reg[31]

  Ref  DFF        r:/WORK/ibex_top/u_ibex_core/cs_registers_i/minstret_counter_i/counter_q_reg[32]
  Impl DFF        Imp:/WORK/ibex_top/u_ibex_core/cs_registers_i/minstret_counter_i/counter_q_reg[32]

  Ref  DFF        r:/WORK/ibex_top/u_ibex_core/cs_registers_i/minstret_counter_i/counter_q_reg[33]
  Impl DFF        Imp:/WORK/ibex_top/u_ibex_core/cs_registers_i/minstret_counter_i/counter_q_reg[33]

  Ref  DFF        r:/WORK/ibex_top/u_ibex_core/cs_registers_i/minstret_counter_i/counter_q_reg[34]
  Impl DFF        Imp:/WORK/ibex_top/u_ibex_core/cs_registers_i/minstret_counter_i/counter_q_reg[34]

  Ref  DFF        r:/WORK/ibex_top/u_ibex_core/cs_registers_i/minstret_counter_i/counter_q_reg[35]
  Impl DFF        Imp:/WORK/ibex_top/u_ibex_core/cs_registers_i/minstret_counter_i/counter_q_reg[35]

  Ref  DFF        r:/WORK/ibex_top/u_ibex_core/cs_registers_i/minstret_counter_i/counter_q_reg[36]
  Impl DFF        Imp:/WORK/ibex_top/u_ibex_core/cs_registers_i/minstret_counter_i/counter_q_reg[36]

  Ref  DFF        r:/WORK/ibex_top/u_ibex_core/cs_registers_i/minstret_counter_i/counter_q_reg[37]
  Impl DFF        Imp:/WORK/ibex_top/u_ibex_core/cs_registers_i/minstret_counter_i/counter_q_reg[37]

  Ref  DFF        r:/WORK/ibex_top/u_ibex_core/cs_registers_i/minstret_counter_i/counter_q_reg[38]
  Impl DFF        Imp:/WORK/ibex_top/u_ibex_core/cs_registers_i/minstret_counter_i/counter_q_reg[38]

  Ref  DFF        r:/WORK/ibex_top/u_ibex_core/cs_registers_i/minstret_counter_i/counter_q_reg[39]
  Impl DFF        Imp:/WORK/ibex_top/u_ibex_core/cs_registers_i/minstret_counter_i/counter_q_reg[39]

  Ref  DFF        r:/WORK/ibex_top/u_ibex_core/cs_registers_i/minstret_counter_i/counter_q_reg[3]
  Impl DFF        Imp:/WORK/ibex_top/u_ibex_core/cs_registers_i/minstret_counter_i/counter_q_reg[3]

  Ref  DFF        r:/WORK/ibex_top/u_ibex_core/cs_registers_i/minstret_counter_i/counter_q_reg[40]
  Impl DFF        Imp:/WORK/ibex_top/u_ibex_core/cs_registers_i/minstret_counter_i/counter_q_reg[40]

  Ref  DFF        r:/WORK/ibex_top/u_ibex_core/cs_registers_i/minstret_counter_i/counter_q_reg[41]
  Impl DFF        Imp:/WORK/ibex_top/u_ibex_core/cs_registers_i/minstret_counter_i/counter_q_reg[41]

  Ref  DFF        r:/WORK/ibex_top/u_ibex_core/cs_registers_i/minstret_counter_i/counter_q_reg[42]
  Impl DFF        Imp:/WORK/ibex_top/u_ibex_core/cs_registers_i/minstret_counter_i/counter_q_reg[42]

  Ref  DFF        r:/WORK/ibex_top/u_ibex_core/cs_registers_i/minstret_counter_i/counter_q_reg[43]
  Impl DFF        Imp:/WORK/ibex_top/u_ibex_core/cs_registers_i/minstret_counter_i/counter_q_reg[43]

  Ref  DFF        r:/WORK/ibex_top/u_ibex_core/cs_registers_i/minstret_counter_i/counter_q_reg[44]
  Impl DFF        Imp:/WORK/ibex_top/u_ibex_core/cs_registers_i/minstret_counter_i/counter_q_reg[44]

  Ref  DFF        r:/WORK/ibex_top/u_ibex_core/cs_registers_i/minstret_counter_i/counter_q_reg[45]
  Impl DFF        Imp:/WORK/ibex_top/u_ibex_core/cs_registers_i/minstret_counter_i/counter_q_reg[45]

  Ref  DFF        r:/WORK/ibex_top/u_ibex_core/cs_registers_i/minstret_counter_i/counter_q_reg[46]
  Impl DFF        Imp:/WORK/ibex_top/u_ibex_core/cs_registers_i/minstret_counter_i/counter_q_reg[46]

  Ref  DFF        r:/WORK/ibex_top/u_ibex_core/cs_registers_i/minstret_counter_i/counter_q_reg[47]
  Impl DFF        Imp:/WORK/ibex_top/u_ibex_core/cs_registers_i/minstret_counter_i/counter_q_reg[47]

  Ref  DFF        r:/WORK/ibex_top/u_ibex_core/cs_registers_i/minstret_counter_i/counter_q_reg[48]
  Impl DFF        Imp:/WORK/ibex_top/u_ibex_core/cs_registers_i/minstret_counter_i/counter_q_reg[48]

  Ref  DFF        r:/WORK/ibex_top/u_ibex_core/cs_registers_i/minstret_counter_i/counter_q_reg[49]
  Impl DFF        Imp:/WORK/ibex_top/u_ibex_core/cs_registers_i/minstret_counter_i/counter_q_reg[49]

  Ref  DFF        r:/WORK/ibex_top/u_ibex_core/cs_registers_i/minstret_counter_i/counter_q_reg[4]
  Impl DFF        Imp:/WORK/ibex_top/u_ibex_core/cs_registers_i/minstret_counter_i/counter_q_reg[4]

  Ref  DFF        r:/WORK/ibex_top/u_ibex_core/cs_registers_i/minstret_counter_i/counter_q_reg[50]
  Impl DFF        Imp:/WORK/ibex_top/u_ibex_core/cs_registers_i/minstret_counter_i/counter_q_reg[50]

  Ref  DFF        r:/WORK/ibex_top/u_ibex_core/cs_registers_i/minstret_counter_i/counter_q_reg[51]
  Impl DFF        Imp:/WORK/ibex_top/u_ibex_core/cs_registers_i/minstret_counter_i/counter_q_reg[51]

  Ref  DFF        r:/WORK/ibex_top/u_ibex_core/cs_registers_i/minstret_counter_i/counter_q_reg[52]
  Impl DFF        Imp:/WORK/ibex_top/u_ibex_core/cs_registers_i/minstret_counter_i/counter_q_reg[52]

  Ref  DFF        r:/WORK/ibex_top/u_ibex_core/cs_registers_i/minstret_counter_i/counter_q_reg[53]
  Impl DFF        Imp:/WORK/ibex_top/u_ibex_core/cs_registers_i/minstret_counter_i/counter_q_reg[53]

  Ref  DFF        r:/WORK/ibex_top/u_ibex_core/cs_registers_i/minstret_counter_i/counter_q_reg[54]
  Impl DFF        Imp:/WORK/ibex_top/u_ibex_core/cs_registers_i/minstret_counter_i/counter_q_reg[54]

  Ref  DFF        r:/WORK/ibex_top/u_ibex_core/cs_registers_i/minstret_counter_i/counter_q_reg[55]
  Impl DFF        Imp:/WORK/ibex_top/u_ibex_core/cs_registers_i/minstret_counter_i/counter_q_reg[55]

  Ref  DFF        r:/WORK/ibex_top/u_ibex_core/cs_registers_i/minstret_counter_i/counter_q_reg[56]
  Impl DFF        Imp:/WORK/ibex_top/u_ibex_core/cs_registers_i/minstret_counter_i/counter_q_reg[56]

  Ref  DFF        r:/WORK/ibex_top/u_ibex_core/cs_registers_i/minstret_counter_i/counter_q_reg[57]
  Impl DFF        Imp:/WORK/ibex_top/u_ibex_core/cs_registers_i/minstret_counter_i/counter_q_reg[57]

  Ref  DFF        r:/WORK/ibex_top/u_ibex_core/cs_registers_i/minstret_counter_i/counter_q_reg[58]
  Impl DFF        Imp:/WORK/ibex_top/u_ibex_core/cs_registers_i/minstret_counter_i/counter_q_reg[58]

  Ref  DFF        r:/WORK/ibex_top/u_ibex_core/cs_registers_i/minstret_counter_i/counter_q_reg[59]
  Impl DFF        Imp:/WORK/ibex_top/u_ibex_core/cs_registers_i/minstret_counter_i/counter_q_reg[59]

  Ref  DFF        r:/WORK/ibex_top/u_ibex_core/cs_registers_i/minstret_counter_i/counter_q_reg[5]
  Impl DFF        Imp:/WORK/ibex_top/u_ibex_core/cs_registers_i/minstret_counter_i/counter_q_reg[5]

  Ref  DFF        r:/WORK/ibex_top/u_ibex_core/cs_registers_i/minstret_counter_i/counter_q_reg[60]
  Impl DFF        Imp:/WORK/ibex_top/u_ibex_core/cs_registers_i/minstret_counter_i/counter_q_reg[60]

  Ref  DFF        r:/WORK/ibex_top/u_ibex_core/cs_registers_i/minstret_counter_i/counter_q_reg[61]
  Impl DFF        Imp:/WORK/ibex_top/u_ibex_core/cs_registers_i/minstret_counter_i/counter_q_reg[61]

  Ref  DFF        r:/WORK/ibex_top/u_ibex_core/cs_registers_i/minstret_counter_i/counter_q_reg[62]
  Impl DFF        Imp:/WORK/ibex_top/u_ibex_core/cs_registers_i/minstret_counter_i/counter_q_reg[62]

  Ref  DFF        r:/WORK/ibex_top/u_ibex_core/cs_registers_i/minstret_counter_i/counter_q_reg[63]
  Impl DFF        Imp:/WORK/ibex_top/u_ibex_core/cs_registers_i/minstret_counter_i/counter_q_reg[63]

  Ref  DFF        r:/WORK/ibex_top/u_ibex_core/cs_registers_i/minstret_counter_i/counter_q_reg[6]
  Impl DFF        Imp:/WORK/ibex_top/u_ibex_core/cs_registers_i/minstret_counter_i/counter_q_reg[6]

  Ref  DFF        r:/WORK/ibex_top/u_ibex_core/cs_registers_i/minstret_counter_i/counter_q_reg[7]
  Impl DFF        Imp:/WORK/ibex_top/u_ibex_core/cs_registers_i/minstret_counter_i/counter_q_reg[7]

  Ref  DFF        r:/WORK/ibex_top/u_ibex_core/cs_registers_i/minstret_counter_i/counter_q_reg[8]
  Impl DFF        Imp:/WORK/ibex_top/u_ibex_core/cs_registers_i/minstret_counter_i/counter_q_reg[8]

  Ref  DFF        r:/WORK/ibex_top/u_ibex_core/cs_registers_i/minstret_counter_i/counter_q_reg[9]
  Impl DFF        Imp:/WORK/ibex_top/u_ibex_core/cs_registers_i/minstret_counter_i/counter_q_reg[9]

  Ref  DFF        r:/WORK/ibex_top/u_ibex_core/cs_registers_i/priv_lvl_q_reg[0]
  Impl DFF        Imp:/WORK/ibex_top/u_ibex_core/cs_registers_i/priv_lvl_q_reg[0]

  Ref  DFF        r:/WORK/ibex_top/u_ibex_core/cs_registers_i/priv_lvl_q_reg[1]
  Impl DFF        Imp:/WORK/ibex_top/u_ibex_core/cs_registers_i/priv_lvl_q_reg[1]

  Ref  DFF        r:/WORK/ibex_top/u_ibex_core/cs_registers_i/u_cpuctrlsts_part_csr/rdata_q_reg[6]
  Impl DFF        Imp:/WORK/ibex_top/u_ibex_core/cs_registers_i/u_cpuctrlsts_part_csr/rdata_q_reg[6]

  Ref  DFF        r:/WORK/ibex_top/u_ibex_core/cs_registers_i/u_cpuctrlsts_part_csr/rdata_q_reg[7]
  Impl DFF        Imp:/WORK/ibex_top/u_ibex_core/cs_registers_i/u_cpuctrlsts_part_csr/rdata_q_reg[7]

  Ref  DFF        r:/WORK/ibex_top/u_ibex_core/cs_registers_i/u_dcsr_csr/rdata_q_reg[0]
  Impl DFF        Imp:/WORK/ibex_top/u_ibex_core/cs_registers_i/u_dcsr_csr/rdata_q_reg[0]

  Ref  DFF        r:/WORK/ibex_top/u_ibex_core/cs_registers_i/u_dcsr_csr/rdata_q_reg[12]
  Impl DFF        Imp:/WORK/ibex_top/u_ibex_core/cs_registers_i/u_dcsr_csr/rdata_q_reg[12]

  Ref  DFF        r:/WORK/ibex_top/u_ibex_core/cs_registers_i/u_dcsr_csr/rdata_q_reg[13]
  Impl DFF        Imp:/WORK/ibex_top/u_ibex_core/cs_registers_i/u_dcsr_csr/rdata_q_reg[13]

  Ref  DFF        r:/WORK/ibex_top/u_ibex_core/cs_registers_i/u_dcsr_csr/rdata_q_reg[15]
  Impl DFF        Imp:/WORK/ibex_top/u_ibex_core/cs_registers_i/u_dcsr_csr/rdata_q_reg[15]

  Ref  DFF        r:/WORK/ibex_top/u_ibex_core/cs_registers_i/u_dcsr_csr/rdata_q_reg[1]
  Impl DFF        Imp:/WORK/ibex_top/u_ibex_core/cs_registers_i/u_dcsr_csr/rdata_q_reg[1]

  Ref  DFF        r:/WORK/ibex_top/u_ibex_core/cs_registers_i/u_dcsr_csr/rdata_q_reg[2]
  Impl DFF        Imp:/WORK/ibex_top/u_ibex_core/cs_registers_i/u_dcsr_csr/rdata_q_reg[2]

  Ref  DFF        r:/WORK/ibex_top/u_ibex_core/cs_registers_i/u_dcsr_csr/rdata_q_reg[6]
  Impl DFF        Imp:/WORK/ibex_top/u_ibex_core/cs_registers_i/u_dcsr_csr/rdata_q_reg[6]

  Ref  DFF        r:/WORK/ibex_top/u_ibex_core/cs_registers_i/u_dcsr_csr/rdata_q_reg[7]
  Impl DFF        Imp:/WORK/ibex_top/u_ibex_core/cs_registers_i/u_dcsr_csr/rdata_q_reg[7]

  Ref  DFF        r:/WORK/ibex_top/u_ibex_core/cs_registers_i/u_dcsr_csr/rdata_q_reg[8]
  Impl DFF        Imp:/WORK/ibex_top/u_ibex_core/cs_registers_i/u_dcsr_csr/rdata_q_reg[8]

  Ref  DFF        r:/WORK/ibex_top/u_ibex_core/cs_registers_i/u_depc_csr/rdata_q_reg[10]
  Impl DFF        Imp:/WORK/ibex_top/u_ibex_core/cs_registers_i/u_depc_csr/rdata_q_reg[10]

  Ref  DFF        r:/WORK/ibex_top/u_ibex_core/cs_registers_i/u_depc_csr/rdata_q_reg[11]
  Impl DFF        Imp:/WORK/ibex_top/u_ibex_core/cs_registers_i/u_depc_csr/rdata_q_reg[11]

  Ref  DFF        r:/WORK/ibex_top/u_ibex_core/cs_registers_i/u_depc_csr/rdata_q_reg[12]
  Impl DFF        Imp:/WORK/ibex_top/u_ibex_core/cs_registers_i/u_depc_csr/rdata_q_reg[12]

  Ref  DFF        r:/WORK/ibex_top/u_ibex_core/cs_registers_i/u_depc_csr/rdata_q_reg[13]
  Impl DFF        Imp:/WORK/ibex_top/u_ibex_core/cs_registers_i/u_depc_csr/rdata_q_reg[13]

  Ref  DFF        r:/WORK/ibex_top/u_ibex_core/cs_registers_i/u_depc_csr/rdata_q_reg[14]
  Impl DFF        Imp:/WORK/ibex_top/u_ibex_core/cs_registers_i/u_depc_csr/rdata_q_reg[14]

  Ref  DFF        r:/WORK/ibex_top/u_ibex_core/cs_registers_i/u_depc_csr/rdata_q_reg[15]
  Impl DFF        Imp:/WORK/ibex_top/u_ibex_core/cs_registers_i/u_depc_csr/rdata_q_reg[15]

  Ref  DFF        r:/WORK/ibex_top/u_ibex_core/cs_registers_i/u_depc_csr/rdata_q_reg[16]
  Impl DFF        Imp:/WORK/ibex_top/u_ibex_core/cs_registers_i/u_depc_csr/rdata_q_reg[16]

  Ref  DFF        r:/WORK/ibex_top/u_ibex_core/cs_registers_i/u_depc_csr/rdata_q_reg[17]
  Impl DFF        Imp:/WORK/ibex_top/u_ibex_core/cs_registers_i/u_depc_csr/rdata_q_reg[17]

  Ref  DFF        r:/WORK/ibex_top/u_ibex_core/cs_registers_i/u_depc_csr/rdata_q_reg[18]
  Impl DFF        Imp:/WORK/ibex_top/u_ibex_core/cs_registers_i/u_depc_csr/rdata_q_reg[18]

  Ref  DFF        r:/WORK/ibex_top/u_ibex_core/cs_registers_i/u_depc_csr/rdata_q_reg[19]
  Impl DFF        Imp:/WORK/ibex_top/u_ibex_core/cs_registers_i/u_depc_csr/rdata_q_reg[19]

  Ref  DFF        r:/WORK/ibex_top/u_ibex_core/cs_registers_i/u_depc_csr/rdata_q_reg[1]
  Impl DFF        Imp:/WORK/ibex_top/u_ibex_core/cs_registers_i/u_depc_csr/rdata_q_reg[1]

  Ref  DFF        r:/WORK/ibex_top/u_ibex_core/cs_registers_i/u_depc_csr/rdata_q_reg[20]
  Impl DFF        Imp:/WORK/ibex_top/u_ibex_core/cs_registers_i/u_depc_csr/rdata_q_reg[20]

  Ref  DFF        r:/WORK/ibex_top/u_ibex_core/cs_registers_i/u_depc_csr/rdata_q_reg[21]
  Impl DFF        Imp:/WORK/ibex_top/u_ibex_core/cs_registers_i/u_depc_csr/rdata_q_reg[21]

  Ref  DFF        r:/WORK/ibex_top/u_ibex_core/cs_registers_i/u_depc_csr/rdata_q_reg[22]
  Impl DFF        Imp:/WORK/ibex_top/u_ibex_core/cs_registers_i/u_depc_csr/rdata_q_reg[22]

  Ref  DFF        r:/WORK/ibex_top/u_ibex_core/cs_registers_i/u_depc_csr/rdata_q_reg[23]
  Impl DFF        Imp:/WORK/ibex_top/u_ibex_core/cs_registers_i/u_depc_csr/rdata_q_reg[23]

  Ref  DFF        r:/WORK/ibex_top/u_ibex_core/cs_registers_i/u_depc_csr/rdata_q_reg[24]
  Impl DFF        Imp:/WORK/ibex_top/u_ibex_core/cs_registers_i/u_depc_csr/rdata_q_reg[24]

  Ref  DFF        r:/WORK/ibex_top/u_ibex_core/cs_registers_i/u_depc_csr/rdata_q_reg[25]
  Impl DFF        Imp:/WORK/ibex_top/u_ibex_core/cs_registers_i/u_depc_csr/rdata_q_reg[25]

  Ref  DFF        r:/WORK/ibex_top/u_ibex_core/cs_registers_i/u_depc_csr/rdata_q_reg[26]
  Impl DFF        Imp:/WORK/ibex_top/u_ibex_core/cs_registers_i/u_depc_csr/rdata_q_reg[26]

  Ref  DFF        r:/WORK/ibex_top/u_ibex_core/cs_registers_i/u_depc_csr/rdata_q_reg[27]
  Impl DFF        Imp:/WORK/ibex_top/u_ibex_core/cs_registers_i/u_depc_csr/rdata_q_reg[27]

  Ref  DFF        r:/WORK/ibex_top/u_ibex_core/cs_registers_i/u_depc_csr/rdata_q_reg[28]
  Impl DFF        Imp:/WORK/ibex_top/u_ibex_core/cs_registers_i/u_depc_csr/rdata_q_reg[28]

  Ref  DFF        r:/WORK/ibex_top/u_ibex_core/cs_registers_i/u_depc_csr/rdata_q_reg[29]
  Impl DFF        Imp:/WORK/ibex_top/u_ibex_core/cs_registers_i/u_depc_csr/rdata_q_reg[29]

  Ref  DFF        r:/WORK/ibex_top/u_ibex_core/cs_registers_i/u_depc_csr/rdata_q_reg[2]
  Impl DFF        Imp:/WORK/ibex_top/u_ibex_core/cs_registers_i/u_depc_csr/rdata_q_reg[2]

  Ref  DFF        r:/WORK/ibex_top/u_ibex_core/cs_registers_i/u_depc_csr/rdata_q_reg[30]
  Impl DFF        Imp:/WORK/ibex_top/u_ibex_core/cs_registers_i/u_depc_csr/rdata_q_reg[30]

  Ref  DFF        r:/WORK/ibex_top/u_ibex_core/cs_registers_i/u_depc_csr/rdata_q_reg[31]
  Impl DFF        Imp:/WORK/ibex_top/u_ibex_core/cs_registers_i/u_depc_csr/rdata_q_reg[31]

  Ref  DFF        r:/WORK/ibex_top/u_ibex_core/cs_registers_i/u_depc_csr/rdata_q_reg[3]
  Impl DFF        Imp:/WORK/ibex_top/u_ibex_core/cs_registers_i/u_depc_csr/rdata_q_reg[3]

  Ref  DFF        r:/WORK/ibex_top/u_ibex_core/cs_registers_i/u_depc_csr/rdata_q_reg[4]
  Impl DFF        Imp:/WORK/ibex_top/u_ibex_core/cs_registers_i/u_depc_csr/rdata_q_reg[4]

  Ref  DFF        r:/WORK/ibex_top/u_ibex_core/cs_registers_i/u_depc_csr/rdata_q_reg[5]
  Impl DFF        Imp:/WORK/ibex_top/u_ibex_core/cs_registers_i/u_depc_csr/rdata_q_reg[5]

  Ref  DFF        r:/WORK/ibex_top/u_ibex_core/cs_registers_i/u_depc_csr/rdata_q_reg[6]
  Impl DFF        Imp:/WORK/ibex_top/u_ibex_core/cs_registers_i/u_depc_csr/rdata_q_reg[6]

  Ref  DFF        r:/WORK/ibex_top/u_ibex_core/cs_registers_i/u_depc_csr/rdata_q_reg[7]
  Impl DFF        Imp:/WORK/ibex_top/u_ibex_core/cs_registers_i/u_depc_csr/rdata_q_reg[7]

  Ref  DFF        r:/WORK/ibex_top/u_ibex_core/cs_registers_i/u_depc_csr/rdata_q_reg[8]
  Impl DFF        Imp:/WORK/ibex_top/u_ibex_core/cs_registers_i/u_depc_csr/rdata_q_reg[8]

  Ref  DFF        r:/WORK/ibex_top/u_ibex_core/cs_registers_i/u_depc_csr/rdata_q_reg[9]
  Impl DFF        Imp:/WORK/ibex_top/u_ibex_core/cs_registers_i/u_depc_csr/rdata_q_reg[9]

  Ref  DFF        r:/WORK/ibex_top/u_ibex_core/cs_registers_i/u_dscratch0_csr/rdata_q_reg[0]
  Impl DFF        Imp:/WORK/ibex_top/u_ibex_core/cs_registers_i/u_dscratch0_csr/rdata_q_reg[0]

  Ref  DFF        r:/WORK/ibex_top/u_ibex_core/cs_registers_i/u_dscratch0_csr/rdata_q_reg[10]
  Impl DFF        Imp:/WORK/ibex_top/u_ibex_core/cs_registers_i/u_dscratch0_csr/rdata_q_reg[10]

  Ref  DFF        r:/WORK/ibex_top/u_ibex_core/cs_registers_i/u_dscratch0_csr/rdata_q_reg[11]
  Impl DFF        Imp:/WORK/ibex_top/u_ibex_core/cs_registers_i/u_dscratch0_csr/rdata_q_reg[11]

  Ref  DFF        r:/WORK/ibex_top/u_ibex_core/cs_registers_i/u_dscratch0_csr/rdata_q_reg[12]
  Impl DFF        Imp:/WORK/ibex_top/u_ibex_core/cs_registers_i/u_dscratch0_csr/rdata_q_reg[12]

  Ref  DFF        r:/WORK/ibex_top/u_ibex_core/cs_registers_i/u_dscratch0_csr/rdata_q_reg[13]
  Impl DFF        Imp:/WORK/ibex_top/u_ibex_core/cs_registers_i/u_dscratch0_csr/rdata_q_reg[13]

  Ref  DFF        r:/WORK/ibex_top/u_ibex_core/cs_registers_i/u_dscratch0_csr/rdata_q_reg[14]
  Impl DFF        Imp:/WORK/ibex_top/u_ibex_core/cs_registers_i/u_dscratch0_csr/rdata_q_reg[14]

  Ref  DFF        r:/WORK/ibex_top/u_ibex_core/cs_registers_i/u_dscratch0_csr/rdata_q_reg[15]
  Impl DFF        Imp:/WORK/ibex_top/u_ibex_core/cs_registers_i/u_dscratch0_csr/rdata_q_reg[15]

  Ref  DFF        r:/WORK/ibex_top/u_ibex_core/cs_registers_i/u_dscratch0_csr/rdata_q_reg[16]
  Impl DFF        Imp:/WORK/ibex_top/u_ibex_core/cs_registers_i/u_dscratch0_csr/rdata_q_reg[16]

  Ref  DFF        r:/WORK/ibex_top/u_ibex_core/cs_registers_i/u_dscratch0_csr/rdata_q_reg[17]
  Impl DFF        Imp:/WORK/ibex_top/u_ibex_core/cs_registers_i/u_dscratch0_csr/rdata_q_reg[17]

  Ref  DFF        r:/WORK/ibex_top/u_ibex_core/cs_registers_i/u_dscratch0_csr/rdata_q_reg[18]
  Impl DFF        Imp:/WORK/ibex_top/u_ibex_core/cs_registers_i/u_dscratch0_csr/rdata_q_reg[18]

  Ref  DFF        r:/WORK/ibex_top/u_ibex_core/cs_registers_i/u_dscratch0_csr/rdata_q_reg[19]
  Impl DFF        Imp:/WORK/ibex_top/u_ibex_core/cs_registers_i/u_dscratch0_csr/rdata_q_reg[19]

  Ref  DFF        r:/WORK/ibex_top/u_ibex_core/cs_registers_i/u_dscratch0_csr/rdata_q_reg[1]
  Impl DFF        Imp:/WORK/ibex_top/u_ibex_core/cs_registers_i/u_dscratch0_csr/rdata_q_reg[1]

  Ref  DFF        r:/WORK/ibex_top/u_ibex_core/cs_registers_i/u_dscratch0_csr/rdata_q_reg[20]
  Impl DFF        Imp:/WORK/ibex_top/u_ibex_core/cs_registers_i/u_dscratch0_csr/rdata_q_reg[20]

  Ref  DFF        r:/WORK/ibex_top/u_ibex_core/cs_registers_i/u_dscratch0_csr/rdata_q_reg[21]
  Impl DFF        Imp:/WORK/ibex_top/u_ibex_core/cs_registers_i/u_dscratch0_csr/rdata_q_reg[21]

  Ref  DFF        r:/WORK/ibex_top/u_ibex_core/cs_registers_i/u_dscratch0_csr/rdata_q_reg[22]
  Impl DFF        Imp:/WORK/ibex_top/u_ibex_core/cs_registers_i/u_dscratch0_csr/rdata_q_reg[22]

  Ref  DFF        r:/WORK/ibex_top/u_ibex_core/cs_registers_i/u_dscratch0_csr/rdata_q_reg[23]
  Impl DFF        Imp:/WORK/ibex_top/u_ibex_core/cs_registers_i/u_dscratch0_csr/rdata_q_reg[23]

  Ref  DFF        r:/WORK/ibex_top/u_ibex_core/cs_registers_i/u_dscratch0_csr/rdata_q_reg[24]
  Impl DFF        Imp:/WORK/ibex_top/u_ibex_core/cs_registers_i/u_dscratch0_csr/rdata_q_reg[24]

  Ref  DFF        r:/WORK/ibex_top/u_ibex_core/cs_registers_i/u_dscratch0_csr/rdata_q_reg[25]
  Impl DFF        Imp:/WORK/ibex_top/u_ibex_core/cs_registers_i/u_dscratch0_csr/rdata_q_reg[25]

  Ref  DFF        r:/WORK/ibex_top/u_ibex_core/cs_registers_i/u_dscratch0_csr/rdata_q_reg[26]
  Impl DFF        Imp:/WORK/ibex_top/u_ibex_core/cs_registers_i/u_dscratch0_csr/rdata_q_reg[26]

  Ref  DFF        r:/WORK/ibex_top/u_ibex_core/cs_registers_i/u_dscratch0_csr/rdata_q_reg[27]
  Impl DFF        Imp:/WORK/ibex_top/u_ibex_core/cs_registers_i/u_dscratch0_csr/rdata_q_reg[27]

  Ref  DFF        r:/WORK/ibex_top/u_ibex_core/cs_registers_i/u_dscratch0_csr/rdata_q_reg[28]
  Impl DFF        Imp:/WORK/ibex_top/u_ibex_core/cs_registers_i/u_dscratch0_csr/rdata_q_reg[28]

  Ref  DFF        r:/WORK/ibex_top/u_ibex_core/cs_registers_i/u_dscratch0_csr/rdata_q_reg[29]
  Impl DFF        Imp:/WORK/ibex_top/u_ibex_core/cs_registers_i/u_dscratch0_csr/rdata_q_reg[29]

  Ref  DFF        r:/WORK/ibex_top/u_ibex_core/cs_registers_i/u_dscratch0_csr/rdata_q_reg[2]
  Impl DFF        Imp:/WORK/ibex_top/u_ibex_core/cs_registers_i/u_dscratch0_csr/rdata_q_reg[2]

  Ref  DFF        r:/WORK/ibex_top/u_ibex_core/cs_registers_i/u_dscratch0_csr/rdata_q_reg[30]
  Impl DFF        Imp:/WORK/ibex_top/u_ibex_core/cs_registers_i/u_dscratch0_csr/rdata_q_reg[30]

  Ref  DFF        r:/WORK/ibex_top/u_ibex_core/cs_registers_i/u_dscratch0_csr/rdata_q_reg[31]
  Impl DFF        Imp:/WORK/ibex_top/u_ibex_core/cs_registers_i/u_dscratch0_csr/rdata_q_reg[31]

  Ref  DFF        r:/WORK/ibex_top/u_ibex_core/cs_registers_i/u_dscratch0_csr/rdata_q_reg[3]
  Impl DFF        Imp:/WORK/ibex_top/u_ibex_core/cs_registers_i/u_dscratch0_csr/rdata_q_reg[3]

  Ref  DFF        r:/WORK/ibex_top/u_ibex_core/cs_registers_i/u_dscratch0_csr/rdata_q_reg[4]
  Impl DFF        Imp:/WORK/ibex_top/u_ibex_core/cs_registers_i/u_dscratch0_csr/rdata_q_reg[4]

  Ref  DFF        r:/WORK/ibex_top/u_ibex_core/cs_registers_i/u_dscratch0_csr/rdata_q_reg[5]
  Impl DFF        Imp:/WORK/ibex_top/u_ibex_core/cs_registers_i/u_dscratch0_csr/rdata_q_reg[5]

  Ref  DFF        r:/WORK/ibex_top/u_ibex_core/cs_registers_i/u_dscratch0_csr/rdata_q_reg[6]
  Impl DFF        Imp:/WORK/ibex_top/u_ibex_core/cs_registers_i/u_dscratch0_csr/rdata_q_reg[6]

  Ref  DFF        r:/WORK/ibex_top/u_ibex_core/cs_registers_i/u_dscratch0_csr/rdata_q_reg[7]
  Impl DFF        Imp:/WORK/ibex_top/u_ibex_core/cs_registers_i/u_dscratch0_csr/rdata_q_reg[7]

  Ref  DFF        r:/WORK/ibex_top/u_ibex_core/cs_registers_i/u_dscratch0_csr/rdata_q_reg[8]
  Impl DFF        Imp:/WORK/ibex_top/u_ibex_core/cs_registers_i/u_dscratch0_csr/rdata_q_reg[8]

  Ref  DFF        r:/WORK/ibex_top/u_ibex_core/cs_registers_i/u_dscratch0_csr/rdata_q_reg[9]
  Impl DFF        Imp:/WORK/ibex_top/u_ibex_core/cs_registers_i/u_dscratch0_csr/rdata_q_reg[9]

  Ref  DFF        r:/WORK/ibex_top/u_ibex_core/cs_registers_i/u_dscratch1_csr/rdata_q_reg[0]
  Impl DFF        Imp:/WORK/ibex_top/u_ibex_core/cs_registers_i/u_dscratch1_csr/rdata_q_reg[0]

  Ref  DFF        r:/WORK/ibex_top/u_ibex_core/cs_registers_i/u_dscratch1_csr/rdata_q_reg[10]
  Impl DFF        Imp:/WORK/ibex_top/u_ibex_core/cs_registers_i/u_dscratch1_csr/rdata_q_reg[10]

  Ref  DFF        r:/WORK/ibex_top/u_ibex_core/cs_registers_i/u_dscratch1_csr/rdata_q_reg[11]
  Impl DFF        Imp:/WORK/ibex_top/u_ibex_core/cs_registers_i/u_dscratch1_csr/rdata_q_reg[11]

  Ref  DFF        r:/WORK/ibex_top/u_ibex_core/cs_registers_i/u_dscratch1_csr/rdata_q_reg[12]
  Impl DFF        Imp:/WORK/ibex_top/u_ibex_core/cs_registers_i/u_dscratch1_csr/rdata_q_reg[12]

  Ref  DFF        r:/WORK/ibex_top/u_ibex_core/cs_registers_i/u_dscratch1_csr/rdata_q_reg[13]
  Impl DFF        Imp:/WORK/ibex_top/u_ibex_core/cs_registers_i/u_dscratch1_csr/rdata_q_reg[13]

  Ref  DFF        r:/WORK/ibex_top/u_ibex_core/cs_registers_i/u_dscratch1_csr/rdata_q_reg[14]
  Impl DFF        Imp:/WORK/ibex_top/u_ibex_core/cs_registers_i/u_dscratch1_csr/rdata_q_reg[14]

  Ref  DFF        r:/WORK/ibex_top/u_ibex_core/cs_registers_i/u_dscratch1_csr/rdata_q_reg[15]
  Impl DFF        Imp:/WORK/ibex_top/u_ibex_core/cs_registers_i/u_dscratch1_csr/rdata_q_reg[15]

  Ref  DFF        r:/WORK/ibex_top/u_ibex_core/cs_registers_i/u_dscratch1_csr/rdata_q_reg[16]
  Impl DFF        Imp:/WORK/ibex_top/u_ibex_core/cs_registers_i/u_dscratch1_csr/rdata_q_reg[16]

  Ref  DFF        r:/WORK/ibex_top/u_ibex_core/cs_registers_i/u_dscratch1_csr/rdata_q_reg[17]
  Impl DFF        Imp:/WORK/ibex_top/u_ibex_core/cs_registers_i/u_dscratch1_csr/rdata_q_reg[17]

  Ref  DFF        r:/WORK/ibex_top/u_ibex_core/cs_registers_i/u_dscratch1_csr/rdata_q_reg[18]
  Impl DFF        Imp:/WORK/ibex_top/u_ibex_core/cs_registers_i/u_dscratch1_csr/rdata_q_reg[18]

  Ref  DFF        r:/WORK/ibex_top/u_ibex_core/cs_registers_i/u_dscratch1_csr/rdata_q_reg[19]
  Impl DFF        Imp:/WORK/ibex_top/u_ibex_core/cs_registers_i/u_dscratch1_csr/rdata_q_reg[19]

  Ref  DFF        r:/WORK/ibex_top/u_ibex_core/cs_registers_i/u_dscratch1_csr/rdata_q_reg[1]
  Impl DFF        Imp:/WORK/ibex_top/u_ibex_core/cs_registers_i/u_dscratch1_csr/rdata_q_reg[1]

  Ref  DFF        r:/WORK/ibex_top/u_ibex_core/cs_registers_i/u_dscratch1_csr/rdata_q_reg[20]
  Impl DFF        Imp:/WORK/ibex_top/u_ibex_core/cs_registers_i/u_dscratch1_csr/rdata_q_reg[20]

  Ref  DFF        r:/WORK/ibex_top/u_ibex_core/cs_registers_i/u_dscratch1_csr/rdata_q_reg[21]
  Impl DFF        Imp:/WORK/ibex_top/u_ibex_core/cs_registers_i/u_dscratch1_csr/rdata_q_reg[21]

  Ref  DFF        r:/WORK/ibex_top/u_ibex_core/cs_registers_i/u_dscratch1_csr/rdata_q_reg[22]
  Impl DFF        Imp:/WORK/ibex_top/u_ibex_core/cs_registers_i/u_dscratch1_csr/rdata_q_reg[22]

  Ref  DFF        r:/WORK/ibex_top/u_ibex_core/cs_registers_i/u_dscratch1_csr/rdata_q_reg[23]
  Impl DFF        Imp:/WORK/ibex_top/u_ibex_core/cs_registers_i/u_dscratch1_csr/rdata_q_reg[23]

  Ref  DFF        r:/WORK/ibex_top/u_ibex_core/cs_registers_i/u_dscratch1_csr/rdata_q_reg[24]
  Impl DFF        Imp:/WORK/ibex_top/u_ibex_core/cs_registers_i/u_dscratch1_csr/rdata_q_reg[24]

  Ref  DFF        r:/WORK/ibex_top/u_ibex_core/cs_registers_i/u_dscratch1_csr/rdata_q_reg[25]
  Impl DFF        Imp:/WORK/ibex_top/u_ibex_core/cs_registers_i/u_dscratch1_csr/rdata_q_reg[25]

  Ref  DFF        r:/WORK/ibex_top/u_ibex_core/cs_registers_i/u_dscratch1_csr/rdata_q_reg[26]
  Impl DFF        Imp:/WORK/ibex_top/u_ibex_core/cs_registers_i/u_dscratch1_csr/rdata_q_reg[26]

  Ref  DFF        r:/WORK/ibex_top/u_ibex_core/cs_registers_i/u_dscratch1_csr/rdata_q_reg[27]
  Impl DFF        Imp:/WORK/ibex_top/u_ibex_core/cs_registers_i/u_dscratch1_csr/rdata_q_reg[27]

  Ref  DFF        r:/WORK/ibex_top/u_ibex_core/cs_registers_i/u_dscratch1_csr/rdata_q_reg[28]
  Impl DFF        Imp:/WORK/ibex_top/u_ibex_core/cs_registers_i/u_dscratch1_csr/rdata_q_reg[28]

  Ref  DFF        r:/WORK/ibex_top/u_ibex_core/cs_registers_i/u_dscratch1_csr/rdata_q_reg[29]
  Impl DFF        Imp:/WORK/ibex_top/u_ibex_core/cs_registers_i/u_dscratch1_csr/rdata_q_reg[29]

  Ref  DFF        r:/WORK/ibex_top/u_ibex_core/cs_registers_i/u_dscratch1_csr/rdata_q_reg[2]
  Impl DFF        Imp:/WORK/ibex_top/u_ibex_core/cs_registers_i/u_dscratch1_csr/rdata_q_reg[2]

  Ref  DFF        r:/WORK/ibex_top/u_ibex_core/cs_registers_i/u_dscratch1_csr/rdata_q_reg[30]
  Impl DFF        Imp:/WORK/ibex_top/u_ibex_core/cs_registers_i/u_dscratch1_csr/rdata_q_reg[30]

  Ref  DFF        r:/WORK/ibex_top/u_ibex_core/cs_registers_i/u_dscratch1_csr/rdata_q_reg[31]
  Impl DFF        Imp:/WORK/ibex_top/u_ibex_core/cs_registers_i/u_dscratch1_csr/rdata_q_reg[31]

  Ref  DFF        r:/WORK/ibex_top/u_ibex_core/cs_registers_i/u_dscratch1_csr/rdata_q_reg[3]
  Impl DFF        Imp:/WORK/ibex_top/u_ibex_core/cs_registers_i/u_dscratch1_csr/rdata_q_reg[3]

  Ref  DFF        r:/WORK/ibex_top/u_ibex_core/cs_registers_i/u_dscratch1_csr/rdata_q_reg[4]
  Impl DFF        Imp:/WORK/ibex_top/u_ibex_core/cs_registers_i/u_dscratch1_csr/rdata_q_reg[4]

  Ref  DFF        r:/WORK/ibex_top/u_ibex_core/cs_registers_i/u_dscratch1_csr/rdata_q_reg[5]
  Impl DFF        Imp:/WORK/ibex_top/u_ibex_core/cs_registers_i/u_dscratch1_csr/rdata_q_reg[5]

  Ref  DFF        r:/WORK/ibex_top/u_ibex_core/cs_registers_i/u_dscratch1_csr/rdata_q_reg[6]
  Impl DFF        Imp:/WORK/ibex_top/u_ibex_core/cs_registers_i/u_dscratch1_csr/rdata_q_reg[6]

  Ref  DFF        r:/WORK/ibex_top/u_ibex_core/cs_registers_i/u_dscratch1_csr/rdata_q_reg[7]
  Impl DFF        Imp:/WORK/ibex_top/u_ibex_core/cs_registers_i/u_dscratch1_csr/rdata_q_reg[7]

  Ref  DFF        r:/WORK/ibex_top/u_ibex_core/cs_registers_i/u_dscratch1_csr/rdata_q_reg[8]
  Impl DFF        Imp:/WORK/ibex_top/u_ibex_core/cs_registers_i/u_dscratch1_csr/rdata_q_reg[8]

  Ref  DFF        r:/WORK/ibex_top/u_ibex_core/cs_registers_i/u_dscratch1_csr/rdata_q_reg[9]
  Impl DFF        Imp:/WORK/ibex_top/u_ibex_core/cs_registers_i/u_dscratch1_csr/rdata_q_reg[9]

  Ref  DFF        r:/WORK/ibex_top/u_ibex_core/cs_registers_i/u_mcause_csr/rdata_q_reg[0]
  Impl DFF        Imp:/WORK/ibex_top/u_ibex_core/cs_registers_i/u_mcause_csr/rdata_q_reg[0]

  Ref  DFF        r:/WORK/ibex_top/u_ibex_core/cs_registers_i/u_mcause_csr/rdata_q_reg[1]
  Impl DFF        Imp:/WORK/ibex_top/u_ibex_core/cs_registers_i/u_mcause_csr/rdata_q_reg[1]

  Ref  DFF        r:/WORK/ibex_top/u_ibex_core/cs_registers_i/u_mcause_csr/rdata_q_reg[2]
  Impl DFF        Imp:/WORK/ibex_top/u_ibex_core/cs_registers_i/u_mcause_csr/rdata_q_reg[2]

  Ref  DFF        r:/WORK/ibex_top/u_ibex_core/cs_registers_i/u_mcause_csr/rdata_q_reg[3]
  Impl DFF        Imp:/WORK/ibex_top/u_ibex_core/cs_registers_i/u_mcause_csr/rdata_q_reg[3]

  Ref  DFF        r:/WORK/ibex_top/u_ibex_core/cs_registers_i/u_mcause_csr/rdata_q_reg[4]
  Impl DFF        Imp:/WORK/ibex_top/u_ibex_core/cs_registers_i/u_mcause_csr/rdata_q_reg[4]

  Ref  DFF        r:/WORK/ibex_top/u_ibex_core/cs_registers_i/u_mcause_csr/rdata_q_reg[5]
  Impl DFF        Imp:/WORK/ibex_top/u_ibex_core/cs_registers_i/u_mcause_csr/rdata_q_reg[5]

  Ref  DFF        r:/WORK/ibex_top/u_ibex_core/cs_registers_i/u_mcause_csr/rdata_q_reg[6]
  Impl DFF        Imp:/WORK/ibex_top/u_ibex_core/cs_registers_i/u_mcause_csr/rdata_q_reg[6]

  Ref  DFF        r:/WORK/ibex_top/u_ibex_core/cs_registers_i/u_mepc_csr/rdata_q_reg[10]
  Impl DFF        Imp:/WORK/ibex_top/u_ibex_core/cs_registers_i/u_mepc_csr/rdata_q_reg[10]

  Ref  DFF        r:/WORK/ibex_top/u_ibex_core/cs_registers_i/u_mepc_csr/rdata_q_reg[11]
  Impl DFF        Imp:/WORK/ibex_top/u_ibex_core/cs_registers_i/u_mepc_csr/rdata_q_reg[11]

  Ref  DFF        r:/WORK/ibex_top/u_ibex_core/cs_registers_i/u_mepc_csr/rdata_q_reg[12]
  Impl DFF        Imp:/WORK/ibex_top/u_ibex_core/cs_registers_i/u_mepc_csr/rdata_q_reg[12]

  Ref  DFF        r:/WORK/ibex_top/u_ibex_core/cs_registers_i/u_mepc_csr/rdata_q_reg[13]
  Impl DFF        Imp:/WORK/ibex_top/u_ibex_core/cs_registers_i/u_mepc_csr/rdata_q_reg[13]

  Ref  DFF        r:/WORK/ibex_top/u_ibex_core/cs_registers_i/u_mepc_csr/rdata_q_reg[14]
  Impl DFF        Imp:/WORK/ibex_top/u_ibex_core/cs_registers_i/u_mepc_csr/rdata_q_reg[14]

  Ref  DFF        r:/WORK/ibex_top/u_ibex_core/cs_registers_i/u_mepc_csr/rdata_q_reg[15]
  Impl DFF        Imp:/WORK/ibex_top/u_ibex_core/cs_registers_i/u_mepc_csr/rdata_q_reg[15]

  Ref  DFF        r:/WORK/ibex_top/u_ibex_core/cs_registers_i/u_mepc_csr/rdata_q_reg[16]
  Impl DFF        Imp:/WORK/ibex_top/u_ibex_core/cs_registers_i/u_mepc_csr/rdata_q_reg[16]

  Ref  DFF        r:/WORK/ibex_top/u_ibex_core/cs_registers_i/u_mepc_csr/rdata_q_reg[17]
  Impl DFF        Imp:/WORK/ibex_top/u_ibex_core/cs_registers_i/u_mepc_csr/rdata_q_reg[17]

  Ref  DFF        r:/WORK/ibex_top/u_ibex_core/cs_registers_i/u_mepc_csr/rdata_q_reg[18]
  Impl DFF        Imp:/WORK/ibex_top/u_ibex_core/cs_registers_i/u_mepc_csr/rdata_q_reg[18]

  Ref  DFF        r:/WORK/ibex_top/u_ibex_core/cs_registers_i/u_mepc_csr/rdata_q_reg[19]
  Impl DFF        Imp:/WORK/ibex_top/u_ibex_core/cs_registers_i/u_mepc_csr/rdata_q_reg[19]

  Ref  DFF        r:/WORK/ibex_top/u_ibex_core/cs_registers_i/u_mepc_csr/rdata_q_reg[1]
  Impl DFF        Imp:/WORK/ibex_top/u_ibex_core/cs_registers_i/u_mepc_csr/rdata_q_reg[1]

  Ref  DFF        r:/WORK/ibex_top/u_ibex_core/cs_registers_i/u_mepc_csr/rdata_q_reg[20]
  Impl DFF        Imp:/WORK/ibex_top/u_ibex_core/cs_registers_i/u_mepc_csr/rdata_q_reg[20]

  Ref  DFF        r:/WORK/ibex_top/u_ibex_core/cs_registers_i/u_mepc_csr/rdata_q_reg[21]
  Impl DFF        Imp:/WORK/ibex_top/u_ibex_core/cs_registers_i/u_mepc_csr/rdata_q_reg[21]

  Ref  DFF        r:/WORK/ibex_top/u_ibex_core/cs_registers_i/u_mepc_csr/rdata_q_reg[22]
  Impl DFF        Imp:/WORK/ibex_top/u_ibex_core/cs_registers_i/u_mepc_csr/rdata_q_reg[22]

  Ref  DFF        r:/WORK/ibex_top/u_ibex_core/cs_registers_i/u_mepc_csr/rdata_q_reg[23]
  Impl DFF        Imp:/WORK/ibex_top/u_ibex_core/cs_registers_i/u_mepc_csr/rdata_q_reg[23]

  Ref  DFF        r:/WORK/ibex_top/u_ibex_core/cs_registers_i/u_mepc_csr/rdata_q_reg[24]
  Impl DFF        Imp:/WORK/ibex_top/u_ibex_core/cs_registers_i/u_mepc_csr/rdata_q_reg[24]

  Ref  DFF        r:/WORK/ibex_top/u_ibex_core/cs_registers_i/u_mepc_csr/rdata_q_reg[25]
  Impl DFF        Imp:/WORK/ibex_top/u_ibex_core/cs_registers_i/u_mepc_csr/rdata_q_reg[25]

  Ref  DFF        r:/WORK/ibex_top/u_ibex_core/cs_registers_i/u_mepc_csr/rdata_q_reg[26]
  Impl DFF        Imp:/WORK/ibex_top/u_ibex_core/cs_registers_i/u_mepc_csr/rdata_q_reg[26]

  Ref  DFF        r:/WORK/ibex_top/u_ibex_core/cs_registers_i/u_mepc_csr/rdata_q_reg[27]
  Impl DFF        Imp:/WORK/ibex_top/u_ibex_core/cs_registers_i/u_mepc_csr/rdata_q_reg[27]

  Ref  DFF        r:/WORK/ibex_top/u_ibex_core/cs_registers_i/u_mepc_csr/rdata_q_reg[28]
  Impl DFF        Imp:/WORK/ibex_top/u_ibex_core/cs_registers_i/u_mepc_csr/rdata_q_reg[28]

  Ref  DFF        r:/WORK/ibex_top/u_ibex_core/cs_registers_i/u_mepc_csr/rdata_q_reg[29]
  Impl DFF        Imp:/WORK/ibex_top/u_ibex_core/cs_registers_i/u_mepc_csr/rdata_q_reg[29]

  Ref  DFF        r:/WORK/ibex_top/u_ibex_core/cs_registers_i/u_mepc_csr/rdata_q_reg[2]
  Impl DFF        Imp:/WORK/ibex_top/u_ibex_core/cs_registers_i/u_mepc_csr/rdata_q_reg[2]

  Ref  DFF        r:/WORK/ibex_top/u_ibex_core/cs_registers_i/u_mepc_csr/rdata_q_reg[30]
  Impl DFF        Imp:/WORK/ibex_top/u_ibex_core/cs_registers_i/u_mepc_csr/rdata_q_reg[30]

  Ref  DFF        r:/WORK/ibex_top/u_ibex_core/cs_registers_i/u_mepc_csr/rdata_q_reg[31]
  Impl DFF        Imp:/WORK/ibex_top/u_ibex_core/cs_registers_i/u_mepc_csr/rdata_q_reg[31]

  Ref  DFF        r:/WORK/ibex_top/u_ibex_core/cs_registers_i/u_mepc_csr/rdata_q_reg[3]
  Impl DFF        Imp:/WORK/ibex_top/u_ibex_core/cs_registers_i/u_mepc_csr/rdata_q_reg[3]

  Ref  DFF        r:/WORK/ibex_top/u_ibex_core/cs_registers_i/u_mepc_csr/rdata_q_reg[4]
  Impl DFF        Imp:/WORK/ibex_top/u_ibex_core/cs_registers_i/u_mepc_csr/rdata_q_reg[4]

  Ref  DFF        r:/WORK/ibex_top/u_ibex_core/cs_registers_i/u_mepc_csr/rdata_q_reg[5]
  Impl DFF        Imp:/WORK/ibex_top/u_ibex_core/cs_registers_i/u_mepc_csr/rdata_q_reg[5]

  Ref  DFF        r:/WORK/ibex_top/u_ibex_core/cs_registers_i/u_mepc_csr/rdata_q_reg[6]
  Impl DFF        Imp:/WORK/ibex_top/u_ibex_core/cs_registers_i/u_mepc_csr/rdata_q_reg[6]

  Ref  DFF        r:/WORK/ibex_top/u_ibex_core/cs_registers_i/u_mepc_csr/rdata_q_reg[7]
  Impl DFF        Imp:/WORK/ibex_top/u_ibex_core/cs_registers_i/u_mepc_csr/rdata_q_reg[7]

  Ref  DFF        r:/WORK/ibex_top/u_ibex_core/cs_registers_i/u_mepc_csr/rdata_q_reg[8]
  Impl DFF        Imp:/WORK/ibex_top/u_ibex_core/cs_registers_i/u_mepc_csr/rdata_q_reg[8]

  Ref  DFF        r:/WORK/ibex_top/u_ibex_core/cs_registers_i/u_mepc_csr/rdata_q_reg[9]
  Impl DFF        Imp:/WORK/ibex_top/u_ibex_core/cs_registers_i/u_mepc_csr/rdata_q_reg[9]

  Ref  DFF        r:/WORK/ibex_top/u_ibex_core/cs_registers_i/u_mie_csr/rdata_q_reg[0]
  Impl DFF        Imp:/WORK/ibex_top/u_ibex_core/cs_registers_i/u_mie_csr/rdata_q_reg[0]

  Ref  DFF        r:/WORK/ibex_top/u_ibex_core/cs_registers_i/u_mie_csr/rdata_q_reg[10]
  Impl DFF        Imp:/WORK/ibex_top/u_ibex_core/cs_registers_i/u_mie_csr/rdata_q_reg[10]

  Ref  DFF        r:/WORK/ibex_top/u_ibex_core/cs_registers_i/u_mie_csr/rdata_q_reg[11]
  Impl DFF        Imp:/WORK/ibex_top/u_ibex_core/cs_registers_i/u_mie_csr/rdata_q_reg[11]

  Ref  DFF        r:/WORK/ibex_top/u_ibex_core/cs_registers_i/u_mie_csr/rdata_q_reg[12]
  Impl DFF        Imp:/WORK/ibex_top/u_ibex_core/cs_registers_i/u_mie_csr/rdata_q_reg[12]

  Ref  DFF        r:/WORK/ibex_top/u_ibex_core/cs_registers_i/u_mie_csr/rdata_q_reg[13]
  Impl DFF        Imp:/WORK/ibex_top/u_ibex_core/cs_registers_i/u_mie_csr/rdata_q_reg[13]

  Ref  DFF        r:/WORK/ibex_top/u_ibex_core/cs_registers_i/u_mie_csr/rdata_q_reg[14]
  Impl DFF        Imp:/WORK/ibex_top/u_ibex_core/cs_registers_i/u_mie_csr/rdata_q_reg[14]

  Ref  DFF        r:/WORK/ibex_top/u_ibex_core/cs_registers_i/u_mie_csr/rdata_q_reg[15]
  Impl DFF        Imp:/WORK/ibex_top/u_ibex_core/cs_registers_i/u_mie_csr/rdata_q_reg[15]

  Ref  DFF        r:/WORK/ibex_top/u_ibex_core/cs_registers_i/u_mie_csr/rdata_q_reg[16]
  Impl DFF        Imp:/WORK/ibex_top/u_ibex_core/cs_registers_i/u_mie_csr/rdata_q_reg[16]

  Ref  DFF        r:/WORK/ibex_top/u_ibex_core/cs_registers_i/u_mie_csr/rdata_q_reg[17]
  Impl DFF        Imp:/WORK/ibex_top/u_ibex_core/cs_registers_i/u_mie_csr/rdata_q_reg[17]

  Ref  DFF        r:/WORK/ibex_top/u_ibex_core/cs_registers_i/u_mie_csr/rdata_q_reg[1]
  Impl DFF        Imp:/WORK/ibex_top/u_ibex_core/cs_registers_i/u_mie_csr/rdata_q_reg[1]

  Ref  DFF        r:/WORK/ibex_top/u_ibex_core/cs_registers_i/u_mie_csr/rdata_q_reg[2]
  Impl DFF        Imp:/WORK/ibex_top/u_ibex_core/cs_registers_i/u_mie_csr/rdata_q_reg[2]

  Ref  DFF        r:/WORK/ibex_top/u_ibex_core/cs_registers_i/u_mie_csr/rdata_q_reg[3]
  Impl DFF        Imp:/WORK/ibex_top/u_ibex_core/cs_registers_i/u_mie_csr/rdata_q_reg[3]

  Ref  DFF        r:/WORK/ibex_top/u_ibex_core/cs_registers_i/u_mie_csr/rdata_q_reg[4]
  Impl DFF        Imp:/WORK/ibex_top/u_ibex_core/cs_registers_i/u_mie_csr/rdata_q_reg[4]

  Ref  DFF        r:/WORK/ibex_top/u_ibex_core/cs_registers_i/u_mie_csr/rdata_q_reg[5]
  Impl DFF        Imp:/WORK/ibex_top/u_ibex_core/cs_registers_i/u_mie_csr/rdata_q_reg[5]

  Ref  DFF        r:/WORK/ibex_top/u_ibex_core/cs_registers_i/u_mie_csr/rdata_q_reg[6]
  Impl DFF        Imp:/WORK/ibex_top/u_ibex_core/cs_registers_i/u_mie_csr/rdata_q_reg[6]

  Ref  DFF        r:/WORK/ibex_top/u_ibex_core/cs_registers_i/u_mie_csr/rdata_q_reg[7]
  Impl DFF        Imp:/WORK/ibex_top/u_ibex_core/cs_registers_i/u_mie_csr/rdata_q_reg[7]

  Ref  DFF        r:/WORK/ibex_top/u_ibex_core/cs_registers_i/u_mie_csr/rdata_q_reg[8]
  Impl DFF        Imp:/WORK/ibex_top/u_ibex_core/cs_registers_i/u_mie_csr/rdata_q_reg[8]

  Ref  DFF        r:/WORK/ibex_top/u_ibex_core/cs_registers_i/u_mie_csr/rdata_q_reg[9]
  Impl DFF        Imp:/WORK/ibex_top/u_ibex_core/cs_registers_i/u_mie_csr/rdata_q_reg[9]

  Ref  DFF        r:/WORK/ibex_top/u_ibex_core/cs_registers_i/u_mscratch_csr/rdata_q_reg[0]
  Impl DFF        Imp:/WORK/ibex_top/u_ibex_core/cs_registers_i/u_mscratch_csr/rdata_q_reg[0]

  Ref  DFF        r:/WORK/ibex_top/u_ibex_core/cs_registers_i/u_mscratch_csr/rdata_q_reg[10]
  Impl DFF        Imp:/WORK/ibex_top/u_ibex_core/cs_registers_i/u_mscratch_csr/rdata_q_reg[10]

  Ref  DFF        r:/WORK/ibex_top/u_ibex_core/cs_registers_i/u_mscratch_csr/rdata_q_reg[11]
  Impl DFF        Imp:/WORK/ibex_top/u_ibex_core/cs_registers_i/u_mscratch_csr/rdata_q_reg[11]

  Ref  DFF        r:/WORK/ibex_top/u_ibex_core/cs_registers_i/u_mscratch_csr/rdata_q_reg[12]
  Impl DFF        Imp:/WORK/ibex_top/u_ibex_core/cs_registers_i/u_mscratch_csr/rdata_q_reg[12]

  Ref  DFF        r:/WORK/ibex_top/u_ibex_core/cs_registers_i/u_mscratch_csr/rdata_q_reg[13]
  Impl DFF        Imp:/WORK/ibex_top/u_ibex_core/cs_registers_i/u_mscratch_csr/rdata_q_reg[13]

  Ref  DFF        r:/WORK/ibex_top/u_ibex_core/cs_registers_i/u_mscratch_csr/rdata_q_reg[14]
  Impl DFF        Imp:/WORK/ibex_top/u_ibex_core/cs_registers_i/u_mscratch_csr/rdata_q_reg[14]

  Ref  DFF        r:/WORK/ibex_top/u_ibex_core/cs_registers_i/u_mscratch_csr/rdata_q_reg[15]
  Impl DFF        Imp:/WORK/ibex_top/u_ibex_core/cs_registers_i/u_mscratch_csr/rdata_q_reg[15]

  Ref  DFF        r:/WORK/ibex_top/u_ibex_core/cs_registers_i/u_mscratch_csr/rdata_q_reg[16]
  Impl DFF        Imp:/WORK/ibex_top/u_ibex_core/cs_registers_i/u_mscratch_csr/rdata_q_reg[16]

  Ref  DFF        r:/WORK/ibex_top/u_ibex_core/cs_registers_i/u_mscratch_csr/rdata_q_reg[17]
  Impl DFF        Imp:/WORK/ibex_top/u_ibex_core/cs_registers_i/u_mscratch_csr/rdata_q_reg[17]

  Ref  DFF        r:/WORK/ibex_top/u_ibex_core/cs_registers_i/u_mscratch_csr/rdata_q_reg[18]
  Impl DFF        Imp:/WORK/ibex_top/u_ibex_core/cs_registers_i/u_mscratch_csr/rdata_q_reg[18]

  Ref  DFF        r:/WORK/ibex_top/u_ibex_core/cs_registers_i/u_mscratch_csr/rdata_q_reg[19]
  Impl DFF        Imp:/WORK/ibex_top/u_ibex_core/cs_registers_i/u_mscratch_csr/rdata_q_reg[19]

  Ref  DFF        r:/WORK/ibex_top/u_ibex_core/cs_registers_i/u_mscratch_csr/rdata_q_reg[1]
  Impl DFF        Imp:/WORK/ibex_top/u_ibex_core/cs_registers_i/u_mscratch_csr/rdata_q_reg[1]

  Ref  DFF        r:/WORK/ibex_top/u_ibex_core/cs_registers_i/u_mscratch_csr/rdata_q_reg[20]
  Impl DFF        Imp:/WORK/ibex_top/u_ibex_core/cs_registers_i/u_mscratch_csr/rdata_q_reg[20]

  Ref  DFF        r:/WORK/ibex_top/u_ibex_core/cs_registers_i/u_mscratch_csr/rdata_q_reg[21]
  Impl DFF        Imp:/WORK/ibex_top/u_ibex_core/cs_registers_i/u_mscratch_csr/rdata_q_reg[21]

  Ref  DFF        r:/WORK/ibex_top/u_ibex_core/cs_registers_i/u_mscratch_csr/rdata_q_reg[22]
  Impl DFF        Imp:/WORK/ibex_top/u_ibex_core/cs_registers_i/u_mscratch_csr/rdata_q_reg[22]

  Ref  DFF        r:/WORK/ibex_top/u_ibex_core/cs_registers_i/u_mscratch_csr/rdata_q_reg[23]
  Impl DFF        Imp:/WORK/ibex_top/u_ibex_core/cs_registers_i/u_mscratch_csr/rdata_q_reg[23]

  Ref  DFF        r:/WORK/ibex_top/u_ibex_core/cs_registers_i/u_mscratch_csr/rdata_q_reg[24]
  Impl DFF        Imp:/WORK/ibex_top/u_ibex_core/cs_registers_i/u_mscratch_csr/rdata_q_reg[24]

  Ref  DFF        r:/WORK/ibex_top/u_ibex_core/cs_registers_i/u_mscratch_csr/rdata_q_reg[25]
  Impl DFF        Imp:/WORK/ibex_top/u_ibex_core/cs_registers_i/u_mscratch_csr/rdata_q_reg[25]

  Ref  DFF        r:/WORK/ibex_top/u_ibex_core/cs_registers_i/u_mscratch_csr/rdata_q_reg[26]
  Impl DFF        Imp:/WORK/ibex_top/u_ibex_core/cs_registers_i/u_mscratch_csr/rdata_q_reg[26]

  Ref  DFF        r:/WORK/ibex_top/u_ibex_core/cs_registers_i/u_mscratch_csr/rdata_q_reg[27]
  Impl DFF        Imp:/WORK/ibex_top/u_ibex_core/cs_registers_i/u_mscratch_csr/rdata_q_reg[27]

  Ref  DFF        r:/WORK/ibex_top/u_ibex_core/cs_registers_i/u_mscratch_csr/rdata_q_reg[28]
  Impl DFF        Imp:/WORK/ibex_top/u_ibex_core/cs_registers_i/u_mscratch_csr/rdata_q_reg[28]

  Ref  DFF        r:/WORK/ibex_top/u_ibex_core/cs_registers_i/u_mscratch_csr/rdata_q_reg[29]
  Impl DFF        Imp:/WORK/ibex_top/u_ibex_core/cs_registers_i/u_mscratch_csr/rdata_q_reg[29]

  Ref  DFF        r:/WORK/ibex_top/u_ibex_core/cs_registers_i/u_mscratch_csr/rdata_q_reg[2]
  Impl DFF        Imp:/WORK/ibex_top/u_ibex_core/cs_registers_i/u_mscratch_csr/rdata_q_reg[2]

  Ref  DFF        r:/WORK/ibex_top/u_ibex_core/cs_registers_i/u_mscratch_csr/rdata_q_reg[30]
  Impl DFF        Imp:/WORK/ibex_top/u_ibex_core/cs_registers_i/u_mscratch_csr/rdata_q_reg[30]

  Ref  DFF        r:/WORK/ibex_top/u_ibex_core/cs_registers_i/u_mscratch_csr/rdata_q_reg[31]
  Impl DFF        Imp:/WORK/ibex_top/u_ibex_core/cs_registers_i/u_mscratch_csr/rdata_q_reg[31]

  Ref  DFF        r:/WORK/ibex_top/u_ibex_core/cs_registers_i/u_mscratch_csr/rdata_q_reg[3]
  Impl DFF        Imp:/WORK/ibex_top/u_ibex_core/cs_registers_i/u_mscratch_csr/rdata_q_reg[3]

  Ref  DFF        r:/WORK/ibex_top/u_ibex_core/cs_registers_i/u_mscratch_csr/rdata_q_reg[4]
  Impl DFF        Imp:/WORK/ibex_top/u_ibex_core/cs_registers_i/u_mscratch_csr/rdata_q_reg[4]

  Ref  DFF        r:/WORK/ibex_top/u_ibex_core/cs_registers_i/u_mscratch_csr/rdata_q_reg[5]
  Impl DFF        Imp:/WORK/ibex_top/u_ibex_core/cs_registers_i/u_mscratch_csr/rdata_q_reg[5]

  Ref  DFF        r:/WORK/ibex_top/u_ibex_core/cs_registers_i/u_mscratch_csr/rdata_q_reg[6]
  Impl DFF        Imp:/WORK/ibex_top/u_ibex_core/cs_registers_i/u_mscratch_csr/rdata_q_reg[6]

  Ref  DFF        r:/WORK/ibex_top/u_ibex_core/cs_registers_i/u_mscratch_csr/rdata_q_reg[7]
  Impl DFF        Imp:/WORK/ibex_top/u_ibex_core/cs_registers_i/u_mscratch_csr/rdata_q_reg[7]

  Ref  DFF        r:/WORK/ibex_top/u_ibex_core/cs_registers_i/u_mscratch_csr/rdata_q_reg[8]
  Impl DFF        Imp:/WORK/ibex_top/u_ibex_core/cs_registers_i/u_mscratch_csr/rdata_q_reg[8]

  Ref  DFF        r:/WORK/ibex_top/u_ibex_core/cs_registers_i/u_mscratch_csr/rdata_q_reg[9]
  Impl DFF        Imp:/WORK/ibex_top/u_ibex_core/cs_registers_i/u_mscratch_csr/rdata_q_reg[9]

  Ref  DFF        r:/WORK/ibex_top/u_ibex_core/cs_registers_i/u_mstack_cause_csr/rdata_q_reg[0]
  Impl DFF        Imp:/WORK/ibex_top/u_ibex_core/cs_registers_i/u_mstack_cause_csr/rdata_q_reg[0]

  Ref  DFF        r:/WORK/ibex_top/u_ibex_core/cs_registers_i/u_mstack_cause_csr/rdata_q_reg[1]
  Impl DFF        Imp:/WORK/ibex_top/u_ibex_core/cs_registers_i/u_mstack_cause_csr/rdata_q_reg[1]

  Ref  DFF        r:/WORK/ibex_top/u_ibex_core/cs_registers_i/u_mstack_cause_csr/rdata_q_reg[2]
  Impl DFF        Imp:/WORK/ibex_top/u_ibex_core/cs_registers_i/u_mstack_cause_csr/rdata_q_reg[2]

  Ref  DFF        r:/WORK/ibex_top/u_ibex_core/cs_registers_i/u_mstack_cause_csr/rdata_q_reg[3]
  Impl DFF        Imp:/WORK/ibex_top/u_ibex_core/cs_registers_i/u_mstack_cause_csr/rdata_q_reg[3]

  Ref  DFF        r:/WORK/ibex_top/u_ibex_core/cs_registers_i/u_mstack_cause_csr/rdata_q_reg[4]
  Impl DFF        Imp:/WORK/ibex_top/u_ibex_core/cs_registers_i/u_mstack_cause_csr/rdata_q_reg[4]

  Ref  DFF        r:/WORK/ibex_top/u_ibex_core/cs_registers_i/u_mstack_cause_csr/rdata_q_reg[5]
  Impl DFF        Imp:/WORK/ibex_top/u_ibex_core/cs_registers_i/u_mstack_cause_csr/rdata_q_reg[5]

  Ref  DFF        r:/WORK/ibex_top/u_ibex_core/cs_registers_i/u_mstack_cause_csr/rdata_q_reg[6]
  Impl DFF        Imp:/WORK/ibex_top/u_ibex_core/cs_registers_i/u_mstack_cause_csr/rdata_q_reg[6]

  Ref  DFF        r:/WORK/ibex_top/u_ibex_core/cs_registers_i/u_mstack_csr/rdata_q_reg[0]
  Impl DFF        Imp:/WORK/ibex_top/u_ibex_core/cs_registers_i/u_mstack_csr/rdata_q_reg[0]

  Ref  DFF        r:/WORK/ibex_top/u_ibex_core/cs_registers_i/u_mstack_csr/rdata_q_reg[1]
  Impl DFF        Imp:/WORK/ibex_top/u_ibex_core/cs_registers_i/u_mstack_csr/rdata_q_reg[1]

  Ref  DFF        r:/WORK/ibex_top/u_ibex_core/cs_registers_i/u_mstack_csr/rdata_q_reg[2]
  Impl DFF        Imp:/WORK/ibex_top/u_ibex_core/cs_registers_i/u_mstack_csr/rdata_q_reg[2]

  Ref  DFF        r:/WORK/ibex_top/u_ibex_core/cs_registers_i/u_mstack_epc_csr/rdata_q_reg[10]
  Impl DFF        Imp:/WORK/ibex_top/u_ibex_core/cs_registers_i/u_mstack_epc_csr/rdata_q_reg[10]

  Ref  DFF        r:/WORK/ibex_top/u_ibex_core/cs_registers_i/u_mstack_epc_csr/rdata_q_reg[11]
  Impl DFF        Imp:/WORK/ibex_top/u_ibex_core/cs_registers_i/u_mstack_epc_csr/rdata_q_reg[11]

  Ref  DFF        r:/WORK/ibex_top/u_ibex_core/cs_registers_i/u_mstack_epc_csr/rdata_q_reg[12]
  Impl DFF        Imp:/WORK/ibex_top/u_ibex_core/cs_registers_i/u_mstack_epc_csr/rdata_q_reg[12]

  Ref  DFF        r:/WORK/ibex_top/u_ibex_core/cs_registers_i/u_mstack_epc_csr/rdata_q_reg[13]
  Impl DFF        Imp:/WORK/ibex_top/u_ibex_core/cs_registers_i/u_mstack_epc_csr/rdata_q_reg[13]

  Ref  DFF        r:/WORK/ibex_top/u_ibex_core/cs_registers_i/u_mstack_epc_csr/rdata_q_reg[14]
  Impl DFF        Imp:/WORK/ibex_top/u_ibex_core/cs_registers_i/u_mstack_epc_csr/rdata_q_reg[14]

  Ref  DFF        r:/WORK/ibex_top/u_ibex_core/cs_registers_i/u_mstack_epc_csr/rdata_q_reg[15]
  Impl DFF        Imp:/WORK/ibex_top/u_ibex_core/cs_registers_i/u_mstack_epc_csr/rdata_q_reg[15]

  Ref  DFF        r:/WORK/ibex_top/u_ibex_core/cs_registers_i/u_mstack_epc_csr/rdata_q_reg[16]
  Impl DFF        Imp:/WORK/ibex_top/u_ibex_core/cs_registers_i/u_mstack_epc_csr/rdata_q_reg[16]

  Ref  DFF        r:/WORK/ibex_top/u_ibex_core/cs_registers_i/u_mstack_epc_csr/rdata_q_reg[17]
  Impl DFF        Imp:/WORK/ibex_top/u_ibex_core/cs_registers_i/u_mstack_epc_csr/rdata_q_reg[17]

  Ref  DFF        r:/WORK/ibex_top/u_ibex_core/cs_registers_i/u_mstack_epc_csr/rdata_q_reg[18]
  Impl DFF        Imp:/WORK/ibex_top/u_ibex_core/cs_registers_i/u_mstack_epc_csr/rdata_q_reg[18]

  Ref  DFF        r:/WORK/ibex_top/u_ibex_core/cs_registers_i/u_mstack_epc_csr/rdata_q_reg[19]
  Impl DFF        Imp:/WORK/ibex_top/u_ibex_core/cs_registers_i/u_mstack_epc_csr/rdata_q_reg[19]

  Ref  DFF        r:/WORK/ibex_top/u_ibex_core/cs_registers_i/u_mstack_epc_csr/rdata_q_reg[1]
  Impl DFF        Imp:/WORK/ibex_top/u_ibex_core/cs_registers_i/u_mstack_epc_csr/rdata_q_reg[1]

  Ref  DFF        r:/WORK/ibex_top/u_ibex_core/cs_registers_i/u_mstack_epc_csr/rdata_q_reg[20]
  Impl DFF        Imp:/WORK/ibex_top/u_ibex_core/cs_registers_i/u_mstack_epc_csr/rdata_q_reg[20]

  Ref  DFF        r:/WORK/ibex_top/u_ibex_core/cs_registers_i/u_mstack_epc_csr/rdata_q_reg[21]
  Impl DFF        Imp:/WORK/ibex_top/u_ibex_core/cs_registers_i/u_mstack_epc_csr/rdata_q_reg[21]

  Ref  DFF        r:/WORK/ibex_top/u_ibex_core/cs_registers_i/u_mstack_epc_csr/rdata_q_reg[22]
  Impl DFF        Imp:/WORK/ibex_top/u_ibex_core/cs_registers_i/u_mstack_epc_csr/rdata_q_reg[22]

  Ref  DFF        r:/WORK/ibex_top/u_ibex_core/cs_registers_i/u_mstack_epc_csr/rdata_q_reg[23]
  Impl DFF        Imp:/WORK/ibex_top/u_ibex_core/cs_registers_i/u_mstack_epc_csr/rdata_q_reg[23]

  Ref  DFF        r:/WORK/ibex_top/u_ibex_core/cs_registers_i/u_mstack_epc_csr/rdata_q_reg[24]
  Impl DFF        Imp:/WORK/ibex_top/u_ibex_core/cs_registers_i/u_mstack_epc_csr/rdata_q_reg[24]

  Ref  DFF        r:/WORK/ibex_top/u_ibex_core/cs_registers_i/u_mstack_epc_csr/rdata_q_reg[25]
  Impl DFF        Imp:/WORK/ibex_top/u_ibex_core/cs_registers_i/u_mstack_epc_csr/rdata_q_reg[25]

  Ref  DFF        r:/WORK/ibex_top/u_ibex_core/cs_registers_i/u_mstack_epc_csr/rdata_q_reg[26]
  Impl DFF        Imp:/WORK/ibex_top/u_ibex_core/cs_registers_i/u_mstack_epc_csr/rdata_q_reg[26]

  Ref  DFF        r:/WORK/ibex_top/u_ibex_core/cs_registers_i/u_mstack_epc_csr/rdata_q_reg[27]
  Impl DFF        Imp:/WORK/ibex_top/u_ibex_core/cs_registers_i/u_mstack_epc_csr/rdata_q_reg[27]

  Ref  DFF        r:/WORK/ibex_top/u_ibex_core/cs_registers_i/u_mstack_epc_csr/rdata_q_reg[28]
  Impl DFF        Imp:/WORK/ibex_top/u_ibex_core/cs_registers_i/u_mstack_epc_csr/rdata_q_reg[28]

  Ref  DFF        r:/WORK/ibex_top/u_ibex_core/cs_registers_i/u_mstack_epc_csr/rdata_q_reg[29]
  Impl DFF        Imp:/WORK/ibex_top/u_ibex_core/cs_registers_i/u_mstack_epc_csr/rdata_q_reg[29]

  Ref  DFF        r:/WORK/ibex_top/u_ibex_core/cs_registers_i/u_mstack_epc_csr/rdata_q_reg[2]
  Impl DFF        Imp:/WORK/ibex_top/u_ibex_core/cs_registers_i/u_mstack_epc_csr/rdata_q_reg[2]

  Ref  DFF        r:/WORK/ibex_top/u_ibex_core/cs_registers_i/u_mstack_epc_csr/rdata_q_reg[30]
  Impl DFF        Imp:/WORK/ibex_top/u_ibex_core/cs_registers_i/u_mstack_epc_csr/rdata_q_reg[30]

  Ref  DFF        r:/WORK/ibex_top/u_ibex_core/cs_registers_i/u_mstack_epc_csr/rdata_q_reg[31]
  Impl DFF        Imp:/WORK/ibex_top/u_ibex_core/cs_registers_i/u_mstack_epc_csr/rdata_q_reg[31]

  Ref  DFF        r:/WORK/ibex_top/u_ibex_core/cs_registers_i/u_mstack_epc_csr/rdata_q_reg[3]
  Impl DFF        Imp:/WORK/ibex_top/u_ibex_core/cs_registers_i/u_mstack_epc_csr/rdata_q_reg[3]

  Ref  DFF        r:/WORK/ibex_top/u_ibex_core/cs_registers_i/u_mstack_epc_csr/rdata_q_reg[4]
  Impl DFF        Imp:/WORK/ibex_top/u_ibex_core/cs_registers_i/u_mstack_epc_csr/rdata_q_reg[4]

  Ref  DFF        r:/WORK/ibex_top/u_ibex_core/cs_registers_i/u_mstack_epc_csr/rdata_q_reg[5]
  Impl DFF        Imp:/WORK/ibex_top/u_ibex_core/cs_registers_i/u_mstack_epc_csr/rdata_q_reg[5]

  Ref  DFF        r:/WORK/ibex_top/u_ibex_core/cs_registers_i/u_mstack_epc_csr/rdata_q_reg[6]
  Impl DFF        Imp:/WORK/ibex_top/u_ibex_core/cs_registers_i/u_mstack_epc_csr/rdata_q_reg[6]

  Ref  DFF        r:/WORK/ibex_top/u_ibex_core/cs_registers_i/u_mstack_epc_csr/rdata_q_reg[7]
  Impl DFF        Imp:/WORK/ibex_top/u_ibex_core/cs_registers_i/u_mstack_epc_csr/rdata_q_reg[7]

  Ref  DFF        r:/WORK/ibex_top/u_ibex_core/cs_registers_i/u_mstack_epc_csr/rdata_q_reg[8]
  Impl DFF        Imp:/WORK/ibex_top/u_ibex_core/cs_registers_i/u_mstack_epc_csr/rdata_q_reg[8]

  Ref  DFF        r:/WORK/ibex_top/u_ibex_core/cs_registers_i/u_mstack_epc_csr/rdata_q_reg[9]
  Impl DFF        Imp:/WORK/ibex_top/u_ibex_core/cs_registers_i/u_mstack_epc_csr/rdata_q_reg[9]

  Ref  DFF        r:/WORK/ibex_top/u_ibex_core/cs_registers_i/u_mstatus_csr/rdata_q_reg[0]
  Impl DFF        Imp:/WORK/ibex_top/u_ibex_core/cs_registers_i/u_mstatus_csr/rdata_q_reg[0]

  Ref  DFF        r:/WORK/ibex_top/u_ibex_core/cs_registers_i/u_mstatus_csr/rdata_q_reg[1]
  Impl DFF        Imp:/WORK/ibex_top/u_ibex_core/cs_registers_i/u_mstatus_csr/rdata_q_reg[1]

  Ref  DFF        r:/WORK/ibex_top/u_ibex_core/cs_registers_i/u_mstatus_csr/rdata_q_reg[2]
  Impl DFF        Imp:/WORK/ibex_top/u_ibex_core/cs_registers_i/u_mstatus_csr/rdata_q_reg[2]

  Ref  DFF        r:/WORK/ibex_top/u_ibex_core/cs_registers_i/u_mstatus_csr/rdata_q_reg[3]
  Impl DFF        Imp:/WORK/ibex_top/u_ibex_core/cs_registers_i/u_mstatus_csr/rdata_q_reg[3]

  Ref  DFF        r:/WORK/ibex_top/u_ibex_core/cs_registers_i/u_mstatus_csr/rdata_q_reg[4]
  Impl DFF        Imp:/WORK/ibex_top/u_ibex_core/cs_registers_i/u_mstatus_csr/rdata_q_reg[4]

  Ref  DFF        r:/WORK/ibex_top/u_ibex_core/cs_registers_i/u_mstatus_csr/rdata_q_reg[5]
  Impl DFF        Imp:/WORK/ibex_top/u_ibex_core/cs_registers_i/u_mstatus_csr/rdata_q_reg[5]

  Ref  DFF        r:/WORK/ibex_top/u_ibex_core/cs_registers_i/u_mtval_csr/rdata_q_reg[0]
  Impl DFF        Imp:/WORK/ibex_top/u_ibex_core/cs_registers_i/u_mtval_csr/rdata_q_reg[0]

  Ref  DFF        r:/WORK/ibex_top/u_ibex_core/cs_registers_i/u_mtval_csr/rdata_q_reg[10]
  Impl DFF        Imp:/WORK/ibex_top/u_ibex_core/cs_registers_i/u_mtval_csr/rdata_q_reg[10]

  Ref  DFF        r:/WORK/ibex_top/u_ibex_core/cs_registers_i/u_mtval_csr/rdata_q_reg[11]
  Impl DFF        Imp:/WORK/ibex_top/u_ibex_core/cs_registers_i/u_mtval_csr/rdata_q_reg[11]

  Ref  DFF        r:/WORK/ibex_top/u_ibex_core/cs_registers_i/u_mtval_csr/rdata_q_reg[12]
  Impl DFF        Imp:/WORK/ibex_top/u_ibex_core/cs_registers_i/u_mtval_csr/rdata_q_reg[12]

  Ref  DFF        r:/WORK/ibex_top/u_ibex_core/cs_registers_i/u_mtval_csr/rdata_q_reg[13]
  Impl DFF        Imp:/WORK/ibex_top/u_ibex_core/cs_registers_i/u_mtval_csr/rdata_q_reg[13]

  Ref  DFF        r:/WORK/ibex_top/u_ibex_core/cs_registers_i/u_mtval_csr/rdata_q_reg[14]
  Impl DFF        Imp:/WORK/ibex_top/u_ibex_core/cs_registers_i/u_mtval_csr/rdata_q_reg[14]

  Ref  DFF        r:/WORK/ibex_top/u_ibex_core/cs_registers_i/u_mtval_csr/rdata_q_reg[15]
  Impl DFF        Imp:/WORK/ibex_top/u_ibex_core/cs_registers_i/u_mtval_csr/rdata_q_reg[15]

  Ref  DFF        r:/WORK/ibex_top/u_ibex_core/cs_registers_i/u_mtval_csr/rdata_q_reg[16]
  Impl DFF        Imp:/WORK/ibex_top/u_ibex_core/cs_registers_i/u_mtval_csr/rdata_q_reg[16]

  Ref  DFF        r:/WORK/ibex_top/u_ibex_core/cs_registers_i/u_mtval_csr/rdata_q_reg[17]
  Impl DFF        Imp:/WORK/ibex_top/u_ibex_core/cs_registers_i/u_mtval_csr/rdata_q_reg[17]

  Ref  DFF        r:/WORK/ibex_top/u_ibex_core/cs_registers_i/u_mtval_csr/rdata_q_reg[18]
  Impl DFF        Imp:/WORK/ibex_top/u_ibex_core/cs_registers_i/u_mtval_csr/rdata_q_reg[18]

  Ref  DFF        r:/WORK/ibex_top/u_ibex_core/cs_registers_i/u_mtval_csr/rdata_q_reg[19]
  Impl DFF        Imp:/WORK/ibex_top/u_ibex_core/cs_registers_i/u_mtval_csr/rdata_q_reg[19]

  Ref  DFF        r:/WORK/ibex_top/u_ibex_core/cs_registers_i/u_mtval_csr/rdata_q_reg[1]
  Impl DFF        Imp:/WORK/ibex_top/u_ibex_core/cs_registers_i/u_mtval_csr/rdata_q_reg[1]

  Ref  DFF        r:/WORK/ibex_top/u_ibex_core/cs_registers_i/u_mtval_csr/rdata_q_reg[20]
  Impl DFF        Imp:/WORK/ibex_top/u_ibex_core/cs_registers_i/u_mtval_csr/rdata_q_reg[20]

  Ref  DFF        r:/WORK/ibex_top/u_ibex_core/cs_registers_i/u_mtval_csr/rdata_q_reg[21]
  Impl DFF        Imp:/WORK/ibex_top/u_ibex_core/cs_registers_i/u_mtval_csr/rdata_q_reg[21]

  Ref  DFF        r:/WORK/ibex_top/u_ibex_core/cs_registers_i/u_mtval_csr/rdata_q_reg[22]
  Impl DFF        Imp:/WORK/ibex_top/u_ibex_core/cs_registers_i/u_mtval_csr/rdata_q_reg[22]

  Ref  DFF        r:/WORK/ibex_top/u_ibex_core/cs_registers_i/u_mtval_csr/rdata_q_reg[23]
  Impl DFF        Imp:/WORK/ibex_top/u_ibex_core/cs_registers_i/u_mtval_csr/rdata_q_reg[23]

  Ref  DFF        r:/WORK/ibex_top/u_ibex_core/cs_registers_i/u_mtval_csr/rdata_q_reg[24]
  Impl DFF        Imp:/WORK/ibex_top/u_ibex_core/cs_registers_i/u_mtval_csr/rdata_q_reg[24]

  Ref  DFF        r:/WORK/ibex_top/u_ibex_core/cs_registers_i/u_mtval_csr/rdata_q_reg[25]
  Impl DFF        Imp:/WORK/ibex_top/u_ibex_core/cs_registers_i/u_mtval_csr/rdata_q_reg[25]

  Ref  DFF        r:/WORK/ibex_top/u_ibex_core/cs_registers_i/u_mtval_csr/rdata_q_reg[26]
  Impl DFF        Imp:/WORK/ibex_top/u_ibex_core/cs_registers_i/u_mtval_csr/rdata_q_reg[26]

  Ref  DFF        r:/WORK/ibex_top/u_ibex_core/cs_registers_i/u_mtval_csr/rdata_q_reg[27]
  Impl DFF        Imp:/WORK/ibex_top/u_ibex_core/cs_registers_i/u_mtval_csr/rdata_q_reg[27]

  Ref  DFF        r:/WORK/ibex_top/u_ibex_core/cs_registers_i/u_mtval_csr/rdata_q_reg[28]
  Impl DFF        Imp:/WORK/ibex_top/u_ibex_core/cs_registers_i/u_mtval_csr/rdata_q_reg[28]

  Ref  DFF        r:/WORK/ibex_top/u_ibex_core/cs_registers_i/u_mtval_csr/rdata_q_reg[29]
  Impl DFF        Imp:/WORK/ibex_top/u_ibex_core/cs_registers_i/u_mtval_csr/rdata_q_reg[29]

  Ref  DFF        r:/WORK/ibex_top/u_ibex_core/cs_registers_i/u_mtval_csr/rdata_q_reg[2]
  Impl DFF        Imp:/WORK/ibex_top/u_ibex_core/cs_registers_i/u_mtval_csr/rdata_q_reg[2]

  Ref  DFF        r:/WORK/ibex_top/u_ibex_core/cs_registers_i/u_mtval_csr/rdata_q_reg[30]
  Impl DFF        Imp:/WORK/ibex_top/u_ibex_core/cs_registers_i/u_mtval_csr/rdata_q_reg[30]

  Ref  DFF        r:/WORK/ibex_top/u_ibex_core/cs_registers_i/u_mtval_csr/rdata_q_reg[31]
  Impl DFF        Imp:/WORK/ibex_top/u_ibex_core/cs_registers_i/u_mtval_csr/rdata_q_reg[31]

  Ref  DFF        r:/WORK/ibex_top/u_ibex_core/cs_registers_i/u_mtval_csr/rdata_q_reg[3]
  Impl DFF        Imp:/WORK/ibex_top/u_ibex_core/cs_registers_i/u_mtval_csr/rdata_q_reg[3]

  Ref  DFF        r:/WORK/ibex_top/u_ibex_core/cs_registers_i/u_mtval_csr/rdata_q_reg[4]
  Impl DFF        Imp:/WORK/ibex_top/u_ibex_core/cs_registers_i/u_mtval_csr/rdata_q_reg[4]

  Ref  DFF        r:/WORK/ibex_top/u_ibex_core/cs_registers_i/u_mtval_csr/rdata_q_reg[5]
  Impl DFF        Imp:/WORK/ibex_top/u_ibex_core/cs_registers_i/u_mtval_csr/rdata_q_reg[5]

  Ref  DFF        r:/WORK/ibex_top/u_ibex_core/cs_registers_i/u_mtval_csr/rdata_q_reg[6]
  Impl DFF        Imp:/WORK/ibex_top/u_ibex_core/cs_registers_i/u_mtval_csr/rdata_q_reg[6]

  Ref  DFF        r:/WORK/ibex_top/u_ibex_core/cs_registers_i/u_mtval_csr/rdata_q_reg[7]
  Impl DFF        Imp:/WORK/ibex_top/u_ibex_core/cs_registers_i/u_mtval_csr/rdata_q_reg[7]

  Ref  DFF        r:/WORK/ibex_top/u_ibex_core/cs_registers_i/u_mtval_csr/rdata_q_reg[8]
  Impl DFF        Imp:/WORK/ibex_top/u_ibex_core/cs_registers_i/u_mtval_csr/rdata_q_reg[8]

  Ref  DFF        r:/WORK/ibex_top/u_ibex_core/cs_registers_i/u_mtval_csr/rdata_q_reg[9]
  Impl DFF        Imp:/WORK/ibex_top/u_ibex_core/cs_registers_i/u_mtval_csr/rdata_q_reg[9]

  Ref  DFF        r:/WORK/ibex_top/u_ibex_core/cs_registers_i/u_mtvec_csr/rdata_q_reg[10]
  Impl DFF        Imp:/WORK/ibex_top/u_ibex_core/cs_registers_i/u_mtvec_csr/rdata_q_reg[10]

  Ref  DFF        r:/WORK/ibex_top/u_ibex_core/cs_registers_i/u_mtvec_csr/rdata_q_reg[11]
  Impl DFF        Imp:/WORK/ibex_top/u_ibex_core/cs_registers_i/u_mtvec_csr/rdata_q_reg[11]

  Ref  DFF        r:/WORK/ibex_top/u_ibex_core/cs_registers_i/u_mtvec_csr/rdata_q_reg[12]
  Impl DFF        Imp:/WORK/ibex_top/u_ibex_core/cs_registers_i/u_mtvec_csr/rdata_q_reg[12]

  Ref  DFF        r:/WORK/ibex_top/u_ibex_core/cs_registers_i/u_mtvec_csr/rdata_q_reg[13]
  Impl DFF        Imp:/WORK/ibex_top/u_ibex_core/cs_registers_i/u_mtvec_csr/rdata_q_reg[13]

  Ref  DFF        r:/WORK/ibex_top/u_ibex_core/cs_registers_i/u_mtvec_csr/rdata_q_reg[14]
  Impl DFF        Imp:/WORK/ibex_top/u_ibex_core/cs_registers_i/u_mtvec_csr/rdata_q_reg[14]

  Ref  DFF        r:/WORK/ibex_top/u_ibex_core/cs_registers_i/u_mtvec_csr/rdata_q_reg[15]
  Impl DFF        Imp:/WORK/ibex_top/u_ibex_core/cs_registers_i/u_mtvec_csr/rdata_q_reg[15]

  Ref  DFF        r:/WORK/ibex_top/u_ibex_core/cs_registers_i/u_mtvec_csr/rdata_q_reg[16]
  Impl DFF        Imp:/WORK/ibex_top/u_ibex_core/cs_registers_i/u_mtvec_csr/rdata_q_reg[16]

  Ref  DFF        r:/WORK/ibex_top/u_ibex_core/cs_registers_i/u_mtvec_csr/rdata_q_reg[17]
  Impl DFF        Imp:/WORK/ibex_top/u_ibex_core/cs_registers_i/u_mtvec_csr/rdata_q_reg[17]

  Ref  DFF        r:/WORK/ibex_top/u_ibex_core/cs_registers_i/u_mtvec_csr/rdata_q_reg[18]
  Impl DFF        Imp:/WORK/ibex_top/u_ibex_core/cs_registers_i/u_mtvec_csr/rdata_q_reg[18]

  Ref  DFF        r:/WORK/ibex_top/u_ibex_core/cs_registers_i/u_mtvec_csr/rdata_q_reg[19]
  Impl DFF        Imp:/WORK/ibex_top/u_ibex_core/cs_registers_i/u_mtvec_csr/rdata_q_reg[19]

  Ref  DFF        r:/WORK/ibex_top/u_ibex_core/cs_registers_i/u_mtvec_csr/rdata_q_reg[20]
  Impl DFF        Imp:/WORK/ibex_top/u_ibex_core/cs_registers_i/u_mtvec_csr/rdata_q_reg[20]

  Ref  DFF        r:/WORK/ibex_top/u_ibex_core/cs_registers_i/u_mtvec_csr/rdata_q_reg[21]
  Impl DFF        Imp:/WORK/ibex_top/u_ibex_core/cs_registers_i/u_mtvec_csr/rdata_q_reg[21]

  Ref  DFF        r:/WORK/ibex_top/u_ibex_core/cs_registers_i/u_mtvec_csr/rdata_q_reg[22]
  Impl DFF        Imp:/WORK/ibex_top/u_ibex_core/cs_registers_i/u_mtvec_csr/rdata_q_reg[22]

  Ref  DFF        r:/WORK/ibex_top/u_ibex_core/cs_registers_i/u_mtvec_csr/rdata_q_reg[23]
  Impl DFF        Imp:/WORK/ibex_top/u_ibex_core/cs_registers_i/u_mtvec_csr/rdata_q_reg[23]

  Ref  DFF        r:/WORK/ibex_top/u_ibex_core/cs_registers_i/u_mtvec_csr/rdata_q_reg[24]
  Impl DFF        Imp:/WORK/ibex_top/u_ibex_core/cs_registers_i/u_mtvec_csr/rdata_q_reg[24]

  Ref  DFF        r:/WORK/ibex_top/u_ibex_core/cs_registers_i/u_mtvec_csr/rdata_q_reg[25]
  Impl DFF        Imp:/WORK/ibex_top/u_ibex_core/cs_registers_i/u_mtvec_csr/rdata_q_reg[25]

  Ref  DFF        r:/WORK/ibex_top/u_ibex_core/cs_registers_i/u_mtvec_csr/rdata_q_reg[26]
  Impl DFF        Imp:/WORK/ibex_top/u_ibex_core/cs_registers_i/u_mtvec_csr/rdata_q_reg[26]

  Ref  DFF        r:/WORK/ibex_top/u_ibex_core/cs_registers_i/u_mtvec_csr/rdata_q_reg[27]
  Impl DFF        Imp:/WORK/ibex_top/u_ibex_core/cs_registers_i/u_mtvec_csr/rdata_q_reg[27]

  Ref  DFF        r:/WORK/ibex_top/u_ibex_core/cs_registers_i/u_mtvec_csr/rdata_q_reg[28]
  Impl DFF        Imp:/WORK/ibex_top/u_ibex_core/cs_registers_i/u_mtvec_csr/rdata_q_reg[28]

  Ref  DFF        r:/WORK/ibex_top/u_ibex_core/cs_registers_i/u_mtvec_csr/rdata_q_reg[29]
  Impl DFF        Imp:/WORK/ibex_top/u_ibex_core/cs_registers_i/u_mtvec_csr/rdata_q_reg[29]

  Ref  DFF        r:/WORK/ibex_top/u_ibex_core/cs_registers_i/u_mtvec_csr/rdata_q_reg[30]
  Impl DFF        Imp:/WORK/ibex_top/u_ibex_core/cs_registers_i/u_mtvec_csr/rdata_q_reg[30]

  Ref  DFF        r:/WORK/ibex_top/u_ibex_core/cs_registers_i/u_mtvec_csr/rdata_q_reg[31]
  Impl DFF        Imp:/WORK/ibex_top/u_ibex_core/cs_registers_i/u_mtvec_csr/rdata_q_reg[31]

  Ref  DFF        r:/WORK/ibex_top/u_ibex_core/cs_registers_i/u_mtvec_csr/rdata_q_reg[8]
  Impl DFF        Imp:/WORK/ibex_top/u_ibex_core/cs_registers_i/u_mtvec_csr/rdata_q_reg[8]

  Ref  DFF        r:/WORK/ibex_top/u_ibex_core/cs_registers_i/u_mtvec_csr/rdata_q_reg[9]
  Impl DFF        Imp:/WORK/ibex_top/u_ibex_core/cs_registers_i/u_mtvec_csr/rdata_q_reg[9]

  Ref  DFF        r:/WORK/ibex_top/u_ibex_core/ex_block_i/gen_multdiv_fast.multdiv_i/div_by_zero_q_reg
  Impl DFF        Imp:/WORK/ibex_top/u_ibex_core/ex_block_i/gen_multdiv_fast.multdiv_i/div_by_zero_q_reg

  Ref  DFF        r:/WORK/ibex_top/u_ibex_core/ex_block_i/gen_multdiv_fast.multdiv_i/div_counter_q_reg[0]
  Impl DFF        Imp:/WORK/ibex_top/u_ibex_core/ex_block_i/gen_multdiv_fast.multdiv_i/div_counter_q_reg[0]

  Ref  DFF        r:/WORK/ibex_top/u_ibex_core/ex_block_i/gen_multdiv_fast.multdiv_i/div_counter_q_reg[1]
  Impl DFF        Imp:/WORK/ibex_top/u_ibex_core/ex_block_i/gen_multdiv_fast.multdiv_i/div_counter_q_reg[1]

  Ref  DFF        r:/WORK/ibex_top/u_ibex_core/ex_block_i/gen_multdiv_fast.multdiv_i/div_counter_q_reg[2]
  Impl DFF        Imp:/WORK/ibex_top/u_ibex_core/ex_block_i/gen_multdiv_fast.multdiv_i/div_counter_q_reg[2]

  Ref  DFF        r:/WORK/ibex_top/u_ibex_core/ex_block_i/gen_multdiv_fast.multdiv_i/div_counter_q_reg[3]
  Impl DFF        Imp:/WORK/ibex_top/u_ibex_core/ex_block_i/gen_multdiv_fast.multdiv_i/div_counter_q_reg[3]

  Ref  DFF        r:/WORK/ibex_top/u_ibex_core/ex_block_i/gen_multdiv_fast.multdiv_i/div_counter_q_reg[4]
  Impl DFF        Imp:/WORK/ibex_top/u_ibex_core/ex_block_i/gen_multdiv_fast.multdiv_i/div_counter_q_reg[4]

  Ref  DFF        r:/WORK/ibex_top/u_ibex_core/ex_block_i/gen_multdiv_fast.multdiv_i/md_state_q_reg[0]
  Impl DFF        Imp:/WORK/ibex_top/u_ibex_core/ex_block_i/gen_multdiv_fast.multdiv_i/md_state_q_reg[0]

  Ref  DFF        r:/WORK/ibex_top/u_ibex_core/ex_block_i/gen_multdiv_fast.multdiv_i/md_state_q_reg[1]
  Impl DFF        Imp:/WORK/ibex_top/u_ibex_core/ex_block_i/gen_multdiv_fast.multdiv_i/md_state_q_reg[1]

  Ref  DFF        r:/WORK/ibex_top/u_ibex_core/ex_block_i/gen_multdiv_fast.multdiv_i/md_state_q_reg[2]
  Impl DFF        Imp:/WORK/ibex_top/u_ibex_core/ex_block_i/gen_multdiv_fast.multdiv_i/md_state_q_reg[2]

  Ref  DFF        r:/WORK/ibex_top/u_ibex_core/ex_block_i/gen_multdiv_fast.multdiv_i/mult_state_q_reg[0]
  Impl DFF        Imp:/WORK/ibex_top/u_ibex_core/ex_block_i/gen_multdiv_fast.multdiv_i/mult_state_q_reg[0]

  Ref  DFF        r:/WORK/ibex_top/u_ibex_core/ex_block_i/gen_multdiv_fast.multdiv_i/mult_state_q_reg[1]
  Impl DFF        Imp:/WORK/ibex_top/u_ibex_core/ex_block_i/gen_multdiv_fast.multdiv_i/mult_state_q_reg[1]

  Ref  DFF        r:/WORK/ibex_top/u_ibex_core/ex_block_i/gen_multdiv_fast.multdiv_i/op_numerator_q_reg[0]
  Impl DFF        Imp:/WORK/ibex_top/u_ibex_core/ex_block_i/gen_multdiv_fast.multdiv_i/op_numerator_q_reg[0]

  Ref  DFF        r:/WORK/ibex_top/u_ibex_core/ex_block_i/gen_multdiv_fast.multdiv_i/op_numerator_q_reg[10]
  Impl DFF        Imp:/WORK/ibex_top/u_ibex_core/ex_block_i/gen_multdiv_fast.multdiv_i/op_numerator_q_reg[10]

  Ref  DFF        r:/WORK/ibex_top/u_ibex_core/ex_block_i/gen_multdiv_fast.multdiv_i/op_numerator_q_reg[11]
  Impl DFF        Imp:/WORK/ibex_top/u_ibex_core/ex_block_i/gen_multdiv_fast.multdiv_i/op_numerator_q_reg[11]

  Ref  DFF        r:/WORK/ibex_top/u_ibex_core/ex_block_i/gen_multdiv_fast.multdiv_i/op_numerator_q_reg[12]
  Impl DFF        Imp:/WORK/ibex_top/u_ibex_core/ex_block_i/gen_multdiv_fast.multdiv_i/op_numerator_q_reg[12]

  Ref  DFF        r:/WORK/ibex_top/u_ibex_core/ex_block_i/gen_multdiv_fast.multdiv_i/op_numerator_q_reg[13]
  Impl DFF        Imp:/WORK/ibex_top/u_ibex_core/ex_block_i/gen_multdiv_fast.multdiv_i/op_numerator_q_reg[13]

  Ref  DFF        r:/WORK/ibex_top/u_ibex_core/ex_block_i/gen_multdiv_fast.multdiv_i/op_numerator_q_reg[14]
  Impl DFF        Imp:/WORK/ibex_top/u_ibex_core/ex_block_i/gen_multdiv_fast.multdiv_i/op_numerator_q_reg[14]

  Ref  DFF        r:/WORK/ibex_top/u_ibex_core/ex_block_i/gen_multdiv_fast.multdiv_i/op_numerator_q_reg[15]
  Impl DFF        Imp:/WORK/ibex_top/u_ibex_core/ex_block_i/gen_multdiv_fast.multdiv_i/op_numerator_q_reg[15]

  Ref  DFF        r:/WORK/ibex_top/u_ibex_core/ex_block_i/gen_multdiv_fast.multdiv_i/op_numerator_q_reg[16]
  Impl DFF        Imp:/WORK/ibex_top/u_ibex_core/ex_block_i/gen_multdiv_fast.multdiv_i/op_numerator_q_reg[16]

  Ref  DFF        r:/WORK/ibex_top/u_ibex_core/ex_block_i/gen_multdiv_fast.multdiv_i/op_numerator_q_reg[17]
  Impl DFF        Imp:/WORK/ibex_top/u_ibex_core/ex_block_i/gen_multdiv_fast.multdiv_i/op_numerator_q_reg[17]

  Ref  DFF        r:/WORK/ibex_top/u_ibex_core/ex_block_i/gen_multdiv_fast.multdiv_i/op_numerator_q_reg[18]
  Impl DFF        Imp:/WORK/ibex_top/u_ibex_core/ex_block_i/gen_multdiv_fast.multdiv_i/op_numerator_q_reg[18]

  Ref  DFF        r:/WORK/ibex_top/u_ibex_core/ex_block_i/gen_multdiv_fast.multdiv_i/op_numerator_q_reg[19]
  Impl DFF        Imp:/WORK/ibex_top/u_ibex_core/ex_block_i/gen_multdiv_fast.multdiv_i/op_numerator_q_reg[19]

  Ref  DFF        r:/WORK/ibex_top/u_ibex_core/ex_block_i/gen_multdiv_fast.multdiv_i/op_numerator_q_reg[1]
  Impl DFF        Imp:/WORK/ibex_top/u_ibex_core/ex_block_i/gen_multdiv_fast.multdiv_i/op_numerator_q_reg[1]

  Ref  DFF        r:/WORK/ibex_top/u_ibex_core/ex_block_i/gen_multdiv_fast.multdiv_i/op_numerator_q_reg[20]
  Impl DFF        Imp:/WORK/ibex_top/u_ibex_core/ex_block_i/gen_multdiv_fast.multdiv_i/op_numerator_q_reg[20]

  Ref  DFF        r:/WORK/ibex_top/u_ibex_core/ex_block_i/gen_multdiv_fast.multdiv_i/op_numerator_q_reg[21]
  Impl DFF        Imp:/WORK/ibex_top/u_ibex_core/ex_block_i/gen_multdiv_fast.multdiv_i/op_numerator_q_reg[21]

  Ref  DFF        r:/WORK/ibex_top/u_ibex_core/ex_block_i/gen_multdiv_fast.multdiv_i/op_numerator_q_reg[22]
  Impl DFF        Imp:/WORK/ibex_top/u_ibex_core/ex_block_i/gen_multdiv_fast.multdiv_i/op_numerator_q_reg[22]

  Ref  DFF        r:/WORK/ibex_top/u_ibex_core/ex_block_i/gen_multdiv_fast.multdiv_i/op_numerator_q_reg[23]
  Impl DFF        Imp:/WORK/ibex_top/u_ibex_core/ex_block_i/gen_multdiv_fast.multdiv_i/op_numerator_q_reg[23]

  Ref  DFF        r:/WORK/ibex_top/u_ibex_core/ex_block_i/gen_multdiv_fast.multdiv_i/op_numerator_q_reg[24]
  Impl DFF        Imp:/WORK/ibex_top/u_ibex_core/ex_block_i/gen_multdiv_fast.multdiv_i/op_numerator_q_reg[24]

  Ref  DFF        r:/WORK/ibex_top/u_ibex_core/ex_block_i/gen_multdiv_fast.multdiv_i/op_numerator_q_reg[25]
  Impl DFF        Imp:/WORK/ibex_top/u_ibex_core/ex_block_i/gen_multdiv_fast.multdiv_i/op_numerator_q_reg[25]

  Ref  DFF        r:/WORK/ibex_top/u_ibex_core/ex_block_i/gen_multdiv_fast.multdiv_i/op_numerator_q_reg[26]
  Impl DFF        Imp:/WORK/ibex_top/u_ibex_core/ex_block_i/gen_multdiv_fast.multdiv_i/op_numerator_q_reg[26]

  Ref  DFF        r:/WORK/ibex_top/u_ibex_core/ex_block_i/gen_multdiv_fast.multdiv_i/op_numerator_q_reg[27]
  Impl DFF        Imp:/WORK/ibex_top/u_ibex_core/ex_block_i/gen_multdiv_fast.multdiv_i/op_numerator_q_reg[27]

  Ref  DFF        r:/WORK/ibex_top/u_ibex_core/ex_block_i/gen_multdiv_fast.multdiv_i/op_numerator_q_reg[28]
  Impl DFF        Imp:/WORK/ibex_top/u_ibex_core/ex_block_i/gen_multdiv_fast.multdiv_i/op_numerator_q_reg[28]

  Ref  DFF        r:/WORK/ibex_top/u_ibex_core/ex_block_i/gen_multdiv_fast.multdiv_i/op_numerator_q_reg[29]
  Impl DFF        Imp:/WORK/ibex_top/u_ibex_core/ex_block_i/gen_multdiv_fast.multdiv_i/op_numerator_q_reg[29]

  Ref  DFF        r:/WORK/ibex_top/u_ibex_core/ex_block_i/gen_multdiv_fast.multdiv_i/op_numerator_q_reg[2]
  Impl DFF        Imp:/WORK/ibex_top/u_ibex_core/ex_block_i/gen_multdiv_fast.multdiv_i/op_numerator_q_reg[2]

  Ref  DFF        r:/WORK/ibex_top/u_ibex_core/ex_block_i/gen_multdiv_fast.multdiv_i/op_numerator_q_reg[30]
  Impl DFF        Imp:/WORK/ibex_top/u_ibex_core/ex_block_i/gen_multdiv_fast.multdiv_i/op_numerator_q_reg[30]

  Ref  DFF        r:/WORK/ibex_top/u_ibex_core/ex_block_i/gen_multdiv_fast.multdiv_i/op_numerator_q_reg[31]
  Impl DFF        Imp:/WORK/ibex_top/u_ibex_core/ex_block_i/gen_multdiv_fast.multdiv_i/op_numerator_q_reg[31]

  Ref  DFF        r:/WORK/ibex_top/u_ibex_core/ex_block_i/gen_multdiv_fast.multdiv_i/op_numerator_q_reg[3]
  Impl DFF        Imp:/WORK/ibex_top/u_ibex_core/ex_block_i/gen_multdiv_fast.multdiv_i/op_numerator_q_reg[3]

  Ref  DFF        r:/WORK/ibex_top/u_ibex_core/ex_block_i/gen_multdiv_fast.multdiv_i/op_numerator_q_reg[4]
  Impl DFF        Imp:/WORK/ibex_top/u_ibex_core/ex_block_i/gen_multdiv_fast.multdiv_i/op_numerator_q_reg[4]

  Ref  DFF        r:/WORK/ibex_top/u_ibex_core/ex_block_i/gen_multdiv_fast.multdiv_i/op_numerator_q_reg[5]
  Impl DFF        Imp:/WORK/ibex_top/u_ibex_core/ex_block_i/gen_multdiv_fast.multdiv_i/op_numerator_q_reg[5]

  Ref  DFF        r:/WORK/ibex_top/u_ibex_core/ex_block_i/gen_multdiv_fast.multdiv_i/op_numerator_q_reg[6]
  Impl DFF        Imp:/WORK/ibex_top/u_ibex_core/ex_block_i/gen_multdiv_fast.multdiv_i/op_numerator_q_reg[6]

  Ref  DFF        r:/WORK/ibex_top/u_ibex_core/ex_block_i/gen_multdiv_fast.multdiv_i/op_numerator_q_reg[7]
  Impl DFF        Imp:/WORK/ibex_top/u_ibex_core/ex_block_i/gen_multdiv_fast.multdiv_i/op_numerator_q_reg[7]

  Ref  DFF        r:/WORK/ibex_top/u_ibex_core/ex_block_i/gen_multdiv_fast.multdiv_i/op_numerator_q_reg[8]
  Impl DFF        Imp:/WORK/ibex_top/u_ibex_core/ex_block_i/gen_multdiv_fast.multdiv_i/op_numerator_q_reg[8]

  Ref  DFF        r:/WORK/ibex_top/u_ibex_core/ex_block_i/gen_multdiv_fast.multdiv_i/op_numerator_q_reg[9]
  Impl DFF        Imp:/WORK/ibex_top/u_ibex_core/ex_block_i/gen_multdiv_fast.multdiv_i/op_numerator_q_reg[9]

  Ref  DFF        r:/WORK/ibex_top/u_ibex_core/ex_block_i/gen_multdiv_fast.multdiv_i/op_quotient_q_reg[0]
  Impl DFF        Imp:/WORK/ibex_top/u_ibex_core/ex_block_i/gen_multdiv_fast.multdiv_i/op_quotient_q_reg[0]

  Ref  DFF        r:/WORK/ibex_top/u_ibex_core/ex_block_i/gen_multdiv_fast.multdiv_i/op_quotient_q_reg[10]
  Impl DFF        Imp:/WORK/ibex_top/u_ibex_core/ex_block_i/gen_multdiv_fast.multdiv_i/op_quotient_q_reg[10]

  Ref  DFF        r:/WORK/ibex_top/u_ibex_core/ex_block_i/gen_multdiv_fast.multdiv_i/op_quotient_q_reg[11]
  Impl DFF        Imp:/WORK/ibex_top/u_ibex_core/ex_block_i/gen_multdiv_fast.multdiv_i/op_quotient_q_reg[11]

  Ref  DFF        r:/WORK/ibex_top/u_ibex_core/ex_block_i/gen_multdiv_fast.multdiv_i/op_quotient_q_reg[12]
  Impl DFF        Imp:/WORK/ibex_top/u_ibex_core/ex_block_i/gen_multdiv_fast.multdiv_i/op_quotient_q_reg[12]

  Ref  DFF        r:/WORK/ibex_top/u_ibex_core/ex_block_i/gen_multdiv_fast.multdiv_i/op_quotient_q_reg[13]
  Impl DFF        Imp:/WORK/ibex_top/u_ibex_core/ex_block_i/gen_multdiv_fast.multdiv_i/op_quotient_q_reg[13]

  Ref  DFF        r:/WORK/ibex_top/u_ibex_core/ex_block_i/gen_multdiv_fast.multdiv_i/op_quotient_q_reg[14]
  Impl DFF        Imp:/WORK/ibex_top/u_ibex_core/ex_block_i/gen_multdiv_fast.multdiv_i/op_quotient_q_reg[14]

  Ref  DFF        r:/WORK/ibex_top/u_ibex_core/ex_block_i/gen_multdiv_fast.multdiv_i/op_quotient_q_reg[15]
  Impl DFF        Imp:/WORK/ibex_top/u_ibex_core/ex_block_i/gen_multdiv_fast.multdiv_i/op_quotient_q_reg[15]

  Ref  DFF        r:/WORK/ibex_top/u_ibex_core/ex_block_i/gen_multdiv_fast.multdiv_i/op_quotient_q_reg[16]
  Impl DFF        Imp:/WORK/ibex_top/u_ibex_core/ex_block_i/gen_multdiv_fast.multdiv_i/op_quotient_q_reg[16]

  Ref  DFF        r:/WORK/ibex_top/u_ibex_core/ex_block_i/gen_multdiv_fast.multdiv_i/op_quotient_q_reg[17]
  Impl DFF        Imp:/WORK/ibex_top/u_ibex_core/ex_block_i/gen_multdiv_fast.multdiv_i/op_quotient_q_reg[17]

  Ref  DFF        r:/WORK/ibex_top/u_ibex_core/ex_block_i/gen_multdiv_fast.multdiv_i/op_quotient_q_reg[18]
  Impl DFF        Imp:/WORK/ibex_top/u_ibex_core/ex_block_i/gen_multdiv_fast.multdiv_i/op_quotient_q_reg[18]

  Ref  DFF        r:/WORK/ibex_top/u_ibex_core/ex_block_i/gen_multdiv_fast.multdiv_i/op_quotient_q_reg[19]
  Impl DFF        Imp:/WORK/ibex_top/u_ibex_core/ex_block_i/gen_multdiv_fast.multdiv_i/op_quotient_q_reg[19]

  Ref  DFF        r:/WORK/ibex_top/u_ibex_core/ex_block_i/gen_multdiv_fast.multdiv_i/op_quotient_q_reg[1]
  Impl DFF        Imp:/WORK/ibex_top/u_ibex_core/ex_block_i/gen_multdiv_fast.multdiv_i/op_quotient_q_reg[1]

  Ref  DFF        r:/WORK/ibex_top/u_ibex_core/ex_block_i/gen_multdiv_fast.multdiv_i/op_quotient_q_reg[20]
  Impl DFF        Imp:/WORK/ibex_top/u_ibex_core/ex_block_i/gen_multdiv_fast.multdiv_i/op_quotient_q_reg[20]

  Ref  DFF        r:/WORK/ibex_top/u_ibex_core/ex_block_i/gen_multdiv_fast.multdiv_i/op_quotient_q_reg[21]
  Impl DFF        Imp:/WORK/ibex_top/u_ibex_core/ex_block_i/gen_multdiv_fast.multdiv_i/op_quotient_q_reg[21]

  Ref  DFF        r:/WORK/ibex_top/u_ibex_core/ex_block_i/gen_multdiv_fast.multdiv_i/op_quotient_q_reg[22]
  Impl DFF        Imp:/WORK/ibex_top/u_ibex_core/ex_block_i/gen_multdiv_fast.multdiv_i/op_quotient_q_reg[22]

  Ref  DFF        r:/WORK/ibex_top/u_ibex_core/ex_block_i/gen_multdiv_fast.multdiv_i/op_quotient_q_reg[23]
  Impl DFF        Imp:/WORK/ibex_top/u_ibex_core/ex_block_i/gen_multdiv_fast.multdiv_i/op_quotient_q_reg[23]

  Ref  DFF        r:/WORK/ibex_top/u_ibex_core/ex_block_i/gen_multdiv_fast.multdiv_i/op_quotient_q_reg[24]
  Impl DFF        Imp:/WORK/ibex_top/u_ibex_core/ex_block_i/gen_multdiv_fast.multdiv_i/op_quotient_q_reg[24]

  Ref  DFF        r:/WORK/ibex_top/u_ibex_core/ex_block_i/gen_multdiv_fast.multdiv_i/op_quotient_q_reg[25]
  Impl DFF        Imp:/WORK/ibex_top/u_ibex_core/ex_block_i/gen_multdiv_fast.multdiv_i/op_quotient_q_reg[25]

  Ref  DFF        r:/WORK/ibex_top/u_ibex_core/ex_block_i/gen_multdiv_fast.multdiv_i/op_quotient_q_reg[26]
  Impl DFF        Imp:/WORK/ibex_top/u_ibex_core/ex_block_i/gen_multdiv_fast.multdiv_i/op_quotient_q_reg[26]

  Ref  DFF        r:/WORK/ibex_top/u_ibex_core/ex_block_i/gen_multdiv_fast.multdiv_i/op_quotient_q_reg[27]
  Impl DFF        Imp:/WORK/ibex_top/u_ibex_core/ex_block_i/gen_multdiv_fast.multdiv_i/op_quotient_q_reg[27]

  Ref  DFF        r:/WORK/ibex_top/u_ibex_core/ex_block_i/gen_multdiv_fast.multdiv_i/op_quotient_q_reg[28]
  Impl DFF        Imp:/WORK/ibex_top/u_ibex_core/ex_block_i/gen_multdiv_fast.multdiv_i/op_quotient_q_reg[28]

  Ref  DFF        r:/WORK/ibex_top/u_ibex_core/ex_block_i/gen_multdiv_fast.multdiv_i/op_quotient_q_reg[29]
  Impl DFF        Imp:/WORK/ibex_top/u_ibex_core/ex_block_i/gen_multdiv_fast.multdiv_i/op_quotient_q_reg[29]

  Ref  DFF        r:/WORK/ibex_top/u_ibex_core/ex_block_i/gen_multdiv_fast.multdiv_i/op_quotient_q_reg[2]
  Impl DFF        Imp:/WORK/ibex_top/u_ibex_core/ex_block_i/gen_multdiv_fast.multdiv_i/op_quotient_q_reg[2]

  Ref  DFF        r:/WORK/ibex_top/u_ibex_core/ex_block_i/gen_multdiv_fast.multdiv_i/op_quotient_q_reg[30]
  Impl DFF        Imp:/WORK/ibex_top/u_ibex_core/ex_block_i/gen_multdiv_fast.multdiv_i/op_quotient_q_reg[30]

  Ref  DFF        r:/WORK/ibex_top/u_ibex_core/ex_block_i/gen_multdiv_fast.multdiv_i/op_quotient_q_reg[31]
  Impl DFF        Imp:/WORK/ibex_top/u_ibex_core/ex_block_i/gen_multdiv_fast.multdiv_i/op_quotient_q_reg[31]

  Ref  DFF        r:/WORK/ibex_top/u_ibex_core/ex_block_i/gen_multdiv_fast.multdiv_i/op_quotient_q_reg[3]
  Impl DFF        Imp:/WORK/ibex_top/u_ibex_core/ex_block_i/gen_multdiv_fast.multdiv_i/op_quotient_q_reg[3]

  Ref  DFF        r:/WORK/ibex_top/u_ibex_core/ex_block_i/gen_multdiv_fast.multdiv_i/op_quotient_q_reg[4]
  Impl DFF        Imp:/WORK/ibex_top/u_ibex_core/ex_block_i/gen_multdiv_fast.multdiv_i/op_quotient_q_reg[4]

  Ref  DFF        r:/WORK/ibex_top/u_ibex_core/ex_block_i/gen_multdiv_fast.multdiv_i/op_quotient_q_reg[5]
  Impl DFF        Imp:/WORK/ibex_top/u_ibex_core/ex_block_i/gen_multdiv_fast.multdiv_i/op_quotient_q_reg[5]

  Ref  DFF        r:/WORK/ibex_top/u_ibex_core/ex_block_i/gen_multdiv_fast.multdiv_i/op_quotient_q_reg[6]
  Impl DFF        Imp:/WORK/ibex_top/u_ibex_core/ex_block_i/gen_multdiv_fast.multdiv_i/op_quotient_q_reg[6]

  Ref  DFF        r:/WORK/ibex_top/u_ibex_core/ex_block_i/gen_multdiv_fast.multdiv_i/op_quotient_q_reg[7]
  Impl DFF        Imp:/WORK/ibex_top/u_ibex_core/ex_block_i/gen_multdiv_fast.multdiv_i/op_quotient_q_reg[7]

  Ref  DFF        r:/WORK/ibex_top/u_ibex_core/ex_block_i/gen_multdiv_fast.multdiv_i/op_quotient_q_reg[8]
  Impl DFF        Imp:/WORK/ibex_top/u_ibex_core/ex_block_i/gen_multdiv_fast.multdiv_i/op_quotient_q_reg[8]

  Ref  DFF        r:/WORK/ibex_top/u_ibex_core/ex_block_i/gen_multdiv_fast.multdiv_i/op_quotient_q_reg[9]
  Impl DFF        Imp:/WORK/ibex_top/u_ibex_core/ex_block_i/gen_multdiv_fast.multdiv_i/op_quotient_q_reg[9]

  Ref  DFF        r:/WORK/ibex_top/u_ibex_core/id_stage_i/branch_jump_set_done_q_reg
  Impl DFF        Imp:/WORK/ibex_top/u_ibex_core/id_stage_i/branch_jump_set_done_q_reg

  Ref  DFF        r:/WORK/ibex_top/u_ibex_core/id_stage_i/controller_i/ctrl_fsm_cs_reg[0]
  Impl DFF        Imp:/WORK/ibex_top/u_ibex_core/id_stage_i/controller_i/ctrl_fsm_cs_reg[0]

  Ref  DFF        r:/WORK/ibex_top/u_ibex_core/id_stage_i/controller_i/ctrl_fsm_cs_reg[1]
  Impl DFF        Imp:/WORK/ibex_top/u_ibex_core/id_stage_i/controller_i/ctrl_fsm_cs_reg[1]

  Ref  DFF        r:/WORK/ibex_top/u_ibex_core/id_stage_i/controller_i/ctrl_fsm_cs_reg[2]
  Impl DFF        Imp:/WORK/ibex_top/u_ibex_core/id_stage_i/controller_i/ctrl_fsm_cs_reg[2]

  Ref  DFF        r:/WORK/ibex_top/u_ibex_core/id_stage_i/controller_i/ctrl_fsm_cs_reg[3]
  Impl DFF        Imp:/WORK/ibex_top/u_ibex_core/id_stage_i/controller_i/ctrl_fsm_cs_reg[3]

  Ref  DFF        r:/WORK/ibex_top/u_ibex_core/id_stage_i/controller_i/debug_cause_q_reg[0]
  Impl DFF        Imp:/WORK/ibex_top/u_ibex_core/id_stage_i/controller_i/debug_cause_q_reg[0]

  Ref  DFF        r:/WORK/ibex_top/u_ibex_core/id_stage_i/controller_i/debug_cause_q_reg[1]
  Impl DFF        Imp:/WORK/ibex_top/u_ibex_core/id_stage_i/controller_i/debug_cause_q_reg[1]

  Ref  DFF        r:/WORK/ibex_top/u_ibex_core/id_stage_i/controller_i/debug_cause_q_reg[2]
  Impl DFF        Imp:/WORK/ibex_top/u_ibex_core/id_stage_i/controller_i/debug_cause_q_reg[2]

  Ref  DFF        r:/WORK/ibex_top/u_ibex_core/id_stage_i/controller_i/debug_mode_q_reg
  Impl DFF        Imp:/WORK/ibex_top/u_ibex_core/id_stage_i/controller_i/debug_mode_q_reg

  Ref  DFF        r:/WORK/ibex_top/u_ibex_core/id_stage_i/controller_i/do_single_step_q_reg
  Impl DFF        Imp:/WORK/ibex_top/u_ibex_core/id_stage_i/controller_i/do_single_step_q_reg

  Ref  DFF        r:/WORK/ibex_top/u_ibex_core/id_stage_i/controller_i/enter_debug_mode_prio_q_reg
  Impl DFF        Imp:/WORK/ibex_top/u_ibex_core/id_stage_i/controller_i/enter_debug_mode_prio_q_reg

  Ref  DFF        r:/WORK/ibex_top/u_ibex_core/id_stage_i/controller_i/exc_req_q_reg
  Impl DFF        Imp:/WORK/ibex_top/u_ibex_core/id_stage_i/controller_i/exc_req_q_reg

  Ref  DFF        r:/WORK/ibex_top/u_ibex_core/id_stage_i/controller_i/illegal_insn_q_reg
  Impl DFF        Imp:/WORK/ibex_top/u_ibex_core/id_stage_i/controller_i/illegal_insn_q_reg

  Ref  DFF        r:/WORK/ibex_top/u_ibex_core/id_stage_i/controller_i/load_err_q_reg
  Impl DFF        Imp:/WORK/ibex_top/u_ibex_core/id_stage_i/controller_i/load_err_q_reg

  Ref  DFF        r:/WORK/ibex_top/u_ibex_core/id_stage_i/controller_i/nmi_mode_q_reg
  Impl DFF        Imp:/WORK/ibex_top/u_ibex_core/id_stage_i/controller_i/nmi_mode_q_reg

  Ref  DFF        r:/WORK/ibex_top/u_ibex_core/id_stage_i/controller_i/store_err_q_reg
  Impl DFF        Imp:/WORK/ibex_top/u_ibex_core/id_stage_i/controller_i/store_err_q_reg

  Ref  DFF        r:/WORK/ibex_top/u_ibex_core/id_stage_i/g_branch_set_flop.branch_set_raw_q_reg
  Impl DFF        Imp:/WORK/ibex_top/u_ibex_core/id_stage_i/g_branch_set_flop.branch_set_raw_q_reg

  Ref  DFF        r:/WORK/ibex_top/u_ibex_core/id_stage_i/id_fsm_q_reg
  Impl DFF        Imp:/WORK/ibex_top/u_ibex_core/id_stage_i/id_fsm_q_reg

  Ref  DFF        r:/WORK/ibex_top/u_ibex_core/id_stage_i/imd_val_q_reg[0][0]
  Impl DFF        Imp:/WORK/ibex_top/u_ibex_core/id_stage_i/imd_val_q_reg[0][0]

  Ref  DFF        r:/WORK/ibex_top/u_ibex_core/id_stage_i/imd_val_q_reg[0][10]
  Impl DFF        Imp:/WORK/ibex_top/u_ibex_core/id_stage_i/imd_val_q_reg[0][10]

  Ref  DFF        r:/WORK/ibex_top/u_ibex_core/id_stage_i/imd_val_q_reg[0][11]
  Impl DFF        Imp:/WORK/ibex_top/u_ibex_core/id_stage_i/imd_val_q_reg[0][11]

  Ref  DFF        r:/WORK/ibex_top/u_ibex_core/id_stage_i/imd_val_q_reg[0][12]
  Impl DFF        Imp:/WORK/ibex_top/u_ibex_core/id_stage_i/imd_val_q_reg[0][12]

  Ref  DFF        r:/WORK/ibex_top/u_ibex_core/id_stage_i/imd_val_q_reg[0][13]
  Impl DFF        Imp:/WORK/ibex_top/u_ibex_core/id_stage_i/imd_val_q_reg[0][13]

  Ref  DFF        r:/WORK/ibex_top/u_ibex_core/id_stage_i/imd_val_q_reg[0][14]
  Impl DFF        Imp:/WORK/ibex_top/u_ibex_core/id_stage_i/imd_val_q_reg[0][14]

  Ref  DFF        r:/WORK/ibex_top/u_ibex_core/id_stage_i/imd_val_q_reg[0][15]
  Impl DFF        Imp:/WORK/ibex_top/u_ibex_core/id_stage_i/imd_val_q_reg[0][15]

  Ref  DFF        r:/WORK/ibex_top/u_ibex_core/id_stage_i/imd_val_q_reg[0][16]
  Impl DFF        Imp:/WORK/ibex_top/u_ibex_core/id_stage_i/imd_val_q_reg[0][16]

  Ref  DFF        r:/WORK/ibex_top/u_ibex_core/id_stage_i/imd_val_q_reg[0][17]
  Impl DFF        Imp:/WORK/ibex_top/u_ibex_core/id_stage_i/imd_val_q_reg[0][17]

  Ref  DFF        r:/WORK/ibex_top/u_ibex_core/id_stage_i/imd_val_q_reg[0][18]
  Impl DFF        Imp:/WORK/ibex_top/u_ibex_core/id_stage_i/imd_val_q_reg[0][18]

  Ref  DFF        r:/WORK/ibex_top/u_ibex_core/id_stage_i/imd_val_q_reg[0][19]
  Impl DFF        Imp:/WORK/ibex_top/u_ibex_core/id_stage_i/imd_val_q_reg[0][19]

  Ref  DFF        r:/WORK/ibex_top/u_ibex_core/id_stage_i/imd_val_q_reg[0][1]
  Impl DFF        Imp:/WORK/ibex_top/u_ibex_core/id_stage_i/imd_val_q_reg[0][1]

  Ref  DFF        r:/WORK/ibex_top/u_ibex_core/id_stage_i/imd_val_q_reg[0][20]
  Impl DFF        Imp:/WORK/ibex_top/u_ibex_core/id_stage_i/imd_val_q_reg[0][20]

  Ref  DFF        r:/WORK/ibex_top/u_ibex_core/id_stage_i/imd_val_q_reg[0][21]
  Impl DFF        Imp:/WORK/ibex_top/u_ibex_core/id_stage_i/imd_val_q_reg[0][21]

  Ref  DFF        r:/WORK/ibex_top/u_ibex_core/id_stage_i/imd_val_q_reg[0][22]
  Impl DFF        Imp:/WORK/ibex_top/u_ibex_core/id_stage_i/imd_val_q_reg[0][22]

  Ref  DFF        r:/WORK/ibex_top/u_ibex_core/id_stage_i/imd_val_q_reg[0][23]
  Impl DFF        Imp:/WORK/ibex_top/u_ibex_core/id_stage_i/imd_val_q_reg[0][23]

  Ref  DFF        r:/WORK/ibex_top/u_ibex_core/id_stage_i/imd_val_q_reg[0][24]
  Impl DFF        Imp:/WORK/ibex_top/u_ibex_core/id_stage_i/imd_val_q_reg[0][24]

  Ref  DFF        r:/WORK/ibex_top/u_ibex_core/id_stage_i/imd_val_q_reg[0][25]
  Impl DFF        Imp:/WORK/ibex_top/u_ibex_core/id_stage_i/imd_val_q_reg[0][25]

  Ref  DFF        r:/WORK/ibex_top/u_ibex_core/id_stage_i/imd_val_q_reg[0][26]
  Impl DFF        Imp:/WORK/ibex_top/u_ibex_core/id_stage_i/imd_val_q_reg[0][26]

  Ref  DFF        r:/WORK/ibex_top/u_ibex_core/id_stage_i/imd_val_q_reg[0][27]
  Impl DFF        Imp:/WORK/ibex_top/u_ibex_core/id_stage_i/imd_val_q_reg[0][27]

  Ref  DFF        r:/WORK/ibex_top/u_ibex_core/id_stage_i/imd_val_q_reg[0][28]
  Impl DFF        Imp:/WORK/ibex_top/u_ibex_core/id_stage_i/imd_val_q_reg[0][28]

  Ref  DFF        r:/WORK/ibex_top/u_ibex_core/id_stage_i/imd_val_q_reg[0][29]
  Impl DFF        Imp:/WORK/ibex_top/u_ibex_core/id_stage_i/imd_val_q_reg[0][29]

  Ref  DFF        r:/WORK/ibex_top/u_ibex_core/id_stage_i/imd_val_q_reg[0][2]
  Impl DFF        Imp:/WORK/ibex_top/u_ibex_core/id_stage_i/imd_val_q_reg[0][2]

  Ref  DFF        r:/WORK/ibex_top/u_ibex_core/id_stage_i/imd_val_q_reg[0][30]
  Impl DFF        Imp:/WORK/ibex_top/u_ibex_core/id_stage_i/imd_val_q_reg[0][30]

  Ref  DFF        r:/WORK/ibex_top/u_ibex_core/id_stage_i/imd_val_q_reg[0][31]
  Impl DFF        Imp:/WORK/ibex_top/u_ibex_core/id_stage_i/imd_val_q_reg[0][31]

  Ref  DFF        r:/WORK/ibex_top/u_ibex_core/id_stage_i/imd_val_q_reg[0][32]
  Impl DFF        Imp:/WORK/ibex_top/u_ibex_core/id_stage_i/imd_val_q_reg[0][32]

  Ref  DFF        r:/WORK/ibex_top/u_ibex_core/id_stage_i/imd_val_q_reg[0][33]
  Impl DFF        Imp:/WORK/ibex_top/u_ibex_core/id_stage_i/imd_val_q_reg[0][33]

  Ref  DFF        r:/WORK/ibex_top/u_ibex_core/id_stage_i/imd_val_q_reg[0][3]
  Impl DFF        Imp:/WORK/ibex_top/u_ibex_core/id_stage_i/imd_val_q_reg[0][3]

  Ref  DFF        r:/WORK/ibex_top/u_ibex_core/id_stage_i/imd_val_q_reg[0][4]
  Impl DFF        Imp:/WORK/ibex_top/u_ibex_core/id_stage_i/imd_val_q_reg[0][4]

  Ref  DFF        r:/WORK/ibex_top/u_ibex_core/id_stage_i/imd_val_q_reg[0][5]
  Impl DFF        Imp:/WORK/ibex_top/u_ibex_core/id_stage_i/imd_val_q_reg[0][5]

  Ref  DFF        r:/WORK/ibex_top/u_ibex_core/id_stage_i/imd_val_q_reg[0][6]
  Impl DFF        Imp:/WORK/ibex_top/u_ibex_core/id_stage_i/imd_val_q_reg[0][6]

  Ref  DFF        r:/WORK/ibex_top/u_ibex_core/id_stage_i/imd_val_q_reg[0][7]
  Impl DFF        Imp:/WORK/ibex_top/u_ibex_core/id_stage_i/imd_val_q_reg[0][7]

  Ref  DFF        r:/WORK/ibex_top/u_ibex_core/id_stage_i/imd_val_q_reg[0][8]
  Impl DFF        Imp:/WORK/ibex_top/u_ibex_core/id_stage_i/imd_val_q_reg[0][8]

  Ref  DFF        r:/WORK/ibex_top/u_ibex_core/id_stage_i/imd_val_q_reg[0][9]
  Impl DFF        Imp:/WORK/ibex_top/u_ibex_core/id_stage_i/imd_val_q_reg[0][9]

  Ref  DFF        r:/WORK/ibex_top/u_ibex_core/id_stage_i/imd_val_q_reg[1][0]
  Impl DFF        Imp:/WORK/ibex_top/u_ibex_core/id_stage_i/imd_val_q_reg[1][0]

  Ref  DFF        r:/WORK/ibex_top/u_ibex_core/id_stage_i/imd_val_q_reg[1][10]
  Impl DFF        Imp:/WORK/ibex_top/u_ibex_core/id_stage_i/imd_val_q_reg[1][10]

  Ref  DFF        r:/WORK/ibex_top/u_ibex_core/id_stage_i/imd_val_q_reg[1][11]
  Impl DFF        Imp:/WORK/ibex_top/u_ibex_core/id_stage_i/imd_val_q_reg[1][11]

  Ref  DFF        r:/WORK/ibex_top/u_ibex_core/id_stage_i/imd_val_q_reg[1][12]
  Impl DFF        Imp:/WORK/ibex_top/u_ibex_core/id_stage_i/imd_val_q_reg[1][12]

  Ref  DFF        r:/WORK/ibex_top/u_ibex_core/id_stage_i/imd_val_q_reg[1][13]
  Impl DFF        Imp:/WORK/ibex_top/u_ibex_core/id_stage_i/imd_val_q_reg[1][13]

  Ref  DFF        r:/WORK/ibex_top/u_ibex_core/id_stage_i/imd_val_q_reg[1][14]
  Impl DFF        Imp:/WORK/ibex_top/u_ibex_core/id_stage_i/imd_val_q_reg[1][14]

  Ref  DFF        r:/WORK/ibex_top/u_ibex_core/id_stage_i/imd_val_q_reg[1][15]
  Impl DFF        Imp:/WORK/ibex_top/u_ibex_core/id_stage_i/imd_val_q_reg[1][15]

  Ref  DFF        r:/WORK/ibex_top/u_ibex_core/id_stage_i/imd_val_q_reg[1][16]
  Impl DFF        Imp:/WORK/ibex_top/u_ibex_core/id_stage_i/imd_val_q_reg[1][16]

  Ref  DFF        r:/WORK/ibex_top/u_ibex_core/id_stage_i/imd_val_q_reg[1][17]
  Impl DFF        Imp:/WORK/ibex_top/u_ibex_core/id_stage_i/imd_val_q_reg[1][17]

  Ref  DFF        r:/WORK/ibex_top/u_ibex_core/id_stage_i/imd_val_q_reg[1][18]
  Impl DFF        Imp:/WORK/ibex_top/u_ibex_core/id_stage_i/imd_val_q_reg[1][18]

  Ref  DFF        r:/WORK/ibex_top/u_ibex_core/id_stage_i/imd_val_q_reg[1][19]
  Impl DFF        Imp:/WORK/ibex_top/u_ibex_core/id_stage_i/imd_val_q_reg[1][19]

  Ref  DFF        r:/WORK/ibex_top/u_ibex_core/id_stage_i/imd_val_q_reg[1][1]
  Impl DFF        Imp:/WORK/ibex_top/u_ibex_core/id_stage_i/imd_val_q_reg[1][1]

  Ref  DFF        r:/WORK/ibex_top/u_ibex_core/id_stage_i/imd_val_q_reg[1][20]
  Impl DFF        Imp:/WORK/ibex_top/u_ibex_core/id_stage_i/imd_val_q_reg[1][20]

  Ref  DFF        r:/WORK/ibex_top/u_ibex_core/id_stage_i/imd_val_q_reg[1][21]
  Impl DFF        Imp:/WORK/ibex_top/u_ibex_core/id_stage_i/imd_val_q_reg[1][21]

  Ref  DFF        r:/WORK/ibex_top/u_ibex_core/id_stage_i/imd_val_q_reg[1][22]
  Impl DFF        Imp:/WORK/ibex_top/u_ibex_core/id_stage_i/imd_val_q_reg[1][22]

  Ref  DFF        r:/WORK/ibex_top/u_ibex_core/id_stage_i/imd_val_q_reg[1][23]
  Impl DFF        Imp:/WORK/ibex_top/u_ibex_core/id_stage_i/imd_val_q_reg[1][23]

  Ref  DFF        r:/WORK/ibex_top/u_ibex_core/id_stage_i/imd_val_q_reg[1][24]
  Impl DFF        Imp:/WORK/ibex_top/u_ibex_core/id_stage_i/imd_val_q_reg[1][24]

  Ref  DFF        r:/WORK/ibex_top/u_ibex_core/id_stage_i/imd_val_q_reg[1][25]
  Impl DFF        Imp:/WORK/ibex_top/u_ibex_core/id_stage_i/imd_val_q_reg[1][25]

  Ref  DFF        r:/WORK/ibex_top/u_ibex_core/id_stage_i/imd_val_q_reg[1][26]
  Impl DFF        Imp:/WORK/ibex_top/u_ibex_core/id_stage_i/imd_val_q_reg[1][26]

  Ref  DFF        r:/WORK/ibex_top/u_ibex_core/id_stage_i/imd_val_q_reg[1][27]
  Impl DFF        Imp:/WORK/ibex_top/u_ibex_core/id_stage_i/imd_val_q_reg[1][27]

  Ref  DFF        r:/WORK/ibex_top/u_ibex_core/id_stage_i/imd_val_q_reg[1][28]
  Impl DFF        Imp:/WORK/ibex_top/u_ibex_core/id_stage_i/imd_val_q_reg[1][28]

  Ref  DFF        r:/WORK/ibex_top/u_ibex_core/id_stage_i/imd_val_q_reg[1][29]
  Impl DFF        Imp:/WORK/ibex_top/u_ibex_core/id_stage_i/imd_val_q_reg[1][29]

  Ref  DFF        r:/WORK/ibex_top/u_ibex_core/id_stage_i/imd_val_q_reg[1][2]
  Impl DFF        Imp:/WORK/ibex_top/u_ibex_core/id_stage_i/imd_val_q_reg[1][2]

  Ref  DFF        r:/WORK/ibex_top/u_ibex_core/id_stage_i/imd_val_q_reg[1][30]
  Impl DFF        Imp:/WORK/ibex_top/u_ibex_core/id_stage_i/imd_val_q_reg[1][30]

  Ref  DFF        r:/WORK/ibex_top/u_ibex_core/id_stage_i/imd_val_q_reg[1][31]
  Impl DFF        Imp:/WORK/ibex_top/u_ibex_core/id_stage_i/imd_val_q_reg[1][31]

  Ref  DFF        r:/WORK/ibex_top/u_ibex_core/id_stage_i/imd_val_q_reg[1][3]
  Impl DFF        Imp:/WORK/ibex_top/u_ibex_core/id_stage_i/imd_val_q_reg[1][3]

  Ref  DFF        r:/WORK/ibex_top/u_ibex_core/id_stage_i/imd_val_q_reg[1][4]
  Impl DFF        Imp:/WORK/ibex_top/u_ibex_core/id_stage_i/imd_val_q_reg[1][4]

  Ref  DFF        r:/WORK/ibex_top/u_ibex_core/id_stage_i/imd_val_q_reg[1][5]
  Impl DFF        Imp:/WORK/ibex_top/u_ibex_core/id_stage_i/imd_val_q_reg[1][5]

  Ref  DFF        r:/WORK/ibex_top/u_ibex_core/id_stage_i/imd_val_q_reg[1][6]
  Impl DFF        Imp:/WORK/ibex_top/u_ibex_core/id_stage_i/imd_val_q_reg[1][6]

  Ref  DFF        r:/WORK/ibex_top/u_ibex_core/id_stage_i/imd_val_q_reg[1][7]
  Impl DFF        Imp:/WORK/ibex_top/u_ibex_core/id_stage_i/imd_val_q_reg[1][7]

  Ref  DFF        r:/WORK/ibex_top/u_ibex_core/id_stage_i/imd_val_q_reg[1][8]
  Impl DFF        Imp:/WORK/ibex_top/u_ibex_core/id_stage_i/imd_val_q_reg[1][8]

  Ref  DFF        r:/WORK/ibex_top/u_ibex_core/id_stage_i/imd_val_q_reg[1][9]
  Impl DFF        Imp:/WORK/ibex_top/u_ibex_core/id_stage_i/imd_val_q_reg[1][9]

  Ref  DFF        r:/WORK/ibex_top/u_ibex_core/if_stage_i/gen_prefetch_buffer.prefetch_buffer_i/branch_discard_q_reg[0]
  Impl DFF        Imp:/WORK/ibex_top/u_ibex_core/if_stage_i/gen_prefetch_buffer.prefetch_buffer_i/branch_discard_q_reg[0]

  Ref  DFF        r:/WORK/ibex_top/u_ibex_core/if_stage_i/gen_prefetch_buffer.prefetch_buffer_i/branch_discard_q_reg[1]
  Impl DFF        Imp:/WORK/ibex_top/u_ibex_core/if_stage_i/gen_prefetch_buffer.prefetch_buffer_i/branch_discard_q_reg[1]

  Ref  DFF        r:/WORK/ibex_top/u_ibex_core/if_stage_i/gen_prefetch_buffer.prefetch_buffer_i/discard_req_q_reg
  Impl DFF        Imp:/WORK/ibex_top/u_ibex_core/if_stage_i/gen_prefetch_buffer.prefetch_buffer_i/discard_req_q_reg

  Ref  DFF        r:/WORK/ibex_top/u_ibex_core/if_stage_i/gen_prefetch_buffer.prefetch_buffer_i/fetch_addr_q_reg[10]
  Impl DFF        Imp:/WORK/ibex_top/u_ibex_core/if_stage_i/gen_prefetch_buffer.prefetch_buffer_i/fetch_addr_q_reg[10]

  Ref  DFF        r:/WORK/ibex_top/u_ibex_core/if_stage_i/gen_prefetch_buffer.prefetch_buffer_i/fetch_addr_q_reg[11]
  Impl DFF        Imp:/WORK/ibex_top/u_ibex_core/if_stage_i/gen_prefetch_buffer.prefetch_buffer_i/fetch_addr_q_reg[11]

  Ref  DFF        r:/WORK/ibex_top/u_ibex_core/if_stage_i/gen_prefetch_buffer.prefetch_buffer_i/fetch_addr_q_reg[12]
  Impl DFF        Imp:/WORK/ibex_top/u_ibex_core/if_stage_i/gen_prefetch_buffer.prefetch_buffer_i/fetch_addr_q_reg[12]

  Ref  DFF        r:/WORK/ibex_top/u_ibex_core/if_stage_i/gen_prefetch_buffer.prefetch_buffer_i/fetch_addr_q_reg[13]
  Impl DFF        Imp:/WORK/ibex_top/u_ibex_core/if_stage_i/gen_prefetch_buffer.prefetch_buffer_i/fetch_addr_q_reg[13]

  Ref  DFF        r:/WORK/ibex_top/u_ibex_core/if_stage_i/gen_prefetch_buffer.prefetch_buffer_i/fetch_addr_q_reg[14]
  Impl DFF        Imp:/WORK/ibex_top/u_ibex_core/if_stage_i/gen_prefetch_buffer.prefetch_buffer_i/fetch_addr_q_reg[14]

  Ref  DFF        r:/WORK/ibex_top/u_ibex_core/if_stage_i/gen_prefetch_buffer.prefetch_buffer_i/fetch_addr_q_reg[15]
  Impl DFF        Imp:/WORK/ibex_top/u_ibex_core/if_stage_i/gen_prefetch_buffer.prefetch_buffer_i/fetch_addr_q_reg[15]

  Ref  DFF        r:/WORK/ibex_top/u_ibex_core/if_stage_i/gen_prefetch_buffer.prefetch_buffer_i/fetch_addr_q_reg[16]
  Impl DFF        Imp:/WORK/ibex_top/u_ibex_core/if_stage_i/gen_prefetch_buffer.prefetch_buffer_i/fetch_addr_q_reg[16]

  Ref  DFF        r:/WORK/ibex_top/u_ibex_core/if_stage_i/gen_prefetch_buffer.prefetch_buffer_i/fetch_addr_q_reg[17]
  Impl DFF        Imp:/WORK/ibex_top/u_ibex_core/if_stage_i/gen_prefetch_buffer.prefetch_buffer_i/fetch_addr_q_reg[17]

  Ref  DFF        r:/WORK/ibex_top/u_ibex_core/if_stage_i/gen_prefetch_buffer.prefetch_buffer_i/fetch_addr_q_reg[18]
  Impl DFF        Imp:/WORK/ibex_top/u_ibex_core/if_stage_i/gen_prefetch_buffer.prefetch_buffer_i/fetch_addr_q_reg[18]

  Ref  DFF        r:/WORK/ibex_top/u_ibex_core/if_stage_i/gen_prefetch_buffer.prefetch_buffer_i/fetch_addr_q_reg[19]
  Impl DFF        Imp:/WORK/ibex_top/u_ibex_core/if_stage_i/gen_prefetch_buffer.prefetch_buffer_i/fetch_addr_q_reg[19]

  Ref  DFF        r:/WORK/ibex_top/u_ibex_core/if_stage_i/gen_prefetch_buffer.prefetch_buffer_i/fetch_addr_q_reg[20]
  Impl DFF        Imp:/WORK/ibex_top/u_ibex_core/if_stage_i/gen_prefetch_buffer.prefetch_buffer_i/fetch_addr_q_reg[20]

  Ref  DFF        r:/WORK/ibex_top/u_ibex_core/if_stage_i/gen_prefetch_buffer.prefetch_buffer_i/fetch_addr_q_reg[21]
  Impl DFF        Imp:/WORK/ibex_top/u_ibex_core/if_stage_i/gen_prefetch_buffer.prefetch_buffer_i/fetch_addr_q_reg[21]

  Ref  DFF        r:/WORK/ibex_top/u_ibex_core/if_stage_i/gen_prefetch_buffer.prefetch_buffer_i/fetch_addr_q_reg[22]
  Impl DFF        Imp:/WORK/ibex_top/u_ibex_core/if_stage_i/gen_prefetch_buffer.prefetch_buffer_i/fetch_addr_q_reg[22]

  Ref  DFF        r:/WORK/ibex_top/u_ibex_core/if_stage_i/gen_prefetch_buffer.prefetch_buffer_i/fetch_addr_q_reg[23]
  Impl DFF        Imp:/WORK/ibex_top/u_ibex_core/if_stage_i/gen_prefetch_buffer.prefetch_buffer_i/fetch_addr_q_reg[23]

  Ref  DFF        r:/WORK/ibex_top/u_ibex_core/if_stage_i/gen_prefetch_buffer.prefetch_buffer_i/fetch_addr_q_reg[24]
  Impl DFF        Imp:/WORK/ibex_top/u_ibex_core/if_stage_i/gen_prefetch_buffer.prefetch_buffer_i/fetch_addr_q_reg[24]

  Ref  DFF        r:/WORK/ibex_top/u_ibex_core/if_stage_i/gen_prefetch_buffer.prefetch_buffer_i/fetch_addr_q_reg[25]
  Impl DFF        Imp:/WORK/ibex_top/u_ibex_core/if_stage_i/gen_prefetch_buffer.prefetch_buffer_i/fetch_addr_q_reg[25]

  Ref  DFF        r:/WORK/ibex_top/u_ibex_core/if_stage_i/gen_prefetch_buffer.prefetch_buffer_i/fetch_addr_q_reg[26]
  Impl DFF        Imp:/WORK/ibex_top/u_ibex_core/if_stage_i/gen_prefetch_buffer.prefetch_buffer_i/fetch_addr_q_reg[26]

  Ref  DFF        r:/WORK/ibex_top/u_ibex_core/if_stage_i/gen_prefetch_buffer.prefetch_buffer_i/fetch_addr_q_reg[27]
  Impl DFF        Imp:/WORK/ibex_top/u_ibex_core/if_stage_i/gen_prefetch_buffer.prefetch_buffer_i/fetch_addr_q_reg[27]

  Ref  DFF        r:/WORK/ibex_top/u_ibex_core/if_stage_i/gen_prefetch_buffer.prefetch_buffer_i/fetch_addr_q_reg[28]
  Impl DFF        Imp:/WORK/ibex_top/u_ibex_core/if_stage_i/gen_prefetch_buffer.prefetch_buffer_i/fetch_addr_q_reg[28]

  Ref  DFF        r:/WORK/ibex_top/u_ibex_core/if_stage_i/gen_prefetch_buffer.prefetch_buffer_i/fetch_addr_q_reg[29]
  Impl DFF        Imp:/WORK/ibex_top/u_ibex_core/if_stage_i/gen_prefetch_buffer.prefetch_buffer_i/fetch_addr_q_reg[29]

  Ref  DFF        r:/WORK/ibex_top/u_ibex_core/if_stage_i/gen_prefetch_buffer.prefetch_buffer_i/fetch_addr_q_reg[2]
  Impl DFF        Imp:/WORK/ibex_top/u_ibex_core/if_stage_i/gen_prefetch_buffer.prefetch_buffer_i/fetch_addr_q_reg[2]

  Ref  DFF        r:/WORK/ibex_top/u_ibex_core/if_stage_i/gen_prefetch_buffer.prefetch_buffer_i/fetch_addr_q_reg[30]
  Impl DFF        Imp:/WORK/ibex_top/u_ibex_core/if_stage_i/gen_prefetch_buffer.prefetch_buffer_i/fetch_addr_q_reg[30]

  Ref  DFF        r:/WORK/ibex_top/u_ibex_core/if_stage_i/gen_prefetch_buffer.prefetch_buffer_i/fetch_addr_q_reg[31]
  Impl DFF        Imp:/WORK/ibex_top/u_ibex_core/if_stage_i/gen_prefetch_buffer.prefetch_buffer_i/fetch_addr_q_reg[31]

  Ref  DFF        r:/WORK/ibex_top/u_ibex_core/if_stage_i/gen_prefetch_buffer.prefetch_buffer_i/fetch_addr_q_reg[3]
  Impl DFF        Imp:/WORK/ibex_top/u_ibex_core/if_stage_i/gen_prefetch_buffer.prefetch_buffer_i/fetch_addr_q_reg[3]

  Ref  DFF        r:/WORK/ibex_top/u_ibex_core/if_stage_i/gen_prefetch_buffer.prefetch_buffer_i/fetch_addr_q_reg[4]
  Impl DFF        Imp:/WORK/ibex_top/u_ibex_core/if_stage_i/gen_prefetch_buffer.prefetch_buffer_i/fetch_addr_q_reg[4]

  Ref  DFF        r:/WORK/ibex_top/u_ibex_core/if_stage_i/gen_prefetch_buffer.prefetch_buffer_i/fetch_addr_q_reg[5]
  Impl DFF        Imp:/WORK/ibex_top/u_ibex_core/if_stage_i/gen_prefetch_buffer.prefetch_buffer_i/fetch_addr_q_reg[5]

  Ref  DFF        r:/WORK/ibex_top/u_ibex_core/if_stage_i/gen_prefetch_buffer.prefetch_buffer_i/fetch_addr_q_reg[6]
  Impl DFF        Imp:/WORK/ibex_top/u_ibex_core/if_stage_i/gen_prefetch_buffer.prefetch_buffer_i/fetch_addr_q_reg[6]

  Ref  DFF        r:/WORK/ibex_top/u_ibex_core/if_stage_i/gen_prefetch_buffer.prefetch_buffer_i/fetch_addr_q_reg[7]
  Impl DFF        Imp:/WORK/ibex_top/u_ibex_core/if_stage_i/gen_prefetch_buffer.prefetch_buffer_i/fetch_addr_q_reg[7]

  Ref  DFF        r:/WORK/ibex_top/u_ibex_core/if_stage_i/gen_prefetch_buffer.prefetch_buffer_i/fetch_addr_q_reg[8]
  Impl DFF        Imp:/WORK/ibex_top/u_ibex_core/if_stage_i/gen_prefetch_buffer.prefetch_buffer_i/fetch_addr_q_reg[8]

  Ref  DFF        r:/WORK/ibex_top/u_ibex_core/if_stage_i/gen_prefetch_buffer.prefetch_buffer_i/fetch_addr_q_reg[9]
  Impl DFF        Imp:/WORK/ibex_top/u_ibex_core/if_stage_i/gen_prefetch_buffer.prefetch_buffer_i/fetch_addr_q_reg[9]

  Ref  DFF        r:/WORK/ibex_top/u_ibex_core/if_stage_i/gen_prefetch_buffer.prefetch_buffer_i/fifo_i/err_q_reg[0]
  Impl DFF        Imp:/WORK/ibex_top/u_ibex_core/if_stage_i/gen_prefetch_buffer.prefetch_buffer_i/fifo_i/err_q_reg[0]

  Ref  DFF        r:/WORK/ibex_top/u_ibex_core/if_stage_i/gen_prefetch_buffer.prefetch_buffer_i/fifo_i/err_q_reg[1]
  Impl DFF        Imp:/WORK/ibex_top/u_ibex_core/if_stage_i/gen_prefetch_buffer.prefetch_buffer_i/fifo_i/err_q_reg[1]

  Ref  DFF        r:/WORK/ibex_top/u_ibex_core/if_stage_i/gen_prefetch_buffer.prefetch_buffer_i/fifo_i/err_q_reg[2]
  Impl DFF        Imp:/WORK/ibex_top/u_ibex_core/if_stage_i/gen_prefetch_buffer.prefetch_buffer_i/fifo_i/err_q_reg[2]

  Ref  DFF        r:/WORK/ibex_top/u_ibex_core/if_stage_i/gen_prefetch_buffer.prefetch_buffer_i/fifo_i/instr_addr_q_reg[10]
  Impl DFF        Imp:/WORK/ibex_top/u_ibex_core/if_stage_i/gen_prefetch_buffer.prefetch_buffer_i/fifo_i/instr_addr_q_reg[10]

  Ref  DFF        r:/WORK/ibex_top/u_ibex_core/if_stage_i/gen_prefetch_buffer.prefetch_buffer_i/fifo_i/instr_addr_q_reg[11]
  Impl DFF        Imp:/WORK/ibex_top/u_ibex_core/if_stage_i/gen_prefetch_buffer.prefetch_buffer_i/fifo_i/instr_addr_q_reg[11]

  Ref  DFF        r:/WORK/ibex_top/u_ibex_core/if_stage_i/gen_prefetch_buffer.prefetch_buffer_i/fifo_i/instr_addr_q_reg[12]
  Impl DFF        Imp:/WORK/ibex_top/u_ibex_core/if_stage_i/gen_prefetch_buffer.prefetch_buffer_i/fifo_i/instr_addr_q_reg[12]

  Ref  DFF        r:/WORK/ibex_top/u_ibex_core/if_stage_i/gen_prefetch_buffer.prefetch_buffer_i/fifo_i/instr_addr_q_reg[13]
  Impl DFF        Imp:/WORK/ibex_top/u_ibex_core/if_stage_i/gen_prefetch_buffer.prefetch_buffer_i/fifo_i/instr_addr_q_reg[13]

  Ref  DFF        r:/WORK/ibex_top/u_ibex_core/if_stage_i/gen_prefetch_buffer.prefetch_buffer_i/fifo_i/instr_addr_q_reg[14]
  Impl DFF        Imp:/WORK/ibex_top/u_ibex_core/if_stage_i/gen_prefetch_buffer.prefetch_buffer_i/fifo_i/instr_addr_q_reg[14]

  Ref  DFF        r:/WORK/ibex_top/u_ibex_core/if_stage_i/gen_prefetch_buffer.prefetch_buffer_i/fifo_i/instr_addr_q_reg[15]
  Impl DFF        Imp:/WORK/ibex_top/u_ibex_core/if_stage_i/gen_prefetch_buffer.prefetch_buffer_i/fifo_i/instr_addr_q_reg[15]

  Ref  DFF        r:/WORK/ibex_top/u_ibex_core/if_stage_i/gen_prefetch_buffer.prefetch_buffer_i/fifo_i/instr_addr_q_reg[16]
  Impl DFF        Imp:/WORK/ibex_top/u_ibex_core/if_stage_i/gen_prefetch_buffer.prefetch_buffer_i/fifo_i/instr_addr_q_reg[16]

  Ref  DFF        r:/WORK/ibex_top/u_ibex_core/if_stage_i/gen_prefetch_buffer.prefetch_buffer_i/fifo_i/instr_addr_q_reg[17]
  Impl DFF        Imp:/WORK/ibex_top/u_ibex_core/if_stage_i/gen_prefetch_buffer.prefetch_buffer_i/fifo_i/instr_addr_q_reg[17]

  Ref  DFF        r:/WORK/ibex_top/u_ibex_core/if_stage_i/gen_prefetch_buffer.prefetch_buffer_i/fifo_i/instr_addr_q_reg[18]
  Impl DFF        Imp:/WORK/ibex_top/u_ibex_core/if_stage_i/gen_prefetch_buffer.prefetch_buffer_i/fifo_i/instr_addr_q_reg[18]

  Ref  DFF        r:/WORK/ibex_top/u_ibex_core/if_stage_i/gen_prefetch_buffer.prefetch_buffer_i/fifo_i/instr_addr_q_reg[19]
  Impl DFF        Imp:/WORK/ibex_top/u_ibex_core/if_stage_i/gen_prefetch_buffer.prefetch_buffer_i/fifo_i/instr_addr_q_reg[19]

  Ref  DFF        r:/WORK/ibex_top/u_ibex_core/if_stage_i/gen_prefetch_buffer.prefetch_buffer_i/fifo_i/instr_addr_q_reg[1]
  Impl DFF        Imp:/WORK/ibex_top/u_ibex_core/if_stage_i/gen_prefetch_buffer.prefetch_buffer_i/fifo_i/instr_addr_q_reg[1]

  Ref  DFF        r:/WORK/ibex_top/u_ibex_core/if_stage_i/gen_prefetch_buffer.prefetch_buffer_i/fifo_i/instr_addr_q_reg[20]
  Impl DFF        Imp:/WORK/ibex_top/u_ibex_core/if_stage_i/gen_prefetch_buffer.prefetch_buffer_i/fifo_i/instr_addr_q_reg[20]

  Ref  DFF        r:/WORK/ibex_top/u_ibex_core/if_stage_i/gen_prefetch_buffer.prefetch_buffer_i/fifo_i/instr_addr_q_reg[21]
  Impl DFF        Imp:/WORK/ibex_top/u_ibex_core/if_stage_i/gen_prefetch_buffer.prefetch_buffer_i/fifo_i/instr_addr_q_reg[21]

  Ref  DFF        r:/WORK/ibex_top/u_ibex_core/if_stage_i/gen_prefetch_buffer.prefetch_buffer_i/fifo_i/instr_addr_q_reg[22]
  Impl DFF        Imp:/WORK/ibex_top/u_ibex_core/if_stage_i/gen_prefetch_buffer.prefetch_buffer_i/fifo_i/instr_addr_q_reg[22]

  Ref  DFF        r:/WORK/ibex_top/u_ibex_core/if_stage_i/gen_prefetch_buffer.prefetch_buffer_i/fifo_i/instr_addr_q_reg[23]
  Impl DFF        Imp:/WORK/ibex_top/u_ibex_core/if_stage_i/gen_prefetch_buffer.prefetch_buffer_i/fifo_i/instr_addr_q_reg[23]

  Ref  DFF        r:/WORK/ibex_top/u_ibex_core/if_stage_i/gen_prefetch_buffer.prefetch_buffer_i/fifo_i/instr_addr_q_reg[24]
  Impl DFF        Imp:/WORK/ibex_top/u_ibex_core/if_stage_i/gen_prefetch_buffer.prefetch_buffer_i/fifo_i/instr_addr_q_reg[24]

  Ref  DFF        r:/WORK/ibex_top/u_ibex_core/if_stage_i/gen_prefetch_buffer.prefetch_buffer_i/fifo_i/instr_addr_q_reg[25]
  Impl DFF        Imp:/WORK/ibex_top/u_ibex_core/if_stage_i/gen_prefetch_buffer.prefetch_buffer_i/fifo_i/instr_addr_q_reg[25]

  Ref  DFF        r:/WORK/ibex_top/u_ibex_core/if_stage_i/gen_prefetch_buffer.prefetch_buffer_i/fifo_i/instr_addr_q_reg[26]
  Impl DFF        Imp:/WORK/ibex_top/u_ibex_core/if_stage_i/gen_prefetch_buffer.prefetch_buffer_i/fifo_i/instr_addr_q_reg[26]

  Ref  DFF        r:/WORK/ibex_top/u_ibex_core/if_stage_i/gen_prefetch_buffer.prefetch_buffer_i/fifo_i/instr_addr_q_reg[27]
  Impl DFF        Imp:/WORK/ibex_top/u_ibex_core/if_stage_i/gen_prefetch_buffer.prefetch_buffer_i/fifo_i/instr_addr_q_reg[27]

  Ref  DFF        r:/WORK/ibex_top/u_ibex_core/if_stage_i/gen_prefetch_buffer.prefetch_buffer_i/fifo_i/instr_addr_q_reg[28]
  Impl DFF        Imp:/WORK/ibex_top/u_ibex_core/if_stage_i/gen_prefetch_buffer.prefetch_buffer_i/fifo_i/instr_addr_q_reg[28]

  Ref  DFF        r:/WORK/ibex_top/u_ibex_core/if_stage_i/gen_prefetch_buffer.prefetch_buffer_i/fifo_i/instr_addr_q_reg[29]
  Impl DFF        Imp:/WORK/ibex_top/u_ibex_core/if_stage_i/gen_prefetch_buffer.prefetch_buffer_i/fifo_i/instr_addr_q_reg[29]

  Ref  DFF        r:/WORK/ibex_top/u_ibex_core/if_stage_i/gen_prefetch_buffer.prefetch_buffer_i/fifo_i/instr_addr_q_reg[2]
  Impl DFF        Imp:/WORK/ibex_top/u_ibex_core/if_stage_i/gen_prefetch_buffer.prefetch_buffer_i/fifo_i/instr_addr_q_reg[2]

  Ref  DFF        r:/WORK/ibex_top/u_ibex_core/if_stage_i/gen_prefetch_buffer.prefetch_buffer_i/fifo_i/instr_addr_q_reg[30]
  Impl DFF        Imp:/WORK/ibex_top/u_ibex_core/if_stage_i/gen_prefetch_buffer.prefetch_buffer_i/fifo_i/instr_addr_q_reg[30]

  Ref  DFF        r:/WORK/ibex_top/u_ibex_core/if_stage_i/gen_prefetch_buffer.prefetch_buffer_i/fifo_i/instr_addr_q_reg[31]
  Impl DFF        Imp:/WORK/ibex_top/u_ibex_core/if_stage_i/gen_prefetch_buffer.prefetch_buffer_i/fifo_i/instr_addr_q_reg[31]

  Ref  DFF        r:/WORK/ibex_top/u_ibex_core/if_stage_i/gen_prefetch_buffer.prefetch_buffer_i/fifo_i/instr_addr_q_reg[3]
  Impl DFF        Imp:/WORK/ibex_top/u_ibex_core/if_stage_i/gen_prefetch_buffer.prefetch_buffer_i/fifo_i/instr_addr_q_reg[3]

  Ref  DFF        r:/WORK/ibex_top/u_ibex_core/if_stage_i/gen_prefetch_buffer.prefetch_buffer_i/fifo_i/instr_addr_q_reg[4]
  Impl DFF        Imp:/WORK/ibex_top/u_ibex_core/if_stage_i/gen_prefetch_buffer.prefetch_buffer_i/fifo_i/instr_addr_q_reg[4]

  Ref  DFF        r:/WORK/ibex_top/u_ibex_core/if_stage_i/gen_prefetch_buffer.prefetch_buffer_i/fifo_i/instr_addr_q_reg[5]
  Impl DFF        Imp:/WORK/ibex_top/u_ibex_core/if_stage_i/gen_prefetch_buffer.prefetch_buffer_i/fifo_i/instr_addr_q_reg[5]

  Ref  DFF        r:/WORK/ibex_top/u_ibex_core/if_stage_i/gen_prefetch_buffer.prefetch_buffer_i/fifo_i/instr_addr_q_reg[6]
  Impl DFF        Imp:/WORK/ibex_top/u_ibex_core/if_stage_i/gen_prefetch_buffer.prefetch_buffer_i/fifo_i/instr_addr_q_reg[6]

  Ref  DFF        r:/WORK/ibex_top/u_ibex_core/if_stage_i/gen_prefetch_buffer.prefetch_buffer_i/fifo_i/instr_addr_q_reg[7]
  Impl DFF        Imp:/WORK/ibex_top/u_ibex_core/if_stage_i/gen_prefetch_buffer.prefetch_buffer_i/fifo_i/instr_addr_q_reg[7]

  Ref  DFF        r:/WORK/ibex_top/u_ibex_core/if_stage_i/gen_prefetch_buffer.prefetch_buffer_i/fifo_i/instr_addr_q_reg[8]
  Impl DFF        Imp:/WORK/ibex_top/u_ibex_core/if_stage_i/gen_prefetch_buffer.prefetch_buffer_i/fifo_i/instr_addr_q_reg[8]

  Ref  DFF        r:/WORK/ibex_top/u_ibex_core/if_stage_i/gen_prefetch_buffer.prefetch_buffer_i/fifo_i/instr_addr_q_reg[9]
  Impl DFF        Imp:/WORK/ibex_top/u_ibex_core/if_stage_i/gen_prefetch_buffer.prefetch_buffer_i/fifo_i/instr_addr_q_reg[9]

  Ref  DFF        r:/WORK/ibex_top/u_ibex_core/if_stage_i/gen_prefetch_buffer.prefetch_buffer_i/fifo_i/rdata_q_reg[0][0]
  Impl DFF        Imp:/WORK/ibex_top/u_ibex_core/if_stage_i/gen_prefetch_buffer.prefetch_buffer_i/fifo_i/rdata_q_reg[0][0]

  Ref  DFF        r:/WORK/ibex_top/u_ibex_core/if_stage_i/gen_prefetch_buffer.prefetch_buffer_i/fifo_i/rdata_q_reg[0][10]
  Impl DFF        Imp:/WORK/ibex_top/u_ibex_core/if_stage_i/gen_prefetch_buffer.prefetch_buffer_i/fifo_i/rdata_q_reg[0][10]

  Ref  DFF        r:/WORK/ibex_top/u_ibex_core/if_stage_i/gen_prefetch_buffer.prefetch_buffer_i/fifo_i/rdata_q_reg[0][11]
  Impl DFF        Imp:/WORK/ibex_top/u_ibex_core/if_stage_i/gen_prefetch_buffer.prefetch_buffer_i/fifo_i/rdata_q_reg[0][11]

  Ref  DFF        r:/WORK/ibex_top/u_ibex_core/if_stage_i/gen_prefetch_buffer.prefetch_buffer_i/fifo_i/rdata_q_reg[0][12]
  Impl DFF        Imp:/WORK/ibex_top/u_ibex_core/if_stage_i/gen_prefetch_buffer.prefetch_buffer_i/fifo_i/rdata_q_reg[0][12]

  Ref  DFF        r:/WORK/ibex_top/u_ibex_core/if_stage_i/gen_prefetch_buffer.prefetch_buffer_i/fifo_i/rdata_q_reg[0][13]
  Impl DFF        Imp:/WORK/ibex_top/u_ibex_core/if_stage_i/gen_prefetch_buffer.prefetch_buffer_i/fifo_i/rdata_q_reg[0][13]

  Ref  DFF        r:/WORK/ibex_top/u_ibex_core/if_stage_i/gen_prefetch_buffer.prefetch_buffer_i/fifo_i/rdata_q_reg[0][14]
  Impl DFF        Imp:/WORK/ibex_top/u_ibex_core/if_stage_i/gen_prefetch_buffer.prefetch_buffer_i/fifo_i/rdata_q_reg[0][14]

  Ref  DFF        r:/WORK/ibex_top/u_ibex_core/if_stage_i/gen_prefetch_buffer.prefetch_buffer_i/fifo_i/rdata_q_reg[0][15]
  Impl DFF        Imp:/WORK/ibex_top/u_ibex_core/if_stage_i/gen_prefetch_buffer.prefetch_buffer_i/fifo_i/rdata_q_reg[0][15]

  Ref  DFF        r:/WORK/ibex_top/u_ibex_core/if_stage_i/gen_prefetch_buffer.prefetch_buffer_i/fifo_i/rdata_q_reg[0][16]
  Impl DFF        Imp:/WORK/ibex_top/u_ibex_core/if_stage_i/gen_prefetch_buffer.prefetch_buffer_i/fifo_i/rdata_q_reg[0][16]

  Ref  DFF        r:/WORK/ibex_top/u_ibex_core/if_stage_i/gen_prefetch_buffer.prefetch_buffer_i/fifo_i/rdata_q_reg[0][17]
  Impl DFF        Imp:/WORK/ibex_top/u_ibex_core/if_stage_i/gen_prefetch_buffer.prefetch_buffer_i/fifo_i/rdata_q_reg[0][17]

  Ref  DFF        r:/WORK/ibex_top/u_ibex_core/if_stage_i/gen_prefetch_buffer.prefetch_buffer_i/fifo_i/rdata_q_reg[0][18]
  Impl DFF        Imp:/WORK/ibex_top/u_ibex_core/if_stage_i/gen_prefetch_buffer.prefetch_buffer_i/fifo_i/rdata_q_reg[0][18]

  Ref  DFF        r:/WORK/ibex_top/u_ibex_core/if_stage_i/gen_prefetch_buffer.prefetch_buffer_i/fifo_i/rdata_q_reg[0][19]
  Impl DFF        Imp:/WORK/ibex_top/u_ibex_core/if_stage_i/gen_prefetch_buffer.prefetch_buffer_i/fifo_i/rdata_q_reg[0][19]

  Ref  DFF        r:/WORK/ibex_top/u_ibex_core/if_stage_i/gen_prefetch_buffer.prefetch_buffer_i/fifo_i/rdata_q_reg[0][1]
  Impl DFF        Imp:/WORK/ibex_top/u_ibex_core/if_stage_i/gen_prefetch_buffer.prefetch_buffer_i/fifo_i/rdata_q_reg[0][1]

  Ref  DFF        r:/WORK/ibex_top/u_ibex_core/if_stage_i/gen_prefetch_buffer.prefetch_buffer_i/fifo_i/rdata_q_reg[0][20]
  Impl DFF        Imp:/WORK/ibex_top/u_ibex_core/if_stage_i/gen_prefetch_buffer.prefetch_buffer_i/fifo_i/rdata_q_reg[0][20]

  Ref  DFF        r:/WORK/ibex_top/u_ibex_core/if_stage_i/gen_prefetch_buffer.prefetch_buffer_i/fifo_i/rdata_q_reg[0][21]
  Impl DFF        Imp:/WORK/ibex_top/u_ibex_core/if_stage_i/gen_prefetch_buffer.prefetch_buffer_i/fifo_i/rdata_q_reg[0][21]

  Ref  DFF        r:/WORK/ibex_top/u_ibex_core/if_stage_i/gen_prefetch_buffer.prefetch_buffer_i/fifo_i/rdata_q_reg[0][22]
  Impl DFF        Imp:/WORK/ibex_top/u_ibex_core/if_stage_i/gen_prefetch_buffer.prefetch_buffer_i/fifo_i/rdata_q_reg[0][22]

  Ref  DFF        r:/WORK/ibex_top/u_ibex_core/if_stage_i/gen_prefetch_buffer.prefetch_buffer_i/fifo_i/rdata_q_reg[0][23]
  Impl DFF        Imp:/WORK/ibex_top/u_ibex_core/if_stage_i/gen_prefetch_buffer.prefetch_buffer_i/fifo_i/rdata_q_reg[0][23]

  Ref  DFF        r:/WORK/ibex_top/u_ibex_core/if_stage_i/gen_prefetch_buffer.prefetch_buffer_i/fifo_i/rdata_q_reg[0][24]
  Impl DFF        Imp:/WORK/ibex_top/u_ibex_core/if_stage_i/gen_prefetch_buffer.prefetch_buffer_i/fifo_i/rdata_q_reg[0][24]

  Ref  DFF        r:/WORK/ibex_top/u_ibex_core/if_stage_i/gen_prefetch_buffer.prefetch_buffer_i/fifo_i/rdata_q_reg[0][25]
  Impl DFF        Imp:/WORK/ibex_top/u_ibex_core/if_stage_i/gen_prefetch_buffer.prefetch_buffer_i/fifo_i/rdata_q_reg[0][25]

  Ref  DFF        r:/WORK/ibex_top/u_ibex_core/if_stage_i/gen_prefetch_buffer.prefetch_buffer_i/fifo_i/rdata_q_reg[0][26]
  Impl DFF        Imp:/WORK/ibex_top/u_ibex_core/if_stage_i/gen_prefetch_buffer.prefetch_buffer_i/fifo_i/rdata_q_reg[0][26]

  Ref  DFF        r:/WORK/ibex_top/u_ibex_core/if_stage_i/gen_prefetch_buffer.prefetch_buffer_i/fifo_i/rdata_q_reg[0][27]
  Impl DFF        Imp:/WORK/ibex_top/u_ibex_core/if_stage_i/gen_prefetch_buffer.prefetch_buffer_i/fifo_i/rdata_q_reg[0][27]

  Ref  DFF        r:/WORK/ibex_top/u_ibex_core/if_stage_i/gen_prefetch_buffer.prefetch_buffer_i/fifo_i/rdata_q_reg[0][28]
  Impl DFF        Imp:/WORK/ibex_top/u_ibex_core/if_stage_i/gen_prefetch_buffer.prefetch_buffer_i/fifo_i/rdata_q_reg[0][28]

  Ref  DFF        r:/WORK/ibex_top/u_ibex_core/if_stage_i/gen_prefetch_buffer.prefetch_buffer_i/fifo_i/rdata_q_reg[0][29]
  Impl DFF        Imp:/WORK/ibex_top/u_ibex_core/if_stage_i/gen_prefetch_buffer.prefetch_buffer_i/fifo_i/rdata_q_reg[0][29]

  Ref  DFF        r:/WORK/ibex_top/u_ibex_core/if_stage_i/gen_prefetch_buffer.prefetch_buffer_i/fifo_i/rdata_q_reg[0][2]
  Impl DFF        Imp:/WORK/ibex_top/u_ibex_core/if_stage_i/gen_prefetch_buffer.prefetch_buffer_i/fifo_i/rdata_q_reg[0][2]

  Ref  DFF        r:/WORK/ibex_top/u_ibex_core/if_stage_i/gen_prefetch_buffer.prefetch_buffer_i/fifo_i/rdata_q_reg[0][30]
  Impl DFF        Imp:/WORK/ibex_top/u_ibex_core/if_stage_i/gen_prefetch_buffer.prefetch_buffer_i/fifo_i/rdata_q_reg[0][30]

  Ref  DFF        r:/WORK/ibex_top/u_ibex_core/if_stage_i/gen_prefetch_buffer.prefetch_buffer_i/fifo_i/rdata_q_reg[0][31]
  Impl DFF        Imp:/WORK/ibex_top/u_ibex_core/if_stage_i/gen_prefetch_buffer.prefetch_buffer_i/fifo_i/rdata_q_reg[0][31]

  Ref  DFF        r:/WORK/ibex_top/u_ibex_core/if_stage_i/gen_prefetch_buffer.prefetch_buffer_i/fifo_i/rdata_q_reg[0][3]
  Impl DFF        Imp:/WORK/ibex_top/u_ibex_core/if_stage_i/gen_prefetch_buffer.prefetch_buffer_i/fifo_i/rdata_q_reg[0][3]

  Ref  DFF        r:/WORK/ibex_top/u_ibex_core/if_stage_i/gen_prefetch_buffer.prefetch_buffer_i/fifo_i/rdata_q_reg[0][4]
  Impl DFF        Imp:/WORK/ibex_top/u_ibex_core/if_stage_i/gen_prefetch_buffer.prefetch_buffer_i/fifo_i/rdata_q_reg[0][4]

  Ref  DFF        r:/WORK/ibex_top/u_ibex_core/if_stage_i/gen_prefetch_buffer.prefetch_buffer_i/fifo_i/rdata_q_reg[0][5]
  Impl DFF        Imp:/WORK/ibex_top/u_ibex_core/if_stage_i/gen_prefetch_buffer.prefetch_buffer_i/fifo_i/rdata_q_reg[0][5]

  Ref  DFF        r:/WORK/ibex_top/u_ibex_core/if_stage_i/gen_prefetch_buffer.prefetch_buffer_i/fifo_i/rdata_q_reg[0][6]
  Impl DFF        Imp:/WORK/ibex_top/u_ibex_core/if_stage_i/gen_prefetch_buffer.prefetch_buffer_i/fifo_i/rdata_q_reg[0][6]

  Ref  DFF        r:/WORK/ibex_top/u_ibex_core/if_stage_i/gen_prefetch_buffer.prefetch_buffer_i/fifo_i/rdata_q_reg[0][7]
  Impl DFF        Imp:/WORK/ibex_top/u_ibex_core/if_stage_i/gen_prefetch_buffer.prefetch_buffer_i/fifo_i/rdata_q_reg[0][7]

  Ref  DFF        r:/WORK/ibex_top/u_ibex_core/if_stage_i/gen_prefetch_buffer.prefetch_buffer_i/fifo_i/rdata_q_reg[0][8]
  Impl DFF        Imp:/WORK/ibex_top/u_ibex_core/if_stage_i/gen_prefetch_buffer.prefetch_buffer_i/fifo_i/rdata_q_reg[0][8]

  Ref  DFF        r:/WORK/ibex_top/u_ibex_core/if_stage_i/gen_prefetch_buffer.prefetch_buffer_i/fifo_i/rdata_q_reg[0][9]
  Impl DFF        Imp:/WORK/ibex_top/u_ibex_core/if_stage_i/gen_prefetch_buffer.prefetch_buffer_i/fifo_i/rdata_q_reg[0][9]

  Ref  DFF        r:/WORK/ibex_top/u_ibex_core/if_stage_i/gen_prefetch_buffer.prefetch_buffer_i/fifo_i/rdata_q_reg[1][0]
  Impl DFF        Imp:/WORK/ibex_top/u_ibex_core/if_stage_i/gen_prefetch_buffer.prefetch_buffer_i/fifo_i/rdata_q_reg[1][0]

  Ref  DFF        r:/WORK/ibex_top/u_ibex_core/if_stage_i/gen_prefetch_buffer.prefetch_buffer_i/fifo_i/rdata_q_reg[1][10]
  Impl DFF        Imp:/WORK/ibex_top/u_ibex_core/if_stage_i/gen_prefetch_buffer.prefetch_buffer_i/fifo_i/rdata_q_reg[1][10]

  Ref  DFF        r:/WORK/ibex_top/u_ibex_core/if_stage_i/gen_prefetch_buffer.prefetch_buffer_i/fifo_i/rdata_q_reg[1][11]
  Impl DFF        Imp:/WORK/ibex_top/u_ibex_core/if_stage_i/gen_prefetch_buffer.prefetch_buffer_i/fifo_i/rdata_q_reg[1][11]

  Ref  DFF        r:/WORK/ibex_top/u_ibex_core/if_stage_i/gen_prefetch_buffer.prefetch_buffer_i/fifo_i/rdata_q_reg[1][12]
  Impl DFF        Imp:/WORK/ibex_top/u_ibex_core/if_stage_i/gen_prefetch_buffer.prefetch_buffer_i/fifo_i/rdata_q_reg[1][12]

  Ref  DFF        r:/WORK/ibex_top/u_ibex_core/if_stage_i/gen_prefetch_buffer.prefetch_buffer_i/fifo_i/rdata_q_reg[1][13]
  Impl DFF        Imp:/WORK/ibex_top/u_ibex_core/if_stage_i/gen_prefetch_buffer.prefetch_buffer_i/fifo_i/rdata_q_reg[1][13]

  Ref  DFF        r:/WORK/ibex_top/u_ibex_core/if_stage_i/gen_prefetch_buffer.prefetch_buffer_i/fifo_i/rdata_q_reg[1][14]
  Impl DFF        Imp:/WORK/ibex_top/u_ibex_core/if_stage_i/gen_prefetch_buffer.prefetch_buffer_i/fifo_i/rdata_q_reg[1][14]

  Ref  DFF        r:/WORK/ibex_top/u_ibex_core/if_stage_i/gen_prefetch_buffer.prefetch_buffer_i/fifo_i/rdata_q_reg[1][15]
  Impl DFF        Imp:/WORK/ibex_top/u_ibex_core/if_stage_i/gen_prefetch_buffer.prefetch_buffer_i/fifo_i/rdata_q_reg[1][15]

  Ref  DFF        r:/WORK/ibex_top/u_ibex_core/if_stage_i/gen_prefetch_buffer.prefetch_buffer_i/fifo_i/rdata_q_reg[1][16]
  Impl DFF        Imp:/WORK/ibex_top/u_ibex_core/if_stage_i/gen_prefetch_buffer.prefetch_buffer_i/fifo_i/rdata_q_reg[1][16]

  Ref  DFF        r:/WORK/ibex_top/u_ibex_core/if_stage_i/gen_prefetch_buffer.prefetch_buffer_i/fifo_i/rdata_q_reg[1][17]
  Impl DFF        Imp:/WORK/ibex_top/u_ibex_core/if_stage_i/gen_prefetch_buffer.prefetch_buffer_i/fifo_i/rdata_q_reg[1][17]

  Ref  DFF        r:/WORK/ibex_top/u_ibex_core/if_stage_i/gen_prefetch_buffer.prefetch_buffer_i/fifo_i/rdata_q_reg[1][18]
  Impl DFF        Imp:/WORK/ibex_top/u_ibex_core/if_stage_i/gen_prefetch_buffer.prefetch_buffer_i/fifo_i/rdata_q_reg[1][18]

  Ref  DFF        r:/WORK/ibex_top/u_ibex_core/if_stage_i/gen_prefetch_buffer.prefetch_buffer_i/fifo_i/rdata_q_reg[1][19]
  Impl DFF        Imp:/WORK/ibex_top/u_ibex_core/if_stage_i/gen_prefetch_buffer.prefetch_buffer_i/fifo_i/rdata_q_reg[1][19]

  Ref  DFF        r:/WORK/ibex_top/u_ibex_core/if_stage_i/gen_prefetch_buffer.prefetch_buffer_i/fifo_i/rdata_q_reg[1][1]
  Impl DFF        Imp:/WORK/ibex_top/u_ibex_core/if_stage_i/gen_prefetch_buffer.prefetch_buffer_i/fifo_i/rdata_q_reg[1][1]

  Ref  DFF        r:/WORK/ibex_top/u_ibex_core/if_stage_i/gen_prefetch_buffer.prefetch_buffer_i/fifo_i/rdata_q_reg[1][20]
  Impl DFF        Imp:/WORK/ibex_top/u_ibex_core/if_stage_i/gen_prefetch_buffer.prefetch_buffer_i/fifo_i/rdata_q_reg[1][20]

  Ref  DFF        r:/WORK/ibex_top/u_ibex_core/if_stage_i/gen_prefetch_buffer.prefetch_buffer_i/fifo_i/rdata_q_reg[1][21]
  Impl DFF        Imp:/WORK/ibex_top/u_ibex_core/if_stage_i/gen_prefetch_buffer.prefetch_buffer_i/fifo_i/rdata_q_reg[1][21]

  Ref  DFF        r:/WORK/ibex_top/u_ibex_core/if_stage_i/gen_prefetch_buffer.prefetch_buffer_i/fifo_i/rdata_q_reg[1][22]
  Impl DFF        Imp:/WORK/ibex_top/u_ibex_core/if_stage_i/gen_prefetch_buffer.prefetch_buffer_i/fifo_i/rdata_q_reg[1][22]

  Ref  DFF        r:/WORK/ibex_top/u_ibex_core/if_stage_i/gen_prefetch_buffer.prefetch_buffer_i/fifo_i/rdata_q_reg[1][23]
  Impl DFF        Imp:/WORK/ibex_top/u_ibex_core/if_stage_i/gen_prefetch_buffer.prefetch_buffer_i/fifo_i/rdata_q_reg[1][23]

  Ref  DFF        r:/WORK/ibex_top/u_ibex_core/if_stage_i/gen_prefetch_buffer.prefetch_buffer_i/fifo_i/rdata_q_reg[1][24]
  Impl DFF        Imp:/WORK/ibex_top/u_ibex_core/if_stage_i/gen_prefetch_buffer.prefetch_buffer_i/fifo_i/rdata_q_reg[1][24]

  Ref  DFF        r:/WORK/ibex_top/u_ibex_core/if_stage_i/gen_prefetch_buffer.prefetch_buffer_i/fifo_i/rdata_q_reg[1][25]
  Impl DFF        Imp:/WORK/ibex_top/u_ibex_core/if_stage_i/gen_prefetch_buffer.prefetch_buffer_i/fifo_i/rdata_q_reg[1][25]

  Ref  DFF        r:/WORK/ibex_top/u_ibex_core/if_stage_i/gen_prefetch_buffer.prefetch_buffer_i/fifo_i/rdata_q_reg[1][26]
  Impl DFF        Imp:/WORK/ibex_top/u_ibex_core/if_stage_i/gen_prefetch_buffer.prefetch_buffer_i/fifo_i/rdata_q_reg[1][26]

  Ref  DFF        r:/WORK/ibex_top/u_ibex_core/if_stage_i/gen_prefetch_buffer.prefetch_buffer_i/fifo_i/rdata_q_reg[1][27]
  Impl DFF        Imp:/WORK/ibex_top/u_ibex_core/if_stage_i/gen_prefetch_buffer.prefetch_buffer_i/fifo_i/rdata_q_reg[1][27]

  Ref  DFF        r:/WORK/ibex_top/u_ibex_core/if_stage_i/gen_prefetch_buffer.prefetch_buffer_i/fifo_i/rdata_q_reg[1][28]
  Impl DFF        Imp:/WORK/ibex_top/u_ibex_core/if_stage_i/gen_prefetch_buffer.prefetch_buffer_i/fifo_i/rdata_q_reg[1][28]

  Ref  DFF        r:/WORK/ibex_top/u_ibex_core/if_stage_i/gen_prefetch_buffer.prefetch_buffer_i/fifo_i/rdata_q_reg[1][29]
  Impl DFF        Imp:/WORK/ibex_top/u_ibex_core/if_stage_i/gen_prefetch_buffer.prefetch_buffer_i/fifo_i/rdata_q_reg[1][29]

  Ref  DFF        r:/WORK/ibex_top/u_ibex_core/if_stage_i/gen_prefetch_buffer.prefetch_buffer_i/fifo_i/rdata_q_reg[1][2]
  Impl DFF        Imp:/WORK/ibex_top/u_ibex_core/if_stage_i/gen_prefetch_buffer.prefetch_buffer_i/fifo_i/rdata_q_reg[1][2]

  Ref  DFF        r:/WORK/ibex_top/u_ibex_core/if_stage_i/gen_prefetch_buffer.prefetch_buffer_i/fifo_i/rdata_q_reg[1][30]
  Impl DFF        Imp:/WORK/ibex_top/u_ibex_core/if_stage_i/gen_prefetch_buffer.prefetch_buffer_i/fifo_i/rdata_q_reg[1][30]

  Ref  DFF        r:/WORK/ibex_top/u_ibex_core/if_stage_i/gen_prefetch_buffer.prefetch_buffer_i/fifo_i/rdata_q_reg[1][31]
  Impl DFF        Imp:/WORK/ibex_top/u_ibex_core/if_stage_i/gen_prefetch_buffer.prefetch_buffer_i/fifo_i/rdata_q_reg[1][31]

  Ref  DFF        r:/WORK/ibex_top/u_ibex_core/if_stage_i/gen_prefetch_buffer.prefetch_buffer_i/fifo_i/rdata_q_reg[1][3]
  Impl DFF        Imp:/WORK/ibex_top/u_ibex_core/if_stage_i/gen_prefetch_buffer.prefetch_buffer_i/fifo_i/rdata_q_reg[1][3]

  Ref  DFF        r:/WORK/ibex_top/u_ibex_core/if_stage_i/gen_prefetch_buffer.prefetch_buffer_i/fifo_i/rdata_q_reg[1][4]
  Impl DFF        Imp:/WORK/ibex_top/u_ibex_core/if_stage_i/gen_prefetch_buffer.prefetch_buffer_i/fifo_i/rdata_q_reg[1][4]

  Ref  DFF        r:/WORK/ibex_top/u_ibex_core/if_stage_i/gen_prefetch_buffer.prefetch_buffer_i/fifo_i/rdata_q_reg[1][5]
  Impl DFF        Imp:/WORK/ibex_top/u_ibex_core/if_stage_i/gen_prefetch_buffer.prefetch_buffer_i/fifo_i/rdata_q_reg[1][5]

  Ref  DFF        r:/WORK/ibex_top/u_ibex_core/if_stage_i/gen_prefetch_buffer.prefetch_buffer_i/fifo_i/rdata_q_reg[1][6]
  Impl DFF        Imp:/WORK/ibex_top/u_ibex_core/if_stage_i/gen_prefetch_buffer.prefetch_buffer_i/fifo_i/rdata_q_reg[1][6]

  Ref  DFF        r:/WORK/ibex_top/u_ibex_core/if_stage_i/gen_prefetch_buffer.prefetch_buffer_i/fifo_i/rdata_q_reg[1][7]
  Impl DFF        Imp:/WORK/ibex_top/u_ibex_core/if_stage_i/gen_prefetch_buffer.prefetch_buffer_i/fifo_i/rdata_q_reg[1][7]

  Ref  DFF        r:/WORK/ibex_top/u_ibex_core/if_stage_i/gen_prefetch_buffer.prefetch_buffer_i/fifo_i/rdata_q_reg[1][8]
  Impl DFF        Imp:/WORK/ibex_top/u_ibex_core/if_stage_i/gen_prefetch_buffer.prefetch_buffer_i/fifo_i/rdata_q_reg[1][8]

  Ref  DFF        r:/WORK/ibex_top/u_ibex_core/if_stage_i/gen_prefetch_buffer.prefetch_buffer_i/fifo_i/rdata_q_reg[1][9]
  Impl DFF        Imp:/WORK/ibex_top/u_ibex_core/if_stage_i/gen_prefetch_buffer.prefetch_buffer_i/fifo_i/rdata_q_reg[1][9]

  Ref  DFF        r:/WORK/ibex_top/u_ibex_core/if_stage_i/gen_prefetch_buffer.prefetch_buffer_i/fifo_i/rdata_q_reg[2][0]
  Impl DFF        Imp:/WORK/ibex_top/u_ibex_core/if_stage_i/gen_prefetch_buffer.prefetch_buffer_i/fifo_i/rdata_q_reg[2][0]

  Ref  DFF        r:/WORK/ibex_top/u_ibex_core/if_stage_i/gen_prefetch_buffer.prefetch_buffer_i/fifo_i/rdata_q_reg[2][10]
  Impl DFF        Imp:/WORK/ibex_top/u_ibex_core/if_stage_i/gen_prefetch_buffer.prefetch_buffer_i/fifo_i/rdata_q_reg[2][10]

  Ref  DFF        r:/WORK/ibex_top/u_ibex_core/if_stage_i/gen_prefetch_buffer.prefetch_buffer_i/fifo_i/rdata_q_reg[2][11]
  Impl DFF        Imp:/WORK/ibex_top/u_ibex_core/if_stage_i/gen_prefetch_buffer.prefetch_buffer_i/fifo_i/rdata_q_reg[2][11]

  Ref  DFF        r:/WORK/ibex_top/u_ibex_core/if_stage_i/gen_prefetch_buffer.prefetch_buffer_i/fifo_i/rdata_q_reg[2][12]
  Impl DFF        Imp:/WORK/ibex_top/u_ibex_core/if_stage_i/gen_prefetch_buffer.prefetch_buffer_i/fifo_i/rdata_q_reg[2][12]

  Ref  DFF        r:/WORK/ibex_top/u_ibex_core/if_stage_i/gen_prefetch_buffer.prefetch_buffer_i/fifo_i/rdata_q_reg[2][13]
  Impl DFF        Imp:/WORK/ibex_top/u_ibex_core/if_stage_i/gen_prefetch_buffer.prefetch_buffer_i/fifo_i/rdata_q_reg[2][13]

  Ref  DFF        r:/WORK/ibex_top/u_ibex_core/if_stage_i/gen_prefetch_buffer.prefetch_buffer_i/fifo_i/rdata_q_reg[2][14]
  Impl DFF        Imp:/WORK/ibex_top/u_ibex_core/if_stage_i/gen_prefetch_buffer.prefetch_buffer_i/fifo_i/rdata_q_reg[2][14]

  Ref  DFF        r:/WORK/ibex_top/u_ibex_core/if_stage_i/gen_prefetch_buffer.prefetch_buffer_i/fifo_i/rdata_q_reg[2][15]
  Impl DFF        Imp:/WORK/ibex_top/u_ibex_core/if_stage_i/gen_prefetch_buffer.prefetch_buffer_i/fifo_i/rdata_q_reg[2][15]

  Ref  DFF        r:/WORK/ibex_top/u_ibex_core/if_stage_i/gen_prefetch_buffer.prefetch_buffer_i/fifo_i/rdata_q_reg[2][16]
  Impl DFF        Imp:/WORK/ibex_top/u_ibex_core/if_stage_i/gen_prefetch_buffer.prefetch_buffer_i/fifo_i/rdata_q_reg[2][16]

  Ref  DFF        r:/WORK/ibex_top/u_ibex_core/if_stage_i/gen_prefetch_buffer.prefetch_buffer_i/fifo_i/rdata_q_reg[2][17]
  Impl DFF        Imp:/WORK/ibex_top/u_ibex_core/if_stage_i/gen_prefetch_buffer.prefetch_buffer_i/fifo_i/rdata_q_reg[2][17]

  Ref  DFF        r:/WORK/ibex_top/u_ibex_core/if_stage_i/gen_prefetch_buffer.prefetch_buffer_i/fifo_i/rdata_q_reg[2][18]
  Impl DFF        Imp:/WORK/ibex_top/u_ibex_core/if_stage_i/gen_prefetch_buffer.prefetch_buffer_i/fifo_i/rdata_q_reg[2][18]

  Ref  DFF        r:/WORK/ibex_top/u_ibex_core/if_stage_i/gen_prefetch_buffer.prefetch_buffer_i/fifo_i/rdata_q_reg[2][19]
  Impl DFF        Imp:/WORK/ibex_top/u_ibex_core/if_stage_i/gen_prefetch_buffer.prefetch_buffer_i/fifo_i/rdata_q_reg[2][19]

  Ref  DFF        r:/WORK/ibex_top/u_ibex_core/if_stage_i/gen_prefetch_buffer.prefetch_buffer_i/fifo_i/rdata_q_reg[2][1]
  Impl DFF        Imp:/WORK/ibex_top/u_ibex_core/if_stage_i/gen_prefetch_buffer.prefetch_buffer_i/fifo_i/rdata_q_reg[2][1]

  Ref  DFF        r:/WORK/ibex_top/u_ibex_core/if_stage_i/gen_prefetch_buffer.prefetch_buffer_i/fifo_i/rdata_q_reg[2][20]
  Impl DFF        Imp:/WORK/ibex_top/u_ibex_core/if_stage_i/gen_prefetch_buffer.prefetch_buffer_i/fifo_i/rdata_q_reg[2][20]

  Ref  DFF        r:/WORK/ibex_top/u_ibex_core/if_stage_i/gen_prefetch_buffer.prefetch_buffer_i/fifo_i/rdata_q_reg[2][21]
  Impl DFF        Imp:/WORK/ibex_top/u_ibex_core/if_stage_i/gen_prefetch_buffer.prefetch_buffer_i/fifo_i/rdata_q_reg[2][21]

  Ref  DFF        r:/WORK/ibex_top/u_ibex_core/if_stage_i/gen_prefetch_buffer.prefetch_buffer_i/fifo_i/rdata_q_reg[2][22]
  Impl DFF        Imp:/WORK/ibex_top/u_ibex_core/if_stage_i/gen_prefetch_buffer.prefetch_buffer_i/fifo_i/rdata_q_reg[2][22]

  Ref  DFF        r:/WORK/ibex_top/u_ibex_core/if_stage_i/gen_prefetch_buffer.prefetch_buffer_i/fifo_i/rdata_q_reg[2][23]
  Impl DFF        Imp:/WORK/ibex_top/u_ibex_core/if_stage_i/gen_prefetch_buffer.prefetch_buffer_i/fifo_i/rdata_q_reg[2][23]

  Ref  DFF        r:/WORK/ibex_top/u_ibex_core/if_stage_i/gen_prefetch_buffer.prefetch_buffer_i/fifo_i/rdata_q_reg[2][24]
  Impl DFF        Imp:/WORK/ibex_top/u_ibex_core/if_stage_i/gen_prefetch_buffer.prefetch_buffer_i/fifo_i/rdata_q_reg[2][24]

  Ref  DFF        r:/WORK/ibex_top/u_ibex_core/if_stage_i/gen_prefetch_buffer.prefetch_buffer_i/fifo_i/rdata_q_reg[2][25]
  Impl DFF        Imp:/WORK/ibex_top/u_ibex_core/if_stage_i/gen_prefetch_buffer.prefetch_buffer_i/fifo_i/rdata_q_reg[2][25]

  Ref  DFF        r:/WORK/ibex_top/u_ibex_core/if_stage_i/gen_prefetch_buffer.prefetch_buffer_i/fifo_i/rdata_q_reg[2][26]
  Impl DFF        Imp:/WORK/ibex_top/u_ibex_core/if_stage_i/gen_prefetch_buffer.prefetch_buffer_i/fifo_i/rdata_q_reg[2][26]

  Ref  DFF        r:/WORK/ibex_top/u_ibex_core/if_stage_i/gen_prefetch_buffer.prefetch_buffer_i/fifo_i/rdata_q_reg[2][27]
  Impl DFF        Imp:/WORK/ibex_top/u_ibex_core/if_stage_i/gen_prefetch_buffer.prefetch_buffer_i/fifo_i/rdata_q_reg[2][27]

  Ref  DFF        r:/WORK/ibex_top/u_ibex_core/if_stage_i/gen_prefetch_buffer.prefetch_buffer_i/fifo_i/rdata_q_reg[2][28]
  Impl DFF        Imp:/WORK/ibex_top/u_ibex_core/if_stage_i/gen_prefetch_buffer.prefetch_buffer_i/fifo_i/rdata_q_reg[2][28]

  Ref  DFF        r:/WORK/ibex_top/u_ibex_core/if_stage_i/gen_prefetch_buffer.prefetch_buffer_i/fifo_i/rdata_q_reg[2][29]
  Impl DFF        Imp:/WORK/ibex_top/u_ibex_core/if_stage_i/gen_prefetch_buffer.prefetch_buffer_i/fifo_i/rdata_q_reg[2][29]

  Ref  DFF        r:/WORK/ibex_top/u_ibex_core/if_stage_i/gen_prefetch_buffer.prefetch_buffer_i/fifo_i/rdata_q_reg[2][2]
  Impl DFF        Imp:/WORK/ibex_top/u_ibex_core/if_stage_i/gen_prefetch_buffer.prefetch_buffer_i/fifo_i/rdata_q_reg[2][2]

  Ref  DFF        r:/WORK/ibex_top/u_ibex_core/if_stage_i/gen_prefetch_buffer.prefetch_buffer_i/fifo_i/rdata_q_reg[2][30]
  Impl DFF        Imp:/WORK/ibex_top/u_ibex_core/if_stage_i/gen_prefetch_buffer.prefetch_buffer_i/fifo_i/rdata_q_reg[2][30]

  Ref  DFF        r:/WORK/ibex_top/u_ibex_core/if_stage_i/gen_prefetch_buffer.prefetch_buffer_i/fifo_i/rdata_q_reg[2][31]
  Impl DFF        Imp:/WORK/ibex_top/u_ibex_core/if_stage_i/gen_prefetch_buffer.prefetch_buffer_i/fifo_i/rdata_q_reg[2][31]

  Ref  DFF        r:/WORK/ibex_top/u_ibex_core/if_stage_i/gen_prefetch_buffer.prefetch_buffer_i/fifo_i/rdata_q_reg[2][3]
  Impl DFF        Imp:/WORK/ibex_top/u_ibex_core/if_stage_i/gen_prefetch_buffer.prefetch_buffer_i/fifo_i/rdata_q_reg[2][3]

  Ref  DFF        r:/WORK/ibex_top/u_ibex_core/if_stage_i/gen_prefetch_buffer.prefetch_buffer_i/fifo_i/rdata_q_reg[2][4]
  Impl DFF        Imp:/WORK/ibex_top/u_ibex_core/if_stage_i/gen_prefetch_buffer.prefetch_buffer_i/fifo_i/rdata_q_reg[2][4]

  Ref  DFF        r:/WORK/ibex_top/u_ibex_core/if_stage_i/gen_prefetch_buffer.prefetch_buffer_i/fifo_i/rdata_q_reg[2][5]
  Impl DFF        Imp:/WORK/ibex_top/u_ibex_core/if_stage_i/gen_prefetch_buffer.prefetch_buffer_i/fifo_i/rdata_q_reg[2][5]

  Ref  DFF        r:/WORK/ibex_top/u_ibex_core/if_stage_i/gen_prefetch_buffer.prefetch_buffer_i/fifo_i/rdata_q_reg[2][6]
  Impl DFF        Imp:/WORK/ibex_top/u_ibex_core/if_stage_i/gen_prefetch_buffer.prefetch_buffer_i/fifo_i/rdata_q_reg[2][6]

  Ref  DFF        r:/WORK/ibex_top/u_ibex_core/if_stage_i/gen_prefetch_buffer.prefetch_buffer_i/fifo_i/rdata_q_reg[2][7]
  Impl DFF        Imp:/WORK/ibex_top/u_ibex_core/if_stage_i/gen_prefetch_buffer.prefetch_buffer_i/fifo_i/rdata_q_reg[2][7]

  Ref  DFF        r:/WORK/ibex_top/u_ibex_core/if_stage_i/gen_prefetch_buffer.prefetch_buffer_i/fifo_i/rdata_q_reg[2][8]
  Impl DFF        Imp:/WORK/ibex_top/u_ibex_core/if_stage_i/gen_prefetch_buffer.prefetch_buffer_i/fifo_i/rdata_q_reg[2][8]

  Ref  DFF        r:/WORK/ibex_top/u_ibex_core/if_stage_i/gen_prefetch_buffer.prefetch_buffer_i/fifo_i/rdata_q_reg[2][9]
  Impl DFF        Imp:/WORK/ibex_top/u_ibex_core/if_stage_i/gen_prefetch_buffer.prefetch_buffer_i/fifo_i/rdata_q_reg[2][9]

  Ref  DFF        r:/WORK/ibex_top/u_ibex_core/if_stage_i/gen_prefetch_buffer.prefetch_buffer_i/fifo_i/valid_q_reg[0]
  Impl DFF        Imp:/WORK/ibex_top/u_ibex_core/if_stage_i/gen_prefetch_buffer.prefetch_buffer_i/fifo_i/valid_q_reg[0]

  Ref  DFF        r:/WORK/ibex_top/u_ibex_core/if_stage_i/gen_prefetch_buffer.prefetch_buffer_i/fifo_i/valid_q_reg[1]
  Impl DFF        Imp:/WORK/ibex_top/u_ibex_core/if_stage_i/gen_prefetch_buffer.prefetch_buffer_i/fifo_i/valid_q_reg[1]

  Ref  DFF        r:/WORK/ibex_top/u_ibex_core/if_stage_i/gen_prefetch_buffer.prefetch_buffer_i/fifo_i/valid_q_reg[2]
  Impl DFF        Imp:/WORK/ibex_top/u_ibex_core/if_stage_i/gen_prefetch_buffer.prefetch_buffer_i/fifo_i/valid_q_reg[2]

  Ref  DFF        r:/WORK/ibex_top/u_ibex_core/if_stage_i/gen_prefetch_buffer.prefetch_buffer_i/rdata_outstanding_q_reg[0]
  Impl DFF        Imp:/WORK/ibex_top/u_ibex_core/if_stage_i/gen_prefetch_buffer.prefetch_buffer_i/rdata_outstanding_q_reg[0]

  Ref  DFF        r:/WORK/ibex_top/u_ibex_core/if_stage_i/gen_prefetch_buffer.prefetch_buffer_i/rdata_outstanding_q_reg[1]
  Impl DFF        Imp:/WORK/ibex_top/u_ibex_core/if_stage_i/gen_prefetch_buffer.prefetch_buffer_i/rdata_outstanding_q_reg[1]

  Ref  DFF        r:/WORK/ibex_top/u_ibex_core/if_stage_i/gen_prefetch_buffer.prefetch_buffer_i/stored_addr_q_reg[10]
  Impl DFF        Imp:/WORK/ibex_top/u_ibex_core/if_stage_i/gen_prefetch_buffer.prefetch_buffer_i/stored_addr_q_reg[10]

  Ref  DFF        r:/WORK/ibex_top/u_ibex_core/if_stage_i/gen_prefetch_buffer.prefetch_buffer_i/stored_addr_q_reg[11]
  Impl DFF        Imp:/WORK/ibex_top/u_ibex_core/if_stage_i/gen_prefetch_buffer.prefetch_buffer_i/stored_addr_q_reg[11]

  Ref  DFF        r:/WORK/ibex_top/u_ibex_core/if_stage_i/gen_prefetch_buffer.prefetch_buffer_i/stored_addr_q_reg[12]
  Impl DFF        Imp:/WORK/ibex_top/u_ibex_core/if_stage_i/gen_prefetch_buffer.prefetch_buffer_i/stored_addr_q_reg[12]

  Ref  DFF        r:/WORK/ibex_top/u_ibex_core/if_stage_i/gen_prefetch_buffer.prefetch_buffer_i/stored_addr_q_reg[13]
  Impl DFF        Imp:/WORK/ibex_top/u_ibex_core/if_stage_i/gen_prefetch_buffer.prefetch_buffer_i/stored_addr_q_reg[13]

  Ref  DFF        r:/WORK/ibex_top/u_ibex_core/if_stage_i/gen_prefetch_buffer.prefetch_buffer_i/stored_addr_q_reg[14]
  Impl DFF        Imp:/WORK/ibex_top/u_ibex_core/if_stage_i/gen_prefetch_buffer.prefetch_buffer_i/stored_addr_q_reg[14]

  Ref  DFF        r:/WORK/ibex_top/u_ibex_core/if_stage_i/gen_prefetch_buffer.prefetch_buffer_i/stored_addr_q_reg[15]
  Impl DFF        Imp:/WORK/ibex_top/u_ibex_core/if_stage_i/gen_prefetch_buffer.prefetch_buffer_i/stored_addr_q_reg[15]

  Ref  DFF        r:/WORK/ibex_top/u_ibex_core/if_stage_i/gen_prefetch_buffer.prefetch_buffer_i/stored_addr_q_reg[16]
  Impl DFF        Imp:/WORK/ibex_top/u_ibex_core/if_stage_i/gen_prefetch_buffer.prefetch_buffer_i/stored_addr_q_reg[16]

  Ref  DFF        r:/WORK/ibex_top/u_ibex_core/if_stage_i/gen_prefetch_buffer.prefetch_buffer_i/stored_addr_q_reg[17]
  Impl DFF        Imp:/WORK/ibex_top/u_ibex_core/if_stage_i/gen_prefetch_buffer.prefetch_buffer_i/stored_addr_q_reg[17]

  Ref  DFF        r:/WORK/ibex_top/u_ibex_core/if_stage_i/gen_prefetch_buffer.prefetch_buffer_i/stored_addr_q_reg[18]
  Impl DFF        Imp:/WORK/ibex_top/u_ibex_core/if_stage_i/gen_prefetch_buffer.prefetch_buffer_i/stored_addr_q_reg[18]

  Ref  DFF        r:/WORK/ibex_top/u_ibex_core/if_stage_i/gen_prefetch_buffer.prefetch_buffer_i/stored_addr_q_reg[19]
  Impl DFF        Imp:/WORK/ibex_top/u_ibex_core/if_stage_i/gen_prefetch_buffer.prefetch_buffer_i/stored_addr_q_reg[19]

  Ref  DFF        r:/WORK/ibex_top/u_ibex_core/if_stage_i/gen_prefetch_buffer.prefetch_buffer_i/stored_addr_q_reg[20]
  Impl DFF        Imp:/WORK/ibex_top/u_ibex_core/if_stage_i/gen_prefetch_buffer.prefetch_buffer_i/stored_addr_q_reg[20]

  Ref  DFF        r:/WORK/ibex_top/u_ibex_core/if_stage_i/gen_prefetch_buffer.prefetch_buffer_i/stored_addr_q_reg[21]
  Impl DFF        Imp:/WORK/ibex_top/u_ibex_core/if_stage_i/gen_prefetch_buffer.prefetch_buffer_i/stored_addr_q_reg[21]

  Ref  DFF        r:/WORK/ibex_top/u_ibex_core/if_stage_i/gen_prefetch_buffer.prefetch_buffer_i/stored_addr_q_reg[22]
  Impl DFF        Imp:/WORK/ibex_top/u_ibex_core/if_stage_i/gen_prefetch_buffer.prefetch_buffer_i/stored_addr_q_reg[22]

  Ref  DFF        r:/WORK/ibex_top/u_ibex_core/if_stage_i/gen_prefetch_buffer.prefetch_buffer_i/stored_addr_q_reg[23]
  Impl DFF        Imp:/WORK/ibex_top/u_ibex_core/if_stage_i/gen_prefetch_buffer.prefetch_buffer_i/stored_addr_q_reg[23]

  Ref  DFF        r:/WORK/ibex_top/u_ibex_core/if_stage_i/gen_prefetch_buffer.prefetch_buffer_i/stored_addr_q_reg[24]
  Impl DFF        Imp:/WORK/ibex_top/u_ibex_core/if_stage_i/gen_prefetch_buffer.prefetch_buffer_i/stored_addr_q_reg[24]

  Ref  DFF        r:/WORK/ibex_top/u_ibex_core/if_stage_i/gen_prefetch_buffer.prefetch_buffer_i/stored_addr_q_reg[25]
  Impl DFF        Imp:/WORK/ibex_top/u_ibex_core/if_stage_i/gen_prefetch_buffer.prefetch_buffer_i/stored_addr_q_reg[25]

  Ref  DFF        r:/WORK/ibex_top/u_ibex_core/if_stage_i/gen_prefetch_buffer.prefetch_buffer_i/stored_addr_q_reg[26]
  Impl DFF        Imp:/WORK/ibex_top/u_ibex_core/if_stage_i/gen_prefetch_buffer.prefetch_buffer_i/stored_addr_q_reg[26]

  Ref  DFF        r:/WORK/ibex_top/u_ibex_core/if_stage_i/gen_prefetch_buffer.prefetch_buffer_i/stored_addr_q_reg[27]
  Impl DFF        Imp:/WORK/ibex_top/u_ibex_core/if_stage_i/gen_prefetch_buffer.prefetch_buffer_i/stored_addr_q_reg[27]

  Ref  DFF        r:/WORK/ibex_top/u_ibex_core/if_stage_i/gen_prefetch_buffer.prefetch_buffer_i/stored_addr_q_reg[28]
  Impl DFF        Imp:/WORK/ibex_top/u_ibex_core/if_stage_i/gen_prefetch_buffer.prefetch_buffer_i/stored_addr_q_reg[28]

  Ref  DFF        r:/WORK/ibex_top/u_ibex_core/if_stage_i/gen_prefetch_buffer.prefetch_buffer_i/stored_addr_q_reg[29]
  Impl DFF        Imp:/WORK/ibex_top/u_ibex_core/if_stage_i/gen_prefetch_buffer.prefetch_buffer_i/stored_addr_q_reg[29]

  Ref  DFF        r:/WORK/ibex_top/u_ibex_core/if_stage_i/gen_prefetch_buffer.prefetch_buffer_i/stored_addr_q_reg[2]
  Impl DFF        Imp:/WORK/ibex_top/u_ibex_core/if_stage_i/gen_prefetch_buffer.prefetch_buffer_i/stored_addr_q_reg[2]

  Ref  DFF        r:/WORK/ibex_top/u_ibex_core/if_stage_i/gen_prefetch_buffer.prefetch_buffer_i/stored_addr_q_reg[30]
  Impl DFF        Imp:/WORK/ibex_top/u_ibex_core/if_stage_i/gen_prefetch_buffer.prefetch_buffer_i/stored_addr_q_reg[30]

  Ref  DFF        r:/WORK/ibex_top/u_ibex_core/if_stage_i/gen_prefetch_buffer.prefetch_buffer_i/stored_addr_q_reg[31]
  Impl DFF        Imp:/WORK/ibex_top/u_ibex_core/if_stage_i/gen_prefetch_buffer.prefetch_buffer_i/stored_addr_q_reg[31]

  Ref  DFF        r:/WORK/ibex_top/u_ibex_core/if_stage_i/gen_prefetch_buffer.prefetch_buffer_i/stored_addr_q_reg[3]
  Impl DFF        Imp:/WORK/ibex_top/u_ibex_core/if_stage_i/gen_prefetch_buffer.prefetch_buffer_i/stored_addr_q_reg[3]

  Ref  DFF        r:/WORK/ibex_top/u_ibex_core/if_stage_i/gen_prefetch_buffer.prefetch_buffer_i/stored_addr_q_reg[4]
  Impl DFF        Imp:/WORK/ibex_top/u_ibex_core/if_stage_i/gen_prefetch_buffer.prefetch_buffer_i/stored_addr_q_reg[4]

  Ref  DFF        r:/WORK/ibex_top/u_ibex_core/if_stage_i/gen_prefetch_buffer.prefetch_buffer_i/stored_addr_q_reg[5]
  Impl DFF        Imp:/WORK/ibex_top/u_ibex_core/if_stage_i/gen_prefetch_buffer.prefetch_buffer_i/stored_addr_q_reg[5]

  Ref  DFF        r:/WORK/ibex_top/u_ibex_core/if_stage_i/gen_prefetch_buffer.prefetch_buffer_i/stored_addr_q_reg[6]
  Impl DFF        Imp:/WORK/ibex_top/u_ibex_core/if_stage_i/gen_prefetch_buffer.prefetch_buffer_i/stored_addr_q_reg[6]

  Ref  DFF        r:/WORK/ibex_top/u_ibex_core/if_stage_i/gen_prefetch_buffer.prefetch_buffer_i/stored_addr_q_reg[7]
  Impl DFF        Imp:/WORK/ibex_top/u_ibex_core/if_stage_i/gen_prefetch_buffer.prefetch_buffer_i/stored_addr_q_reg[7]

  Ref  DFF        r:/WORK/ibex_top/u_ibex_core/if_stage_i/gen_prefetch_buffer.prefetch_buffer_i/stored_addr_q_reg[8]
  Impl DFF        Imp:/WORK/ibex_top/u_ibex_core/if_stage_i/gen_prefetch_buffer.prefetch_buffer_i/stored_addr_q_reg[8]

  Ref  DFF        r:/WORK/ibex_top/u_ibex_core/if_stage_i/gen_prefetch_buffer.prefetch_buffer_i/stored_addr_q_reg[9]
  Impl DFF        Imp:/WORK/ibex_top/u_ibex_core/if_stage_i/gen_prefetch_buffer.prefetch_buffer_i/stored_addr_q_reg[9]

  Ref  DFF        r:/WORK/ibex_top/u_ibex_core/if_stage_i/gen_prefetch_buffer.prefetch_buffer_i/valid_req_q_reg
  Impl DFF        Imp:/WORK/ibex_top/u_ibex_core/if_stage_i/gen_prefetch_buffer.prefetch_buffer_i/valid_req_q_reg

  Ref  DFF        r:/WORK/ibex_top/u_ibex_core/if_stage_i/illegal_c_insn_id_o_reg
  Impl DFF        Imp:/WORK/ibex_top/u_ibex_core/if_stage_i/illegal_c_insn_id_o_reg

  Ref  DFF        r:/WORK/ibex_top/u_ibex_core/if_stage_i/instr_fetch_err_o_reg
  Impl DFF        Imp:/WORK/ibex_top/u_ibex_core/if_stage_i/instr_fetch_err_o_reg

  Ref  DFF        r:/WORK/ibex_top/u_ibex_core/if_stage_i/instr_fetch_err_plus2_o_reg
  Impl DFF        Imp:/WORK/ibex_top/u_ibex_core/if_stage_i/instr_fetch_err_plus2_o_reg

  Ref  DFF        r:/WORK/ibex_top/u_ibex_core/if_stage_i/instr_is_compressed_id_o_reg
  Impl DFF        Imp:/WORK/ibex_top/u_ibex_core/if_stage_i/instr_is_compressed_id_o_reg

  Ref  DFF        r:/WORK/ibex_top/u_ibex_core/if_stage_i/instr_rdata_alu_id_o_reg[0]
  Impl DFF        Imp:/WORK/ibex_top/u_ibex_core/if_stage_i/instr_rdata_alu_id_o_reg[0]

  Ref  DFF        r:/WORK/ibex_top/u_ibex_core/if_stage_i/instr_rdata_alu_id_o_reg[12]
  Impl DFF        Imp:/WORK/ibex_top/u_ibex_core/if_stage_i/instr_rdata_alu_id_o_reg[12]

  Ref  DFF        r:/WORK/ibex_top/u_ibex_core/if_stage_i/instr_rdata_alu_id_o_reg[13]
  Impl DFF        Imp:/WORK/ibex_top/u_ibex_core/if_stage_i/instr_rdata_alu_id_o_reg[13]

  Ref  DFF        r:/WORK/ibex_top/u_ibex_core/if_stage_i/instr_rdata_alu_id_o_reg[14]
  Impl DFF        Imp:/WORK/ibex_top/u_ibex_core/if_stage_i/instr_rdata_alu_id_o_reg[14]

  Ref  DFF        r:/WORK/ibex_top/u_ibex_core/if_stage_i/instr_rdata_alu_id_o_reg[1]
  Impl DFF        Imp:/WORK/ibex_top/u_ibex_core/if_stage_i/instr_rdata_alu_id_o_reg[1]

  Ref  DFF        r:/WORK/ibex_top/u_ibex_core/if_stage_i/instr_rdata_alu_id_o_reg[25]
  Impl DFF        Imp:/WORK/ibex_top/u_ibex_core/if_stage_i/instr_rdata_alu_id_o_reg[25]

  Ref  DFF        r:/WORK/ibex_top/u_ibex_core/if_stage_i/instr_rdata_alu_id_o_reg[26]
  Impl DFF        Imp:/WORK/ibex_top/u_ibex_core/if_stage_i/instr_rdata_alu_id_o_reg[26]

  Ref  DFF        r:/WORK/ibex_top/u_ibex_core/if_stage_i/instr_rdata_alu_id_o_reg[27]
  Impl DFF        Imp:/WORK/ibex_top/u_ibex_core/if_stage_i/instr_rdata_alu_id_o_reg[27]

  Ref  DFF        r:/WORK/ibex_top/u_ibex_core/if_stage_i/instr_rdata_alu_id_o_reg[28]
  Impl DFF        Imp:/WORK/ibex_top/u_ibex_core/if_stage_i/instr_rdata_alu_id_o_reg[28]

  Ref  DFF        r:/WORK/ibex_top/u_ibex_core/if_stage_i/instr_rdata_alu_id_o_reg[29]
  Impl DFF        Imp:/WORK/ibex_top/u_ibex_core/if_stage_i/instr_rdata_alu_id_o_reg[29]

  Ref  DFF        r:/WORK/ibex_top/u_ibex_core/if_stage_i/instr_rdata_alu_id_o_reg[2]
  Impl DFF        Imp:/WORK/ibex_top/u_ibex_core/if_stage_i/instr_rdata_alu_id_o_reg[2]

  Ref  DFF        r:/WORK/ibex_top/u_ibex_core/if_stage_i/instr_rdata_alu_id_o_reg[30]
  Impl DFF        Imp:/WORK/ibex_top/u_ibex_core/if_stage_i/instr_rdata_alu_id_o_reg[30]

  Ref  DFF        r:/WORK/ibex_top/u_ibex_core/if_stage_i/instr_rdata_alu_id_o_reg[31]
  Impl DFF        Imp:/WORK/ibex_top/u_ibex_core/if_stage_i/instr_rdata_alu_id_o_reg[31]

  Ref  DFF        r:/WORK/ibex_top/u_ibex_core/if_stage_i/instr_rdata_alu_id_o_reg[3]
  Impl DFF        Imp:/WORK/ibex_top/u_ibex_core/if_stage_i/instr_rdata_alu_id_o_reg[3]

  Ref  DFF        r:/WORK/ibex_top/u_ibex_core/if_stage_i/instr_rdata_alu_id_o_reg[4]
  Impl DFF        Imp:/WORK/ibex_top/u_ibex_core/if_stage_i/instr_rdata_alu_id_o_reg[4]

  Ref  DFF        r:/WORK/ibex_top/u_ibex_core/if_stage_i/instr_rdata_alu_id_o_reg[5]
  Impl DFF        Imp:/WORK/ibex_top/u_ibex_core/if_stage_i/instr_rdata_alu_id_o_reg[5]

  Ref  DFF        r:/WORK/ibex_top/u_ibex_core/if_stage_i/instr_rdata_alu_id_o_reg[6]
  Impl DFF        Imp:/WORK/ibex_top/u_ibex_core/if_stage_i/instr_rdata_alu_id_o_reg[6]

  Ref  DFF        r:/WORK/ibex_top/u_ibex_core/if_stage_i/instr_rdata_c_id_o_reg[0]
  Impl DFF        Imp:/WORK/ibex_top/u_ibex_core/if_stage_i/instr_rdata_c_id_o_reg[0]

  Ref  DFF        r:/WORK/ibex_top/u_ibex_core/if_stage_i/instr_rdata_c_id_o_reg[10]
  Impl DFF        Imp:/WORK/ibex_top/u_ibex_core/if_stage_i/instr_rdata_c_id_o_reg[10]

  Ref  DFF        r:/WORK/ibex_top/u_ibex_core/if_stage_i/instr_rdata_c_id_o_reg[11]
  Impl DFF        Imp:/WORK/ibex_top/u_ibex_core/if_stage_i/instr_rdata_c_id_o_reg[11]

  Ref  DFF        r:/WORK/ibex_top/u_ibex_core/if_stage_i/instr_rdata_c_id_o_reg[12]
  Impl DFF        Imp:/WORK/ibex_top/u_ibex_core/if_stage_i/instr_rdata_c_id_o_reg[12]

  Ref  DFF        r:/WORK/ibex_top/u_ibex_core/if_stage_i/instr_rdata_c_id_o_reg[13]
  Impl DFF        Imp:/WORK/ibex_top/u_ibex_core/if_stage_i/instr_rdata_c_id_o_reg[13]

  Ref  DFF        r:/WORK/ibex_top/u_ibex_core/if_stage_i/instr_rdata_c_id_o_reg[14]
  Impl DFF        Imp:/WORK/ibex_top/u_ibex_core/if_stage_i/instr_rdata_c_id_o_reg[14]

  Ref  DFF        r:/WORK/ibex_top/u_ibex_core/if_stage_i/instr_rdata_c_id_o_reg[15]
  Impl DFF        Imp:/WORK/ibex_top/u_ibex_core/if_stage_i/instr_rdata_c_id_o_reg[15]

  Ref  DFF        r:/WORK/ibex_top/u_ibex_core/if_stage_i/instr_rdata_c_id_o_reg[1]
  Impl DFF        Imp:/WORK/ibex_top/u_ibex_core/if_stage_i/instr_rdata_c_id_o_reg[1]

  Ref  DFF        r:/WORK/ibex_top/u_ibex_core/if_stage_i/instr_rdata_c_id_o_reg[2]
  Impl DFF        Imp:/WORK/ibex_top/u_ibex_core/if_stage_i/instr_rdata_c_id_o_reg[2]

  Ref  DFF        r:/WORK/ibex_top/u_ibex_core/if_stage_i/instr_rdata_c_id_o_reg[3]
  Impl DFF        Imp:/WORK/ibex_top/u_ibex_core/if_stage_i/instr_rdata_c_id_o_reg[3]

  Ref  DFF        r:/WORK/ibex_top/u_ibex_core/if_stage_i/instr_rdata_c_id_o_reg[4]
  Impl DFF        Imp:/WORK/ibex_top/u_ibex_core/if_stage_i/instr_rdata_c_id_o_reg[4]

  Ref  DFF        r:/WORK/ibex_top/u_ibex_core/if_stage_i/instr_rdata_c_id_o_reg[5]
  Impl DFF        Imp:/WORK/ibex_top/u_ibex_core/if_stage_i/instr_rdata_c_id_o_reg[5]

  Ref  DFF        r:/WORK/ibex_top/u_ibex_core/if_stage_i/instr_rdata_c_id_o_reg[6]
  Impl DFF        Imp:/WORK/ibex_top/u_ibex_core/if_stage_i/instr_rdata_c_id_o_reg[6]

  Ref  DFF        r:/WORK/ibex_top/u_ibex_core/if_stage_i/instr_rdata_c_id_o_reg[7]
  Impl DFF        Imp:/WORK/ibex_top/u_ibex_core/if_stage_i/instr_rdata_c_id_o_reg[7]

  Ref  DFF        r:/WORK/ibex_top/u_ibex_core/if_stage_i/instr_rdata_c_id_o_reg[8]
  Impl DFF        Imp:/WORK/ibex_top/u_ibex_core/if_stage_i/instr_rdata_c_id_o_reg[8]

  Ref  DFF        r:/WORK/ibex_top/u_ibex_core/if_stage_i/instr_rdata_c_id_o_reg[9]
  Impl DFF        Imp:/WORK/ibex_top/u_ibex_core/if_stage_i/instr_rdata_c_id_o_reg[9]

  Ref  DFF        r:/WORK/ibex_top/u_ibex_core/if_stage_i/instr_rdata_id_o_reg[0]
  Impl DFF        Imp:/WORK/ibex_top/u_ibex_core/if_stage_i/instr_rdata_id_o_reg[0]

  Ref  DFF        r:/WORK/ibex_top/u_ibex_core/if_stage_i/instr_rdata_id_o_reg[10]
  Impl DFF        Imp:/WORK/ibex_top/u_ibex_core/if_stage_i/instr_rdata_id_o_reg[10]

  Ref  DFF        r:/WORK/ibex_top/u_ibex_core/if_stage_i/instr_rdata_id_o_reg[11]
  Impl DFF        Imp:/WORK/ibex_top/u_ibex_core/if_stage_i/instr_rdata_id_o_reg[11]

  Ref  DFF        r:/WORK/ibex_top/u_ibex_core/if_stage_i/instr_rdata_id_o_reg[12]
  Impl DFF        Imp:/WORK/ibex_top/u_ibex_core/if_stage_i/instr_rdata_id_o_reg[12]

  Ref  DFF        r:/WORK/ibex_top/u_ibex_core/if_stage_i/instr_rdata_id_o_reg[13]
  Impl DFF        Imp:/WORK/ibex_top/u_ibex_core/if_stage_i/instr_rdata_id_o_reg[13]

  Ref  DFF        r:/WORK/ibex_top/u_ibex_core/if_stage_i/instr_rdata_id_o_reg[14]
  Impl DFF        Imp:/WORK/ibex_top/u_ibex_core/if_stage_i/instr_rdata_id_o_reg[14]

  Ref  DFF        r:/WORK/ibex_top/u_ibex_core/if_stage_i/instr_rdata_id_o_reg[15]
  Impl DFF        Imp:/WORK/ibex_top/u_ibex_core/if_stage_i/instr_rdata_id_o_reg[15]

  Ref  DFF        r:/WORK/ibex_top/u_ibex_core/if_stage_i/instr_rdata_id_o_reg[16]
  Impl DFF        Imp:/WORK/ibex_top/u_ibex_core/if_stage_i/instr_rdata_id_o_reg[16]

  Ref  DFF        r:/WORK/ibex_top/u_ibex_core/if_stage_i/instr_rdata_id_o_reg[17]
  Impl DFF        Imp:/WORK/ibex_top/u_ibex_core/if_stage_i/instr_rdata_id_o_reg[17]

  Ref  DFF        r:/WORK/ibex_top/u_ibex_core/if_stage_i/instr_rdata_id_o_reg[18]
  Impl DFF        Imp:/WORK/ibex_top/u_ibex_core/if_stage_i/instr_rdata_id_o_reg[18]

  Ref  DFF        r:/WORK/ibex_top/u_ibex_core/if_stage_i/instr_rdata_id_o_reg[19]
  Impl DFF        Imp:/WORK/ibex_top/u_ibex_core/if_stage_i/instr_rdata_id_o_reg[19]

  Ref  DFF        r:/WORK/ibex_top/u_ibex_core/if_stage_i/instr_rdata_id_o_reg[1]
  Impl DFF        Imp:/WORK/ibex_top/u_ibex_core/if_stage_i/instr_rdata_id_o_reg[1]

  Ref  DFF        r:/WORK/ibex_top/u_ibex_core/if_stage_i/instr_rdata_id_o_reg[20]
  Impl DFF        Imp:/WORK/ibex_top/u_ibex_core/if_stage_i/instr_rdata_id_o_reg[20]

  Ref  DFF        r:/WORK/ibex_top/u_ibex_core/if_stage_i/instr_rdata_id_o_reg[21]
  Impl DFF        Imp:/WORK/ibex_top/u_ibex_core/if_stage_i/instr_rdata_id_o_reg[21]

  Ref  DFF        r:/WORK/ibex_top/u_ibex_core/if_stage_i/instr_rdata_id_o_reg[22]
  Impl DFF        Imp:/WORK/ibex_top/u_ibex_core/if_stage_i/instr_rdata_id_o_reg[22]

  Ref  DFF        r:/WORK/ibex_top/u_ibex_core/if_stage_i/instr_rdata_id_o_reg[23]
  Impl DFF        Imp:/WORK/ibex_top/u_ibex_core/if_stage_i/instr_rdata_id_o_reg[23]

  Ref  DFF        r:/WORK/ibex_top/u_ibex_core/if_stage_i/instr_rdata_id_o_reg[24]
  Impl DFF        Imp:/WORK/ibex_top/u_ibex_core/if_stage_i/instr_rdata_id_o_reg[24]

  Ref  DFF        r:/WORK/ibex_top/u_ibex_core/if_stage_i/instr_rdata_id_o_reg[25]
  Impl DFF        Imp:/WORK/ibex_top/u_ibex_core/if_stage_i/instr_rdata_id_o_reg[25]

  Ref  DFF        r:/WORK/ibex_top/u_ibex_core/if_stage_i/instr_rdata_id_o_reg[26]
  Impl DFF        Imp:/WORK/ibex_top/u_ibex_core/if_stage_i/instr_rdata_id_o_reg[26]

  Ref  DFF        r:/WORK/ibex_top/u_ibex_core/if_stage_i/instr_rdata_id_o_reg[27]
  Impl DFF        Imp:/WORK/ibex_top/u_ibex_core/if_stage_i/instr_rdata_id_o_reg[27]

  Ref  DFF        r:/WORK/ibex_top/u_ibex_core/if_stage_i/instr_rdata_id_o_reg[28]
  Impl DFF        Imp:/WORK/ibex_top/u_ibex_core/if_stage_i/instr_rdata_id_o_reg[28]

  Ref  DFF        r:/WORK/ibex_top/u_ibex_core/if_stage_i/instr_rdata_id_o_reg[29]
  Impl DFF        Imp:/WORK/ibex_top/u_ibex_core/if_stage_i/instr_rdata_id_o_reg[29]

  Ref  DFF        r:/WORK/ibex_top/u_ibex_core/if_stage_i/instr_rdata_id_o_reg[2]
  Impl DFF        Imp:/WORK/ibex_top/u_ibex_core/if_stage_i/instr_rdata_id_o_reg[2]

  Ref  DFF        r:/WORK/ibex_top/u_ibex_core/if_stage_i/instr_rdata_id_o_reg[30]
  Impl DFF        Imp:/WORK/ibex_top/u_ibex_core/if_stage_i/instr_rdata_id_o_reg[30]

  Ref  DFF        r:/WORK/ibex_top/u_ibex_core/if_stage_i/instr_rdata_id_o_reg[31]
  Impl DFF        Imp:/WORK/ibex_top/u_ibex_core/if_stage_i/instr_rdata_id_o_reg[31]

  Ref  DFF        r:/WORK/ibex_top/u_ibex_core/if_stage_i/instr_rdata_id_o_reg[3]
  Impl DFF        Imp:/WORK/ibex_top/u_ibex_core/if_stage_i/instr_rdata_id_o_reg[3]

  Ref  DFF        r:/WORK/ibex_top/u_ibex_core/if_stage_i/instr_rdata_id_o_reg[4]
  Impl DFF        Imp:/WORK/ibex_top/u_ibex_core/if_stage_i/instr_rdata_id_o_reg[4]

  Ref  DFF        r:/WORK/ibex_top/u_ibex_core/if_stage_i/instr_rdata_id_o_reg[5]
  Impl DFF        Imp:/WORK/ibex_top/u_ibex_core/if_stage_i/instr_rdata_id_o_reg[5]

  Ref  DFF        r:/WORK/ibex_top/u_ibex_core/if_stage_i/instr_rdata_id_o_reg[6]
  Impl DFF        Imp:/WORK/ibex_top/u_ibex_core/if_stage_i/instr_rdata_id_o_reg[6]

  Ref  DFF        r:/WORK/ibex_top/u_ibex_core/if_stage_i/instr_rdata_id_o_reg[7]
  Impl DFF        Imp:/WORK/ibex_top/u_ibex_core/if_stage_i/instr_rdata_id_o_reg[7]

  Ref  DFF        r:/WORK/ibex_top/u_ibex_core/if_stage_i/instr_rdata_id_o_reg[8]
  Impl DFF        Imp:/WORK/ibex_top/u_ibex_core/if_stage_i/instr_rdata_id_o_reg[8]

  Ref  DFF        r:/WORK/ibex_top/u_ibex_core/if_stage_i/instr_rdata_id_o_reg[9]
  Impl DFF        Imp:/WORK/ibex_top/u_ibex_core/if_stage_i/instr_rdata_id_o_reg[9]

  Ref  DFF        r:/WORK/ibex_top/u_ibex_core/if_stage_i/instr_valid_id_q_reg
  Impl DFF        Imp:/WORK/ibex_top/u_ibex_core/if_stage_i/instr_valid_id_q_reg

  Ref  DFF        r:/WORK/ibex_top/u_ibex_core/if_stage_i/pc_id_o_reg[10]
  Impl DFF        Imp:/WORK/ibex_top/u_ibex_core/if_stage_i/pc_id_o_reg[10]

  Ref  DFF        r:/WORK/ibex_top/u_ibex_core/if_stage_i/pc_id_o_reg[11]
  Impl DFF        Imp:/WORK/ibex_top/u_ibex_core/if_stage_i/pc_id_o_reg[11]

  Ref  DFF        r:/WORK/ibex_top/u_ibex_core/if_stage_i/pc_id_o_reg[12]
  Impl DFF        Imp:/WORK/ibex_top/u_ibex_core/if_stage_i/pc_id_o_reg[12]

  Ref  DFF        r:/WORK/ibex_top/u_ibex_core/if_stage_i/pc_id_o_reg[13]
  Impl DFF        Imp:/WORK/ibex_top/u_ibex_core/if_stage_i/pc_id_o_reg[13]

  Ref  DFF        r:/WORK/ibex_top/u_ibex_core/if_stage_i/pc_id_o_reg[14]
  Impl DFF        Imp:/WORK/ibex_top/u_ibex_core/if_stage_i/pc_id_o_reg[14]

  Ref  DFF        r:/WORK/ibex_top/u_ibex_core/if_stage_i/pc_id_o_reg[15]
  Impl DFF        Imp:/WORK/ibex_top/u_ibex_core/if_stage_i/pc_id_o_reg[15]

  Ref  DFF        r:/WORK/ibex_top/u_ibex_core/if_stage_i/pc_id_o_reg[16]
  Impl DFF        Imp:/WORK/ibex_top/u_ibex_core/if_stage_i/pc_id_o_reg[16]

  Ref  DFF        r:/WORK/ibex_top/u_ibex_core/if_stage_i/pc_id_o_reg[17]
  Impl DFF        Imp:/WORK/ibex_top/u_ibex_core/if_stage_i/pc_id_o_reg[17]

  Ref  DFF        r:/WORK/ibex_top/u_ibex_core/if_stage_i/pc_id_o_reg[18]
  Impl DFF        Imp:/WORK/ibex_top/u_ibex_core/if_stage_i/pc_id_o_reg[18]

  Ref  DFF        r:/WORK/ibex_top/u_ibex_core/if_stage_i/pc_id_o_reg[19]
  Impl DFF        Imp:/WORK/ibex_top/u_ibex_core/if_stage_i/pc_id_o_reg[19]

  Ref  DFF        r:/WORK/ibex_top/u_ibex_core/if_stage_i/pc_id_o_reg[1]
  Impl DFF        Imp:/WORK/ibex_top/u_ibex_core/if_stage_i/pc_id_o_reg[1]

  Ref  DFF        r:/WORK/ibex_top/u_ibex_core/if_stage_i/pc_id_o_reg[20]
  Impl DFF        Imp:/WORK/ibex_top/u_ibex_core/if_stage_i/pc_id_o_reg[20]

  Ref  DFF        r:/WORK/ibex_top/u_ibex_core/if_stage_i/pc_id_o_reg[21]
  Impl DFF        Imp:/WORK/ibex_top/u_ibex_core/if_stage_i/pc_id_o_reg[21]

  Ref  DFF        r:/WORK/ibex_top/u_ibex_core/if_stage_i/pc_id_o_reg[22]
  Impl DFF        Imp:/WORK/ibex_top/u_ibex_core/if_stage_i/pc_id_o_reg[22]

  Ref  DFF        r:/WORK/ibex_top/u_ibex_core/if_stage_i/pc_id_o_reg[23]
  Impl DFF        Imp:/WORK/ibex_top/u_ibex_core/if_stage_i/pc_id_o_reg[23]

  Ref  DFF        r:/WORK/ibex_top/u_ibex_core/if_stage_i/pc_id_o_reg[24]
  Impl DFF        Imp:/WORK/ibex_top/u_ibex_core/if_stage_i/pc_id_o_reg[24]

  Ref  DFF        r:/WORK/ibex_top/u_ibex_core/if_stage_i/pc_id_o_reg[25]
  Impl DFF        Imp:/WORK/ibex_top/u_ibex_core/if_stage_i/pc_id_o_reg[25]

  Ref  DFF        r:/WORK/ibex_top/u_ibex_core/if_stage_i/pc_id_o_reg[26]
  Impl DFF        Imp:/WORK/ibex_top/u_ibex_core/if_stage_i/pc_id_o_reg[26]

  Ref  DFF        r:/WORK/ibex_top/u_ibex_core/if_stage_i/pc_id_o_reg[27]
  Impl DFF        Imp:/WORK/ibex_top/u_ibex_core/if_stage_i/pc_id_o_reg[27]

  Ref  DFF        r:/WORK/ibex_top/u_ibex_core/if_stage_i/pc_id_o_reg[28]
  Impl DFF        Imp:/WORK/ibex_top/u_ibex_core/if_stage_i/pc_id_o_reg[28]

  Ref  DFF        r:/WORK/ibex_top/u_ibex_core/if_stage_i/pc_id_o_reg[29]
  Impl DFF        Imp:/WORK/ibex_top/u_ibex_core/if_stage_i/pc_id_o_reg[29]

  Ref  DFF        r:/WORK/ibex_top/u_ibex_core/if_stage_i/pc_id_o_reg[2]
  Impl DFF        Imp:/WORK/ibex_top/u_ibex_core/if_stage_i/pc_id_o_reg[2]

  Ref  DFF        r:/WORK/ibex_top/u_ibex_core/if_stage_i/pc_id_o_reg[30]
  Impl DFF        Imp:/WORK/ibex_top/u_ibex_core/if_stage_i/pc_id_o_reg[30]

  Ref  DFF        r:/WORK/ibex_top/u_ibex_core/if_stage_i/pc_id_o_reg[31]
  Impl DFF        Imp:/WORK/ibex_top/u_ibex_core/if_stage_i/pc_id_o_reg[31]

  Ref  DFF        r:/WORK/ibex_top/u_ibex_core/if_stage_i/pc_id_o_reg[3]
  Impl DFF        Imp:/WORK/ibex_top/u_ibex_core/if_stage_i/pc_id_o_reg[3]

  Ref  DFF        r:/WORK/ibex_top/u_ibex_core/if_stage_i/pc_id_o_reg[4]
  Impl DFF        Imp:/WORK/ibex_top/u_ibex_core/if_stage_i/pc_id_o_reg[4]

  Ref  DFF        r:/WORK/ibex_top/u_ibex_core/if_stage_i/pc_id_o_reg[5]
  Impl DFF        Imp:/WORK/ibex_top/u_ibex_core/if_stage_i/pc_id_o_reg[5]

  Ref  DFF        r:/WORK/ibex_top/u_ibex_core/if_stage_i/pc_id_o_reg[6]
  Impl DFF        Imp:/WORK/ibex_top/u_ibex_core/if_stage_i/pc_id_o_reg[6]

  Ref  DFF        r:/WORK/ibex_top/u_ibex_core/if_stage_i/pc_id_o_reg[7]
  Impl DFF        Imp:/WORK/ibex_top/u_ibex_core/if_stage_i/pc_id_o_reg[7]

  Ref  DFF        r:/WORK/ibex_top/u_ibex_core/if_stage_i/pc_id_o_reg[8]
  Impl DFF        Imp:/WORK/ibex_top/u_ibex_core/if_stage_i/pc_id_o_reg[8]

  Ref  DFF        r:/WORK/ibex_top/u_ibex_core/if_stage_i/pc_id_o_reg[9]
  Impl DFF        Imp:/WORK/ibex_top/u_ibex_core/if_stage_i/pc_id_o_reg[9]

  Ref  DFF        r:/WORK/ibex_top/u_ibex_core/load_store_unit_i/addr_last_q_reg[0]
  Impl DFF        Imp:/WORK/ibex_top/u_ibex_core/load_store_unit_i/addr_last_q_reg[0]

  Ref  DFF        r:/WORK/ibex_top/u_ibex_core/load_store_unit_i/addr_last_q_reg[10]
  Impl DFF        Imp:/WORK/ibex_top/u_ibex_core/load_store_unit_i/addr_last_q_reg[10]

  Ref  DFF        r:/WORK/ibex_top/u_ibex_core/load_store_unit_i/addr_last_q_reg[11]
  Impl DFF        Imp:/WORK/ibex_top/u_ibex_core/load_store_unit_i/addr_last_q_reg[11]

  Ref  DFF        r:/WORK/ibex_top/u_ibex_core/load_store_unit_i/addr_last_q_reg[12]
  Impl DFF        Imp:/WORK/ibex_top/u_ibex_core/load_store_unit_i/addr_last_q_reg[12]

  Ref  DFF        r:/WORK/ibex_top/u_ibex_core/load_store_unit_i/addr_last_q_reg[13]
  Impl DFF        Imp:/WORK/ibex_top/u_ibex_core/load_store_unit_i/addr_last_q_reg[13]

  Ref  DFF        r:/WORK/ibex_top/u_ibex_core/load_store_unit_i/addr_last_q_reg[14]
  Impl DFF        Imp:/WORK/ibex_top/u_ibex_core/load_store_unit_i/addr_last_q_reg[14]

  Ref  DFF        r:/WORK/ibex_top/u_ibex_core/load_store_unit_i/addr_last_q_reg[15]
  Impl DFF        Imp:/WORK/ibex_top/u_ibex_core/load_store_unit_i/addr_last_q_reg[15]

  Ref  DFF        r:/WORK/ibex_top/u_ibex_core/load_store_unit_i/addr_last_q_reg[16]
  Impl DFF        Imp:/WORK/ibex_top/u_ibex_core/load_store_unit_i/addr_last_q_reg[16]

  Ref  DFF        r:/WORK/ibex_top/u_ibex_core/load_store_unit_i/addr_last_q_reg[17]
  Impl DFF        Imp:/WORK/ibex_top/u_ibex_core/load_store_unit_i/addr_last_q_reg[17]

  Ref  DFF        r:/WORK/ibex_top/u_ibex_core/load_store_unit_i/addr_last_q_reg[18]
  Impl DFF        Imp:/WORK/ibex_top/u_ibex_core/load_store_unit_i/addr_last_q_reg[18]

  Ref  DFF        r:/WORK/ibex_top/u_ibex_core/load_store_unit_i/addr_last_q_reg[19]
  Impl DFF        Imp:/WORK/ibex_top/u_ibex_core/load_store_unit_i/addr_last_q_reg[19]

  Ref  DFF        r:/WORK/ibex_top/u_ibex_core/load_store_unit_i/addr_last_q_reg[1]
  Impl DFF        Imp:/WORK/ibex_top/u_ibex_core/load_store_unit_i/addr_last_q_reg[1]

  Ref  DFF        r:/WORK/ibex_top/u_ibex_core/load_store_unit_i/addr_last_q_reg[20]
  Impl DFF        Imp:/WORK/ibex_top/u_ibex_core/load_store_unit_i/addr_last_q_reg[20]

  Ref  DFF        r:/WORK/ibex_top/u_ibex_core/load_store_unit_i/addr_last_q_reg[21]
  Impl DFF        Imp:/WORK/ibex_top/u_ibex_core/load_store_unit_i/addr_last_q_reg[21]

  Ref  DFF        r:/WORK/ibex_top/u_ibex_core/load_store_unit_i/addr_last_q_reg[22]
  Impl DFF        Imp:/WORK/ibex_top/u_ibex_core/load_store_unit_i/addr_last_q_reg[22]

  Ref  DFF        r:/WORK/ibex_top/u_ibex_core/load_store_unit_i/addr_last_q_reg[23]
  Impl DFF        Imp:/WORK/ibex_top/u_ibex_core/load_store_unit_i/addr_last_q_reg[23]

  Ref  DFF        r:/WORK/ibex_top/u_ibex_core/load_store_unit_i/addr_last_q_reg[24]
  Impl DFF        Imp:/WORK/ibex_top/u_ibex_core/load_store_unit_i/addr_last_q_reg[24]

  Ref  DFF        r:/WORK/ibex_top/u_ibex_core/load_store_unit_i/addr_last_q_reg[25]
  Impl DFF        Imp:/WORK/ibex_top/u_ibex_core/load_store_unit_i/addr_last_q_reg[25]

  Ref  DFF        r:/WORK/ibex_top/u_ibex_core/load_store_unit_i/addr_last_q_reg[26]
  Impl DFF        Imp:/WORK/ibex_top/u_ibex_core/load_store_unit_i/addr_last_q_reg[26]

  Ref  DFF        r:/WORK/ibex_top/u_ibex_core/load_store_unit_i/addr_last_q_reg[27]
  Impl DFF        Imp:/WORK/ibex_top/u_ibex_core/load_store_unit_i/addr_last_q_reg[27]

  Ref  DFF        r:/WORK/ibex_top/u_ibex_core/load_store_unit_i/addr_last_q_reg[28]
  Impl DFF        Imp:/WORK/ibex_top/u_ibex_core/load_store_unit_i/addr_last_q_reg[28]

  Ref  DFF        r:/WORK/ibex_top/u_ibex_core/load_store_unit_i/addr_last_q_reg[29]
  Impl DFF        Imp:/WORK/ibex_top/u_ibex_core/load_store_unit_i/addr_last_q_reg[29]

  Ref  DFF        r:/WORK/ibex_top/u_ibex_core/load_store_unit_i/addr_last_q_reg[2]
  Impl DFF        Imp:/WORK/ibex_top/u_ibex_core/load_store_unit_i/addr_last_q_reg[2]

  Ref  DFF        r:/WORK/ibex_top/u_ibex_core/load_store_unit_i/addr_last_q_reg[30]
  Impl DFF        Imp:/WORK/ibex_top/u_ibex_core/load_store_unit_i/addr_last_q_reg[30]

  Ref  DFF        r:/WORK/ibex_top/u_ibex_core/load_store_unit_i/addr_last_q_reg[31]
  Impl DFF        Imp:/WORK/ibex_top/u_ibex_core/load_store_unit_i/addr_last_q_reg[31]

  Ref  DFF        r:/WORK/ibex_top/u_ibex_core/load_store_unit_i/addr_last_q_reg[3]
  Impl DFF        Imp:/WORK/ibex_top/u_ibex_core/load_store_unit_i/addr_last_q_reg[3]

  Ref  DFF        r:/WORK/ibex_top/u_ibex_core/load_store_unit_i/addr_last_q_reg[4]
  Impl DFF        Imp:/WORK/ibex_top/u_ibex_core/load_store_unit_i/addr_last_q_reg[4]

  Ref  DFF        r:/WORK/ibex_top/u_ibex_core/load_store_unit_i/addr_last_q_reg[5]
  Impl DFF        Imp:/WORK/ibex_top/u_ibex_core/load_store_unit_i/addr_last_q_reg[5]

  Ref  DFF        r:/WORK/ibex_top/u_ibex_core/load_store_unit_i/addr_last_q_reg[6]
  Impl DFF        Imp:/WORK/ibex_top/u_ibex_core/load_store_unit_i/addr_last_q_reg[6]

  Ref  DFF        r:/WORK/ibex_top/u_ibex_core/load_store_unit_i/addr_last_q_reg[7]
  Impl DFF        Imp:/WORK/ibex_top/u_ibex_core/load_store_unit_i/addr_last_q_reg[7]

  Ref  DFF        r:/WORK/ibex_top/u_ibex_core/load_store_unit_i/addr_last_q_reg[8]
  Impl DFF        Imp:/WORK/ibex_top/u_ibex_core/load_store_unit_i/addr_last_q_reg[8]

  Ref  DFF        r:/WORK/ibex_top/u_ibex_core/load_store_unit_i/addr_last_q_reg[9]
  Impl DFF        Imp:/WORK/ibex_top/u_ibex_core/load_store_unit_i/addr_last_q_reg[9]

  Ref  DFF        r:/WORK/ibex_top/u_ibex_core/load_store_unit_i/data_sign_ext_q_reg
  Impl DFF        Imp:/WORK/ibex_top/u_ibex_core/load_store_unit_i/data_sign_ext_q_reg

  Ref  DFF        r:/WORK/ibex_top/u_ibex_core/load_store_unit_i/data_type_q_reg[0]
  Impl DFF        Imp:/WORK/ibex_top/u_ibex_core/load_store_unit_i/data_type_q_reg[0]

  Ref  DFF        r:/WORK/ibex_top/u_ibex_core/load_store_unit_i/data_type_q_reg[1]
  Impl DFF        Imp:/WORK/ibex_top/u_ibex_core/load_store_unit_i/data_type_q_reg[1]

  Ref  DFF        r:/WORK/ibex_top/u_ibex_core/load_store_unit_i/data_we_q_reg
  Impl DFF        Imp:/WORK/ibex_top/u_ibex_core/load_store_unit_i/data_we_q_reg

  Ref  DFF        r:/WORK/ibex_top/u_ibex_core/load_store_unit_i/handle_misaligned_q_reg
  Impl DFF        Imp:/WORK/ibex_top/u_ibex_core/load_store_unit_i/handle_misaligned_q_reg

  Ref  DFF        r:/WORK/ibex_top/u_ibex_core/load_store_unit_i/ls_fsm_cs_reg[0]
  Impl DFF        Imp:/WORK/ibex_top/u_ibex_core/load_store_unit_i/ls_fsm_cs_reg[0]

  Ref  DFF        r:/WORK/ibex_top/u_ibex_core/load_store_unit_i/ls_fsm_cs_reg[1]
  Impl DFF        Imp:/WORK/ibex_top/u_ibex_core/load_store_unit_i/ls_fsm_cs_reg[1]

  Ref  DFF        r:/WORK/ibex_top/u_ibex_core/load_store_unit_i/ls_fsm_cs_reg[2]
  Impl DFF        Imp:/WORK/ibex_top/u_ibex_core/load_store_unit_i/ls_fsm_cs_reg[2]

  Ref  DFF        r:/WORK/ibex_top/u_ibex_core/load_store_unit_i/lsu_err_q_reg
  Impl DFF        Imp:/WORK/ibex_top/u_ibex_core/load_store_unit_i/lsu_err_q_reg

  Ref  DFF        r:/WORK/ibex_top/u_ibex_core/load_store_unit_i/rdata_offset_q_reg[0]
  Impl DFF        Imp:/WORK/ibex_top/u_ibex_core/load_store_unit_i/rdata_offset_q_reg[0]

  Ref  DFF        r:/WORK/ibex_top/u_ibex_core/load_store_unit_i/rdata_offset_q_reg[1]
  Impl DFF        Imp:/WORK/ibex_top/u_ibex_core/load_store_unit_i/rdata_offset_q_reg[1]

  Ref  DFF        r:/WORK/ibex_top/u_ibex_core/load_store_unit_i/rdata_q_reg[10]
  Impl DFF        Imp:/WORK/ibex_top/u_ibex_core/load_store_unit_i/rdata_q_reg[10]

  Ref  DFF        r:/WORK/ibex_top/u_ibex_core/load_store_unit_i/rdata_q_reg[11]
  Impl DFF        Imp:/WORK/ibex_top/u_ibex_core/load_store_unit_i/rdata_q_reg[11]

  Ref  DFF        r:/WORK/ibex_top/u_ibex_core/load_store_unit_i/rdata_q_reg[12]
  Impl DFF        Imp:/WORK/ibex_top/u_ibex_core/load_store_unit_i/rdata_q_reg[12]

  Ref  DFF        r:/WORK/ibex_top/u_ibex_core/load_store_unit_i/rdata_q_reg[13]
  Impl DFF        Imp:/WORK/ibex_top/u_ibex_core/load_store_unit_i/rdata_q_reg[13]

  Ref  DFF        r:/WORK/ibex_top/u_ibex_core/load_store_unit_i/rdata_q_reg[14]
  Impl DFF        Imp:/WORK/ibex_top/u_ibex_core/load_store_unit_i/rdata_q_reg[14]

  Ref  DFF        r:/WORK/ibex_top/u_ibex_core/load_store_unit_i/rdata_q_reg[15]
  Impl DFF        Imp:/WORK/ibex_top/u_ibex_core/load_store_unit_i/rdata_q_reg[15]

  Ref  DFF        r:/WORK/ibex_top/u_ibex_core/load_store_unit_i/rdata_q_reg[16]
  Impl DFF        Imp:/WORK/ibex_top/u_ibex_core/load_store_unit_i/rdata_q_reg[16]

  Ref  DFF        r:/WORK/ibex_top/u_ibex_core/load_store_unit_i/rdata_q_reg[17]
  Impl DFF        Imp:/WORK/ibex_top/u_ibex_core/load_store_unit_i/rdata_q_reg[17]

  Ref  DFF        r:/WORK/ibex_top/u_ibex_core/load_store_unit_i/rdata_q_reg[18]
  Impl DFF        Imp:/WORK/ibex_top/u_ibex_core/load_store_unit_i/rdata_q_reg[18]

  Ref  DFF        r:/WORK/ibex_top/u_ibex_core/load_store_unit_i/rdata_q_reg[19]
  Impl DFF        Imp:/WORK/ibex_top/u_ibex_core/load_store_unit_i/rdata_q_reg[19]

  Ref  DFF        r:/WORK/ibex_top/u_ibex_core/load_store_unit_i/rdata_q_reg[20]
  Impl DFF        Imp:/WORK/ibex_top/u_ibex_core/load_store_unit_i/rdata_q_reg[20]

  Ref  DFF        r:/WORK/ibex_top/u_ibex_core/load_store_unit_i/rdata_q_reg[21]
  Impl DFF        Imp:/WORK/ibex_top/u_ibex_core/load_store_unit_i/rdata_q_reg[21]

  Ref  DFF        r:/WORK/ibex_top/u_ibex_core/load_store_unit_i/rdata_q_reg[22]
  Impl DFF        Imp:/WORK/ibex_top/u_ibex_core/load_store_unit_i/rdata_q_reg[22]

  Ref  DFF        r:/WORK/ibex_top/u_ibex_core/load_store_unit_i/rdata_q_reg[23]
  Impl DFF        Imp:/WORK/ibex_top/u_ibex_core/load_store_unit_i/rdata_q_reg[23]

  Ref  DFF        r:/WORK/ibex_top/u_ibex_core/load_store_unit_i/rdata_q_reg[24]
  Impl DFF        Imp:/WORK/ibex_top/u_ibex_core/load_store_unit_i/rdata_q_reg[24]

  Ref  DFF        r:/WORK/ibex_top/u_ibex_core/load_store_unit_i/rdata_q_reg[25]
  Impl DFF        Imp:/WORK/ibex_top/u_ibex_core/load_store_unit_i/rdata_q_reg[25]

  Ref  DFF        r:/WORK/ibex_top/u_ibex_core/load_store_unit_i/rdata_q_reg[26]
  Impl DFF        Imp:/WORK/ibex_top/u_ibex_core/load_store_unit_i/rdata_q_reg[26]

  Ref  DFF        r:/WORK/ibex_top/u_ibex_core/load_store_unit_i/rdata_q_reg[27]
  Impl DFF        Imp:/WORK/ibex_top/u_ibex_core/load_store_unit_i/rdata_q_reg[27]

  Ref  DFF        r:/WORK/ibex_top/u_ibex_core/load_store_unit_i/rdata_q_reg[28]
  Impl DFF        Imp:/WORK/ibex_top/u_ibex_core/load_store_unit_i/rdata_q_reg[28]

  Ref  DFF        r:/WORK/ibex_top/u_ibex_core/load_store_unit_i/rdata_q_reg[29]
  Impl DFF        Imp:/WORK/ibex_top/u_ibex_core/load_store_unit_i/rdata_q_reg[29]

  Ref  DFF        r:/WORK/ibex_top/u_ibex_core/load_store_unit_i/rdata_q_reg[30]
  Impl DFF        Imp:/WORK/ibex_top/u_ibex_core/load_store_unit_i/rdata_q_reg[30]

  Ref  DFF        r:/WORK/ibex_top/u_ibex_core/load_store_unit_i/rdata_q_reg[31]
  Impl DFF        Imp:/WORK/ibex_top/u_ibex_core/load_store_unit_i/rdata_q_reg[31]

  Ref  DFF        r:/WORK/ibex_top/u_ibex_core/load_store_unit_i/rdata_q_reg[8]
  Impl DFF        Imp:/WORK/ibex_top/u_ibex_core/load_store_unit_i/rdata_q_reg[8]

  Ref  DFF        r:/WORK/ibex_top/u_ibex_core/load_store_unit_i/rdata_q_reg[9]
  Impl DFF        Imp:/WORK/ibex_top/u_ibex_core/load_store_unit_i/rdata_q_reg[9]

  Ref  Port       r:/WORK/ibex_top/alert_major_bus_o
  Impl Port       Imp:/WORK/ibex_top/alert_major_bus_o

  Ref  Port       r:/WORK/ibex_top/alert_major_internal_o
  Impl Port       Imp:/WORK/ibex_top/alert_major_internal_o

  Ref  Port       r:/WORK/ibex_top/alert_minor_o
  Impl Port       Imp:/WORK/ibex_top/alert_minor_o

  Ref  Port       r:/WORK/ibex_top/core_sleep_o
  Impl Port       Imp:/WORK/ibex_top/core_sleep_o

  Ref  Port       r:/WORK/ibex_top/crash_dump_o\[current_pc][0]
  Impl Port       Imp:/WORK/ibex_top/crash_dump_o[128]

  Ref  Port       r:/WORK/ibex_top/crash_dump_o\[current_pc][10]
  Impl Port       Imp:/WORK/ibex_top/crash_dump_o[138]

  Ref  Port       r:/WORK/ibex_top/crash_dump_o\[current_pc][11]
  Impl Port       Imp:/WORK/ibex_top/crash_dump_o[139]

  Ref  Port       r:/WORK/ibex_top/crash_dump_o\[current_pc][12]
  Impl Port       Imp:/WORK/ibex_top/crash_dump_o[140]

  Ref  Port       r:/WORK/ibex_top/crash_dump_o\[current_pc][13]
  Impl Port       Imp:/WORK/ibex_top/crash_dump_o[141]

  Ref  Port       r:/WORK/ibex_top/crash_dump_o\[current_pc][14]
  Impl Port       Imp:/WORK/ibex_top/crash_dump_o[142]

  Ref  Port       r:/WORK/ibex_top/crash_dump_o\[current_pc][15]
  Impl Port       Imp:/WORK/ibex_top/crash_dump_o[143]

  Ref  Port       r:/WORK/ibex_top/crash_dump_o\[current_pc][16]
  Impl Port       Imp:/WORK/ibex_top/crash_dump_o[144]

  Ref  Port       r:/WORK/ibex_top/crash_dump_o\[current_pc][17]
  Impl Port       Imp:/WORK/ibex_top/crash_dump_o[145]

  Ref  Port       r:/WORK/ibex_top/crash_dump_o\[current_pc][18]
  Impl Port       Imp:/WORK/ibex_top/crash_dump_o[146]

  Ref  Port       r:/WORK/ibex_top/crash_dump_o\[current_pc][19]
  Impl Port       Imp:/WORK/ibex_top/crash_dump_o[147]

  Ref  Port       r:/WORK/ibex_top/crash_dump_o\[current_pc][1]
  Impl Port       Imp:/WORK/ibex_top/crash_dump_o[129]

  Ref  Port       r:/WORK/ibex_top/crash_dump_o\[current_pc][20]
  Impl Port       Imp:/WORK/ibex_top/crash_dump_o[148]

  Ref  Port       r:/WORK/ibex_top/crash_dump_o\[current_pc][21]
  Impl Port       Imp:/WORK/ibex_top/crash_dump_o[149]

  Ref  Port       r:/WORK/ibex_top/crash_dump_o\[current_pc][22]
  Impl Port       Imp:/WORK/ibex_top/crash_dump_o[150]

  Ref  Port       r:/WORK/ibex_top/crash_dump_o\[current_pc][23]
  Impl Port       Imp:/WORK/ibex_top/crash_dump_o[151]

  Ref  Port       r:/WORK/ibex_top/crash_dump_o\[current_pc][24]
  Impl Port       Imp:/WORK/ibex_top/crash_dump_o[152]

  Ref  Port       r:/WORK/ibex_top/crash_dump_o\[current_pc][25]
  Impl Port       Imp:/WORK/ibex_top/crash_dump_o[153]

  Ref  Port       r:/WORK/ibex_top/crash_dump_o\[current_pc][26]
  Impl Port       Imp:/WORK/ibex_top/crash_dump_o[154]

  Ref  Port       r:/WORK/ibex_top/crash_dump_o\[current_pc][27]
  Impl Port       Imp:/WORK/ibex_top/crash_dump_o[155]

  Ref  Port       r:/WORK/ibex_top/crash_dump_o\[current_pc][28]
  Impl Port       Imp:/WORK/ibex_top/crash_dump_o[156]

  Ref  Port       r:/WORK/ibex_top/crash_dump_o\[current_pc][29]
  Impl Port       Imp:/WORK/ibex_top/crash_dump_o[157]

  Ref  Port       r:/WORK/ibex_top/crash_dump_o\[current_pc][2]
  Impl Port       Imp:/WORK/ibex_top/crash_dump_o[130]

  Ref  Port       r:/WORK/ibex_top/crash_dump_o\[current_pc][30]
  Impl Port       Imp:/WORK/ibex_top/crash_dump_o[158]

  Ref  Port       r:/WORK/ibex_top/crash_dump_o\[current_pc][31]
  Impl Port       Imp:/WORK/ibex_top/crash_dump_o[159]

  Ref  Port       r:/WORK/ibex_top/crash_dump_o\[current_pc][3]
  Impl Port       Imp:/WORK/ibex_top/crash_dump_o[131]

  Ref  Port       r:/WORK/ibex_top/crash_dump_o\[current_pc][4]
  Impl Port       Imp:/WORK/ibex_top/crash_dump_o[132]

  Ref  Port       r:/WORK/ibex_top/crash_dump_o\[current_pc][5]
  Impl Port       Imp:/WORK/ibex_top/crash_dump_o[133]

  Ref  Port       r:/WORK/ibex_top/crash_dump_o\[current_pc][6]
  Impl Port       Imp:/WORK/ibex_top/crash_dump_o[134]

  Ref  Port       r:/WORK/ibex_top/crash_dump_o\[current_pc][7]
  Impl Port       Imp:/WORK/ibex_top/crash_dump_o[135]

  Ref  Port       r:/WORK/ibex_top/crash_dump_o\[current_pc][8]
  Impl Port       Imp:/WORK/ibex_top/crash_dump_o[136]

  Ref  Port       r:/WORK/ibex_top/crash_dump_o\[current_pc][9]
  Impl Port       Imp:/WORK/ibex_top/crash_dump_o[137]

  Ref  Port       r:/WORK/ibex_top/crash_dump_o\[exception_addr][0]
  Impl Port       Imp:/WORK/ibex_top/crash_dump_o[0]

  Ref  Port       r:/WORK/ibex_top/crash_dump_o\[exception_addr][10]
  Impl Port       Imp:/WORK/ibex_top/crash_dump_o[10]

  Ref  Port       r:/WORK/ibex_top/crash_dump_o\[exception_addr][11]
  Impl Port       Imp:/WORK/ibex_top/crash_dump_o[11]

  Ref  Port       r:/WORK/ibex_top/crash_dump_o\[exception_addr][12]
  Impl Port       Imp:/WORK/ibex_top/crash_dump_o[12]

  Ref  Port       r:/WORK/ibex_top/crash_dump_o\[exception_addr][13]
  Impl Port       Imp:/WORK/ibex_top/crash_dump_o[13]

  Ref  Port       r:/WORK/ibex_top/crash_dump_o\[exception_addr][14]
  Impl Port       Imp:/WORK/ibex_top/crash_dump_o[14]

  Ref  Port       r:/WORK/ibex_top/crash_dump_o\[exception_addr][15]
  Impl Port       Imp:/WORK/ibex_top/crash_dump_o[15]

  Ref  Port       r:/WORK/ibex_top/crash_dump_o\[exception_addr][16]
  Impl Port       Imp:/WORK/ibex_top/crash_dump_o[16]

  Ref  Port       r:/WORK/ibex_top/crash_dump_o\[exception_addr][17]
  Impl Port       Imp:/WORK/ibex_top/crash_dump_o[17]

  Ref  Port       r:/WORK/ibex_top/crash_dump_o\[exception_addr][18]
  Impl Port       Imp:/WORK/ibex_top/crash_dump_o[18]

  Ref  Port       r:/WORK/ibex_top/crash_dump_o\[exception_addr][19]
  Impl Port       Imp:/WORK/ibex_top/crash_dump_o[19]

  Ref  Port       r:/WORK/ibex_top/crash_dump_o\[exception_addr][1]
  Impl Port       Imp:/WORK/ibex_top/crash_dump_o[1]

  Ref  Port       r:/WORK/ibex_top/crash_dump_o\[exception_addr][20]
  Impl Port       Imp:/WORK/ibex_top/crash_dump_o[20]

  Ref  Port       r:/WORK/ibex_top/crash_dump_o\[exception_addr][21]
  Impl Port       Imp:/WORK/ibex_top/crash_dump_o[21]

  Ref  Port       r:/WORK/ibex_top/crash_dump_o\[exception_addr][22]
  Impl Port       Imp:/WORK/ibex_top/crash_dump_o[22]

  Ref  Port       r:/WORK/ibex_top/crash_dump_o\[exception_addr][23]
  Impl Port       Imp:/WORK/ibex_top/crash_dump_o[23]

  Ref  Port       r:/WORK/ibex_top/crash_dump_o\[exception_addr][24]
  Impl Port       Imp:/WORK/ibex_top/crash_dump_o[24]

  Ref  Port       r:/WORK/ibex_top/crash_dump_o\[exception_addr][25]
  Impl Port       Imp:/WORK/ibex_top/crash_dump_o[25]

  Ref  Port       r:/WORK/ibex_top/crash_dump_o\[exception_addr][26]
  Impl Port       Imp:/WORK/ibex_top/crash_dump_o[26]

  Ref  Port       r:/WORK/ibex_top/crash_dump_o\[exception_addr][27]
  Impl Port       Imp:/WORK/ibex_top/crash_dump_o[27]

  Ref  Port       r:/WORK/ibex_top/crash_dump_o\[exception_addr][28]
  Impl Port       Imp:/WORK/ibex_top/crash_dump_o[28]

  Ref  Port       r:/WORK/ibex_top/crash_dump_o\[exception_addr][29]
  Impl Port       Imp:/WORK/ibex_top/crash_dump_o[29]

  Ref  Port       r:/WORK/ibex_top/crash_dump_o\[exception_addr][2]
  Impl Port       Imp:/WORK/ibex_top/crash_dump_o[2]

  Ref  Port       r:/WORK/ibex_top/crash_dump_o\[exception_addr][30]
  Impl Port       Imp:/WORK/ibex_top/crash_dump_o[30]

  Ref  Port       r:/WORK/ibex_top/crash_dump_o\[exception_addr][31]
  Impl Port       Imp:/WORK/ibex_top/crash_dump_o[31]

  Ref  Port       r:/WORK/ibex_top/crash_dump_o\[exception_addr][3]
  Impl Port       Imp:/WORK/ibex_top/crash_dump_o[3]

  Ref  Port       r:/WORK/ibex_top/crash_dump_o\[exception_addr][4]
  Impl Port       Imp:/WORK/ibex_top/crash_dump_o[4]

  Ref  Port       r:/WORK/ibex_top/crash_dump_o\[exception_addr][5]
  Impl Port       Imp:/WORK/ibex_top/crash_dump_o[5]

  Ref  Port       r:/WORK/ibex_top/crash_dump_o\[exception_addr][6]
  Impl Port       Imp:/WORK/ibex_top/crash_dump_o[6]

  Ref  Port       r:/WORK/ibex_top/crash_dump_o\[exception_addr][7]
  Impl Port       Imp:/WORK/ibex_top/crash_dump_o[7]

  Ref  Port       r:/WORK/ibex_top/crash_dump_o\[exception_addr][8]
  Impl Port       Imp:/WORK/ibex_top/crash_dump_o[8]

  Ref  Port       r:/WORK/ibex_top/crash_dump_o\[exception_addr][9]
  Impl Port       Imp:/WORK/ibex_top/crash_dump_o[9]

  Ref  Port       r:/WORK/ibex_top/crash_dump_o\[exception_pc][0]
  Impl Port       Imp:/WORK/ibex_top/crash_dump_o[32]

  Ref  Port       r:/WORK/ibex_top/crash_dump_o\[exception_pc][10]
  Impl Port       Imp:/WORK/ibex_top/crash_dump_o[42]

  Ref  Port       r:/WORK/ibex_top/crash_dump_o\[exception_pc][11]
  Impl Port       Imp:/WORK/ibex_top/crash_dump_o[43]

  Ref  Port       r:/WORK/ibex_top/crash_dump_o\[exception_pc][12]
  Impl Port       Imp:/WORK/ibex_top/crash_dump_o[44]

  Ref  Port       r:/WORK/ibex_top/crash_dump_o\[exception_pc][13]
  Impl Port       Imp:/WORK/ibex_top/crash_dump_o[45]

  Ref  Port       r:/WORK/ibex_top/crash_dump_o\[exception_pc][14]
  Impl Port       Imp:/WORK/ibex_top/crash_dump_o[46]

  Ref  Port       r:/WORK/ibex_top/crash_dump_o\[exception_pc][15]
  Impl Port       Imp:/WORK/ibex_top/crash_dump_o[47]

  Ref  Port       r:/WORK/ibex_top/crash_dump_o\[exception_pc][16]
  Impl Port       Imp:/WORK/ibex_top/crash_dump_o[48]

  Ref  Port       r:/WORK/ibex_top/crash_dump_o\[exception_pc][17]
  Impl Port       Imp:/WORK/ibex_top/crash_dump_o[49]

  Ref  Port       r:/WORK/ibex_top/crash_dump_o\[exception_pc][18]
  Impl Port       Imp:/WORK/ibex_top/crash_dump_o[50]

  Ref  Port       r:/WORK/ibex_top/crash_dump_o\[exception_pc][19]
  Impl Port       Imp:/WORK/ibex_top/crash_dump_o[51]

  Ref  Port       r:/WORK/ibex_top/crash_dump_o\[exception_pc][1]
  Impl Port       Imp:/WORK/ibex_top/crash_dump_o[33]

  Ref  Port       r:/WORK/ibex_top/crash_dump_o\[exception_pc][20]
  Impl Port       Imp:/WORK/ibex_top/crash_dump_o[52]

  Ref  Port       r:/WORK/ibex_top/crash_dump_o\[exception_pc][21]
  Impl Port       Imp:/WORK/ibex_top/crash_dump_o[53]

  Ref  Port       r:/WORK/ibex_top/crash_dump_o\[exception_pc][22]
  Impl Port       Imp:/WORK/ibex_top/crash_dump_o[54]

  Ref  Port       r:/WORK/ibex_top/crash_dump_o\[exception_pc][23]
  Impl Port       Imp:/WORK/ibex_top/crash_dump_o[55]

  Ref  Port       r:/WORK/ibex_top/crash_dump_o\[exception_pc][24]
  Impl Port       Imp:/WORK/ibex_top/crash_dump_o[56]

  Ref  Port       r:/WORK/ibex_top/crash_dump_o\[exception_pc][25]
  Impl Port       Imp:/WORK/ibex_top/crash_dump_o[57]

  Ref  Port       r:/WORK/ibex_top/crash_dump_o\[exception_pc][26]
  Impl Port       Imp:/WORK/ibex_top/crash_dump_o[58]

  Ref  Port       r:/WORK/ibex_top/crash_dump_o\[exception_pc][27]
  Impl Port       Imp:/WORK/ibex_top/crash_dump_o[59]

  Ref  Port       r:/WORK/ibex_top/crash_dump_o\[exception_pc][28]
  Impl Port       Imp:/WORK/ibex_top/crash_dump_o[60]

  Ref  Port       r:/WORK/ibex_top/crash_dump_o\[exception_pc][29]
  Impl Port       Imp:/WORK/ibex_top/crash_dump_o[61]

  Ref  Port       r:/WORK/ibex_top/crash_dump_o\[exception_pc][2]
  Impl Port       Imp:/WORK/ibex_top/crash_dump_o[34]

  Ref  Port       r:/WORK/ibex_top/crash_dump_o\[exception_pc][30]
  Impl Port       Imp:/WORK/ibex_top/crash_dump_o[62]

  Ref  Port       r:/WORK/ibex_top/crash_dump_o\[exception_pc][31]
  Impl Port       Imp:/WORK/ibex_top/crash_dump_o[63]

  Ref  Port       r:/WORK/ibex_top/crash_dump_o\[exception_pc][3]
  Impl Port       Imp:/WORK/ibex_top/crash_dump_o[35]

  Ref  Port       r:/WORK/ibex_top/crash_dump_o\[exception_pc][4]
  Impl Port       Imp:/WORK/ibex_top/crash_dump_o[36]

  Ref  Port       r:/WORK/ibex_top/crash_dump_o\[exception_pc][5]
  Impl Port       Imp:/WORK/ibex_top/crash_dump_o[37]

  Ref  Port       r:/WORK/ibex_top/crash_dump_o\[exception_pc][6]
  Impl Port       Imp:/WORK/ibex_top/crash_dump_o[38]

  Ref  Port       r:/WORK/ibex_top/crash_dump_o\[exception_pc][7]
  Impl Port       Imp:/WORK/ibex_top/crash_dump_o[39]

  Ref  Port       r:/WORK/ibex_top/crash_dump_o\[exception_pc][8]
  Impl Port       Imp:/WORK/ibex_top/crash_dump_o[40]

  Ref  Port       r:/WORK/ibex_top/crash_dump_o\[exception_pc][9]
  Impl Port       Imp:/WORK/ibex_top/crash_dump_o[41]

  Ref  Port       r:/WORK/ibex_top/crash_dump_o\[last_data_addr][0]
  Impl Port       Imp:/WORK/ibex_top/crash_dump_o[64]

  Ref  Port       r:/WORK/ibex_top/crash_dump_o\[last_data_addr][10]
  Impl Port       Imp:/WORK/ibex_top/crash_dump_o[74]

  Ref  Port       r:/WORK/ibex_top/crash_dump_o\[last_data_addr][11]
  Impl Port       Imp:/WORK/ibex_top/crash_dump_o[75]

  Ref  Port       r:/WORK/ibex_top/crash_dump_o\[last_data_addr][12]
  Impl Port       Imp:/WORK/ibex_top/crash_dump_o[76]

  Ref  Port       r:/WORK/ibex_top/crash_dump_o\[last_data_addr][13]
  Impl Port       Imp:/WORK/ibex_top/crash_dump_o[77]

  Ref  Port       r:/WORK/ibex_top/crash_dump_o\[last_data_addr][14]
  Impl Port       Imp:/WORK/ibex_top/crash_dump_o[78]

  Ref  Port       r:/WORK/ibex_top/crash_dump_o\[last_data_addr][15]
  Impl Port       Imp:/WORK/ibex_top/crash_dump_o[79]

  Ref  Port       r:/WORK/ibex_top/crash_dump_o\[last_data_addr][16]
  Impl Port       Imp:/WORK/ibex_top/crash_dump_o[80]

  Ref  Port       r:/WORK/ibex_top/crash_dump_o\[last_data_addr][17]
  Impl Port       Imp:/WORK/ibex_top/crash_dump_o[81]

  Ref  Port       r:/WORK/ibex_top/crash_dump_o\[last_data_addr][18]
  Impl Port       Imp:/WORK/ibex_top/crash_dump_o[82]

  Ref  Port       r:/WORK/ibex_top/crash_dump_o\[last_data_addr][19]
  Impl Port       Imp:/WORK/ibex_top/crash_dump_o[83]

  Ref  Port       r:/WORK/ibex_top/crash_dump_o\[last_data_addr][1]
  Impl Port       Imp:/WORK/ibex_top/crash_dump_o[65]

  Ref  Port       r:/WORK/ibex_top/crash_dump_o\[last_data_addr][20]
  Impl Port       Imp:/WORK/ibex_top/crash_dump_o[84]

  Ref  Port       r:/WORK/ibex_top/crash_dump_o\[last_data_addr][21]
  Impl Port       Imp:/WORK/ibex_top/crash_dump_o[85]

  Ref  Port       r:/WORK/ibex_top/crash_dump_o\[last_data_addr][22]
  Impl Port       Imp:/WORK/ibex_top/crash_dump_o[86]

  Ref  Port       r:/WORK/ibex_top/crash_dump_o\[last_data_addr][23]
  Impl Port       Imp:/WORK/ibex_top/crash_dump_o[87]

  Ref  Port       r:/WORK/ibex_top/crash_dump_o\[last_data_addr][24]
  Impl Port       Imp:/WORK/ibex_top/crash_dump_o[88]

  Ref  Port       r:/WORK/ibex_top/crash_dump_o\[last_data_addr][25]
  Impl Port       Imp:/WORK/ibex_top/crash_dump_o[89]

  Ref  Port       r:/WORK/ibex_top/crash_dump_o\[last_data_addr][26]
  Impl Port       Imp:/WORK/ibex_top/crash_dump_o[90]

  Ref  Port       r:/WORK/ibex_top/crash_dump_o\[last_data_addr][27]
  Impl Port       Imp:/WORK/ibex_top/crash_dump_o[91]

  Ref  Port       r:/WORK/ibex_top/crash_dump_o\[last_data_addr][28]
  Impl Port       Imp:/WORK/ibex_top/crash_dump_o[92]

  Ref  Port       r:/WORK/ibex_top/crash_dump_o\[last_data_addr][29]
  Impl Port       Imp:/WORK/ibex_top/crash_dump_o[93]

  Ref  Port       r:/WORK/ibex_top/crash_dump_o\[last_data_addr][2]
  Impl Port       Imp:/WORK/ibex_top/crash_dump_o[66]

  Ref  Port       r:/WORK/ibex_top/crash_dump_o\[last_data_addr][30]
  Impl Port       Imp:/WORK/ibex_top/crash_dump_o[94]

  Ref  Port       r:/WORK/ibex_top/crash_dump_o\[last_data_addr][31]
  Impl Port       Imp:/WORK/ibex_top/crash_dump_o[95]

  Ref  Port       r:/WORK/ibex_top/crash_dump_o\[last_data_addr][3]
  Impl Port       Imp:/WORK/ibex_top/crash_dump_o[67]

  Ref  Port       r:/WORK/ibex_top/crash_dump_o\[last_data_addr][4]
  Impl Port       Imp:/WORK/ibex_top/crash_dump_o[68]

  Ref  Port       r:/WORK/ibex_top/crash_dump_o\[last_data_addr][5]
  Impl Port       Imp:/WORK/ibex_top/crash_dump_o[69]

  Ref  Port       r:/WORK/ibex_top/crash_dump_o\[last_data_addr][6]
  Impl Port       Imp:/WORK/ibex_top/crash_dump_o[70]

  Ref  Port       r:/WORK/ibex_top/crash_dump_o\[last_data_addr][7]
  Impl Port       Imp:/WORK/ibex_top/crash_dump_o[71]

  Ref  Port       r:/WORK/ibex_top/crash_dump_o\[last_data_addr][8]
  Impl Port       Imp:/WORK/ibex_top/crash_dump_o[72]

  Ref  Port       r:/WORK/ibex_top/crash_dump_o\[last_data_addr][9]
  Impl Port       Imp:/WORK/ibex_top/crash_dump_o[73]

  Ref  Port       r:/WORK/ibex_top/crash_dump_o\[next_pc][0]
  Impl Port       Imp:/WORK/ibex_top/crash_dump_o[96]

  Ref  Port       r:/WORK/ibex_top/crash_dump_o\[next_pc][10]
  Impl Port       Imp:/WORK/ibex_top/crash_dump_o[106]

  Ref  Port       r:/WORK/ibex_top/crash_dump_o\[next_pc][11]
  Impl Port       Imp:/WORK/ibex_top/crash_dump_o[107]

  Ref  Port       r:/WORK/ibex_top/crash_dump_o\[next_pc][12]
  Impl Port       Imp:/WORK/ibex_top/crash_dump_o[108]

  Ref  Port       r:/WORK/ibex_top/crash_dump_o\[next_pc][13]
  Impl Port       Imp:/WORK/ibex_top/crash_dump_o[109]

  Ref  Port       r:/WORK/ibex_top/crash_dump_o\[next_pc][14]
  Impl Port       Imp:/WORK/ibex_top/crash_dump_o[110]

  Ref  Port       r:/WORK/ibex_top/crash_dump_o\[next_pc][15]
  Impl Port       Imp:/WORK/ibex_top/crash_dump_o[111]

  Ref  Port       r:/WORK/ibex_top/crash_dump_o\[next_pc][16]
  Impl Port       Imp:/WORK/ibex_top/crash_dump_o[112]

  Ref  Port       r:/WORK/ibex_top/crash_dump_o\[next_pc][17]
  Impl Port       Imp:/WORK/ibex_top/crash_dump_o[113]

  Ref  Port       r:/WORK/ibex_top/crash_dump_o\[next_pc][18]
  Impl Port       Imp:/WORK/ibex_top/crash_dump_o[114]

  Ref  Port       r:/WORK/ibex_top/crash_dump_o\[next_pc][19]
  Impl Port       Imp:/WORK/ibex_top/crash_dump_o[115]

  Ref  Port       r:/WORK/ibex_top/crash_dump_o\[next_pc][1]
  Impl Port       Imp:/WORK/ibex_top/crash_dump_o[97]

  Ref  Port       r:/WORK/ibex_top/crash_dump_o\[next_pc][20]
  Impl Port       Imp:/WORK/ibex_top/crash_dump_o[116]

  Ref  Port       r:/WORK/ibex_top/crash_dump_o\[next_pc][21]
  Impl Port       Imp:/WORK/ibex_top/crash_dump_o[117]

  Ref  Port       r:/WORK/ibex_top/crash_dump_o\[next_pc][22]
  Impl Port       Imp:/WORK/ibex_top/crash_dump_o[118]

  Ref  Port       r:/WORK/ibex_top/crash_dump_o\[next_pc][23]
  Impl Port       Imp:/WORK/ibex_top/crash_dump_o[119]

  Ref  Port       r:/WORK/ibex_top/crash_dump_o\[next_pc][24]
  Impl Port       Imp:/WORK/ibex_top/crash_dump_o[120]

  Ref  Port       r:/WORK/ibex_top/crash_dump_o\[next_pc][25]
  Impl Port       Imp:/WORK/ibex_top/crash_dump_o[121]

  Ref  Port       r:/WORK/ibex_top/crash_dump_o\[next_pc][26]
  Impl Port       Imp:/WORK/ibex_top/crash_dump_o[122]

  Ref  Port       r:/WORK/ibex_top/crash_dump_o\[next_pc][27]
  Impl Port       Imp:/WORK/ibex_top/crash_dump_o[123]

  Ref  Port       r:/WORK/ibex_top/crash_dump_o\[next_pc][28]
  Impl Port       Imp:/WORK/ibex_top/crash_dump_o[124]

  Ref  Port       r:/WORK/ibex_top/crash_dump_o\[next_pc][29]
  Impl Port       Imp:/WORK/ibex_top/crash_dump_o[125]

  Ref  Port       r:/WORK/ibex_top/crash_dump_o\[next_pc][2]
  Impl Port       Imp:/WORK/ibex_top/crash_dump_o[98]

  Ref  Port       r:/WORK/ibex_top/crash_dump_o\[next_pc][30]
  Impl Port       Imp:/WORK/ibex_top/crash_dump_o[126]

  Ref  Port       r:/WORK/ibex_top/crash_dump_o\[next_pc][31]
  Impl Port       Imp:/WORK/ibex_top/crash_dump_o[127]

  Ref  Port       r:/WORK/ibex_top/crash_dump_o\[next_pc][3]
  Impl Port       Imp:/WORK/ibex_top/crash_dump_o[99]

  Ref  Port       r:/WORK/ibex_top/crash_dump_o\[next_pc][4]
  Impl Port       Imp:/WORK/ibex_top/crash_dump_o[100]

  Ref  Port       r:/WORK/ibex_top/crash_dump_o\[next_pc][5]
  Impl Port       Imp:/WORK/ibex_top/crash_dump_o[101]

  Ref  Port       r:/WORK/ibex_top/crash_dump_o\[next_pc][6]
  Impl Port       Imp:/WORK/ibex_top/crash_dump_o[102]

  Ref  Port       r:/WORK/ibex_top/crash_dump_o\[next_pc][7]
  Impl Port       Imp:/WORK/ibex_top/crash_dump_o[103]

  Ref  Port       r:/WORK/ibex_top/crash_dump_o\[next_pc][8]
  Impl Port       Imp:/WORK/ibex_top/crash_dump_o[104]

  Ref  Port       r:/WORK/ibex_top/crash_dump_o\[next_pc][9]
  Impl Port       Imp:/WORK/ibex_top/crash_dump_o[105]

  Ref  Port       r:/WORK/ibex_top/data_addr_o[0]
  Impl Port       Imp:/WORK/ibex_top/data_addr_o[0]

  Ref  Port       r:/WORK/ibex_top/data_addr_o[10]
  Impl Port       Imp:/WORK/ibex_top/data_addr_o[10]

  Ref  Port       r:/WORK/ibex_top/data_addr_o[11]
  Impl Port       Imp:/WORK/ibex_top/data_addr_o[11]

  Ref  Port       r:/WORK/ibex_top/data_addr_o[12]
  Impl Port       Imp:/WORK/ibex_top/data_addr_o[12]

  Ref  Port       r:/WORK/ibex_top/data_addr_o[13]
  Impl Port       Imp:/WORK/ibex_top/data_addr_o[13]

  Ref  Port       r:/WORK/ibex_top/data_addr_o[14]
  Impl Port       Imp:/WORK/ibex_top/data_addr_o[14]

  Ref  Port       r:/WORK/ibex_top/data_addr_o[15]
  Impl Port       Imp:/WORK/ibex_top/data_addr_o[15]

  Ref  Port       r:/WORK/ibex_top/data_addr_o[16]
  Impl Port       Imp:/WORK/ibex_top/data_addr_o[16]

  Ref  Port       r:/WORK/ibex_top/data_addr_o[17]
  Impl Port       Imp:/WORK/ibex_top/data_addr_o[17]

  Ref  Port       r:/WORK/ibex_top/data_addr_o[18]
  Impl Port       Imp:/WORK/ibex_top/data_addr_o[18]

  Ref  Port       r:/WORK/ibex_top/data_addr_o[19]
  Impl Port       Imp:/WORK/ibex_top/data_addr_o[19]

  Ref  Port       r:/WORK/ibex_top/data_addr_o[1]
  Impl Port       Imp:/WORK/ibex_top/data_addr_o[1]

  Ref  Port       r:/WORK/ibex_top/data_addr_o[20]
  Impl Port       Imp:/WORK/ibex_top/data_addr_o[20]

  Ref  Port       r:/WORK/ibex_top/data_addr_o[21]
  Impl Port       Imp:/WORK/ibex_top/data_addr_o[21]

  Ref  Port       r:/WORK/ibex_top/data_addr_o[22]
  Impl Port       Imp:/WORK/ibex_top/data_addr_o[22]

  Ref  Port       r:/WORK/ibex_top/data_addr_o[23]
  Impl Port       Imp:/WORK/ibex_top/data_addr_o[23]

  Ref  Port       r:/WORK/ibex_top/data_addr_o[24]
  Impl Port       Imp:/WORK/ibex_top/data_addr_o[24]

  Ref  Port       r:/WORK/ibex_top/data_addr_o[25]
  Impl Port       Imp:/WORK/ibex_top/data_addr_o[25]

  Ref  Port       r:/WORK/ibex_top/data_addr_o[26]
  Impl Port       Imp:/WORK/ibex_top/data_addr_o[26]

  Ref  Port       r:/WORK/ibex_top/data_addr_o[27]
  Impl Port       Imp:/WORK/ibex_top/data_addr_o[27]

  Ref  Port       r:/WORK/ibex_top/data_addr_o[28]
  Impl Port       Imp:/WORK/ibex_top/data_addr_o[28]

  Ref  Port       r:/WORK/ibex_top/data_addr_o[29]
  Impl Port       Imp:/WORK/ibex_top/data_addr_o[29]

  Ref  Port       r:/WORK/ibex_top/data_addr_o[2]
  Impl Port       Imp:/WORK/ibex_top/data_addr_o[2]

  Ref  Port       r:/WORK/ibex_top/data_addr_o[30]
  Impl Port       Imp:/WORK/ibex_top/data_addr_o[30]

  Ref  Port       r:/WORK/ibex_top/data_addr_o[31]
  Impl Port       Imp:/WORK/ibex_top/data_addr_o[31]

  Ref  Port       r:/WORK/ibex_top/data_addr_o[3]
  Impl Port       Imp:/WORK/ibex_top/data_addr_o[3]

  Ref  Port       r:/WORK/ibex_top/data_addr_o[4]
  Impl Port       Imp:/WORK/ibex_top/data_addr_o[4]

  Ref  Port       r:/WORK/ibex_top/data_addr_o[5]
  Impl Port       Imp:/WORK/ibex_top/data_addr_o[5]

  Ref  Port       r:/WORK/ibex_top/data_addr_o[6]
  Impl Port       Imp:/WORK/ibex_top/data_addr_o[6]

  Ref  Port       r:/WORK/ibex_top/data_addr_o[7]
  Impl Port       Imp:/WORK/ibex_top/data_addr_o[7]

  Ref  Port       r:/WORK/ibex_top/data_addr_o[8]
  Impl Port       Imp:/WORK/ibex_top/data_addr_o[8]

  Ref  Port       r:/WORK/ibex_top/data_addr_o[9]
  Impl Port       Imp:/WORK/ibex_top/data_addr_o[9]

  Ref  Port       r:/WORK/ibex_top/data_be_o[0]
  Impl Port       Imp:/WORK/ibex_top/data_be_o[0]

  Ref  Port       r:/WORK/ibex_top/data_be_o[1]
  Impl Port       Imp:/WORK/ibex_top/data_be_o[1]

  Ref  Port       r:/WORK/ibex_top/data_be_o[2]
  Impl Port       Imp:/WORK/ibex_top/data_be_o[2]

  Ref  Port       r:/WORK/ibex_top/data_be_o[3]
  Impl Port       Imp:/WORK/ibex_top/data_be_o[3]

  Ref  Port       r:/WORK/ibex_top/data_req_o
  Impl Port       Imp:/WORK/ibex_top/data_req_o

  Ref  Port       r:/WORK/ibex_top/data_wdata_intg_o[0]
  Impl Port       Imp:/WORK/ibex_top/data_wdata_intg_o[0]

  Ref  Port       r:/WORK/ibex_top/data_wdata_intg_o[1]
  Impl Port       Imp:/WORK/ibex_top/data_wdata_intg_o[1]

  Ref  Port       r:/WORK/ibex_top/data_wdata_intg_o[2]
  Impl Port       Imp:/WORK/ibex_top/data_wdata_intg_o[2]

  Ref  Port       r:/WORK/ibex_top/data_wdata_intg_o[3]
  Impl Port       Imp:/WORK/ibex_top/data_wdata_intg_o[3]

  Ref  Port       r:/WORK/ibex_top/data_wdata_intg_o[4]
  Impl Port       Imp:/WORK/ibex_top/data_wdata_intg_o[4]

  Ref  Port       r:/WORK/ibex_top/data_wdata_intg_o[5]
  Impl Port       Imp:/WORK/ibex_top/data_wdata_intg_o[5]

  Ref  Port       r:/WORK/ibex_top/data_wdata_intg_o[6]
  Impl Port       Imp:/WORK/ibex_top/data_wdata_intg_o[6]

  Ref  Port       r:/WORK/ibex_top/data_wdata_o[0]
  Impl Port       Imp:/WORK/ibex_top/data_wdata_o[0]

  Ref  Port       r:/WORK/ibex_top/data_wdata_o[10]
  Impl Port       Imp:/WORK/ibex_top/data_wdata_o[10]

  Ref  Port       r:/WORK/ibex_top/data_wdata_o[11]
  Impl Port       Imp:/WORK/ibex_top/data_wdata_o[11]

  Ref  Port       r:/WORK/ibex_top/data_wdata_o[12]
  Impl Port       Imp:/WORK/ibex_top/data_wdata_o[12]

  Ref  Port       r:/WORK/ibex_top/data_wdata_o[13]
  Impl Port       Imp:/WORK/ibex_top/data_wdata_o[13]

  Ref  Port       r:/WORK/ibex_top/data_wdata_o[14]
  Impl Port       Imp:/WORK/ibex_top/data_wdata_o[14]

  Ref  Port       r:/WORK/ibex_top/data_wdata_o[15]
  Impl Port       Imp:/WORK/ibex_top/data_wdata_o[15]

  Ref  Port       r:/WORK/ibex_top/data_wdata_o[16]
  Impl Port       Imp:/WORK/ibex_top/data_wdata_o[16]

  Ref  Port       r:/WORK/ibex_top/data_wdata_o[17]
  Impl Port       Imp:/WORK/ibex_top/data_wdata_o[17]

  Ref  Port       r:/WORK/ibex_top/data_wdata_o[18]
  Impl Port       Imp:/WORK/ibex_top/data_wdata_o[18]

  Ref  Port       r:/WORK/ibex_top/data_wdata_o[19]
  Impl Port       Imp:/WORK/ibex_top/data_wdata_o[19]

  Ref  Port       r:/WORK/ibex_top/data_wdata_o[1]
  Impl Port       Imp:/WORK/ibex_top/data_wdata_o[1]

  Ref  Port       r:/WORK/ibex_top/data_wdata_o[20]
  Impl Port       Imp:/WORK/ibex_top/data_wdata_o[20]

  Ref  Port       r:/WORK/ibex_top/data_wdata_o[21]
  Impl Port       Imp:/WORK/ibex_top/data_wdata_o[21]

  Ref  Port       r:/WORK/ibex_top/data_wdata_o[22]
  Impl Port       Imp:/WORK/ibex_top/data_wdata_o[22]

  Ref  Port       r:/WORK/ibex_top/data_wdata_o[23]
  Impl Port       Imp:/WORK/ibex_top/data_wdata_o[23]

  Ref  Port       r:/WORK/ibex_top/data_wdata_o[24]
  Impl Port       Imp:/WORK/ibex_top/data_wdata_o[24]

  Ref  Port       r:/WORK/ibex_top/data_wdata_o[25]
  Impl Port       Imp:/WORK/ibex_top/data_wdata_o[25]

  Ref  Port       r:/WORK/ibex_top/data_wdata_o[26]
  Impl Port       Imp:/WORK/ibex_top/data_wdata_o[26]

  Ref  Port       r:/WORK/ibex_top/data_wdata_o[27]
  Impl Port       Imp:/WORK/ibex_top/data_wdata_o[27]

  Ref  Port       r:/WORK/ibex_top/data_wdata_o[28]
  Impl Port       Imp:/WORK/ibex_top/data_wdata_o[28]

  Ref  Port       r:/WORK/ibex_top/data_wdata_o[29]
  Impl Port       Imp:/WORK/ibex_top/data_wdata_o[29]

  Ref  Port       r:/WORK/ibex_top/data_wdata_o[2]
  Impl Port       Imp:/WORK/ibex_top/data_wdata_o[2]

  Ref  Port       r:/WORK/ibex_top/data_wdata_o[30]
  Impl Port       Imp:/WORK/ibex_top/data_wdata_o[30]

  Ref  Port       r:/WORK/ibex_top/data_wdata_o[31]
  Impl Port       Imp:/WORK/ibex_top/data_wdata_o[31]

  Ref  Port       r:/WORK/ibex_top/data_wdata_o[3]
  Impl Port       Imp:/WORK/ibex_top/data_wdata_o[3]

  Ref  Port       r:/WORK/ibex_top/data_wdata_o[4]
  Impl Port       Imp:/WORK/ibex_top/data_wdata_o[4]

  Ref  Port       r:/WORK/ibex_top/data_wdata_o[5]
  Impl Port       Imp:/WORK/ibex_top/data_wdata_o[5]

  Ref  Port       r:/WORK/ibex_top/data_wdata_o[6]
  Impl Port       Imp:/WORK/ibex_top/data_wdata_o[6]

  Ref  Port       r:/WORK/ibex_top/data_wdata_o[7]
  Impl Port       Imp:/WORK/ibex_top/data_wdata_o[7]

  Ref  Port       r:/WORK/ibex_top/data_wdata_o[8]
  Impl Port       Imp:/WORK/ibex_top/data_wdata_o[8]

  Ref  Port       r:/WORK/ibex_top/data_wdata_o[9]
  Impl Port       Imp:/WORK/ibex_top/data_wdata_o[9]

  Ref  Port       r:/WORK/ibex_top/data_we_o
  Impl Port       Imp:/WORK/ibex_top/data_we_o

  Ref  Port       r:/WORK/ibex_top/double_fault_seen_o
  Impl Port       Imp:/WORK/ibex_top/double_fault_seen_o

  Ref  Port       r:/WORK/ibex_top/instr_addr_o[0]
  Impl Port       Imp:/WORK/ibex_top/instr_addr_o[0]

  Ref  Port       r:/WORK/ibex_top/instr_addr_o[10]
  Impl Port       Imp:/WORK/ibex_top/instr_addr_o[10]

  Ref  Port       r:/WORK/ibex_top/instr_addr_o[11]
  Impl Port       Imp:/WORK/ibex_top/instr_addr_o[11]

  Ref  Port       r:/WORK/ibex_top/instr_addr_o[12]
  Impl Port       Imp:/WORK/ibex_top/instr_addr_o[12]

  Ref  Port       r:/WORK/ibex_top/instr_addr_o[13]
  Impl Port       Imp:/WORK/ibex_top/instr_addr_o[13]

  Ref  Port       r:/WORK/ibex_top/instr_addr_o[14]
  Impl Port       Imp:/WORK/ibex_top/instr_addr_o[14]

  Ref  Port       r:/WORK/ibex_top/instr_addr_o[15]
  Impl Port       Imp:/WORK/ibex_top/instr_addr_o[15]

  Ref  Port       r:/WORK/ibex_top/instr_addr_o[16]
  Impl Port       Imp:/WORK/ibex_top/instr_addr_o[16]

  Ref  Port       r:/WORK/ibex_top/instr_addr_o[17]
  Impl Port       Imp:/WORK/ibex_top/instr_addr_o[17]

  Ref  Port       r:/WORK/ibex_top/instr_addr_o[18]
  Impl Port       Imp:/WORK/ibex_top/instr_addr_o[18]

  Ref  Port       r:/WORK/ibex_top/instr_addr_o[19]
  Impl Port       Imp:/WORK/ibex_top/instr_addr_o[19]

  Ref  Port       r:/WORK/ibex_top/instr_addr_o[1]
  Impl Port       Imp:/WORK/ibex_top/instr_addr_o[1]

  Ref  Port       r:/WORK/ibex_top/instr_addr_o[20]
  Impl Port       Imp:/WORK/ibex_top/instr_addr_o[20]

  Ref  Port       r:/WORK/ibex_top/instr_addr_o[21]
  Impl Port       Imp:/WORK/ibex_top/instr_addr_o[21]

  Ref  Port       r:/WORK/ibex_top/instr_addr_o[22]
  Impl Port       Imp:/WORK/ibex_top/instr_addr_o[22]

  Ref  Port       r:/WORK/ibex_top/instr_addr_o[23]
  Impl Port       Imp:/WORK/ibex_top/instr_addr_o[23]

  Ref  Port       r:/WORK/ibex_top/instr_addr_o[24]
  Impl Port       Imp:/WORK/ibex_top/instr_addr_o[24]

  Ref  Port       r:/WORK/ibex_top/instr_addr_o[25]
  Impl Port       Imp:/WORK/ibex_top/instr_addr_o[25]

  Ref  Port       r:/WORK/ibex_top/instr_addr_o[26]
  Impl Port       Imp:/WORK/ibex_top/instr_addr_o[26]

  Ref  Port       r:/WORK/ibex_top/instr_addr_o[27]
  Impl Port       Imp:/WORK/ibex_top/instr_addr_o[27]

  Ref  Port       r:/WORK/ibex_top/instr_addr_o[28]
  Impl Port       Imp:/WORK/ibex_top/instr_addr_o[28]

  Ref  Port       r:/WORK/ibex_top/instr_addr_o[29]
  Impl Port       Imp:/WORK/ibex_top/instr_addr_o[29]

  Ref  Port       r:/WORK/ibex_top/instr_addr_o[2]
  Impl Port       Imp:/WORK/ibex_top/instr_addr_o[2]

  Ref  Port       r:/WORK/ibex_top/instr_addr_o[30]
  Impl Port       Imp:/WORK/ibex_top/instr_addr_o[30]

  Ref  Port       r:/WORK/ibex_top/instr_addr_o[31]
  Impl Port       Imp:/WORK/ibex_top/instr_addr_o[31]

  Ref  Port       r:/WORK/ibex_top/instr_addr_o[3]
  Impl Port       Imp:/WORK/ibex_top/instr_addr_o[3]

  Ref  Port       r:/WORK/ibex_top/instr_addr_o[4]
  Impl Port       Imp:/WORK/ibex_top/instr_addr_o[4]

  Ref  Port       r:/WORK/ibex_top/instr_addr_o[5]
  Impl Port       Imp:/WORK/ibex_top/instr_addr_o[5]

  Ref  Port       r:/WORK/ibex_top/instr_addr_o[6]
  Impl Port       Imp:/WORK/ibex_top/instr_addr_o[6]

  Ref  Port       r:/WORK/ibex_top/instr_addr_o[7]
  Impl Port       Imp:/WORK/ibex_top/instr_addr_o[7]

  Ref  Port       r:/WORK/ibex_top/instr_addr_o[8]
  Impl Port       Imp:/WORK/ibex_top/instr_addr_o[8]

  Ref  Port       r:/WORK/ibex_top/instr_addr_o[9]
  Impl Port       Imp:/WORK/ibex_top/instr_addr_o[9]

  Ref  Port       r:/WORK/ibex_top/instr_req_o
  Impl Port       Imp:/WORK/ibex_top/instr_req_o

  Ref  Port       r:/WORK/ibex_top/scramble_req_o
  Impl Port       Imp:/WORK/ibex_top/scramble_req_o

 [BBNet: multiply-driven net
  BBPin: black-box pin
  Cut:   cut-point
  DFF:   non-constant DFF register
  DFF0:  constant 0 DFF register
  DFF1:  constant 1 DFF register
  DFFX:  constant X DFF register
  DFF0X: constrained 0X DFF register
  DFF1X: constrained 1X DFF register
  LAT:   non-constant latch register
  LAT0:  constant 0 latch register
  LAT1:  constant 1 latch register
  LATX:  constant X latch register
  LAT0X: constrained 0X latch register
  LAT1X: constrained 1X latch register
  LATCG: clock-gating latch register
  TLA:   transparent latch register
  TLA0X: transparent constrained 0X latch register
  TLA1X: transparent constrained 1X latch register
  Loop:  cycle break point
  Port:  primary (top-level) port
  Und:   undriven signal cut-point
  Unk:   unknown signal cut-point]

1
