#@ # 
#@ # Running pt_shell Version O-2018.06-SP1 for linux64 -- Jul 19, 2018
#@ # Date:   Tue Jul  8 01:14:00 2025
#@ # Run by: ICer@IC_EDA
#@ 

source /home/synopsys/pts/O-2018.06-SP1/admin/setup/.synopsys_pt.setup
#@ # -- Starting source /home/synopsys/pts/O-2018.06-SP1/admin/setup/.synopsys_pt.setup

#@ #
#@ # .synopsys_pt.setup: Initialization File for PrimeTime
#@ #
#@ 
#@ 
#@ #
#@ # Enable stack trace output on fatal.  Not available for all architectures.
#@ #
#@ if { $sh_arch == "sparcOS5" || $sh_arch == "hpux10" ||      $sh_arch == "hp32" || $sh_arch == "linux" } {
#@   set_unix_variable SYNOPSYS_TRACE ""
#@ }
#@ 
#@ #
#@ # Variable settings
#@ #
#@ 
#@ #
#@ # Synopsys strongly recommends that you use new variable message
#@ # tracing for debugging purposes only.
#@ #
#@ set sh_new_variable_message true
#@ 
#@ #
#@ # Synopsys strongly recommends that you uncomment the following command
#@ # in order to set sh_command_abbrev_mode to the value "Command-Line-Only".
#@ # Command abbreviation is intended as an interactive convenience.  Using
#@ # abbreviations in scripts can cause commands to fail in subsequent releases.
#@ # 
#@ #set sh_command_abbrev_mode "Command-Line-Only"
#@ 
#@ #
#@ # Some useful aliases
#@ #
#@ alias list_commands		help
#@ alias report_constraints	report_constraint
#@ alias report_clocks		report_clock
#@ 
#@ #
#@ # The alias for get_clock was added when get_clock_network_objects
#@ # was introduced, as it conflicts with get_clocks (and get_clock is a
#@ # typical abbreviation for get_clocks)
#@ #
#@ alias get_clock get_clocks
#@ 
#@ 
#@ #
#@ #
#@ # The alias of q to quit is commented out.  Remove the comment 
#@ # character if you want this alias.  Some users find that having 
#@ # this particular alias causes problems when mixed with page-mode
#@ # for reports - an accidental repeated 'q' not only cancels the
#@ # output but exits the tool.
#@ #
#@ #alias q quit
#@ 
#@ # -- End source /home/synopsys/pts/O-2018.06-SP1/admin/setup/.synopsys_pt.setup

#@ # -- Starting source /home/synopsys/pts/O-2018.06-SP1/auxx/tcllib/lib/itcl4.0.2/itcl.tcl

#@ #
#@ # itcl.tcl
#@ # ----------------------------------------------------------------------
#@ # Invoked automatically upon startup to customize the interpreter
#@ # for [incr Tcl].
#@ # ----------------------------------------------------------------------
#@ #   AUTHOR:  Michael J. McLennan
#@ #            Bell Labs Innovations for Lucent Technologies
#@ #            mmclennan@lucent.com
#@ #            http://www.tcltk.com/itcl
#@ # ----------------------------------------------------------------------
#@ #            Copyright (c) 1993-1998  Lucent Technologies, Inc.
#@ # ======================================================================
#@ # See the file "license.terms" for information on usage and
#@ # redistribution of this file, and for a DISCLAIMER OF ALL WARRANTIES.
#@ 
#@ proc ::itcl::delete_helper { name args } {
#@     ::itcl::delete object $name
#@ }
#@ 
#@ # ----------------------------------------------------------------------
#@ #  USAGE:  local <className> <objName> ?<arg> <arg>...?
#@ #
#@ #  Creates a new object called <objName> in class <className>, passing
#@ #  the remaining <arg>'s to the constructor.  Unlike the usual
#@ #  [incr Tcl] objects, however, an object created by this procedure
#@ #  will be automatically deleted when the local call frame is destroyed.
#@ #  This command is useful for creating objects that should only remain
#@ #  alive until a procedure exits.
#@ # ----------------------------------------------------------------------
#@ proc ::itcl::local {class name args} {
#@     set ptr [uplevel [list $class $name] $args]
#@     uplevel [list set itcl-local-$ptr $ptr]
#@     set cmd [uplevel namespace which -command $ptr]
#@     uplevel [list trace variable itcl-local-$ptr u         "::itcl::delete_helper $cmd"]
#@     return $ptr
#@ }
#@ 
#@ # ----------------------------------------------------------------------
#@ # auto_mkindex
#@ # ----------------------------------------------------------------------
#@ # Define Itcl commands that will be recognized by the auto_mkindex
#@ # parser in Tcl...
#@ #
#@ 
#@ #
#@ # USAGE:  itcl::class name body
#@ # Adds an entry for the given class declaration.
#@ #
#@ foreach __cmd {itcl::class class itcl::type type ictl::widget widget itcl::widgetadaptor widgetadaptor itcl::extendedclass extendedclass} {
#@     auto_mkindex_parser::command $__cmd {name body} {
#@ 	variable index
#@ 	variable scriptFile
#@ 	append index "set [list auto_index([fullname $name])]"
#@ 	append index " \[list source \[file join \$dir [list $scriptFile]\]\]\n"
#@ 
#@ 	variable parser
#@ 	variable contextStack
#@ 	set contextStack [linsert $contextStack 0 $name]
#@ 	$parser eval $body
#@ 	set contextStack [lrange $contextStack 1 end]
#@     }
#@ }
#@ # -- Starting source /home/synopsys/pts/O-2018.06-SP1/auxx/tcllib/lib/tcl8.6/auto.tcl

#@ # auto.tcl --
#@ #
#@ # utility procs formerly in init.tcl dealing with auto execution of commands
#@ # and can be auto loaded themselves.
#@ #
#@ # Copyright (c) 1991-1993 The Regents of the University of California.
#@ # Copyright (c) 1994-1998 Sun Microsystems, Inc.
#@ #
#@ # See the file "license.terms" for information on usage and redistribution of
#@ # this file, and for a DISCLAIMER OF ALL WARRANTIES.
#@ #
#@ 
#@ # auto_reset --
#@ #
#@ # Destroy all cached information for auto-loading and auto-execution, so that
#@ # the information gets recomputed the next time it's needed.  Also delete any
#@ # commands that are listed in the auto-load index.
#@ #
#@ # Arguments:
#@ # None.
#@ 
#@ proc auto_reset {} {
#@     global auto_execs auto_index auto_path
#@     if {[array exists auto_index]} {
#@ 	foreach cmdName [array names auto_index] {
#@ 	    set fqcn [namespace which $cmdName]
#@ 	    if {$fqcn eq ""} {
#@ 		continue
#@ 	    }
#@ 	    rename $fqcn {}
#@ 	}
#@     }
#@     unset -nocomplain auto_execs auto_index ::tcl::auto_oldpath
#@     if {[catch {llength $auto_path}]} {
#@ 	set auto_path [list [info library]]
#@     } elseif {[info library] ni $auto_path} {
#@ 	lappend auto_path [info library]
#@     }
#@ }
#@ 
#@ # tcl_findLibrary --
#@ #
#@ #	This is a utility for extensions that searches for a library directory
#@ #	using a canonical searching algorithm. A side effect is to source the
#@ #	initialization script and set a global library variable.
#@ #
#@ # Arguments:
#@ # 	basename	Prefix of the directory name, (e.g., "tk")
#@ #	version		Version number of the package, (e.g., "8.0")
#@ #	patch		Patchlevel of the package, (e.g., "8.0.3")
#@ #	initScript	Initialization script to source (e.g., tk.tcl)
#@ #	enVarName	environment variable to honor (e.g., TK_LIBRARY)
#@ #	varName		Global variable to set when done (e.g., tk_library)
#@ 
#@ proc tcl_findLibrary {basename version patch initScript enVarName varName} {
#@     upvar #0 $varName the_library
#@     global auto_path env tcl_platform
#@ 
#@     set dirs {}
#@     set errors {}
#@ 
#@     # The C application may have hardwired a path, which we honor
#@ 
#@     if {[info exists the_library] && $the_library ne ""} {
#@ 	lappend dirs $the_library
#@     } else {
#@ 	# Do the canonical search
#@ 
#@ 	# 1. From an environment variable, if it exists.  Placing this first
#@ 	#    gives the end-user ultimate control to work-around any bugs, or
#@ 	#    to customize.
#@ 
#@         if {[info exists env($enVarName)]} {
#@             lappend dirs $env($enVarName)
#@         }
#@ 
#@ 	# 2. In the package script directory registered within the
#@ 	#    configuration of the package itself.
#@ 
#@ 	catch {
#@ 	    lappend dirs [::${basename}::pkgconfig get scriptdir,runtime]
#@ 	}
#@ 
#@ 	# 3. Relative to auto_path directories.  This checks relative to the
#@ 	# Tcl library as well as allowing loading of libraries added to the
#@ 	# auto_path that is not relative to the core library or binary paths.
#@ 	foreach d $auto_path {
#@ 	    lappend dirs [file join $d $basename$version]
#@ 	    if {$tcl_platform(platform) eq "unix"
#@ 		    && $tcl_platform(os) eq "Darwin"} {
#@ 		# 4. On MacOSX, check the Resources/Scripts subdir too
#@ 		lappend dirs [file join $d $basename$version Resources Scripts]
#@ 	    }
#@ 	}
#@ 
#@ 	# 3. Various locations relative to the executable
#@ 	# ../lib/foo1.0		(From bin directory in install hierarchy)
#@ 	# ../../lib/foo1.0	(From bin/arch directory in install hierarchy)
#@ 	# ../library		(From unix directory in build hierarchy)
#@ 	#
#@ 	# Remaining locations are out of date (when relevant, they ought to be
#@ 	# covered by the $::auto_path seach above) and disabled.
#@ 	#
#@ 	# ../../library		(From unix/arch directory in build hierarchy)
#@ 	# ../../foo1.0.1/library
#@ 	#		(From unix directory in parallel build hierarchy)
#@ 	# ../../../foo1.0.1/library
#@ 	#		(From unix/arch directory in parallel build hierarchy)
#@ 
#@         set parentDir [file dirname [file dirname [info nameofexecutable]]]
#@         set grandParentDir [file dirname $parentDir]
#@         lappend dirs [file join $parentDir lib $basename$version]
#@         lappend dirs [file join $grandParentDir lib $basename$version]
#@         lappend dirs [file join $parentDir library]
#@ 	if {0} {
#@ 	    lappend dirs [file join $grandParentDir library]
#@ 	    lappend dirs [file join $grandParentDir $basename$patch library]
#@ 	    lappend dirs [file join [file dirname $grandParentDir] 			      $basename$patch library]
#@ 	}
#@     }
#@     # uniquify $dirs in order
#@     array set seen {}
#@     foreach i $dirs {
#@ 	# Take note that the [file normalize] below has been noted to cause
#@ 	# difficulties for the freewrap utility.  See Bug 1072136.  Until
#@ 	# freewrap resolves the matter, one might work around the problem by
#@ 	# disabling that branch.
#@ 	if {[interp issafe]} {
#@ 	    set norm $i
#@ 	} else {
#@ 	    set norm [file normalize $i]
#@ 	}
#@ 	if {[info exists seen($norm)]} {
#@ 	    continue
#@ 	}
#@ 	set seen($norm) {}
#@ 	lappend uniqdirs $i
#@     }
#@     set dirs $uniqdirs
#@     foreach i $dirs {
#@         set the_library $i
#@         set file [file join $i $initScript]
#@ 
#@ 	# source everything when in a safe interpreter because we have a
#@ 	# source command, but no file exists command
#@ 
#@         if {[interp issafe] || [file exists $file]} {
#@             if {![catch {uplevel #0 [list source $file]} msg opts]} {
#@                 return
#@             }
#@ 	    append errors "$file: $msg\n"
#@ 	    append errors [dict get $opts -errorinfo]\n
#@         }
#@     }
#@     unset -nocomplain the_library
#@     set msg "Can't find a usable $initScript in the following directories: \n"
#@     append msg "    $dirs\n\n"
#@     append msg "$errors\n\n"
#@     append msg "This probably means that $basename wasn't installed properly.\n"
#@     error $msg
#@ }
#@ 
#@ 
#@ # ----------------------------------------------------------------------
#@ # auto_mkindex
#@ # ----------------------------------------------------------------------
#@ # The following procedures are used to generate the tclIndex file from Tcl
#@ # source files.  They use a special safe interpreter to parse Tcl source
#@ # files, writing out index entries as "proc" commands are encountered.  This
#@ # implementation won't work in a safe interpreter, since a safe interpreter
#@ # can't create the special parser and mess with its commands.
#@ 
#@ if {[interp issafe]} {
#@     return	;# Stop sourcing the file here
#@ }
#@ 
#@ # auto_mkindex --
#@ # Regenerate a tclIndex file from Tcl source files.  Takes as argument the
#@ # name of the directory in which the tclIndex file is to be placed, followed
#@ # by any number of glob patterns to use in that directory to locate all of the
#@ # relevant files.
#@ #
#@ # Arguments:
#@ # dir -		Name of the directory in which to create an index.
#@ 
#@ # args -	Any number of additional arguments giving the names of files
#@ #		within dir.  If no additional are given auto_mkindex will look
#@ #		for *.tcl.
#@ 
#@ proc auto_mkindex {dir args} {
#@     if {[interp issafe]} {
#@         error "can't generate index within safe interpreter"
#@     }
#@ 
#@     set oldDir [pwd]
#@     cd $dir
#@ 
#@     append index "# Tcl autoload index file, version 2.0\n"
#@     append index "# This file is generated by the \"auto_mkindex\" command\n"
#@     append index "# and sourced to set up indexing information for one or\n"
#@     append index "# more commands.  Typically each line is a command that\n"
#@     append index "# sets an element in the auto_index array, where the\n"
#@     append index "# element name is the name of a command and the value is\n"
#@     append index "# a script that loads the command.\n\n"
#@     if {![llength $args]} {
#@ 	set args *.tcl
#@     }
#@ 
#@     auto_mkindex_parser::init
#@     foreach file [glob -- {*}$args] {
#@ 	try {
#@ 	    append index [auto_mkindex_parser::mkindex $file]
#@ 	} on error {msg opts} {
#@ 	    cd $oldDir
#@ 	    return -options $opts $msg
#@ 	}
#@     }
#@     auto_mkindex_parser::cleanup
#@ 
#@     set fid [open "tclIndex" w]
#@     puts -nonewline $fid $index
#@     close $fid
#@     cd $oldDir
#@ }
#@ 
#@ # Original version of auto_mkindex that just searches the source code for
#@ # "proc" at the beginning of the line.
#@ 
#@ proc auto_mkindex_old {dir args} {
#@     set oldDir [pwd]
#@     cd $dir
#@     set dir [pwd]
#@     append index "# Tcl autoload index file, version 2.0\n"
#@     append index "# This file is generated by the \"auto_mkindex\" command\n"
#@     append index "# and sourced to set up indexing information for one or\n"
#@     append index "# more commands.  Typically each line is a command that\n"
#@     append index "# sets an element in the auto_index array, where the\n"
#@     append index "# element name is the name of a command and the value is\n"
#@     append index "# a script that loads the command.\n\n"
#@     if {![llength $args]} {
#@ 	set args *.tcl
#@     }
#@     foreach file [glob -- {*}$args] {
#@ 	set f ""
#@ 	set error [catch {
#@ 	    set f [open $file]
#@ 	    while {[gets $f line] >= 0} {
#@ 		if {[regexp {^proc[ 	]+([^ 	]*)} $line match procName]} {
#@ 		    set procName [lindex [auto_qualify $procName "::"] 0]
#@ 		    append index "set [list auto_index($procName)]"
#@ 		    append index " \[list source \[file join \$dir [list $file]\]\]\n"
#@ 		}
#@ 	    }
#@ 	    close $f
#@ 	} msg opts]
#@ 	if {$error} {
#@ 	    catch {close $f}
#@ 	    cd $oldDir
#@ 	    return -options $opts $msg
#@ 	}
#@     }
#@     set f ""
#@     set error [catch {
#@ 	set f [open tclIndex w]
#@ 	puts -nonewline $f $index
#@ 	close $f
#@ 	cd $oldDir
#@     } msg opts]
#@     if {$error} {
#@ 	catch {close $f}
#@ 	cd $oldDir
#@ 	error $msg $info $code
#@ 	return -options $opts $msg
#@     }
#@ }
#@ 
#@ # Create a safe interpreter that can be used to parse Tcl source files
#@ # generate a tclIndex file for autoloading.  This interp contains commands for
#@ # things that need index entries.  Each time a command is executed, it writes
#@ # an entry out to the index file.
#@ 
#@ namespace eval auto_mkindex_parser {
#@     variable parser ""          ;# parser used to build index
#@     variable index ""           ;# maintains index as it is built
#@     variable scriptFile ""      ;# name of file being processed
#@     variable contextStack ""    ;# stack of namespace scopes
#@     variable imports ""         ;# keeps track of all imported cmds
#@     variable initCommands       ;# list of commands that create aliases
#@     if {![info exists initCommands]} {
#@ 	set initCommands [list]
#@     }
#@ 
#@     proc init {} {
#@ 	variable parser
#@ 	variable initCommands
#@ 
#@ 	if {![interp issafe]} {
#@ 	    set parser [interp create -safe]
#@ 	    $parser hide info
#@ 	    $parser hide rename
#@ 	    $parser hide proc
#@ 	    $parser hide namespace
#@ 	    $parser hide eval
#@ 	    $parser hide puts
#@ 	    foreach ns [$parser invokehidden namespace children ::] {
#@ 		# MUST NOT DELETE "::tcl" OR BAD THINGS HAPPEN!
#@ 		if {$ns eq "::tcl"} continue
#@ 		$parser invokehidden namespace delete $ns
#@ 	    }
#@ 	    foreach cmd [$parser invokehidden info commands ::*] {
#@ 		$parser invokehidden rename $cmd {}
#@ 	    }
#@ 	    $parser invokehidden proc unknown {args} {}
#@ 
#@ 	    # We'll need access to the "namespace" command within the
#@ 	    # interp.  Put it back, but move it out of the way.
#@ 
#@ 	    $parser expose namespace
#@ 	    $parser invokehidden rename namespace _%@namespace
#@ 	    $parser expose eval
#@ 	    $parser invokehidden rename eval _%@eval
#@ 
#@ 	    # Install all the registered psuedo-command implementations
#@ 
#@ 	    foreach cmd $initCommands {
#@ 		eval $cmd
#@ 	    }
#@ 	}
#@     }
#@     proc cleanup {} {
#@ 	variable parser
#@ 	interp delete $parser
#@ 	unset parser
#@     }
#@ }
#@ 
#@ # auto_mkindex_parser::mkindex --
#@ #
#@ # Used by the "auto_mkindex" command to create a "tclIndex" file for the given
#@ # Tcl source file.  Executes the commands in the file, and handles things like
#@ # the "proc" command by adding an entry for the index file.  Returns a string
#@ # that represents the index file.
#@ #
#@ # Arguments:
#@ #	file	Name of Tcl source file to be indexed.
#@ 
#@ proc auto_mkindex_parser::mkindex {file} {
#@     variable parser
#@     variable index
#@     variable scriptFile
#@     variable contextStack
#@     variable imports
#@ 
#@     set scriptFile $file
#@ 
#@     set fid [open $file]
#@     set contents [read $fid]
#@     close $fid
#@ 
#@     # There is one problem with sourcing files into the safe interpreter:
#@     # references like "$x" will fail since code is not really being executed
#@     # and variables do not really exist.  To avoid this, we replace all $ with
#@     # \0 (literally, the null char) later, when getting proc names we will
#@     # have to reverse this replacement, in case there were any $ in the proc
#@     # name.  This will cause a problem if somebody actually tries to have a \0
#@     # in their proc name.  Too bad for them.
#@     set contents [string map [list \$ \0] $contents]
#@ 
#@     set index ""
#@     set contextStack ""
#@     set imports ""
#@ 
#@     $parser eval $contents
#@ 
#@     foreach name $imports {
#@         catch {$parser eval [list _%@namespace forget $name]}
#@     }
#@     return $index
#@ }
#@ 
#@ # auto_mkindex_parser::hook command
#@ #
#@ # Registers a Tcl command to evaluate when initializing the slave interpreter
#@ # used by the mkindex parser.  The command is evaluated in the master
#@ # interpreter, and can use the variable auto_mkindex_parser::parser to get to
#@ # the slave
#@ 
#@ proc auto_mkindex_parser::hook {cmd} {
#@     variable initCommands
#@ 
#@     lappend initCommands $cmd
#@ }
#@ 
#@ # auto_mkindex_parser::slavehook command
#@ #
#@ # Registers a Tcl command to evaluate when initializing the slave interpreter
#@ # used by the mkindex parser.  The command is evaluated in the slave
#@ # interpreter.
#@ 
#@ proc auto_mkindex_parser::slavehook {cmd} {
#@     variable initCommands
#@ 
#@     # The $parser variable is defined to be the name of the slave interpreter
#@     # when this command is used later.
#@ 
#@     lappend initCommands "\$parser eval [list $cmd]"
#@ }
#@ 
#@ # auto_mkindex_parser::command --
#@ #
#@ # Registers a new command with the "auto_mkindex_parser" interpreter that
#@ # parses Tcl files.  These commands are fake versions of things like the
#@ # "proc" command.  When you execute them, they simply write out an entry to a
#@ # "tclIndex" file for auto-loading.
#@ #
#@ # This procedure allows extensions to register their own commands with the
#@ # auto_mkindex facility.  For example, a package like [incr Tcl] might
#@ # register a "class" command so that class definitions could be added to a
#@ # "tclIndex" file for auto-loading.
#@ #
#@ # Arguments:
#@ #	name 	Name of command recognized in Tcl files.
#@ #	arglist	Argument list for command.
#@ #	body 	Implementation of command to handle indexing.
#@ 
#@ proc auto_mkindex_parser::command {name arglist body} {
#@     hook [list auto_mkindex_parser::commandInit $name $arglist $body]
#@ }
#@ 
#@ # auto_mkindex_parser::commandInit --
#@ #
#@ # This does the actual work set up by auto_mkindex_parser::command. This is
#@ # called when the interpreter used by the parser is created.
#@ #
#@ # Arguments:
#@ #	name 	Name of command recognized in Tcl files.
#@ #	arglist	Argument list for command.
#@ #	body 	Implementation of command to handle indexing.
#@ 
#@ proc auto_mkindex_parser::commandInit {name arglist body} {
#@     variable parser
#@ 
#@     set ns [namespace qualifiers $name]
#@     set tail [namespace tail $name]
#@     if {$ns eq ""} {
#@         set fakeName [namespace current]::_%@fake_$tail
#@     } else {
#@         set fakeName [namespace current]::[string map {:: _} _%@fake_$name]
#@     }
#@     proc $fakeName $arglist $body
#@ 
#@     # YUK!  Tcl won't let us alias fully qualified command names, so we can't
#@     # handle names like "::itcl::class".  Instead, we have to build procs with
#@     # the fully qualified names, and have the procs point to the aliases.
#@ 
#@     if {[string match *::* $name]} {
#@         set exportCmd [list _%@namespace export [namespace tail $name]]
#@         $parser eval [list _%@namespace eval $ns $exportCmd]
#@ 
#@ 	# The following proc definition does not work if you want to tolerate
#@ 	# space or something else diabolical in the procedure name, (i.e.,
#@ 	# space in $alias). The following does not work:
#@ 	#   "_%@eval {$alias} \$args"
#@ 	# because $alias gets concat'ed to $args.  The following does not work
#@ 	# because $cmd is somehow undefined
#@ 	#   "set cmd {$alias} \; _%@eval {\$cmd} \$args"
#@ 	# A gold star to someone that can make test autoMkindex-3.3 work
#@ 	# properly
#@ 
#@         set alias [namespace tail $fakeName]
#@         $parser invokehidden proc $name {args} "_%@eval {$alias} \$args"
#@         $parser alias $alias $fakeName
#@     } else {
#@         $parser alias $name $fakeName
#@     }
#@     return
#@ }
#@ 
#@ # auto_mkindex_parser::fullname --
#@ #
#@ # Used by commands like "proc" within the auto_mkindex parser.  Returns the
#@ # qualified namespace name for the "name" argument.  If the "name" does not
#@ # start with "::", elements are added from the current namespace stack to
#@ # produce a qualified name.  Then, the name is examined to see whether or not
#@ # it should really be qualified.  If the name has more than the leading "::",
#@ # it is returned as a fully qualified name.  Otherwise, it is returned as a
#@ # simple name.  That way, the Tcl autoloader will recognize it properly.
#@ #
#@ # Arguments:
#@ # name -		Name that is being added to index.
#@ 
#@ proc auto_mkindex_parser::fullname {name} {
#@     variable contextStack
#@ 
#@     if {![string match ::* $name]} {
#@         foreach ns $contextStack {
#@             set name "${ns}::$name"
#@             if {[string match ::* $name]} {
#@                 break
#@             }
#@         }
#@     }
#@ 
#@     if {[namespace qualifiers $name] eq ""} {
#@         set name [namespace tail $name]
#@     } elseif {![string match ::* $name]} {
#@         set name "::$name"
#@     }
#@ 
#@     # Earlier, mkindex replaced all $'s with \0.  Now, we have to reverse that
#@     # replacement.
#@     return [string map [list \0 \$] $name]
#@ }
#@ 
#@ # auto_mkindex_parser::indexEntry --
#@ #
#@ # Used by commands like "proc" within the auto_mkindex parser to add a
#@ # correctly-quoted entry to the index. This is shared code so it is done
#@ # *right*, in one place.
#@ #
#@ # Arguments:
#@ # name -		Name that is being added to index.
#@ 
#@ proc auto_mkindex_parser::indexEntry {name} {
#@     variable index
#@     variable scriptFile
#@ 
#@     # We convert all metacharacters to their backslashed form, and pre-split
#@     # the file name that we know about (which will be a proper list, and so
#@     # correctly quoted).
#@ 
#@     set name [string range [list \}[fullname $name]] 2 end]
#@     set filenameParts [file split $scriptFile]
#@ 
#@     append index [format 	    {set auto_index(%s) [list source [file join $dir %s]]%s} 	    $name $filenameParts \n]
#@     return
#@ }
#@ 
#@ if {[llength $::auto_mkindex_parser::initCommands]} {
#@     return
#@ }
#@ 
#@ # Register all of the procedures for the auto_mkindex parser that will build
#@ # the "tclIndex" file.
#@ 
#@ # AUTO MKINDEX:  proc name arglist body
#@ # Adds an entry to the auto index list for the given procedure name.
#@ 
#@ auto_mkindex_parser::command proc {name args} {
#@     indexEntry $name
#@ }
#@ 
#@ # Conditionally add support for Tcl byte code files.  There are some tricky
#@ # details here.  First, we need to get the tbcload library initialized in the
#@ # current interpreter.  We cannot load tbcload into the slave until we have
#@ # done so because it needs access to the tcl_patchLevel variable.  Second,
#@ # because the package index file may defer loading the library until we invoke
#@ # a command, we need to explicitly invoke auto_load to force it to be loaded.
#@ # This should be a noop if the package has already been loaded
#@ 
#@ auto_mkindex_parser::hook {
#@     try {
#@ 	package require tbcload
#@     } on error {} {
#@ 	# OK, don't have it so do nothing
#@     } on ok {} {
#@ 	if {[namespace which -command tbcload::bcproc] eq ""} {
#@ 	    auto_load tbcload::bcproc
#@ 	}
#@         if {[info commands load] == "load"} {
#@ 	    load {} tbcload $auto_mkindex_parser::parser
#@         }
#@ 
#@ 	# AUTO MKINDEX:  tbcload::bcproc name arglist body
#@ 	# Adds an entry to the auto index list for the given pre-compiled
#@ 	# procedure name.
#@ 
#@ 	auto_mkindex_parser::commandInit tbcload::bcproc {name args} {
#@ 	    indexEntry $name
#@ 	}
#@     }
#@ }
#@ 
#@ # AUTO MKINDEX:  namespace eval name command ?arg arg...?
#@ # Adds the namespace name onto the context stack and evaluates the associated
#@ # body of commands.
#@ #
#@ # AUTO MKINDEX:  namespace import ?-force? pattern ?pattern...?
#@ # Performs the "import" action in the parser interpreter.  This is important
#@ # for any commands contained in a namespace that affect the index.  For
#@ # example, a script may say "itcl::class ...", or it may import "itcl::*" and
#@ # then say "class ...".  This procedure does the import operation, but keeps
#@ # track of imported patterns so we can remove the imports later.
#@ 
#@ auto_mkindex_parser::command namespace {op args} {
#@     switch -- $op {
#@         eval {
#@             variable parser
#@             variable contextStack
#@ 
#@             set name [lindex $args 0]
#@             set args [lrange $args 1 end]
#@ 
#@             set contextStack [linsert $contextStack 0 $name]
#@ 	    $parser eval [list _%@namespace eval $name] $args
#@             set contextStack [lrange $contextStack 1 end]
#@         }
#@         import {
#@             variable parser
#@             variable imports
#@             foreach pattern $args {
#@                 if {$pattern ne "-force"} {
#@                     lappend imports $pattern
#@                 }
#@             }
#@             catch {$parser eval "_%@namespace import $args"}
#@         }
#@ 	ensemble {
#@ 	    variable parser
#@ 	    variable contextStack
#@ 	    if {[lindex $args 0] eq "create"} {
#@ 		set name ::[join [lreverse $contextStack] ::]
#@ 		catch {
#@ 		    set name [dict get [lrange $args 1 end] -command]
#@ 		    if {![string match ::* $name]} {
#@ 			set name ::[join [lreverse $contextStack] ::]$name
#@ 		    }
#@ 		    regsub -all ::+ $name :: name
#@ 		}
#@ 		# create artifical proc to force an entry in the tclIndex
#@ 		$parser eval [list ::proc $name {} {}]
#@ 	    }
#@ 	}
#@     }
#@ }
#@ 
#@ # AUTO MKINDEX:  oo::class create name ?definition?
#@ # Adds an entry to the auto index list for the given class name.
#@ auto_mkindex_parser::command oo::class {op name {body ""}} {
#@     if {$op eq "create"} {
#@ 	indexEntry $name
#@     }
#@ }
#@ auto_mkindex_parser::command class {op name {body ""}} {
#@     if {$op eq "create"} {
#@ 	indexEntry $name
#@     }
#@ }
#@ 
#@ return
#@ # -- End source /home/synopsys/pts/O-2018.06-SP1/auxx/tcllib/lib/tcl8.6/auto.tcl

#@ 
#@ #
#@ # USAGE:  itcl::body name arglist body
#@ # Adds an entry for the given method/proc body.
#@ #
#@ foreach __cmd {itcl::body body} {
#@     auto_mkindex_parser::command $__cmd {name arglist body} {
#@ 	variable index
#@ 	variable scriptFile
#@ 	append index "set [list auto_index([fullname $name])]"
#@ 	append index " \[list source \[file join \$dir [list $scriptFile]\]\]\n"
#@     }
#@ }
#@ 
#@ #
#@ # USAGE:  itcl::configbody name arglist body
#@ # Adds an entry for the given method/proc body.
#@ #
#@ foreach __cmd {itcl::configbody configbody} {
#@     auto_mkindex_parser::command $__cmd {name body} {
#@ 	variable index
#@ 	variable scriptFile
#@ 	append index "set [list auto_index([fullname $name])]"
#@ 	append index " \[list source \[file join \$dir [list $scriptFile]\]\]\n"
#@     }
#@ }
#@ 
#@ #
#@ # USAGE:  ensemble name ?body?
#@ # Adds an entry to the auto index list for the given ensemble name.
#@ #
#@ foreach __cmd {itcl::ensemble ensemble} {
#@     auto_mkindex_parser::command $__cmd {name {body ""}} {
#@ 	variable index
#@ 	variable scriptFile
#@ 	append index "set [list auto_index([fullname $name])]"
#@ 	append index " \[list source \[file join \$dir [list $scriptFile]\]\]\n"
#@     }
#@ }
#@ 
#@ #
#@ # USAGE:  public arg ?arg arg...?
#@ #         protected arg ?arg arg...?
#@ #         private arg ?arg arg...?
#@ #
#@ # Evaluates the arguments as commands, so we can recognize proc
#@ # declarations within classes.
#@ #
#@ foreach __cmd {public protected private} {
#@     auto_mkindex_parser::command $__cmd {args} {
#@         variable parser
#@         $parser eval $args
#@     }
#@ }
#@ 
#@ # SF bug #246 unset variable __cmd to avoid problems in user programs!!
#@ unset __cmd
#@ 
#@ # ----------------------------------------------------------------------
#@ # auto_import
#@ # ----------------------------------------------------------------------
#@ # This procedure overrides the usual "auto_import" function in the
#@ # Tcl library.  It is invoked during "namespace import" to make see
#@ # if the imported commands reside in an autoloaded library.  If so,
#@ # stubs are created to represent the commands.  Executing a stub
#@ # later on causes the real implementation to be autoloaded.
#@ #
#@ # Arguments -
#@ # pattern	The pattern of commands being imported (like "foo::*")
#@ #               a canonical namespace as returned by [namespace current]
#@ 
#@ proc auto_import {pattern} {
#@     global auto_index
#@ 
#@     set ns [uplevel namespace current]
#@     set patternList [auto_qualify $pattern $ns]
#@ 
#@     auto_load_index
#@ 
#@     foreach pattern $patternList {
#@         foreach name [array names auto_index $pattern] {
#@             if {"" == [info commands $name]} {
#@                 ::itcl::import::stub create $name
#@             }
#@         }
#@     }
#@ }
#@ # -- End source /home/synopsys/pts/O-2018.06-SP1/auxx/tcllib/lib/itcl4.0.2/itcl.tcl

source -echo /mnt/hgfs/0_GP/Final_2/3_PrimeTime/0_PT/pt_func_fast.tcl
#@ # -- Starting source /mnt/hgfs/0_GP/Final_2/3_PrimeTime/0_PT/pt_func_fast.tcl

#@ source "/mnt/hgfs/0_GP/Final_2/set_libs.tcl"
#@ # -- Starting source /mnt/hgfs/0_GP/Final_2/set_libs.tcl

#@ ### Libs ###
#@ set FFLIB "saed14hvt_ff0p88v125c.db"
#@ set TTLIB "saed14hvt_tt0p8v25c.db"
#@ set SSLIB "saed14hvt_ss0p72vm40c.db"
#@ set LIB_PATH "/mnt/hgfs/0_GP/PDK/saed14_pdk/SAED14nm_EDK_CORE_HVT_v_062020/stdcell_hvt/db_ccs"
#@ 
#@ # -- End source /mnt/hgfs/0_GP/Final_2/set_libs.tcl

#@ 
#@ set LIB "saed14hvt_ff0p88v125c.db"
#@ 
#@ set_app_var search_path $LIB_PATH
#@ 
#@ set_app_var target_library $LIB
#@ 
#@ set_app_var link_library $target_library
#@ 
#@ set NETLIST "/mnt/hgfs/0_GP/Final_2/2_PnR/6_Routing/output/ibex_wrapper_rt.v"
#@ 
#@ set CONSTRAINTS "/mnt/hgfs/0_GP/Final_2/2_PnR/6_Routing/output/ibex_wrapper_fast.sdc"
#@ 
#@ set PARASITICS "/mnt/hgfs/0_GP/Final_2/2_PnR/6_Routing/output/ibex_wrapper.tlup_min_125.spef"  
#@ 
#@ set DONT_USE "/mnt/hgfs/0_GP/Final_2/0_Synthesis/constraints/dont_use_const_hendawi.tcl"
#@ 
#@ read_db -library $LIB
#@ 
#@ read_verilog $NETLIST
#@ 
#@ 
#@ 
#@ link_design -keep_sub_designs "ibex_cs_registers_0_00000001_0_0_0_0_00000000_00000028_0_00000000_00000004_0_0_3_0"
#@ link_design -keep_sub_designs "ibex_register_file_ff_0_00000020_0_0_0_00000000"
#@ link_design -keep_sub_designs "ibex_wrapper"
#@ 
#@ #current_design "ibex_wrapper"
#@ 
#@ read_sdc $CONSTRAINTS
#@ 
#@ read_parasitics $PARASITICS
#@ 
#@ source $DONT_USE
#@ # -- Starting source /mnt/hgfs/0_GP/Final_2/0_Synthesis/constraints/dont_use_const_hendawi.tcl

#@ ############### ignore small sizes #################
#@ set_dont_use [get_lib_cells */*0P5*] 
#@ set_dont_use [get_lib_cells */*0P75*] 
#@ set_dont_use [get_lib_cells */*_1] 
#@ set_dont_use [get_lib_cells */*_1P5] 
#@ 
#@ 
#@ set_dont_use [get_lib_cells */*_MM_*]
#@ 
#@ set_dont_use [get_lib_cells */*_PMM_*]
#@ set_dont_use [get_lib_cells */*_PS_*]
#@ set_dont_use [get_lib_cells */*_PECO_*]
#@ set_dont_use [get_lib_cells */*_PSECO_*]
#@ 
#@ ##################### might be blockesd for routing###############
#@ set_dont_use [get_lib_cells */*AO*]
#@ set_dont_use [get_lib_cells */*OA*]
#@ set_dont_use [get_lib_cells */*_FSDPRBQ_V2_4*]
#@ set_dont_use [get_lib_cells */*_AO32_4*]
#@ set_dont_use [get_lib_cells */*_AO221_4*]
#@ set_dont_use [get_lib_cells */*_AOI21_3*]
#@ set_dont_use [get_lib_cells */*_AO32_4*]
#@ set_dont_use [get_lib_cells */*_OAI311_4*]
#@ set_dont_use [get_lib_cells */*_FDPSBQ_2*]
#@ set_dont_use [get_lib_cells */*_FDPSBQ_4*]
#@ 
#@ 
#@ ############### no valid via regoin###############
#@ set_dont_use [get_lib_cells */*NR2_2]
#@ set_dont_use [get_lib_cells */*AO2BB2_2]
#@ set_dont_use [get_lib_cells */*AO221_2]
#@ set_dont_use [get_lib_cells */*OA21_2]
#@ set_dont_use [get_lib_cells */*OAI22_2]
#@ set_dont_use [get_lib_cells */*AO21_2]
#@ set_dont_use [get_lib_cells */*OAI222_2]
#@ set_dont_use [get_lib_cells */*AOI22_2]
#@ set_dont_use [get_lib_cells */*AOI21_2]
#@ set_dont_use [get_lib_cells */*AO21B_2]
#@ set_dont_use [get_lib_cells */*OA221_2]
#@ set_dont_use [get_lib_cells */*AO33_2]
#@ set_dont_use [get_lib_cells */*OAI21_2]
#@ set_dont_use [get_lib_cells */*OA31_2]
#@ set_dont_use [get_lib_cells */*OAI311_2]
#@ set_dont_use [get_lib_cells */*OAI33_2]
#@ set_dont_use [get_lib_cells */*AOI211_2]
#@ set_dont_use [get_lib_cells */*MUXI3_2]
#@ set_dont_use [get_lib_cells */*AO211_2]
#@ set_dont_use [get_lib_cells */*OA21_4]
#@ set_dont_use [get_lib_cells */*OR3_4]
#@ set_dont_use [get_lib_cells */*OA22_4]
#@ set_dont_use [get_lib_cells */*NR2_5]
#@ set_dont_use [get_lib_cells */*BUF_S_4]
#@ set_dont_use [get_lib_cells */*NR2_3]
#@ set_dont_use [get_lib_cells */*AO2BB2_V1_2]
#@ set_dont_use [get_lib_cells */*MUX2_4]
#@ set_dont_use [get_lib_cells */*MUX3_V1M_2]
#@ set_dont_use [get_lib_cells */*AN2_8]
#@ set_dont_use [get_lib_cells */*MUXI4_2]
#@ set_dont_use [get_lib_cells */*MUXI4_4]
#@ set_dont_use [get_lib_cells */*MUXI3_4]
#@ 
#@ 
#@ 
#@ ############## missing supply pin ##############
#@ set_dont_use [get_lib_cells */*_ISOFSDPQ_PECO_8*]
#@ set_dont_use [get_lib_cells */*_DCAP_PV1ECO_12*]
#@ set_dont_use [get_lib_cells */*_ISOFSDPQ_PECO_8*]
#@ set_dont_use [get_lib_cells */*_DCAP_PV1ECO_12*]
#@ 
#@ 
#@ ############### removing all ECO Cells ################
#@ set_dont_use [get_lib_cells */*_ECO_*] 
#@ 
#@ ############## off grid ###############################
#@ set_dont_use [get_lib_cells */*ADDF_V1_2]
#@ 
#@ 
#@ ############ short lvs ############
#@ set_dont_use [get_lib_cells */*_ND2_CDC_2*]
#@ # -- End source /mnt/hgfs/0_GP/Final_2/0_Synthesis/constraints/dont_use_const_hendawi.tcl

#@ # -- End source /mnt/hgfs/0_GP/Final_2/3_PrimeTime/0_PT/pt_func_fast.tcl

check_timing
update_timing
#@ # -- Starting source /mnt/hgfs/0_GP/Final_2/3_PrimeTime/0_PT/work/.eco_change.tcl.6938.0

#@ size_cell {CTS_copt_h_inst_8309} {SAEDHVT14_DEL_R2V1_2}
#@ size_cell {CTS_copt_h_inst_8524} {SAEDHVT14_BUF_CDC_2}
#@ size_cell {CTS_copt_h_inst_8311} {SAEDHVT14_BUF_S_2}
#@ size_cell {CTS_copt_h_inst_8885} {SAEDHVT14_BUF_S_2}
#@ size_cell {CTS_copt_h_inst_8886} {SAEDHVT14_BUF_CDC_2}
#@ size_cell {CTS_copt_h_inst_8693} {SAEDHVT14_BUF_CDC_2}
#@ size_cell {U6247} {SAEDHVT14_AN3_4}
#@ size_cell {CTS_copt_h_inst_8600} {SAEDHVT14_DEL_R2V1_2}
#@ size_cell {CTS_copt_h_inst_3540} {SAEDHVT14_BUF_CDC_2}
#@ size_cell {CTS_copt_h_inst_8695} {SAEDHVT14_BUF_S_2}
#@ size_cell {CTS_copt_h_inst_11306} {SAEDHVT14_DEL_R2V1_2}
#@ size_cell {CTS_copt_h_inst_10604} {SAEDHVT14_BUF_CDC_4}
#@ size_cell {CTS_copt_h_inst_10286} {SAEDHVT14_BUF_CDC_2}
#@ size_cell {CTS_copt_h_inst_10104} {SAEDHVT14_DEL_R2V1_2}
#@ size_cell {CTS_copt_h_inst_10603} {SAEDHVT14_DEL_L4D100_2}
#@ size_cell {U4409} {SAEDHVT14_AN3_4}
#@ size_cell {CTS_copt_h_inst_11307} {SAEDHVT14_DEL_R2V1_2}
#@ size_cell {CTS_copt_h_inst_8992} {SAEDHVT14_BUF_CDC_2}
#@ size_cell {U5176} {SAEDHVT14_AN2_4}
#@ size_cell {U6826} {SAEDHVT14_OR2_4}
#@ size_cell {CTS_copt_h_inst_8899} {SAEDHVT14_BUF_S_2}
#@ size_cell {CTS_copt_h_inst_8898} {SAEDHVT14_BUF_CDC_2}
#@ size_cell {U6821} {SAEDHVT14_AN3_4}
#@ size_cell {U6306} {SAEDHVT14_AN3_4}
#@ size_cell {U10384} {SAEDHVT14_OR2_4}
#@ size_cell {U6803} {SAEDHVT14_OR2_4}
#@ size_cell {U10357} {SAEDHVT14_OR2_4}
#@ size_cell {U5050} {SAEDHVT14_OR2_4}
#@ size_cell {U6802} {SAEDHVT14_OR2_4}
#@ size_cell {U10428} {SAEDHVT14_OR2_4}
#@ size_cell {U6823} {SAEDHVT14_OR2_4}
#@ size_cell {U7370} {SAEDHVT14_OR2_4}
#@ size_cell {U6764} {SAEDHVT14_OR2_4}
#@ size_cell {U6811} {SAEDHVT14_OR2_4}
#@ size_cell {U6840} {SAEDHVT14_OR2_4}
#@ size_cell {U6806} {SAEDHVT14_OR2_4}
#@ size_cell {U6804} {SAEDHVT14_OR2_4}
#@ size_cell {U6815} {SAEDHVT14_OR2_4}
#@ size_cell {U6841} {SAEDHVT14_OR2_4}
#@ size_cell {U6793} {SAEDHVT14_OR2_4}
#@ size_cell {U6809} {SAEDHVT14_OR2_4}
#@ size_cell {U6801} {SAEDHVT14_OR2_4}
#@ size_cell {U10395} {SAEDHVT14_OR2_4}
#@ size_cell {U10506} {SAEDHVT14_OR2_4}
#@ size_cell {U6810} {SAEDHVT14_OR2_4}
#@ size_cell {U6807} {SAEDHVT14_OR2_4}
#@ size_cell {U6263} {SAEDHVT14_OR2_4}
#@ size_cell {U7337} {SAEDHVT14_OR2_4}
#@ size_cell {U6808} {SAEDHVT14_OR2_4}
#@ size_cell {U4602} {SAEDHVT14_AN3_4}
#@ size_cell {U6787} {SAEDHVT14_OR2_4}
#@ size_cell {U6818} {SAEDHVT14_OR2_4}
#@ size_cell {U6805} {SAEDHVT14_OR2_4}
#@ size_cell {U7135} {SAEDHVT14_AN3_4}
#@ size_cell {U6797} {SAEDHVT14_OR2_4}
#@ size_cell {U6799} {SAEDHVT14_OR2_4}
#@ size_cell {U4718} {SAEDHVT14_AN3_4}
#@ size_cell {CTS_ropt_mt_inst_12555} {SAEDHVT14_BUF_S_6}
#@ size_cell {U6255} {SAEDHVT14_AN2_4}
#@ size_cell {U6257} {SAEDHVT14_OR2_4}
#@ size_cell {U5978} {SAEDHVT14_OR2_4}
#@ size_cell {PLACE_HFSINV_1022_221} {SAEDHVT14_INV_S_5}
#@ # -- End source /mnt/hgfs/0_GP/Final_2/3_PrimeTime/0_PT/work/.eco_change.tcl.6938.0

#@ # -- Starting source /mnt/hgfs/0_GP/Final_2/3_PrimeTime/0_PT/work/.eco_change.tcl.6938.1

#@ size_cell {CTS_copt_h_inst_8600} {SAEDHVT14_BUF_CDC_2}
#@ size_cell {U6247} {SAEDHVT14_AN3_8}
#@ size_cell {CTS_copt_h_inst_8886} {SAEDHVT14_BUF_4}
#@ size_cell {U7593} {SAEDHVT14_AN3_4}
#@ size_cell {U6306} {SAEDHVT14_AN3_8}
#@ size_cell {U4409} {SAEDHVT14_AN3_8}
#@ size_cell {U7713} {SAEDHVT14_OR2_4}
#@ size_cell {U7728} {SAEDHVT14_NR2B_4}
#@ # -- End source /mnt/hgfs/0_GP/Final_2/3_PrimeTime/0_PT/work/.eco_change.tcl.6938.1

#@ # -- Starting source /mnt/hgfs/0_GP/Final_2/3_PrimeTime/0_PT/work/.eco_change.tcl.6938.0

#@ insert_buffer {CTS_copt_h_inst_11298/A} {SAEDHVT14_BUF_20}
#@ set_load -min 0.0 [get_net -of {CTS_copt_h_inst_11298/A}] 
#@ insert_buffer {CTS_copt_h_inst_10136/A} {SAEDHVT14_BUF_20}
#@ set_load -min 0.0 [get_net -of {CTS_copt_h_inst_10136/A}] 
#@ size_cell {CTS_ropt_h_inst_12665} {SAEDHVT14_DEL_R2V3_2}
#@ insert_buffer {U8042/X} {SAEDHVT14_BUF_20}
#@ set_load -min 0.0 [get_net -of {U8042/X}] 
#@ size_cell {CTS_copt_h_inst_8524} {SAEDHVT14_DEL_R2V3_2}
#@ insert_buffer {U5578/X} {SAEDHVT14_BUF_2}
#@ set_load -min 0.0 [get_net -of {U5578/X}] 
#@ insert_buffer {ibex_top_inst/u_ibex_core/if_stage_i/instr_rdata_alu_id_o_reg[12]/Q} {SAEDHVT14_BUF_2}
#@ set_load -min 0.0 [get_net -of {ibex_top_inst/u_ibex_core/if_stage_i/instr_rdata_alu_id_o_reg[12]/Q}] 
#@ insert_buffer {U12015/A2} {SAEDHVT14_BUF_20}
#@ set_load -min 0.0 [get_net -of {U12015/A2}] 
#@ insert_buffer {R_15/SI} {SAEDHVT14_BUF_2}
#@ set_load -min 0.0 [get_net -of {R_15/SI}] 
#@ size_cell {CTS_copt_h_inst_10604} {SAEDHVT14_DEL_L4D100_2}
#@ insert_buffer {R_1/SI} {SAEDHVT14_BUF_20}
#@ set_load -min 0.0 [get_net -of {R_1/SI}] 
#@ size_cell {CTS_copt_h_inst_8309} {SAEDHVT14_DEL_R2V3_2}
#@ insert_buffer {U8256/A3} {SAEDHVT14_BUF_20}
#@ set_load -min 0.0 [get_net -of {U8256/A3}] 
#@ size_cell {CTS_copt_h_inst_8695} {SAEDHVT14_DEL_R2V3_2}
#@ insert_buffer {ibex_top_inst/u_ibex_core/wb_stage_i/g_writeback_stage.rf_wdata_wb_q_reg[25]/D} {SAEDHVT14_BUF_20}
#@ set_load -min 0.0 [get_net -of {ibex_top_inst/u_ibex_core/wb_stage_i/g_writeback_stage.rf_wdata_wb_q_reg[25]/D}] 
#@ insert_buffer {CTS_copt_h_inst_11654/A} {SAEDHVT14_BUF_20}
#@ set_load -min 0.0 [get_net -of {CTS_copt_h_inst_11654/A}] 
#@ insert_buffer {ibex_top_inst/u_ibex_core/wb_stage_i/g_writeback_stage.rf_wdata_wb_q_reg[24]/D} {SAEDHVT14_BUF_20}
#@ set_load -min 0.0 [get_net -of {ibex_top_inst/u_ibex_core/wb_stage_i/g_writeback_stage.rf_wdata_wb_q_reg[24]/D}] 
#@ size_cell {CTS_ropt_h_inst_12685} {SAEDHVT14_DEL_R2V3_2}
#@ insert_buffer {ibex_top_inst/u_ibex_core/wb_stage_i/g_writeback_stage.rf_wdata_wb_q_reg[28]/D} {SAEDHVT14_BUF_20}
#@ set_load -min 0.0 [get_net -of {ibex_top_inst/u_ibex_core/wb_stage_i/g_writeback_stage.rf_wdata_wb_q_reg[28]/D}] 
#@ size_cell {CTS_copt_h_inst_11410} {SAEDHVT14_DEL_R2V3_2}
#@ insert_buffer {U5952/A2} {SAEDHVT14_BUF_20}
#@ set_load -min 0.0 [get_net -of {U5952/A2}] 
#@ size_cell {CTS_copt_h_inst_11415} {SAEDHVT14_DEL_R2V3_2}
#@ insert_buffer {CTS_copt_h_inst_8311/X} {SAEDHVT14_BUF_20}
#@ set_load -min 0.0 [get_net -of {CTS_copt_h_inst_8311/X}] 
#@ size_cell {CTS_copt_h_inst_11747} {SAEDHVT14_DEL_R2V3_2}
#@ insert_buffer {U12929/A} {SAEDHVT14_BUF_20}
#@ set_load -min 0.0 [get_net -of {U12929/A}] 
#@ insert_buffer {CTS_copt_h_inst_11716/A} {SAEDHVT14_BUF_20}
#@ set_load -min 0.0 [get_net -of {CTS_copt_h_inst_11716/A}] 
#@ insert_buffer {ibex_top_inst/u_ibex_core/if_stage_i/instr_rdata_alu_id_o_reg[14]/SI} {SAEDHVT14_BUF_20}
#@ set_load -min 0.0 [get_net -of {ibex_top_inst/u_ibex_core/if_stage_i/instr_rdata_alu_id_o_reg[14]/SI}] 
#@ insert_buffer {ibex_top_inst/u_ibex_core/wb_stage_i/g_writeback_stage.rf_wdata_wb_q_reg[28]/SI} {SAEDHVT14_BUF_20}
#@ set_load -min 0.0 [get_net -of {ibex_top_inst/u_ibex_core/wb_stage_i/g_writeback_stage.rf_wdata_wb_q_reg[28]/SI}] 
#@ insert_buffer {CTS_copt_h_inst_11419/A} {SAEDHVT14_BUF_20}
#@ set_load -min 0.0 [get_net -of {CTS_copt_h_inst_11419/A}] 
#@ insert_buffer {CTS_ropt_h_inst_12688/X} {SAEDHVT14_BUF_20}
#@ set_load -min 0.0 [get_net -of {CTS_ropt_h_inst_12688/X}] 
#@ size_cell {CTS_copt_h_inst_12527} {SAEDHVT14_DEL_R2V3_2}
#@ size_cell {U4602} {SAEDHVT14_AN3_2}
#@ insert_buffer {CTS_ropt_h_inst_12678/X} {SAEDHVT14_BUF_20}
#@ set_load -min 0.0 [get_net -of {CTS_ropt_h_inst_12678/X}] 
#@ size_cell {CTS_copt_h_inst_11673} {SAEDHVT14_DEL_R2V3_2}
#@ insert_buffer {CTS_copt_h_inst_11733/A} {SAEDHVT14_BUF_20}
#@ set_load -min 0.0 [get_net -of {CTS_copt_h_inst_11733/A}] 
#@ size_cell {CTS_copt_h_inst_12343} {SAEDHVT14_DEL_R2V3_2}
#@ size_cell {CTS_copt_h_inst_11667} {SAEDHVT14_DEL_R2V3_2}
#@ insert_buffer {ibex_top_inst/u_ibex_core/if_stage_i/instr_rdata_id_o_reg[18]/SI} {SAEDHVT14_BUF_20}
#@ set_load -min 0.0 [get_net -of {ibex_top_inst/u_ibex_core/if_stage_i/instr_rdata_id_o_reg[18]/SI}] 
#@ size_cell {CTS_copt_h_inst_11678} {SAEDHVT14_DEL_R2V2_2}
#@ size_cell {CTS_copt_h_inst_11644} {SAEDHVT14_DEL_R2V3_2}
#@ insert_buffer {U4480/A2} {SAEDHVT14_BUF_20}
#@ set_load -min 0.0 [get_net -of {U4480/A2}] 
#@ size_cell {CTS_copt_h_inst_8886} {SAEDHVT14_DEL_L4D100_2}
#@ insert_buffer {CTS_copt_h_inst_11752/A} {SAEDHVT14_BUF_20}
#@ set_load -min 0.0 [get_net -of {CTS_copt_h_inst_11752/A}] 
#@ insert_buffer {ibex_top_inst/u_ibex_core/wb_stage_i/g_writeback_stage.rf_wdata_wb_q_reg[27]/D} {SAEDHVT14_BUF_20}
#@ set_load -min 0.0 [get_net -of {ibex_top_inst/u_ibex_core/wb_stage_i/g_writeback_stage.rf_wdata_wb_q_reg[27]/D}] 
#@ size_cell {CTS_copt_h_inst_10702} {SAEDHVT14_DEL_R2V3_2}
#@ insert_buffer {ibex_top_inst/u_ibex_core/wb_stage_i/g_writeback_stage.wb_pc_q_reg[16]/D} {SAEDHVT14_BUF_20}
#@ set_load -min 0.0 [get_net -of {ibex_top_inst/u_ibex_core/wb_stage_i/g_writeback_stage.wb_pc_q_reg[16]/D}] 
#@ insert_buffer {CTS_copt_h_inst_10701/X} {SAEDHVT14_BUF_20}
#@ set_load -min 0.0 [get_net -of {CTS_copt_h_inst_10701/X}] 
#@ size_cell {CTS_copt_h_inst_11306} {SAEDHVT14_DEL_R2V3_2}
#@ size_cell {CTS_copt_h_inst_9351} {SAEDHVT14_DEL_R2V3_2}
#@ insert_buffer {U8319/A} {SAEDHVT14_BUF_20}
#@ set_load -min 0.0 [get_net -of {U8319/A}] 
#@ insert_buffer {U12718/A1} {SAEDHVT14_BUF_20}
#@ set_load -min 0.0 [get_net -of {U12718/A1}] 
#@ size_cell {CTS_copt_h_inst_10562} {SAEDHVT14_DEL_R2V3_2}
#@ insert_buffer {ibex_top_inst/u_ibex_core/wb_stage_i/g_writeback_stage.wb_pc_q_reg[24]/D} {SAEDHVT14_BUF_20}
#@ set_load -min 0.0 [get_net -of {ibex_top_inst/u_ibex_core/wb_stage_i/g_writeback_stage.wb_pc_q_reg[24]/D}] 
#@ size_cell {CTS_copt_h_inst_12368} {SAEDHVT14_DEL_R2V3_2}
#@ insert_buffer {U11552/D1} {SAEDHVT14_BUF_20}
#@ set_load -min 0.0 [get_net -of {U11552/D1}] 
#@ insert_buffer {CTS_copt_h_inst_10019/A} {SAEDHVT14_BUF_20}
#@ set_load -min 0.0 [get_net -of {CTS_copt_h_inst_10019/A}] 
#@ insert_buffer {CTS_copt_h_inst_11777/A} {SAEDHVT14_BUF_20}
#@ set_load -min 0.0 [get_net -of {CTS_copt_h_inst_11777/A}] 
#@ insert_buffer {CTS_copt_h_inst_11534/A} {SAEDHVT14_BUF_10}
#@ set_load -min 0.0 [get_net -of {CTS_copt_h_inst_11534/A}] 
#@ insert_buffer {CTS_copt_h_inst_11675/A} {SAEDHVT14_BUF_20}
#@ set_load -min 0.0 [get_net -of {CTS_copt_h_inst_11675/A}] 
#@ size_cell {CTS_copt_h_inst_8728} {SAEDHVT14_DEL_R2V3_2}
#@ size_cell {CTS_copt_h_inst_7877} {SAEDHVT14_DEL_R2V3_2}
#@ insert_buffer {U8030/A1} {SAEDHVT14_BUF_20}
#@ set_load -min 0.0 [get_net -of {U8030/A1}] 
#@ insert_buffer {U11669/D0} {SAEDHVT14_BUF_20}
#@ set_load -min 0.0 [get_net -of {U11669/D0}] 
#@ insert_buffer {CTS_ropt_h_inst_12686/X} {SAEDHVT14_BUF_20}
#@ set_load -min 0.0 [get_net -of {CTS_ropt_h_inst_12686/X}] 
#@ size_cell {CTS_copt_h_inst_10020} {SAEDHVT14_DEL_L4D100_2}
#@ size_cell {CTS_copt_h_inst_8899} {SAEDHVT14_DEL_L4D100_2}
#@ insert_buffer {CTS_ropt_h_inst_12570/A} {SAEDHVT14_BUF_20}
#@ set_load -min 0.0 [get_net -of {CTS_ropt_h_inst_12570/A}] 
#@ insert_buffer {CTS_copt_h_inst_8796/A} {SAEDHVT14_BUF_20}
#@ set_load -min 0.0 [get_net -of {CTS_copt_h_inst_8796/A}] 
#@ insert_buffer {CTS_copt_h_inst_7876/X} {SAEDHVT14_BUF_20}
#@ set_load -min 0.0 [get_net -of {CTS_copt_h_inst_7876/X}] 
#@ insert_buffer {CTS_copt_h_inst_8694/X} {SAEDHVT14_BUF_4}
#@ set_load -min 0.0 [get_net -of {CTS_copt_h_inst_8694/X}] 
#@ insert_buffer {ibex_top_inst/u_ibex_core/if_stage_i/pc_id_o_reg[16]/D} {SAEDHVT14_BUF_20}
#@ set_load -min 0.0 [get_net -of {ibex_top_inst/u_ibex_core/if_stage_i/pc_id_o_reg[16]/D}] 
#@ size_cell {CTS_copt_h_inst_12348} {SAEDHVT14_DEL_R2V3_2}
#@ insert_buffer {CTS_copt_h_inst_8727/X} {SAEDHVT14_BUF_20}
#@ set_load -min 0.0 [get_net -of {CTS_copt_h_inst_8727/X}] 
#@ insert_buffer {CTS_copt_h_inst_11642/A} {SAEDHVT14_BUF_20}
#@ set_load -min 0.0 [get_net -of {CTS_copt_h_inst_11642/A}] 
#@ insert_buffer {CTS_copt_h_inst_11307/X} {SAEDHVT14_BUF_20}
#@ set_load -min 0.0 [get_net -of {CTS_copt_h_inst_11307/X}] 
#@ insert_buffer {R_23/SI} {SAEDHVT14_BUF_20}
#@ set_load -min 0.0 [get_net -of {R_23/SI}] 
#@ insert_buffer {ibex_top_inst/u_ibex_core/wb_stage_i/g_writeback_stage.rf_wdata_wb_q_reg[30]/D} {SAEDHVT14_BUF_20}
#@ set_load -min 0.0 [get_net -of {ibex_top_inst/u_ibex_core/wb_stage_i/g_writeback_stage.rf_wdata_wb_q_reg[30]/D}] 
#@ insert_buffer {U12732/A} {SAEDHVT14_BUF_20}
#@ set_load -min 0.0 [get_net -of {U12732/A}] 
#@ size_cell {CTS_copt_h_inst_8992} {SAEDHVT14_DEL_R2V3_2}
#@ insert_buffer {ibex_top_inst/u_ibex_core/if_stage_i/pc_id_o_reg[24]/D} {SAEDHVT14_BUF_20}
#@ set_load -min 0.0 [get_net -of {ibex_top_inst/u_ibex_core/if_stage_i/pc_id_o_reg[24]/D}] 
#@ size_cell {CTS_copt_h_inst_11737} {SAEDHVT14_DEL_R2V3_2}
#@ insert_buffer {ibex_top_inst/u_ibex_core/if_stage_i/pc_id_o_reg[25]/Q} {SAEDHVT14_BUF_2}
#@ set_load -min 0.0 [get_net -of {ibex_top_inst/u_ibex_core/if_stage_i/pc_id_o_reg[25]/Q}] 
#@ size_cell {CTS_copt_h_inst_8600} {SAEDHVT14_DEL_L4D100_2}
#@ insert_buffer {CTS_copt_h_inst_4257/X} {SAEDHVT14_BUF_20}
#@ set_load -min 0.0 [get_net -of {CTS_copt_h_inst_4257/X}] 
#@ insert_buffer {ibex_top_inst/u_ibex_core/wb_stage_i/g_writeback_stage.rf_wdata_wb_q_reg[1]/D} {SAEDHVT14_BUF_20}
#@ set_load -min 0.0 [get_net -of {ibex_top_inst/u_ibex_core/wb_stage_i/g_writeback_stage.rf_wdata_wb_q_reg[1]/D}] 
#@ size_cell {CTS_copt_h_inst_4253} {SAEDHVT14_DEL_R2V3_2}
#@ insert_buffer {CTS_copt_h_inst_8883/A} {SAEDHVT14_BUF_20}
#@ set_load -min 0.0 [get_net -of {CTS_copt_h_inst_8883/A}] 
#@ insert_buffer {ibex_top_inst/u_ibex_core/wb_stage_i/g_writeback_stage.wb_instr_type_q_reg[1]/SI} {SAEDHVT14_BUF_20}
#@ set_load -min 0.0 [get_net -of {ibex_top_inst/u_ibex_core/wb_stage_i/g_writeback_stage.wb_instr_type_q_reg[1]/SI}] 
#@ insert_buffer {ibex_top_inst/u_ibex_core/wb_stage_i/g_writeback_stage.rf_wdata_wb_q_reg[16]/D} {SAEDHVT14_BUF_20}
#@ set_load -min 0.0 [get_net -of {ibex_top_inst/u_ibex_core/wb_stage_i/g_writeback_stage.rf_wdata_wb_q_reg[16]/D}] 
#@ insert_buffer {U11572/D0} {SAEDHVT14_BUF_20}
#@ set_load -min 0.0 [get_net -of {U11572/D0}] 
#@ size_cell {CTS_copt_h_inst_10182} {SAEDHVT14_DEL_R2V3_2}
#@ size_cell {CTS_copt_h_inst_8619} {SAEDHVT14_DEL_R2V3_2}
#@ size_cell {CTS_copt_h_inst_11699} {SAEDHVT14_DEL_R2V3_2}
#@ insert_buffer {ibex_top_inst/u_ibex_core/id_stage_i/controller_i/ctrl_fsm_cs_reg[0]/SI} {SAEDHVT14_BUF_20}
#@ set_load -min 0.0 [get_net -of {ibex_top_inst/u_ibex_core/id_stage_i/controller_i/ctrl_fsm_cs_reg[0]/SI}] 
#@ insert_buffer {CTS_copt_h_inst_8598/X} {SAEDHVT14_BUF_20}
#@ set_load -min 0.0 [get_net -of {CTS_copt_h_inst_8598/X}] 
#@ size_cell {CTS_copt_h_inst_12437} {SAEDHVT14_DEL_R2V3_2}
#@ insert_buffer {ibex_top_inst/u_ibex_core/if_stage_i/gen_prefetch_buffer.prefetch_buffer_i/fifo_i/rdata_q_reg[0][27]/SI} {SAEDHVT14_BUF_20}
#@ set_load -min 0.0 [get_net -of {ibex_top_inst/u_ibex_core/if_stage_i/gen_prefetch_buffer.prefetch_buffer_i/fifo_i/rdata_q_reg[0][27]/SI}] 
#@ insert_buffer {U12030/A4} {SAEDHVT14_BUF_20}
#@ set_load -min 0.0 [get_net -of {U12030/A4}] 
#@ insert_buffer {CTS_copt_h_inst_8618/X} {SAEDHVT14_BUF_20}
#@ set_load -min 0.0 [get_net -of {CTS_copt_h_inst_8618/X}] 
#@ insert_buffer {ibex_top_inst/u_ibex_core/if_stage_i/pc_id_o_reg[18]/Q} {SAEDHVT14_BUF_2}
#@ set_load -min 0.0 [get_net -of {ibex_top_inst/u_ibex_core/if_stage_i/pc_id_o_reg[18]/Q}] 
#@ insert_buffer {ibex_top_inst/u_ibex_core/wb_stage_i/g_writeback_stage.wb_pc_q_reg[14]/D} {SAEDHVT14_BUF_20}
#@ set_load -min 0.0 [get_net -of {ibex_top_inst/u_ibex_core/wb_stage_i/g_writeback_stage.wb_pc_q_reg[14]/D}] 
#@ size_cell {CTS_copt_h_inst_11734} {SAEDHVT14_DEL_R2V3_2}
#@ insert_buffer {CTS_copt_h_inst_10181/X} {SAEDHVT14_BUF_20}
#@ set_load -min 0.0 [get_net -of {CTS_copt_h_inst_10181/X}] 
#@ insert_buffer {U8304/A2} {SAEDHVT14_BUF_20}
#@ set_load -min 0.0 [get_net -of {U8304/A2}] 
#@ insert_buffer {CTS_copt_h_inst_11142/A} {SAEDHVT14_BUF_20}
#@ set_load -min 0.0 [get_net -of {CTS_copt_h_inst_11142/A}] 
#@ insert_buffer {ibex_top_inst/u_ibex_core/if_stage_i/pc_id_o_reg[28]/Q} {SAEDHVT14_BUF_2}
#@ set_load -min 0.0 [get_net -of {ibex_top_inst/u_ibex_core/if_stage_i/pc_id_o_reg[28]/Q}] 
#@ insert_buffer {CTS_copt_h_inst_11760/A} {SAEDHVT14_BUF_20}
#@ set_load -min 0.0 [get_net -of {CTS_copt_h_inst_11760/A}] 
#@ insert_buffer {CTS_copt_h_inst_11663/A} {SAEDHVT14_BUF_20}
#@ set_load -min 0.0 [get_net -of {CTS_copt_h_inst_11663/A}] 
#@ insert_buffer {ibex_top_inst/u_ibex_core/if_stage_i/pc_id_o_reg[15]/SI} {SAEDHVT14_BUF_20}
#@ set_load -min 0.0 [get_net -of {ibex_top_inst/u_ibex_core/if_stage_i/pc_id_o_reg[15]/SI}] 
#@ insert_buffer {CTS_copt_h_inst_11364/A} {SAEDHVT14_BUF_20}
#@ set_load -min 0.0 [get_net -of {CTS_copt_h_inst_11364/A}] 
#@ insert_buffer {ibex_top_inst/u_ibex_core/wb_stage_i/g_writeback_stage.wb_pc_q_reg[23]/D} {SAEDHVT14_BUF_20}
#@ set_load -min 0.0 [get_net -of {ibex_top_inst/u_ibex_core/wb_stage_i/g_writeback_stage.wb_pc_q_reg[23]/D}] 
#@ insert_buffer {U12736/A} {SAEDHVT14_BUF_20}
#@ set_load -min 0.0 [get_net -of {U12736/A}] 
#@ insert_buffer {ibex_top_inst/u_ibex_core/if_stage_i/gen_prefetch_buffer.prefetch_buffer_i/fetch_addr_q_reg[2]/SI} {SAEDHVT14_BUF_20}
#@ set_load -min 0.0 [get_net -of {ibex_top_inst/u_ibex_core/if_stage_i/gen_prefetch_buffer.prefetch_buffer_i/fetch_addr_q_reg[2]/SI}] 
#@ insert_buffer {U6292/A} {SAEDHVT14_BUF_20}
#@ set_load -min 0.0 [get_net -of {U6292/A}] 
#@ insert_buffer {CTS_copt_h_inst_3832/A} {SAEDHVT14_BUF_20}
#@ set_load -min 0.0 [get_net -of {CTS_copt_h_inst_3832/A}] 
#@ insert_buffer {ibex_top_inst/u_ibex_core/wb_stage_i/g_writeback_stage.rf_wdata_wb_q_reg[14]/SI} {SAEDHVT14_BUF_20}
#@ set_load -min 0.0 [get_net -of {ibex_top_inst/u_ibex_core/wb_stage_i/g_writeback_stage.rf_wdata_wb_q_reg[14]/SI}] 
#@ insert_buffer {CTS_copt_h_inst_8897/X} {SAEDHVT14_BUF_20}
#@ set_load -min 0.0 [get_net -of {CTS_copt_h_inst_8897/X}] 
#@ size_cell {CTS_copt_h_inst_11806} {SAEDHVT14_DEL_R2V3_2}
#@ size_cell {CTS_copt_h_inst_12354} {SAEDHVT14_DEL_R2V3_2}
#@ insert_buffer {CTS_copt_h_inst_8993/X} {SAEDHVT14_BUF_20}
#@ set_load -min 0.0 [get_net -of {CTS_copt_h_inst_8993/X}] 
#@ insert_buffer {ibex_top_inst/u_ibex_core/if_stage_i/instr_rdata_id_o_reg[16]/SI} {SAEDHVT14_BUF_20}
#@ set_load -min 0.0 [get_net -of {ibex_top_inst/u_ibex_core/if_stage_i/instr_rdata_id_o_reg[16]/SI}] 
#@ insert_buffer {ibex_top_inst/u_ibex_core/if_stage_i/pc_id_o_reg[22]/Q} {SAEDHVT14_BUF_2}
#@ set_load -min 0.0 [get_net -of {ibex_top_inst/u_ibex_core/if_stage_i/pc_id_o_reg[22]/Q}] 
#@ size_cell {CTS_copt_h_inst_3540} {SAEDHVT14_DEL_R2V3_2}
#@ insert_buffer {U5789/A2} {SAEDHVT14_BUF_20}
#@ set_load -min 0.0 [get_net -of {U5789/A2}] 
#@ insert_buffer {ibex_top_inst/u_ibex_core/if_stage_i/pc_id_o_reg[27]/Q} {SAEDHVT14_BUF_2}
#@ set_load -min 0.0 [get_net -of {ibex_top_inst/u_ibex_core/if_stage_i/pc_id_o_reg[27]/Q}] 
#@ size_cell {CTS_copt_h_inst_12496} {SAEDHVT14_DEL_R2V3_2}
#@ insert_buffer {CTS_copt_h_inst_12353/X} {SAEDHVT14_BUF_20}
#@ set_load -min 0.0 [get_net -of {CTS_copt_h_inst_12353/X}] 
#@ insert_buffer {CTS_copt_h_inst_11324/A} {SAEDHVT14_BUF_20}
#@ set_load -min 0.0 [get_net -of {CTS_copt_h_inst_11324/A}] 
#@ insert_buffer {CTS_copt_h_inst_11669/X} {SAEDHVT14_BUF_2}
#@ set_load -min 0.0 [get_net -of {CTS_copt_h_inst_11669/X}] 
#@ insert_buffer {CTS_copt_h_inst_10253/X} {SAEDHVT14_BUF_20}
#@ set_load -min 0.0 [get_net -of {CTS_copt_h_inst_10253/X}] 
#@ insert_buffer {CTS_copt_h_inst_11805/A} {SAEDHVT14_BUF_20}
#@ set_load -min 0.0 [get_net -of {CTS_copt_h_inst_11805/A}] 
#@ insert_buffer {ibex_top_inst/u_ibex_core/if_stage_i/instr_valid_id_q_reg/SI} {SAEDHVT14_BUF_20}
#@ set_load -min 0.0 [get_net -of {ibex_top_inst/u_ibex_core/if_stage_i/instr_valid_id_q_reg/SI}] 
#@ insert_buffer {ibex_top_inst/u_ibex_core/if_stage_i/gen_prefetch_buffer.prefetch_buffer_i/fifo_i/instr_addr_q_reg[25]/Q} {SAEDHVT14_BUF_2}
#@ set_load -min 0.0 [get_net -of {ibex_top_inst/u_ibex_core/if_stage_i/gen_prefetch_buffer.prefetch_buffer_i/fifo_i/instr_addr_q_reg[25]/Q}] 
#@ insert_buffer {CTS_copt_h_inst_11833/A} {SAEDHVT14_BUF_20}
#@ set_load -min 0.0 [get_net -of {CTS_copt_h_inst_11833/A}] 
#@ size_cell {CTS_copt_h_inst_11646} {SAEDHVT14_DEL_R2V3_2}
#@ insert_buffer {CTS_copt_h_inst_9223/A} {SAEDHVT14_BUF_20}
#@ set_load -min 0.0 [get_net -of {CTS_copt_h_inst_9223/A}] 
#@ insert_buffer {ibex_top_inst/u_ibex_core/wb_stage_i/g_writeback_stage.wb_pc_q_reg[9]/D} {SAEDHVT14_BUF_20}
#@ set_load -min 0.0 [get_net -of {ibex_top_inst/u_ibex_core/wb_stage_i/g_writeback_stage.wb_pc_q_reg[9]/D}] 
#@ size_cell {CTS_copt_h_inst_9221} {SAEDHVT14_DEL_R2V3_2}
#@ size_cell {CTS_copt_h_inst_10553} {SAEDHVT14_DEL_R2V3_2}
#@ insert_buffer {ibex_top_inst/u_ibex_core/if_stage_i/instr_rdata_id_o_reg[19]/Q} {SAEDHVT14_BUF_2}
#@ set_load -min 0.0 [get_net -of {ibex_top_inst/u_ibex_core/if_stage_i/instr_rdata_id_o_reg[19]/Q}] 
#@ insert_buffer {ibex_top_inst/u_ibex_core/if_stage_i/pc_id_o_reg[14]/D} {SAEDHVT14_BUF_20}
#@ set_load -min 0.0 [get_net -of {ibex_top_inst/u_ibex_core/if_stage_i/pc_id_o_reg[14]/D}] 
#@ insert_buffer {CTS_copt_h_inst_11340/A} {SAEDHVT14_BUF_20}
#@ set_load -min 0.0 [get_net -of {CTS_copt_h_inst_11340/A}] 
#@ insert_buffer {CTS_copt_h_inst_8696/A} {SAEDHVT14_BUF_20}
#@ set_load -min 0.0 [get_net -of {CTS_copt_h_inst_8696/A}] 
#@ insert_buffer {ibex_top_inst/u_ibex_core/if_stage_i/pc_id_o_reg[26]/Q} {SAEDHVT14_BUF_2}
#@ set_load -min 0.0 [get_net -of {ibex_top_inst/u_ibex_core/if_stage_i/pc_id_o_reg[26]/Q}] 
#@ insert_buffer {CTS_copt_h_inst_10225/A} {SAEDHVT14_BUF_20}
#@ set_load -min 0.0 [get_net -of {CTS_copt_h_inst_10225/A}] 
#@ size_cell {CTS_copt_h_inst_3554} {SAEDHVT14_DEL_R2V3_2}
#@ size_cell {CTS_copt_h_inst_11759} {SAEDHVT14_DEL_R2V3_2}
#@ insert_buffer {CTS_copt_h_inst_6697/A} {SAEDHVT14_BUF_20}
#@ set_load -min 0.0 [get_net -of {CTS_copt_h_inst_6697/A}] 
#@ insert_buffer {ibex_top_inst/u_ibex_core/if_stage_i/instr_rdata_id_o_reg[9]/Q} {SAEDHVT14_BUF_20}
#@ set_load -min 0.0 [get_net -of {ibex_top_inst/u_ibex_core/if_stage_i/instr_rdata_id_o_reg[9]/Q}] 
#@ insert_buffer {ibex_top_inst/u_ibex_core/if_stage_i/pc_id_o_reg[7]/Q} {SAEDHVT14_BUF_2}
#@ set_load -min 0.0 [get_net -of {ibex_top_inst/u_ibex_core/if_stage_i/pc_id_o_reg[7]/Q}] 
#@ insert_buffer {ibex_top_inst/u_ibex_core/if_stage_i/pc_id_o_reg[5]/Q} {SAEDHVT14_BUF_2}
#@ set_load -min 0.0 [get_net -of {ibex_top_inst/u_ibex_core/if_stage_i/pc_id_o_reg[5]/Q}] 
#@ insert_buffer {CTS_copt_h_inst_12345/X} {SAEDHVT14_BUF_2}
#@ set_load -min 0.0 [get_net -of {CTS_copt_h_inst_12345/X}] 
#@ insert_buffer {ibex_top_inst/u_ibex_core/wb_stage_i/g_writeback_stage.rf_wdata_wb_q_reg[21]/D} {SAEDHVT14_BUF_20}
#@ set_load -min 0.0 [get_net -of {ibex_top_inst/u_ibex_core/wb_stage_i/g_writeback_stage.rf_wdata_wb_q_reg[21]/D}] 
#@ insert_buffer {CTS_copt_h_inst_11680/A} {SAEDHVT14_BUF_20}
#@ set_load -min 0.0 [get_net -of {CTS_copt_h_inst_11680/A}] 
#@ insert_buffer {ibex_top_inst/u_ibex_core/wb_stage_i/g_writeback_stage.rf_wdata_wb_q_reg[30]/SI} {SAEDHVT14_BUF_20}
#@ set_load -min 0.0 [get_net -of {ibex_top_inst/u_ibex_core/wb_stage_i/g_writeback_stage.rf_wdata_wb_q_reg[30]/SI}] 
#@ insert_buffer {U5797/A1} {SAEDHVT14_BUF_20}
#@ set_load -min 0.0 [get_net -of {U5797/A1}] 
#@ insert_buffer {R_17/Q} {SAEDHVT14_BUF_2}
#@ set_load -min 0.0 [get_net -of {R_17/Q}] 
#@ insert_buffer {ibex_top_inst/u_ibex_core/if_stage_i/instr_fetch_err_o_reg/SI} {SAEDHVT14_BUF_20}
#@ set_load -min 0.0 [get_net -of {ibex_top_inst/u_ibex_core/if_stage_i/instr_fetch_err_o_reg/SI}] 
#@ insert_buffer {ibex_top_inst/u_ibex_core/wb_stage_i/g_writeback_stage.rf_wdata_wb_q_reg[4]/D} {SAEDHVT14_BUF_20}
#@ set_load -min 0.0 [get_net -of {ibex_top_inst/u_ibex_core/wb_stage_i/g_writeback_stage.rf_wdata_wb_q_reg[4]/D}] 
#@ insert_buffer {CTS_copt_h_inst_12458/A} {SAEDHVT14_BUF_20}
#@ set_load -min 0.0 [get_net -of {CTS_copt_h_inst_12458/A}] 
#@ insert_buffer {ibex_top_inst/u_ibex_core/if_stage_i/gen_prefetch_buffer.prefetch_buffer_i/fifo_i/rdata_q_reg[0][6]/SI} {SAEDHVT14_BUF_20}
#@ set_load -min 0.0 [get_net -of {ibex_top_inst/u_ibex_core/if_stage_i/gen_prefetch_buffer.prefetch_buffer_i/fifo_i/rdata_q_reg[0][6]/SI}] 
#@ insert_buffer {CTS_copt_h_inst_8233/A} {SAEDHVT14_BUF_20}
#@ set_load -min 0.0 [get_net -of {CTS_copt_h_inst_8233/A}] 
#@ size_cell {CTS_copt_h_inst_10286} {SAEDHVT14_DEL_R2V3_2}
#@ size_cell {U10428} {SAEDHVT14_OR2_2}
#@ insert_buffer {CTS_copt_h_inst_11739/X} {SAEDHVT14_BUF_8}
#@ set_load -min 0.0 [get_net -of {CTS_copt_h_inst_11739/X}] 
#@ size_cell {CTS_copt_h_inst_11793} {SAEDHVT14_DEL_R2V3_2}
#@ insert_buffer {U11465/A2} {SAEDHVT14_BUF_20}
#@ set_load -min 0.0 [get_net -of {U11465/A2}] 
#@ insert_buffer {ibex_top_inst/u_ibex_core/if_stage_i/gen_prefetch_buffer.prefetch_buffer_i/fifo_i/rdata_q_reg[0][29]/SI} {SAEDHVT14_BUF_20}
#@ set_load -min 0.0 [get_net -of {ibex_top_inst/u_ibex_core/if_stage_i/gen_prefetch_buffer.prefetch_buffer_i/fifo_i/rdata_q_reg[0][29]/SI}] 
#@ insert_buffer {CTS_copt_h_inst_11792/X} {SAEDHVT14_BUF_20}
#@ set_load -min 0.0 [get_net -of {CTS_copt_h_inst_11792/X}] 
#@ insert_buffer {CTS_copt_h_inst_11736/X} {SAEDHVT14_BUF_16}
#@ set_load -min 0.0 [get_net -of {CTS_copt_h_inst_11736/X}] 
#@ insert_buffer {ibex_top_inst/u_ibex_core/if_stage_i/gen_prefetch_buffer.prefetch_buffer_i/fifo_i/instr_addr_q_reg[8]/SI} {SAEDHVT14_BUF_20}
#@ set_load -min 0.0 [get_net -of {ibex_top_inst/u_ibex_core/if_stage_i/gen_prefetch_buffer.prefetch_buffer_i/fifo_i/instr_addr_q_reg[8]/SI}] 
#@ insert_buffer {U12094/A2} {SAEDHVT14_BUF_20}
#@ set_load -min 0.0 [get_net -of {U12094/A2}] 
#@ insert_buffer {CTS_copt_h_inst_3553/X} {SAEDHVT14_BUF_8}
#@ set_load -min 0.0 [get_net -of {CTS_copt_h_inst_3553/X}] 
#@ insert_buffer {ibex_top_inst/u_ibex_core/if_stage_i/pc_id_o_reg[8]/Q} {SAEDHVT14_BUF_2}
#@ set_load -min 0.0 [get_net -of {ibex_top_inst/u_ibex_core/if_stage_i/pc_id_o_reg[8]/Q}] 
#@ size_cell {CTS_copt_h_inst_10602} {SAEDHVT14_DEL_R2V3_2}
#@ insert_buffer {CTS_copt_h_inst_10601/X} {SAEDHVT14_BUF_20}
#@ set_load -min 0.0 [get_net -of {CTS_copt_h_inst_10601/X}] 
#@ insert_buffer {CTS_copt_h_inst_11701/X} {SAEDHVT14_BUF_8}
#@ set_load -min 0.0 [get_net -of {CTS_copt_h_inst_11701/X}] 
#@ insert_buffer {ibex_top_inst/u_ibex_core/if_stage_i/gen_prefetch_buffer.prefetch_buffer_i/fifo_i/rdata_q_reg[0][3]/SI} {SAEDHVT14_BUF_20}
#@ set_load -min 0.0 [get_net -of {ibex_top_inst/u_ibex_core/if_stage_i/gen_prefetch_buffer.prefetch_buffer_i/fifo_i/rdata_q_reg[0][3]/SI}] 
#@ insert_buffer {CTS_copt_h_inst_11706/A} {SAEDHVT14_BUF_20}
#@ set_load -min 0.0 [get_net -of {CTS_copt_h_inst_11706/A}] 
#@ insert_buffer {CTS_copt_h_inst_12530/A} {SAEDHVT14_BUF_20}
#@ set_load -min 0.0 [get_net -of {CTS_copt_h_inst_12530/A}] 
#@ insert_buffer {ibex_top_inst/u_ibex_core/if_stage_i/gen_prefetch_buffer.prefetch_buffer_i/fifo_i/rdata_q_reg[0][2]/SI} {SAEDHVT14_BUF_20}
#@ set_load -min 0.0 [get_net -of {ibex_top_inst/u_ibex_core/if_stage_i/gen_prefetch_buffer.prefetch_buffer_i/fifo_i/rdata_q_reg[0][2]/SI}] 
#@ insert_buffer {R_8/SI} {SAEDHVT14_BUF_2}
#@ set_load -min 0.0 [get_net -of {R_8/SI}] 
#@ insert_buffer {ibex_top_inst/u_ibex_core/load_store_unit_i/addr_last_q_reg[19]/SI} {SAEDHVT14_BUF_20}
#@ set_load -min 0.0 [get_net -of {ibex_top_inst/u_ibex_core/load_store_unit_i/addr_last_q_reg[19]/SI}] 
#@ insert_buffer {CTS_copt_h_inst_11762/A} {SAEDHVT14_BUF_20}
#@ set_load -min 0.0 [get_net -of {CTS_copt_h_inst_11762/A}] 
#@ insert_buffer {ibex_top_inst/u_ibex_core/if_stage_i/instr_rdata_c_id_o_reg[0]/SI} {SAEDHVT14_BUF_20}
#@ set_load -min 0.0 [get_net -of {ibex_top_inst/u_ibex_core/if_stage_i/instr_rdata_c_id_o_reg[0]/SI}] 
#@ size_cell {CTS_copt_h_inst_11708} {SAEDHVT14_DEL_L4D100_2}
#@ insert_buffer {U12761/A} {SAEDHVT14_BUF_20}
#@ set_load -min 0.0 [get_net -of {U12761/A}] 
#@ insert_buffer {U11558/D1} {SAEDHVT14_BUF_20}
#@ set_load -min 0.0 [get_net -of {U11558/D1}] 
#@ insert_buffer {CTS_copt_h_inst_8957/A} {SAEDHVT14_BUF_20}
#@ set_load -min 0.0 [get_net -of {CTS_copt_h_inst_8957/A}] 
#@ insert_buffer {U12148/A2} {SAEDHVT14_BUF_20}
#@ set_load -min 0.0 [get_net -of {U12148/A2}] 
#@ insert_buffer {ibex_top_inst/u_ibex_core/if_stage_i/gen_prefetch_buffer.prefetch_buffer_i/fifo_i/instr_addr_q_reg[13]/SI} {SAEDHVT14_BUF_20}
#@ set_load -min 0.0 [get_net -of {ibex_top_inst/u_ibex_core/if_stage_i/gen_prefetch_buffer.prefetch_buffer_i/fifo_i/instr_addr_q_reg[13]/SI}] 
#@ insert_buffer {CTS_copt_h_inst_8423/A} {SAEDHVT14_BUF_20}
#@ set_load -min 0.0 [get_net -of {CTS_copt_h_inst_8423/A}] 
#@ insert_buffer {CTS_copt_h_inst_7585/X} {SAEDHVT14_BUF_20}
#@ set_load -min 0.0 [get_net -of {CTS_copt_h_inst_7585/X}] 
#@ insert_buffer {U11168/B} {SAEDHVT14_BUF_20}
#@ set_load -min 0.0 [get_net -of {U11168/B}] 
#@ insert_buffer {ibex_top_inst/u_ibex_core/if_stage_i/gen_prefetch_buffer.prefetch_buffer_i/fifo_i/rdata_q_reg[1][25]/SI} {SAEDHVT14_BUF_20}
#@ set_load -min 0.0 [get_net -of {ibex_top_inst/u_ibex_core/if_stage_i/gen_prefetch_buffer.prefetch_buffer_i/fifo_i/rdata_q_reg[1][25]/SI}] 
#@ insert_buffer {ibex_top_inst/u_ibex_core/load_store_unit_i/ls_fsm_cs_reg[1]/SI} {SAEDHVT14_BUF_2}
#@ set_load -min 0.0 [get_net -of {ibex_top_inst/u_ibex_core/load_store_unit_i/ls_fsm_cs_reg[1]/SI}] 
#@ size_cell {CTS_copt_h_inst_11366} {SAEDHVT14_BUF_8}
#@ insert_buffer {CTS_copt_h_inst_10555/A} {SAEDHVT14_BUF_2}
#@ set_load -min 0.0 [get_net -of {CTS_copt_h_inst_10555/A}] 
#@ insert_buffer {ibex_top_inst/u_ibex_core/wb_stage_i/g_writeback_stage.rf_wdata_wb_q_reg[26]/D} {SAEDHVT14_BUF_20}
#@ set_load -min 0.0 [get_net -of {ibex_top_inst/u_ibex_core/wb_stage_i/g_writeback_stage.rf_wdata_wb_q_reg[26]/D}] 
#@ insert_buffer {CTS_copt_h_inst_11648/X} {SAEDHVT14_BUF_6}
#@ set_load -min 0.0 [get_net -of {CTS_copt_h_inst_11648/X}] 
#@ size_cell {CTS_copt_h_inst_10667} {SAEDHVT14_DEL_R2V3_2}
#@ size_cell {U6841} {SAEDHVT14_OR2_2}
#@ insert_buffer {CTS_copt_h_inst_10668/A} {SAEDHVT14_BUF_20}
#@ set_load -min 0.0 [get_net -of {CTS_copt_h_inst_10668/A}] 
#@ insert_buffer {ibex_top_inst/u_ibex_core/if_stage_i/gen_prefetch_buffer.prefetch_buffer_i/fifo_i/instr_addr_q_reg[15]/Q} {SAEDHVT14_BUF_2}
#@ set_load -min 0.0 [get_net -of {ibex_top_inst/u_ibex_core/if_stage_i/gen_prefetch_buffer.prefetch_buffer_i/fifo_i/instr_addr_q_reg[15]/Q}] 
#@ insert_buffer {ibex_top_inst/u_ibex_core/wb_stage_i/g_writeback_stage.rf_wdata_wb_q_reg[17]/SI} {SAEDHVT14_BUF_20}
#@ set_load -min 0.0 [get_net -of {ibex_top_inst/u_ibex_core/wb_stage_i/g_writeback_stage.rf_wdata_wb_q_reg[17]/SI}] 
#@ insert_buffer {ibex_top_inst/u_ibex_core/if_stage_i/gen_prefetch_buffer.prefetch_buffer_i/fifo_i/rdata_q_reg[1][13]/SI} {SAEDHVT14_BUF_20}
#@ set_load -min 0.0 [get_net -of {ibex_top_inst/u_ibex_core/if_stage_i/gen_prefetch_buffer.prefetch_buffer_i/fifo_i/rdata_q_reg[1][13]/SI}] 
#@ insert_buffer {U11475/A2} {SAEDHVT14_BUF_20}
#@ set_load -min 0.0 [get_net -of {U11475/A2}] 
#@ insert_buffer {CTS_copt_h_inst_10097/A} {SAEDHVT14_BUF_20}
#@ set_load -min 0.0 [get_net -of {CTS_copt_h_inst_10097/A}] 
#@ insert_buffer {ibex_top_inst/u_ibex_core/if_stage_i/gen_prefetch_buffer.prefetch_buffer_i/fifo_i/instr_addr_q_reg[4]/SI} {SAEDHVT14_BUF_20}
#@ set_load -min 0.0 [get_net -of {ibex_top_inst/u_ibex_core/if_stage_i/gen_prefetch_buffer.prefetch_buffer_i/fifo_i/instr_addr_q_reg[4]/SI}] 
#@ insert_buffer {ibex_top_inst/u_ibex_core/wb_stage_i/g_writeback_stage.rf_wdata_wb_q_reg[2]/SI} {SAEDHVT14_BUF_20}
#@ set_load -min 0.0 [get_net -of {ibex_top_inst/u_ibex_core/wb_stage_i/g_writeback_stage.rf_wdata_wb_q_reg[2]/SI}] 
#@ insert_buffer {ibex_top_inst/u_ibex_core/if_stage_i/gen_prefetch_buffer.prefetch_buffer_i/fifo_i/rdata_q_reg[1][5]/SI} {SAEDHVT14_BUF_20}
#@ set_load -min 0.0 [get_net -of {ibex_top_inst/u_ibex_core/if_stage_i/gen_prefetch_buffer.prefetch_buffer_i/fifo_i/rdata_q_reg[1][5]/SI}] 
#@ insert_buffer {U7676/A3} {SAEDHVT14_BUF_20}
#@ set_load -min 0.0 [get_net -of {U7676/A3}] 
#@ size_cell {CTS_copt_h_inst_10104} {SAEDHVT14_DEL_R2V3_2}
#@ insert_buffer {ibex_top_inst/u_ibex_core/if_stage_i/gen_prefetch_buffer.prefetch_buffer_i/fifo_i/rdata_q_reg[1][16]/SI} {SAEDHVT14_BUF_20}
#@ set_load -min 0.0 [get_net -of {ibex_top_inst/u_ibex_core/if_stage_i/gen_prefetch_buffer.prefetch_buffer_i/fifo_i/rdata_q_reg[1][16]/SI}] 
#@ insert_buffer {ibex_top_inst/u_ibex_core/ex_block_i/gen_multdiv_fast.multdiv_i/op_numerator_q_reg[19]/D} {SAEDHVT14_BUF_20}
#@ set_load -min 0.0 [get_net -of {ibex_top_inst/u_ibex_core/ex_block_i/gen_multdiv_fast.multdiv_i/op_numerator_q_reg[19]/D}] 
#@ insert_buffer {ibex_top_inst/u_ibex_core/if_stage_i/gen_prefetch_buffer.prefetch_buffer_i/fifo_i/rdata_q_reg[0][17]/SI} {SAEDHVT14_BUF_20}
#@ set_load -min 0.0 [get_net -of {ibex_top_inst/u_ibex_core/if_stage_i/gen_prefetch_buffer.prefetch_buffer_i/fifo_i/rdata_q_reg[0][17]/SI}] 
#@ insert_buffer {U12354/A3} {SAEDHVT14_BUF_20}
#@ set_load -min 0.0 [get_net -of {U12354/A3}] 
#@ insert_buffer {ibex_top_inst/u_ibex_core/load_store_unit_i/lsu_err_q_reg/SI} {SAEDHVT14_BUF_6}
#@ set_load -min 0.0 [get_net -of {ibex_top_inst/u_ibex_core/load_store_unit_i/lsu_err_q_reg/SI}] 
#@ insert_buffer {ibex_top_inst/u_ibex_core/if_stage_i/gen_prefetch_buffer.prefetch_buffer_i/fifo_i/rdata_q_reg[1][24]/SI} {SAEDHVT14_BUF_20}
#@ set_load -min 0.0 [get_net -of {ibex_top_inst/u_ibex_core/if_stage_i/gen_prefetch_buffer.prefetch_buffer_i/fifo_i/rdata_q_reg[1][24]/SI}] 
#@ insert_buffer {ibex_top_inst/u_ibex_core/ex_block_i/gen_multdiv_fast.multdiv_i/op_numerator_q_reg[16]/D} {SAEDHVT14_BUF_20}
#@ set_load -min 0.0 [get_net -of {ibex_top_inst/u_ibex_core/ex_block_i/gen_multdiv_fast.multdiv_i/op_numerator_q_reg[16]/D}] 
#@ insert_buffer {CTS_copt_h_inst_8559/A} {SAEDHVT14_BUF_20}
#@ set_load -min 0.0 [get_net -of {CTS_copt_h_inst_8559/A}] 
#@ insert_buffer {CTS_copt_h_inst_9850/A} {SAEDHVT14_BUF_20}
#@ set_load -min 0.0 [get_net -of {CTS_copt_h_inst_9850/A}] 
#@ size_cell {CTS_copt_h_inst_8585} {SAEDHVT14_DEL_R2V3_2}
#@ size_cell {CTS_copt_h_inst_12040} {SAEDHVT14_DEL_R2V3_2}
#@ insert_buffer {CTS_copt_h_inst_12042/A} {SAEDHVT14_BUF_16}
#@ set_load -min 0.0 [get_net -of {CTS_copt_h_inst_12042/A}] 
#@ insert_buffer {CTS_copt_h_inst_8587/A} {SAEDHVT14_BUF_16}
#@ set_load -min 0.0 [get_net -of {CTS_copt_h_inst_8587/A}] 
#@ size_cell {CTS_copt_h_inst_7848} {SAEDHVT14_DEL_R2V3_2}
#@ insert_buffer {CTS_copt_h_inst_7850/A} {SAEDHVT14_BUF_16}
#@ set_load -min 0.0 [get_net -of {CTS_copt_h_inst_7850/A}] 
#@ insert_buffer {ibex_top_inst/u_ibex_core/wb_stage_i/g_writeback_stage.rf_wdata_wb_q_reg[12]/SI} {SAEDHVT14_BUF_20}
#@ set_load -min 0.0 [get_net -of {ibex_top_inst/u_ibex_core/wb_stage_i/g_writeback_stage.rf_wdata_wb_q_reg[12]/SI}] 
#@ size_cell {CTS_copt_h_inst_12480} {SAEDHVT14_BUF_8}
#@ size_cell {CTS_copt_h_inst_7279} {SAEDHVT14_DEL_R2V3_2}
#@ insert_buffer {U7662/A3} {SAEDHVT14_BUF_20}
#@ set_load -min 0.0 [get_net -of {U7662/A3}] 
#@ insert_buffer {CTS_copt_h_inst_7281/A} {SAEDHVT14_BUF_16}
#@ set_load -min 0.0 [get_net -of {CTS_copt_h_inst_7281/A}] 
#@ insert_buffer {ibex_top_inst/u_ibex_core/if_stage_i/gen_prefetch_buffer.prefetch_buffer_i/fifo_i/rdata_q_reg[1][4]/SI} {SAEDHVT14_BUF_20}
#@ set_load -min 0.0 [get_net -of {ibex_top_inst/u_ibex_core/if_stage_i/gen_prefetch_buffer.prefetch_buffer_i/fifo_i/rdata_q_reg[1][4]/SI}] 
#@ size_cell {CTS_copt_h_inst_8682} {SAEDHVT14_DEL_R2V3_2}
#@ insert_buffer {CTS_copt_h_inst_12178/A} {SAEDHVT14_BUF_20}
#@ set_load -min 0.0 [get_net -of {CTS_copt_h_inst_12178/A}] 
#@ insert_buffer {ibex_top_inst/u_ibex_core/if_stage_i/gen_prefetch_buffer.prefetch_buffer_i/fifo_i/err_q_reg[2]/SI} {SAEDHVT14_BUF_20}
#@ set_load -min 0.0 [get_net -of {ibex_top_inst/u_ibex_core/if_stage_i/gen_prefetch_buffer.prefetch_buffer_i/fifo_i/err_q_reg[2]/SI}] 
#@ insert_buffer {CTS_copt_h_inst_12382/A} {SAEDHVT14_BUF_20}
#@ set_load -min 0.0 [get_net -of {CTS_copt_h_inst_12382/A}] 
#@ insert_buffer {CTS_copt_h_inst_6590/A} {SAEDHVT14_BUF_20}
#@ set_load -min 0.0 [get_net -of {CTS_copt_h_inst_6590/A}] 
#@ size_cell {CTS_copt_h_inst_7431} {SAEDHVT14_DEL_R2V3_2}
#@ insert_buffer {CTS_copt_h_inst_8681/X} {SAEDHVT14_BUF_8}
#@ set_load -min 0.0 [get_net -of {CTS_copt_h_inst_8681/X}] 
#@ insert_buffer {ibex_top_inst/u_ibex_core/if_stage_i/gen_prefetch_buffer.prefetch_buffer_i/fifo_i/rdata_q_reg[2][28]/SI} {SAEDHVT14_BUF_20}
#@ set_load -min 0.0 [get_net -of {ibex_top_inst/u_ibex_core/if_stage_i/gen_prefetch_buffer.prefetch_buffer_i/fifo_i/rdata_q_reg[2][28]/SI}] 
#@ insert_buffer {ibex_top_inst/u_ibex_core/if_stage_i/gen_prefetch_buffer.prefetch_buffer_i/fifo_i/rdata_q_reg[1][7]/SI} {SAEDHVT14_BUF_20}
#@ set_load -min 0.0 [get_net -of {ibex_top_inst/u_ibex_core/if_stage_i/gen_prefetch_buffer.prefetch_buffer_i/fifo_i/rdata_q_reg[1][7]/SI}] 
#@ insert_buffer {ibex_top_inst/u_ibex_core/if_stage_i/gen_prefetch_buffer.prefetch_buffer_i/fifo_i/rdata_q_reg[1][6]/SI} {SAEDHVT14_BUF_20}
#@ set_load -min 0.0 [get_net -of {ibex_top_inst/u_ibex_core/if_stage_i/gen_prefetch_buffer.prefetch_buffer_i/fifo_i/rdata_q_reg[1][6]/SI}] 
#@ size_cell {CTS_copt_h_inst_7700} {SAEDHVT14_DEL_R2V3_2}
#@ insert_buffer {CTS_copt_h_inst_7430/X} {SAEDHVT14_BUF_8}
#@ set_load -min 0.0 [get_net -of {CTS_copt_h_inst_7430/X}] 
#@ insert_buffer {ibex_top_inst/u_ibex_core/if_stage_i/gen_prefetch_buffer.prefetch_buffer_i/fifo_i/instr_addr_q_reg[23]/SI} {SAEDHVT14_BUF_20}
#@ set_load -min 0.0 [get_net -of {ibex_top_inst/u_ibex_core/if_stage_i/gen_prefetch_buffer.prefetch_buffer_i/fifo_i/instr_addr_q_reg[23]/SI}] 
#@ insert_buffer {CTS_copt_h_inst_7699/X} {SAEDHVT14_BUF_12}
#@ set_load -min 0.0 [get_net -of {CTS_copt_h_inst_7699/X}] 
#@ insert_buffer {R_6/SI} {SAEDHVT14_BUF_20}
#@ set_load -min 0.0 [get_net -of {R_6/SI}] 
#@ size_cell {CTS_copt_h_inst_10206} {SAEDHVT14_DEL_R2V3_2}
#@ insert_buffer {ibex_top_inst/u_ibex_core/if_stage_i/instr_rdata_alu_id_o_reg[12]/SI} {SAEDHVT14_BUF_2}
#@ set_load -min 0.0 [get_net -of {ibex_top_inst/u_ibex_core/if_stage_i/instr_rdata_alu_id_o_reg[12]/SI}] 
#@ # -- End source /mnt/hgfs/0_GP/Final_2/3_PrimeTime/0_PT/work/.eco_change.tcl.6938.0

#@ # -- Starting source /mnt/hgfs/0_GP/Final_2/3_PrimeTime/0_PT/work/.eco_recov_rollback.data.6938.0

#@ size_cell {CTS_copt_h_inst_8524} {SAEDHVT14_BUF_CDC_2} 
#@ size_cell {CTS_copt_h_inst_8309} {SAEDHVT14_DEL_R2V1_2} 
#@ size_cell {CTS_copt_h_inst_8695} {SAEDHVT14_BUF_S_2} 
#@ size_cell {CTS_ropt_h_inst_12685} {SAEDHVT14_BUF_CDC_2} 
#@ remove_buffer {U_PTECO_HOLD_BUF15} 
#@ size_cell {U4602} {SAEDHVT14_AN3_4} 
#@ size_cell {CTS_copt_h_inst_11306} {SAEDHVT14_DEL_R2V1_2} 
#@ remove_buffer {U_PTECO_HOLD_BUF32} 
#@ size_cell {CTS_copt_h_inst_8899} {SAEDHVT14_BUF_S_2} 
#@ remove_buffer {U_PTECO_HOLD_BUF40} 
#@ remove_buffer {U_PTECO_HOLD_BUF44} 
#@ size_cell {CTS_copt_h_inst_8992} {SAEDHVT14_BUF_CDC_2} 
#@ size_cell {CTS_copt_h_inst_8600} {SAEDHVT14_BUF_CDC_2} 
#@ remove_buffer {U_PTECO_HOLD_BUF57} 
#@ remove_buffer {U_PTECO_HOLD_BUF77} 
#@ remove_buffer {U_PTECO_HOLD_BUF78} 
#@ size_cell {CTS_copt_h_inst_10286} {SAEDHVT14_BUF_CDC_2} 
#@ size_cell {U10428} {SAEDHVT14_OR2_4} 
#@ remove_buffer {U_PTECO_HOLD_BUF140} 
#@ size_cell {U6841} {SAEDHVT14_OR2_4} 
#@ # -- End source /mnt/hgfs/0_GP/Final_2/3_PrimeTime/0_PT/work/.eco_recov_rollback.data.6938.0

#@ # -- Starting source /mnt/hgfs/0_GP/Final_2/3_PrimeTime/0_PT/work/.eco_change.tcl.6938.1

#@ insert_buffer {CTS_copt_h_inst_11777/A} {SAEDHVT14_BUF_20}
#@ set_load -min 0.0 [get_net -of {CTS_copt_h_inst_11777/A}] 
#@ size_cell {U_PTECO_HOLD_BUF82} {SAEDHVT14_DEL_R2V2_2}
#@ size_cell {CTS_copt_h_inst_11719} {SAEDHVT14_DEL_R2V3_2}
#@ insert_buffer {ibex_top_inst/u_ibex_core/if_stage_i/pc_id_o_reg[13]/D} {SAEDHVT14_BUF_20}
#@ set_load -min 0.0 [get_net -of {ibex_top_inst/u_ibex_core/if_stage_i/pc_id_o_reg[13]/D}] 
#@ size_cell {U_PTECO_HOLD_BUF61} {SAEDHVT14_DEL_R2V2_2}
#@ insert_buffer {CTS_copt_h_inst_8695/A} {SAEDHVT14_BUF_20}
#@ set_load -min 0.0 [get_net -of {CTS_copt_h_inst_8695/A}] 
#@ insert_buffer {CTS_copt_h_inst_11721/A} {SAEDHVT14_BUF_20}
#@ set_load -min 0.0 [get_net -of {CTS_copt_h_inst_11721/A}] 
#@ size_cell {U_PTECO_HOLD_BUF49} {SAEDHVT14_DEL_R2V2_2}
#@ insert_buffer {ibex_top_inst/u_ibex_core/wb_stage_i/g_writeback_stage.wb_pc_q_reg[13]/D} {SAEDHVT14_BUF_20}
#@ set_load -min 0.0 [get_net -of {ibex_top_inst/u_ibex_core/wb_stage_i/g_writeback_stage.wb_pc_q_reg[13]/D}] 
#@ insert_buffer {ibex_top_inst/u_ibex_core/load_store_unit_i/addr_last_q_reg[31]/SI} {SAEDHVT14_BUF_20}
#@ set_load -min 0.0 [get_net -of {ibex_top_inst/u_ibex_core/load_store_unit_i/addr_last_q_reg[31]/SI}] 
#@ size_cell {U_PTECO_HOLD_BUF80} {SAEDHVT14_DEL_R2V2_2}
#@ size_cell {CTS_copt_h_inst_8693} {SAEDHVT14_DEL_L4D100_2}
#@ insert_buffer {CTS_copt_h_inst_11718/X} {SAEDHVT14_BUF_10}
#@ set_load -min 0.0 [get_net -of {CTS_copt_h_inst_11718/X}] 
#@ size_cell {CTS_copt_h_inst_8898} {SAEDHVT14_DEL_L4D100_2}
#@ insert_buffer {ibex_top_inst/u_ibex_core/if_stage_i/pc_id_o_reg[13]/Q} {SAEDHVT14_BUF_2}
#@ set_load -min 0.0 [get_net -of {ibex_top_inst/u_ibex_core/if_stage_i/pc_id_o_reg[13]/Q}] 
#@ size_cell {U_PTECO_HOLD_BUF101} {SAEDHVT14_DEL_R2V2_2}
#@ insert_buffer {ibex_top_inst/u_ibex_core/if_stage_i/pc_id_o_reg[12]/Q} {SAEDHVT14_BUF_2}
#@ set_load -min 0.0 [get_net -of {ibex_top_inst/u_ibex_core/if_stage_i/pc_id_o_reg[12]/Q}] 
#@ insert_buffer {CTS_copt_h_inst_8900/A} {SAEDHVT14_BUF_20}
#@ set_load -min 0.0 [get_net -of {CTS_copt_h_inst_8900/A}] 
#@ insert_buffer {CTS_copt_h_inst_8309/X} {SAEDHVT14_BUF_2}
#@ set_load -min 0.0 [get_net -of {CTS_copt_h_inst_8309/X}] 
#@ insert_buffer {CTS_copt_h_inst_8601/A} {SAEDHVT14_BUF_20}
#@ set_load -min 0.0 [get_net -of {CTS_copt_h_inst_8601/A}] 
#@ size_cell {CTS_copt_h_inst_8599} {SAEDHVT14_DEL_R2V3_2}
#@ insert_buffer {ibex_top_inst/u_ibex_core/if_stage_i/pc_id_o_reg[10]/Q} {SAEDHVT14_BUF_2}
#@ set_load -min 0.0 [get_net -of {ibex_top_inst/u_ibex_core/if_stage_i/pc_id_o_reg[10]/Q}] 
#@ size_cell {U_PTECO_HOLD_BUF66} {SAEDHVT14_DEL_R2V2_2}
#@ insert_buffer {ibex_top_inst/u_ibex_core/if_stage_i/pc_id_o_reg[24]/Q} {SAEDHVT14_BUF_2}
#@ set_load -min 0.0 [get_net -of {ibex_top_inst/u_ibex_core/if_stage_i/pc_id_o_reg[24]/Q}] 
#@ insert_buffer {ibex_top_inst/u_ibex_core/if_stage_i/gen_prefetch_buffer.prefetch_buffer_i/fifo_i/instr_addr_q_reg[28]/Q} {SAEDHVT14_BUF_2}
#@ set_load -min 0.0 [get_net -of {ibex_top_inst/u_ibex_core/if_stage_i/gen_prefetch_buffer.prefetch_buffer_i/fifo_i/instr_addr_q_reg[28]/Q}] 
#@ insert_buffer {ibex_top_inst/u_ibex_core/if_stage_i/pc_id_o_reg[3]/SI} {SAEDHVT14_BUF_20}
#@ set_load -min 0.0 [get_net -of {ibex_top_inst/u_ibex_core/if_stage_i/pc_id_o_reg[3]/SI}] 
#@ insert_buffer {ibex_top_inst/u_ibex_core/wb_stage_i/g_writeback_stage.wb_instr_type_q_reg[1]/D} {SAEDHVT14_BUF_20}
#@ set_load -min 0.0 [get_net -of {ibex_top_inst/u_ibex_core/wb_stage_i/g_writeback_stage.wb_instr_type_q_reg[1]/D}] 
#@ insert_buffer {ibex_top_inst/u_ibex_core/wb_stage_i/g_writeback_stage.rf_wdata_wb_q_reg[25]/D} {SAEDHVT14_BUF_20}
#@ set_load -min 0.0 [get_net -of {ibex_top_inst/u_ibex_core/wb_stage_i/g_writeback_stage.rf_wdata_wb_q_reg[25]/D}] 
#@ insert_buffer {CTS_copt_h_inst_12447/A} {SAEDHVT14_BUF_20}
#@ set_load -min 0.0 [get_net -of {CTS_copt_h_inst_12447/A}] 
#@ insert_buffer {CTS_copt_h_inst_10603/A} {SAEDHVT14_BUF_20}
#@ set_load -min 0.0 [get_net -of {CTS_copt_h_inst_10603/A}] 
#@ insert_buffer {ibex_top_inst/u_ibex_core/wb_stage_i/g_writeback_stage.wb_pc_q_reg[2]/D} {SAEDHVT14_BUF_20}
#@ set_load -min 0.0 [get_net -of {ibex_top_inst/u_ibex_core/wb_stage_i/g_writeback_stage.wb_pc_q_reg[2]/D}] 
#@ insert_buffer {ibex_top_inst/u_ibex_core/wb_stage_i/g_writeback_stage.rf_wdata_wb_q_reg[28]/SI} {SAEDHVT14_BUF_16}
#@ set_load -min 0.0 [get_net -of {ibex_top_inst/u_ibex_core/wb_stage_i/g_writeback_stage.rf_wdata_wb_q_reg[28]/SI}] 
#@ insert_buffer {R_23/SI} {SAEDHVT14_BUF_16}
#@ set_load -min 0.0 [get_net -of {R_23/SI}] 
#@ size_cell {U_PTECO_HOLD_BUF102} {SAEDHVT14_DEL_R2V2_2}
#@ insert_buffer {CTS_copt_h_inst_11654/A} {SAEDHVT14_BUF_20}
#@ set_load -min 0.0 [get_net -of {CTS_copt_h_inst_11654/A}] 
#@ insert_buffer {CTS_copt_h_inst_11535/A} {SAEDHVT14_BUF_20}
#@ set_load -min 0.0 [get_net -of {CTS_copt_h_inst_11535/A}] 
#@ insert_buffer {ibex_top_inst/u_ibex_core/if_stage_i/instr_rdata_alu_id_o_reg[14]/SI} {SAEDHVT14_BUF_4}
#@ set_load -min 0.0 [get_net -of {ibex_top_inst/u_ibex_core/if_stage_i/instr_rdata_alu_id_o_reg[14]/SI}] 
#@ insert_buffer {U11743/X} {SAEDHVT14_BUF_20}
#@ set_load -min 0.0 [get_net -of {U11743/X}] 
#@ size_cell {CTS_copt_h_inst_8885} {SAEDHVT14_DEL_L4D100_2}
#@ insert_buffer {R_1/SI} {SAEDHVT14_BUF_20}
#@ set_load -min 0.0 [get_net -of {R_1/SI}] 
#@ insert_buffer {CTS_copt_h_inst_10285/X} {SAEDHVT14_BUF_20}
#@ set_load -min 0.0 [get_net -of {CTS_copt_h_inst_10285/X}] 
#@ size_cell {U_PTECO_HOLD_BUF51} {SAEDHVT14_BUF_S_20}
#@ insert_buffer {CTS_copt_h_inst_11419/A} {SAEDHVT14_BUF_20}
#@ set_load -min 0.0 [get_net -of {CTS_copt_h_inst_11419/A}] 
#@ insert_buffer {U_PTECO_HOLD_BUF1/A} {SAEDHVT14_BUF_20}
#@ set_load -min 0.0 [get_net -of {U_PTECO_HOLD_BUF1/A}] 
#@ # -- End source /mnt/hgfs/0_GP/Final_2/3_PrimeTime/0_PT/work/.eco_change.tcl.6938.1

#@ # -- Starting source /mnt/hgfs/0_GP/Final_2/3_PrimeTime/0_PT/work/.eco_recov_rollback.data.6938.1

#@ remove_buffer {U_PTECO_HOLD_BUF184} 
#@ size_cell {CTS_copt_h_inst_8693} {SAEDHVT14_BUF_CDC_2} 
#@ size_cell {CTS_copt_h_inst_8898} {SAEDHVT14_BUF_CDC_2} 
#@ remove_buffer {U_PTECO_HOLD_BUF190} 
#@ remove_buffer {U_PTECO_HOLD_BUF192} 
#@ size_cell {CTS_copt_h_inst_8599} {SAEDHVT14_DEL_R2V1_2} 
#@ remove_buffer {U_PTECO_HOLD_BUF200} 
#@ size_cell {CTS_copt_h_inst_8885} {SAEDHVT14_BUF_S_2} 
#@ remove_buffer {U_PTECO_HOLD_BUF210} 
#@ size_cell {U_PTECO_HOLD_BUF102} {SAEDHVT14_BUF_2} 
#@ # -- End source /mnt/hgfs/0_GP/Final_2/3_PrimeTime/0_PT/work/.eco_recov_rollback.data.6938.1

#@ # -- Starting source /mnt/hgfs/0_GP/Final_2/3_PrimeTime/0_PT/work/.eco_change.tcl.6938.2

#@ insert_buffer {CTS_copt_h_inst_11777/A} {SAEDHVT14_BUF_20}
#@ set_load -min 0.0 [get_net -of {CTS_copt_h_inst_11777/A}] 
#@ insert_buffer {CTS_copt_h_inst_11721/A} {SAEDHVT14_BUF_20}
#@ set_load -min 0.0 [get_net -of {CTS_copt_h_inst_11721/A}] 
#@ size_cell {U_PTECO_HOLD_BUF191} {SAEDHVT14_DEL_R2V2_2}
#@ size_cell {U_PTECO_HOLD_BUF194} {SAEDHVT14_DEL_R2V2_2}
#@ size_cell {U_PTECO_HOLD_BUF193} {SAEDHVT14_DEL_R2V2_2}
#@ size_cell {U_PTECO_HOLD_BUF189} {SAEDHVT14_DEL_R2V2_2}
#@ insert_buffer {CTS_copt_h_inst_8309/A} {SAEDHVT14_BUF_20}
#@ set_load -min 0.0 [get_net -of {CTS_copt_h_inst_8309/A}] 
#@ insert_buffer {CTS_copt_h_inst_8899/X} {SAEDHVT14_BUF_20}
#@ set_load -min 0.0 [get_net -of {CTS_copt_h_inst_8899/X}] 
#@ insert_buffer {CTS_copt_h_inst_8600/X} {SAEDHVT14_BUF_20}
#@ set_load -min 0.0 [get_net -of {CTS_copt_h_inst_8600/X}] 
#@ insert_buffer {CTS_copt_h_inst_8692/X} {SAEDHVT14_BUF_20}
#@ set_load -min 0.0 [get_net -of {CTS_copt_h_inst_8692/X}] 
#@ insert_buffer {ibex_top_inst/u_ibex_core/load_store_unit_i/addr_last_q_reg[31]/SI} {SAEDHVT14_BUF_20}
#@ set_load -min 0.0 [get_net -of {ibex_top_inst/u_ibex_core/load_store_unit_i/addr_last_q_reg[31]/SI}] 
#@ insert_buffer {CTS_copt_h_inst_10604/X} {SAEDHVT14_BUF_20}
#@ set_load -min 0.0 [get_net -of {CTS_copt_h_inst_10604/X}] 
#@ insert_buffer {CTS_copt_h_inst_11753/A} {SAEDHVT14_BUF_20}
#@ set_load -min 0.0 [get_net -of {CTS_copt_h_inst_11753/A}] 
#@ insert_buffer {U_PTECO_HOLD_BUF19/X} {SAEDHVT14_BUF_4}
#@ set_load -min 0.0 [get_net -of {U_PTECO_HOLD_BUF19/X}] 
#@ # -- End source /mnt/hgfs/0_GP/Final_2/3_PrimeTime/0_PT/work/.eco_change.tcl.6938.2

#@ # -- Starting source /mnt/hgfs/0_GP/Final_2/3_PrimeTime/0_PT/work/.eco_recov_rollback.data.6938.2

#@ size_cell {U_PTECO_HOLD_BUF191} {SAEDHVT14_BUF_2} 
#@ remove_buffer {U_PTECO_HOLD_BUF212} 
#@ remove_buffer {U_PTECO_HOLD_BUF213} 
#@ remove_buffer {U_PTECO_HOLD_BUF214} 
#@ remove_buffer {U_PTECO_HOLD_BUF217} 
#@ # -- End source /mnt/hgfs/0_GP/Final_2/3_PrimeTime/0_PT/work/.eco_recov_rollback.data.6938.2

#@ # -- Starting source /mnt/hgfs/0_GP/Final_2/3_PrimeTime/0_PT/work/.eco_change.tcl.6938.3

#@ insert_buffer {CTS_copt_h_inst_11777/A} {SAEDHVT14_BUF_20}
#@ set_load -min 0.0 [get_net -of {CTS_copt_h_inst_11777/A}] 
#@ insert_buffer {CTS_copt_h_inst_11721/A} {SAEDHVT14_BUF_20}
#@ set_load -min 0.0 [get_net -of {CTS_copt_h_inst_11721/A}] 
#@ insert_buffer {ibex_top_inst/u_ibex_core/wb_stage_i/g_writeback_stage.wb_compressed_q_reg/SI} {SAEDHVT14_BUF_20}
#@ set_load -min 0.0 [get_net -of {ibex_top_inst/u_ibex_core/wb_stage_i/g_writeback_stage.wb_compressed_q_reg/SI}] 
#@ insert_buffer {ibex_top_inst/u_ibex_core/if_stage_i/instr_rdata_alu_id_o_reg[29]/SI} {SAEDHVT14_BUF_20}
#@ set_load -min 0.0 [get_net -of {ibex_top_inst/u_ibex_core/if_stage_i/instr_rdata_alu_id_o_reg[29]/SI}] 
#@ insert_buffer {CTS_copt_h_inst_11753/A} {SAEDHVT14_BUF_20}
#@ set_load -min 0.0 [get_net -of {CTS_copt_h_inst_11753/A}] 
#@ insert_buffer {ibex_top_inst/u_ibex_core/wb_stage_i/g_writeback_stage.rf_we_wb_q_reg/D} {SAEDHVT14_BUF_20}
#@ set_load -min 0.0 [get_net -of {ibex_top_inst/u_ibex_core/wb_stage_i/g_writeback_stage.rf_we_wb_q_reg/D}] 
#@ insert_buffer {U_PTECO_HOLD_BUF191/X} {SAEDHVT14_BUF_2}
#@ set_load -min 0.0 [get_net -of {U_PTECO_HOLD_BUF191/X}] 
#@ insert_buffer {CTS_copt_h_inst_10607/A} {SAEDHVT14_BUF_20}
#@ set_load -min 0.0 [get_net -of {CTS_copt_h_inst_10607/A}] 
#@ insert_buffer {ibex_top_inst/u_ibex_core/if_stage_i/instr_rdata_alu_id_o_reg[28]/D} {SAEDHVT14_BUF_20}
#@ set_load -min 0.0 [get_net -of {ibex_top_inst/u_ibex_core/if_stage_i/instr_rdata_alu_id_o_reg[28]/D}] 
#@ insert_buffer {U11645/A1} {SAEDHVT14_BUF_20}
#@ set_load -min 0.0 [get_net -of {U11645/A1}] 
#@ # -- End source /mnt/hgfs/0_GP/Final_2/3_PrimeTime/0_PT/work/.eco_change.tcl.6938.3

#@ # -- Starting source /mnt/hgfs/0_GP/Final_2/3_PrimeTime/0_PT/work/.eco_recov_rollback.data.6938.3

#@ # -- End source /mnt/hgfs/0_GP/Final_2/3_PrimeTime/0_PT/work/.eco_recov_rollback.data.6938.3

#@ # -- Starting source /mnt/hgfs/0_GP/Final_2/3_PrimeTime/0_PT/work/.eco_change.tcl.6938.4

#@ insert_buffer {CTS_copt_h_inst_11777/A} {SAEDHVT14_BUF_20}
#@ set_load -min 0.0 [get_net -of {CTS_copt_h_inst_11777/A}] 
#@ insert_buffer {CTS_copt_h_inst_11721/A} {SAEDHVT14_BUF_20}
#@ set_load -min 0.0 [get_net -of {CTS_copt_h_inst_11721/A}] 
#@ insert_buffer {CTS_copt_h_inst_11753/A} {SAEDHVT14_BUF_20}
#@ set_load -min 0.0 [get_net -of {CTS_copt_h_inst_11753/A}] 
#@ insert_buffer {ibex_top_inst/u_ibex_core/if_stage_i/instr_rdata_alu_id_o_reg[29]/SI} {SAEDHVT14_BUF_12}
#@ set_load -min 0.0 [get_net -of {ibex_top_inst/u_ibex_core/if_stage_i/instr_rdata_alu_id_o_reg[29]/SI}] 
#@ insert_buffer {ibex_top_inst/u_ibex_core/wb_stage_i/g_writeback_stage.wb_compressed_q_reg/SI} {SAEDHVT14_BUF_10}
#@ set_load -min 0.0 [get_net -of {ibex_top_inst/u_ibex_core/wb_stage_i/g_writeback_stage.wb_compressed_q_reg/SI}] 
#@ size_cell {U_PTECO_HOLD_BUF222} {SAEDHVT14_DEL_R2V2_2}
#@ # -- End source /mnt/hgfs/0_GP/Final_2/3_PrimeTime/0_PT/work/.eco_change.tcl.6938.4

#@ # -- Starting source /mnt/hgfs/0_GP/Final_2/3_PrimeTime/0_PT/work/.eco_recov_rollback.data.6938.4

#@ size_cell {U_PTECO_HOLD_BUF222} {SAEDHVT14_BUF_2} 
#@ # -- End source /mnt/hgfs/0_GP/Final_2/3_PrimeTime/0_PT/work/.eco_recov_rollback.data.6938.4

#@ # -- Starting source /mnt/hgfs/0_GP/Final_2/3_PrimeTime/0_PT/work/.eco_change.tcl.6938.5

#@ insert_buffer {CTS_copt_h_inst_11777/A} {SAEDHVT14_BUF_20}
#@ set_load -min 0.0 [get_net -of {CTS_copt_h_inst_11777/A}] 
#@ insert_buffer {CTS_copt_h_inst_11721/A} {SAEDHVT14_BUF_20}
#@ set_load -min 0.0 [get_net -of {CTS_copt_h_inst_11721/A}] 
#@ insert_buffer {CTS_copt_h_inst_11753/A} {SAEDHVT14_BUF_20}
#@ set_load -min 0.0 [get_net -of {CTS_copt_h_inst_11753/A}] 
#@ insert_buffer {R_14/SI} {SAEDHVT14_BUF_20}
#@ set_load -min 0.0 [get_net -of {R_14/SI}] 
#@ # -- End source /mnt/hgfs/0_GP/Final_2/3_PrimeTime/0_PT/work/.eco_change.tcl.6938.5

#@ # -- Starting source /mnt/hgfs/0_GP/Final_2/3_PrimeTime/0_PT/work/.eco_recov_rollback.data.6938.5

#@ # -- End source /mnt/hgfs/0_GP/Final_2/3_PrimeTime/0_PT/work/.eco_recov_rollback.data.6938.5

#@ # -- Starting source /mnt/hgfs/0_GP/Final_2/3_PrimeTime/0_PT/work/.eco_change.tcl.6938.6

#@ insert_buffer {CTS_copt_h_inst_11777/A} {SAEDHVT14_BUF_20}
#@ set_load -min 0.0 [get_net -of {CTS_copt_h_inst_11777/A}] 
#@ insert_buffer {CTS_copt_h_inst_11721/A} {SAEDHVT14_BUF_20}
#@ set_load -min 0.0 [get_net -of {CTS_copt_h_inst_11721/A}] 
#@ insert_buffer {CTS_copt_h_inst_11753/A} {SAEDHVT14_BUF_20}
#@ set_load -min 0.0 [get_net -of {CTS_copt_h_inst_11753/A}] 
#@ # -- End source /mnt/hgfs/0_GP/Final_2/3_PrimeTime/0_PT/work/.eco_change.tcl.6938.6

#@ # -- Starting source /mnt/hgfs/0_GP/Final_2/3_PrimeTime/0_PT/work/.eco_recov_rollback.data.6938.6

#@ # -- End source /mnt/hgfs/0_GP/Final_2/3_PrimeTime/0_PT/work/.eco_recov_rollback.data.6938.6

#@ # -- Starting source /mnt/hgfs/0_GP/Final_2/3_PrimeTime/0_PT/work/.eco_change.tcl.6938.7

#@ insert_buffer {CTS_copt_h_inst_11777/A} {SAEDHVT14_BUF_20}
#@ set_load -min 0.0 [get_net -of {CTS_copt_h_inst_11777/A}] 
#@ insert_buffer {CTS_copt_h_inst_11721/A} {SAEDHVT14_BUF_20}
#@ set_load -min 0.0 [get_net -of {CTS_copt_h_inst_11721/A}] 
#@ insert_buffer {CTS_copt_h_inst_11753/A} {SAEDHVT14_BUF_20}
#@ set_load -min 0.0 [get_net -of {CTS_copt_h_inst_11753/A}] 
#@ # -- End source /mnt/hgfs/0_GP/Final_2/3_PrimeTime/0_PT/work/.eco_change.tcl.6938.7

#@ # -- Starting source /mnt/hgfs/0_GP/Final_2/3_PrimeTime/0_PT/work/.eco_recov_rollback.data.6938.7

#@ # -- End source /mnt/hgfs/0_GP/Final_2/3_PrimeTime/0_PT/work/.eco_recov_rollback.data.6938.7

#@ # -- Starting source /mnt/hgfs/0_GP/Final_2/3_PrimeTime/0_PT/work/.eco_change.tcl.6938.8

#@ insert_buffer {CTS_copt_h_inst_11777/A} {SAEDHVT14_BUF_20}
#@ set_load -min 0.0 [get_net -of {CTS_copt_h_inst_11777/A}] 
#@ insert_buffer {CTS_copt_h_inst_11721/A} {SAEDHVT14_BUF_20}
#@ set_load -min 0.0 [get_net -of {CTS_copt_h_inst_11721/A}] 
#@ insert_buffer {CTS_copt_h_inst_11753/A} {SAEDHVT14_BUF_20}
#@ set_load -min 0.0 [get_net -of {CTS_copt_h_inst_11753/A}] 
#@ # -- End source /mnt/hgfs/0_GP/Final_2/3_PrimeTime/0_PT/work/.eco_change.tcl.6938.8

#@ # -- Starting source /mnt/hgfs/0_GP/Final_2/3_PrimeTime/0_PT/work/.eco_recov_rollback.data.6938.8

#@ # -- End source /mnt/hgfs/0_GP/Final_2/3_PrimeTime/0_PT/work/.eco_recov_rollback.data.6938.8

insert_buffer  {ibex_top_inst/core_clock_gate_i/gen_generic.u_impl_generic/en_latch_reg/Q}  {SAEDHVT14_DEL_R2V2_2}
insert_buffer  {ibex_top_inst/core_clock_gate_i/gen_generic.u_impl_generic/en_latch_reg/Q}  {SAEDHVT14_DEL_R2V2_2}
insert_buffer  {ibex_top_inst/core_clock_gate_i/gen_generic.u_impl_generic/en_latch_reg/Q}  {SAEDHVT14_DEL_R2V2_2}
#@ # -- Starting source /mnt/hgfs/0_GP/Final_2/3_PrimeTime/0_PT/work/.eco_change.tcl.6938.0

#@ size_cell {CTS_copt_h_inst_8525} {SAEDHVT14_DEL_R2V2_2}
#@ size_cell {CTS_copt_h_inst_8692} {SAEDHVT14_DEL_R2V1_2}
#@ size_cell {CTS_copt_h_inst_8886} {SAEDHVT14_BUF_3}
#@ size_cell {U_PTECO_HOLD_BUF222} {SAEDHVT14_BUF_6}
#@ size_cell {CTS_copt_h_inst_8884} {SAEDHVT14_DEL_R2V2_2}
#@ size_cell {CTS_copt_h_inst_8598} {SAEDHVT14_DEL_R2V2_2}
#@ size_cell {CTS_copt_h_inst_8601} {SAEDHVT14_DEL_R2V2_2}
#@ size_cell {CTS_copt_h_inst_10105} {SAEDHVT14_DEL_R2V2_2}
#@ size_cell {CTS_copt_h_inst_5534} {SAEDHVT14_DEL_R2V2_2}
#@ size_cell {CTS_copt_h_inst_10103} {SAEDHVT14_DEL_R2V2_2}
#@ size_cell {CTS_copt_h_inst_11419} {SAEDHVT14_DEL_L4D100_2}
#@ size_cell {CTS_copt_h_inst_3541} {SAEDHVT14_BUF_CDC_2}
#@ size_cell {CTS_copt_h_inst_11420} {SAEDHVT14_DEL_L4D100_2}
#@ size_cell {U4797} {SAEDHVT14_OR2_4}
#@ size_cell {U7581} {SAEDHVT14_AN2_4}
#@ size_cell {U4417} {SAEDHVT14_AN3_4}
#@ size_cell {PLACE_HFSINV_525_225} {SAEDHVT14_INV_3}
#@ size_cell {CTS_copt_h_inst_8600} {SAEDHVT14_BUF_4}
#@ size_cell {U4602} {SAEDHVT14_AN3_8}
#@ size_cell {U7709} {SAEDHVT14_AN3_4}
#@ size_cell {U6821} {SAEDHVT14_AN3_8}
#@ size_cell {U5603} {SAEDHVT14_INV_3}
#@ size_cell {U4795} {SAEDHVT14_OR2_4}
#@ size_cell {PLACE_HFSBUF_727_220} {SAEDHVT14_BUF_S_6}
#@ size_cell {PLACE_HFSINV_836_223} {SAEDHVT14_INV_S_4}
#@ size_cell {U7418} {SAEDHVT14_MUXI2_4}
#@ size_cell {U6209} {SAEDHVT14_MUXI2_4}
#@ size_cell {U4718} {SAEDHVT14_AN3_8}
#@ size_cell {PLACE_HFSINV_1022_221} {SAEDHVT14_INV_S_12}
#@ size_cell {U6366} {SAEDHVT14_INV_3}
#@ size_cell {U12879} {SAEDHVT14_ND2_3}
#@ size_cell {U7097} {SAEDHVT14_INV_S_6}
#@ size_cell {U7970} {SAEDHVT14_OR2_4}
#@ size_cell {U4528} {SAEDHVT14_AN2_4}
#@ size_cell {U8117} {SAEDHVT14_ND2_CDC_4}
#@ size_cell {U4413} {SAEDHVT14_ND4_4}
#@ # -- End source /mnt/hgfs/0_GP/Final_2/3_PrimeTime/0_PT/work/.eco_change.tcl.6938.0

#@ # -- Starting source /mnt/hgfs/0_GP/Final_2/3_PrimeTime/0_PT/work/.eco_change.tcl.6938.1

#@ size_cell {U6308} {SAEDHVT14_INV_S_6}
#@ size_cell {U6366} {SAEDHVT14_INV_S_5}
#@ size_cell {U6258} {SAEDHVT14_AN2_4}
#@ size_cell {U7379} {SAEDHVT14_ND2_CDC_4}
#@ size_cell {U7979} {SAEDHVT14_OR2_4}
#@ # -- End source /mnt/hgfs/0_GP/Final_2/3_PrimeTime/0_PT/work/.eco_change.tcl.6938.1

#@ # -- Starting source /mnt/hgfs/0_GP/Final_2/3_PrimeTime/0_PT/work/.eco_change.tcl.6938.0

#@ insert_buffer {CTS_copt_h_inst_11721/A} {SAEDHVT14_DEL_R2V3_2}
#@ set_load -min 0.0 [get_net -of {CTS_copt_h_inst_11721/A}] 
#@ size_cell {U_PTECO_HOLD_BUF102} {SAEDHVT14_DEL_R2V3_2}
#@ insert_buffer {CTS_copt_h_inst_11777/A} {SAEDHVT14_DEL_R2V3_2}
#@ set_load -min 0.0 [get_net -of {CTS_copt_h_inst_11777/A}] 
#@ insert_buffer {ibex_top_inst/u_ibex_core/if_stage_i/gen_prefetch_buffer.prefetch_buffer_i/fifo_i/instr_addr_q_reg[17]/Q} {SAEDHVT14_DEL_R2V3_2}
#@ set_load -min 0.0 [get_net -of {ibex_top_inst/u_ibex_core/if_stage_i/gen_prefetch_buffer.prefetch_buffer_i/fifo_i/instr_addr_q_reg[17]/Q}] 
#@ insert_buffer {ibex_top_inst/u_ibex_core/if_stage_i/pc_id_o_reg[6]/Q} {SAEDHVT14_DEL_R2V3_2}
#@ set_load -min 0.0 [get_net -of {ibex_top_inst/u_ibex_core/if_stage_i/pc_id_o_reg[6]/Q}] 
#@ insert_buffer {CTS_copt_h_inst_9976/A} {SAEDHVT14_DEL_R2V3_2}
#@ set_load -min 0.0 [get_net -of {CTS_copt_h_inst_9976/A}] 
#@ insert_buffer {ibex_top_inst/u_ibex_core/if_stage_i/gen_prefetch_buffer.prefetch_buffer_i/fifo_i/instr_addr_q_reg[10]/Q} {SAEDHVT14_DEL_R2V3_2}
#@ set_load -min 0.0 [get_net -of {ibex_top_inst/u_ibex_core/if_stage_i/gen_prefetch_buffer.prefetch_buffer_i/fifo_i/instr_addr_q_reg[10]/Q}] 
#@ insert_buffer {ibex_top_inst/u_ibex_core/if_stage_i/instr_rdata_alu_id_o_reg[27]/Q} {SAEDHVT14_DEL_R2V3_2}
#@ set_load -min 0.0 [get_net -of {ibex_top_inst/u_ibex_core/if_stage_i/instr_rdata_alu_id_o_reg[27]/Q}] 
#@ insert_buffer {ibex_top_inst/u_ibex_core/if_stage_i/gen_prefetch_buffer.prefetch_buffer_i/fifo_i/instr_addr_q_reg[14]/Q} {SAEDHVT14_DEL_R2V3_2}
#@ set_load -min 0.0 [get_net -of {ibex_top_inst/u_ibex_core/if_stage_i/gen_prefetch_buffer.prefetch_buffer_i/fifo_i/instr_addr_q_reg[14]/Q}] 
#@ insert_buffer {U5742/X} {SAEDHVT14_DEL_R2V3_2}
#@ set_load -min 0.0 [get_net -of {U5742/X}] 
#@ insert_buffer {CTS_copt_h_inst_11799/A} {SAEDHVT14_DEL_R2V3_2}
#@ set_load -min 0.0 [get_net -of {CTS_copt_h_inst_11799/A}] 
#@ insert_buffer {ibex_top_inst/u_ibex_core/wb_stage_i/g_writeback_stage.rf_wdata_wb_q_reg[22]/Q} {SAEDHVT14_DEL_R2V3_2}
#@ set_load -min 0.0 [get_net -of {ibex_top_inst/u_ibex_core/wb_stage_i/g_writeback_stage.rf_wdata_wb_q_reg[22]/Q}] 
#@ insert_buffer {ibex_top_inst/u_ibex_core/if_stage_i/pc_id_o_reg[3]/Q} {SAEDHVT14_DEL_R2V3_2}
#@ set_load -min 0.0 [get_net -of {ibex_top_inst/u_ibex_core/if_stage_i/pc_id_o_reg[3]/Q}] 
#@ insert_buffer {ibex_top_inst/u_ibex_core/if_stage_i/gen_prefetch_buffer.prefetch_buffer_i/fifo_i/instr_addr_q_reg[18]/Q} {SAEDHVT14_DEL_R2V3_2}
#@ set_load -min 0.0 [get_net -of {ibex_top_inst/u_ibex_core/if_stage_i/gen_prefetch_buffer.prefetch_buffer_i/fifo_i/instr_addr_q_reg[18]/Q}] 
#@ insert_buffer {ibex_top_inst/u_ibex_core/if_stage_i/pc_id_o_reg[14]/Q} {SAEDHVT14_DEL_R2V3_2}
#@ set_load -min 0.0 [get_net -of {ibex_top_inst/u_ibex_core/if_stage_i/pc_id_o_reg[14]/Q}] 
#@ insert_buffer {ibex_top_inst/u_ibex_core/if_stage_i/instr_rdata_alu_id_o_reg[30]/Q} {SAEDHVT14_DEL_R2V3_2}
#@ set_load -min 0.0 [get_net -of {ibex_top_inst/u_ibex_core/if_stage_i/instr_rdata_alu_id_o_reg[30]/Q}] 
#@ insert_buffer {ibex_top_inst/u_ibex_core/id_stage_i/controller_i/exc_req_q_reg/D} {SAEDHVT14_DEL_R2V3_2}
#@ set_load -min 0.0 [get_net -of {ibex_top_inst/u_ibex_core/id_stage_i/controller_i/exc_req_q_reg/D}] 
#@ insert_buffer {U11476/A} {SAEDHVT14_DEL_R2V3_2}
#@ set_load -min 0.0 [get_net -of {U11476/A}] 
#@ insert_buffer {ibex_top_inst/u_ibex_core/wb_stage_i/g_writeback_stage.rf_wdata_wb_q_reg[30]/Q} {SAEDHVT14_DEL_R2V3_2}
#@ set_load -min 0.0 [get_net -of {ibex_top_inst/u_ibex_core/wb_stage_i/g_writeback_stage.rf_wdata_wb_q_reg[30]/Q}] 
#@ insert_buffer {CTS_copt_h_inst_11376/A} {SAEDHVT14_DEL_R2V3_2}
#@ set_load -min 0.0 [get_net -of {CTS_copt_h_inst_11376/A}] 
#@ insert_buffer {CTS_copt_h_inst_11479/X} {SAEDHVT14_DEL_R2V3_2}
#@ set_load -min 0.0 [get_net -of {CTS_copt_h_inst_11479/X}] 
#@ insert_buffer {ibex_top_inst/u_ibex_core/wb_stage_i/g_writeback_stage.rf_wdata_wb_q_reg[27]/SI} {SAEDHVT14_DEL_R2V3_2}
#@ set_load -min 0.0 [get_net -of {ibex_top_inst/u_ibex_core/wb_stage_i/g_writeback_stage.rf_wdata_wb_q_reg[27]/SI}] 
#@ insert_buffer {ibex_top_inst/u_ibex_core/wb_stage_i/g_writeback_stage.rf_wdata_wb_q_reg[22]/SI} {SAEDHVT14_DEL_R2V3_2}
#@ set_load -min 0.0 [get_net -of {ibex_top_inst/u_ibex_core/wb_stage_i/g_writeback_stage.rf_wdata_wb_q_reg[22]/SI}] 
#@ insert_buffer {CTS_copt_h_inst_7866/A} {SAEDHVT14_DEL_R2V3_2}
#@ set_load -min 0.0 [get_net -of {CTS_copt_h_inst_7866/A}] 
#@ insert_buffer {ibex_top_inst/u_ibex_core/if_stage_i/gen_prefetch_buffer.prefetch_buffer_i/fifo_i/rdata_q_reg[1][8]/Q} {SAEDHVT14_DEL_R2V3_2}
#@ set_load -min 0.0 [get_net -of {ibex_top_inst/u_ibex_core/if_stage_i/gen_prefetch_buffer.prefetch_buffer_i/fifo_i/rdata_q_reg[1][8]/Q}] 
#@ insert_buffer {ibex_top_inst/u_ibex_core/ex_block_i/gen_multdiv_fast.multdiv_i/op_numerator_q_reg[31]/SI} {SAEDHVT14_DEL_R2V3_2}
#@ set_load -min 0.0 [get_net -of {ibex_top_inst/u_ibex_core/ex_block_i/gen_multdiv_fast.multdiv_i/op_numerator_q_reg[31]/SI}] 
#@ insert_buffer {U7311/A2} {SAEDHVT14_DEL_R2V3_2}
#@ set_load -min 0.0 [get_net -of {U7311/A2}] 
#@ insert_buffer {U4670/X} {SAEDHVT14_DEL_R2V3_2}
#@ set_load -min 0.0 [get_net -of {U4670/X}] 
#@ insert_buffer {CTS_copt_h_inst_11205/A} {SAEDHVT14_DEL_R2V3_2}
#@ set_load -min 0.0 [get_net -of {CTS_copt_h_inst_11205/A}] 
#@ insert_buffer {R_16/QN} {SAEDHVT14_DEL_R2V3_2}
#@ set_load -min 0.0 [get_net -of {R_16/QN}] 
#@ insert_buffer {ibex_top_inst/u_ibex_core/if_stage_i/instr_is_compressed_id_o_reg/SI} {SAEDHVT14_DEL_R2V3_2}
#@ set_load -min 0.0 [get_net -of {ibex_top_inst/u_ibex_core/if_stage_i/instr_is_compressed_id_o_reg/SI}] 
#@ insert_buffer {ibex_top_inst/u_ibex_core/wb_stage_i/g_writeback_stage.rf_wdata_wb_q_reg[19]/SI} {SAEDHVT14_DEL_R2V3_2}
#@ set_load -min 0.0 [get_net -of {ibex_top_inst/u_ibex_core/wb_stage_i/g_writeback_stage.rf_wdata_wb_q_reg[19]/SI}] 
#@ insert_buffer {ibex_top_inst/u_ibex_core/if_stage_i/gen_prefetch_buffer.prefetch_buffer_i/fifo_i/rdata_q_reg[1][8]/SI} {SAEDHVT14_DEL_R2V3_2}
#@ set_load -min 0.0 [get_net -of {ibex_top_inst/u_ibex_core/if_stage_i/gen_prefetch_buffer.prefetch_buffer_i/fifo_i/rdata_q_reg[1][8]/SI}] 
#@ insert_buffer {ibex_top_inst/u_ibex_core/wb_stage_i/g_writeback_stage.rf_wdata_wb_q_reg[29]/D} {SAEDHVT14_DEL_R2V3_2}
#@ set_load -min 0.0 [get_net -of {ibex_top_inst/u_ibex_core/wb_stage_i/g_writeback_stage.rf_wdata_wb_q_reg[29]/D}] 
#@ insert_buffer {ibex_top_inst/u_ibex_core/wb_stage_i/g_writeback_stage.rf_wdata_wb_q_reg[4]/SI} {SAEDHVT14_DEL_R2V3_2}
#@ set_load -min 0.0 [get_net -of {ibex_top_inst/u_ibex_core/wb_stage_i/g_writeback_stage.rf_wdata_wb_q_reg[4]/SI}] 
#@ size_cell {CTS_copt_h_inst_11419} {SAEDHVT14_BUF_10}
#@ insert_buffer {ibex_top_inst/u_ibex_core/if_stage_i/instr_rdata_id_o_reg[2]/SI} {SAEDHVT14_DEL_R2V3_2}
#@ set_load -min 0.0 [get_net -of {ibex_top_inst/u_ibex_core/if_stage_i/instr_rdata_id_o_reg[2]/SI}] 
#@ insert_buffer {U8207/A2} {SAEDHVT14_DEL_R2V3_2}
#@ set_load -min 0.0 [get_net -of {U8207/A2}] 
#@ insert_buffer {ibex_top_inst/u_ibex_core/id_stage_i/imd_val_q_reg[0][31]/D} {SAEDHVT14_DEL_R2V3_2}
#@ set_load -min 0.0 [get_net -of {ibex_top_inst/u_ibex_core/id_stage_i/imd_val_q_reg[0][31]/D}] 
#@ insert_buffer {CTS_copt_h_inst_8706/A} {SAEDHVT14_DEL_R2V3_2}
#@ set_load -min 0.0 [get_net -of {CTS_copt_h_inst_8706/A}] 
#@ insert_buffer {U11600/D1} {SAEDHVT14_DEL_R2V3_2}
#@ set_load -min 0.0 [get_net -of {U11600/D1}] 
#@ insert_buffer {CTS_copt_h_inst_11641/X} {SAEDHVT14_DEL_R2V3_2}
#@ set_load -min 0.0 [get_net -of {CTS_copt_h_inst_11641/X}] 
#@ insert_buffer {CTS_copt_h_inst_8779/A} {SAEDHVT14_DEL_R2V3_2}
#@ set_load -min 0.0 [get_net -of {CTS_copt_h_inst_8779/A}] 
#@ insert_buffer {ibex_top_inst/u_ibex_core/if_stage_i/instr_rdata_c_id_o_reg[3]/Q} {SAEDHVT14_DEL_R2V3_2}
#@ set_load -min 0.0 [get_net -of {ibex_top_inst/u_ibex_core/if_stage_i/instr_rdata_c_id_o_reg[3]/Q}] 
#@ insert_buffer {ibex_top_inst/u_ibex_core/id_stage_i/imd_val_q_reg[1][22]/SI} {SAEDHVT14_DEL_R2V3_2}
#@ set_load -min 0.0 [get_net -of {ibex_top_inst/u_ibex_core/id_stage_i/imd_val_q_reg[1][22]/SI}] 
#@ insert_buffer {ibex_top_inst/u_ibex_core/ex_block_i/gen_multdiv_fast.multdiv_i/op_numerator_q_reg[18]/SI} {SAEDHVT14_DEL_R2V3_2}
#@ set_load -min 0.0 [get_net -of {ibex_top_inst/u_ibex_core/ex_block_i/gen_multdiv_fast.multdiv_i/op_numerator_q_reg[18]/SI}] 
#@ insert_buffer {U8339/X} {SAEDHVT14_DEL_R2V3_2}
#@ set_load -min 0.0 [get_net -of {U8339/X}] 
#@ insert_buffer {ibex_top_inst/u_ibex_core/id_stage_i/imd_val_q_reg[1][31]/SI} {SAEDHVT14_DEL_R2V3_2}
#@ set_load -min 0.0 [get_net -of {ibex_top_inst/u_ibex_core/id_stage_i/imd_val_q_reg[1][31]/SI}] 
#@ insert_buffer {U12820/D0} {SAEDHVT14_DEL_R2V3_2}
#@ set_load -min 0.0 [get_net -of {U12820/D0}] 
#@ insert_buffer {CTS_copt_h_inst_8667/X} {SAEDHVT14_DEL_R2V3_2}
#@ set_load -min 0.0 [get_net -of {CTS_copt_h_inst_8667/X}] 
#@ insert_buffer {CTS_copt_h_inst_12269/A} {SAEDHVT14_DEL_R2V3_2}
#@ set_load -min 0.0 [get_net -of {CTS_copt_h_inst_12269/A}] 
#@ insert_buffer {CTS_copt_h_inst_6918/A} {SAEDHVT14_DEL_R2V3_2}
#@ set_load -min 0.0 [get_net -of {CTS_copt_h_inst_6918/A}] 
#@ insert_buffer {CTS_copt_h_inst_12211/A} {SAEDHVT14_DEL_R2V3_2}
#@ set_load -min 0.0 [get_net -of {CTS_copt_h_inst_12211/A}] 
#@ insert_buffer {U11474/B} {SAEDHVT14_DEL_R2V3_2}
#@ set_load -min 0.0 [get_net -of {U11474/B}] 
#@ insert_buffer {ibex_top_inst/u_ibex_core/ex_block_i/gen_multdiv_fast.multdiv_i/op_numerator_q_reg[28]/SI} {SAEDHVT14_DEL_R2V3_2}
#@ set_load -min 0.0 [get_net -of {ibex_top_inst/u_ibex_core/ex_block_i/gen_multdiv_fast.multdiv_i/op_numerator_q_reg[28]/SI}] 
#@ insert_buffer {CTS_copt_h_inst_11862/A} {SAEDHVT14_DEL_R2V3_2}
#@ set_load -min 0.0 [get_net -of {CTS_copt_h_inst_11862/A}] 
#@ insert_buffer {CTS_copt_h_inst_5802/A} {SAEDHVT14_DEL_R2V3_2}
#@ set_load -min 0.0 [get_net -of {CTS_copt_h_inst_5802/A}] 
#@ insert_buffer {ibex_top_inst/u_ibex_core/load_store_unit_i/addr_last_q_reg[28]/SI} {SAEDHVT14_DEL_R2V3_2}
#@ set_load -min 0.0 [get_net -of {ibex_top_inst/u_ibex_core/load_store_unit_i/addr_last_q_reg[28]/SI}] 
#@ insert_buffer {ibex_top_inst/u_ibex_core/load_store_unit_i/addr_last_q_reg[10]/SI} {SAEDHVT14_DEL_R2V3_2}
#@ set_load -min 0.0 [get_net -of {ibex_top_inst/u_ibex_core/load_store_unit_i/addr_last_q_reg[10]/SI}] 
#@ insert_buffer {ibex_top_inst/u_ibex_core/wb_stage_i/g_writeback_stage.rf_wdata_wb_q_reg[1]/SI} {SAEDHVT14_DEL_R2V3_2}
#@ set_load -min 0.0 [get_net -of {ibex_top_inst/u_ibex_core/wb_stage_i/g_writeback_stage.rf_wdata_wb_q_reg[1]/SI}] 
#@ insert_buffer {U11960/A2} {SAEDHVT14_DEL_R2V3_2}
#@ set_load -min 0.0 [get_net -of {U11960/A2}] 
#@ insert_buffer {CTS_copt_h_inst_12262/A} {SAEDHVT14_DEL_R2V3_2}
#@ set_load -min 0.0 [get_net -of {CTS_copt_h_inst_12262/A}] 
#@ insert_buffer {U11311/A2} {SAEDHVT14_DEL_R2V3_2}
#@ set_load -min 0.0 [get_net -of {U11311/A2}] 
#@ insert_buffer {U_PTECO_HOLD_BUF218/A} {SAEDHVT14_BUF_6}
#@ set_load -min 0.0 [get_net -of {U_PTECO_HOLD_BUF218/A}] 
#@ size_cell {CTS_copt_h_inst_9816} {SAEDHVT14_DEL_R2V3_2}
#@ size_cell {CTS_copt_h_inst_9177} {SAEDHVT14_DEL_R2V3_2}
#@ insert_buffer {ibex_top_inst/u_ibex_core/if_stage_i/instr_rdata_id_o_reg[2]/D} {SAEDHVT14_DEL_R2V3_2}
#@ set_load -min 0.0 [get_net -of {ibex_top_inst/u_ibex_core/if_stage_i/instr_rdata_id_o_reg[2]/D}] 
#@ insert_buffer {ibex_top_inst/u_ibex_core/if_stage_i/gen_prefetch_buffer.prefetch_buffer_i/fifo_i/rdata_q_reg[1][10]/SI} {SAEDHVT14_DEL_R2V3_2}
#@ set_load -min 0.0 [get_net -of {ibex_top_inst/u_ibex_core/if_stage_i/gen_prefetch_buffer.prefetch_buffer_i/fifo_i/rdata_q_reg[1][10]/SI}] 
#@ insert_buffer {U6186/A1} {SAEDHVT14_DEL_R2V3_2}
#@ set_load -min 0.0 [get_net -of {U6186/A1}] 
#@ insert_buffer {CTS_copt_h_inst_10349/X} {SAEDHVT14_DEL_R2V3_2}
#@ set_load -min 0.0 [get_net -of {CTS_copt_h_inst_10349/X}] 
#@ insert_buffer {U8344/A} {SAEDHVT14_DEL_R2V3_2}
#@ set_load -min 0.0 [get_net -of {U8344/A}] 
#@ insert_buffer {CTS_copt_h_inst_8650/X} {SAEDHVT14_DEL_R2V3_2}
#@ set_load -min 0.0 [get_net -of {CTS_copt_h_inst_8650/X}] 
#@ insert_buffer {ibex_top_inst/u_ibex_core/wb_stage_i/g_writeback_stage.rf_waddr_wb_q_reg[1]/D} {SAEDHVT14_DEL_R2V3_2}
#@ set_load -min 0.0 [get_net -of {ibex_top_inst/u_ibex_core/wb_stage_i/g_writeback_stage.rf_waddr_wb_q_reg[1]/D}] 
#@ insert_buffer {ibex_top_inst/u_ibex_core/if_stage_i/gen_prefetch_buffer.prefetch_buffer_i/fifo_i/rdata_q_reg[0][27]/SI} {SAEDHVT14_DEL_R2V3_2}
#@ set_load -min 0.0 [get_net -of {ibex_top_inst/u_ibex_core/if_stage_i/gen_prefetch_buffer.prefetch_buffer_i/fifo_i/rdata_q_reg[0][27]/SI}] 
#@ insert_buffer {CTS_copt_h_inst_10105/A} {SAEDHVT14_DEL_R2V3_2}
#@ set_load -min 0.0 [get_net -of {CTS_copt_h_inst_10105/A}] 
#@ insert_buffer {CTS_copt_h_inst_7039/X} {SAEDHVT14_DEL_R2V3_2}
#@ set_load -min 0.0 [get_net -of {CTS_copt_h_inst_7039/X}] 
#@ insert_buffer {CTS_copt_h_inst_11144/A} {SAEDHVT14_DEL_R2V3_2}
#@ set_load -min 0.0 [get_net -of {CTS_copt_h_inst_11144/A}] 
#@ insert_buffer {ibex_top_inst/u_ibex_core/ex_block_i/gen_multdiv_fast.multdiv_i/op_numerator_q_reg[11]/SI} {SAEDHVT14_DEL_R2V3_2}
#@ set_load -min 0.0 [get_net -of {ibex_top_inst/u_ibex_core/ex_block_i/gen_multdiv_fast.multdiv_i/op_numerator_q_reg[11]/SI}] 
#@ insert_buffer {ibex_top_inst/u_ibex_core/wb_stage_i/g_writeback_stage.rf_wdata_wb_q_reg[18]/SI} {SAEDHVT14_DEL_R2V3_2}
#@ set_load -min 0.0 [get_net -of {ibex_top_inst/u_ibex_core/wb_stage_i/g_writeback_stage.rf_wdata_wb_q_reg[18]/SI}] 
#@ insert_buffer {ibex_top_inst/u_ibex_core/id_stage_i/imd_val_q_reg[1][4]/SI} {SAEDHVT14_DEL_R2V3_2}
#@ set_load -min 0.0 [get_net -of {ibex_top_inst/u_ibex_core/id_stage_i/imd_val_q_reg[1][4]/SI}] 
#@ insert_buffer {CTS_copt_h_inst_10603/A} {SAEDHVT14_DEL_R2V3_2}
#@ set_load -min 0.0 [get_net -of {CTS_copt_h_inst_10603/A}] 
#@ insert_buffer {CTS_copt_h_inst_8525/A} {SAEDHVT14_DEL_R2V2_2}
#@ set_load -min 0.0 [get_net -of {CTS_copt_h_inst_8525/A}] 
#@ size_cell {CTS_copt_h_inst_12460} {SAEDHVT14_DEL_R2V3_2}
#@ insert_buffer {CTS_copt_h_inst_8553/X} {SAEDHVT14_DEL_R2V3_2}
#@ set_load -min 0.0 [get_net -of {CTS_copt_h_inst_8553/X}] 
#@ insert_buffer {CTS_copt_h_inst_10507/X} {SAEDHVT14_DEL_R2V3_2}
#@ set_load -min 0.0 [get_net -of {CTS_copt_h_inst_10507/X}] 
#@ size_cell {CTS_copt_h_inst_8591} {SAEDHVT14_DEL_R2V3_2}
#@ insert_buffer {ibex_top_inst/u_ibex_core/wb_stage_i/g_writeback_stage.rf_waddr_wb_q_reg[3]/D} {SAEDHVT14_DEL_R2V3_2}
#@ set_load -min 0.0 [get_net -of {ibex_top_inst/u_ibex_core/wb_stage_i/g_writeback_stage.rf_waddr_wb_q_reg[3]/D}] 
#@ insert_buffer {ibex_top_inst/u_ibex_core/if_stage_i/instr_rdata_id_o_reg[7]/SI} {SAEDHVT14_DEL_R2V3_2}
#@ set_load -min 0.0 [get_net -of {ibex_top_inst/u_ibex_core/if_stage_i/instr_rdata_id_o_reg[7]/SI}] 
#@ insert_buffer {CTS_copt_h_inst_8791/X} {SAEDHVT14_DEL_R2V3_2}
#@ set_load -min 0.0 [get_net -of {CTS_copt_h_inst_8791/X}] 
#@ insert_buffer {CTS_copt_h_inst_10271/A} {SAEDHVT14_DEL_R2V3_2}
#@ set_load -min 0.0 [get_net -of {CTS_copt_h_inst_10271/A}] 
#@ insert_buffer {ibex_top_inst/u_ibex_core/if_stage_i/instr_rdata_id_o_reg[31]/Q} {SAEDHVT14_DEL_R2V3_2}
#@ set_load -min 0.0 [get_net -of {ibex_top_inst/u_ibex_core/if_stage_i/instr_rdata_id_o_reg[31]/Q}] 
#@ insert_buffer {ibex_top_inst/u_ibex_core/if_stage_i/gen_prefetch_buffer.prefetch_buffer_i/fifo_i/rdata_q_reg[0][10]/SI} {SAEDHVT14_DEL_R2V3_2}
#@ set_load -min 0.0 [get_net -of {ibex_top_inst/u_ibex_core/if_stage_i/gen_prefetch_buffer.prefetch_buffer_i/fifo_i/rdata_q_reg[0][10]/SI}] 
#@ insert_buffer {ibex_top_inst/u_ibex_core/ex_block_i/gen_multdiv_fast.multdiv_i/op_quotient_q_reg[9]/SI} {SAEDHVT14_DEL_R2V3_2}
#@ set_load -min 0.0 [get_net -of {ibex_top_inst/u_ibex_core/ex_block_i/gen_multdiv_fast.multdiv_i/op_quotient_q_reg[9]/SI}] 
#@ insert_buffer {ibex_top_inst/u_ibex_core/id_stage_i/imd_val_q_reg[1][13]/SI} {SAEDHVT14_DEL_R2V3_2}
#@ set_load -min 0.0 [get_net -of {ibex_top_inst/u_ibex_core/id_stage_i/imd_val_q_reg[1][13]/SI}] 
#@ insert_buffer {CTS_copt_h_inst_9412/A} {SAEDHVT14_DEL_R2V3_2}
#@ set_load -min 0.0 [get_net -of {CTS_copt_h_inst_9412/A}] 
#@ insert_buffer {CTS_copt_h_inst_10736/X} {SAEDHVT14_DEL_R2V3_2}
#@ set_load -min 0.0 [get_net -of {CTS_copt_h_inst_10736/X}] 
#@ insert_buffer {ibex_top_inst/u_ibex_core/id_stage_i/imd_val_q_reg[1][18]/SI} {SAEDHVT14_DEL_R2V3_2}
#@ set_load -min 0.0 [get_net -of {ibex_top_inst/u_ibex_core/id_stage_i/imd_val_q_reg[1][18]/SI}] 
#@ insert_buffer {CTS_copt_h_inst_8176/X} {SAEDHVT14_DEL_R2V3_2}
#@ set_load -min 0.0 [get_net -of {CTS_copt_h_inst_8176/X}] 
#@ insert_buffer {CTS_copt_h_inst_12412/A} {SAEDHVT14_DEL_R2V3_2}
#@ set_load -min 0.0 [get_net -of {CTS_copt_h_inst_12412/A}] 
#@ insert_buffer {U12957/A2} {SAEDHVT14_DEL_R2V3_2}
#@ set_load -min 0.0 [get_net -of {U12957/A2}] 
#@ insert_buffer {CTS_copt_h_inst_8454/A} {SAEDHVT14_DEL_R2V3_2}
#@ set_load -min 0.0 [get_net -of {CTS_copt_h_inst_8454/A}] 
#@ insert_buffer {U12237/X} {SAEDHVT14_DEL_R2V3_2}
#@ set_load -min 0.0 [get_net -of {U12237/X}] 
#@ insert_buffer {ibex_top_inst/u_ibex_core/ex_block_i/gen_multdiv_fast.multdiv_i/op_quotient_q_reg[20]/SI} {SAEDHVT14_DEL_R2V3_2}
#@ set_load -min 0.0 [get_net -of {ibex_top_inst/u_ibex_core/ex_block_i/gen_multdiv_fast.multdiv_i/op_quotient_q_reg[20]/SI}] 
#@ insert_buffer {ibex_top_inst/u_ibex_core/ex_block_i/gen_multdiv_fast.multdiv_i/op_numerator_q_reg[2]/SI} {SAEDHVT14_DEL_R2V3_2}
#@ set_load -min 0.0 [get_net -of {ibex_top_inst/u_ibex_core/ex_block_i/gen_multdiv_fast.multdiv_i/op_numerator_q_reg[2]/SI}] 
#@ insert_buffer {ibex_top_inst/u_ibex_core/wb_stage_i/g_writeback_stage.rf_wdata_wb_q_reg[18]/D} {SAEDHVT14_DEL_R2V3_2}
#@ set_load -min 0.0 [get_net -of {ibex_top_inst/u_ibex_core/wb_stage_i/g_writeback_stage.rf_wdata_wb_q_reg[18]/D}] 
#@ insert_buffer {CTS_copt_h_inst_11213/A} {SAEDHVT14_DEL_R2V3_2}
#@ set_load -min 0.0 [get_net -of {CTS_copt_h_inst_11213/A}] 
#@ insert_buffer {U11373/A1} {SAEDHVT14_DEL_R2V3_2}
#@ set_load -min 0.0 [get_net -of {U11373/A1}] 
#@ size_cell {CTS_copt_h_inst_8668} {SAEDHVT14_DEL_R2V3_2}
#@ size_cell {CTS_copt_h_inst_12217} {SAEDHVT14_DEL_R2V3_2}
#@ size_cell {CTS_copt_h_inst_9534} {SAEDHVT14_DEL_R2V3_2}
#@ insert_buffer {CTS_copt_h_inst_11831/A} {SAEDHVT14_DEL_R2V3_2}
#@ set_load -min 0.0 [get_net -of {CTS_copt_h_inst_11831/A}] 
#@ insert_buffer {ibex_top_inst/u_ibex_core/if_stage_i/gen_prefetch_buffer.prefetch_buffer_i/fifo_i/rdata_q_reg[1][3]/SI} {SAEDHVT14_DEL_R2V3_2}
#@ set_load -min 0.0 [get_net -of {ibex_top_inst/u_ibex_core/if_stage_i/gen_prefetch_buffer.prefetch_buffer_i/fifo_i/rdata_q_reg[1][3]/SI}] 
#@ size_cell {CTS_copt_h_inst_10913} {SAEDHVT14_DEL_R2V3_2}
#@ insert_buffer {CTS_copt_h_inst_9960/A} {SAEDHVT14_DEL_R2V3_2}
#@ set_load -min 0.0 [get_net -of {CTS_copt_h_inst_9960/A}] 
#@ size_cell {CTS_copt_h_inst_8781} {SAEDHVT14_DEL_R2V3_2}
#@ insert_buffer {CTS_copt_h_inst_12376/A} {SAEDHVT14_DEL_R2V3_2}
#@ set_load -min 0.0 [get_net -of {CTS_copt_h_inst_12376/A}] 
#@ insert_buffer {ibex_top_inst/u_ibex_core/if_stage_i/instr_rdata_alu_id_o_reg[13]/D} {SAEDHVT14_DEL_R2V3_2}
#@ set_load -min 0.0 [get_net -of {ibex_top_inst/u_ibex_core/if_stage_i/instr_rdata_alu_id_o_reg[13]/D}] 
#@ insert_buffer {ibex_top_inst/u_ibex_core/ex_block_i/gen_multdiv_fast.multdiv_i/op_quotient_q_reg[10]/SI} {SAEDHVT14_DEL_R2V3_2}
#@ set_load -min 0.0 [get_net -of {ibex_top_inst/u_ibex_core/ex_block_i/gen_multdiv_fast.multdiv_i/op_quotient_q_reg[10]/SI}] 
#@ insert_buffer {ibex_top_inst/u_ibex_core/id_stage_i/imd_val_q_reg[1][17]/SI} {SAEDHVT14_DEL_R2V3_2}
#@ set_load -min 0.0 [get_net -of {ibex_top_inst/u_ibex_core/id_stage_i/imd_val_q_reg[1][17]/SI}] 
#@ insert_buffer {ibex_top_inst/u_ibex_core/id_stage_i/imd_val_q_reg[1][20]/SI} {SAEDHVT14_DEL_R2V3_2}
#@ set_load -min 0.0 [get_net -of {ibex_top_inst/u_ibex_core/id_stage_i/imd_val_q_reg[1][20]/SI}] 
#@ insert_buffer {CTS_ropt_h_inst_12577/X} {SAEDHVT14_DEL_R2V3_2}
#@ set_load -min 0.0 [get_net -of {CTS_ropt_h_inst_12577/X}] 
#@ insert_buffer {ibex_top_inst/u_ibex_core/ex_block_i/gen_multdiv_fast.multdiv_i/op_numerator_q_reg[26]/SI} {SAEDHVT14_DEL_R2V3_2}
#@ set_load -min 0.0 [get_net -of {ibex_top_inst/u_ibex_core/ex_block_i/gen_multdiv_fast.multdiv_i/op_numerator_q_reg[26]/SI}] 
#@ insert_buffer {ibex_top_inst/u_ibex_core/wb_stage_i/g_writeback_stage.rf_wdata_wb_q_reg[24]/D} {SAEDHVT14_DEL_R2V3_2}
#@ set_load -min 0.0 [get_net -of {ibex_top_inst/u_ibex_core/wb_stage_i/g_writeback_stage.rf_wdata_wb_q_reg[24]/D}] 
#@ insert_buffer {ibex_top_inst/u_ibex_core/ex_block_i/gen_multdiv_fast.multdiv_i/op_quotient_q_reg[17]/SI} {SAEDHVT14_DEL_R2V3_2}
#@ set_load -min 0.0 [get_net -of {ibex_top_inst/u_ibex_core/ex_block_i/gen_multdiv_fast.multdiv_i/op_quotient_q_reg[17]/SI}] 
#@ insert_buffer {CTS_copt_h_inst_10338/A} {SAEDHVT14_DEL_R2V3_2}
#@ set_load -min 0.0 [get_net -of {CTS_copt_h_inst_10338/A}] 
#@ insert_buffer {U_PTECO_HOLD_BUF43/A} {SAEDHVT14_DEL_R2V3_2}
#@ set_load -min 0.0 [get_net -of {U_PTECO_HOLD_BUF43/A}] 
#@ size_cell {CTS_copt_h_inst_6916} {SAEDHVT14_DEL_R2V3_2}
#@ insert_buffer {CTS_copt_h_inst_6434/X} {SAEDHVT14_DEL_R2V3_2}
#@ set_load -min 0.0 [get_net -of {CTS_copt_h_inst_6434/X}] 
#@ insert_buffer {ibex_top_inst/u_ibex_core/if_stage_i/gen_prefetch_buffer.prefetch_buffer_i/fifo_i/rdata_q_reg[0][31]/SI} {SAEDHVT14_DEL_R2V3_2}
#@ set_load -min 0.0 [get_net -of {ibex_top_inst/u_ibex_core/if_stage_i/gen_prefetch_buffer.prefetch_buffer_i/fifo_i/rdata_q_reg[0][31]/SI}] 
#@ size_cell {CTS_copt_h_inst_8651} {SAEDHVT14_DEL_R2V3_2}
#@ size_cell {CTS_copt_h_inst_5800} {SAEDHVT14_DEL_R2V3_2}
#@ size_cell {CTS_copt_h_inst_12274} {SAEDHVT14_DEL_R2V3_2}
#@ size_cell {CTS_copt_h_inst_7040} {SAEDHVT14_DEL_R2V3_2}
#@ size_cell {CTS_copt_h_inst_10351} {SAEDHVT14_DEL_L4D100_2}
#@ insert_buffer {ibex_top_inst/u_ibex_core/ex_block_i/gen_multdiv_fast.multdiv_i/op_numerator_q_reg[20]/D} {SAEDHVT14_DEL_R2V3_2}
#@ set_load -min 0.0 [get_net -of {ibex_top_inst/u_ibex_core/ex_block_i/gen_multdiv_fast.multdiv_i/op_numerator_q_reg[20]/D}] 
#@ size_cell {CTS_copt_h_inst_10613} {SAEDHVT14_DEL_R2V3_2}
#@ insert_buffer {ibex_top_inst/u_ibex_core/load_store_unit_i/addr_last_q_reg[6]/SI} {SAEDHVT14_DEL_R2V3_2}
#@ set_load -min 0.0 [get_net -of {ibex_top_inst/u_ibex_core/load_store_unit_i/addr_last_q_reg[6]/SI}] 
#@ size_cell {CTS_copt_h_inst_8554} {SAEDHVT14_DEL_R2V3_2}
#@ size_cell {CTS_copt_h_inst_12297} {SAEDHVT14_DEL_R2V3_2}
#@ size_cell {CTS_copt_h_inst_8792} {SAEDHVT14_DEL_R2V3_2}
#@ insert_buffer {U11573/D0} {SAEDHVT14_DEL_R2V3_2}
#@ set_load -min 0.0 [get_net -of {U11573/D0}] 
#@ size_cell {CTS_copt_h_inst_9413} {SAEDHVT14_DEL_R2V3_2}
#@ insert_buffer {CTS_copt_h_inst_11566/X} {SAEDHVT14_DEL_R2V3_2}
#@ set_load -min 0.0 [get_net -of {CTS_copt_h_inst_11566/X}] 
#@ size_cell {CTS_copt_h_inst_10737} {SAEDHVT14_DEL_R2V3_2}
#@ size_cell {CTS_copt_h_inst_10777} {SAEDHVT14_DEL_R2V3_2}
#@ size_cell {CTS_copt_h_inst_8177} {SAEDHVT14_DEL_R2V3_2}
#@ size_cell {CTS_copt_h_inst_10508} {SAEDHVT14_DEL_R2V3_2}
#@ insert_buffer {ibex_top_inst/u_ibex_core/ex_block_i/gen_multdiv_fast.multdiv_i/op_numerator_q_reg[12]/SI} {SAEDHVT14_DEL_R2V3_2}
#@ set_load -min 0.0 [get_net -of {ibex_top_inst/u_ibex_core/ex_block_i/gen_multdiv_fast.multdiv_i/op_numerator_q_reg[12]/SI}] 
#@ insert_buffer {ibex_top_inst/u_ibex_core/load_store_unit_i/addr_last_q_reg[26]/SI} {SAEDHVT14_DEL_R2V3_2}
#@ set_load -min 0.0 [get_net -of {ibex_top_inst/u_ibex_core/load_store_unit_i/addr_last_q_reg[26]/SI}] 
#@ insert_buffer {CTS_copt_h_inst_10438/A} {SAEDHVT14_DEL_R2V3_2}
#@ set_load -min 0.0 [get_net -of {CTS_copt_h_inst_10438/A}] 
#@ size_cell {CTS_copt_h_inst_8771} {SAEDHVT14_DEL_R2V3_2}
#@ insert_buffer {ibex_top_inst/u_ibex_core/ex_block_i/gen_multdiv_fast.multdiv_i/op_numerator_q_reg[25]/SI} {SAEDHVT14_DEL_R2V3_2}
#@ set_load -min 0.0 [get_net -of {ibex_top_inst/u_ibex_core/ex_block_i/gen_multdiv_fast.multdiv_i/op_numerator_q_reg[25]/SI}] 
#@ size_cell {CTS_copt_h_inst_12233} {SAEDHVT14_DEL_R2V3_2}
#@ insert_buffer {U11780/D0} {SAEDHVT14_DEL_R2V3_2}
#@ set_load -min 0.0 [get_net -of {U11780/D0}] 
#@ size_cell {CTS_copt_h_inst_8764} {SAEDHVT14_DEL_R2V3_2}
#@ insert_buffer {CTS_copt_h_inst_8723/X} {SAEDHVT14_DEL_R2V3_2}
#@ set_load -min 0.0 [get_net -of {CTS_copt_h_inst_8723/X}] 
#@ insert_buffer {ibex_top_inst/u_ibex_core/wb_stage_i/g_writeback_stage.rf_wdata_wb_q_reg[10]/SI} {SAEDHVT14_BUF_2}
#@ set_load -min 0.0 [get_net -of {ibex_top_inst/u_ibex_core/wb_stage_i/g_writeback_stage.rf_wdata_wb_q_reg[10]/SI}] 
#@ insert_buffer {CTS_copt_h_inst_8194/A} {SAEDHVT14_DEL_R2V3_2}
#@ set_load -min 0.0 [get_net -of {CTS_copt_h_inst_8194/A}] 
#@ size_cell {CTS_copt_h_inst_11642} {SAEDHVT14_BUF_S_12}
#@ insert_buffer {CTS_copt_h_inst_9175/X} {SAEDHVT14_BUF_2}
#@ set_load -min 0.0 [get_net -of {CTS_copt_h_inst_9175/X}] 
#@ size_cell {CTS_copt_h_inst_10821} {SAEDHVT14_DEL_R2V3_2}
#@ size_cell {U_PTECO_HOLD_BUF158} {SAEDHVT14_DEL_R2V1_2}
#@ size_cell {CTS_copt_h_inst_11215} {SAEDHVT14_DEL_R2V3_2}
#@ size_cell {CTS_copt_h_inst_10796} {SAEDHVT14_DEL_R2V3_2}
#@ insert_buffer {CTS_copt_h_inst_8320/X} {SAEDHVT14_DEL_R2V3_2}
#@ set_load -min 0.0 [get_net -of {CTS_copt_h_inst_8320/X}] 
#@ insert_buffer {CTS_copt_h_inst_3544/X} {SAEDHVT14_DEL_R2V3_2}
#@ set_load -min 0.0 [get_net -of {CTS_copt_h_inst_3544/X}] 
#@ insert_buffer {CTS_copt_h_inst_8341/A} {SAEDHVT14_DEL_R2V3_2}
#@ set_load -min 0.0 [get_net -of {CTS_copt_h_inst_8341/A}] 
#@ size_cell {CTS_copt_h_inst_8886} {SAEDHVT14_DEL_L4D100_2}
#@ size_cell {CTS_copt_h_inst_10918} {SAEDHVT14_DEL_R2V3_2}
#@ size_cell {CTS_copt_h_inst_6435} {SAEDHVT14_DEL_R2V3_2}
#@ size_cell {CTS_copt_h_inst_8460} {SAEDHVT14_DEL_R2V3_2}
#@ insert_buffer {ibex_top_inst/u_ibex_core/id_stage_i/imd_val_q_reg[1][30]/SI} {SAEDHVT14_DEL_R2V3_2}
#@ set_load -min 0.0 [get_net -of {ibex_top_inst/u_ibex_core/id_stage_i/imd_val_q_reg[1][30]/SI}] 
#@ insert_buffer {CTS_copt_h_inst_10533/A} {SAEDHVT14_DEL_R2V3_2}
#@ set_load -min 0.0 [get_net -of {CTS_copt_h_inst_10533/A}] 
#@ insert_buffer {ibex_top_inst/u_ibex_core/if_stage_i/instr_rdata_id_o_reg[27]/SI} {SAEDHVT14_DEL_R2V3_2}
#@ set_load -min 0.0 [get_net -of {ibex_top_inst/u_ibex_core/if_stage_i/instr_rdata_id_o_reg[27]/SI}] 
#@ insert_buffer {CTS_copt_h_inst_7948/A} {SAEDHVT14_DEL_R2V3_2}
#@ set_load -min 0.0 [get_net -of {CTS_copt_h_inst_7948/A}] 
#@ size_cell {U6764} {SAEDHVT14_OR2_2}
#@ size_cell {CTS_copt_h_inst_11809} {SAEDHVT14_DEL_L4D100_2}
#@ insert_buffer {ibex_top_inst/u_ibex_core/if_stage_i/gen_prefetch_buffer.prefetch_buffer_i/fifo_i/rdata_q_reg[1][18]/SI} {SAEDHVT14_DEL_R2V3_2}
#@ set_load -min 0.0 [get_net -of {ibex_top_inst/u_ibex_core/if_stage_i/gen_prefetch_buffer.prefetch_buffer_i/fifo_i/rdata_q_reg[1][18]/SI}] 
#@ insert_buffer {CTS_copt_h_inst_7791/X} {SAEDHVT14_DEL_R2V3_2}
#@ set_load -min 0.0 [get_net -of {CTS_copt_h_inst_7791/X}] 
#@ insert_buffer {ibex_top_inst/u_ibex_core/if_stage_i/pc_id_o_reg[20]/Q} {SAEDHVT14_DEL_R2V3_2}
#@ set_load -min 0.0 [get_net -of {ibex_top_inst/u_ibex_core/if_stage_i/pc_id_o_reg[20]/Q}] 
#@ size_cell {CTS_copt_h_inst_10610} {SAEDHVT14_DEL_R2V3_2}
#@ size_cell {CTS_copt_h_inst_9578} {SAEDHVT14_DEL_R2V3_2}
#@ insert_buffer {ibex_top_inst/u_ibex_core/id_stage_i/imd_val_q_reg[1][15]/SI} {SAEDHVT14_DEL_R2V3_2}
#@ set_load -min 0.0 [get_net -of {ibex_top_inst/u_ibex_core/id_stage_i/imd_val_q_reg[1][15]/SI}] 
#@ insert_buffer {CTS_copt_h_inst_9287/A} {SAEDHVT14_DEL_R2V3_2}
#@ set_load -min 0.0 [get_net -of {CTS_copt_h_inst_9287/A}] 
#@ size_cell {CTS_copt_h_inst_12505} {SAEDHVT14_DEL_L4D100_2}
#@ insert_buffer {ibex_top_inst/u_ibex_core/if_stage_i/gen_prefetch_buffer.prefetch_buffer_i/fifo_i/rdata_q_reg[1][2]/SI} {SAEDHVT14_DEL_R2V3_2}
#@ set_load -min 0.0 [get_net -of {ibex_top_inst/u_ibex_core/if_stage_i/gen_prefetch_buffer.prefetch_buffer_i/fifo_i/rdata_q_reg[1][2]/SI}] 
#@ size_cell {CTS_copt_h_inst_11387} {SAEDHVT14_DEL_R2V3_2}
#@ insert_buffer {ibex_top_inst/u_ibex_core/id_stage_i/imd_val_q_reg[1][8]/SI} {SAEDHVT14_DEL_R2V3_2}
#@ set_load -min 0.0 [get_net -of {ibex_top_inst/u_ibex_core/id_stage_i/imd_val_q_reg[1][8]/SI}] 
#@ insert_buffer {ibex_top_inst/u_ibex_core/if_stage_i/gen_prefetch_buffer.prefetch_buffer_i/fifo_i/rdata_q_reg[0][4]/SI} {SAEDHVT14_DEL_R2V3_2}
#@ set_load -min 0.0 [get_net -of {ibex_top_inst/u_ibex_core/if_stage_i/gen_prefetch_buffer.prefetch_buffer_i/fifo_i/rdata_q_reg[0][4]/SI}] 
#@ size_cell {CTS_copt_h_inst_11569} {SAEDHVT14_DEL_R2V3_2}
#@ insert_buffer {ibex_top_inst/u_ibex_core/if_stage_i/illegal_c_insn_id_o_reg/SI} {SAEDHVT14_DEL_R2V3_2}
#@ set_load -min 0.0 [get_net -of {ibex_top_inst/u_ibex_core/if_stage_i/illegal_c_insn_id_o_reg/SI}] 
#@ insert_buffer {ibex_top_inst/u_ibex_core/if_stage_i/gen_prefetch_buffer.prefetch_buffer_i/fifo_i/instr_addr_q_reg[22]/Q} {SAEDHVT14_BUF_2}
#@ set_load -min 0.0 [get_net -of {ibex_top_inst/u_ibex_core/if_stage_i/gen_prefetch_buffer.prefetch_buffer_i/fifo_i/instr_addr_q_reg[22]/Q}] 
#@ insert_buffer {CTS_copt_h_inst_12379/A} {SAEDHVT14_DEL_R2V3_2}
#@ set_load -min 0.0 [get_net -of {CTS_copt_h_inst_12379/A}] 
#@ size_cell {U10384} {SAEDHVT14_OR2_2}
#@ size_cell {CTS_copt_h_inst_8724} {SAEDHVT14_DEL_R2V3_2}
#@ insert_buffer {ibex_top_inst/u_ibex_core/id_stage_i/imd_val_q_reg[1][2]/SI} {SAEDHVT14_DEL_R2V3_2}
#@ set_load -min 0.0 [get_net -of {ibex_top_inst/u_ibex_core/id_stage_i/imd_val_q_reg[1][2]/SI}] 
#@ insert_buffer {CTS_copt_h_inst_12179/X} {SAEDHVT14_DEL_R2V3_2}
#@ set_load -min 0.0 [get_net -of {CTS_copt_h_inst_12179/X}] 
#@ insert_buffer {U11431/A1} {SAEDHVT14_DEL_R2V3_2}
#@ set_load -min 0.0 [get_net -of {U11431/A1}] 
#@ insert_buffer {ibex_top_inst/u_ibex_core/wb_stage_i/g_writeback_stage.rf_wdata_wb_q_reg[8]/SI} {SAEDHVT14_BUF_2}
#@ set_load -min 0.0 [get_net -of {ibex_top_inst/u_ibex_core/wb_stage_i/g_writeback_stage.rf_wdata_wb_q_reg[8]/SI}] 
#@ size_cell {CTS_copt_h_inst_8321} {SAEDHVT14_DEL_R2V3_2}
#@ size_cell {CTS_copt_h_inst_3545} {SAEDHVT14_DEL_R2V3_2}
#@ size_cell {CTS_copt_h_inst_8364} {SAEDHVT14_DEL_R2V3_2}
#@ insert_buffer {ibex_top_inst/u_ibex_core/if_stage_i/instr_rdata_id_o_reg[4]/SI} {SAEDHVT14_DEL_R2V3_2}
#@ set_load -min 0.0 [get_net -of {ibex_top_inst/u_ibex_core/if_stage_i/instr_rdata_id_o_reg[4]/SI}] 
#@ size_cell {U_PTECO_HOLD_BUF7} {SAEDHVT14_BUF_3}
#@ size_cell {CTS_copt_h_inst_10436} {SAEDHVT14_DEL_R2V3_2}
#@ size_cell {CTS_copt_h_inst_7792} {SAEDHVT14_DEL_R2V3_2}
#@ size_cell {CTS_copt_h_inst_8192} {SAEDHVT14_DEL_R2V3_2}
#@ insert_buffer {ibex_top_inst/u_ibex_core/id_stage_i/controller_i/nmi_mode_q_reg/SI} {SAEDHVT14_DEL_R2V3_2}
#@ set_load -min 0.0 [get_net -of {ibex_top_inst/u_ibex_core/id_stage_i/controller_i/nmi_mode_q_reg/SI}] 
#@ size_cell {CTS_copt_h_inst_8346} {SAEDHVT14_DEL_R2V3_2}
#@ insert_buffer {CTS_copt_h_inst_11336/A} {SAEDHVT14_DEL_R2V3_2}
#@ set_load -min 0.0 [get_net -of {CTS_copt_h_inst_11336/A}] 
#@ size_cell {CTS_copt_h_inst_10531} {SAEDHVT14_DEL_R2V3_2}
#@ insert_buffer {ibex_top_inst/u_ibex_core/if_stage_i/gen_prefetch_buffer.prefetch_buffer_i/stored_addr_q_reg[2]/SI} {SAEDHVT14_BUF_2}
#@ set_load -min 0.0 [get_net -of {ibex_top_inst/u_ibex_core/if_stage_i/gen_prefetch_buffer.prefetch_buffer_i/stored_addr_q_reg[2]/SI}] 
#@ insert_buffer {U12260/X} {SAEDHVT14_DEL_R2V3_2}
#@ set_load -min 0.0 [get_net -of {U12260/X}] 
#@ insert_buffer {ibex_top_inst/u_ibex_core/wb_stage_i/g_writeback_stage.rf_wdata_wb_q_reg[15]/D} {SAEDHVT14_DEL_R2V3_2}
#@ set_load -min 0.0 [get_net -of {ibex_top_inst/u_ibex_core/wb_stage_i/g_writeback_stage.rf_wdata_wb_q_reg[15]/D}] 
#@ insert_buffer {CTS_copt_h_inst_12221/A} {SAEDHVT14_DEL_R2V3_2}
#@ set_load -min 0.0 [get_net -of {CTS_copt_h_inst_12221/A}] 
#@ size_cell {CTS_copt_h_inst_9289} {SAEDHVT14_DEL_R2V3_2}
#@ insert_buffer {U11369/A1} {SAEDHVT14_DEL_R2V3_2}
#@ set_load -min 0.0 [get_net -of {U11369/A1}] 
#@ insert_buffer {CTS_copt_h_inst_12298/X} {SAEDHVT14_BUF_2}
#@ set_load -min 0.0 [get_net -of {CTS_copt_h_inst_12298/X}] 
#@ insert_buffer {ibex_top_inst/u_ibex_core/id_stage_i/imd_val_q_reg[0][8]/SI} {SAEDHVT14_DEL_R2V3_2}
#@ set_load -min 0.0 [get_net -of {ibex_top_inst/u_ibex_core/id_stage_i/imd_val_q_reg[0][8]/SI}] 
#@ insert_buffer {CTS_copt_h_inst_10854/X} {SAEDHVT14_DEL_R2V3_2}
#@ set_load -min 0.0 [get_net -of {CTS_copt_h_inst_10854/X}] 
#@ size_cell {CTS_copt_h_inst_12182} {SAEDHVT14_DEL_R2V3_2}
#@ insert_buffer {CTS_copt_h_inst_10536/X} {SAEDHVT14_DEL_R2V3_2}
#@ set_load -min 0.0 [get_net -of {CTS_copt_h_inst_10536/X}] 
#@ size_cell {CTS_copt_h_inst_11339} {SAEDHVT14_DEL_R2V2_2}
#@ size_cell {CTS_copt_h_inst_10855} {SAEDHVT14_DEL_R2V3_2}
#@ size_cell {CTS_copt_h_inst_10909} {SAEDHVT14_DEL_R2V3_2}
#@ insert_buffer {CTS_copt_h_inst_9525/A} {SAEDHVT14_DEL_R2V3_2}
#@ set_load -min 0.0 [get_net -of {CTS_copt_h_inst_9525/A}] 
#@ size_cell {CTS_copt_h_inst_11146} {SAEDHVT14_BUF_S_3}
#@ size_cell {CTS_copt_h_inst_12225} {SAEDHVT14_DEL_R2V3_2}
#@ size_cell {CTS_copt_h_inst_10537} {SAEDHVT14_DEL_R2V3_2}
#@ insert_buffer {ibex_top_inst/u_ibex_core/ex_block_i/gen_multdiv_fast.multdiv_i/op_numerator_q_reg[29]/D} {SAEDHVT14_DEL_R2V3_2}
#@ set_load -min 0.0 [get_net -of {ibex_top_inst/u_ibex_core/ex_block_i/gen_multdiv_fast.multdiv_i/op_numerator_q_reg[29]/D}] 
#@ insert_buffer {ibex_top_inst/u_ibex_core/ex_block_i/gen_multdiv_fast.multdiv_i/op_quotient_q_reg[1]/SI} {SAEDHVT14_DEL_R2V3_2}
#@ set_load -min 0.0 [get_net -of {ibex_top_inst/u_ibex_core/ex_block_i/gen_multdiv_fast.multdiv_i/op_quotient_q_reg[1]/SI}] 
#@ size_cell {U_PTECO_HOLD_BUF224} {SAEDHVT14_BUF_S_20}
#@ insert_buffer {CTS_copt_h_inst_12384/A} {SAEDHVT14_DEL_R2V3_2}
#@ set_load -min 0.0 [get_net -of {CTS_copt_h_inst_12384/A}] 
#@ size_cell {CTS_ropt_h_inst_12691} {SAEDHVT14_BUF_3}
#@ size_cell {U_PTECO_HOLD_BUF197} {SAEDHVT14_BUF_S_20}
#@ size_cell {U_PTECO_HOLD_BUF23} {SAEDHVT14_BUF_S_20}
#@ insert_buffer {CTS_copt_h_inst_12224/A} {SAEDHVT14_BUF_2}
#@ set_load -min 0.0 [get_net -of {CTS_copt_h_inst_12224/A}] 
#@ size_cell {U_PTECO_HOLD_BUF225} {SAEDHVT14_BUF_S_20}
#@ size_cell {U_PTECO_HOLD_BUF71} {SAEDHVT14_BUF_S_20}
#@ # -- End source /mnt/hgfs/0_GP/Final_2/3_PrimeTime/0_PT/work/.eco_change.tcl.6938.0

#@ # -- Starting source /mnt/hgfs/0_GP/Final_2/3_PrimeTime/0_PT/work/.eco_recov_rollback.data.6938.0

#@ size_cell {U_PTECO_HOLD_BUF233} {SAEDHVT14_BUF_2} 
#@ size_cell {U_PTECO_HOLD_BUF240} {SAEDHVT14_BUF_2} 
#@ size_cell {U_PTECO_HOLD_BUF368} {SAEDHVT14_BUF_2} 
#@ size_cell {CTS_copt_h_inst_11419} {SAEDHVT14_DEL_L4D100_2} 
#@ size_cell {U_PTECO_HOLD_BUF277} {SAEDHVT14_BUF_12} 
#@ remove_buffer {U_PTECO_HOLD_BUF290} 
#@ size_cell {U_PTECO_HOLD_BUF299} {SAEDHVT14_BUF_12} 
#@ remove_buffer {U_PTECO_HOLD_BUF305} 
#@ size_cell {U_PTECO_HOLD_BUF306} {SAEDHVT14_BUF_10} 
#@ size_cell {U6764} {SAEDHVT14_OR2_4} 
#@ size_cell {U10384} {SAEDHVT14_OR2_4} 
#@ size_cell {U_PTECO_HOLD_BUF7} {SAEDHVT14_BUF_2} 
#@ # -- End source /mnt/hgfs/0_GP/Final_2/3_PrimeTime/0_PT/work/.eco_recov_rollback.data.6938.0

#@ # -- Starting source /mnt/hgfs/0_GP/Final_2/3_PrimeTime/0_PT/work/.eco_change.tcl.6938.1

#@ insert_buffer {CTS_copt_h_inst_11721/A} {SAEDHVT14_DEL_R2V3_2}
#@ set_load -min 0.0 [get_net -of {CTS_copt_h_inst_11721/A}] 
#@ insert_buffer {CTS_copt_h_inst_11777/A} {SAEDHVT14_DEL_R2V3_2}
#@ set_load -min 0.0 [get_net -of {CTS_copt_h_inst_11777/A}] 
#@ insert_buffer {ibex_top_inst/u_ibex_core/if_stage_i/instr_rdata_id_o_reg[28]/Q} {SAEDHVT14_DEL_R2V3_2}
#@ set_load -min 0.0 [get_net -of {ibex_top_inst/u_ibex_core/if_stage_i/instr_rdata_id_o_reg[28]/Q}] 
#@ insert_buffer {U10352/CI} {SAEDHVT14_DEL_R2V3_2}
#@ set_load -min 0.0 [get_net -of {U10352/CI}] 
#@ insert_buffer {U_PTECO_HOLD_BUF19/X} {SAEDHVT14_BUF_16}
#@ set_load -min 0.0 [get_net -of {U_PTECO_HOLD_BUF19/X}] 
#@ insert_buffer {U_PTECO_HOLD_BUF225/A} {SAEDHVT14_DEL_R2V3_2}
#@ set_load -min 0.0 [get_net -of {U_PTECO_HOLD_BUF225/A}] 
#@ # -- End source /mnt/hgfs/0_GP/Final_2/3_PrimeTime/0_PT/work/.eco_change.tcl.6938.1

#@ # -- Starting source /mnt/hgfs/0_GP/Final_2/3_PrimeTime/0_PT/work/.eco_recov_rollback.data.6938.1

#@ remove_buffer {U_PTECO_HOLD_BUF400} 
#@ # -- End source /mnt/hgfs/0_GP/Final_2/3_PrimeTime/0_PT/work/.eco_recov_rollback.data.6938.1

#@ # -- Starting source /mnt/hgfs/0_GP/Final_2/3_PrimeTime/0_PT/work/.eco_change.tcl.6938.2

#@ insert_buffer {CTS_copt_h_inst_11721/A} {SAEDHVT14_DEL_R2V3_2}
#@ set_load -min 0.0 [get_net -of {CTS_copt_h_inst_11721/A}] 
#@ insert_buffer {CTS_copt_h_inst_11777/A} {SAEDHVT14_DEL_R2V3_2}
#@ set_load -min 0.0 [get_net -of {CTS_copt_h_inst_11777/A}] 
#@ insert_buffer {CTS_copt_h_inst_11419/A} {SAEDHVT14_BUF_2}
#@ set_load -min 0.0 [get_net -of {CTS_copt_h_inst_11419/A}] 
#@ # -- End source /mnt/hgfs/0_GP/Final_2/3_PrimeTime/0_PT/work/.eco_change.tcl.6938.2

#@ # -- Starting source /mnt/hgfs/0_GP/Final_2/3_PrimeTime/0_PT/work/.eco_recov_rollback.data.6938.2

#@ # -- End source /mnt/hgfs/0_GP/Final_2/3_PrimeTime/0_PT/work/.eco_recov_rollback.data.6938.2

#@ # -- Starting source /mnt/hgfs/0_GP/Final_2/3_PrimeTime/0_PT/work/.eco_change.tcl.6938.3

#@ insert_buffer {CTS_copt_h_inst_11721/A} {SAEDHVT14_DEL_R2V3_2}
#@ set_load -min 0.0 [get_net -of {CTS_copt_h_inst_11721/A}] 
#@ insert_buffer {CTS_copt_h_inst_11777/A} {SAEDHVT14_DEL_R2V3_2}
#@ set_load -min 0.0 [get_net -of {CTS_copt_h_inst_11777/A}] 
#@ # -- End source /mnt/hgfs/0_GP/Final_2/3_PrimeTime/0_PT/work/.eco_change.tcl.6938.3

#@ # -- Starting source /mnt/hgfs/0_GP/Final_2/3_PrimeTime/0_PT/work/.eco_recov_rollback.data.6938.3

#@ # -- End source /mnt/hgfs/0_GP/Final_2/3_PrimeTime/0_PT/work/.eco_recov_rollback.data.6938.3

#@ # -- Starting source /mnt/hgfs/0_GP/Final_2/3_PrimeTime/0_PT/work/.eco_change.tcl.6938.4

#@ insert_buffer {CTS_copt_h_inst_11721/A} {SAEDHVT14_DEL_R2V3_2}
#@ set_load -min 0.0 [get_net -of {CTS_copt_h_inst_11721/A}] 
#@ insert_buffer {CTS_copt_h_inst_11777/A} {SAEDHVT14_DEL_R2V3_2}
#@ set_load -min 0.0 [get_net -of {CTS_copt_h_inst_11777/A}] 
#@ # -- End source /mnt/hgfs/0_GP/Final_2/3_PrimeTime/0_PT/work/.eco_change.tcl.6938.4

#@ # -- Starting source /mnt/hgfs/0_GP/Final_2/3_PrimeTime/0_PT/work/.eco_recov_rollback.data.6938.4

#@ # -- End source /mnt/hgfs/0_GP/Final_2/3_PrimeTime/0_PT/work/.eco_recov_rollback.data.6938.4

#@ # -- Starting source /mnt/hgfs/0_GP/Final_2/3_PrimeTime/0_PT/work/.eco_change.tcl.6938.5

#@ insert_buffer {CTS_copt_h_inst_11721/A} {SAEDHVT14_DEL_R2V3_2}
#@ set_load -min 0.0 [get_net -of {CTS_copt_h_inst_11721/A}] 
#@ insert_buffer {CTS_copt_h_inst_11777/A} {SAEDHVT14_DEL_R2V3_2}
#@ set_load -min 0.0 [get_net -of {CTS_copt_h_inst_11777/A}] 
#@ # -- End source /mnt/hgfs/0_GP/Final_2/3_PrimeTime/0_PT/work/.eco_change.tcl.6938.5

#@ # -- Starting source /mnt/hgfs/0_GP/Final_2/3_PrimeTime/0_PT/work/.eco_recov_rollback.data.6938.5

#@ # -- End source /mnt/hgfs/0_GP/Final_2/3_PrimeTime/0_PT/work/.eco_recov_rollback.data.6938.5

insert_buffer  {ibex_top_inst/u_ibex_core/if_stage_i/gen_prefetch_buffer.prefetch_buffer_i/fifo_i/instr_addr_q_reg[31]/Q}  {SAEDHVT14_DEL_R2V2_2}
insert_buffer  {ibex_top_inst/u_ibex_core/if_stage_i/gen_prefetch_buffer.prefetch_buffer_i/fifo_i/instr_addr_q_reg[31]/Q}  {SAEDHVT14_DEL_R2V2_2}
#@ # -- Starting source /mnt/hgfs/0_GP/Final_2/3_PrimeTime/0_PT/work/.eco_change.tcl.6938.0

#@ insert_buffer {CTS_copt_h_inst_11721/A} {SAEDHVT14_DEL_R2V3_2}
#@ set_load -min 0.0 [get_net -of {CTS_copt_h_inst_11721/A}] 
#@ # -- End source /mnt/hgfs/0_GP/Final_2/3_PrimeTime/0_PT/work/.eco_change.tcl.6938.0

#@ # -- Starting source /mnt/hgfs/0_GP/Final_2/3_PrimeTime/0_PT/work/.eco_recov_rollback.data.6938.0

#@ # -- End source /mnt/hgfs/0_GP/Final_2/3_PrimeTime/0_PT/work/.eco_recov_rollback.data.6938.0

#@ # -- Starting source /mnt/hgfs/0_GP/Final_2/3_PrimeTime/0_PT/work/.eco_change.tcl.6938.1

#@ insert_buffer {CTS_copt_h_inst_11721/A} {SAEDHVT14_DEL_R2V3_2}
#@ set_load -min 0.0 [get_net -of {CTS_copt_h_inst_11721/A}] 
#@ # -- End source /mnt/hgfs/0_GP/Final_2/3_PrimeTime/0_PT/work/.eco_change.tcl.6938.1

#@ # -- Starting source /mnt/hgfs/0_GP/Final_2/3_PrimeTime/0_PT/work/.eco_recov_rollback.data.6938.1

#@ # -- End source /mnt/hgfs/0_GP/Final_2/3_PrimeTime/0_PT/work/.eco_recov_rollback.data.6938.1

#@ # -- Starting source /mnt/hgfs/0_GP/Final_2/3_PrimeTime/0_PT/work/.eco_change.tcl.6938.2

#@ insert_buffer {CTS_copt_h_inst_11721/A} {SAEDHVT14_DEL_R2V3_2}
#@ set_load -min 0.0 [get_net -of {CTS_copt_h_inst_11721/A}] 
#@ # -- End source /mnt/hgfs/0_GP/Final_2/3_PrimeTime/0_PT/work/.eco_change.tcl.6938.2

#@ # -- Starting source /mnt/hgfs/0_GP/Final_2/3_PrimeTime/0_PT/work/.eco_recov_rollback.data.6938.2

#@ # -- End source /mnt/hgfs/0_GP/Final_2/3_PrimeTime/0_PT/work/.eco_recov_rollback.data.6938.2

insert_buffer  {ibex_top_inst/u_ibex_core/if_stage_i/pc_id_o_reg[16]/Q}  {SAEDHVT14_DEL_R2V2_2}
insert_buffer  {ibex_top_inst/u_ibex_core/if_stage_i/pc_id_o_reg[16]/Q}  {SAEDHVT14_DEL_R2V2_2}
#@ # -- Starting source /mnt/hgfs/0_GP/Final_2/3_PrimeTime/0_PT/work/.eco_change.tcl.6938.0

#@ insert_buffer {U7992/S} {SAEDHVT14_BUF_2}
#@ set_load -min 0.0 [get_net -of {U7992/S}] 
#@ insert_buffer {U7985/S} {SAEDHVT14_BUF_2}
#@ set_load -min 0.0 [get_net -of {U7985/S}] 
#@ insert_buffer {U7981/S} {SAEDHVT14_BUF_2}
#@ set_load -min 0.0 [get_net -of {U7981/S}] 
#@ insert_buffer {U7993/S} {SAEDHVT14_BUF_2}
#@ set_load -min 0.0 [get_net -of {U7993/S}] 
#@ insert_buffer {U7995/S} {SAEDHVT14_BUF_2}
#@ set_load -min 0.0 [get_net -of {U7995/S}] 
#@ insert_buffer {U8001/S} {SAEDHVT14_BUF_2}
#@ set_load -min 0.0 [get_net -of {U8001/S}] 
#@ insert_buffer {U7984/S} {SAEDHVT14_BUF_2}
#@ set_load -min 0.0 [get_net -of {U7984/S}] 
#@ insert_buffer {U7990/S} {SAEDHVT14_BUF_2}
#@ set_load -min 0.0 [get_net -of {U7990/S}] 
#@ insert_buffer {U8004/S} {SAEDHVT14_BUF_2}
#@ set_load -min 0.0 [get_net -of {U8004/S}] 
#@ insert_buffer {U7997/S} {SAEDHVT14_BUF_2}
#@ set_load -min 0.0 [get_net -of {U7997/S}] 
#@ size_cell {U12227} {SAEDHVT14_EN2_3}
#@ insert_buffer {U7991/S} {SAEDHVT14_BUF_2}
#@ set_load -min 0.0 [get_net -of {U7991/S}] 
#@ insert_buffer {U7994/S} {SAEDHVT14_BUF_2}
#@ set_load -min 0.0 [get_net -of {U7994/S}] 
#@ insert_buffer {U7987/S} {SAEDHVT14_BUF_2}
#@ set_load -min 0.0 [get_net -of {U7987/S}] 
#@ insert_buffer {U7999/S} {SAEDHVT14_BUF_2}
#@ set_load -min 0.0 [get_net -of {U7999/S}] 
#@ insert_buffer {U7988/S} {SAEDHVT14_BUF_2}
#@ set_load -min 0.0 [get_net -of {U7988/S}] 
#@ insert_buffer {U8002/S} {SAEDHVT14_BUF_2}
#@ set_load -min 0.0 [get_net -of {U8002/S}] 
#@ size_cell {U7599} {SAEDHVT14_AN3_4}
#@ insert_buffer {U8003/S} {SAEDHVT14_BUF_2}
#@ set_load -min 0.0 [get_net -of {U8003/S}] 
#@ insert_buffer {U7998/S} {SAEDHVT14_BUF_2}
#@ set_load -min 0.0 [get_net -of {U7998/S}] 
#@ insert_buffer {U8006/S} {SAEDHVT14_BUF_2}
#@ set_load -min 0.0 [get_net -of {U8006/S}] 
#@ size_cell {U12694} {SAEDHVT14_EN2_3}
#@ size_cell {PLACE_HFSBUF_564_214} {SAEDHVT14_BUF_3}
#@ size_cell {U405} {SAEDHVT14_BUF_S_2}
#@ # -- End source /mnt/hgfs/0_GP/Final_2/3_PrimeTime/0_PT/work/.eco_change.tcl.6938.0

#@ # -- Starting source /mnt/hgfs/0_GP/Final_2/3_PrimeTime/0_PT/work/.eco_change.tcl.6938.0

#@ size_cell {U4678} {SAEDHVT14_BUF_4}
#@ # -- End source /mnt/hgfs/0_GP/Final_2/3_PrimeTime/0_PT/work/.eco_change.tcl.6938.0

write_changes -format icc2tcl -output "changes_0_all_clean.tcl"
snpsExit
