 
****************************************
Report : constraint
        -all_violators
Design : ibex_wrapper
Version: O-2018.06-SP1
Date   : Mon Jul  7 19:48:14 2025
****************************************


   min_delay/hold ('clk_i' group)

                             Required        Actual
   Endpoint                 Path Delay     Path Delay        Slack
   -----------------------------------------------------------------
   data_we_o                   -1.40         -86.94 f       -85.54  (VIOLATED)
   instr_addr_o[4]             -1.40         -86.89 r       -85.49  (VIOLATED)
   instr_addr_o[10]            -1.40         -86.89 r       -85.49  (VIOLATED)
   instr_addr_o[19]            -1.40         -86.89 r       -85.49  (VIOLATED)
   instr_addr_o[23]            -1.40         -86.89 r       -85.49  (VIOLATED)
   instr_addr_o[28]            -1.40         -86.89 r       -85.49  (VIOLATED)
   instr_addr_o[8]             -1.40         -86.82 r       -85.42  (VIOLATED)
   instr_addr_o[12]            -1.40         -86.82 r       -85.42  (VIOLATED)
   instr_addr_o[14]            -1.40         -86.82 r       -85.42  (VIOLATED)
   instr_addr_o[17]            -1.40         -86.82 r       -85.42  (VIOLATED)
   instr_addr_o[21]            -1.40         -86.82 r       -85.42  (VIOLATED)
   instr_addr_o[26]            -1.40         -86.82 r       -85.42  (VIOLATED)
   instr_addr_o[30]            -1.40         -86.82 r       -85.42  (VIOLATED)
   instr_addr_o[2]             -1.40         -86.82 r       -85.42  (VIOLATED)
   data_req_o                  -1.40         -86.82 f       -85.42  (VIOLATED)
   instr_addr_o[7]             -1.40         -86.80 f       -85.40  (VIOLATED)
   instr_addr_o[31]            -1.40         -86.78 f       -85.38  (VIOLATED)
   instr_addr_o[9]             -1.40         -86.78 f       -85.38  (VIOLATED)
   instr_addr_o[16]            -1.40         -86.77 f       -85.37  (VIOLATED)
   instr_addr_o[25]            -1.40         -86.77 f       -85.37  (VIOLATED)
   instr_addr_o[3]             -1.40         -86.77 r       -85.37  (VIOLATED)
   instr_addr_o[5]             -1.40         -86.77 r       -85.37  (VIOLATED)
   instr_addr_o[6]             -1.40         -86.77 r       -85.37  (VIOLATED)
   instr_addr_o[29]            -1.40         -86.77 r       -85.37  (VIOLATED)
   instr_addr_o[11]            -1.40         -86.76 r       -85.36  (VIOLATED)
   instr_addr_o[13]            -1.40         -86.76 r       -85.36  (VIOLATED)
   instr_addr_o[15]            -1.40         -86.76 r       -85.36  (VIOLATED)
   instr_addr_o[18]            -1.40         -86.76 r       -85.36  (VIOLATED)
   instr_addr_o[20]            -1.40         -86.76 r       -85.36  (VIOLATED)
   instr_addr_o[22]            -1.40         -86.76 r       -85.36  (VIOLATED)
   instr_addr_o[24]            -1.40         -86.76 r       -85.36  (VIOLATED)
   instr_addr_o[27]            -1.40         -86.76 r       -85.36  (VIOLATED)
   instr_req_o                 -1.40         -86.72 f       -85.32  (VIOLATED)
   data_be_o[1]                -1.40         -57.75 f       -56.35  (VIOLATED)
   data_be_o[0]                -1.40         -57.75 f       -56.35  (VIOLATED)
   data_be_o[3]                -1.40         -57.73 f       -56.33  (VIOLATED)
   data_wdata_o[30]            -1.40         -57.72 f       -56.32  (VIOLATED)
   data_wdata_o[31]            -1.40         -57.72 f       -56.32  (VIOLATED)
   data_be_o[2]                -1.40         -57.71 r       -56.31  (VIOLATED)
   data_wdata_o[3]             -1.40         -57.70 r       -56.30  (VIOLATED)
   data_wdata_o[10]            -1.40         -57.70 r       -56.30  (VIOLATED)
   data_wdata_o[7]             -1.40         -57.70 r       -56.30  (VIOLATED)
   data_wdata_o[2]             -1.40         -57.69 r       -56.29  (VIOLATED)
   data_wdata_o[6]             -1.40         -57.68 r       -56.28  (VIOLATED)
   data_wdata_o[19]            -1.40         -57.68 f       -56.28  (VIOLATED)
   data_wdata_o[8]             -1.40         -57.68 f       -56.28  (VIOLATED)
   data_wdata_o[12]            -1.40         -57.68 f       -56.28  (VIOLATED)
   data_wdata_o[21]            -1.40         -57.68 f       -56.28  (VIOLATED)
   data_wdata_o[22]            -1.40         -57.68 f       -56.28  (VIOLATED)
   data_wdata_o[24]            -1.40         -57.68 f       -56.28  (VIOLATED)
   data_wdata_o[25]            -1.40         -57.68 f       -56.28  (VIOLATED)
   data_wdata_o[9]             -1.40         -57.67 f       -56.27  (VIOLATED)
   data_wdata_o[11]            -1.40         -57.67 f       -56.27  (VIOLATED)
   data_wdata_o[13]            -1.40         -57.67 f       -56.27  (VIOLATED)
   data_wdata_o[14]            -1.40         -57.67 f       -56.27  (VIOLATED)
   data_wdata_o[23]            -1.40         -57.67 f       -56.27  (VIOLATED)
   data_wdata_o[26]            -1.40         -57.67 f       -56.27  (VIOLATED)
   data_wdata_o[27]            -1.40         -57.67 f       -56.27  (VIOLATED)
   data_wdata_o[0]             -1.40         -57.66 f       -56.26  (VIOLATED)
   data_wdata_o[4]             -1.40         -57.66 f       -56.26  (VIOLATED)
   data_wdata_o[5]             -1.40         -57.66 f       -56.26  (VIOLATED)
   data_wdata_o[17]            -1.40         -57.66 f       -56.26  (VIOLATED)
   data_wdata_o[18]            -1.40         -57.66 f       -56.26  (VIOLATED)
   data_wdata_o[29]            -1.40         -57.66 f       -56.26  (VIOLATED)
   data_wdata_o[1]             -1.40         -57.66 f       -56.26  (VIOLATED)
   data_wdata_o[15]            -1.40         -57.66 f       -56.26  (VIOLATED)
   data_wdata_o[16]            -1.40         -57.66 f       -56.26  (VIOLATED)
   data_wdata_o[20]            -1.40         -57.66 f       -56.26  (VIOLATED)
   data_wdata_o[28]            -1.40         -57.66 f       -56.26  (VIOLATED)
   data_addr_o[2]              -1.40         -57.63 r       -56.23  (VIOLATED)
   data_addr_o[3]              -1.40         -57.60 r       -56.20  (VIOLATED)
   data_addr_o[4]              -1.40         -57.57 r       -56.17  (VIOLATED)
   data_addr_o[5]              -1.40         -57.54 r       -56.14  (VIOLATED)
   data_addr_o[6]              -1.40         -57.51 r       -56.11  (VIOLATED)
   data_addr_o[7]              -1.40         -57.48 r       -56.08  (VIOLATED)
   data_addr_o[8]              -1.40         -57.45 r       -56.05  (VIOLATED)
   data_addr_o[9]              -1.40         -57.43 r       -56.03  (VIOLATED)
   data_addr_o[10]             -1.40         -57.40 r       -56.00  (VIOLATED)
   data_addr_o[11]             -1.40         -57.37 r       -55.97  (VIOLATED)
   data_addr_o[12]             -1.40         -57.34 r       -55.94  (VIOLATED)
   data_addr_o[13]             -1.40         -57.31 r       -55.91  (VIOLATED)
   data_addr_o[14]             -1.40         -57.28 r       -55.88  (VIOLATED)
   data_addr_o[15]             -1.40         -57.25 r       -55.85  (VIOLATED)
   data_addr_o[16]             -1.40         -57.22 r       -55.82  (VIOLATED)
   data_addr_o[17]             -1.40         -57.19 r       -55.79  (VIOLATED)
   data_addr_o[18]             -1.40         -57.16 r       -55.76  (VIOLATED)
   data_addr_o[19]             -1.40         -57.13 r       -55.73  (VIOLATED)
   data_addr_o[20]             -1.40         -57.10 r       -55.70  (VIOLATED)
   data_addr_o[21]             -1.40         -57.07 r       -55.67  (VIOLATED)
   data_addr_o[22]             -1.40         -57.04 r       -55.64  (VIOLATED)
   data_addr_o[23]             -1.40         -57.02 r       -55.62  (VIOLATED)
   data_addr_o[24]             -1.40         -56.99 r       -55.59  (VIOLATED)
   data_addr_o[25]             -1.40         -56.96 r       -55.56  (VIOLATED)
   data_addr_o[26]             -1.40         -56.93 r       -55.53  (VIOLATED)
   data_addr_o[27]             -1.40         -56.90 r       -55.50  (VIOLATED)
   data_addr_o[28]             -1.40         -56.87 r       -55.47  (VIOLATED)
   data_addr_o[29]             -1.40         -56.84 r       -55.44  (VIOLATED)
   data_addr_o[30]             -1.40         -56.81 r       -55.41  (VIOLATED)
   data_addr_o[31]             -1.40         -56.68 f       -55.28  (VIOLATED)
   ibex_top_inst/core_clock_gate_i/gen_generic.u_impl_generic/en_latch_reg/EN
                                0.10           0.00 f        -0.10  (VIOLATED)
   ibex_top_inst/core_busy_q_reg[0]/D
                                0.13           0.13 f         0.00  (VIOLATED: increase significant digits)


   min_delay/hold ('cluster_clock_gating' group)

                             Required        Actual
   Endpoint                 Path Delay     Path Delay        Slack
   -----------------------------------------------------------------
   R_15/D                       0.11        -137.62 r      -137.73  (VIOLATED)
   ibex_top_inst/u_ibex_core/if_stage_i/gen_prefetch_buffer.prefetch_buffer_i/fifo_i/valid_q_reg[2]/D
                                0.11        -133.03 r      -133.14  (VIOLATED)
   ibex_top_inst/u_ibex_core/wb_stage_i/g_writeback_stage.wb_valid_q_reg/D
                                0.11         -89.69 r       -89.80  (VIOLATED)
   ibex_top_inst/u_ibex_core/wb_stage_i/g_writeback_stage.wb_instr_type_q_reg[0]/D
                                0.12         -89.68 f       -89.80  (VIOLATED)
   ibex_top_inst/u_ibex_core/wb_stage_i/g_writeback_stage.wb_pc_q_reg[29]/D
                                0.12         -89.66 f       -89.78  (VIOLATED)
   ibex_top_inst/u_ibex_core/id_stage_i/branch_jump_set_done_q_reg/D
                                0.13         -89.64 f       -89.77  (VIOLATED)
   ibex_top_inst/u_ibex_core/wb_stage_i/g_writeback_stage.wb_pc_q_reg[16]/D
                                0.13         -89.63 f       -89.76  (VIOLATED)
   ibex_top_inst/u_ibex_core/wb_stage_i/g_writeback_stage.wb_instr_type_q_reg[1]/D
                                0.12         -89.63 f       -89.75  (VIOLATED)
   ibex_top_inst/u_ibex_core/wb_stage_i/g_writeback_stage.wb_pc_q_reg[1]/D
                                0.12         -89.63 f       -89.75  (VIOLATED)
   ibex_top_inst/u_ibex_core/wb_stage_i/g_writeback_stage.wb_pc_q_reg[2]/D
                                0.12         -89.63 f       -89.75  (VIOLATED)
   ibex_top_inst/u_ibex_core/wb_stage_i/g_writeback_stage.wb_pc_q_reg[3]/D
                                0.12         -89.63 f       -89.75  (VIOLATED)
   ibex_top_inst/u_ibex_core/wb_stage_i/g_writeback_stage.wb_pc_q_reg[4]/D
                                0.12         -89.63 f       -89.75  (VIOLATED)
   ibex_top_inst/u_ibex_core/wb_stage_i/g_writeback_stage.wb_pc_q_reg[5]/D
                                0.12         -89.63 f       -89.75  (VIOLATED)
   ibex_top_inst/u_ibex_core/wb_stage_i/g_writeback_stage.wb_pc_q_reg[6]/D
                                0.12         -89.63 f       -89.75  (VIOLATED)
   ibex_top_inst/u_ibex_core/wb_stage_i/g_writeback_stage.wb_pc_q_reg[7]/D
                                0.12         -89.63 f       -89.75  (VIOLATED)
   ibex_top_inst/u_ibex_core/wb_stage_i/g_writeback_stage.wb_pc_q_reg[8]/D
                                0.12         -89.63 f       -89.75  (VIOLATED)
   ibex_top_inst/u_ibex_core/wb_stage_i/g_writeback_stage.wb_pc_q_reg[18]/D
                                0.12         -89.63 f       -89.75  (VIOLATED)
   ibex_top_inst/u_ibex_core/wb_stage_i/g_writeback_stage.wb_pc_q_reg[20]/D
                                0.12         -89.63 f       -89.75  (VIOLATED)
   ibex_top_inst/u_ibex_core/wb_stage_i/g_writeback_stage.wb_pc_q_reg[21]/D
                                0.12         -89.63 f       -89.75  (VIOLATED)
   ibex_top_inst/u_ibex_core/wb_stage_i/g_writeback_stage.wb_pc_q_reg[22]/D
                                0.12         -89.63 f       -89.75  (VIOLATED)
   ibex_top_inst/u_ibex_core/wb_stage_i/g_writeback_stage.wb_pc_q_reg[23]/D
                                0.12         -89.63 f       -89.75  (VIOLATED)
   ibex_top_inst/u_ibex_core/wb_stage_i/g_writeback_stage.wb_pc_q_reg[24]/D
                                0.12         -89.63 f       -89.75  (VIOLATED)
   ibex_top_inst/u_ibex_core/wb_stage_i/g_writeback_stage.wb_pc_q_reg[25]/D
                                0.12         -89.63 f       -89.75  (VIOLATED)
   ibex_top_inst/u_ibex_core/wb_stage_i/g_writeback_stage.wb_pc_q_reg[26]/D
                                0.12         -89.63 f       -89.75  (VIOLATED)
   ibex_top_inst/u_ibex_core/wb_stage_i/g_writeback_stage.wb_pc_q_reg[28]/D
                                0.12         -89.63 f       -89.75  (VIOLATED)
   ibex_top_inst/u_ibex_core/wb_stage_i/g_writeback_stage.rf_waddr_wb_q_reg[0]/D
                                0.12         -89.63 f       -89.75  (VIOLATED)
   ibex_top_inst/u_ibex_core/wb_stage_i/g_writeback_stage.rf_waddr_wb_q_reg[1]/D
                                0.12         -89.63 f       -89.75  (VIOLATED)
   ibex_top_inst/u_ibex_core/wb_stage_i/g_writeback_stage.rf_waddr_wb_q_reg[2]/D
                                0.12         -89.63 f       -89.75  (VIOLATED)
   ibex_top_inst/u_ibex_core/wb_stage_i/g_writeback_stage.rf_waddr_wb_q_reg[3]/D
                                0.12         -89.63 f       -89.75  (VIOLATED)
   ibex_top_inst/u_ibex_core/wb_stage_i/g_writeback_stage.rf_waddr_wb_q_reg[4]/D
                                0.12         -89.63 f       -89.75  (VIOLATED)
   ibex_top_inst/u_ibex_core/wb_stage_i/g_writeback_stage.rf_we_wb_q_reg/D
                                0.12         -89.63 f       -89.75  (VIOLATED)
   ibex_top_inst/u_ibex_core/wb_stage_i/g_writeback_stage.wb_compressed_q_reg/D
                                0.12         -89.63 f       -89.75  (VIOLATED)
   ibex_top_inst/u_ibex_core/wb_stage_i/g_writeback_stage.wb_pc_q_reg[9]/D
                                0.12         -89.63 f       -89.75  (VIOLATED)
   ibex_top_inst/u_ibex_core/wb_stage_i/g_writeback_stage.wb_pc_q_reg[10]/D
                                0.12         -89.63 f       -89.75  (VIOLATED)
   ibex_top_inst/u_ibex_core/wb_stage_i/g_writeback_stage.wb_pc_q_reg[11]/D
                                0.12         -89.63 f       -89.75  (VIOLATED)
   ibex_top_inst/u_ibex_core/wb_stage_i/g_writeback_stage.wb_pc_q_reg[12]/D
                                0.12         -89.63 f       -89.75  (VIOLATED)
   ibex_top_inst/u_ibex_core/wb_stage_i/g_writeback_stage.wb_pc_q_reg[13]/D
                                0.12         -89.63 f       -89.75  (VIOLATED)
   ibex_top_inst/u_ibex_core/wb_stage_i/g_writeback_stage.wb_pc_q_reg[14]/D
                                0.12         -89.63 f       -89.75  (VIOLATED)
   ibex_top_inst/u_ibex_core/wb_stage_i/g_writeback_stage.wb_pc_q_reg[15]/D
                                0.12         -89.63 f       -89.75  (VIOLATED)
   ibex_top_inst/u_ibex_core/wb_stage_i/g_writeback_stage.wb_pc_q_reg[17]/D
                                0.12         -89.63 f       -89.75  (VIOLATED)
   ibex_top_inst/u_ibex_core/wb_stage_i/g_writeback_stage.wb_pc_q_reg[19]/D
                                0.12         -89.63 f       -89.75  (VIOLATED)
   ibex_top_inst/u_ibex_core/wb_stage_i/g_writeback_stage.wb_pc_q_reg[27]/D
                                0.12         -89.63 f       -89.75  (VIOLATED)
   ibex_top_inst/u_ibex_core/wb_stage_i/g_writeback_stage.wb_pc_q_reg[30]/D
                                0.12         -89.63 f       -89.75  (VIOLATED)
   ibex_top_inst/u_ibex_core/wb_stage_i/g_writeback_stage.wb_pc_q_reg[31]/D
                                0.12         -89.63 f       -89.75  (VIOLATED)
   ibex_top_inst/u_ibex_core/if_stage_i/instr_valid_id_q_reg/D
                                0.13         -89.61 f       -89.74  (VIOLATED)
   ibex_top_inst/u_ibex_core/wb_stage_i/g_writeback_stage.rf_wdata_wb_q_reg[7]/D
                                0.11         -89.62 r       -89.73  (VIOLATED)
   ibex_top_inst/u_ibex_core/wb_stage_i/g_writeback_stage.rf_wdata_wb_q_reg[29]/D
                                0.11         -89.62 r       -89.73  (VIOLATED)
   ibex_top_inst/u_ibex_core/wb_stage_i/g_writeback_stage.rf_wdata_wb_q_reg[30]/D
                                0.11         -89.62 r       -89.73  (VIOLATED)
   ibex_top_inst/u_ibex_core/id_stage_i/controller_i/ctrl_fsm_cs_reg[0]/D
                                0.11         -89.61 r       -89.72  (VIOLATED)
   ibex_top_inst/u_ibex_core/wb_stage_i/g_writeback_stage.rf_wdata_wb_q_reg[0]/D
                                0.11         -89.61 r       -89.72  (VIOLATED)
   ibex_top_inst/u_ibex_core/wb_stage_i/g_writeback_stage.rf_wdata_wb_q_reg[25]/D
                                0.11         -89.61 r       -89.72  (VIOLATED)
   ibex_top_inst/u_ibex_core/wb_stage_i/g_writeback_stage.rf_wdata_wb_q_reg[28]/D
                                0.11         -89.61 r       -89.72  (VIOLATED)
   ibex_top_inst/u_ibex_core/if_stage_i/instr_is_compressed_id_o_reg/D
                                0.12         -89.59 f       -89.71  (VIOLATED)
   ibex_top_inst/u_ibex_core/wb_stage_i/g_writeback_stage.rf_wdata_wb_q_reg[24]/D
                                0.11         -89.60 r       -89.71  (VIOLATED)
   ibex_top_inst/u_ibex_core/wb_stage_i/g_writeback_stage.rf_wdata_wb_q_reg[27]/D
                                0.11         -89.60 r       -89.71  (VIOLATED)
   ibex_top_inst/u_ibex_core/wb_stage_i/g_writeback_stage.rf_wdata_wb_q_reg[1]/D
                                0.11         -89.60 r       -89.71  (VIOLATED)
   ibex_top_inst/u_ibex_core/wb_stage_i/g_writeback_stage.rf_wdata_wb_q_reg[22]/D
                                0.12         -89.58 f       -89.70  (VIOLATED)
   ibex_top_inst/u_ibex_core/wb_stage_i/g_writeback_stage.rf_wdata_wb_q_reg[3]/D
                                0.12         -89.58 f       -89.70  (VIOLATED)
   ibex_top_inst/u_ibex_core/wb_stage_i/g_writeback_stage.rf_wdata_wb_q_reg[4]/D
                                0.12         -89.58 f       -89.70  (VIOLATED)
   ibex_top_inst/u_ibex_core/wb_stage_i/g_writeback_stage.rf_wdata_wb_q_reg[6]/D
                                0.12         -89.58 f       -89.70  (VIOLATED)
   ibex_top_inst/u_ibex_core/wb_stage_i/g_writeback_stage.rf_wdata_wb_q_reg[11]/D
                                0.12         -89.58 f       -89.70  (VIOLATED)
   ibex_top_inst/u_ibex_core/wb_stage_i/g_writeback_stage.rf_wdata_wb_q_reg[12]/D
                                0.12         -89.58 f       -89.70  (VIOLATED)
   ibex_top_inst/u_ibex_core/wb_stage_i/g_writeback_stage.rf_wdata_wb_q_reg[18]/D
                                0.12         -89.58 f       -89.70  (VIOLATED)
   ibex_top_inst/u_ibex_core/wb_stage_i/g_writeback_stage.rf_wdata_wb_q_reg[19]/D
                                0.12         -89.58 f       -89.70  (VIOLATED)
   ibex_top_inst/u_ibex_core/wb_stage_i/g_writeback_stage.rf_wdata_wb_q_reg[9]/D
                                0.11         -89.59 r       -89.70  (VIOLATED)
   ibex_top_inst/u_ibex_core/wb_stage_i/g_writeback_stage.rf_wdata_wb_q_reg[15]/D
                                0.11         -89.59 r       -89.70  (VIOLATED)
   ibex_top_inst/u_ibex_core/wb_stage_i/g_writeback_stage.rf_wdata_wb_q_reg[2]/D
                                0.11         -89.59 r       -89.70  (VIOLATED)
   ibex_top_inst/u_ibex_core/wb_stage_i/g_writeback_stage.rf_wdata_wb_q_reg[5]/D
                                0.11         -89.59 r       -89.70  (VIOLATED)
   ibex_top_inst/u_ibex_core/wb_stage_i/g_writeback_stage.rf_wdata_wb_q_reg[8]/D
                                0.11         -89.59 r       -89.70  (VIOLATED)
   ibex_top_inst/u_ibex_core/wb_stage_i/g_writeback_stage.rf_wdata_wb_q_reg[10]/D
                                0.11         -89.59 r       -89.70  (VIOLATED)
   ibex_top_inst/u_ibex_core/wb_stage_i/g_writeback_stage.rf_wdata_wb_q_reg[13]/D
                                0.11         -89.59 r       -89.70  (VIOLATED)
   ibex_top_inst/u_ibex_core/wb_stage_i/g_writeback_stage.rf_wdata_wb_q_reg[14]/D
                                0.11         -89.59 r       -89.70  (VIOLATED)
   ibex_top_inst/u_ibex_core/wb_stage_i/g_writeback_stage.rf_wdata_wb_q_reg[16]/D
                                0.11         -89.59 r       -89.70  (VIOLATED)
   ibex_top_inst/u_ibex_core/wb_stage_i/g_writeback_stage.rf_wdata_wb_q_reg[17]/D
                                0.11         -89.59 r       -89.70  (VIOLATED)
   ibex_top_inst/u_ibex_core/wb_stage_i/g_writeback_stage.rf_wdata_wb_q_reg[20]/D
                                0.11         -89.59 r       -89.70  (VIOLATED)
   ibex_top_inst/u_ibex_core/wb_stage_i/g_writeback_stage.rf_wdata_wb_q_reg[21]/D
                                0.11         -89.59 r       -89.70  (VIOLATED)
   ibex_top_inst/u_ibex_core/wb_stage_i/g_writeback_stage.rf_wdata_wb_q_reg[23]/D
                                0.11         -89.59 r       -89.70  (VIOLATED)
   ibex_top_inst/u_ibex_core/wb_stage_i/g_writeback_stage.rf_wdata_wb_q_reg[26]/D
                                0.11         -89.59 r       -89.70  (VIOLATED)
   ibex_top_inst/u_ibex_core/cs_registers_i/u_cpuctrlsts_part_csr/rdata_q_reg[7]/D
                                0.13         -89.57 f       -89.70  (VIOLATED)
   ibex_top_inst/u_ibex_core/cs_registers_i/u_mstatus_csr/rdata_q_reg[0]/D
                                0.11         -89.59 r       -89.70  (VIOLATED)
   ibex_top_inst/u_ibex_core/cs_registers_i/u_dcsr_csr/rdata_q_reg[2]/D
                                0.11         -89.58 r       -89.69  (VIOLATED)
   ibex_top_inst/u_ibex_core/cs_registers_i/u_dcsr_csr/rdata_q_reg[12]/D
                                0.11         -89.58 r       -89.69  (VIOLATED)
   ibex_top_inst/u_ibex_core/cs_registers_i/u_dcsr_csr/rdata_q_reg[13]/D
                                0.11         -89.58 r       -89.69  (VIOLATED)
   ibex_top_inst/u_ibex_core/cs_registers_i/u_dcsr_csr/rdata_q_reg[15]/D
                                0.11         -89.58 r       -89.69  (VIOLATED)
   ibex_top_inst/u_ibex_core/wb_stage_i/g_writeback_stage.rf_wdata_wb_q_reg[31]/D
                                0.11         -89.57 r       -89.68  (VIOLATED)
   ibex_top_inst/u_ibex_core/cs_registers_i/u_mscratch_csr/rdata_q_reg[30]/D
                                0.13         -89.55 f       -89.68  (VIOLATED)
   ibex_top_inst/u_ibex_core/cs_registers_i/u_mscratch_csr/rdata_q_reg[31]/D
                                0.13         -89.55 f       -89.68  (VIOLATED)
   ibex_top_inst/u_ibex_core/if_stage_i/instr_rdata_id_o_reg[0]/D
                                0.12         -89.56 f       -89.68  (VIOLATED)
   ibex_top_inst/u_ibex_core/if_stage_i/pc_id_o_reg[3]/D
                                0.12         -89.56 f       -89.68  (VIOLATED)
   ibex_top_inst/u_ibex_core/if_stage_i/pc_id_o_reg[6]/D
                                0.12         -89.56 f       -89.68  (VIOLATED)
   ibex_top_inst/u_ibex_core/if_stage_i/pc_id_o_reg[16]/D
                                0.12         -89.56 f       -89.68  (VIOLATED)
   ibex_top_inst/u_ibex_core/if_stage_i/pc_id_o_reg[18]/D
                                0.12         -89.56 f       -89.68  (VIOLATED)
   ibex_top_inst/u_ibex_core/if_stage_i/pc_id_o_reg[21]/D
                                0.12         -89.56 f       -89.68  (VIOLATED)
   ibex_top_inst/u_ibex_core/if_stage_i/pc_id_o_reg[24]/D
                                0.12         -89.56 f       -89.68  (VIOLATED)
   ibex_top_inst/u_ibex_core/if_stage_i/pc_id_o_reg[28]/D
                                0.12         -89.56 f       -89.68  (VIOLATED)
   ibex_top_inst/u_ibex_core/if_stage_i/pc_id_o_reg[30]/D
                                0.12         -89.56 f       -89.68  (VIOLATED)
   ibex_top_inst/u_ibex_core/cs_registers_i/u_mepc_csr/rdata_q_reg[31]/D
                                0.11         -89.57 r       -89.68  (VIOLATED)
   ibex_top_inst/u_ibex_core/if_stage_i/instr_rdata_id_o_reg[9]/D
                                0.11         -89.56 r       -89.67  (VIOLATED)
   ibex_top_inst/u_ibex_core/id_stage_i/controller_i/ctrl_fsm_cs_reg[1]/D
                                0.11         -89.56 r       -89.67  (VIOLATED)
   ibex_top_inst/u_ibex_core/if_stage_i/instr_rdata_alu_id_o_reg[26]/D
                                0.11         -89.56 r       -89.67  (VIOLATED)
   ibex_top_inst/u_ibex_core/if_stage_i/instr_rdata_id_o_reg[26]/D
                                0.11         -89.56 r       -89.67  (VIOLATED)
   ibex_top_inst/u_ibex_core/if_stage_i/gen_prefetch_buffer.prefetch_buffer_i/fifo_i/valid_q_reg[1]/D
                                0.13         -89.53 f       -89.66  (VIOLATED)
   ibex_top_inst/u_ibex_core/if_stage_i/instr_rdata_id_o_reg[15]/D
                                0.11         -89.55 r       -89.66  (VIOLATED)
   ibex_top_inst/u_ibex_core/if_stage_i/illegal_c_insn_id_o_reg/D
                                0.11         -89.55 r       -89.66  (VIOLATED)
   ibex_top_inst/u_ibex_core/cs_registers_i/u_mstatus_csr/rdata_q_reg[5]/D
                                0.13         -89.53 f       -89.66  (VIOLATED)
   ibex_top_inst/u_ibex_core/cs_registers_i/u_mstatus_csr/rdata_q_reg[1]/D
                                0.11         -89.55 r       -89.66  (VIOLATED)
   ibex_top_inst/u_ibex_core/if_stage_i/instr_rdata_c_id_o_reg[0]/D
                                0.12         -89.53 f       -89.66  (VIOLATED)
   ibex_top_inst/u_ibex_core/if_stage_i/instr_rdata_c_id_o_reg[13]/D
                                0.12         -89.53 f       -89.66  (VIOLATED)
   ibex_top_inst/u_ibex_core/if_stage_i/instr_rdata_c_id_o_reg[15]/D
                                0.12         -89.53 f       -89.66  (VIOLATED)
   ibex_top_inst/u_ibex_core/if_stage_i/gen_prefetch_buffer.prefetch_buffer_i/fifo_i/valid_q_reg[0]/D
                                0.13         -89.52 f       -89.65  (VIOLATED)
   ibex_top_inst/u_ibex_core/cs_registers_i/u_mscratch_csr/rdata_q_reg[0]/D
                                0.13         -89.52 f       -89.65  (VIOLATED)
   ibex_top_inst/u_ibex_core/cs_registers_i/u_mscratch_csr/rdata_q_reg[1]/D
                                0.13         -89.52 f       -89.65  (VIOLATED)
   ibex_top_inst/u_ibex_core/cs_registers_i/u_mscratch_csr/rdata_q_reg[2]/D
                                0.13         -89.52 f       -89.65  (VIOLATED)
   ibex_top_inst/u_ibex_core/cs_registers_i/u_mscratch_csr/rdata_q_reg[3]/D
                                0.13         -89.52 f       -89.65  (VIOLATED)
   ibex_top_inst/u_ibex_core/cs_registers_i/u_mscratch_csr/rdata_q_reg[4]/D
                                0.13         -89.52 f       -89.65  (VIOLATED)
   ibex_top_inst/u_ibex_core/cs_registers_i/u_mscratch_csr/rdata_q_reg[5]/D
                                0.13         -89.52 f       -89.65  (VIOLATED)
   ibex_top_inst/u_ibex_core/cs_registers_i/u_mscratch_csr/rdata_q_reg[6]/D
                                0.13         -89.52 f       -89.65  (VIOLATED)
   ibex_top_inst/u_ibex_core/cs_registers_i/u_mscratch_csr/rdata_q_reg[7]/D
                                0.13         -89.52 f       -89.65  (VIOLATED)
   ibex_top_inst/u_ibex_core/cs_registers_i/u_mscratch_csr/rdata_q_reg[8]/D
                                0.13         -89.52 f       -89.65  (VIOLATED)
   ibex_top_inst/u_ibex_core/cs_registers_i/u_mscratch_csr/rdata_q_reg[9]/D
                                0.13         -89.52 f       -89.65  (VIOLATED)
   ibex_top_inst/u_ibex_core/cs_registers_i/u_mscratch_csr/rdata_q_reg[10]/D
                                0.13         -89.52 f       -89.65  (VIOLATED)
   ibex_top_inst/u_ibex_core/cs_registers_i/u_mscratch_csr/rdata_q_reg[11]/D
                                0.13         -89.52 f       -89.65  (VIOLATED)
   ibex_top_inst/u_ibex_core/cs_registers_i/u_mscratch_csr/rdata_q_reg[12]/D
                                0.13         -89.52 f       -89.65  (VIOLATED)
   ibex_top_inst/u_ibex_core/cs_registers_i/u_mscratch_csr/rdata_q_reg[13]/D
                                0.13         -89.52 f       -89.65  (VIOLATED)
   ibex_top_inst/u_ibex_core/cs_registers_i/u_mscratch_csr/rdata_q_reg[14]/D
                                0.13         -89.52 f       -89.65  (VIOLATED)
   ibex_top_inst/u_ibex_core/cs_registers_i/u_mscratch_csr/rdata_q_reg[15]/D
                                0.13         -89.52 f       -89.65  (VIOLATED)
   ibex_top_inst/u_ibex_core/cs_registers_i/u_mscratch_csr/rdata_q_reg[16]/D
                                0.13         -89.52 f       -89.65  (VIOLATED)
   ibex_top_inst/u_ibex_core/cs_registers_i/u_mscratch_csr/rdata_q_reg[17]/D
                                0.13         -89.52 f       -89.65  (VIOLATED)
   ibex_top_inst/u_ibex_core/cs_registers_i/u_mscratch_csr/rdata_q_reg[18]/D
                                0.13         -89.52 f       -89.65  (VIOLATED)
   ibex_top_inst/u_ibex_core/cs_registers_i/u_mscratch_csr/rdata_q_reg[19]/D
                                0.13         -89.52 f       -89.65  (VIOLATED)
   ibex_top_inst/u_ibex_core/cs_registers_i/u_mscratch_csr/rdata_q_reg[20]/D
                                0.13         -89.52 f       -89.65  (VIOLATED)
   ibex_top_inst/u_ibex_core/cs_registers_i/u_mscratch_csr/rdata_q_reg[21]/D
                                0.13         -89.52 f       -89.65  (VIOLATED)
   ibex_top_inst/u_ibex_core/cs_registers_i/u_mscratch_csr/rdata_q_reg[22]/D
                                0.13         -89.52 f       -89.65  (VIOLATED)
   ibex_top_inst/u_ibex_core/cs_registers_i/u_mscratch_csr/rdata_q_reg[23]/D
                                0.13         -89.52 f       -89.65  (VIOLATED)
   ibex_top_inst/u_ibex_core/cs_registers_i/u_mscratch_csr/rdata_q_reg[24]/D
                                0.13         -89.52 f       -89.65  (VIOLATED)
   ibex_top_inst/u_ibex_core/cs_registers_i/u_mscratch_csr/rdata_q_reg[25]/D
                                0.13         -89.52 f       -89.65  (VIOLATED)
   ibex_top_inst/u_ibex_core/cs_registers_i/u_mscratch_csr/rdata_q_reg[26]/D
                                0.13         -89.52 f       -89.65  (VIOLATED)
   ibex_top_inst/u_ibex_core/cs_registers_i/u_mscratch_csr/rdata_q_reg[27]/D
                                0.13         -89.52 f       -89.65  (VIOLATED)
   ibex_top_inst/u_ibex_core/cs_registers_i/u_mscratch_csr/rdata_q_reg[28]/D
                                0.13         -89.52 f       -89.65  (VIOLATED)
   ibex_top_inst/u_ibex_core/cs_registers_i/u_mscratch_csr/rdata_q_reg[29]/D
                                0.13         -89.52 f       -89.65  (VIOLATED)
   ibex_top_inst/u_ibex_core/id_stage_i/controller_i/ctrl_fsm_cs_reg[3]/D
                                0.13         -89.52 f       -89.65  (VIOLATED)
   ibex_top_inst/u_ibex_core/cs_registers_i/u_mstatus_csr/rdata_q_reg[4]/D
                                0.12         -89.52 f       -89.65  (VIOLATED)
   ibex_top_inst/u_ibex_core/cs_registers_i/u_mtvec_csr/rdata_q_reg[31]/D
                                0.11         -89.54 r       -89.65  (VIOLATED)
   ibex_top_inst/u_ibex_core/cs_registers_i/u_mtvec_csr/rdata_q_reg[30]/D
                                0.11         -89.54 r       -89.65  (VIOLATED)
   ibex_top_inst/u_ibex_core/cs_registers_i/u_mtvec_csr/rdata_q_reg[29]/D
                                0.11         -89.54 r       -89.65  (VIOLATED)
   ibex_top_inst/u_ibex_core/if_stage_i/pc_id_o_reg[4]/D
                                0.12         -89.52 f       -89.65  (VIOLATED)
   ibex_top_inst/u_ibex_core/if_stage_i/pc_id_o_reg[15]/D
                                0.12         -89.52 f       -89.65  (VIOLATED)
   ibex_top_inst/u_ibex_core/cs_registers_i/u_mtvec_csr/rdata_q_reg[28]/D
                                0.11         -89.54 r       -89.65  (VIOLATED)
   ibex_top_inst/u_ibex_core/cs_registers_i/u_mstatus_csr/rdata_q_reg[2]/D
                                0.13         -89.52 f       -89.65  (VIOLATED)
   ibex_top_inst/u_ibex_core/cs_registers_i/u_mstatus_csr/rdata_q_reg[3]/D
                                0.13         -89.52 f       -89.65  (VIOLATED)
   ibex_top_inst/u_ibex_core/cs_registers_i/u_dcsr_csr/rdata_q_reg[0]/D
                                0.12         -89.52 f       -89.65  (VIOLATED)
   ibex_top_inst/u_ibex_core/cs_registers_i/u_dcsr_csr/rdata_q_reg[1]/D
                                0.12         -89.52 f       -89.65  (VIOLATED)
   ibex_top_inst/u_ibex_core/cs_registers_i/u_mepc_csr/rdata_q_reg[30]/D
                                0.13         -89.51 f       -89.64  (VIOLATED)
   ibex_top_inst/u_ibex_core/cs_registers_i/u_mtval_csr/rdata_q_reg[11]/D
                                0.11         -89.53 r       -89.64  (VIOLATED)
   ibex_top_inst/u_ibex_core/if_stage_i/instr_rdata_id_o_reg[7]/D
                                0.12         -89.52 f       -89.64  (VIOLATED)
   ibex_top_inst/u_ibex_core/cs_registers_i/u_dscratch1_csr/rdata_q_reg[30]/D
                                0.13         -89.51 f       -89.64  (VIOLATED)
   ibex_top_inst/u_ibex_core/cs_registers_i/u_dscratch1_csr/rdata_q_reg[31]/D
                                0.13         -89.51 f       -89.64  (VIOLATED)
   ibex_top_inst/u_ibex_core/cs_registers_i/u_dscratch0_csr/rdata_q_reg[30]/D
                                0.13         -89.51 f       -89.64  (VIOLATED)
   ibex_top_inst/u_ibex_core/cs_registers_i/u_dscratch0_csr/rdata_q_reg[31]/D
                                0.13         -89.51 f       -89.64  (VIOLATED)
   ibex_top_inst/u_ibex_core/cs_registers_i/u_mtval_csr/rdata_q_reg[15]/D
                                0.11         -89.53 r       -89.64  (VIOLATED)
   ibex_top_inst/u_ibex_core/cs_registers_i/u_mtval_csr/rdata_q_reg[17]/D
                                0.11         -89.53 r       -89.64  (VIOLATED)
   ibex_top_inst/u_ibex_core/cs_registers_i/u_mtval_csr/rdata_q_reg[19]/D
                                0.11         -89.53 r       -89.64  (VIOLATED)
   ibex_top_inst/u_ibex_core/cs_registers_i/u_mtval_csr/rdata_q_reg[13]/D
                                0.11         -89.53 r       -89.64  (VIOLATED)
   ibex_top_inst/u_ibex_core/cs_registers_i/mcountinhibit_q_reg[0]/D
                                0.13         -89.51 f       -89.64  (VIOLATED)
   ibex_top_inst/u_ibex_core/cs_registers_i/mcountinhibit_q_reg[2]/D
                                0.13         -89.51 f       -89.64  (VIOLATED)
   ibex_top_inst/u_ibex_core/if_stage_i/instr_rdata_id_o_reg[11]/D
                                0.12         -89.52 f       -89.64  (VIOLATED)
   R_24/D                       0.13         -89.51 f       -89.64  (VIOLATED)
   ibex_top_inst/u_ibex_core/if_stage_i/instr_rdata_id_o_reg[17]/D
                                0.12         -89.51 f       -89.63  (VIOLATED)
   ibex_top_inst/u_ibex_core/if_stage_i/instr_rdata_id_o_reg[19]/D
                                0.12         -89.51 f       -89.63  (VIOLATED)
   ibex_top_inst/u_ibex_core/if_stage_i/instr_rdata_alu_id_o_reg[14]/D
                                0.12         -89.51 f       -89.63  (VIOLATED)
   ibex_top_inst/u_ibex_core/if_stage_i/instr_rdata_id_o_reg[28]/D
                                0.12         -89.51 f       -89.63  (VIOLATED)
   ibex_top_inst/u_ibex_core/if_stage_i/instr_rdata_id_o_reg[29]/D
                                0.12         -89.51 f       -89.63  (VIOLATED)
   ibex_top_inst/u_ibex_core/if_stage_i/instr_rdata_id_o_reg[31]/D
                                0.12         -89.51 f       -89.63  (VIOLATED)
   ibex_top_inst/u_ibex_core/if_stage_i/instr_rdata_alu_id_o_reg[25]/D
                                0.12         -89.51 f       -89.63  (VIOLATED)
   ibex_top_inst/u_ibex_core/if_stage_i/instr_rdata_alu_id_o_reg[27]/D
                                0.12         -89.51 f       -89.63  (VIOLATED)
   ibex_top_inst/u_ibex_core/if_stage_i/instr_rdata_id_o_reg[1]/D
                                0.12         -89.51 f       -89.63  (VIOLATED)
   ibex_top_inst/u_ibex_core/if_stage_i/instr_rdata_id_o_reg[4]/D
                                0.12         -89.51 f       -89.63  (VIOLATED)
   ibex_top_inst/u_ibex_core/if_stage_i/instr_rdata_id_o_reg[5]/D
                                0.12         -89.51 f       -89.63  (VIOLATED)
   ibex_top_inst/u_ibex_core/if_stage_i/instr_rdata_alu_id_o_reg[30]/D
                                0.12         -89.51 f       -89.63  (VIOLATED)
   ibex_top_inst/u_ibex_core/if_stage_i/instr_rdata_id_o_reg[2]/D
                                0.12         -89.51 f       -89.63  (VIOLATED)
   ibex_top_inst/u_ibex_core/if_stage_i/instr_rdata_alu_id_o_reg[28]/D
                                0.12         -89.51 f       -89.63  (VIOLATED)
   ibex_top_inst/u_ibex_core/if_stage_i/instr_rdata_alu_id_o_reg[29]/D
                                0.12         -89.51 f       -89.63  (VIOLATED)
   ibex_top_inst/u_ibex_core/if_stage_i/instr_rdata_alu_id_o_reg[31]/D
                                0.12         -89.51 f       -89.63  (VIOLATED)
   ibex_top_inst/u_ibex_core/if_stage_i/instr_rdata_id_o_reg[3]/D
                                0.12         -89.51 f       -89.63  (VIOLATED)
   ibex_top_inst/u_ibex_core/if_stage_i/instr_rdata_id_o_reg[25]/D
                                0.12         -89.51 f       -89.63  (VIOLATED)
   ibex_top_inst/u_ibex_core/if_stage_i/instr_rdata_id_o_reg[27]/D
                                0.12         -89.51 f       -89.63  (VIOLATED)
   ibex_top_inst/u_ibex_core/cs_registers_i/u_mepc_csr/rdata_q_reg[5]/D
                                0.11         -89.52 r       -89.63  (VIOLATED)
   R_4/D                        0.12         -89.51 f       -89.63  (VIOLATED)
   ibex_top_inst/u_ibex_core/if_stage_i/instr_rdata_id_o_reg[6]/D
                                0.12         -89.51 f       -89.63  (VIOLATED)
   ibex_top_inst/u_ibex_core/if_stage_i/instr_rdata_alu_id_o_reg[12]/D
                                0.12         -89.51 f       -89.63  (VIOLATED)
   R_23/D                       0.12         -89.51 f       -89.63  (VIOLATED)
   ibex_top_inst/u_ibex_core/if_stage_i/instr_rdata_alu_id_o_reg[13]/D
                                0.12         -89.51 f       -89.63  (VIOLATED)
   ibex_top_inst/u_ibex_core/cs_registers_i/u_mepc_csr/rdata_q_reg[11]/D
                                0.11         -89.52 r       -89.63  (VIOLATED)
   ibex_top_inst/u_ibex_core/cs_registers_i/u_mepc_csr/rdata_q_reg[3]/D
                                0.11         -89.52 r       -89.63  (VIOLATED)
   ibex_top_inst/u_ibex_core/cs_registers_i/u_mepc_csr/rdata_q_reg[20]/D
                                0.11         -89.52 r       -89.63  (VIOLATED)
   ibex_top_inst/u_ibex_core/cs_registers_i/u_mepc_csr/rdata_q_reg[29]/D
                                0.11         -89.52 r       -89.63  (VIOLATED)
   R_17/D                       0.12         -89.51 f       -89.63  (VIOLATED)
   ibex_top_inst/u_ibex_core/cs_registers_i/u_mepc_csr/rdata_q_reg[12]/D
                                0.11         -89.52 r       -89.63  (VIOLATED)
   R_20/D                       0.12         -89.51 f       -89.63  (VIOLATED)
   R_0/D                        0.12         -89.51 f       -89.63  (VIOLATED)
   R_2/D                        0.12         -89.51 f       -89.63  (VIOLATED)
   ibex_top_inst/u_ibex_core/cs_registers_i/u_mepc_csr/rdata_q_reg[2]/D
                                0.11         -89.52 r       -89.63  (VIOLATED)
   ibex_top_inst/u_ibex_core/cs_registers_i/u_mepc_csr/rdata_q_reg[7]/D
                                0.11         -89.52 r       -89.63  (VIOLATED)
   R_6/D                        0.12         -89.51 f       -89.63  (VIOLATED)
   ibex_top_inst/u_ibex_core/cs_registers_i/u_mepc_csr/rdata_q_reg[21]/D
                                0.11         -89.52 r       -89.63  (VIOLATED)
   ibex_top_inst/u_ibex_core/cs_registers_i/u_mepc_csr/rdata_q_reg[10]/D
                                0.11         -89.52 r       -89.63  (VIOLATED)
   ibex_top_inst/u_ibex_core/cs_registers_i/u_mepc_csr/rdata_q_reg[17]/D
                                0.11         -89.52 r       -89.63  (VIOLATED)
   ibex_top_inst/u_ibex_core/cs_registers_i/u_mepc_csr/rdata_q_reg[1]/D
                                0.11         -89.52 r       -89.63  (VIOLATED)
   ibex_top_inst/u_ibex_core/cs_registers_i/u_mepc_csr/rdata_q_reg[4]/D
                                0.11         -89.52 r       -89.63  (VIOLATED)
   ibex_top_inst/u_ibex_core/cs_registers_i/u_mepc_csr/rdata_q_reg[9]/D
                                0.11         -89.52 r       -89.63  (VIOLATED)
   ibex_top_inst/u_ibex_core/cs_registers_i/u_mepc_csr/rdata_q_reg[13]/D
                                0.11         -89.52 r       -89.63  (VIOLATED)
   ibex_top_inst/u_ibex_core/cs_registers_i/u_mepc_csr/rdata_q_reg[14]/D
                                0.11         -89.52 r       -89.63  (VIOLATED)
   ibex_top_inst/u_ibex_core/cs_registers_i/u_mepc_csr/rdata_q_reg[15]/D
                                0.11         -89.52 r       -89.63  (VIOLATED)
   ibex_top_inst/u_ibex_core/cs_registers_i/u_mepc_csr/rdata_q_reg[16]/D
                                0.11         -89.52 r       -89.63  (VIOLATED)
   ibex_top_inst/u_ibex_core/cs_registers_i/u_mepc_csr/rdata_q_reg[18]/D
                                0.11         -89.52 r       -89.63  (VIOLATED)
   ibex_top_inst/u_ibex_core/cs_registers_i/u_mepc_csr/rdata_q_reg[22]/D
                                0.11         -89.52 r       -89.63  (VIOLATED)
   ibex_top_inst/u_ibex_core/cs_registers_i/u_mepc_csr/rdata_q_reg[24]/D
                                0.11         -89.52 r       -89.63  (VIOLATED)
   ibex_top_inst/u_ibex_core/cs_registers_i/u_mepc_csr/rdata_q_reg[27]/D
                                0.11         -89.52 r       -89.63  (VIOLATED)
   ibex_top_inst/u_ibex_core/cs_registers_i/u_mepc_csr/rdata_q_reg[8]/D
                                0.11         -89.52 r       -89.63  (VIOLATED)
   ibex_top_inst/u_ibex_core/cs_registers_i/u_mepc_csr/rdata_q_reg[19]/D
                                0.11         -89.52 r       -89.63  (VIOLATED)
   ibex_top_inst/u_ibex_core/cs_registers_i/u_mepc_csr/rdata_q_reg[23]/D
                                0.11         -89.52 r       -89.63  (VIOLATED)
   ibex_top_inst/u_ibex_core/cs_registers_i/u_mepc_csr/rdata_q_reg[25]/D
                                0.11         -89.52 r       -89.63  (VIOLATED)
   ibex_top_inst/u_ibex_core/cs_registers_i/u_mepc_csr/rdata_q_reg[26]/D
                                0.11         -89.52 r       -89.63  (VIOLATED)
   ibex_top_inst/u_ibex_core/cs_registers_i/u_mepc_csr/rdata_q_reg[28]/D
                                0.11         -89.52 r       -89.63  (VIOLATED)
   ibex_top_inst/u_ibex_core/cs_registers_i/u_mepc_csr/rdata_q_reg[6]/D
                                0.11         -89.52 r       -89.63  (VIOLATED)
   R_13/D                       0.12         -89.51 f       -89.63  (VIOLATED)
   R_10/D                       0.12         -89.51 f       -89.63  (VIOLATED)
   R_14/D                       0.12         -89.51 f       -89.63  (VIOLATED)
   ibex_top_inst/u_ibex_core/cs_registers_i/u_mtval_csr/rdata_q_reg[3]/D
                                0.13         -89.50 f       -89.63  (VIOLATED)
   ibex_top_inst/u_ibex_core/cs_registers_i/u_mtval_csr/rdata_q_reg[28]/D
                                0.13         -89.50 f       -89.63  (VIOLATED)
   ibex_top_inst/u_ibex_core/if_stage_i/instr_rdata_id_o_reg[18]/D
                                0.11         -89.52 r       -89.63  (VIOLATED)
   ibex_top_inst/u_ibex_core/if_stage_i/instr_rdata_id_o_reg[8]/D
                                0.12         -89.51 f       -89.63  (VIOLATED)
   ibex_top_inst/u_ibex_core/if_stage_i/instr_fetch_err_plus2_o_reg/D
                                0.12         -89.51 f       -89.63  (VIOLATED)
   ibex_top_inst/u_ibex_core/if_stage_i/instr_rdata_c_id_o_reg[1]/D
                                0.12         -89.51 f       -89.63  (VIOLATED)
   ibex_top_inst/u_ibex_core/if_stage_i/instr_rdata_c_id_o_reg[2]/D
                                0.12         -89.51 f       -89.63  (VIOLATED)
   ibex_top_inst/u_ibex_core/if_stage_i/instr_rdata_c_id_o_reg[3]/D
                                0.12         -89.51 f       -89.63  (VIOLATED)
   ibex_top_inst/u_ibex_core/if_stage_i/instr_rdata_c_id_o_reg[11]/D
                                0.12         -89.51 f       -89.63  (VIOLATED)
   ibex_top_inst/u_ibex_core/if_stage_i/pc_id_o_reg[1]/D
                                0.12         -89.51 f       -89.63  (VIOLATED)
   ibex_top_inst/u_ibex_core/cs_registers_i/u_cpuctrlsts_part_csr/rdata_q_reg[6]/D
                                0.13         -89.50 f       -89.63  (VIOLATED)
   R_5/D                        0.12         -89.50 f       -89.63  (VIOLATED)
   ibex_top_inst/u_ibex_core/if_stage_i/instr_rdata_id_o_reg[21]/D
                                0.12         -89.50 f       -89.63  (VIOLATED)
   ibex_top_inst/u_ibex_core/cs_registers_i/u_mtval_csr/rdata_q_reg[7]/D
                                0.13         -89.50 f       -89.63  (VIOLATED)
   ibex_top_inst/u_ibex_core/cs_registers_i/u_mtval_csr/rdata_q_reg[26]/D
                                0.13         -89.50 f       -89.63  (VIOLATED)
   ibex_top_inst/u_ibex_core/cs_registers_i/u_mie_csr/rdata_q_reg[0]/D
                                0.13         -89.50 f       -89.63  (VIOLATED)
   ibex_top_inst/u_ibex_core/cs_registers_i/u_mie_csr/rdata_q_reg[1]/D
                                0.13         -89.50 f       -89.63  (VIOLATED)
   ibex_top_inst/u_ibex_core/cs_registers_i/u_mie_csr/rdata_q_reg[2]/D
                                0.13         -89.50 f       -89.63  (VIOLATED)
   ibex_top_inst/u_ibex_core/cs_registers_i/u_mie_csr/rdata_q_reg[3]/D
                                0.13         -89.50 f       -89.63  (VIOLATED)
   ibex_top_inst/u_ibex_core/cs_registers_i/u_mie_csr/rdata_q_reg[4]/D
                                0.13         -89.50 f       -89.63  (VIOLATED)
   ibex_top_inst/u_ibex_core/cs_registers_i/u_mie_csr/rdata_q_reg[5]/D
                                0.13         -89.50 f       -89.63  (VIOLATED)
   ibex_top_inst/u_ibex_core/cs_registers_i/u_mie_csr/rdata_q_reg[6]/D
                                0.13         -89.50 f       -89.63  (VIOLATED)
   ibex_top_inst/u_ibex_core/cs_registers_i/u_mie_csr/rdata_q_reg[7]/D
                                0.13         -89.50 f       -89.63  (VIOLATED)
   ibex_top_inst/u_ibex_core/cs_registers_i/u_mie_csr/rdata_q_reg[8]/D
                                0.13         -89.50 f       -89.63  (VIOLATED)
   ibex_top_inst/u_ibex_core/cs_registers_i/u_mie_csr/rdata_q_reg[9]/D
                                0.13         -89.50 f       -89.63  (VIOLATED)
   ibex_top_inst/u_ibex_core/cs_registers_i/u_mie_csr/rdata_q_reg[10]/D
                                0.13         -89.50 f       -89.63  (VIOLATED)
   ibex_top_inst/u_ibex_core/cs_registers_i/u_mie_csr/rdata_q_reg[11]/D
                                0.13         -89.50 f       -89.63  (VIOLATED)
   ibex_top_inst/u_ibex_core/cs_registers_i/u_mie_csr/rdata_q_reg[12]/D
                                0.13         -89.50 f       -89.63  (VIOLATED)
   ibex_top_inst/u_ibex_core/cs_registers_i/u_mie_csr/rdata_q_reg[13]/D
                                0.13         -89.50 f       -89.63  (VIOLATED)
   ibex_top_inst/u_ibex_core/cs_registers_i/u_mie_csr/rdata_q_reg[14]/D
                                0.13         -89.50 f       -89.63  (VIOLATED)
   ibex_top_inst/u_ibex_core/cs_registers_i/u_mie_csr/rdata_q_reg[15]/D
                                0.13         -89.50 f       -89.63  (VIOLATED)
   ibex_top_inst/u_ibex_core/cs_registers_i/u_mie_csr/rdata_q_reg[16]/D
                                0.13         -89.50 f       -89.63  (VIOLATED)
   ibex_top_inst/u_ibex_core/cs_registers_i/u_mie_csr/rdata_q_reg[17]/D
                                0.13         -89.50 f       -89.63  (VIOLATED)
   ibex_top_inst/u_ibex_core/if_stage_i/instr_rdata_id_o_reg[23]/D
                                0.12         -89.50 f       -89.62  (VIOLATED)
   ibex_top_inst/u_ibex_core/if_stage_i/instr_rdata_id_o_reg[10]/D
                                0.12         -89.50 f       -89.62  (VIOLATED)
   R_1/D                        0.13         -89.49 f       -89.62  (VIOLATED)
   ibex_top_inst/u_ibex_core/if_stage_i/instr_rdata_c_id_o_reg[10]/D
                                0.13         -89.49 f       -89.62  (VIOLATED)
   R_12/D                       0.13         -89.48 f       -89.62  (VIOLATED)
   ibex_top_inst/u_ibex_core/cs_registers_i/u_mtvec_csr/rdata_q_reg[20]/D
                                0.11         -89.51 r       -89.62  (VIOLATED)
   ibex_top_inst/u_ibex_core/cs_registers_i/u_mtvec_csr/rdata_q_reg[11]/D
                                0.11         -89.51 r       -89.61  (VIOLATED)
   ibex_top_inst/u_ibex_core/cs_registers_i/u_mtval_csr/rdata_q_reg[20]/D
                                0.11         -89.50 r       -89.61  (VIOLATED)
   ibex_top_inst/u_ibex_core/cs_registers_i/u_mtvec_csr/rdata_q_reg[12]/D
                                0.11         -89.50 r       -89.61  (VIOLATED)
   R_16/D                       0.13         -89.48 f       -89.61  (VIOLATED)
   ibex_top_inst/u_ibex_core/cs_registers_i/u_mtval_csr/rdata_q_reg[12]/D
                                0.11         -89.50 r       -89.61  (VIOLATED)
   ibex_top_inst/u_ibex_core/cs_registers_i/u_mtvec_csr/rdata_q_reg[21]/D
                                0.11         -89.50 r       -89.61  (VIOLATED)
   ibex_top_inst/u_ibex_core/cs_registers_i/u_mtvec_csr/rdata_q_reg[8]/D
                                0.11         -89.50 r       -89.61  (VIOLATED)
   ibex_top_inst/u_ibex_core/cs_registers_i/u_mtvec_csr/rdata_q_reg[17]/D
                                0.11         -89.50 r       -89.61  (VIOLATED)
   ibex_top_inst/u_ibex_core/cs_registers_i/u_mtvec_csr/rdata_q_reg[9]/D
                                0.11         -89.50 r       -89.61  (VIOLATED)
   ibex_top_inst/u_ibex_core/cs_registers_i/u_mtvec_csr/rdata_q_reg[14]/D
                                0.11         -89.50 r       -89.61  (VIOLATED)
   ibex_top_inst/u_ibex_core/cs_registers_i/u_mtvec_csr/rdata_q_reg[13]/D
                                0.11         -89.50 r       -89.61  (VIOLATED)
   ibex_top_inst/u_ibex_core/cs_registers_i/u_mtvec_csr/rdata_q_reg[18]/D
                                0.11         -89.50 r       -89.61  (VIOLATED)
   ibex_top_inst/u_ibex_core/cs_registers_i/u_mtvec_csr/rdata_q_reg[19]/D
                                0.11         -89.50 r       -89.61  (VIOLATED)
   ibex_top_inst/u_ibex_core/cs_registers_i/u_mtvec_csr/rdata_q_reg[22]/D
                                0.11         -89.50 r       -89.61  (VIOLATED)
   ibex_top_inst/u_ibex_core/cs_registers_i/u_mtvec_csr/rdata_q_reg[23]/D
                                0.11         -89.50 r       -89.61  (VIOLATED)
   ibex_top_inst/u_ibex_core/cs_registers_i/u_mtvec_csr/rdata_q_reg[25]/D
                                0.11         -89.50 r       -89.61  (VIOLATED)
   ibex_top_inst/u_ibex_core/cs_registers_i/u_mtvec_csr/rdata_q_reg[26]/D
                                0.11         -89.50 r       -89.61  (VIOLATED)
   ibex_top_inst/u_ibex_core/cs_registers_i/u_mtvec_csr/rdata_q_reg[27]/D
                                0.11         -89.50 r       -89.61  (VIOLATED)
   ibex_top_inst/u_ibex_core/cs_registers_i/u_mtvec_csr/rdata_q_reg[10]/D
                                0.11         -89.50 r       -89.61  (VIOLATED)
   ibex_top_inst/u_ibex_core/cs_registers_i/u_mtvec_csr/rdata_q_reg[16]/D
                                0.11         -89.50 r       -89.61  (VIOLATED)
   ibex_top_inst/u_ibex_core/cs_registers_i/u_mtvec_csr/rdata_q_reg[24]/D
                                0.11         -89.50 r       -89.61  (VIOLATED)
   ibex_top_inst/u_ibex_core/cs_registers_i/u_mtvec_csr/rdata_q_reg[15]/D
                                0.11         -89.50 r       -89.61  (VIOLATED)
   ibex_top_inst/u_ibex_core/cs_registers_i/u_mtval_csr/rdata_q_reg[0]/D
                                0.11         -89.50 r       -89.61  (VIOLATED)
   ibex_top_inst/u_ibex_core/cs_registers_i/u_mtval_csr/rdata_q_reg[31]/D
                                0.11         -89.50 r       -89.61  (VIOLATED)
   ibex_top_inst/u_ibex_core/cs_registers_i/u_mtval_csr/rdata_q_reg[14]/D
                                0.11         -89.50 r       -89.61  (VIOLATED)
   ibex_top_inst/u_ibex_core/cs_registers_i/u_mtval_csr/rdata_q_reg[16]/D
                                0.11         -89.50 r       -89.61  (VIOLATED)
   ibex_top_inst/u_ibex_core/cs_registers_i/u_mtval_csr/rdata_q_reg[18]/D
                                0.11         -89.50 r       -89.61  (VIOLATED)
   ibex_top_inst/u_ibex_core/if_stage_i/instr_fetch_err_o_reg/D
                                0.12         -89.49 f       -89.61  (VIOLATED)
   ibex_top_inst/u_ibex_core/if_stage_i/instr_rdata_c_id_o_reg[4]/D
                                0.12         -89.49 f       -89.61  (VIOLATED)
   ibex_top_inst/u_ibex_core/if_stage_i/instr_rdata_c_id_o_reg[5]/D
                                0.12         -89.49 f       -89.61  (VIOLATED)
   ibex_top_inst/u_ibex_core/if_stage_i/instr_rdata_c_id_o_reg[6]/D
                                0.12         -89.49 f       -89.61  (VIOLATED)
   ibex_top_inst/u_ibex_core/if_stage_i/instr_rdata_c_id_o_reg[7]/D
                                0.12         -89.49 f       -89.61  (VIOLATED)
   ibex_top_inst/u_ibex_core/if_stage_i/instr_rdata_c_id_o_reg[8]/D
                                0.12         -89.49 f       -89.61  (VIOLATED)
   ibex_top_inst/u_ibex_core/if_stage_i/instr_rdata_c_id_o_reg[9]/D
                                0.12         -89.49 f       -89.61  (VIOLATED)
   ibex_top_inst/u_ibex_core/if_stage_i/instr_rdata_c_id_o_reg[12]/D
                                0.12         -89.49 f       -89.61  (VIOLATED)
   ibex_top_inst/u_ibex_core/if_stage_i/instr_rdata_c_id_o_reg[14]/D
                                0.12         -89.49 f       -89.61  (VIOLATED)
   ibex_top_inst/u_ibex_core/if_stage_i/pc_id_o_reg[2]/D
                                0.12         -89.49 f       -89.61  (VIOLATED)
   ibex_top_inst/u_ibex_core/if_stage_i/pc_id_o_reg[5]/D
                                0.12         -89.49 f       -89.61  (VIOLATED)
   ibex_top_inst/u_ibex_core/if_stage_i/pc_id_o_reg[7]/D
                                0.12         -89.49 f       -89.61  (VIOLATED)
   ibex_top_inst/u_ibex_core/if_stage_i/pc_id_o_reg[8]/D
                                0.12         -89.49 f       -89.61  (VIOLATED)
   ibex_top_inst/u_ibex_core/if_stage_i/pc_id_o_reg[9]/D
                                0.12         -89.49 f       -89.61  (VIOLATED)
   ibex_top_inst/u_ibex_core/if_stage_i/pc_id_o_reg[11]/D
                                0.12         -89.49 f       -89.61  (VIOLATED)
   ibex_top_inst/u_ibex_core/if_stage_i/pc_id_o_reg[13]/D
                                0.12         -89.49 f       -89.61  (VIOLATED)
   ibex_top_inst/u_ibex_core/if_stage_i/pc_id_o_reg[14]/D
                                0.12         -89.49 f       -89.61  (VIOLATED)
   ibex_top_inst/u_ibex_core/if_stage_i/pc_id_o_reg[17]/D
                                0.12         -89.49 f       -89.61  (VIOLATED)
   ibex_top_inst/u_ibex_core/if_stage_i/pc_id_o_reg[19]/D
                                0.12         -89.49 f       -89.61  (VIOLATED)
   ibex_top_inst/u_ibex_core/if_stage_i/pc_id_o_reg[23]/D
                                0.12         -89.49 f       -89.61  (VIOLATED)
   ibex_top_inst/u_ibex_core/if_stage_i/pc_id_o_reg[10]/D
                                0.12         -89.49 f       -89.61  (VIOLATED)
   ibex_top_inst/u_ibex_core/if_stage_i/pc_id_o_reg[12]/D
                                0.12         -89.49 f       -89.61  (VIOLATED)
   ibex_top_inst/u_ibex_core/if_stage_i/pc_id_o_reg[20]/D
                                0.12         -89.49 f       -89.61  (VIOLATED)
   ibex_top_inst/u_ibex_core/if_stage_i/pc_id_o_reg[22]/D
                                0.12         -89.49 f       -89.61  (VIOLATED)
   ibex_top_inst/u_ibex_core/if_stage_i/pc_id_o_reg[25]/D
                                0.12         -89.49 f       -89.61  (VIOLATED)
   ibex_top_inst/u_ibex_core/if_stage_i/pc_id_o_reg[26]/D
                                0.12         -89.49 f       -89.61  (VIOLATED)
   ibex_top_inst/u_ibex_core/if_stage_i/pc_id_o_reg[27]/D
                                0.12         -89.49 f       -89.61  (VIOLATED)
   ibex_top_inst/u_ibex_core/if_stage_i/pc_id_o_reg[29]/D
                                0.12         -89.49 f       -89.61  (VIOLATED)
   ibex_top_inst/u_ibex_core/if_stage_i/pc_id_o_reg[31]/D
                                0.12         -89.49 f       -89.61  (VIOLATED)
   ibex_top_inst/u_ibex_core/cs_registers_i/u_dscratch1_csr/rdata_q_reg[0]/D
                                0.13         -89.48 f       -89.61  (VIOLATED)
   ibex_top_inst/u_ibex_core/cs_registers_i/u_dscratch1_csr/rdata_q_reg[1]/D
                                0.13         -89.48 f       -89.61  (VIOLATED)
   ibex_top_inst/u_ibex_core/cs_registers_i/u_dscratch1_csr/rdata_q_reg[2]/D
                                0.13         -89.48 f       -89.61  (VIOLATED)
   ibex_top_inst/u_ibex_core/cs_registers_i/u_dscratch1_csr/rdata_q_reg[3]/D
                                0.13         -89.48 f       -89.61  (VIOLATED)
   ibex_top_inst/u_ibex_core/cs_registers_i/u_dscratch1_csr/rdata_q_reg[4]/D
                                0.13         -89.48 f       -89.61  (VIOLATED)
   ibex_top_inst/u_ibex_core/cs_registers_i/u_dscratch1_csr/rdata_q_reg[5]/D
                                0.13         -89.48 f       -89.61  (VIOLATED)
   ibex_top_inst/u_ibex_core/cs_registers_i/u_dscratch1_csr/rdata_q_reg[6]/D
                                0.13         -89.48 f       -89.61  (VIOLATED)
   ibex_top_inst/u_ibex_core/cs_registers_i/u_dscratch1_csr/rdata_q_reg[7]/D
                                0.13         -89.48 f       -89.61  (VIOLATED)
   ibex_top_inst/u_ibex_core/cs_registers_i/u_dscratch1_csr/rdata_q_reg[8]/D
                                0.13         -89.48 f       -89.61  (VIOLATED)
   ibex_top_inst/u_ibex_core/cs_registers_i/u_dscratch1_csr/rdata_q_reg[9]/D
                                0.13         -89.48 f       -89.61  (VIOLATED)
   ibex_top_inst/u_ibex_core/cs_registers_i/u_dscratch1_csr/rdata_q_reg[10]/D
                                0.13         -89.48 f       -89.61  (VIOLATED)
   ibex_top_inst/u_ibex_core/cs_registers_i/u_dscratch1_csr/rdata_q_reg[11]/D
                                0.13         -89.48 f       -89.61  (VIOLATED)
   ibex_top_inst/u_ibex_core/cs_registers_i/u_dscratch1_csr/rdata_q_reg[12]/D
                                0.13         -89.48 f       -89.61  (VIOLATED)
   ibex_top_inst/u_ibex_core/cs_registers_i/u_dscratch1_csr/rdata_q_reg[13]/D
                                0.13         -89.48 f       -89.61  (VIOLATED)
   ibex_top_inst/u_ibex_core/cs_registers_i/u_dscratch1_csr/rdata_q_reg[14]/D
                                0.13         -89.48 f       -89.61  (VIOLATED)
   ibex_top_inst/u_ibex_core/cs_registers_i/u_dscratch1_csr/rdata_q_reg[15]/D
                                0.13         -89.48 f       -89.61  (VIOLATED)
   ibex_top_inst/u_ibex_core/cs_registers_i/u_dscratch1_csr/rdata_q_reg[16]/D
                                0.13         -89.48 f       -89.61  (VIOLATED)
   ibex_top_inst/u_ibex_core/cs_registers_i/u_dscratch1_csr/rdata_q_reg[17]/D
                                0.13         -89.48 f       -89.61  (VIOLATED)
   ibex_top_inst/u_ibex_core/cs_registers_i/u_dscratch1_csr/rdata_q_reg[18]/D
                                0.13         -89.48 f       -89.61  (VIOLATED)
   ibex_top_inst/u_ibex_core/cs_registers_i/u_dscratch1_csr/rdata_q_reg[19]/D
                                0.13         -89.48 f       -89.61  (VIOLATED)
   ibex_top_inst/u_ibex_core/cs_registers_i/u_dscratch1_csr/rdata_q_reg[20]/D
                                0.13         -89.48 f       -89.61  (VIOLATED)
   ibex_top_inst/u_ibex_core/cs_registers_i/u_dscratch1_csr/rdata_q_reg[21]/D
                                0.13         -89.48 f       -89.61  (VIOLATED)
   ibex_top_inst/u_ibex_core/cs_registers_i/u_dscratch1_csr/rdata_q_reg[22]/D
                                0.13         -89.48 f       -89.61  (VIOLATED)
   ibex_top_inst/u_ibex_core/cs_registers_i/u_dscratch1_csr/rdata_q_reg[23]/D
                                0.13         -89.48 f       -89.61  (VIOLATED)
   ibex_top_inst/u_ibex_core/cs_registers_i/u_dscratch1_csr/rdata_q_reg[24]/D
                                0.13         -89.48 f       -89.61  (VIOLATED)
   ibex_top_inst/u_ibex_core/cs_registers_i/u_dscratch1_csr/rdata_q_reg[25]/D
                                0.13         -89.48 f       -89.61  (VIOLATED)
   ibex_top_inst/u_ibex_core/cs_registers_i/u_dscratch1_csr/rdata_q_reg[26]/D
                                0.13         -89.48 f       -89.61  (VIOLATED)
   ibex_top_inst/u_ibex_core/cs_registers_i/u_dscratch1_csr/rdata_q_reg[27]/D
                                0.13         -89.48 f       -89.61  (VIOLATED)
   ibex_top_inst/u_ibex_core/cs_registers_i/u_dscratch1_csr/rdata_q_reg[28]/D
                                0.13         -89.48 f       -89.61  (VIOLATED)
   ibex_top_inst/u_ibex_core/cs_registers_i/u_dscratch1_csr/rdata_q_reg[29]/D
                                0.13         -89.48 f       -89.61  (VIOLATED)
   ibex_top_inst/u_ibex_core/cs_registers_i/u_dscratch0_csr/rdata_q_reg[0]/D
                                0.13         -89.48 f       -89.61  (VIOLATED)
   ibex_top_inst/u_ibex_core/cs_registers_i/u_dscratch0_csr/rdata_q_reg[1]/D
                                0.13         -89.48 f       -89.61  (VIOLATED)
   ibex_top_inst/u_ibex_core/cs_registers_i/u_dscratch0_csr/rdata_q_reg[2]/D
                                0.13         -89.48 f       -89.61  (VIOLATED)
   ibex_top_inst/u_ibex_core/cs_registers_i/u_dscratch0_csr/rdata_q_reg[3]/D
                                0.13         -89.48 f       -89.61  (VIOLATED)
   ibex_top_inst/u_ibex_core/cs_registers_i/u_dscratch0_csr/rdata_q_reg[4]/D
                                0.13         -89.48 f       -89.61  (VIOLATED)
   ibex_top_inst/u_ibex_core/cs_registers_i/u_dscratch0_csr/rdata_q_reg[5]/D
                                0.13         -89.48 f       -89.61  (VIOLATED)
   ibex_top_inst/u_ibex_core/cs_registers_i/u_dscratch0_csr/rdata_q_reg[6]/D
                                0.13         -89.48 f       -89.61  (VIOLATED)
   ibex_top_inst/u_ibex_core/cs_registers_i/u_dscratch0_csr/rdata_q_reg[7]/D
                                0.13         -89.48 f       -89.61  (VIOLATED)
   ibex_top_inst/u_ibex_core/cs_registers_i/u_dscratch0_csr/rdata_q_reg[8]/D
                                0.13         -89.48 f       -89.61  (VIOLATED)
   ibex_top_inst/u_ibex_core/cs_registers_i/u_dscratch0_csr/rdata_q_reg[9]/D
                                0.13         -89.48 f       -89.61  (VIOLATED)
   ibex_top_inst/u_ibex_core/cs_registers_i/u_dscratch0_csr/rdata_q_reg[10]/D
                                0.13         -89.48 f       -89.61  (VIOLATED)
   ibex_top_inst/u_ibex_core/cs_registers_i/u_dscratch0_csr/rdata_q_reg[11]/D
                                0.13         -89.48 f       -89.61  (VIOLATED)
   ibex_top_inst/u_ibex_core/cs_registers_i/u_dscratch0_csr/rdata_q_reg[12]/D
                                0.13         -89.48 f       -89.61  (VIOLATED)
   ibex_top_inst/u_ibex_core/cs_registers_i/u_dscratch0_csr/rdata_q_reg[13]/D
                                0.13         -89.48 f       -89.61  (VIOLATED)
   ibex_top_inst/u_ibex_core/cs_registers_i/u_dscratch0_csr/rdata_q_reg[14]/D
                                0.13         -89.48 f       -89.61  (VIOLATED)
   ibex_top_inst/u_ibex_core/cs_registers_i/u_dscratch0_csr/rdata_q_reg[15]/D
                                0.13         -89.48 f       -89.61  (VIOLATED)
   ibex_top_inst/u_ibex_core/cs_registers_i/u_dscratch0_csr/rdata_q_reg[16]/D
                                0.13         -89.48 f       -89.61  (VIOLATED)
   ibex_top_inst/u_ibex_core/cs_registers_i/u_dscratch0_csr/rdata_q_reg[17]/D
                                0.13         -89.48 f       -89.61  (VIOLATED)
   ibex_top_inst/u_ibex_core/cs_registers_i/u_dscratch0_csr/rdata_q_reg[18]/D
                                0.13         -89.48 f       -89.61  (VIOLATED)
   ibex_top_inst/u_ibex_core/cs_registers_i/u_dscratch0_csr/rdata_q_reg[19]/D
                                0.13         -89.48 f       -89.61  (VIOLATED)
   ibex_top_inst/u_ibex_core/cs_registers_i/u_dscratch0_csr/rdata_q_reg[20]/D
                                0.13         -89.48 f       -89.61  (VIOLATED)
   ibex_top_inst/u_ibex_core/cs_registers_i/u_dscratch0_csr/rdata_q_reg[21]/D
                                0.13         -89.48 f       -89.61  (VIOLATED)
   ibex_top_inst/u_ibex_core/cs_registers_i/u_dscratch0_csr/rdata_q_reg[22]/D
                                0.13         -89.48 f       -89.61  (VIOLATED)
   ibex_top_inst/u_ibex_core/cs_registers_i/u_dscratch0_csr/rdata_q_reg[23]/D
                                0.13         -89.48 f       -89.61  (VIOLATED)
   ibex_top_inst/u_ibex_core/cs_registers_i/u_dscratch0_csr/rdata_q_reg[24]/D
                                0.13         -89.48 f       -89.61  (VIOLATED)
   ibex_top_inst/u_ibex_core/cs_registers_i/u_dscratch0_csr/rdata_q_reg[25]/D
                                0.13         -89.48 f       -89.61  (VIOLATED)
   ibex_top_inst/u_ibex_core/cs_registers_i/u_dscratch0_csr/rdata_q_reg[26]/D
                                0.13         -89.48 f       -89.61  (VIOLATED)
   ibex_top_inst/u_ibex_core/cs_registers_i/u_dscratch0_csr/rdata_q_reg[27]/D
                                0.13         -89.48 f       -89.61  (VIOLATED)
   ibex_top_inst/u_ibex_core/cs_registers_i/u_dscratch0_csr/rdata_q_reg[28]/D
                                0.13         -89.48 f       -89.61  (VIOLATED)
   ibex_top_inst/u_ibex_core/cs_registers_i/u_dscratch0_csr/rdata_q_reg[29]/D
                                0.13         -89.48 f       -89.61  (VIOLATED)
   ibex_top_inst/u_ibex_core/if_stage_i/gen_prefetch_buffer.prefetch_buffer_i/fifo_i/instr_addr_q_reg[29]/D
                                0.13         -89.48 f       -89.61  (VIOLATED)
   ibex_top_inst/u_ibex_core/cs_registers_i/u_mtval_csr/rdata_q_reg[5]/D
                                0.11         -89.50 r       -89.61  (VIOLATED)
   ibex_top_inst/u_ibex_core/cs_registers_i/u_depc_csr/rdata_q_reg[31]/D
                                0.11         -89.50 r       -89.61  (VIOLATED)
   ibex_top_inst/u_ibex_core/cs_registers_i/u_mtval_csr/rdata_q_reg[2]/D
                                0.11         -89.50 r       -89.61  (VIOLATED)
   ibex_top_inst/u_ibex_core/cs_registers_i/u_mtval_csr/rdata_q_reg[30]/D
                                0.11         -89.50 r       -89.61  (VIOLATED)
   ibex_top_inst/u_ibex_core/cs_registers_i/u_mtval_csr/rdata_q_reg[29]/D
                                0.11         -89.50 r       -89.61  (VIOLATED)
   ibex_top_inst/u_ibex_core/cs_registers_i/u_mtval_csr/rdata_q_reg[6]/D
                                0.11         -89.49 r       -89.60  (VIOLATED)
   ibex_top_inst/u_ibex_core/cs_registers_i/u_mtval_csr/rdata_q_reg[10]/D
                                0.11         -89.49 r       -89.60  (VIOLATED)
   ibex_top_inst/u_ibex_core/cs_registers_i/u_mtval_csr/rdata_q_reg[21]/D
                                0.11         -89.49 r       -89.60  (VIOLATED)
   ibex_top_inst/u_ibex_core/cs_registers_i/u_mtval_csr/rdata_q_reg[4]/D
                                0.11         -89.49 r       -89.60  (VIOLATED)
   ibex_top_inst/u_ibex_core/cs_registers_i/u_mtval_csr/rdata_q_reg[9]/D
                                0.11         -89.49 r       -89.60  (VIOLATED)
   ibex_top_inst/u_ibex_core/cs_registers_i/u_mtval_csr/rdata_q_reg[24]/D
                                0.11         -89.49 r       -89.60  (VIOLATED)
   ibex_top_inst/u_ibex_core/cs_registers_i/u_mtval_csr/rdata_q_reg[1]/D
                                0.11         -89.49 r       -89.60  (VIOLATED)
   ibex_top_inst/u_ibex_core/cs_registers_i/u_mtval_csr/rdata_q_reg[8]/D
                                0.11         -89.49 r       -89.60  (VIOLATED)
   ibex_top_inst/u_ibex_core/cs_registers_i/u_mtval_csr/rdata_q_reg[22]/D
                                0.11         -89.49 r       -89.60  (VIOLATED)
   ibex_top_inst/u_ibex_core/cs_registers_i/u_mtval_csr/rdata_q_reg[23]/D
                                0.11         -89.49 r       -89.60  (VIOLATED)
   ibex_top_inst/u_ibex_core/cs_registers_i/u_mtval_csr/rdata_q_reg[25]/D
                                0.11         -89.49 r       -89.60  (VIOLATED)
   ibex_top_inst/u_ibex_core/cs_registers_i/u_mtval_csr/rdata_q_reg[27]/D
                                0.11         -89.49 r       -89.60  (VIOLATED)
   R_22/D                       0.11         -89.49 r       -89.60  (VIOLATED)
   R_26/D                       0.11         -89.49 r       -89.60  (VIOLATED)
   R_8/D                        0.11         -89.49 r       -89.60  (VIOLATED)
   R_9/D                        0.11         -89.49 r       -89.60  (VIOLATED)
   ibex_top_inst/u_ibex_core/if_stage_i/instr_rdata_id_o_reg[22]/D
                                0.12         -89.48 f       -89.60  (VIOLATED)
   ibex_top_inst/u_ibex_core/if_stage_i/instr_rdata_id_o_reg[24]/D
                                0.12         -89.48 f       -89.60  (VIOLATED)
   ibex_top_inst/u_ibex_core/cs_registers_i/u_mcause_csr/rdata_q_reg[6]/D
                                0.11         -89.49 r       -89.60  (VIOLATED)
   ibex_top_inst/u_ibex_core/cs_registers_i/u_mcause_csr/rdata_q_reg[3]/D
                                0.11         -89.49 r       -89.60  (VIOLATED)
   ibex_top_inst/u_ibex_core/if_stage_i/instr_rdata_id_o_reg[16]/D
                                0.12         -89.47 f       -89.60  (VIOLATED)
   ibex_top_inst/u_ibex_core/cs_registers_i/u_mcause_csr/rdata_q_reg[0]/D
                                0.11         -89.49 r       -89.60  (VIOLATED)
   ibex_top_inst/u_ibex_core/cs_registers_i/u_mcause_csr/rdata_q_reg[2]/D
                                0.11         -89.49 r       -89.60  (VIOLATED)
   ibex_top_inst/u_ibex_core/cs_registers_i/u_mcause_csr/rdata_q_reg[4]/D
                                0.11         -89.49 r       -89.60  (VIOLATED)
   ibex_top_inst/u_ibex_core/cs_registers_i/u_mcause_csr/rdata_q_reg[1]/D
                                0.11         -89.49 r       -89.60  (VIOLATED)
   ibex_top_inst/u_ibex_core/cs_registers_i/u_mcause_csr/rdata_q_reg[5]/D
                                0.11         -89.48 r       -89.59  (VIOLATED)
   ibex_top_inst/u_ibex_core/if_stage_i/gen_prefetch_buffer.prefetch_buffer_i/fifo_i/rdata_q_reg[0][29]/D
                                0.12         -89.46 f       -89.59  (VIOLATED)
   ibex_top_inst/u_ibex_core/if_stage_i/gen_prefetch_buffer.prefetch_buffer_i/fifo_i/rdata_q_reg[0][31]/D
                                0.12         -89.46 f       -89.59  (VIOLATED)
   ibex_top_inst/u_ibex_core/if_stage_i/gen_prefetch_buffer.prefetch_buffer_i/fifo_i/rdata_q_reg[1][1]/D
                                0.12         -89.46 f       -89.59  (VIOLATED)
   ibex_top_inst/u_ibex_core/if_stage_i/gen_prefetch_buffer.prefetch_buffer_i/fifo_i/rdata_q_reg[1][2]/D
                                0.12         -89.46 f       -89.59  (VIOLATED)
   ibex_top_inst/u_ibex_core/if_stage_i/gen_prefetch_buffer.prefetch_buffer_i/fifo_i/rdata_q_reg[1][3]/D
                                0.12         -89.46 f       -89.59  (VIOLATED)
   ibex_top_inst/u_ibex_core/id_stage_i/controller_i/ctrl_fsm_cs_reg[2]/D
                                0.11         -89.47 r       -89.58  (VIOLATED)
   ibex_top_inst/u_ibex_core/if_stage_i/gen_prefetch_buffer.prefetch_buffer_i/fifo_i/rdata_q_reg[0][28]/D
                                0.12         -89.46 f       -89.58  (VIOLATED)
   ibex_top_inst/u_ibex_core/if_stage_i/gen_prefetch_buffer.prefetch_buffer_i/fifo_i/rdata_q_reg[0][30]/D
                                0.12         -89.46 f       -89.58  (VIOLATED)
   ibex_top_inst/u_ibex_core/cs_registers_i/u_depc_csr/rdata_q_reg[30]/D
                                0.13         -89.45 f       -89.58  (VIOLATED)
   ibex_top_inst/u_ibex_core/cs_registers_i/u_depc_csr/rdata_q_reg[3]/D
                                0.11         -89.46 r       -89.57  (VIOLATED)
   ibex_top_inst/u_ibex_core/cs_registers_i/u_depc_csr/rdata_q_reg[11]/D
                                0.11         -89.46 r       -89.57  (VIOLATED)
   ibex_top_inst/u_ibex_core/if_stage_i/gen_prefetch_buffer.prefetch_buffer_i/fifo_i/instr_addr_q_reg[2]/D
                                0.12         -89.45 f       -89.57  (VIOLATED)
   ibex_top_inst/u_ibex_core/if_stage_i/gen_prefetch_buffer.prefetch_buffer_i/fifo_i/instr_addr_q_reg[10]/D
                                0.12         -89.45 f       -89.57  (VIOLATED)
   ibex_top_inst/u_ibex_core/if_stage_i/gen_prefetch_buffer.prefetch_buffer_i/fifo_i/instr_addr_q_reg[11]/D
                                0.12         -89.45 f       -89.57  (VIOLATED)
   ibex_top_inst/u_ibex_core/if_stage_i/gen_prefetch_buffer.prefetch_buffer_i/fifo_i/instr_addr_q_reg[12]/D
                                0.12         -89.45 f       -89.57  (VIOLATED)
   ibex_top_inst/u_ibex_core/if_stage_i/gen_prefetch_buffer.prefetch_buffer_i/fifo_i/instr_addr_q_reg[13]/D
                                0.12         -89.45 f       -89.57  (VIOLATED)
   ibex_top_inst/u_ibex_core/if_stage_i/gen_prefetch_buffer.prefetch_buffer_i/fifo_i/instr_addr_q_reg[14]/D
                                0.12         -89.45 f       -89.57  (VIOLATED)
   ibex_top_inst/u_ibex_core/if_stage_i/gen_prefetch_buffer.prefetch_buffer_i/fifo_i/instr_addr_q_reg[15]/D
                                0.12         -89.45 f       -89.57  (VIOLATED)
   ibex_top_inst/u_ibex_core/if_stage_i/gen_prefetch_buffer.prefetch_buffer_i/fifo_i/instr_addr_q_reg[16]/D
                                0.12         -89.45 f       -89.57  (VIOLATED)
   ibex_top_inst/u_ibex_core/if_stage_i/gen_prefetch_buffer.prefetch_buffer_i/fifo_i/instr_addr_q_reg[17]/D
                                0.12         -89.45 f       -89.57  (VIOLATED)
   ibex_top_inst/u_ibex_core/if_stage_i/gen_prefetch_buffer.prefetch_buffer_i/fifo_i/instr_addr_q_reg[18]/D
                                0.12         -89.45 f       -89.57  (VIOLATED)
   ibex_top_inst/u_ibex_core/cs_registers_i/u_depc_csr/rdata_q_reg[5]/D
                                0.11         -89.46 r       -89.57  (VIOLATED)
   ibex_top_inst/u_ibex_core/if_stage_i/gen_prefetch_buffer.prefetch_buffer_i/fifo_i/instr_addr_q_reg[3]/D
                                0.12         -89.45 f       -89.57  (VIOLATED)
   ibex_top_inst/u_ibex_core/if_stage_i/gen_prefetch_buffer.prefetch_buffer_i/fifo_i/instr_addr_q_reg[4]/D
                                0.12         -89.45 f       -89.57  (VIOLATED)
   ibex_top_inst/u_ibex_core/if_stage_i/gen_prefetch_buffer.prefetch_buffer_i/fifo_i/instr_addr_q_reg[5]/D
                                0.12         -89.45 f       -89.57  (VIOLATED)
   ibex_top_inst/u_ibex_core/if_stage_i/gen_prefetch_buffer.prefetch_buffer_i/fifo_i/instr_addr_q_reg[6]/D
                                0.12         -89.45 f       -89.57  (VIOLATED)
   ibex_top_inst/u_ibex_core/if_stage_i/gen_prefetch_buffer.prefetch_buffer_i/fifo_i/instr_addr_q_reg[7]/D
                                0.12         -89.45 f       -89.57  (VIOLATED)
   ibex_top_inst/u_ibex_core/if_stage_i/gen_prefetch_buffer.prefetch_buffer_i/fifo_i/instr_addr_q_reg[8]/D
                                0.12         -89.45 f       -89.57  (VIOLATED)
   ibex_top_inst/u_ibex_core/if_stage_i/gen_prefetch_buffer.prefetch_buffer_i/fifo_i/instr_addr_q_reg[9]/D
                                0.12         -89.45 f       -89.57  (VIOLATED)
   ibex_top_inst/u_ibex_core/if_stage_i/gen_prefetch_buffer.prefetch_buffer_i/fifo_i/instr_addr_q_reg[30]/D
                                0.12         -89.45 f       -89.57  (VIOLATED)
   ibex_top_inst/u_ibex_core/cs_registers_i/u_depc_csr/rdata_q_reg[20]/D
                                0.11         -89.46 r       -89.57  (VIOLATED)
   ibex_top_inst/u_ibex_core/cs_registers_i/u_depc_csr/rdata_q_reg[29]/D
                                0.11         -89.46 r       -89.57  (VIOLATED)
   ibex_top_inst/u_ibex_core/cs_registers_i/u_depc_csr/rdata_q_reg[12]/D
                                0.11         -89.46 r       -89.57  (VIOLATED)
   ibex_top_inst/u_ibex_core/cs_registers_i/u_depc_csr/rdata_q_reg[2]/D
                                0.11         -89.46 r       -89.57  (VIOLATED)
   ibex_top_inst/u_ibex_core/cs_registers_i/u_depc_csr/rdata_q_reg[6]/D
                                0.11         -89.46 r       -89.57  (VIOLATED)
   ibex_top_inst/u_ibex_core/cs_registers_i/u_depc_csr/rdata_q_reg[8]/D
                                0.11         -89.46 r       -89.57  (VIOLATED)
   ibex_top_inst/u_ibex_core/cs_registers_i/u_depc_csr/rdata_q_reg[7]/D
                                0.11         -89.46 r       -89.57  (VIOLATED)
   ibex_top_inst/u_ibex_core/cs_registers_i/u_depc_csr/rdata_q_reg[9]/D
                                0.11         -89.46 r       -89.57  (VIOLATED)
   ibex_top_inst/u_ibex_core/cs_registers_i/u_depc_csr/rdata_q_reg[14]/D
                                0.11         -89.46 r       -89.57  (VIOLATED)
   ibex_top_inst/u_ibex_core/if_stage_i/instr_rdata_id_o_reg[20]/D
                                0.11         -89.46 r       -89.57  (VIOLATED)
   ibex_top_inst/u_ibex_core/cs_registers_i/u_depc_csr/rdata_q_reg[1]/D
                                0.11         -89.46 r       -89.57  (VIOLATED)
   ibex_top_inst/u_ibex_core/cs_registers_i/u_depc_csr/rdata_q_reg[4]/D
                                0.11         -89.46 r       -89.57  (VIOLATED)
   ibex_top_inst/u_ibex_core/cs_registers_i/u_depc_csr/rdata_q_reg[22]/D
                                0.11         -89.46 r       -89.57  (VIOLATED)
   ibex_top_inst/u_ibex_core/cs_registers_i/u_depc_csr/rdata_q_reg[23]/D
                                0.11         -89.46 r       -89.57  (VIOLATED)
   ibex_top_inst/u_ibex_core/cs_registers_i/u_depc_csr/rdata_q_reg[25]/D
                                0.11         -89.46 r       -89.57  (VIOLATED)
   ibex_top_inst/u_ibex_core/cs_registers_i/u_depc_csr/rdata_q_reg[26]/D
                                0.11         -89.46 r       -89.57  (VIOLATED)
   ibex_top_inst/u_ibex_core/cs_registers_i/u_depc_csr/rdata_q_reg[28]/D
                                0.11         -89.46 r       -89.57  (VIOLATED)
   ibex_top_inst/u_ibex_core/cs_registers_i/u_depc_csr/rdata_q_reg[21]/D
                                0.11         -89.46 r       -89.57  (VIOLATED)
   ibex_top_inst/u_ibex_core/cs_registers_i/u_depc_csr/rdata_q_reg[10]/D
                                0.11         -89.46 r       -89.57  (VIOLATED)
   ibex_top_inst/u_ibex_core/cs_registers_i/u_depc_csr/rdata_q_reg[16]/D
                                0.11         -89.46 r       -89.57  (VIOLATED)
   ibex_top_inst/u_ibex_core/cs_registers_i/u_depc_csr/rdata_q_reg[17]/D
                                0.11         -89.46 r       -89.57  (VIOLATED)
   ibex_top_inst/u_ibex_core/cs_registers_i/u_depc_csr/rdata_q_reg[18]/D
                                0.11         -89.46 r       -89.57  (VIOLATED)
   ibex_top_inst/u_ibex_core/cs_registers_i/u_depc_csr/rdata_q_reg[19]/D
                                0.11         -89.46 r       -89.57  (VIOLATED)
   ibex_top_inst/u_ibex_core/cs_registers_i/u_depc_csr/rdata_q_reg[24]/D
                                0.11         -89.46 r       -89.57  (VIOLATED)
   ibex_top_inst/u_ibex_core/cs_registers_i/u_depc_csr/rdata_q_reg[27]/D
                                0.11         -89.46 r       -89.57  (VIOLATED)
   ibex_top_inst/u_ibex_core/cs_registers_i/u_depc_csr/rdata_q_reg[13]/D
                                0.11         -89.46 r       -89.57  (VIOLATED)
   ibex_top_inst/u_ibex_core/cs_registers_i/u_depc_csr/rdata_q_reg[15]/D
                                0.11         -89.46 r       -89.57  (VIOLATED)
   ibex_top_inst/u_ibex_core/if_stage_i/gen_prefetch_buffer.prefetch_buffer_i/fifo_i/rdata_q_reg[1][30]/D
                                0.11         -89.46 r       -89.57  (VIOLATED)
   ibex_top_inst/u_ibex_core/if_stage_i/gen_prefetch_buffer.prefetch_buffer_i/fifo_i/rdata_q_reg[1][4]/D
                                0.12         -89.44 f       -89.57  (VIOLATED)
   ibex_top_inst/u_ibex_core/if_stage_i/gen_prefetch_buffer.prefetch_buffer_i/fifo_i/rdata_q_reg[1][8]/D
                                0.12         -89.44 f       -89.57  (VIOLATED)
   ibex_top_inst/u_ibex_core/if_stage_i/gen_prefetch_buffer.prefetch_buffer_i/fifo_i/rdata_q_reg[1][9]/D
                                0.12         -89.44 f       -89.57  (VIOLATED)
   ibex_top_inst/u_ibex_core/if_stage_i/gen_prefetch_buffer.prefetch_buffer_i/fifo_i/rdata_q_reg[1][10]/D
                                0.12         -89.44 f       -89.57  (VIOLATED)
   ibex_top_inst/u_ibex_core/if_stage_i/gen_prefetch_buffer.prefetch_buffer_i/fifo_i/rdata_q_reg[1][11]/D
                                0.12         -89.44 f       -89.57  (VIOLATED)
   ibex_top_inst/u_ibex_core/if_stage_i/gen_prefetch_buffer.prefetch_buffer_i/fifo_i/rdata_q_reg[1][12]/D
                                0.12         -89.44 f       -89.57  (VIOLATED)
   ibex_top_inst/u_ibex_core/if_stage_i/gen_prefetch_buffer.prefetch_buffer_i/fifo_i/rdata_q_reg[1][13]/D
                                0.12         -89.44 f       -89.57  (VIOLATED)
   ibex_top_inst/u_ibex_core/if_stage_i/gen_prefetch_buffer.prefetch_buffer_i/fifo_i/rdata_q_reg[1][15]/D
                                0.12         -89.44 f       -89.57  (VIOLATED)
   ibex_top_inst/u_ibex_core/if_stage_i/gen_prefetch_buffer.prefetch_buffer_i/fifo_i/rdata_q_reg[1][16]/D
                                0.12         -89.44 f       -89.57  (VIOLATED)
   ibex_top_inst/u_ibex_core/if_stage_i/gen_prefetch_buffer.prefetch_buffer_i/fifo_i/rdata_q_reg[1][17]/D
                                0.12         -89.44 f       -89.57  (VIOLATED)
   ibex_top_inst/u_ibex_core/if_stage_i/gen_prefetch_buffer.prefetch_buffer_i/fifo_i/rdata_q_reg[1][18]/D
                                0.12         -89.44 f       -89.57  (VIOLATED)
   ibex_top_inst/u_ibex_core/if_stage_i/gen_prefetch_buffer.prefetch_buffer_i/fifo_i/rdata_q_reg[1][19]/D
                                0.12         -89.44 f       -89.57  (VIOLATED)
   ibex_top_inst/u_ibex_core/if_stage_i/gen_prefetch_buffer.prefetch_buffer_i/fifo_i/rdata_q_reg[1][21]/D
                                0.12         -89.44 f       -89.57  (VIOLATED)
   ibex_top_inst/u_ibex_core/if_stage_i/gen_prefetch_buffer.prefetch_buffer_i/fifo_i/rdata_q_reg[1][22]/D
                                0.12         -89.44 f       -89.57  (VIOLATED)
   ibex_top_inst/u_ibex_core/if_stage_i/gen_prefetch_buffer.prefetch_buffer_i/fifo_i/rdata_q_reg[1][24]/D
                                0.12         -89.44 f       -89.57  (VIOLATED)
   ibex_top_inst/u_ibex_core/if_stage_i/gen_prefetch_buffer.prefetch_buffer_i/fifo_i/rdata_q_reg[1][25]/D
                                0.12         -89.44 f       -89.57  (VIOLATED)
   ibex_top_inst/u_ibex_core/if_stage_i/gen_prefetch_buffer.prefetch_buffer_i/fifo_i/rdata_q_reg[1][26]/D
                                0.12         -89.44 f       -89.57  (VIOLATED)
   ibex_top_inst/u_ibex_core/if_stage_i/gen_prefetch_buffer.prefetch_buffer_i/fifo_i/rdata_q_reg[1][27]/D
                                0.12         -89.44 f       -89.57  (VIOLATED)
   ibex_top_inst/u_ibex_core/if_stage_i/gen_prefetch_buffer.prefetch_buffer_i/fifo_i/rdata_q_reg[1][31]/D
                                0.12         -89.44 f       -89.57  (VIOLATED)
   ibex_top_inst/u_ibex_core/if_stage_i/gen_prefetch_buffer.prefetch_buffer_i/fifo_i/rdata_q_reg[1][28]/D
                                0.11         -89.45 r       -89.56  (VIOLATED)
   ibex_top_inst/u_ibex_core/if_stage_i/gen_prefetch_buffer.prefetch_buffer_i/fifo_i/rdata_q_reg[1][29]/D
                                0.11         -89.45 r       -89.56  (VIOLATED)
   ibex_top_inst/u_ibex_core/if_stage_i/gen_prefetch_buffer.prefetch_buffer_i/fifo_i/instr_addr_q_reg[1]/D
                                0.12         -89.44 f       -89.56  (VIOLATED)
   ibex_top_inst/u_ibex_core/if_stage_i/gen_prefetch_buffer.prefetch_buffer_i/fifo_i/instr_addr_q_reg[31]/D
                                0.12         -89.44 f       -89.56  (VIOLATED)
   ibex_top_inst/u_ibex_core/cs_registers_i/mcycle_counter_i/counter_q_reg[30]/D
                                0.11         -89.45 r       -89.56  (VIOLATED)
   ibex_top_inst/u_ibex_core/if_stage_i/gen_prefetch_buffer.prefetch_buffer_i/fifo_i/err_q_reg[1]/D
                                0.12         -89.43 f       -89.56  (VIOLATED)
   ibex_top_inst/u_ibex_core/if_stage_i/gen_prefetch_buffer.prefetch_buffer_i/fifo_i/rdata_q_reg[1][0]/D
                                0.12         -89.43 f       -89.56  (VIOLATED)
   ibex_top_inst/u_ibex_core/if_stage_i/gen_prefetch_buffer.prefetch_buffer_i/fifo_i/rdata_q_reg[1][5]/D
                                0.12         -89.43 f       -89.56  (VIOLATED)
   ibex_top_inst/u_ibex_core/if_stage_i/gen_prefetch_buffer.prefetch_buffer_i/fifo_i/rdata_q_reg[1][6]/D
                                0.12         -89.43 f       -89.56  (VIOLATED)
   ibex_top_inst/u_ibex_core/if_stage_i/gen_prefetch_buffer.prefetch_buffer_i/fifo_i/rdata_q_reg[1][7]/D
                                0.12         -89.43 f       -89.56  (VIOLATED)
   ibex_top_inst/u_ibex_core/if_stage_i/gen_prefetch_buffer.prefetch_buffer_i/fifo_i/rdata_q_reg[1][14]/D
                                0.12         -89.43 f       -89.56  (VIOLATED)
   ibex_top_inst/u_ibex_core/if_stage_i/gen_prefetch_buffer.prefetch_buffer_i/fifo_i/rdata_q_reg[1][20]/D
                                0.12         -89.43 f       -89.56  (VIOLATED)
   ibex_top_inst/u_ibex_core/if_stage_i/gen_prefetch_buffer.prefetch_buffer_i/fifo_i/rdata_q_reg[1][23]/D
                                0.12         -89.43 f       -89.56  (VIOLATED)
   ibex_top_inst/u_ibex_core/if_stage_i/gen_prefetch_buffer.prefetch_buffer_i/fifo_i/rdata_q_reg[0][9]/D
                                0.12         -89.43 f       -89.56  (VIOLATED)
   ibex_top_inst/u_ibex_core/if_stage_i/gen_prefetch_buffer.prefetch_buffer_i/fifo_i/rdata_q_reg[0][10]/D
                                0.12         -89.43 f       -89.56  (VIOLATED)
   ibex_top_inst/u_ibex_core/if_stage_i/gen_prefetch_buffer.prefetch_buffer_i/fifo_i/rdata_q_reg[0][12]/D
                                0.12         -89.43 f       -89.56  (VIOLATED)
   ibex_top_inst/u_ibex_core/if_stage_i/gen_prefetch_buffer.prefetch_buffer_i/fifo_i/rdata_q_reg[0][13]/D
                                0.12         -89.43 f       -89.56  (VIOLATED)
   ibex_top_inst/u_ibex_core/if_stage_i/gen_prefetch_buffer.prefetch_buffer_i/fifo_i/rdata_q_reg[0][14]/D
                                0.12         -89.43 f       -89.56  (VIOLATED)
   ibex_top_inst/u_ibex_core/if_stage_i/gen_prefetch_buffer.prefetch_buffer_i/fifo_i/rdata_q_reg[0][16]/D
                                0.12         -89.43 f       -89.56  (VIOLATED)
   ibex_top_inst/u_ibex_core/if_stage_i/gen_prefetch_buffer.prefetch_buffer_i/fifo_i/rdata_q_reg[0][17]/D
                                0.12         -89.43 f       -89.56  (VIOLATED)
   ibex_top_inst/u_ibex_core/if_stage_i/gen_prefetch_buffer.prefetch_buffer_i/fifo_i/rdata_q_reg[0][18]/D
                                0.12         -89.43 f       -89.56  (VIOLATED)
   ibex_top_inst/u_ibex_core/if_stage_i/gen_prefetch_buffer.prefetch_buffer_i/fifo_i/rdata_q_reg[0][19]/D
                                0.12         -89.43 f       -89.56  (VIOLATED)
   ibex_top_inst/u_ibex_core/if_stage_i/gen_prefetch_buffer.prefetch_buffer_i/fifo_i/rdata_q_reg[0][20]/D
                                0.12         -89.43 f       -89.56  (VIOLATED)
   ibex_top_inst/u_ibex_core/if_stage_i/gen_prefetch_buffer.prefetch_buffer_i/fifo_i/rdata_q_reg[0][21]/D
                                0.12         -89.43 f       -89.56  (VIOLATED)
   ibex_top_inst/u_ibex_core/if_stage_i/gen_prefetch_buffer.prefetch_buffer_i/fifo_i/rdata_q_reg[0][23]/D
                                0.12         -89.43 f       -89.56  (VIOLATED)
   ibex_top_inst/u_ibex_core/if_stage_i/gen_prefetch_buffer.prefetch_buffer_i/fifo_i/rdata_q_reg[0][25]/D
                                0.12         -89.43 f       -89.56  (VIOLATED)
   ibex_top_inst/u_ibex_core/cs_registers_i/mcycle_counter_i/counter_q_reg[29]/D
                                0.11         -89.45 r       -89.56  (VIOLATED)
   ibex_top_inst/u_ibex_core/cs_registers_i/mcycle_counter_i/counter_q_reg[31]/D
                                0.11         -89.45 r       -89.56  (VIOLATED)
   ibex_top_inst/u_ibex_core/if_stage_i/gen_prefetch_buffer.prefetch_buffer_i/fifo_i/rdata_q_reg[0][0]/D
                                0.12         -89.43 f       -89.56  (VIOLATED)
   ibex_top_inst/u_ibex_core/if_stage_i/gen_prefetch_buffer.prefetch_buffer_i/fifo_i/rdata_q_reg[0][1]/D
                                0.12         -89.43 f       -89.56  (VIOLATED)
   ibex_top_inst/u_ibex_core/if_stage_i/gen_prefetch_buffer.prefetch_buffer_i/fifo_i/rdata_q_reg[0][2]/D
                                0.12         -89.43 f       -89.56  (VIOLATED)
   ibex_top_inst/u_ibex_core/if_stage_i/gen_prefetch_buffer.prefetch_buffer_i/fifo_i/rdata_q_reg[0][4]/D
                                0.12         -89.43 f       -89.56  (VIOLATED)
   ibex_top_inst/u_ibex_core/if_stage_i/gen_prefetch_buffer.prefetch_buffer_i/fifo_i/rdata_q_reg[0][8]/D
                                0.12         -89.43 f       -89.55  (VIOLATED)
   ibex_top_inst/u_ibex_core/if_stage_i/gen_prefetch_buffer.prefetch_buffer_i/fifo_i/rdata_q_reg[0][11]/D
                                0.12         -89.43 f       -89.55  (VIOLATED)
   ibex_top_inst/u_ibex_core/if_stage_i/gen_prefetch_buffer.prefetch_buffer_i/fifo_i/rdata_q_reg[0][15]/D
                                0.12         -89.43 f       -89.55  (VIOLATED)
   ibex_top_inst/u_ibex_core/if_stage_i/gen_prefetch_buffer.prefetch_buffer_i/fifo_i/rdata_q_reg[0][22]/D
                                0.12         -89.43 f       -89.55  (VIOLATED)
   ibex_top_inst/u_ibex_core/if_stage_i/gen_prefetch_buffer.prefetch_buffer_i/fifo_i/rdata_q_reg[0][24]/D
                                0.12         -89.43 f       -89.55  (VIOLATED)
   ibex_top_inst/u_ibex_core/if_stage_i/gen_prefetch_buffer.prefetch_buffer_i/fifo_i/rdata_q_reg[0][26]/D
                                0.12         -89.43 f       -89.55  (VIOLATED)
   ibex_top_inst/u_ibex_core/if_stage_i/gen_prefetch_buffer.prefetch_buffer_i/fifo_i/rdata_q_reg[0][27]/D
                                0.12         -89.43 f       -89.55  (VIOLATED)
   ibex_top_inst/u_ibex_core/if_stage_i/gen_prefetch_buffer.prefetch_buffer_i/fifo_i/instr_addr_q_reg[19]/D
                                0.11         -89.44 r       -89.55  (VIOLATED)
   ibex_top_inst/u_ibex_core/if_stage_i/gen_prefetch_buffer.prefetch_buffer_i/fifo_i/err_q_reg[0]/D
                                0.12         -89.43 f       -89.55  (VIOLATED)
   ibex_top_inst/u_ibex_core/if_stage_i/gen_prefetch_buffer.prefetch_buffer_i/fifo_i/rdata_q_reg[0][3]/D
                                0.12         -89.43 f       -89.55  (VIOLATED)
   ibex_top_inst/u_ibex_core/if_stage_i/gen_prefetch_buffer.prefetch_buffer_i/fifo_i/rdata_q_reg[0][5]/D
                                0.12         -89.43 f       -89.55  (VIOLATED)
   ibex_top_inst/u_ibex_core/if_stage_i/gen_prefetch_buffer.prefetch_buffer_i/fifo_i/rdata_q_reg[0][6]/D
                                0.12         -89.43 f       -89.55  (VIOLATED)
   ibex_top_inst/u_ibex_core/if_stage_i/gen_prefetch_buffer.prefetch_buffer_i/fifo_i/rdata_q_reg[0][7]/D
                                0.12         -89.43 f       -89.55  (VIOLATED)
   ibex_top_inst/u_ibex_core/cs_registers_i/minstret_counter_i/counter_q_reg[30]/D
                                0.11         -89.44 r       -89.55  (VIOLATED)
   ibex_top_inst/u_ibex_core/cs_registers_i/minstret_counter_i/counter_q_reg[29]/D
                                0.11         -89.43 r       -89.54  (VIOLATED)
   ibex_top_inst/u_ibex_core/cs_registers_i/minstret_counter_i/counter_q_reg[31]/D
                                0.11         -89.43 r       -89.54  (VIOLATED)
   ibex_top_inst/u_ibex_core/cs_registers_i/mcycle_counter_i/counter_q_reg[2]/D
                                0.13         -89.41 f       -89.54  (VIOLATED)
   ibex_top_inst/u_ibex_core/cs_registers_i/mcycle_counter_i/counter_q_reg[4]/D
                                0.13         -89.41 f       -89.54  (VIOLATED)
   ibex_top_inst/u_ibex_core/cs_registers_i/mcycle_counter_i/counter_q_reg[5]/D
                                0.13         -89.41 f       -89.54  (VIOLATED)
   ibex_top_inst/u_ibex_core/cs_registers_i/mcycle_counter_i/counter_q_reg[6]/D
                                0.13         -89.41 f       -89.54  (VIOLATED)
   ibex_top_inst/u_ibex_core/cs_registers_i/mcycle_counter_i/counter_q_reg[7]/D
                                0.13         -89.41 f       -89.54  (VIOLATED)
   ibex_top_inst/u_ibex_core/cs_registers_i/mcycle_counter_i/counter_q_reg[3]/D
                                0.13         -89.41 f       -89.54  (VIOLATED)
   ibex_top_inst/u_ibex_core/cs_registers_i/mcycle_counter_i/counter_q_reg[8]/D
                                0.13         -89.40 f       -89.53  (VIOLATED)
   ibex_top_inst/u_ibex_core/cs_registers_i/mcycle_counter_i/counter_q_reg[9]/D
                                0.13         -89.40 f       -89.53  (VIOLATED)
   ibex_top_inst/u_ibex_core/cs_registers_i/mcycle_counter_i/counter_q_reg[10]/D
                                0.13         -89.40 f       -89.53  (VIOLATED)
   ibex_top_inst/u_ibex_core/cs_registers_i/mcycle_counter_i/counter_q_reg[13]/D
                                0.13         -89.40 f       -89.53  (VIOLATED)
   ibex_top_inst/u_ibex_core/cs_registers_i/mcycle_counter_i/counter_q_reg[14]/D
                                0.13         -89.40 f       -89.53  (VIOLATED)
   ibex_top_inst/u_ibex_core/cs_registers_i/mcycle_counter_i/counter_q_reg[16]/D
                                0.13         -89.40 f       -89.53  (VIOLATED)
   ibex_top_inst/u_ibex_core/cs_registers_i/mcycle_counter_i/counter_q_reg[20]/D
                                0.13         -89.40 f       -89.53  (VIOLATED)
   ibex_top_inst/u_ibex_core/cs_registers_i/mcycle_counter_i/counter_q_reg[22]/D
                                0.13         -89.40 f       -89.53  (VIOLATED)
   ibex_top_inst/u_ibex_core/cs_registers_i/mcycle_counter_i/counter_q_reg[24]/D
                                0.13         -89.40 f       -89.53  (VIOLATED)
   ibex_top_inst/u_ibex_core/cs_registers_i/mcycle_counter_i/counter_q_reg[25]/D
                                0.13         -89.40 f       -89.53  (VIOLATED)
   ibex_top_inst/u_ibex_core/cs_registers_i/mcycle_counter_i/counter_q_reg[26]/D
                                0.13         -89.40 f       -89.53  (VIOLATED)
   ibex_top_inst/u_ibex_core/cs_registers_i/mcycle_counter_i/counter_q_reg[28]/D
                                0.13         -89.40 f       -89.53  (VIOLATED)
   ibex_top_inst/u_ibex_core/cs_registers_i/mcycle_counter_i/counter_q_reg[32]/D
                                0.13         -89.40 f       -89.53  (VIOLATED)
   ibex_top_inst/u_ibex_core/cs_registers_i/mcycle_counter_i/counter_q_reg[35]/D
                                0.13         -89.40 f       -89.53  (VIOLATED)
   ibex_top_inst/u_ibex_core/cs_registers_i/mcycle_counter_i/counter_q_reg[37]/D
                                0.13         -89.40 f       -89.53  (VIOLATED)
   ibex_top_inst/u_ibex_core/cs_registers_i/mcycle_counter_i/counter_q_reg[40]/D
                                0.13         -89.40 f       -89.53  (VIOLATED)
   ibex_top_inst/u_ibex_core/cs_registers_i/mcycle_counter_i/counter_q_reg[42]/D
                                0.13         -89.40 f       -89.53  (VIOLATED)
   ibex_top_inst/u_ibex_core/cs_registers_i/mcycle_counter_i/counter_q_reg[44]/D
                                0.13         -89.40 f       -89.53  (VIOLATED)
   ibex_top_inst/u_ibex_core/cs_registers_i/mcycle_counter_i/counter_q_reg[45]/D
                                0.13         -89.40 f       -89.53  (VIOLATED)
   ibex_top_inst/u_ibex_core/cs_registers_i/mcycle_counter_i/counter_q_reg[47]/D
                                0.13         -89.40 f       -89.53  (VIOLATED)
   ibex_top_inst/u_ibex_core/cs_registers_i/mcycle_counter_i/counter_q_reg[49]/D
                                0.13         -89.40 f       -89.53  (VIOLATED)
   ibex_top_inst/u_ibex_core/cs_registers_i/mcycle_counter_i/counter_q_reg[51]/D
                                0.13         -89.40 f       -89.53  (VIOLATED)
   ibex_top_inst/u_ibex_core/cs_registers_i/mcycle_counter_i/counter_q_reg[52]/D
                                0.13         -89.40 f       -89.53  (VIOLATED)
   ibex_top_inst/u_ibex_core/cs_registers_i/mcycle_counter_i/counter_q_reg[54]/D
                                0.13         -89.40 f       -89.53  (VIOLATED)
   ibex_top_inst/u_ibex_core/cs_registers_i/mcycle_counter_i/counter_q_reg[55]/D
                                0.13         -89.40 f       -89.53  (VIOLATED)
   ibex_top_inst/u_ibex_core/cs_registers_i/mcycle_counter_i/counter_q_reg[57]/D
                                0.13         -89.40 f       -89.53  (VIOLATED)
   ibex_top_inst/u_ibex_core/cs_registers_i/mcycle_counter_i/counter_q_reg[58]/D
                                0.13         -89.40 f       -89.53  (VIOLATED)
   ibex_top_inst/u_ibex_core/cs_registers_i/mcycle_counter_i/counter_q_reg[59]/D
                                0.13         -89.40 f       -89.53  (VIOLATED)
   ibex_top_inst/u_ibex_core/cs_registers_i/mcycle_counter_i/counter_q_reg[61]/D
                                0.11         -89.42 r       -89.53  (VIOLATED)
   ibex_top_inst/u_ibex_core/cs_registers_i/mcycle_counter_i/counter_q_reg[63]/D
                                0.11         -89.42 r       -89.53  (VIOLATED)
   ibex_top_inst/u_ibex_core/cs_registers_i/mcycle_counter_i/counter_q_reg[62]/D
                                0.11         -89.42 r       -89.53  (VIOLATED)
   ibex_top_inst/u_ibex_core/cs_registers_i/minstret_counter_i/counter_q_reg[61]/D
                                0.11         -89.42 r       -89.53  (VIOLATED)
   ibex_top_inst/u_ibex_core/cs_registers_i/mcycle_counter_i/counter_q_reg[11]/D
                                0.13         -89.40 f       -89.53  (VIOLATED)
   ibex_top_inst/u_ibex_core/cs_registers_i/mcycle_counter_i/counter_q_reg[12]/D
                                0.13         -89.40 f       -89.53  (VIOLATED)
   ibex_top_inst/u_ibex_core/cs_registers_i/mcycle_counter_i/counter_q_reg[15]/D
                                0.13         -89.40 f       -89.53  (VIOLATED)
   ibex_top_inst/u_ibex_core/cs_registers_i/mcycle_counter_i/counter_q_reg[17]/D
                                0.13         -89.40 f       -89.53  (VIOLATED)
   ibex_top_inst/u_ibex_core/cs_registers_i/mcycle_counter_i/counter_q_reg[18]/D
                                0.13         -89.40 f       -89.53  (VIOLATED)
   ibex_top_inst/u_ibex_core/cs_registers_i/mcycle_counter_i/counter_q_reg[19]/D
                                0.13         -89.40 f       -89.53  (VIOLATED)
   ibex_top_inst/u_ibex_core/cs_registers_i/mcycle_counter_i/counter_q_reg[21]/D
                                0.13         -89.40 f       -89.53  (VIOLATED)
   ibex_top_inst/u_ibex_core/cs_registers_i/mcycle_counter_i/counter_q_reg[23]/D
                                0.13         -89.40 f       -89.53  (VIOLATED)
   ibex_top_inst/u_ibex_core/cs_registers_i/mcycle_counter_i/counter_q_reg[27]/D
                                0.13         -89.40 f       -89.53  (VIOLATED)
   ibex_top_inst/u_ibex_core/cs_registers_i/mcycle_counter_i/counter_q_reg[33]/D
                                0.13         -89.40 f       -89.53  (VIOLATED)
   ibex_top_inst/u_ibex_core/cs_registers_i/mcycle_counter_i/counter_q_reg[34]/D
                                0.13         -89.40 f       -89.53  (VIOLATED)
   ibex_top_inst/u_ibex_core/cs_registers_i/mcycle_counter_i/counter_q_reg[36]/D
                                0.13         -89.40 f       -89.53  (VIOLATED)
   ibex_top_inst/u_ibex_core/cs_registers_i/mcycle_counter_i/counter_q_reg[38]/D
                                0.13         -89.40 f       -89.53  (VIOLATED)
   ibex_top_inst/u_ibex_core/cs_registers_i/mcycle_counter_i/counter_q_reg[39]/D
                                0.13         -89.40 f       -89.53  (VIOLATED)
   ibex_top_inst/u_ibex_core/cs_registers_i/mcycle_counter_i/counter_q_reg[41]/D
                                0.13         -89.40 f       -89.53  (VIOLATED)
   ibex_top_inst/u_ibex_core/cs_registers_i/mcycle_counter_i/counter_q_reg[43]/D
                                0.13         -89.40 f       -89.53  (VIOLATED)
   ibex_top_inst/u_ibex_core/cs_registers_i/mcycle_counter_i/counter_q_reg[46]/D
                                0.13         -89.40 f       -89.53  (VIOLATED)
   ibex_top_inst/u_ibex_core/cs_registers_i/mcycle_counter_i/counter_q_reg[48]/D
                                0.13         -89.40 f       -89.53  (VIOLATED)
   ibex_top_inst/u_ibex_core/cs_registers_i/mcycle_counter_i/counter_q_reg[50]/D
                                0.13         -89.40 f       -89.53  (VIOLATED)
   ibex_top_inst/u_ibex_core/cs_registers_i/mcycle_counter_i/counter_q_reg[53]/D
                                0.13         -89.40 f       -89.53  (VIOLATED)
   ibex_top_inst/u_ibex_core/cs_registers_i/minstret_counter_i/counter_q_reg[62]/D
                                0.11         -89.42 r       -89.53  (VIOLATED)
   ibex_top_inst/u_ibex_core/cs_registers_i/minstret_counter_i/counter_q_reg[63]/D
                                0.11         -89.42 r       -89.53  (VIOLATED)
   ibex_top_inst/u_ibex_core/cs_registers_i/mcycle_counter_i/counter_q_reg[1]/D
                                0.13         -89.40 f       -89.53  (VIOLATED)
   ibex_top_inst/u_ibex_core/cs_registers_i/mcycle_counter_i/counter_q_reg[56]/D
                                0.13         -89.40 f       -89.53  (VIOLATED)
   ibex_top_inst/u_ibex_core/cs_registers_i/mcycle_counter_i/counter_q_reg[60]/D
                                0.13         -89.40 f       -89.53  (VIOLATED)
   ibex_top_inst/u_ibex_core/cs_registers_i/mcycle_counter_i/counter_q_reg[0]/D
                                0.13         -89.40 f       -89.53  (VIOLATED)
   ibex_top_inst/u_ibex_core/if_stage_i/gen_prefetch_buffer.prefetch_buffer_i/fifo_i/instr_addr_q_reg[20]/D
                                0.11         -89.42 r       -89.53  (VIOLATED)
   ibex_top_inst/u_ibex_core/if_stage_i/gen_prefetch_buffer.prefetch_buffer_i/fifo_i/instr_addr_q_reg[21]/D
                                0.11         -89.42 r       -89.53  (VIOLATED)
   ibex_top_inst/u_ibex_core/if_stage_i/gen_prefetch_buffer.prefetch_buffer_i/fifo_i/instr_addr_q_reg[22]/D
                                0.11         -89.41 r       -89.52  (VIOLATED)
   ibex_top_inst/u_ibex_core/if_stage_i/gen_prefetch_buffer.prefetch_buffer_i/fifo_i/instr_addr_q_reg[23]/D
                                0.11         -89.41 r       -89.52  (VIOLATED)
   ibex_top_inst/u_ibex_core/if_stage_i/gen_prefetch_buffer.prefetch_buffer_i/fifo_i/instr_addr_q_reg[24]/D
                                0.11         -89.41 r       -89.52  (VIOLATED)
   ibex_top_inst/u_ibex_core/if_stage_i/gen_prefetch_buffer.prefetch_buffer_i/fifo_i/instr_addr_q_reg[25]/D
                                0.11         -89.41 r       -89.52  (VIOLATED)
   ibex_top_inst/u_ibex_core/if_stage_i/gen_prefetch_buffer.prefetch_buffer_i/fifo_i/instr_addr_q_reg[26]/D
                                0.11         -89.41 r       -89.52  (VIOLATED)
   ibex_top_inst/u_ibex_core/if_stage_i/gen_prefetch_buffer.prefetch_buffer_i/fifo_i/instr_addr_q_reg[27]/D
                                0.11         -89.41 r       -89.52  (VIOLATED)
   ibex_top_inst/u_ibex_core/if_stage_i/gen_prefetch_buffer.prefetch_buffer_i/fifo_i/instr_addr_q_reg[28]/D
                                0.11         -89.41 r       -89.52  (VIOLATED)
   ibex_top_inst/u_ibex_core/cs_registers_i/minstret_counter_i/counter_q_reg[5]/D
                                0.13         -89.39 f       -89.52  (VIOLATED)
   ibex_top_inst/u_ibex_core/cs_registers_i/minstret_counter_i/counter_q_reg[7]/D
                                0.13         -89.39 f       -89.52  (VIOLATED)
   ibex_top_inst/u_ibex_core/cs_registers_i/minstret_counter_i/counter_q_reg[8]/D
                                0.13         -89.39 f       -89.52  (VIOLATED)
   ibex_top_inst/u_ibex_core/cs_registers_i/minstret_counter_i/counter_q_reg[3]/D
                                0.13         -89.39 f       -89.52  (VIOLATED)
   ibex_top_inst/u_ibex_core/cs_registers_i/minstret_counter_i/counter_q_reg[4]/D
                                0.13         -89.39 f       -89.52  (VIOLATED)
   ibex_top_inst/u_ibex_core/cs_registers_i/minstret_counter_i/counter_q_reg[6]/D
                                0.13         -89.39 f       -89.52  (VIOLATED)
   ibex_top_inst/u_ibex_core/cs_registers_i/minstret_counter_i/counter_q_reg[10]/D
                                0.11         -89.41 r       -89.52  (VIOLATED)
   ibex_top_inst/u_ibex_core/cs_registers_i/minstret_counter_i/counter_q_reg[11]/D
                                0.11         -89.41 r       -89.52  (VIOLATED)
   ibex_top_inst/u_ibex_core/cs_registers_i/minstret_counter_i/counter_q_reg[13]/D
                                0.11         -89.41 r       -89.52  (VIOLATED)
   ibex_top_inst/u_ibex_core/cs_registers_i/minstret_counter_i/counter_q_reg[15]/D
                                0.11         -89.41 r       -89.52  (VIOLATED)
   ibex_top_inst/u_ibex_core/cs_registers_i/minstret_counter_i/counter_q_reg[16]/D
                                0.11         -89.41 r       -89.52  (VIOLATED)
   ibex_top_inst/u_ibex_core/cs_registers_i/minstret_counter_i/counter_q_reg[18]/D
                                0.11         -89.41 r       -89.52  (VIOLATED)
   ibex_top_inst/u_ibex_core/cs_registers_i/minstret_counter_i/counter_q_reg[19]/D
                                0.11         -89.41 r       -89.52  (VIOLATED)
   ibex_top_inst/u_ibex_core/cs_registers_i/minstret_counter_i/counter_q_reg[20]/D
                                0.11         -89.41 r       -89.52  (VIOLATED)
   ibex_top_inst/u_ibex_core/cs_registers_i/minstret_counter_i/counter_q_reg[28]/D
                                0.11         -89.41 r       -89.52  (VIOLATED)
   ibex_top_inst/u_ibex_core/cs_registers_i/minstret_counter_i/counter_q_reg[12]/D
                                0.11         -89.40 r       -89.51  (VIOLATED)
   ibex_top_inst/u_ibex_core/cs_registers_i/minstret_counter_i/counter_q_reg[2]/D
                                0.11         -89.40 r       -89.51  (VIOLATED)
   ibex_top_inst/u_ibex_core/cs_registers_i/minstret_counter_i/counter_q_reg[9]/D
                                0.13         -89.38 f       -89.51  (VIOLATED)
   ibex_top_inst/u_ibex_core/cs_registers_i/minstret_counter_i/counter_q_reg[14]/D
                                0.13         -89.38 f       -89.51  (VIOLATED)
   ibex_top_inst/u_ibex_core/cs_registers_i/minstret_counter_i/counter_q_reg[17]/D
                                0.13         -89.38 f       -89.51  (VIOLATED)
   ibex_top_inst/u_ibex_core/cs_registers_i/minstret_counter_i/counter_q_reg[21]/D
                                0.13         -89.38 f       -89.51  (VIOLATED)
   ibex_top_inst/u_ibex_core/cs_registers_i/minstret_counter_i/counter_q_reg[22]/D
                                0.13         -89.38 f       -89.51  (VIOLATED)
   ibex_top_inst/u_ibex_core/cs_registers_i/minstret_counter_i/counter_q_reg[23]/D
                                0.13         -89.38 f       -89.51  (VIOLATED)
   ibex_top_inst/u_ibex_core/cs_registers_i/minstret_counter_i/counter_q_reg[24]/D
                                0.13         -89.38 f       -89.51  (VIOLATED)
   ibex_top_inst/u_ibex_core/cs_registers_i/minstret_counter_i/counter_q_reg[25]/D
                                0.13         -89.38 f       -89.51  (VIOLATED)
   ibex_top_inst/u_ibex_core/cs_registers_i/minstret_counter_i/counter_q_reg[26]/D
                                0.13         -89.38 f       -89.51  (VIOLATED)
   ibex_top_inst/u_ibex_core/cs_registers_i/minstret_counter_i/counter_q_reg[27]/D
                                0.13         -89.38 f       -89.51  (VIOLATED)
   ibex_top_inst/u_ibex_core/cs_registers_i/minstret_counter_i/counter_q_reg[36]/D
                                0.13         -89.38 f       -89.51  (VIOLATED)
   ibex_top_inst/u_ibex_core/cs_registers_i/minstret_counter_i/counter_q_reg[37]/D
                                0.13         -89.38 f       -89.51  (VIOLATED)
   ibex_top_inst/u_ibex_core/cs_registers_i/minstret_counter_i/counter_q_reg[39]/D
                                0.13         -89.38 f       -89.51  (VIOLATED)
   ibex_top_inst/u_ibex_core/cs_registers_i/minstret_counter_i/counter_q_reg[40]/D
                                0.13         -89.38 f       -89.51  (VIOLATED)
   ibex_top_inst/u_ibex_core/cs_registers_i/minstret_counter_i/counter_q_reg[41]/D
                                0.13         -89.38 f       -89.51  (VIOLATED)
   ibex_top_inst/u_ibex_core/cs_registers_i/minstret_counter_i/counter_q_reg[43]/D
                                0.13         -89.38 f       -89.51  (VIOLATED)
   ibex_top_inst/u_ibex_core/cs_registers_i/minstret_counter_i/counter_q_reg[46]/D
                                0.13         -89.38 f       -89.51  (VIOLATED)
   ibex_top_inst/u_ibex_core/cs_registers_i/minstret_counter_i/counter_q_reg[48]/D
                                0.13         -89.38 f       -89.51  (VIOLATED)
   ibex_top_inst/u_ibex_core/cs_registers_i/minstret_counter_i/counter_q_reg[49]/D
                                0.13         -89.38 f       -89.51  (VIOLATED)
   ibex_top_inst/u_ibex_core/cs_registers_i/minstret_counter_i/counter_q_reg[50]/D
                                0.13         -89.38 f       -89.51  (VIOLATED)
   ibex_top_inst/u_ibex_core/cs_registers_i/minstret_counter_i/counter_q_reg[53]/D
                                0.13         -89.38 f       -89.51  (VIOLATED)
   ibex_top_inst/u_ibex_core/cs_registers_i/minstret_counter_i/counter_q_reg[55]/D
                                0.13         -89.38 f       -89.51  (VIOLATED)
   ibex_top_inst/u_ibex_core/cs_registers_i/minstret_counter_i/counter_q_reg[57]/D
                                0.13         -89.38 f       -89.51  (VIOLATED)
   ibex_top_inst/u_ibex_core/cs_registers_i/minstret_counter_i/counter_q_reg[34]/D
                                0.13         -89.38 f       -89.51  (VIOLATED)
   ibex_top_inst/u_ibex_core/cs_registers_i/minstret_counter_i/counter_q_reg[35]/D
                                0.13         -89.38 f       -89.51  (VIOLATED)
   ibex_top_inst/u_ibex_core/cs_registers_i/minstret_counter_i/counter_q_reg[38]/D
                                0.13         -89.38 f       -89.51  (VIOLATED)
   ibex_top_inst/u_ibex_core/cs_registers_i/minstret_counter_i/counter_q_reg[42]/D
                                0.13         -89.38 f       -89.51  (VIOLATED)
   ibex_top_inst/u_ibex_core/cs_registers_i/minstret_counter_i/counter_q_reg[44]/D
                                0.13         -89.38 f       -89.51  (VIOLATED)
   ibex_top_inst/u_ibex_core/cs_registers_i/minstret_counter_i/counter_q_reg[45]/D
                                0.13         -89.38 f       -89.51  (VIOLATED)
   ibex_top_inst/u_ibex_core/cs_registers_i/minstret_counter_i/counter_q_reg[47]/D
                                0.13         -89.38 f       -89.51  (VIOLATED)
   ibex_top_inst/u_ibex_core/cs_registers_i/minstret_counter_i/counter_q_reg[51]/D
                                0.13         -89.38 f       -89.51  (VIOLATED)
   ibex_top_inst/u_ibex_core/cs_registers_i/minstret_counter_i/counter_q_reg[52]/D
                                0.13         -89.38 f       -89.51  (VIOLATED)
   ibex_top_inst/u_ibex_core/cs_registers_i/minstret_counter_i/counter_q_reg[54]/D
                                0.13         -89.38 f       -89.51  (VIOLATED)
   ibex_top_inst/u_ibex_core/cs_registers_i/minstret_counter_i/counter_q_reg[56]/D
                                0.13         -89.38 f       -89.51  (VIOLATED)
   ibex_top_inst/u_ibex_core/cs_registers_i/minstret_counter_i/counter_q_reg[59]/D
                                0.13         -89.38 f       -89.51  (VIOLATED)
   ibex_top_inst/u_ibex_core/cs_registers_i/minstret_counter_i/counter_q_reg[58]/D
                                0.13         -89.38 f       -89.51  (VIOLATED)
   ibex_top_inst/u_ibex_core/cs_registers_i/minstret_counter_i/counter_q_reg[60]/D
                                0.13         -89.38 f       -89.51  (VIOLATED)
   ibex_top_inst/u_ibex_core/cs_registers_i/minstret_counter_i/counter_q_reg[0]/D
                                0.13         -89.37 f       -89.51  (VIOLATED)
   ibex_top_inst/u_ibex_core/cs_registers_i/minstret_counter_i/counter_q_reg[1]/D
                                0.13         -89.37 f       -89.50  (VIOLATED)
   ibex_top_inst/u_ibex_core/cs_registers_i/minstret_counter_i/counter_q_reg[32]/D
                                0.13         -89.37 f       -89.50  (VIOLATED)
   ibex_top_inst/u_ibex_core/cs_registers_i/minstret_counter_i/counter_q_reg[33]/D
                                0.13         -89.37 f       -89.50  (VIOLATED)
   ibex_top_inst/u_ibex_core/id_stage_i/id_fsm_q_reg/D
                                0.13         -87.21 f       -87.34  (VIOLATED)
   ibex_top_inst/u_ibex_core/id_stage_i/controller_i/illegal_insn_q_reg/D
                                0.11         -87.22 r       -87.33  (VIOLATED)
   ibex_top_inst/u_ibex_core/id_stage_i/controller_i/exc_req_q_reg/D
                                0.11         -87.20 r       -87.31  (VIOLATED)
   ibex_top_inst/u_ibex_core/load_store_unit_i/data_we_q_reg/D
                                0.13         -87.14 f       -87.27  (VIOLATED)
   ibex_top_inst/u_ibex_core/ex_block_i/gen_multdiv_fast.multdiv_i/md_state_q_reg[0]/D
                                0.13         -87.11 f       -87.24  (VIOLATED)
   ibex_top_inst/u_ibex_core/ex_block_i/gen_multdiv_fast.multdiv_i/gen_mult_single_cycle.mult_state_q_reg/D
                                0.13         -87.08 f       -87.21  (VIOLATED)
   ibex_top_inst/u_ibex_core/if_stage_i/gen_prefetch_buffer.prefetch_buffer_i/stored_addr_q_reg[4]/D
                                0.11         -87.10 r       -87.21  (VIOLATED)
   ibex_top_inst/u_ibex_core/if_stage_i/gen_prefetch_buffer.prefetch_buffer_i/stored_addr_q_reg[10]/D
                                0.11         -87.10 r       -87.21  (VIOLATED)
   ibex_top_inst/u_ibex_core/if_stage_i/gen_prefetch_buffer.prefetch_buffer_i/stored_addr_q_reg[19]/D
                                0.11         -87.10 r       -87.21  (VIOLATED)
   ibex_top_inst/u_ibex_core/if_stage_i/gen_prefetch_buffer.prefetch_buffer_i/stored_addr_q_reg[23]/D
                                0.11         -87.10 r       -87.21  (VIOLATED)
   ibex_top_inst/u_ibex_core/if_stage_i/gen_prefetch_buffer.prefetch_buffer_i/stored_addr_q_reg[28]/D
                                0.11         -87.10 r       -87.21  (VIOLATED)
   ibex_top_inst/u_ibex_core/if_stage_i/gen_prefetch_buffer.prefetch_buffer_i/fetch_addr_q_reg[4]/D
                                0.12         -87.08 f       -87.21  (VIOLATED)
   ibex_top_inst/u_ibex_core/if_stage_i/gen_prefetch_buffer.prefetch_buffer_i/fetch_addr_q_reg[10]/D
                                0.12         -87.08 f       -87.21  (VIOLATED)
   ibex_top_inst/u_ibex_core/if_stage_i/gen_prefetch_buffer.prefetch_buffer_i/fetch_addr_q_reg[19]/D
                                0.12         -87.08 f       -87.21  (VIOLATED)
   ibex_top_inst/u_ibex_core/if_stage_i/gen_prefetch_buffer.prefetch_buffer_i/fetch_addr_q_reg[23]/D
                                0.12         -87.08 f       -87.21  (VIOLATED)
   ibex_top_inst/u_ibex_core/if_stage_i/gen_prefetch_buffer.prefetch_buffer_i/fetch_addr_q_reg[28]/D
                                0.12         -87.08 f       -87.21  (VIOLATED)
   ibex_top_inst/u_ibex_core/ex_block_i/gen_multdiv_fast.multdiv_i/div_by_zero_q_reg/D
                                0.13         -87.05 f       -87.19  (VIOLATED)
   ibex_top_inst/u_ibex_core/ex_block_i/gen_multdiv_fast.multdiv_i/md_state_q_reg[2]/D
                                0.13         -87.05 f       -87.18  (VIOLATED)
   ibex_top_inst/u_ibex_core/if_stage_i/gen_prefetch_buffer.prefetch_buffer_i/fetch_addr_q_reg[5]/D
                                0.12         -87.05 f       -87.18  (VIOLATED)
   ibex_top_inst/u_ibex_core/if_stage_i/gen_prefetch_buffer.prefetch_buffer_i/fetch_addr_q_reg[11]/D
                                0.12         -87.05 f       -87.18  (VIOLATED)
   ibex_top_inst/u_ibex_core/if_stage_i/gen_prefetch_buffer.prefetch_buffer_i/fetch_addr_q_reg[20]/D
                                0.12         -87.05 f       -87.18  (VIOLATED)
   ibex_top_inst/u_ibex_core/if_stage_i/gen_prefetch_buffer.prefetch_buffer_i/fetch_addr_q_reg[24]/D
                                0.12         -87.05 f       -87.18  (VIOLATED)
   ibex_top_inst/u_ibex_core/if_stage_i/gen_prefetch_buffer.prefetch_buffer_i/fetch_addr_q_reg[29]/D
                                0.12         -87.05 f       -87.18  (VIOLATED)
   ibex_top_inst/u_ibex_core/ex_block_i/gen_multdiv_fast.multdiv_i/div_counter_q_reg[1]/D
                                0.13         -87.05 f       -87.18  (VIOLATED)
   ibex_top_inst/u_ibex_core/ex_block_i/gen_multdiv_fast.multdiv_i/div_counter_q_reg[0]/D
                                0.13         -87.05 f       -87.18  (VIOLATED)
   ibex_top_inst/u_ibex_core/ex_block_i/gen_multdiv_fast.multdiv_i/div_counter_q_reg[2]/D
                                0.13         -87.05 f       -87.18  (VIOLATED)
   ibex_top_inst/u_ibex_core/ex_block_i/gen_multdiv_fast.multdiv_i/div_counter_q_reg[3]/D
                                0.13         -87.05 f       -87.18  (VIOLATED)
   ibex_top_inst/u_ibex_core/ex_block_i/gen_multdiv_fast.multdiv_i/div_counter_q_reg[4]/D
                                0.13         -87.05 f       -87.18  (VIOLATED)
   ibex_top_inst/u_ibex_core/id_stage_i/imd_val_q_reg[0][30]/D
                                0.13         -87.05 f       -87.18  (VIOLATED)
   ibex_top_inst/u_ibex_core/id_stage_i/imd_val_q_reg[0][31]/D
                                0.13         -87.05 f       -87.18  (VIOLATED)
   ibex_top_inst/u_ibex_core/id_stage_i/imd_val_q_reg[0][32]/D
                                0.13         -87.05 f       -87.18  (VIOLATED)
   ibex_top_inst/u_ibex_core/id_stage_i/imd_val_q_reg[0][33]/D
                                0.13         -87.05 f       -87.18  (VIOLATED)
   ibex_top_inst/u_ibex_core/id_stage_i/imd_val_q_reg[1][30]/D
                                0.13         -87.04 f       -87.17  (VIOLATED)
   ibex_top_inst/u_ibex_core/id_stage_i/imd_val_q_reg[1][31]/D
                                0.13         -87.04 f       -87.17  (VIOLATED)
   ibex_top_inst/u_ibex_core/ex_block_i/gen_multdiv_fast.multdiv_i/md_state_q_reg[1]/D
                                0.13         -87.03 f       -87.17  (VIOLATED)
   ibex_top_inst/u_ibex_core/if_stage_i/gen_prefetch_buffer.prefetch_buffer_i/discard_req_q_reg/D
                                0.13         -87.03 f       -87.17  (VIOLATED)
   ibex_top_inst/u_ibex_core/load_store_unit_i/lsu_err_q_reg/D
                                0.13         -87.03 f       -87.16  (VIOLATED)
   ibex_top_inst/u_ibex_core/ex_block_i/gen_multdiv_fast.multdiv_i/op_quotient_q_reg[4]/D
                                0.13         -87.03 f       -87.16  (VIOLATED)
   ibex_top_inst/u_ibex_core/ex_block_i/gen_multdiv_fast.multdiv_i/op_quotient_q_reg[12]/D
                                0.13         -87.03 f       -87.16  (VIOLATED)
   ibex_top_inst/u_ibex_core/ex_block_i/gen_multdiv_fast.multdiv_i/op_quotient_q_reg[28]/D
                                0.13         -87.03 f       -87.16  (VIOLATED)
   ibex_top_inst/u_ibex_core/load_store_unit_i/ls_fsm_cs_reg[0]/D
                                0.13         -87.02 f       -87.15  (VIOLATED)
   ibex_top_inst/u_ibex_core/load_store_unit_i/ls_fsm_cs_reg[1]/D
                                0.13         -87.02 f       -87.15  (VIOLATED)
   ibex_top_inst/u_ibex_core/if_stage_i/gen_prefetch_buffer.prefetch_buffer_i/fetch_addr_q_reg[6]/D
                                0.12         -87.02 f       -87.15  (VIOLATED)
   ibex_top_inst/u_ibex_core/if_stage_i/gen_prefetch_buffer.prefetch_buffer_i/fetch_addr_q_reg[12]/D
                                0.12         -87.02 f       -87.15  (VIOLATED)
   ibex_top_inst/u_ibex_core/if_stage_i/gen_prefetch_buffer.prefetch_buffer_i/fetch_addr_q_reg[21]/D
                                0.12         -87.02 f       -87.15  (VIOLATED)
   ibex_top_inst/u_ibex_core/if_stage_i/gen_prefetch_buffer.prefetch_buffer_i/fetch_addr_q_reg[25]/D
                                0.12         -87.02 f       -87.15  (VIOLATED)
   ibex_top_inst/u_ibex_core/if_stage_i/gen_prefetch_buffer.prefetch_buffer_i/fetch_addr_q_reg[30]/D
                                0.12         -87.02 f       -87.15  (VIOLATED)
   ibex_top_inst/u_ibex_core/id_stage_i/imd_val_q_reg[0][0]/D
                                0.13         -87.01 f       -87.15  (VIOLATED)
   ibex_top_inst/u_ibex_core/id_stage_i/imd_val_q_reg[0][1]/D
                                0.13         -87.01 f       -87.15  (VIOLATED)
   ibex_top_inst/u_ibex_core/id_stage_i/imd_val_q_reg[0][2]/D
                                0.13         -87.01 f       -87.15  (VIOLATED)
   ibex_top_inst/u_ibex_core/id_stage_i/imd_val_q_reg[0][3]/D
                                0.13         -87.01 f       -87.15  (VIOLATED)
   ibex_top_inst/u_ibex_core/id_stage_i/imd_val_q_reg[0][4]/D
                                0.13         -87.01 f       -87.15  (VIOLATED)
   ibex_top_inst/u_ibex_core/id_stage_i/imd_val_q_reg[0][5]/D
                                0.13         -87.01 f       -87.15  (VIOLATED)
   ibex_top_inst/u_ibex_core/id_stage_i/imd_val_q_reg[0][6]/D
                                0.13         -87.01 f       -87.15  (VIOLATED)
   ibex_top_inst/u_ibex_core/id_stage_i/imd_val_q_reg[0][7]/D
                                0.13         -87.01 f       -87.15  (VIOLATED)
   ibex_top_inst/u_ibex_core/id_stage_i/imd_val_q_reg[0][8]/D
                                0.13         -87.01 f       -87.15  (VIOLATED)
   ibex_top_inst/u_ibex_core/id_stage_i/imd_val_q_reg[0][9]/D
                                0.13         -87.01 f       -87.15  (VIOLATED)
   ibex_top_inst/u_ibex_core/id_stage_i/imd_val_q_reg[0][10]/D
                                0.13         -87.01 f       -87.14  (VIOLATED)
   ibex_top_inst/u_ibex_core/id_stage_i/imd_val_q_reg[0][11]/D
                                0.13         -87.01 f       -87.14  (VIOLATED)
   ibex_top_inst/u_ibex_core/id_stage_i/imd_val_q_reg[0][12]/D
                                0.13         -87.01 f       -87.14  (VIOLATED)
   ibex_top_inst/u_ibex_core/id_stage_i/imd_val_q_reg[0][13]/D
                                0.13         -87.01 f       -87.14  (VIOLATED)
   ibex_top_inst/u_ibex_core/id_stage_i/imd_val_q_reg[0][14]/D
                                0.13         -87.01 f       -87.14  (VIOLATED)
   ibex_top_inst/u_ibex_core/id_stage_i/imd_val_q_reg[0][15]/D
                                0.13         -87.01 f       -87.14  (VIOLATED)
   ibex_top_inst/u_ibex_core/id_stage_i/imd_val_q_reg[0][16]/D
                                0.13         -87.01 f       -87.14  (VIOLATED)
   ibex_top_inst/u_ibex_core/id_stage_i/imd_val_q_reg[0][17]/D
                                0.13         -87.01 f       -87.14  (VIOLATED)
   ibex_top_inst/u_ibex_core/id_stage_i/imd_val_q_reg[0][18]/D
                                0.13         -87.01 f       -87.14  (VIOLATED)
   ibex_top_inst/u_ibex_core/id_stage_i/imd_val_q_reg[0][19]/D
                                0.13         -87.01 f       -87.14  (VIOLATED)
   ibex_top_inst/u_ibex_core/id_stage_i/imd_val_q_reg[0][20]/D
                                0.13         -87.01 f       -87.14  (VIOLATED)
   ibex_top_inst/u_ibex_core/id_stage_i/imd_val_q_reg[0][21]/D
                                0.13         -87.01 f       -87.14  (VIOLATED)
   ibex_top_inst/u_ibex_core/id_stage_i/imd_val_q_reg[0][22]/D
                                0.13         -87.01 f       -87.14  (VIOLATED)
   ibex_top_inst/u_ibex_core/id_stage_i/imd_val_q_reg[0][23]/D
                                0.13         -87.01 f       -87.14  (VIOLATED)
   ibex_top_inst/u_ibex_core/id_stage_i/imd_val_q_reg[0][24]/D
                                0.13         -87.01 f       -87.14  (VIOLATED)
   ibex_top_inst/u_ibex_core/id_stage_i/imd_val_q_reg[0][25]/D
                                0.13         -87.01 f       -87.14  (VIOLATED)
   ibex_top_inst/u_ibex_core/id_stage_i/imd_val_q_reg[0][26]/D
                                0.13         -87.01 f       -87.14  (VIOLATED)
   ibex_top_inst/u_ibex_core/id_stage_i/imd_val_q_reg[0][27]/D
                                0.13         -87.01 f       -87.14  (VIOLATED)
   ibex_top_inst/u_ibex_core/id_stage_i/imd_val_q_reg[0][28]/D
                                0.13         -87.01 f       -87.14  (VIOLATED)
   ibex_top_inst/u_ibex_core/id_stage_i/imd_val_q_reg[0][29]/D
                                0.13         -87.01 f       -87.14  (VIOLATED)
   ibex_top_inst/u_ibex_core/if_stage_i/gen_prefetch_buffer.prefetch_buffer_i/stored_addr_q_reg[8]/D
                                0.11         -87.03 r       -87.14  (VIOLATED)
   ibex_top_inst/u_ibex_core/if_stage_i/gen_prefetch_buffer.prefetch_buffer_i/stored_addr_q_reg[12]/D
                                0.11         -87.03 r       -87.14  (VIOLATED)
   ibex_top_inst/u_ibex_core/if_stage_i/gen_prefetch_buffer.prefetch_buffer_i/stored_addr_q_reg[14]/D
                                0.11         -87.03 r       -87.14  (VIOLATED)
   ibex_top_inst/u_ibex_core/if_stage_i/gen_prefetch_buffer.prefetch_buffer_i/stored_addr_q_reg[17]/D
                                0.11         -87.03 r       -87.14  (VIOLATED)
   ibex_top_inst/u_ibex_core/if_stage_i/gen_prefetch_buffer.prefetch_buffer_i/stored_addr_q_reg[21]/D
                                0.11         -87.03 r       -87.14  (VIOLATED)
   ibex_top_inst/u_ibex_core/if_stage_i/gen_prefetch_buffer.prefetch_buffer_i/stored_addr_q_reg[26]/D
                                0.11         -87.03 r       -87.14  (VIOLATED)
   ibex_top_inst/u_ibex_core/if_stage_i/gen_prefetch_buffer.prefetch_buffer_i/stored_addr_q_reg[30]/D
                                0.11         -87.03 r       -87.14  (VIOLATED)
   ibex_top_inst/u_ibex_core/if_stage_i/gen_prefetch_buffer.prefetch_buffer_i/stored_addr_q_reg[2]/D
                                0.11         -87.03 r       -87.14  (VIOLATED)
   ibex_top_inst/u_ibex_core/if_stage_i/gen_prefetch_buffer.prefetch_buffer_i/fetch_addr_q_reg[2]/D
                                0.12         -87.02 f       -87.14  (VIOLATED)
   ibex_top_inst/u_ibex_core/if_stage_i/gen_prefetch_buffer.prefetch_buffer_i/fetch_addr_q_reg[8]/D
                                0.12         -87.01 f       -87.14  (VIOLATED)
   ibex_top_inst/u_ibex_core/if_stage_i/gen_prefetch_buffer.prefetch_buffer_i/fetch_addr_q_reg[14]/D
                                0.12         -87.01 f       -87.14  (VIOLATED)
   ibex_top_inst/u_ibex_core/if_stage_i/gen_prefetch_buffer.prefetch_buffer_i/fetch_addr_q_reg[17]/D
                                0.12         -87.01 f       -87.14  (VIOLATED)
   ibex_top_inst/u_ibex_core/if_stage_i/gen_prefetch_buffer.prefetch_buffer_i/fetch_addr_q_reg[26]/D
                                0.12         -87.01 f       -87.14  (VIOLATED)
   ibex_top_inst/u_ibex_core/id_stage_i/imd_val_q_reg[1][0]/D
                                0.13         -87.00 f       -87.14  (VIOLATED)
   ibex_top_inst/u_ibex_core/id_stage_i/imd_val_q_reg[1][1]/D
                                0.13         -87.00 f       -87.14  (VIOLATED)
   ibex_top_inst/u_ibex_core/id_stage_i/imd_val_q_reg[1][2]/D
                                0.13         -87.00 f       -87.14  (VIOLATED)
   ibex_top_inst/u_ibex_core/id_stage_i/imd_val_q_reg[1][3]/D
                                0.13         -87.00 f       -87.14  (VIOLATED)
   ibex_top_inst/u_ibex_core/id_stage_i/imd_val_q_reg[1][4]/D
                                0.13         -87.00 f       -87.14  (VIOLATED)
   ibex_top_inst/u_ibex_core/id_stage_i/imd_val_q_reg[1][5]/D
                                0.13         -87.00 f       -87.14  (VIOLATED)
   ibex_top_inst/u_ibex_core/id_stage_i/imd_val_q_reg[1][6]/D
                                0.13         -87.00 f       -87.14  (VIOLATED)
   ibex_top_inst/u_ibex_core/id_stage_i/imd_val_q_reg[1][7]/D
                                0.13         -87.00 f       -87.14  (VIOLATED)
   ibex_top_inst/u_ibex_core/id_stage_i/imd_val_q_reg[1][8]/D
                                0.13         -87.00 f       -87.14  (VIOLATED)
   ibex_top_inst/u_ibex_core/id_stage_i/imd_val_q_reg[1][9]/D
                                0.13         -87.00 f       -87.14  (VIOLATED)
   ibex_top_inst/u_ibex_core/id_stage_i/imd_val_q_reg[1][10]/D
                                0.13         -87.00 f       -87.14  (VIOLATED)
   ibex_top_inst/u_ibex_core/id_stage_i/imd_val_q_reg[1][11]/D
                                0.13         -87.00 f       -87.14  (VIOLATED)
   ibex_top_inst/u_ibex_core/id_stage_i/imd_val_q_reg[1][12]/D
                                0.13         -87.00 f       -87.14  (VIOLATED)
   ibex_top_inst/u_ibex_core/id_stage_i/imd_val_q_reg[1][13]/D
                                0.13         -87.00 f       -87.14  (VIOLATED)
   ibex_top_inst/u_ibex_core/id_stage_i/imd_val_q_reg[1][14]/D
                                0.13         -87.00 f       -87.14  (VIOLATED)
   ibex_top_inst/u_ibex_core/id_stage_i/imd_val_q_reg[1][15]/D
                                0.13         -87.00 f       -87.14  (VIOLATED)
   ibex_top_inst/u_ibex_core/id_stage_i/imd_val_q_reg[1][16]/D
                                0.13         -87.00 f       -87.14  (VIOLATED)
   ibex_top_inst/u_ibex_core/id_stage_i/imd_val_q_reg[1][17]/D
                                0.13         -87.00 f       -87.14  (VIOLATED)
   ibex_top_inst/u_ibex_core/id_stage_i/imd_val_q_reg[1][18]/D
                                0.13         -87.00 f       -87.14  (VIOLATED)
   ibex_top_inst/u_ibex_core/id_stage_i/imd_val_q_reg[1][19]/D
                                0.13         -87.00 f       -87.14  (VIOLATED)
   ibex_top_inst/u_ibex_core/id_stage_i/imd_val_q_reg[1][20]/D
                                0.13         -87.00 f       -87.14  (VIOLATED)
   ibex_top_inst/u_ibex_core/id_stage_i/imd_val_q_reg[1][21]/D
                                0.13         -87.00 f       -87.14  (VIOLATED)
   ibex_top_inst/u_ibex_core/id_stage_i/imd_val_q_reg[1][22]/D
                                0.13         -87.00 f       -87.14  (VIOLATED)
   ibex_top_inst/u_ibex_core/id_stage_i/imd_val_q_reg[1][23]/D
                                0.13         -87.00 f       -87.14  (VIOLATED)
   ibex_top_inst/u_ibex_core/id_stage_i/imd_val_q_reg[1][24]/D
                                0.13         -87.00 f       -87.14  (VIOLATED)
   ibex_top_inst/u_ibex_core/id_stage_i/imd_val_q_reg[1][25]/D
                                0.13         -87.00 f       -87.14  (VIOLATED)
   ibex_top_inst/u_ibex_core/id_stage_i/imd_val_q_reg[1][26]/D
                                0.13         -87.00 f       -87.14  (VIOLATED)
   ibex_top_inst/u_ibex_core/id_stage_i/imd_val_q_reg[1][27]/D
                                0.13         -87.00 f       -87.14  (VIOLATED)
   ibex_top_inst/u_ibex_core/id_stage_i/imd_val_q_reg[1][28]/D
                                0.13         -87.00 f       -87.14  (VIOLATED)
   ibex_top_inst/u_ibex_core/id_stage_i/imd_val_q_reg[1][29]/D
                                0.13         -87.00 f       -87.14  (VIOLATED)
   ibex_top_inst/u_ibex_core/ex_block_i/gen_multdiv_fast.multdiv_i/op_quotient_q_reg[8]/D
                                0.13         -87.00 f       -87.13  (VIOLATED)
   ibex_top_inst/u_ibex_core/ex_block_i/gen_multdiv_fast.multdiv_i/op_quotient_q_reg[9]/D
                                0.13         -87.00 f       -87.13  (VIOLATED)
   ibex_top_inst/u_ibex_core/ex_block_i/gen_multdiv_fast.multdiv_i/op_quotient_q_reg[10]/D
                                0.13         -87.00 f       -87.13  (VIOLATED)
   ibex_top_inst/u_ibex_core/ex_block_i/gen_multdiv_fast.multdiv_i/op_quotient_q_reg[11]/D
                                0.13         -87.00 f       -87.13  (VIOLATED)
   ibex_top_inst/u_ibex_core/ex_block_i/gen_multdiv_fast.multdiv_i/op_quotient_q_reg[16]/D
                                0.13         -87.00 f       -87.13  (VIOLATED)
   ibex_top_inst/u_ibex_core/ex_block_i/gen_multdiv_fast.multdiv_i/op_quotient_q_reg[17]/D
                                0.13         -87.00 f       -87.13  (VIOLATED)
   ibex_top_inst/u_ibex_core/ex_block_i/gen_multdiv_fast.multdiv_i/op_quotient_q_reg[18]/D
                                0.13         -87.00 f       -87.13  (VIOLATED)
   ibex_top_inst/u_ibex_core/ex_block_i/gen_multdiv_fast.multdiv_i/op_quotient_q_reg[19]/D
                                0.13         -87.00 f       -87.13  (VIOLATED)
   ibex_top_inst/u_ibex_core/ex_block_i/gen_multdiv_fast.multdiv_i/op_quotient_q_reg[20]/D
                                0.13         -87.00 f       -87.13  (VIOLATED)
   ibex_top_inst/u_ibex_core/if_stage_i/gen_prefetch_buffer.prefetch_buffer_i/stored_addr_q_reg[7]/D
                                0.12         -87.01 f       -87.13  (VIOLATED)
   ibex_top_inst/u_ibex_core/load_store_unit_i/rdata_offset_q_reg[0]/D
                                0.13         -87.00 f       -87.13  (VIOLATED)
   ibex_top_inst/u_ibex_core/load_store_unit_i/rdata_offset_q_reg[1]/D
                                0.13         -87.00 f       -87.13  (VIOLATED)
   ibex_top_inst/u_ibex_core/ex_block_i/gen_multdiv_fast.multdiv_i/op_quotient_q_reg[30]/D
                                0.13         -87.00 f       -87.13  (VIOLATED)
   ibex_top_inst/u_ibex_core/if_stage_i/gen_prefetch_buffer.prefetch_buffer_i/branch_discard_q_reg[1]/D
                                0.13         -87.00 f       -87.13  (VIOLATED)
   ibex_top_inst/u_ibex_core/if_stage_i/gen_prefetch_buffer.prefetch_buffer_i/branch_discard_q_reg[0]/D
                                0.13         -86.99 f       -87.13  (VIOLATED)
   ibex_top_inst/u_ibex_core/ex_block_i/gen_multdiv_fast.multdiv_i/op_quotient_q_reg[0]/D
                                0.13         -86.99 f       -87.12  (VIOLATED)
   ibex_top_inst/u_ibex_core/ex_block_i/gen_multdiv_fast.multdiv_i/op_quotient_q_reg[1]/D
                                0.13         -86.99 f       -87.12  (VIOLATED)
   ibex_top_inst/u_ibex_core/ex_block_i/gen_multdiv_fast.multdiv_i/op_quotient_q_reg[2]/D
                                0.13         -86.99 f       -87.12  (VIOLATED)
   ibex_top_inst/u_ibex_core/ex_block_i/gen_multdiv_fast.multdiv_i/op_quotient_q_reg[3]/D
                                0.13         -86.99 f       -87.12  (VIOLATED)
   ibex_top_inst/u_ibex_core/ex_block_i/gen_multdiv_fast.multdiv_i/op_quotient_q_reg[5]/D
                                0.13         -86.99 f       -87.12  (VIOLATED)
   ibex_top_inst/u_ibex_core/ex_block_i/gen_multdiv_fast.multdiv_i/op_quotient_q_reg[6]/D
                                0.13         -86.99 f       -87.12  (VIOLATED)
   ibex_top_inst/u_ibex_core/ex_block_i/gen_multdiv_fast.multdiv_i/op_quotient_q_reg[7]/D
                                0.13         -86.99 f       -87.12  (VIOLATED)
   ibex_top_inst/u_ibex_core/ex_block_i/gen_multdiv_fast.multdiv_i/op_quotient_q_reg[13]/D
                                0.13         -86.99 f       -87.12  (VIOLATED)
   ibex_top_inst/u_ibex_core/ex_block_i/gen_multdiv_fast.multdiv_i/op_quotient_q_reg[14]/D
                                0.13         -86.99 f       -87.12  (VIOLATED)
   ibex_top_inst/u_ibex_core/ex_block_i/gen_multdiv_fast.multdiv_i/op_quotient_q_reg[15]/D
                                0.13         -86.99 f       -87.12  (VIOLATED)
   ibex_top_inst/u_ibex_core/ex_block_i/gen_multdiv_fast.multdiv_i/op_quotient_q_reg[21]/D
                                0.13         -86.99 f       -87.12  (VIOLATED)
   ibex_top_inst/u_ibex_core/ex_block_i/gen_multdiv_fast.multdiv_i/op_quotient_q_reg[22]/D
                                0.13         -86.99 f       -87.12  (VIOLATED)
   ibex_top_inst/u_ibex_core/ex_block_i/gen_multdiv_fast.multdiv_i/op_quotient_q_reg[23]/D
                                0.13         -86.99 f       -87.12  (VIOLATED)
   ibex_top_inst/u_ibex_core/ex_block_i/gen_multdiv_fast.multdiv_i/op_quotient_q_reg[24]/D
                                0.13         -86.99 f       -87.12  (VIOLATED)
   ibex_top_inst/u_ibex_core/ex_block_i/gen_multdiv_fast.multdiv_i/op_quotient_q_reg[25]/D
                                0.13         -86.99 f       -87.12  (VIOLATED)
   ibex_top_inst/u_ibex_core/ex_block_i/gen_multdiv_fast.multdiv_i/op_quotient_q_reg[26]/D
                                0.13         -86.99 f       -87.12  (VIOLATED)
   ibex_top_inst/u_ibex_core/ex_block_i/gen_multdiv_fast.multdiv_i/op_quotient_q_reg[27]/D
                                0.13         -86.99 f       -87.12  (VIOLATED)
   ibex_top_inst/u_ibex_core/ex_block_i/gen_multdiv_fast.multdiv_i/op_quotient_q_reg[29]/D
                                0.13         -86.99 f       -87.12  (VIOLATED)
   ibex_top_inst/u_ibex_core/ex_block_i/gen_multdiv_fast.multdiv_i/op_quotient_q_reg[31]/D
                                0.13         -86.99 f       -87.12  (VIOLATED)
   ibex_top_inst/u_ibex_core/if_stage_i/gen_prefetch_buffer.prefetch_buffer_i/fetch_addr_q_reg[31]/D
                                0.12         -87.00 f       -87.12  (VIOLATED)
   ibex_top_inst/u_ibex_core/load_store_unit_i/data_sign_ext_q_reg/D
                                0.13         -86.99 f       -87.12  (VIOLATED)
   ibex_top_inst/u_ibex_core/load_store_unit_i/data_type_q_reg[0]/D
                                0.13         -86.99 f       -87.12  (VIOLATED)
   ibex_top_inst/u_ibex_core/load_store_unit_i/data_type_q_reg[1]/D
                                0.13         -86.99 f       -87.12  (VIOLATED)
   ibex_top_inst/u_ibex_core/if_stage_i/gen_prefetch_buffer.prefetch_buffer_i/fetch_addr_q_reg[7]/D
                                0.12         -87.00 f       -87.12  (VIOLATED)
   ibex_top_inst/u_ibex_core/load_store_unit_i/addr_last_q_reg[2]/D
                                0.13         -86.99 f       -87.12  (VIOLATED)
   ibex_top_inst/u_ibex_core/load_store_unit_i/addr_last_q_reg[3]/D
                                0.13         -86.99 f       -87.12  (VIOLATED)
   ibex_top_inst/u_ibex_core/if_stage_i/gen_prefetch_buffer.prefetch_buffer_i/fetch_addr_q_reg[13]/D
                                0.12         -86.99 f       -87.12  (VIOLATED)
   ibex_top_inst/u_ibex_core/if_stage_i/gen_prefetch_buffer.prefetch_buffer_i/fetch_addr_q_reg[22]/D
                                0.12         -86.99 f       -87.12  (VIOLATED)
   ibex_top_inst/u_ibex_core/if_stage_i/gen_prefetch_buffer.prefetch_buffer_i/stored_addr_q_reg[31]/D
                                0.12         -86.99 f       -87.11  (VIOLATED)
   ibex_top_inst/u_ibex_core/if_stage_i/gen_prefetch_buffer.prefetch_buffer_i/fetch_addr_q_reg[9]/D
                                0.12         -86.99 f       -87.11  (VIOLATED)
   ibex_top_inst/u_ibex_core/if_stage_i/gen_prefetch_buffer.prefetch_buffer_i/fetch_addr_q_reg[15]/D
                                0.12         -86.99 f       -87.11  (VIOLATED)
   ibex_top_inst/u_ibex_core/if_stage_i/gen_prefetch_buffer.prefetch_buffer_i/fetch_addr_q_reg[18]/D
                                0.12         -86.99 f       -87.11  (VIOLATED)
   ibex_top_inst/u_ibex_core/if_stage_i/gen_prefetch_buffer.prefetch_buffer_i/fetch_addr_q_reg[27]/D
                                0.12         -86.99 f       -87.11  (VIOLATED)
   ibex_top_inst/u_ibex_core/if_stage_i/gen_prefetch_buffer.prefetch_buffer_i/fetch_addr_q_reg[3]/D
                                0.12         -86.99 f       -87.11  (VIOLATED)
   ibex_top_inst/u_ibex_core/if_stage_i/gen_prefetch_buffer.prefetch_buffer_i/stored_addr_q_reg[9]/D
                                0.12         -86.99 f       -87.11  (VIOLATED)
   ibex_top_inst/u_ibex_core/if_stage_i/gen_prefetch_buffer.prefetch_buffer_i/stored_addr_q_reg[16]/D
                                0.12         -86.98 f       -87.11  (VIOLATED)
   ibex_top_inst/u_ibex_core/if_stage_i/gen_prefetch_buffer.prefetch_buffer_i/stored_addr_q_reg[29]/D
                                0.13         -86.98 f       -87.11  (VIOLATED)
   ibex_top_inst/u_ibex_core/load_store_unit_i/handle_misaligned_q_reg/D
                                0.13         -86.97 f       -87.10  (VIOLATED)
   ibex_top_inst/u_ibex_core/if_stage_i/gen_prefetch_buffer.prefetch_buffer_i/stored_addr_q_reg[25]/D
                                0.12         -86.98 f       -87.10  (VIOLATED)
   ibex_top_inst/u_ibex_core/ex_block_i/gen_multdiv_fast.multdiv_i/op_numerator_q_reg[20]/D
                                0.13         -86.97 f       -87.10  (VIOLATED)
   ibex_top_inst/u_ibex_core/ex_block_i/gen_multdiv_fast.multdiv_i/op_numerator_q_reg[23]/D
                                0.13         -86.97 f       -87.10  (VIOLATED)
   ibex_top_inst/u_ibex_core/ex_block_i/gen_multdiv_fast.multdiv_i/op_numerator_q_reg[24]/D
                                0.13         -86.97 f       -87.10  (VIOLATED)
   ibex_top_inst/u_ibex_core/ex_block_i/gen_multdiv_fast.multdiv_i/op_numerator_q_reg[25]/D
                                0.13         -86.97 f       -87.10  (VIOLATED)
   ibex_top_inst/u_ibex_core/ex_block_i/gen_multdiv_fast.multdiv_i/op_numerator_q_reg[27]/D
                                0.13         -86.97 f       -87.10  (VIOLATED)
   ibex_top_inst/u_ibex_core/if_stage_i/gen_prefetch_buffer.prefetch_buffer_i/fetch_addr_q_reg[16]/D
                                0.12         -86.97 f       -87.10  (VIOLATED)
   ibex_top_inst/u_ibex_core/if_stage_i/gen_prefetch_buffer.prefetch_buffer_i/stored_addr_q_reg[5]/D
                                0.12         -86.97 f       -87.10  (VIOLATED)
   ibex_top_inst/u_ibex_core/if_stage_i/gen_prefetch_buffer.prefetch_buffer_i/stored_addr_q_reg[6]/D
                                0.12         -86.97 f       -87.10  (VIOLATED)
   ibex_top_inst/u_ibex_core/if_stage_i/gen_prefetch_buffer.prefetch_buffer_i/stored_addr_q_reg[3]/D
                                0.12         -86.97 f       -87.09  (VIOLATED)
   ibex_top_inst/u_ibex_core/if_stage_i/gen_prefetch_buffer.prefetch_buffer_i/stored_addr_q_reg[27]/D
                                0.12         -86.97 f       -87.09  (VIOLATED)
   ibex_top_inst/u_ibex_core/load_store_unit_i/addr_last_q_reg[0]/D
                                0.13         -86.96 f       -87.09  (VIOLATED)
   ibex_top_inst/u_ibex_core/load_store_unit_i/addr_last_q_reg[1]/D
                                0.13         -86.96 f       -87.09  (VIOLATED)
   ibex_top_inst/u_ibex_core/load_store_unit_i/addr_last_q_reg[4]/D
                                0.13         -86.96 f       -87.09  (VIOLATED)
   ibex_top_inst/u_ibex_core/load_store_unit_i/addr_last_q_reg[5]/D
                                0.13         -86.96 f       -87.09  (VIOLATED)
   ibex_top_inst/u_ibex_core/load_store_unit_i/addr_last_q_reg[6]/D
                                0.13         -86.96 f       -87.09  (VIOLATED)
   ibex_top_inst/u_ibex_core/load_store_unit_i/addr_last_q_reg[7]/D
                                0.13         -86.96 f       -87.09  (VIOLATED)
   ibex_top_inst/u_ibex_core/load_store_unit_i/addr_last_q_reg[8]/D
                                0.13         -86.96 f       -87.09  (VIOLATED)
   ibex_top_inst/u_ibex_core/load_store_unit_i/addr_last_q_reg[9]/D
                                0.13         -86.96 f       -87.09  (VIOLATED)
   ibex_top_inst/u_ibex_core/load_store_unit_i/addr_last_q_reg[10]/D
                                0.13         -86.96 f       -87.09  (VIOLATED)
   ibex_top_inst/u_ibex_core/load_store_unit_i/addr_last_q_reg[11]/D
                                0.13         -86.96 f       -87.09  (VIOLATED)
   ibex_top_inst/u_ibex_core/load_store_unit_i/addr_last_q_reg[12]/D
                                0.13         -86.96 f       -87.09  (VIOLATED)
   ibex_top_inst/u_ibex_core/load_store_unit_i/addr_last_q_reg[13]/D
                                0.13         -86.96 f       -87.09  (VIOLATED)
   ibex_top_inst/u_ibex_core/load_store_unit_i/addr_last_q_reg[14]/D
                                0.13         -86.96 f       -87.09  (VIOLATED)
   ibex_top_inst/u_ibex_core/load_store_unit_i/addr_last_q_reg[15]/D
                                0.13         -86.96 f       -87.09  (VIOLATED)
   ibex_top_inst/u_ibex_core/load_store_unit_i/addr_last_q_reg[16]/D
                                0.13         -86.96 f       -87.09  (VIOLATED)
   ibex_top_inst/u_ibex_core/load_store_unit_i/addr_last_q_reg[17]/D
                                0.13         -86.96 f       -87.09  (VIOLATED)
   ibex_top_inst/u_ibex_core/load_store_unit_i/addr_last_q_reg[18]/D
                                0.13         -86.96 f       -87.09  (VIOLATED)
   ibex_top_inst/u_ibex_core/load_store_unit_i/addr_last_q_reg[19]/D
                                0.13         -86.96 f       -87.09  (VIOLATED)
   ibex_top_inst/u_ibex_core/load_store_unit_i/addr_last_q_reg[20]/D
                                0.13         -86.96 f       -87.09  (VIOLATED)
   ibex_top_inst/u_ibex_core/load_store_unit_i/addr_last_q_reg[21]/D
                                0.13         -86.96 f       -87.09  (VIOLATED)
   ibex_top_inst/u_ibex_core/load_store_unit_i/addr_last_q_reg[22]/D
                                0.13         -86.96 f       -87.09  (VIOLATED)
   ibex_top_inst/u_ibex_core/load_store_unit_i/addr_last_q_reg[23]/D
                                0.13         -86.96 f       -87.09  (VIOLATED)
   ibex_top_inst/u_ibex_core/load_store_unit_i/addr_last_q_reg[24]/D
                                0.13         -86.96 f       -87.09  (VIOLATED)
   ibex_top_inst/u_ibex_core/load_store_unit_i/addr_last_q_reg[25]/D
                                0.13         -86.96 f       -87.09  (VIOLATED)
   ibex_top_inst/u_ibex_core/load_store_unit_i/addr_last_q_reg[26]/D
                                0.13         -86.96 f       -87.09  (VIOLATED)
   ibex_top_inst/u_ibex_core/load_store_unit_i/addr_last_q_reg[27]/D
                                0.13         -86.96 f       -87.09  (VIOLATED)
   ibex_top_inst/u_ibex_core/load_store_unit_i/addr_last_q_reg[28]/D
                                0.13         -86.96 f       -87.09  (VIOLATED)
   ibex_top_inst/u_ibex_core/load_store_unit_i/addr_last_q_reg[29]/D
                                0.13         -86.96 f       -87.09  (VIOLATED)
   ibex_top_inst/u_ibex_core/load_store_unit_i/addr_last_q_reg[30]/D
                                0.13         -86.96 f       -87.09  (VIOLATED)
   ibex_top_inst/u_ibex_core/load_store_unit_i/addr_last_q_reg[31]/D
                                0.13         -86.96 f       -87.09  (VIOLATED)
   ibex_top_inst/u_ibex_core/if_stage_i/gen_prefetch_buffer.prefetch_buffer_i/stored_addr_q_reg[11]/D
                                0.11         -86.98 r       -87.09  (VIOLATED)
   ibex_top_inst/u_ibex_core/if_stage_i/gen_prefetch_buffer.prefetch_buffer_i/stored_addr_q_reg[13]/D
                                0.11         -86.98 r       -87.09  (VIOLATED)
   ibex_top_inst/u_ibex_core/if_stage_i/gen_prefetch_buffer.prefetch_buffer_i/stored_addr_q_reg[15]/D
                                0.11         -86.98 r       -87.09  (VIOLATED)
   ibex_top_inst/u_ibex_core/if_stage_i/gen_prefetch_buffer.prefetch_buffer_i/stored_addr_q_reg[18]/D
                                0.11         -86.98 r       -87.09  (VIOLATED)
   ibex_top_inst/u_ibex_core/if_stage_i/gen_prefetch_buffer.prefetch_buffer_i/stored_addr_q_reg[20]/D
                                0.11         -86.98 r       -87.09  (VIOLATED)
   ibex_top_inst/u_ibex_core/if_stage_i/gen_prefetch_buffer.prefetch_buffer_i/stored_addr_q_reg[22]/D
                                0.11         -86.98 r       -87.09  (VIOLATED)
   ibex_top_inst/u_ibex_core/if_stage_i/gen_prefetch_buffer.prefetch_buffer_i/stored_addr_q_reg[24]/D
                                0.11         -86.98 r       -87.09  (VIOLATED)
   ibex_top_inst/u_ibex_core/ex_block_i/gen_multdiv_fast.multdiv_i/op_numerator_q_reg[18]/D
                                0.13         -86.94 f       -87.07  (VIOLATED)
   ibex_top_inst/u_ibex_core/ex_block_i/gen_multdiv_fast.multdiv_i/op_numerator_q_reg[19]/D
                                0.13         -86.94 f       -87.07  (VIOLATED)
   ibex_top_inst/u_ibex_core/ex_block_i/gen_multdiv_fast.multdiv_i/op_numerator_q_reg[21]/D
                                0.13         -86.94 f       -87.07  (VIOLATED)
   ibex_top_inst/u_ibex_core/ex_block_i/gen_multdiv_fast.multdiv_i/op_numerator_q_reg[22]/D
                                0.13         -86.94 f       -87.07  (VIOLATED)
   ibex_top_inst/u_ibex_core/ex_block_i/gen_multdiv_fast.multdiv_i/op_numerator_q_reg[26]/D
                                0.13         -86.94 f       -87.07  (VIOLATED)
   ibex_top_inst/u_ibex_core/ex_block_i/gen_multdiv_fast.multdiv_i/op_numerator_q_reg[28]/D
                                0.13         -86.94 f       -87.07  (VIOLATED)
   ibex_top_inst/u_ibex_core/ex_block_i/gen_multdiv_fast.multdiv_i/op_numerator_q_reg[29]/D
                                0.13         -86.94 f       -87.07  (VIOLATED)
   ibex_top_inst/u_ibex_core/ex_block_i/gen_multdiv_fast.multdiv_i/op_numerator_q_reg[30]/D
                                0.13         -86.94 f       -87.07  (VIOLATED)
   ibex_top_inst/u_ibex_core/ex_block_i/gen_multdiv_fast.multdiv_i/op_numerator_q_reg[1]/D
                                0.13         -86.94 f       -87.07  (VIOLATED)
   ibex_top_inst/u_ibex_core/ex_block_i/gen_multdiv_fast.multdiv_i/op_numerator_q_reg[2]/D
                                0.13         -86.94 f       -87.07  (VIOLATED)
   ibex_top_inst/u_ibex_core/ex_block_i/gen_multdiv_fast.multdiv_i/op_numerator_q_reg[3]/D
                                0.13         -86.94 f       -87.07  (VIOLATED)
   ibex_top_inst/u_ibex_core/ex_block_i/gen_multdiv_fast.multdiv_i/op_numerator_q_reg[4]/D
                                0.13         -86.94 f       -87.07  (VIOLATED)
   ibex_top_inst/u_ibex_core/ex_block_i/gen_multdiv_fast.multdiv_i/op_numerator_q_reg[5]/D
                                0.13         -86.94 f       -87.07  (VIOLATED)
   ibex_top_inst/u_ibex_core/ex_block_i/gen_multdiv_fast.multdiv_i/op_numerator_q_reg[6]/D
                                0.13         -86.94 f       -87.07  (VIOLATED)
   ibex_top_inst/u_ibex_core/ex_block_i/gen_multdiv_fast.multdiv_i/op_numerator_q_reg[7]/D
                                0.13         -86.94 f       -87.07  (VIOLATED)
   ibex_top_inst/u_ibex_core/ex_block_i/gen_multdiv_fast.multdiv_i/op_numerator_q_reg[8]/D
                                0.13         -86.94 f       -87.07  (VIOLATED)
   ibex_top_inst/u_ibex_core/ex_block_i/gen_multdiv_fast.multdiv_i/op_numerator_q_reg[31]/D
                                0.13         -86.94 f       -87.07  (VIOLATED)
   ibex_top_inst/u_ibex_core/if_stage_i/gen_prefetch_buffer.prefetch_buffer_i/valid_req_q_reg/D
                                0.13         -86.93 f       -87.06  (VIOLATED)
   ibex_top_inst/u_ibex_core/ex_block_i/gen_multdiv_fast.multdiv_i/op_numerator_q_reg[0]/D
                                0.13         -86.91 f       -87.04  (VIOLATED)
   ibex_top_inst/u_ibex_core/ex_block_i/gen_multdiv_fast.multdiv_i/op_numerator_q_reg[9]/D
                                0.13         -86.91 f       -87.04  (VIOLATED)
   ibex_top_inst/u_ibex_core/ex_block_i/gen_multdiv_fast.multdiv_i/op_numerator_q_reg[10]/D
                                0.13         -86.91 f       -87.04  (VIOLATED)
   ibex_top_inst/u_ibex_core/ex_block_i/gen_multdiv_fast.multdiv_i/op_numerator_q_reg[11]/D
                                0.13         -86.91 f       -87.04  (VIOLATED)
   ibex_top_inst/u_ibex_core/ex_block_i/gen_multdiv_fast.multdiv_i/op_numerator_q_reg[12]/D
                                0.13         -86.91 f       -87.04  (VIOLATED)
   ibex_top_inst/u_ibex_core/ex_block_i/gen_multdiv_fast.multdiv_i/op_numerator_q_reg[13]/D
                                0.13         -86.91 f       -87.04  (VIOLATED)
   ibex_top_inst/u_ibex_core/ex_block_i/gen_multdiv_fast.multdiv_i/op_numerator_q_reg[14]/D
                                0.13         -86.91 f       -87.04  (VIOLATED)
   ibex_top_inst/u_ibex_core/ex_block_i/gen_multdiv_fast.multdiv_i/op_numerator_q_reg[15]/D
                                0.13         -86.91 f       -87.04  (VIOLATED)
   ibex_top_inst/u_ibex_core/ex_block_i/gen_multdiv_fast.multdiv_i/op_numerator_q_reg[16]/D
                                0.13         -86.91 f       -87.04  (VIOLATED)
   ibex_top_inst/u_ibex_core/ex_block_i/gen_multdiv_fast.multdiv_i/op_numerator_q_reg[17]/D
                                0.13         -86.91 f       -87.04  (VIOLATED)
   ibex_top_inst/u_ibex_core/if_stage_i/gen_prefetch_buffer.prefetch_buffer_i/rdata_outstanding_q_reg[0]/D
                                0.13         -86.89 f       -87.02  (VIOLATED)
   ibex_top_inst/u_ibex_core/if_stage_i/gen_prefetch_buffer.prefetch_buffer_i/rdata_outstanding_q_reg[1]/D
                                0.13         -86.89 f       -87.02  (VIOLATED)
   ibex_top_inst/gen_regfile_ff.register_file_i/g_rf_flops[21].rf_reg_q_reg[3]/D
                                0.11         -38.44 r       -38.55  (VIOLATED)
   ibex_top_inst/gen_regfile_ff.register_file_i/g_rf_flops[22].rf_reg_q_reg[3]/D
                                0.11         -38.44 r       -38.55  (VIOLATED)
   ibex_top_inst/gen_regfile_ff.register_file_i/g_rf_flops[23].rf_reg_q_reg[3]/D
                                0.11         -38.44 r       -38.55  (VIOLATED)
   ibex_top_inst/gen_regfile_ff.register_file_i/g_rf_flops[24].rf_reg_q_reg[3]/D
                                0.11         -38.44 r       -38.55  (VIOLATED)
   ibex_top_inst/gen_regfile_ff.register_file_i/g_rf_flops[25].rf_reg_q_reg[3]/D
                                0.11         -38.44 r       -38.55  (VIOLATED)
   ibex_top_inst/gen_regfile_ff.register_file_i/g_rf_flops[26].rf_reg_q_reg[3]/D
                                0.11         -38.44 r       -38.55  (VIOLATED)
   ibex_top_inst/gen_regfile_ff.register_file_i/g_rf_flops[27].rf_reg_q_reg[3]/D
                                0.11         -38.44 r       -38.55  (VIOLATED)
   ibex_top_inst/gen_regfile_ff.register_file_i/g_rf_flops[29].rf_reg_q_reg[3]/D
                                0.11         -38.44 r       -38.55  (VIOLATED)
   ibex_top_inst/gen_regfile_ff.register_file_i/g_rf_flops[30].rf_reg_q_reg[3]/D
                                0.11         -38.44 r       -38.55  (VIOLATED)
   ibex_top_inst/gen_regfile_ff.register_file_i/g_rf_flops[28].rf_reg_q_reg[3]/D
                                0.11         -38.42 r       -38.53  (VIOLATED)
   ibex_top_inst/gen_regfile_ff.register_file_i/g_rf_flops[31].rf_reg_q_reg[3]/D
                                0.11         -38.42 r       -38.53  (VIOLATED)
   ibex_top_inst/gen_regfile_ff.register_file_i/g_rf_flops[1].rf_reg_q_reg[3]/D
                                0.11         -38.39 r       -38.50  (VIOLATED)
   ibex_top_inst/gen_regfile_ff.register_file_i/g_rf_flops[2].rf_reg_q_reg[3]/D
                                0.11         -38.39 r       -38.50  (VIOLATED)
   ibex_top_inst/gen_regfile_ff.register_file_i/g_rf_flops[3].rf_reg_q_reg[3]/D
                                0.11         -38.39 r       -38.50  (VIOLATED)
   ibex_top_inst/gen_regfile_ff.register_file_i/g_rf_flops[4].rf_reg_q_reg[3]/D
                                0.11         -38.39 r       -38.50  (VIOLATED)
   ibex_top_inst/gen_regfile_ff.register_file_i/g_rf_flops[5].rf_reg_q_reg[3]/D
                                0.11         -38.39 r       -38.50  (VIOLATED)
   ibex_top_inst/gen_regfile_ff.register_file_i/g_rf_flops[6].rf_reg_q_reg[3]/D
                                0.11         -38.39 r       -38.50  (VIOLATED)
   ibex_top_inst/gen_regfile_ff.register_file_i/g_rf_flops[7].rf_reg_q_reg[3]/D
                                0.11         -38.39 r       -38.50  (VIOLATED)
   ibex_top_inst/gen_regfile_ff.register_file_i/g_rf_flops[8].rf_reg_q_reg[3]/D
                                0.11         -38.39 r       -38.50  (VIOLATED)
   ibex_top_inst/gen_regfile_ff.register_file_i/g_rf_flops[9].rf_reg_q_reg[3]/D
                                0.11         -38.39 r       -38.50  (VIOLATED)
   ibex_top_inst/gen_regfile_ff.register_file_i/g_rf_flops[10].rf_reg_q_reg[3]/D
                                0.11         -38.39 r       -38.50  (VIOLATED)
   ibex_top_inst/gen_regfile_ff.register_file_i/g_rf_flops[11].rf_reg_q_reg[3]/D
                                0.11         -38.39 r       -38.50  (VIOLATED)
   ibex_top_inst/gen_regfile_ff.register_file_i/g_rf_flops[12].rf_reg_q_reg[3]/D
                                0.11         -38.39 r       -38.50  (VIOLATED)
   ibex_top_inst/gen_regfile_ff.register_file_i/g_rf_flops[13].rf_reg_q_reg[3]/D
                                0.11         -38.39 r       -38.50  (VIOLATED)
   ibex_top_inst/gen_regfile_ff.register_file_i/g_rf_flops[14].rf_reg_q_reg[3]/D
                                0.11         -38.39 r       -38.50  (VIOLATED)
   ibex_top_inst/gen_regfile_ff.register_file_i/g_rf_flops[15].rf_reg_q_reg[3]/D
                                0.11         -38.39 r       -38.50  (VIOLATED)
   ibex_top_inst/gen_regfile_ff.register_file_i/g_rf_flops[16].rf_reg_q_reg[3]/D
                                0.11         -38.39 r       -38.50  (VIOLATED)
   ibex_top_inst/gen_regfile_ff.register_file_i/g_rf_flops[17].rf_reg_q_reg[3]/D
                                0.11         -38.39 r       -38.50  (VIOLATED)
   ibex_top_inst/gen_regfile_ff.register_file_i/g_rf_flops[18].rf_reg_q_reg[3]/D
                                0.11         -38.39 r       -38.50  (VIOLATED)
   ibex_top_inst/gen_regfile_ff.register_file_i/g_rf_flops[19].rf_reg_q_reg[3]/D
                                0.11         -38.39 r       -38.50  (VIOLATED)
   ibex_top_inst/gen_regfile_ff.register_file_i/g_rf_flops[20].rf_reg_q_reg[3]/D
                                0.11         -38.39 r       -38.50  (VIOLATED)
   ibex_top_inst/u_ibex_core/id_stage_i/controller_i/debug_cause_q_reg[1]/D
                                0.13         -24.33 f       -24.46  (VIOLATED)
   ibex_top_inst/u_ibex_core/id_stage_i/controller_i/debug_cause_q_reg[0]/D
                                0.11         -24.34 r       -24.45  (VIOLATED)
   ibex_top_inst/u_ibex_core/id_stage_i/controller_i/debug_cause_q_reg[2]/D
                                0.13         -24.32 f       -24.45  (VIOLATED)
   ibex_top_inst/u_ibex_core/id_stage_i/controller_i/debug_mode_q_reg/D
                                0.13         -24.32 f       -24.45  (VIOLATED)
   ibex_top_inst/u_ibex_core/id_stage_i/controller_i/nmi_mode_q_reg/D
                                0.13         -24.29 f       -24.42  (VIOLATED)
   ibex_top_inst/u_ibex_core/cs_registers_i/priv_lvl_q_reg[1]/D
                                0.10         -24.29 r       -24.39  (VIOLATED)
   ibex_top_inst/u_ibex_core/cs_registers_i/priv_lvl_q_reg[0]/D
                                0.10         -24.29 r       -24.39  (VIOLATED)
   ibex_top_inst/u_ibex_core/cs_registers_i/u_dcsr_csr/rdata_q_reg[6]/D
                                0.13         -24.21 f       -24.34  (VIOLATED)
   ibex_top_inst/u_ibex_core/cs_registers_i/u_dcsr_csr/rdata_q_reg[7]/D
                                0.13         -24.21 f       -24.34  (VIOLATED)
   ibex_top_inst/u_ibex_core/cs_registers_i/u_dcsr_csr/rdata_q_reg[8]/D
                                0.13         -24.21 f       -24.34  (VIOLATED)
   ibex_top_inst/u_ibex_core/cs_registers_i/u_mstack_cause_csr/rdata_q_reg[0]/D
                                0.13         -24.19 f       -24.32  (VIOLATED)
   ibex_top_inst/u_ibex_core/cs_registers_i/u_mstack_cause_csr/rdata_q_reg[1]/D
                                0.13         -24.19 f       -24.32  (VIOLATED)
   ibex_top_inst/u_ibex_core/cs_registers_i/u_mstack_cause_csr/rdata_q_reg[2]/D
                                0.13         -24.19 f       -24.32  (VIOLATED)
   ibex_top_inst/u_ibex_core/cs_registers_i/u_mstack_cause_csr/rdata_q_reg[3]/D
                                0.13         -24.19 f       -24.32  (VIOLATED)
   ibex_top_inst/u_ibex_core/cs_registers_i/u_mstack_cause_csr/rdata_q_reg[4]/D
                                0.13         -24.19 f       -24.32  (VIOLATED)
   ibex_top_inst/u_ibex_core/cs_registers_i/u_mstack_cause_csr/rdata_q_reg[6]/D
                                0.13         -24.19 f       -24.32  (VIOLATED)
   ibex_top_inst/u_ibex_core/cs_registers_i/u_mstack_csr/rdata_q_reg[0]/D
                                0.13         -24.19 f       -24.32  (VIOLATED)
   ibex_top_inst/u_ibex_core/cs_registers_i/u_mstack_csr/rdata_q_reg[1]/D
                                0.13         -24.19 f       -24.32  (VIOLATED)
   ibex_top_inst/u_ibex_core/cs_registers_i/u_mstack_epc_csr/rdata_q_reg[31]/D
                                0.13         -24.19 f       -24.32  (VIOLATED)
   ibex_top_inst/u_ibex_core/cs_registers_i/u_mstack_csr/rdata_q_reg[2]/D
                                0.12         -24.18 f       -24.30  (VIOLATED)
   ibex_top_inst/u_ibex_core/cs_registers_i/u_mstack_epc_csr/rdata_q_reg[1]/D
                                0.13         -24.17 f       -24.30  (VIOLATED)
   ibex_top_inst/u_ibex_core/cs_registers_i/u_mstack_epc_csr/rdata_q_reg[21]/D
                                0.13         -24.16 f       -24.29  (VIOLATED)
   ibex_top_inst/u_ibex_core/cs_registers_i/u_mstack_epc_csr/rdata_q_reg[22]/D
                                0.13         -24.16 f       -24.29  (VIOLATED)
   ibex_top_inst/u_ibex_core/cs_registers_i/u_mstack_epc_csr/rdata_q_reg[23]/D
                                0.13         -24.16 f       -24.29  (VIOLATED)
   ibex_top_inst/u_ibex_core/cs_registers_i/u_mstack_epc_csr/rdata_q_reg[24]/D
                                0.13         -24.16 f       -24.29  (VIOLATED)
   ibex_top_inst/u_ibex_core/cs_registers_i/u_mstack_epc_csr/rdata_q_reg[25]/D
                                0.13         -24.16 f       -24.29  (VIOLATED)
   ibex_top_inst/u_ibex_core/cs_registers_i/u_mstack_epc_csr/rdata_q_reg[26]/D
                                0.13         -24.16 f       -24.29  (VIOLATED)
   ibex_top_inst/u_ibex_core/cs_registers_i/u_mstack_epc_csr/rdata_q_reg[27]/D
                                0.13         -24.16 f       -24.29  (VIOLATED)
   ibex_top_inst/u_ibex_core/cs_registers_i/u_mstack_epc_csr/rdata_q_reg[28]/D
                                0.13         -24.16 f       -24.29  (VIOLATED)
   ibex_top_inst/u_ibex_core/cs_registers_i/u_mstack_epc_csr/rdata_q_reg[29]/D
                                0.13         -24.16 f       -24.29  (VIOLATED)
   ibex_top_inst/u_ibex_core/cs_registers_i/u_mstack_epc_csr/rdata_q_reg[30]/D
                                0.13         -24.16 f       -24.29  (VIOLATED)
   ibex_top_inst/u_ibex_core/cs_registers_i/u_mstack_cause_csr/rdata_q_reg[5]/D
                                0.13         -24.16 f       -24.29  (VIOLATED)
   ibex_top_inst/u_ibex_core/cs_registers_i/u_mstack_epc_csr/rdata_q_reg[2]/D
                                0.13         -24.16 f       -24.29  (VIOLATED)
   ibex_top_inst/u_ibex_core/cs_registers_i/u_mstack_epc_csr/rdata_q_reg[3]/D
                                0.13         -24.16 f       -24.29  (VIOLATED)
   ibex_top_inst/u_ibex_core/cs_registers_i/u_mstack_epc_csr/rdata_q_reg[4]/D
                                0.13         -24.16 f       -24.29  (VIOLATED)
   ibex_top_inst/u_ibex_core/cs_registers_i/u_mstack_epc_csr/rdata_q_reg[5]/D
                                0.13         -24.16 f       -24.29  (VIOLATED)
   ibex_top_inst/u_ibex_core/cs_registers_i/u_mstack_epc_csr/rdata_q_reg[6]/D
                                0.13         -24.16 f       -24.29  (VIOLATED)
   ibex_top_inst/u_ibex_core/cs_registers_i/u_mstack_epc_csr/rdata_q_reg[7]/D
                                0.13         -24.16 f       -24.29  (VIOLATED)
   ibex_top_inst/u_ibex_core/cs_registers_i/u_mstack_epc_csr/rdata_q_reg[8]/D
                                0.13         -24.16 f       -24.29  (VIOLATED)
   ibex_top_inst/u_ibex_core/cs_registers_i/u_mstack_epc_csr/rdata_q_reg[9]/D
                                0.13         -24.16 f       -24.29  (VIOLATED)
   ibex_top_inst/u_ibex_core/cs_registers_i/u_mstack_epc_csr/rdata_q_reg[10]/D
                                0.13         -24.16 f       -24.29  (VIOLATED)
   ibex_top_inst/u_ibex_core/cs_registers_i/u_mstack_epc_csr/rdata_q_reg[11]/D
                                0.13         -24.16 f       -24.29  (VIOLATED)
   ibex_top_inst/u_ibex_core/cs_registers_i/u_mstack_epc_csr/rdata_q_reg[12]/D
                                0.13         -24.16 f       -24.29  (VIOLATED)
   ibex_top_inst/u_ibex_core/cs_registers_i/u_mstack_epc_csr/rdata_q_reg[13]/D
                                0.13         -24.16 f       -24.29  (VIOLATED)
   ibex_top_inst/u_ibex_core/cs_registers_i/u_mstack_epc_csr/rdata_q_reg[14]/D
                                0.13         -24.16 f       -24.29  (VIOLATED)
   ibex_top_inst/u_ibex_core/cs_registers_i/u_mstack_epc_csr/rdata_q_reg[15]/D
                                0.13         -24.16 f       -24.29  (VIOLATED)
   ibex_top_inst/u_ibex_core/cs_registers_i/u_mstack_epc_csr/rdata_q_reg[16]/D
                                0.13         -24.16 f       -24.29  (VIOLATED)
   ibex_top_inst/u_ibex_core/cs_registers_i/u_mstack_epc_csr/rdata_q_reg[17]/D
                                0.13         -24.16 f       -24.29  (VIOLATED)
   ibex_top_inst/u_ibex_core/cs_registers_i/u_mstack_epc_csr/rdata_q_reg[18]/D
                                0.13         -24.16 f       -24.29  (VIOLATED)
   ibex_top_inst/u_ibex_core/cs_registers_i/u_mstack_epc_csr/rdata_q_reg[19]/D
                                0.13         -24.16 f       -24.29  (VIOLATED)
   ibex_top_inst/u_ibex_core/cs_registers_i/u_mstack_epc_csr/rdata_q_reg[20]/D
                                0.13         -24.16 f       -24.29  (VIOLATED)
   ibex_top_inst/gen_regfile_ff.register_file_i/g_rf_flops[31].rf_reg_q_reg[2]/D
                                0.11         -21.73 r       -21.84  (VIOLATED)
   ibex_top_inst/gen_regfile_ff.register_file_i/g_rf_flops[1].rf_reg_q_reg[2]/D
                                0.11         -21.69 r       -21.80  (VIOLATED)
   ibex_top_inst/gen_regfile_ff.register_file_i/g_rf_flops[2].rf_reg_q_reg[2]/D
                                0.11         -21.69 r       -21.80  (VIOLATED)
   ibex_top_inst/gen_regfile_ff.register_file_i/g_rf_flops[3].rf_reg_q_reg[2]/D
                                0.11         -21.69 r       -21.80  (VIOLATED)
   ibex_top_inst/gen_regfile_ff.register_file_i/g_rf_flops[4].rf_reg_q_reg[2]/D
                                0.11         -21.69 r       -21.80  (VIOLATED)
   ibex_top_inst/gen_regfile_ff.register_file_i/g_rf_flops[5].rf_reg_q_reg[2]/D
                                0.11         -21.69 r       -21.80  (VIOLATED)
   ibex_top_inst/gen_regfile_ff.register_file_i/g_rf_flops[6].rf_reg_q_reg[2]/D
                                0.11         -21.69 r       -21.80  (VIOLATED)
   ibex_top_inst/gen_regfile_ff.register_file_i/g_rf_flops[7].rf_reg_q_reg[2]/D
                                0.11         -21.69 r       -21.80  (VIOLATED)
   ibex_top_inst/gen_regfile_ff.register_file_i/g_rf_flops[8].rf_reg_q_reg[2]/D
                                0.11         -21.69 r       -21.80  (VIOLATED)
   ibex_top_inst/gen_regfile_ff.register_file_i/g_rf_flops[9].rf_reg_q_reg[2]/D
                                0.11         -21.69 r       -21.80  (VIOLATED)
   ibex_top_inst/gen_regfile_ff.register_file_i/g_rf_flops[10].rf_reg_q_reg[2]/D
                                0.11         -21.69 r       -21.80  (VIOLATED)
   ibex_top_inst/gen_regfile_ff.register_file_i/g_rf_flops[11].rf_reg_q_reg[2]/D
                                0.11         -21.69 r       -21.80  (VIOLATED)
   ibex_top_inst/gen_regfile_ff.register_file_i/g_rf_flops[12].rf_reg_q_reg[2]/D
                                0.11         -21.69 r       -21.80  (VIOLATED)
   ibex_top_inst/gen_regfile_ff.register_file_i/g_rf_flops[13].rf_reg_q_reg[2]/D
                                0.11         -21.69 r       -21.80  (VIOLATED)
   ibex_top_inst/gen_regfile_ff.register_file_i/g_rf_flops[14].rf_reg_q_reg[2]/D
                                0.11         -21.69 r       -21.80  (VIOLATED)
   ibex_top_inst/gen_regfile_ff.register_file_i/g_rf_flops[15].rf_reg_q_reg[2]/D
                                0.11         -21.69 r       -21.80  (VIOLATED)
   ibex_top_inst/gen_regfile_ff.register_file_i/g_rf_flops[16].rf_reg_q_reg[2]/D
                                0.11         -21.69 r       -21.80  (VIOLATED)
   ibex_top_inst/gen_regfile_ff.register_file_i/g_rf_flops[17].rf_reg_q_reg[2]/D
                                0.11         -21.69 r       -21.80  (VIOLATED)
   ibex_top_inst/gen_regfile_ff.register_file_i/g_rf_flops[18].rf_reg_q_reg[2]/D
                                0.11         -21.69 r       -21.80  (VIOLATED)
   ibex_top_inst/gen_regfile_ff.register_file_i/g_rf_flops[19].rf_reg_q_reg[2]/D
                                0.11         -21.69 r       -21.80  (VIOLATED)
   ibex_top_inst/gen_regfile_ff.register_file_i/g_rf_flops[20].rf_reg_q_reg[2]/D
                                0.11         -21.69 r       -21.80  (VIOLATED)
   ibex_top_inst/gen_regfile_ff.register_file_i/g_rf_flops[21].rf_reg_q_reg[2]/D
                                0.11         -21.69 r       -21.80  (VIOLATED)
   ibex_top_inst/gen_regfile_ff.register_file_i/g_rf_flops[22].rf_reg_q_reg[2]/D
                                0.11         -21.69 r       -21.80  (VIOLATED)
   ibex_top_inst/gen_regfile_ff.register_file_i/g_rf_flops[23].rf_reg_q_reg[2]/D
                                0.11         -21.69 r       -21.80  (VIOLATED)
   ibex_top_inst/gen_regfile_ff.register_file_i/g_rf_flops[24].rf_reg_q_reg[2]/D
                                0.11         -21.69 r       -21.80  (VIOLATED)
   ibex_top_inst/gen_regfile_ff.register_file_i/g_rf_flops[25].rf_reg_q_reg[2]/D
                                0.11         -21.69 r       -21.80  (VIOLATED)
   ibex_top_inst/gen_regfile_ff.register_file_i/g_rf_flops[26].rf_reg_q_reg[2]/D
                                0.11         -21.69 r       -21.80  (VIOLATED)
   ibex_top_inst/gen_regfile_ff.register_file_i/g_rf_flops[27].rf_reg_q_reg[2]/D
                                0.11         -21.69 r       -21.80  (VIOLATED)
   ibex_top_inst/gen_regfile_ff.register_file_i/g_rf_flops[28].rf_reg_q_reg[2]/D
                                0.11         -21.69 r       -21.80  (VIOLATED)
   ibex_top_inst/gen_regfile_ff.register_file_i/g_rf_flops[29].rf_reg_q_reg[2]/D
                                0.11         -21.69 r       -21.80  (VIOLATED)
   ibex_top_inst/gen_regfile_ff.register_file_i/g_rf_flops[30].rf_reg_q_reg[2]/D
                                0.11         -21.69 r       -21.80  (VIOLATED)
   ibex_top_inst/u_ibex_core/if_stage_i/gen_prefetch_buffer.prefetch_buffer_i/fifo_i/rdata_q_reg[2][0]/D
                                0.12           0.09 f        -0.03  (VIOLATED)
   ibex_top_inst/u_ibex_core/if_stage_i/gen_prefetch_buffer.prefetch_buffer_i/fifo_i/err_q_reg[2]/D
                                0.12           0.09 f        -0.03  (VIOLATED)
   ibex_top_inst/u_ibex_core/if_stage_i/gen_prefetch_buffer.prefetch_buffer_i/fifo_i/rdata_q_reg[2][4]/D
                                0.12           0.09 f        -0.03  (VIOLATED)
   ibex_top_inst/u_ibex_core/if_stage_i/gen_prefetch_buffer.prefetch_buffer_i/fifo_i/rdata_q_reg[2][5]/D
                                0.12           0.09 f        -0.03  (VIOLATED)
   ibex_top_inst/u_ibex_core/if_stage_i/gen_prefetch_buffer.prefetch_buffer_i/fifo_i/rdata_q_reg[2][6]/D
                                0.12           0.09 f        -0.03  (VIOLATED)
   ibex_top_inst/u_ibex_core/if_stage_i/gen_prefetch_buffer.prefetch_buffer_i/fifo_i/rdata_q_reg[2][7]/D
                                0.12           0.09 f        -0.03  (VIOLATED)
   ibex_top_inst/u_ibex_core/if_stage_i/gen_prefetch_buffer.prefetch_buffer_i/fifo_i/rdata_q_reg[2][8]/D
                                0.12           0.09 f        -0.03  (VIOLATED)
   ibex_top_inst/u_ibex_core/if_stage_i/gen_prefetch_buffer.prefetch_buffer_i/fifo_i/rdata_q_reg[2][9]/D
                                0.12           0.09 f        -0.03  (VIOLATED)
   ibex_top_inst/u_ibex_core/if_stage_i/gen_prefetch_buffer.prefetch_buffer_i/fifo_i/rdata_q_reg[2][10]/D
                                0.12           0.09 f        -0.03  (VIOLATED)
   ibex_top_inst/u_ibex_core/if_stage_i/gen_prefetch_buffer.prefetch_buffer_i/fifo_i/rdata_q_reg[2][11]/D
                                0.12           0.09 f        -0.03  (VIOLATED)
   ibex_top_inst/u_ibex_core/if_stage_i/gen_prefetch_buffer.prefetch_buffer_i/fifo_i/rdata_q_reg[2][12]/D
                                0.12           0.09 f        -0.03  (VIOLATED)
   ibex_top_inst/u_ibex_core/if_stage_i/gen_prefetch_buffer.prefetch_buffer_i/fifo_i/rdata_q_reg[2][13]/D
                                0.12           0.09 f        -0.03  (VIOLATED)
   ibex_top_inst/u_ibex_core/if_stage_i/gen_prefetch_buffer.prefetch_buffer_i/fifo_i/rdata_q_reg[2][14]/D
                                0.12           0.09 f        -0.03  (VIOLATED)
   ibex_top_inst/u_ibex_core/if_stage_i/gen_prefetch_buffer.prefetch_buffer_i/fifo_i/rdata_q_reg[2][15]/D
                                0.12           0.09 f        -0.03  (VIOLATED)
   ibex_top_inst/u_ibex_core/if_stage_i/gen_prefetch_buffer.prefetch_buffer_i/fifo_i/rdata_q_reg[2][16]/D
                                0.12           0.09 f        -0.03  (VIOLATED)
   ibex_top_inst/u_ibex_core/if_stage_i/gen_prefetch_buffer.prefetch_buffer_i/fifo_i/rdata_q_reg[2][17]/D
                                0.12           0.09 f        -0.03  (VIOLATED)
   ibex_top_inst/u_ibex_core/if_stage_i/gen_prefetch_buffer.prefetch_buffer_i/fifo_i/rdata_q_reg[2][18]/D
                                0.12           0.09 f        -0.03  (VIOLATED)
   ibex_top_inst/u_ibex_core/if_stage_i/gen_prefetch_buffer.prefetch_buffer_i/fifo_i/rdata_q_reg[2][19]/D
                                0.12           0.09 f        -0.03  (VIOLATED)
   ibex_top_inst/u_ibex_core/if_stage_i/gen_prefetch_buffer.prefetch_buffer_i/fifo_i/rdata_q_reg[2][20]/D
                                0.12           0.09 f        -0.03  (VIOLATED)
   ibex_top_inst/u_ibex_core/if_stage_i/gen_prefetch_buffer.prefetch_buffer_i/fifo_i/rdata_q_reg[2][21]/D
                                0.12           0.09 f        -0.03  (VIOLATED)
   ibex_top_inst/u_ibex_core/if_stage_i/gen_prefetch_buffer.prefetch_buffer_i/fifo_i/rdata_q_reg[2][22]/D
                                0.12           0.09 f        -0.03  (VIOLATED)
   ibex_top_inst/u_ibex_core/if_stage_i/gen_prefetch_buffer.prefetch_buffer_i/fifo_i/rdata_q_reg[2][23]/D
                                0.12           0.09 f        -0.03  (VIOLATED)
   ibex_top_inst/u_ibex_core/if_stage_i/gen_prefetch_buffer.prefetch_buffer_i/fifo_i/rdata_q_reg[2][24]/D
                                0.12           0.09 f        -0.03  (VIOLATED)
   ibex_top_inst/u_ibex_core/if_stage_i/gen_prefetch_buffer.prefetch_buffer_i/fifo_i/rdata_q_reg[2][25]/D
                                0.12           0.09 f        -0.03  (VIOLATED)
   ibex_top_inst/u_ibex_core/if_stage_i/gen_prefetch_buffer.prefetch_buffer_i/fifo_i/rdata_q_reg[2][26]/D
                                0.12           0.09 f        -0.03  (VIOLATED)
   ibex_top_inst/u_ibex_core/if_stage_i/gen_prefetch_buffer.prefetch_buffer_i/fifo_i/rdata_q_reg[2][27]/D
                                0.12           0.09 f        -0.03  (VIOLATED)
   ibex_top_inst/u_ibex_core/if_stage_i/gen_prefetch_buffer.prefetch_buffer_i/fifo_i/rdata_q_reg[2][28]/D
                                0.12           0.09 f        -0.03  (VIOLATED)
   ibex_top_inst/u_ibex_core/if_stage_i/gen_prefetch_buffer.prefetch_buffer_i/fifo_i/rdata_q_reg[2][29]/D
                                0.12           0.09 f        -0.03  (VIOLATED)
   ibex_top_inst/u_ibex_core/if_stage_i/gen_prefetch_buffer.prefetch_buffer_i/fifo_i/rdata_q_reg[2][30]/D
                                0.12           0.09 f        -0.03  (VIOLATED)
   ibex_top_inst/u_ibex_core/if_stage_i/gen_prefetch_buffer.prefetch_buffer_i/fifo_i/rdata_q_reg[2][31]/D
                                0.12           0.09 f        -0.03  (VIOLATED)
   ibex_top_inst/u_ibex_core/if_stage_i/gen_prefetch_buffer.prefetch_buffer_i/fifo_i/rdata_q_reg[2][1]/D
                                0.12           0.09 f        -0.03  (VIOLATED)
   ibex_top_inst/u_ibex_core/if_stage_i/gen_prefetch_buffer.prefetch_buffer_i/fifo_i/rdata_q_reg[2][2]/D
                                0.12           0.09 f        -0.03  (VIOLATED)
   ibex_top_inst/u_ibex_core/if_stage_i/gen_prefetch_buffer.prefetch_buffer_i/fifo_i/rdata_q_reg[2][3]/D
                                0.12           0.09 f        -0.03  (VIOLATED)
   ibex_top_inst/u_ibex_core/id_stage_i/controller_i/store_err_q_reg/D
                                0.13           0.11 f        -0.02  (VIOLATED)
   ibex_top_inst/u_ibex_core/id_stage_i/controller_i/load_err_q_reg/D
                                0.13           0.11 f        -0.02  (VIOLATED)
   ibex_top_inst/u_ibex_core/load_store_unit_i/rdata_q_reg[9]/D
                                0.13           0.11 f        -0.02  (VIOLATED)
   ibex_top_inst/u_ibex_core/load_store_unit_i/rdata_q_reg[10]/D
                                0.13           0.11 f        -0.02  (VIOLATED)
   ibex_top_inst/u_ibex_core/load_store_unit_i/rdata_q_reg[11]/D
                                0.13           0.11 f        -0.02  (VIOLATED)
   ibex_top_inst/u_ibex_core/load_store_unit_i/rdata_q_reg[12]/D
                                0.13           0.11 f        -0.02  (VIOLATED)
   ibex_top_inst/u_ibex_core/load_store_unit_i/rdata_q_reg[8]/D
                                0.13           0.11 f        -0.02  (VIOLATED)
   ibex_top_inst/u_ibex_core/load_store_unit_i/rdata_q_reg[13]/D
                                0.13           0.11 f        -0.02  (VIOLATED)
   ibex_top_inst/u_ibex_core/load_store_unit_i/rdata_q_reg[14]/D
                                0.13           0.11 f        -0.02  (VIOLATED)
   ibex_top_inst/u_ibex_core/load_store_unit_i/rdata_q_reg[15]/D
                                0.13           0.11 f        -0.02  (VIOLATED)
   ibex_top_inst/gen_regfile_ff.register_file_i/g_rf_flops[1].rf_reg_q_reg[31]/D
                                0.13           0.11 f        -0.02  (VIOLATED)
   ibex_top_inst/gen_regfile_ff.register_file_i/g_rf_flops[2].rf_reg_q_reg[31]/D
                                0.13           0.11 f        -0.02  (VIOLATED)
   ibex_top_inst/gen_regfile_ff.register_file_i/g_rf_flops[3].rf_reg_q_reg[31]/D
                                0.13           0.11 f        -0.02  (VIOLATED)
   ibex_top_inst/gen_regfile_ff.register_file_i/g_rf_flops[4].rf_reg_q_reg[31]/D
                                0.13           0.11 f        -0.02  (VIOLATED)
   ibex_top_inst/gen_regfile_ff.register_file_i/g_rf_flops[5].rf_reg_q_reg[31]/D
                                0.13           0.11 f        -0.02  (VIOLATED)
   ibex_top_inst/gen_regfile_ff.register_file_i/g_rf_flops[6].rf_reg_q_reg[31]/D
                                0.13           0.11 f        -0.02  (VIOLATED)
   ibex_top_inst/gen_regfile_ff.register_file_i/g_rf_flops[7].rf_reg_q_reg[31]/D
                                0.13           0.11 f        -0.02  (VIOLATED)
   ibex_top_inst/gen_regfile_ff.register_file_i/g_rf_flops[8].rf_reg_q_reg[31]/D
                                0.13           0.11 f        -0.02  (VIOLATED)
   ibex_top_inst/gen_regfile_ff.register_file_i/g_rf_flops[9].rf_reg_q_reg[31]/D
                                0.13           0.11 f        -0.02  (VIOLATED)
   ibex_top_inst/gen_regfile_ff.register_file_i/g_rf_flops[10].rf_reg_q_reg[31]/D
                                0.13           0.11 f        -0.02  (VIOLATED)
   ibex_top_inst/gen_regfile_ff.register_file_i/g_rf_flops[11].rf_reg_q_reg[31]/D
                                0.13           0.11 f        -0.02  (VIOLATED)
   ibex_top_inst/gen_regfile_ff.register_file_i/g_rf_flops[12].rf_reg_q_reg[31]/D
                                0.13           0.11 f        -0.02  (VIOLATED)
   ibex_top_inst/gen_regfile_ff.register_file_i/g_rf_flops[13].rf_reg_q_reg[31]/D
                                0.13           0.11 f        -0.02  (VIOLATED)
   ibex_top_inst/gen_regfile_ff.register_file_i/g_rf_flops[14].rf_reg_q_reg[31]/D
                                0.13           0.11 f        -0.02  (VIOLATED)
   ibex_top_inst/gen_regfile_ff.register_file_i/g_rf_flops[15].rf_reg_q_reg[31]/D
                                0.13           0.11 f        -0.02  (VIOLATED)
   ibex_top_inst/gen_regfile_ff.register_file_i/g_rf_flops[16].rf_reg_q_reg[31]/D
                                0.13           0.11 f        -0.02  (VIOLATED)
   ibex_top_inst/gen_regfile_ff.register_file_i/g_rf_flops[17].rf_reg_q_reg[31]/D
                                0.13           0.11 f        -0.02  (VIOLATED)
   ibex_top_inst/gen_regfile_ff.register_file_i/g_rf_flops[18].rf_reg_q_reg[31]/D
                                0.13           0.11 f        -0.02  (VIOLATED)
   ibex_top_inst/gen_regfile_ff.register_file_i/g_rf_flops[19].rf_reg_q_reg[31]/D
                                0.13           0.11 f        -0.02  (VIOLATED)
   ibex_top_inst/gen_regfile_ff.register_file_i/g_rf_flops[20].rf_reg_q_reg[31]/D
                                0.13           0.11 f        -0.02  (VIOLATED)
   ibex_top_inst/gen_regfile_ff.register_file_i/g_rf_flops[21].rf_reg_q_reg[31]/D
                                0.13           0.11 f        -0.02  (VIOLATED)
   ibex_top_inst/gen_regfile_ff.register_file_i/g_rf_flops[22].rf_reg_q_reg[31]/D
                                0.13           0.11 f        -0.02  (VIOLATED)
   ibex_top_inst/gen_regfile_ff.register_file_i/g_rf_flops[23].rf_reg_q_reg[31]/D
                                0.13           0.11 f        -0.02  (VIOLATED)
   ibex_top_inst/gen_regfile_ff.register_file_i/g_rf_flops[24].rf_reg_q_reg[31]/D
                                0.13           0.11 f        -0.02  (VIOLATED)
   ibex_top_inst/gen_regfile_ff.register_file_i/g_rf_flops[25].rf_reg_q_reg[31]/D
                                0.13           0.11 f        -0.02  (VIOLATED)
   ibex_top_inst/gen_regfile_ff.register_file_i/g_rf_flops[26].rf_reg_q_reg[31]/D
                                0.13           0.11 f        -0.02  (VIOLATED)
   ibex_top_inst/gen_regfile_ff.register_file_i/g_rf_flops[27].rf_reg_q_reg[31]/D
                                0.13           0.11 f        -0.02  (VIOLATED)
   ibex_top_inst/gen_regfile_ff.register_file_i/g_rf_flops[28].rf_reg_q_reg[31]/D
                                0.13           0.11 f        -0.02  (VIOLATED)
   ibex_top_inst/gen_regfile_ff.register_file_i/g_rf_flops[29].rf_reg_q_reg[31]/D
                                0.13           0.11 f        -0.02  (VIOLATED)
   ibex_top_inst/gen_regfile_ff.register_file_i/g_rf_flops[30].rf_reg_q_reg[31]/D
                                0.13           0.11 f        -0.02  (VIOLATED)
   ibex_top_inst/gen_regfile_ff.register_file_i/g_rf_flops[31].rf_reg_q_reg[31]/D
                                0.13           0.11 f        -0.02  (VIOLATED)
   ibex_top_inst/u_ibex_core/id_stage_i/controller_i/do_single_step_q_reg/D
                                0.13           0.11 f        -0.02  (VIOLATED)
   ibex_top_inst/gen_regfile_ff.register_file_i/g_rf_flops[3].rf_reg_q_reg[0]/D
                                0.13           0.11 f        -0.02  (VIOLATED)
   ibex_top_inst/gen_regfile_ff.register_file_i/g_rf_flops[3].rf_reg_q_reg[1]/D
                                0.13           0.11 f        -0.02  (VIOLATED)
   ibex_top_inst/gen_regfile_ff.register_file_i/g_rf_flops[5].rf_reg_q_reg[0]/D
                                0.13           0.11 f        -0.02  (VIOLATED)
   ibex_top_inst/gen_regfile_ff.register_file_i/g_rf_flops[5].rf_reg_q_reg[1]/D
                                0.13           0.11 f        -0.02  (VIOLATED)
   ibex_top_inst/gen_regfile_ff.register_file_i/g_rf_flops[6].rf_reg_q_reg[0]/D
                                0.13           0.11 f        -0.02  (VIOLATED)
   ibex_top_inst/gen_regfile_ff.register_file_i/g_rf_flops[6].rf_reg_q_reg[1]/D
                                0.13           0.11 f        -0.02  (VIOLATED)
   ibex_top_inst/gen_regfile_ff.register_file_i/g_rf_flops[7].rf_reg_q_reg[0]/D
                                0.13           0.11 f        -0.02  (VIOLATED)
   ibex_top_inst/gen_regfile_ff.register_file_i/g_rf_flops[7].rf_reg_q_reg[1]/D
                                0.13           0.11 f        -0.02  (VIOLATED)
   ibex_top_inst/gen_regfile_ff.register_file_i/g_rf_flops[8].rf_reg_q_reg[0]/D
                                0.13           0.11 f        -0.02  (VIOLATED)
   ibex_top_inst/gen_regfile_ff.register_file_i/g_rf_flops[8].rf_reg_q_reg[1]/D
                                0.13           0.11 f        -0.02  (VIOLATED)
   ibex_top_inst/gen_regfile_ff.register_file_i/g_rf_flops[11].rf_reg_q_reg[0]/D
                                0.13           0.11 f        -0.02  (VIOLATED)
   ibex_top_inst/gen_regfile_ff.register_file_i/g_rf_flops[11].rf_reg_q_reg[1]/D
                                0.13           0.11 f        -0.02  (VIOLATED)
   ibex_top_inst/gen_regfile_ff.register_file_i/g_rf_flops[13].rf_reg_q_reg[0]/D
                                0.13           0.11 f        -0.02  (VIOLATED)
   ibex_top_inst/gen_regfile_ff.register_file_i/g_rf_flops[13].rf_reg_q_reg[1]/D
                                0.13           0.11 f        -0.02  (VIOLATED)
   ibex_top_inst/gen_regfile_ff.register_file_i/g_rf_flops[14].rf_reg_q_reg[0]/D
                                0.13           0.11 f        -0.02  (VIOLATED)
   ibex_top_inst/gen_regfile_ff.register_file_i/g_rf_flops[14].rf_reg_q_reg[1]/D
                                0.13           0.11 f        -0.02  (VIOLATED)
   ibex_top_inst/gen_regfile_ff.register_file_i/g_rf_flops[15].rf_reg_q_reg[0]/D
                                0.13           0.11 f        -0.02  (VIOLATED)
   ibex_top_inst/gen_regfile_ff.register_file_i/g_rf_flops[15].rf_reg_q_reg[1]/D
                                0.13           0.11 f        -0.02  (VIOLATED)
   ibex_top_inst/gen_regfile_ff.register_file_i/g_rf_flops[16].rf_reg_q_reg[0]/D
                                0.13           0.11 f        -0.02  (VIOLATED)
   ibex_top_inst/gen_regfile_ff.register_file_i/g_rf_flops[16].rf_reg_q_reg[1]/D
                                0.13           0.11 f        -0.02  (VIOLATED)
   ibex_top_inst/gen_regfile_ff.register_file_i/g_rf_flops[19].rf_reg_q_reg[0]/D
                                0.13           0.11 f        -0.02  (VIOLATED)
   ibex_top_inst/gen_regfile_ff.register_file_i/g_rf_flops[19].rf_reg_q_reg[1]/D
                                0.13           0.11 f        -0.02  (VIOLATED)
   ibex_top_inst/gen_regfile_ff.register_file_i/g_rf_flops[21].rf_reg_q_reg[0]/D
                                0.13           0.11 f        -0.02  (VIOLATED)
   ibex_top_inst/gen_regfile_ff.register_file_i/g_rf_flops[21].rf_reg_q_reg[1]/D
                                0.13           0.11 f        -0.02  (VIOLATED)
   ibex_top_inst/gen_regfile_ff.register_file_i/g_rf_flops[22].rf_reg_q_reg[0]/D
                                0.13           0.11 f        -0.02  (VIOLATED)
   ibex_top_inst/gen_regfile_ff.register_file_i/g_rf_flops[22].rf_reg_q_reg[1]/D
                                0.13           0.11 f        -0.02  (VIOLATED)
   ibex_top_inst/gen_regfile_ff.register_file_i/g_rf_flops[23].rf_reg_q_reg[0]/D
                                0.13           0.11 f        -0.02  (VIOLATED)
   ibex_top_inst/gen_regfile_ff.register_file_i/g_rf_flops[23].rf_reg_q_reg[1]/D
                                0.13           0.11 f        -0.02  (VIOLATED)
   ibex_top_inst/gen_regfile_ff.register_file_i/g_rf_flops[24].rf_reg_q_reg[0]/D
                                0.13           0.11 f        -0.02  (VIOLATED)
   ibex_top_inst/gen_regfile_ff.register_file_i/g_rf_flops[24].rf_reg_q_reg[1]/D
                                0.13           0.11 f        -0.02  (VIOLATED)
   ibex_top_inst/gen_regfile_ff.register_file_i/g_rf_flops[27].rf_reg_q_reg[0]/D
                                0.13           0.11 f        -0.02  (VIOLATED)
   ibex_top_inst/gen_regfile_ff.register_file_i/g_rf_flops[27].rf_reg_q_reg[1]/D
                                0.13           0.11 f        -0.02  (VIOLATED)
   ibex_top_inst/gen_regfile_ff.register_file_i/g_rf_flops[29].rf_reg_q_reg[0]/D
                                0.13           0.11 f        -0.02  (VIOLATED)
   ibex_top_inst/gen_regfile_ff.register_file_i/g_rf_flops[29].rf_reg_q_reg[1]/D
                                0.13           0.11 f        -0.02  (VIOLATED)
   ibex_top_inst/gen_regfile_ff.register_file_i/g_rf_flops[30].rf_reg_q_reg[0]/D
                                0.13           0.11 f        -0.02  (VIOLATED)
   ibex_top_inst/gen_regfile_ff.register_file_i/g_rf_flops[30].rf_reg_q_reg[1]/D
                                0.13           0.11 f        -0.02  (VIOLATED)
   ibex_top_inst/gen_regfile_ff.register_file_i/g_rf_flops[31].rf_reg_q_reg[0]/D
                                0.13           0.11 f        -0.02  (VIOLATED)
   ibex_top_inst/gen_regfile_ff.register_file_i/g_rf_flops[31].rf_reg_q_reg[1]/D
                                0.13           0.11 f        -0.02  (VIOLATED)
   ibex_top_inst/gen_regfile_ff.register_file_i/g_rf_flops[1].rf_reg_q_reg[4]/D
                                0.13           0.11 f        -0.02  (VIOLATED)
   ibex_top_inst/gen_regfile_ff.register_file_i/g_rf_flops[1].rf_reg_q_reg[5]/D
                                0.13           0.11 f        -0.02  (VIOLATED)
   ibex_top_inst/gen_regfile_ff.register_file_i/g_rf_flops[1].rf_reg_q_reg[6]/D
                                0.13           0.11 f        -0.02  (VIOLATED)
   ibex_top_inst/gen_regfile_ff.register_file_i/g_rf_flops[1].rf_reg_q_reg[7]/D
                                0.13           0.11 f        -0.02  (VIOLATED)
   ibex_top_inst/gen_regfile_ff.register_file_i/g_rf_flops[1].rf_reg_q_reg[8]/D
                                0.13           0.11 f        -0.02  (VIOLATED)
   ibex_top_inst/gen_regfile_ff.register_file_i/g_rf_flops[1].rf_reg_q_reg[9]/D
                                0.13           0.11 f        -0.02  (VIOLATED)
   ibex_top_inst/gen_regfile_ff.register_file_i/g_rf_flops[1].rf_reg_q_reg[10]/D
                                0.13           0.11 f        -0.02  (VIOLATED)
   ibex_top_inst/gen_regfile_ff.register_file_i/g_rf_flops[1].rf_reg_q_reg[11]/D
                                0.13           0.11 f        -0.02  (VIOLATED)
   ibex_top_inst/gen_regfile_ff.register_file_i/g_rf_flops[1].rf_reg_q_reg[12]/D
                                0.13           0.11 f        -0.02  (VIOLATED)
   ibex_top_inst/gen_regfile_ff.register_file_i/g_rf_flops[1].rf_reg_q_reg[13]/D
                                0.13           0.11 f        -0.02  (VIOLATED)
   ibex_top_inst/gen_regfile_ff.register_file_i/g_rf_flops[1].rf_reg_q_reg[14]/D
                                0.13           0.11 f        -0.02  (VIOLATED)
   ibex_top_inst/gen_regfile_ff.register_file_i/g_rf_flops[1].rf_reg_q_reg[15]/D
                                0.13           0.11 f        -0.02  (VIOLATED)
   ibex_top_inst/gen_regfile_ff.register_file_i/g_rf_flops[1].rf_reg_q_reg[16]/D
                                0.13           0.11 f        -0.02  (VIOLATED)
   ibex_top_inst/gen_regfile_ff.register_file_i/g_rf_flops[1].rf_reg_q_reg[17]/D
                                0.13           0.11 f        -0.02  (VIOLATED)
   ibex_top_inst/gen_regfile_ff.register_file_i/g_rf_flops[1].rf_reg_q_reg[18]/D
                                0.13           0.11 f        -0.02  (VIOLATED)
   ibex_top_inst/gen_regfile_ff.register_file_i/g_rf_flops[1].rf_reg_q_reg[19]/D
                                0.13           0.11 f        -0.02  (VIOLATED)
   ibex_top_inst/gen_regfile_ff.register_file_i/g_rf_flops[1].rf_reg_q_reg[20]/D
                                0.13           0.11 f        -0.02  (VIOLATED)
   ibex_top_inst/gen_regfile_ff.register_file_i/g_rf_flops[1].rf_reg_q_reg[21]/D
                                0.13           0.11 f        -0.02  (VIOLATED)
   ibex_top_inst/gen_regfile_ff.register_file_i/g_rf_flops[1].rf_reg_q_reg[22]/D
                                0.13           0.11 f        -0.02  (VIOLATED)
   ibex_top_inst/gen_regfile_ff.register_file_i/g_rf_flops[1].rf_reg_q_reg[23]/D
                                0.13           0.11 f        -0.02  (VIOLATED)
   ibex_top_inst/gen_regfile_ff.register_file_i/g_rf_flops[1].rf_reg_q_reg[24]/D
                                0.13           0.11 f        -0.02  (VIOLATED)
   ibex_top_inst/gen_regfile_ff.register_file_i/g_rf_flops[1].rf_reg_q_reg[25]/D
                                0.13           0.11 f        -0.02  (VIOLATED)
   ibex_top_inst/gen_regfile_ff.register_file_i/g_rf_flops[1].rf_reg_q_reg[26]/D
                                0.13           0.11 f        -0.02  (VIOLATED)
   ibex_top_inst/gen_regfile_ff.register_file_i/g_rf_flops[1].rf_reg_q_reg[27]/D
                                0.13           0.11 f        -0.02  (VIOLATED)
   ibex_top_inst/gen_regfile_ff.register_file_i/g_rf_flops[1].rf_reg_q_reg[28]/D
                                0.13           0.11 f        -0.02  (VIOLATED)
   ibex_top_inst/gen_regfile_ff.register_file_i/g_rf_flops[1].rf_reg_q_reg[29]/D
                                0.13           0.11 f        -0.02  (VIOLATED)
   ibex_top_inst/gen_regfile_ff.register_file_i/g_rf_flops[1].rf_reg_q_reg[30]/D
                                0.13           0.11 f        -0.02  (VIOLATED)
   ibex_top_inst/gen_regfile_ff.register_file_i/g_rf_flops[2].rf_reg_q_reg[4]/D
                                0.13           0.11 f        -0.02  (VIOLATED)
   ibex_top_inst/gen_regfile_ff.register_file_i/g_rf_flops[2].rf_reg_q_reg[5]/D
                                0.13           0.11 f        -0.02  (VIOLATED)
   ibex_top_inst/gen_regfile_ff.register_file_i/g_rf_flops[2].rf_reg_q_reg[6]/D
                                0.13           0.11 f        -0.02  (VIOLATED)
   ibex_top_inst/gen_regfile_ff.register_file_i/g_rf_flops[2].rf_reg_q_reg[7]/D
                                0.13           0.11 f        -0.02  (VIOLATED)
   ibex_top_inst/gen_regfile_ff.register_file_i/g_rf_flops[2].rf_reg_q_reg[8]/D
                                0.13           0.11 f        -0.02  (VIOLATED)
   ibex_top_inst/gen_regfile_ff.register_file_i/g_rf_flops[2].rf_reg_q_reg[9]/D
                                0.13           0.11 f        -0.02  (VIOLATED)
   ibex_top_inst/gen_regfile_ff.register_file_i/g_rf_flops[2].rf_reg_q_reg[10]/D
                                0.13           0.11 f        -0.02  (VIOLATED)
   ibex_top_inst/gen_regfile_ff.register_file_i/g_rf_flops[2].rf_reg_q_reg[11]/D
                                0.13           0.11 f        -0.02  (VIOLATED)
   ibex_top_inst/gen_regfile_ff.register_file_i/g_rf_flops[2].rf_reg_q_reg[12]/D
                                0.13           0.11 f        -0.02  (VIOLATED)
   ibex_top_inst/gen_regfile_ff.register_file_i/g_rf_flops[2].rf_reg_q_reg[13]/D
                                0.13           0.11 f        -0.02  (VIOLATED)
   ibex_top_inst/gen_regfile_ff.register_file_i/g_rf_flops[2].rf_reg_q_reg[14]/D
                                0.13           0.11 f        -0.02  (VIOLATED)
   ibex_top_inst/gen_regfile_ff.register_file_i/g_rf_flops[2].rf_reg_q_reg[15]/D
                                0.13           0.11 f        -0.02  (VIOLATED)
   ibex_top_inst/gen_regfile_ff.register_file_i/g_rf_flops[2].rf_reg_q_reg[16]/D
                                0.13           0.11 f        -0.02  (VIOLATED)
   ibex_top_inst/gen_regfile_ff.register_file_i/g_rf_flops[2].rf_reg_q_reg[17]/D
                                0.13           0.11 f        -0.02  (VIOLATED)
   ibex_top_inst/gen_regfile_ff.register_file_i/g_rf_flops[2].rf_reg_q_reg[18]/D
                                0.13           0.11 f        -0.02  (VIOLATED)
   ibex_top_inst/gen_regfile_ff.register_file_i/g_rf_flops[2].rf_reg_q_reg[19]/D
                                0.13           0.11 f        -0.02  (VIOLATED)
   ibex_top_inst/gen_regfile_ff.register_file_i/g_rf_flops[2].rf_reg_q_reg[20]/D
                                0.13           0.11 f        -0.02  (VIOLATED)
   ibex_top_inst/gen_regfile_ff.register_file_i/g_rf_flops[2].rf_reg_q_reg[21]/D
                                0.13           0.11 f        -0.02  (VIOLATED)
   ibex_top_inst/gen_regfile_ff.register_file_i/g_rf_flops[2].rf_reg_q_reg[22]/D
                                0.13           0.11 f        -0.02  (VIOLATED)
   ibex_top_inst/gen_regfile_ff.register_file_i/g_rf_flops[2].rf_reg_q_reg[23]/D
                                0.13           0.11 f        -0.02  (VIOLATED)
   ibex_top_inst/gen_regfile_ff.register_file_i/g_rf_flops[2].rf_reg_q_reg[24]/D
                                0.13           0.11 f        -0.02  (VIOLATED)
   ibex_top_inst/gen_regfile_ff.register_file_i/g_rf_flops[2].rf_reg_q_reg[25]/D
                                0.13           0.11 f        -0.02  (VIOLATED)
   ibex_top_inst/gen_regfile_ff.register_file_i/g_rf_flops[2].rf_reg_q_reg[26]/D
                                0.13           0.11 f        -0.02  (VIOLATED)
   ibex_top_inst/gen_regfile_ff.register_file_i/g_rf_flops[2].rf_reg_q_reg[27]/D
                                0.13           0.11 f        -0.02  (VIOLATED)
   ibex_top_inst/gen_regfile_ff.register_file_i/g_rf_flops[2].rf_reg_q_reg[28]/D
                                0.13           0.11 f        -0.02  (VIOLATED)
   ibex_top_inst/gen_regfile_ff.register_file_i/g_rf_flops[2].rf_reg_q_reg[29]/D
                                0.13           0.11 f        -0.02  (VIOLATED)
   ibex_top_inst/gen_regfile_ff.register_file_i/g_rf_flops[2].rf_reg_q_reg[30]/D
                                0.13           0.11 f        -0.02  (VIOLATED)
   ibex_top_inst/gen_regfile_ff.register_file_i/g_rf_flops[3].rf_reg_q_reg[4]/D
                                0.13           0.11 f        -0.02  (VIOLATED)
   ibex_top_inst/gen_regfile_ff.register_file_i/g_rf_flops[3].rf_reg_q_reg[5]/D
                                0.13           0.11 f        -0.02  (VIOLATED)
   ibex_top_inst/gen_regfile_ff.register_file_i/g_rf_flops[3].rf_reg_q_reg[6]/D
                                0.13           0.11 f        -0.02  (VIOLATED)
   ibex_top_inst/gen_regfile_ff.register_file_i/g_rf_flops[3].rf_reg_q_reg[7]/D
                                0.13           0.11 f        -0.02  (VIOLATED)
   ibex_top_inst/gen_regfile_ff.register_file_i/g_rf_flops[3].rf_reg_q_reg[8]/D
                                0.13           0.11 f        -0.02  (VIOLATED)
   ibex_top_inst/gen_regfile_ff.register_file_i/g_rf_flops[3].rf_reg_q_reg[9]/D
                                0.13           0.11 f        -0.02  (VIOLATED)
   ibex_top_inst/gen_regfile_ff.register_file_i/g_rf_flops[3].rf_reg_q_reg[10]/D
                                0.13           0.11 f        -0.02  (VIOLATED)
   ibex_top_inst/gen_regfile_ff.register_file_i/g_rf_flops[3].rf_reg_q_reg[11]/D
                                0.13           0.11 f        -0.02  (VIOLATED)
   ibex_top_inst/gen_regfile_ff.register_file_i/g_rf_flops[3].rf_reg_q_reg[12]/D
                                0.13           0.11 f        -0.02  (VIOLATED)
   ibex_top_inst/gen_regfile_ff.register_file_i/g_rf_flops[3].rf_reg_q_reg[13]/D
                                0.13           0.11 f        -0.02  (VIOLATED)
   ibex_top_inst/gen_regfile_ff.register_file_i/g_rf_flops[3].rf_reg_q_reg[14]/D
                                0.13           0.11 f        -0.02  (VIOLATED)
   ibex_top_inst/gen_regfile_ff.register_file_i/g_rf_flops[3].rf_reg_q_reg[15]/D
                                0.13           0.11 f        -0.02  (VIOLATED)
   ibex_top_inst/gen_regfile_ff.register_file_i/g_rf_flops[3].rf_reg_q_reg[16]/D
                                0.13           0.11 f        -0.02  (VIOLATED)
   ibex_top_inst/gen_regfile_ff.register_file_i/g_rf_flops[3].rf_reg_q_reg[17]/D
                                0.13           0.11 f        -0.02  (VIOLATED)
   ibex_top_inst/gen_regfile_ff.register_file_i/g_rf_flops[3].rf_reg_q_reg[18]/D
                                0.13           0.11 f        -0.02  (VIOLATED)
   ibex_top_inst/gen_regfile_ff.register_file_i/g_rf_flops[3].rf_reg_q_reg[19]/D
                                0.13           0.11 f        -0.02  (VIOLATED)
   ibex_top_inst/gen_regfile_ff.register_file_i/g_rf_flops[3].rf_reg_q_reg[20]/D
                                0.13           0.11 f        -0.02  (VIOLATED)
   ibex_top_inst/gen_regfile_ff.register_file_i/g_rf_flops[3].rf_reg_q_reg[21]/D
                                0.13           0.11 f        -0.02  (VIOLATED)
   ibex_top_inst/gen_regfile_ff.register_file_i/g_rf_flops[3].rf_reg_q_reg[22]/D
                                0.13           0.11 f        -0.02  (VIOLATED)
   ibex_top_inst/gen_regfile_ff.register_file_i/g_rf_flops[3].rf_reg_q_reg[23]/D
                                0.13           0.11 f        -0.02  (VIOLATED)
   ibex_top_inst/gen_regfile_ff.register_file_i/g_rf_flops[3].rf_reg_q_reg[24]/D
                                0.13           0.11 f        -0.02  (VIOLATED)
   ibex_top_inst/gen_regfile_ff.register_file_i/g_rf_flops[3].rf_reg_q_reg[25]/D
                                0.13           0.11 f        -0.02  (VIOLATED)
   ibex_top_inst/gen_regfile_ff.register_file_i/g_rf_flops[3].rf_reg_q_reg[26]/D
                                0.13           0.11 f        -0.02  (VIOLATED)
   ibex_top_inst/gen_regfile_ff.register_file_i/g_rf_flops[3].rf_reg_q_reg[27]/D
                                0.13           0.11 f        -0.02  (VIOLATED)
   ibex_top_inst/gen_regfile_ff.register_file_i/g_rf_flops[3].rf_reg_q_reg[28]/D
                                0.13           0.11 f        -0.02  (VIOLATED)
   ibex_top_inst/gen_regfile_ff.register_file_i/g_rf_flops[3].rf_reg_q_reg[29]/D
                                0.13           0.11 f        -0.02  (VIOLATED)
   ibex_top_inst/gen_regfile_ff.register_file_i/g_rf_flops[3].rf_reg_q_reg[30]/D
                                0.13           0.11 f        -0.02  (VIOLATED)
   ibex_top_inst/gen_regfile_ff.register_file_i/g_rf_flops[4].rf_reg_q_reg[4]/D
                                0.13           0.11 f        -0.02  (VIOLATED)
   ibex_top_inst/gen_regfile_ff.register_file_i/g_rf_flops[4].rf_reg_q_reg[5]/D
                                0.13           0.11 f        -0.02  (VIOLATED)
   ibex_top_inst/gen_regfile_ff.register_file_i/g_rf_flops[4].rf_reg_q_reg[6]/D
                                0.13           0.11 f        -0.02  (VIOLATED)
   ibex_top_inst/gen_regfile_ff.register_file_i/g_rf_flops[4].rf_reg_q_reg[7]/D
                                0.13           0.11 f        -0.02  (VIOLATED)
   ibex_top_inst/gen_regfile_ff.register_file_i/g_rf_flops[4].rf_reg_q_reg[8]/D
                                0.13           0.11 f        -0.02  (VIOLATED)
   ibex_top_inst/gen_regfile_ff.register_file_i/g_rf_flops[4].rf_reg_q_reg[9]/D
                                0.13           0.11 f        -0.02  (VIOLATED)
   ibex_top_inst/gen_regfile_ff.register_file_i/g_rf_flops[4].rf_reg_q_reg[10]/D
                                0.13           0.11 f        -0.02  (VIOLATED)
   ibex_top_inst/gen_regfile_ff.register_file_i/g_rf_flops[4].rf_reg_q_reg[11]/D
                                0.13           0.11 f        -0.02  (VIOLATED)
   ibex_top_inst/gen_regfile_ff.register_file_i/g_rf_flops[4].rf_reg_q_reg[12]/D
                                0.13           0.11 f        -0.02  (VIOLATED)
   ibex_top_inst/gen_regfile_ff.register_file_i/g_rf_flops[4].rf_reg_q_reg[13]/D
                                0.13           0.11 f        -0.02  (VIOLATED)
   ibex_top_inst/gen_regfile_ff.register_file_i/g_rf_flops[4].rf_reg_q_reg[14]/D
                                0.13           0.11 f        -0.02  (VIOLATED)
   ibex_top_inst/gen_regfile_ff.register_file_i/g_rf_flops[4].rf_reg_q_reg[15]/D
                                0.13           0.11 f        -0.02  (VIOLATED)
   ibex_top_inst/gen_regfile_ff.register_file_i/g_rf_flops[4].rf_reg_q_reg[16]/D
                                0.13           0.11 f        -0.02  (VIOLATED)
   ibex_top_inst/gen_regfile_ff.register_file_i/g_rf_flops[4].rf_reg_q_reg[17]/D
                                0.13           0.11 f        -0.02  (VIOLATED)
   ibex_top_inst/gen_regfile_ff.register_file_i/g_rf_flops[4].rf_reg_q_reg[18]/D
                                0.13           0.11 f        -0.02  (VIOLATED)
   ibex_top_inst/gen_regfile_ff.register_file_i/g_rf_flops[4].rf_reg_q_reg[19]/D
                                0.13           0.11 f        -0.02  (VIOLATED)
   ibex_top_inst/gen_regfile_ff.register_file_i/g_rf_flops[4].rf_reg_q_reg[20]/D
                                0.13           0.11 f        -0.02  (VIOLATED)
   ibex_top_inst/gen_regfile_ff.register_file_i/g_rf_flops[4].rf_reg_q_reg[21]/D
                                0.13           0.11 f        -0.02  (VIOLATED)
   ibex_top_inst/gen_regfile_ff.register_file_i/g_rf_flops[4].rf_reg_q_reg[22]/D
                                0.13           0.11 f        -0.02  (VIOLATED)
   ibex_top_inst/gen_regfile_ff.register_file_i/g_rf_flops[4].rf_reg_q_reg[23]/D
                                0.13           0.11 f        -0.02  (VIOLATED)
   ibex_top_inst/gen_regfile_ff.register_file_i/g_rf_flops[4].rf_reg_q_reg[24]/D
                                0.13           0.11 f        -0.02  (VIOLATED)
   ibex_top_inst/gen_regfile_ff.register_file_i/g_rf_flops[4].rf_reg_q_reg[25]/D
                                0.13           0.11 f        -0.02  (VIOLATED)
   ibex_top_inst/gen_regfile_ff.register_file_i/g_rf_flops[4].rf_reg_q_reg[26]/D
                                0.13           0.11 f        -0.02  (VIOLATED)
   ibex_top_inst/gen_regfile_ff.register_file_i/g_rf_flops[4].rf_reg_q_reg[27]/D
                                0.13           0.11 f        -0.02  (VIOLATED)
   ibex_top_inst/gen_regfile_ff.register_file_i/g_rf_flops[4].rf_reg_q_reg[28]/D
                                0.13           0.11 f        -0.02  (VIOLATED)
   ibex_top_inst/gen_regfile_ff.register_file_i/g_rf_flops[4].rf_reg_q_reg[29]/D
                                0.13           0.11 f        -0.02  (VIOLATED)
   ibex_top_inst/gen_regfile_ff.register_file_i/g_rf_flops[4].rf_reg_q_reg[30]/D
                                0.13           0.11 f        -0.02  (VIOLATED)
   ibex_top_inst/gen_regfile_ff.register_file_i/g_rf_flops[5].rf_reg_q_reg[4]/D
                                0.13           0.11 f        -0.02  (VIOLATED)
   ibex_top_inst/gen_regfile_ff.register_file_i/g_rf_flops[5].rf_reg_q_reg[5]/D
                                0.13           0.11 f        -0.02  (VIOLATED)
   ibex_top_inst/gen_regfile_ff.register_file_i/g_rf_flops[5].rf_reg_q_reg[6]/D
                                0.13           0.11 f        -0.02  (VIOLATED)
   ibex_top_inst/gen_regfile_ff.register_file_i/g_rf_flops[5].rf_reg_q_reg[7]/D
                                0.13           0.11 f        -0.02  (VIOLATED)
   ibex_top_inst/gen_regfile_ff.register_file_i/g_rf_flops[5].rf_reg_q_reg[8]/D
                                0.13           0.11 f        -0.02  (VIOLATED)
   ibex_top_inst/gen_regfile_ff.register_file_i/g_rf_flops[5].rf_reg_q_reg[9]/D
                                0.13           0.11 f        -0.02  (VIOLATED)
   ibex_top_inst/gen_regfile_ff.register_file_i/g_rf_flops[5].rf_reg_q_reg[10]/D
                                0.13           0.11 f        -0.02  (VIOLATED)
   ibex_top_inst/gen_regfile_ff.register_file_i/g_rf_flops[5].rf_reg_q_reg[11]/D
                                0.13           0.11 f        -0.02  (VIOLATED)
   ibex_top_inst/gen_regfile_ff.register_file_i/g_rf_flops[5].rf_reg_q_reg[12]/D
                                0.13           0.11 f        -0.02  (VIOLATED)
   ibex_top_inst/gen_regfile_ff.register_file_i/g_rf_flops[5].rf_reg_q_reg[13]/D
                                0.13           0.11 f        -0.02  (VIOLATED)
   ibex_top_inst/gen_regfile_ff.register_file_i/g_rf_flops[5].rf_reg_q_reg[14]/D
                                0.13           0.11 f        -0.02  (VIOLATED)
   ibex_top_inst/gen_regfile_ff.register_file_i/g_rf_flops[5].rf_reg_q_reg[15]/D
                                0.13           0.11 f        -0.02  (VIOLATED)
   ibex_top_inst/gen_regfile_ff.register_file_i/g_rf_flops[5].rf_reg_q_reg[16]/D
                                0.13           0.11 f        -0.02  (VIOLATED)
   ibex_top_inst/gen_regfile_ff.register_file_i/g_rf_flops[5].rf_reg_q_reg[17]/D
                                0.13           0.11 f        -0.02  (VIOLATED)
   ibex_top_inst/gen_regfile_ff.register_file_i/g_rf_flops[5].rf_reg_q_reg[18]/D
                                0.13           0.11 f        -0.02  (VIOLATED)
   ibex_top_inst/gen_regfile_ff.register_file_i/g_rf_flops[5].rf_reg_q_reg[19]/D
                                0.13           0.11 f        -0.02  (VIOLATED)
   ibex_top_inst/gen_regfile_ff.register_file_i/g_rf_flops[5].rf_reg_q_reg[20]/D
                                0.13           0.11 f        -0.02  (VIOLATED)
   ibex_top_inst/gen_regfile_ff.register_file_i/g_rf_flops[5].rf_reg_q_reg[21]/D
                                0.13           0.11 f        -0.02  (VIOLATED)
   ibex_top_inst/gen_regfile_ff.register_file_i/g_rf_flops[5].rf_reg_q_reg[22]/D
                                0.13           0.11 f        -0.02  (VIOLATED)
   ibex_top_inst/gen_regfile_ff.register_file_i/g_rf_flops[5].rf_reg_q_reg[23]/D
                                0.13           0.11 f        -0.02  (VIOLATED)
   ibex_top_inst/gen_regfile_ff.register_file_i/g_rf_flops[5].rf_reg_q_reg[24]/D
                                0.13           0.11 f        -0.02  (VIOLATED)
   ibex_top_inst/gen_regfile_ff.register_file_i/g_rf_flops[5].rf_reg_q_reg[25]/D
                                0.13           0.11 f        -0.02  (VIOLATED)
   ibex_top_inst/gen_regfile_ff.register_file_i/g_rf_flops[5].rf_reg_q_reg[26]/D
                                0.13           0.11 f        -0.02  (VIOLATED)
   ibex_top_inst/gen_regfile_ff.register_file_i/g_rf_flops[5].rf_reg_q_reg[27]/D
                                0.13           0.11 f        -0.02  (VIOLATED)
   ibex_top_inst/gen_regfile_ff.register_file_i/g_rf_flops[5].rf_reg_q_reg[28]/D
                                0.13           0.11 f        -0.02  (VIOLATED)
   ibex_top_inst/gen_regfile_ff.register_file_i/g_rf_flops[5].rf_reg_q_reg[29]/D
                                0.13           0.11 f        -0.02  (VIOLATED)
   ibex_top_inst/gen_regfile_ff.register_file_i/g_rf_flops[5].rf_reg_q_reg[30]/D
                                0.13           0.11 f        -0.02  (VIOLATED)
   ibex_top_inst/gen_regfile_ff.register_file_i/g_rf_flops[6].rf_reg_q_reg[4]/D
                                0.13           0.11 f        -0.02  (VIOLATED)
   ibex_top_inst/gen_regfile_ff.register_file_i/g_rf_flops[6].rf_reg_q_reg[5]/D
                                0.13           0.11 f        -0.02  (VIOLATED)
   ibex_top_inst/gen_regfile_ff.register_file_i/g_rf_flops[6].rf_reg_q_reg[6]/D
                                0.13           0.11 f        -0.02  (VIOLATED)
   ibex_top_inst/gen_regfile_ff.register_file_i/g_rf_flops[6].rf_reg_q_reg[7]/D
                                0.13           0.11 f        -0.02  (VIOLATED)
   ibex_top_inst/gen_regfile_ff.register_file_i/g_rf_flops[6].rf_reg_q_reg[8]/D
                                0.13           0.11 f        -0.02  (VIOLATED)
   ibex_top_inst/gen_regfile_ff.register_file_i/g_rf_flops[6].rf_reg_q_reg[9]/D
                                0.13           0.11 f        -0.02  (VIOLATED)
   ibex_top_inst/gen_regfile_ff.register_file_i/g_rf_flops[6].rf_reg_q_reg[10]/D
                                0.13           0.11 f        -0.02  (VIOLATED)
   ibex_top_inst/gen_regfile_ff.register_file_i/g_rf_flops[6].rf_reg_q_reg[11]/D
                                0.13           0.11 f        -0.02  (VIOLATED)
   ibex_top_inst/gen_regfile_ff.register_file_i/g_rf_flops[6].rf_reg_q_reg[12]/D
                                0.13           0.11 f        -0.02  (VIOLATED)
   ibex_top_inst/gen_regfile_ff.register_file_i/g_rf_flops[6].rf_reg_q_reg[13]/D
                                0.13           0.11 f        -0.02  (VIOLATED)
   ibex_top_inst/gen_regfile_ff.register_file_i/g_rf_flops[6].rf_reg_q_reg[14]/D
                                0.13           0.11 f        -0.02  (VIOLATED)
   ibex_top_inst/gen_regfile_ff.register_file_i/g_rf_flops[6].rf_reg_q_reg[15]/D
                                0.13           0.11 f        -0.02  (VIOLATED)
   ibex_top_inst/gen_regfile_ff.register_file_i/g_rf_flops[6].rf_reg_q_reg[16]/D
                                0.13           0.11 f        -0.02  (VIOLATED)
   ibex_top_inst/gen_regfile_ff.register_file_i/g_rf_flops[6].rf_reg_q_reg[17]/D
                                0.13           0.11 f        -0.02  (VIOLATED)
   ibex_top_inst/gen_regfile_ff.register_file_i/g_rf_flops[6].rf_reg_q_reg[18]/D
                                0.13           0.11 f        -0.02  (VIOLATED)
   ibex_top_inst/gen_regfile_ff.register_file_i/g_rf_flops[6].rf_reg_q_reg[19]/D
                                0.13           0.11 f        -0.02  (VIOLATED)
   ibex_top_inst/gen_regfile_ff.register_file_i/g_rf_flops[6].rf_reg_q_reg[20]/D
                                0.13           0.11 f        -0.02  (VIOLATED)
   ibex_top_inst/gen_regfile_ff.register_file_i/g_rf_flops[6].rf_reg_q_reg[21]/D
                                0.13           0.11 f        -0.02  (VIOLATED)
   ibex_top_inst/gen_regfile_ff.register_file_i/g_rf_flops[6].rf_reg_q_reg[22]/D
                                0.13           0.11 f        -0.02  (VIOLATED)
   ibex_top_inst/gen_regfile_ff.register_file_i/g_rf_flops[6].rf_reg_q_reg[23]/D
                                0.13           0.11 f        -0.02  (VIOLATED)
   ibex_top_inst/gen_regfile_ff.register_file_i/g_rf_flops[6].rf_reg_q_reg[24]/D
                                0.13           0.11 f        -0.02  (VIOLATED)
   ibex_top_inst/gen_regfile_ff.register_file_i/g_rf_flops[6].rf_reg_q_reg[25]/D
                                0.13           0.11 f        -0.02  (VIOLATED)
   ibex_top_inst/gen_regfile_ff.register_file_i/g_rf_flops[6].rf_reg_q_reg[26]/D
                                0.13           0.11 f        -0.02  (VIOLATED)
   ibex_top_inst/gen_regfile_ff.register_file_i/g_rf_flops[6].rf_reg_q_reg[27]/D
                                0.13           0.11 f        -0.02  (VIOLATED)
   ibex_top_inst/gen_regfile_ff.register_file_i/g_rf_flops[6].rf_reg_q_reg[28]/D
                                0.13           0.11 f        -0.02  (VIOLATED)
   ibex_top_inst/gen_regfile_ff.register_file_i/g_rf_flops[6].rf_reg_q_reg[29]/D
                                0.13           0.11 f        -0.02  (VIOLATED)
   ibex_top_inst/gen_regfile_ff.register_file_i/g_rf_flops[6].rf_reg_q_reg[30]/D
                                0.13           0.11 f        -0.02  (VIOLATED)
   ibex_top_inst/gen_regfile_ff.register_file_i/g_rf_flops[7].rf_reg_q_reg[4]/D
                                0.13           0.11 f        -0.02  (VIOLATED)
   ibex_top_inst/gen_regfile_ff.register_file_i/g_rf_flops[7].rf_reg_q_reg[5]/D
                                0.13           0.11 f        -0.02  (VIOLATED)
   ibex_top_inst/gen_regfile_ff.register_file_i/g_rf_flops[7].rf_reg_q_reg[6]/D
                                0.13           0.11 f        -0.02  (VIOLATED)
   ibex_top_inst/gen_regfile_ff.register_file_i/g_rf_flops[7].rf_reg_q_reg[7]/D
                                0.13           0.11 f        -0.02  (VIOLATED)
   ibex_top_inst/gen_regfile_ff.register_file_i/g_rf_flops[7].rf_reg_q_reg[8]/D
                                0.13           0.11 f        -0.02  (VIOLATED)
   ibex_top_inst/gen_regfile_ff.register_file_i/g_rf_flops[7].rf_reg_q_reg[9]/D
                                0.13           0.11 f        -0.02  (VIOLATED)
   ibex_top_inst/gen_regfile_ff.register_file_i/g_rf_flops[7].rf_reg_q_reg[10]/D
                                0.13           0.11 f        -0.02  (VIOLATED)
   ibex_top_inst/gen_regfile_ff.register_file_i/g_rf_flops[7].rf_reg_q_reg[11]/D
                                0.13           0.11 f        -0.02  (VIOLATED)
   ibex_top_inst/gen_regfile_ff.register_file_i/g_rf_flops[7].rf_reg_q_reg[12]/D
                                0.13           0.11 f        -0.02  (VIOLATED)
   ibex_top_inst/gen_regfile_ff.register_file_i/g_rf_flops[7].rf_reg_q_reg[13]/D
                                0.13           0.11 f        -0.02  (VIOLATED)
   ibex_top_inst/gen_regfile_ff.register_file_i/g_rf_flops[7].rf_reg_q_reg[14]/D
                                0.13           0.11 f        -0.02  (VIOLATED)
   ibex_top_inst/gen_regfile_ff.register_file_i/g_rf_flops[7].rf_reg_q_reg[15]/D
                                0.13           0.11 f        -0.02  (VIOLATED)
   ibex_top_inst/gen_regfile_ff.register_file_i/g_rf_flops[7].rf_reg_q_reg[16]/D
                                0.13           0.11 f        -0.02  (VIOLATED)
   ibex_top_inst/gen_regfile_ff.register_file_i/g_rf_flops[7].rf_reg_q_reg[17]/D
                                0.13           0.11 f        -0.02  (VIOLATED)
   ibex_top_inst/gen_regfile_ff.register_file_i/g_rf_flops[7].rf_reg_q_reg[18]/D
                                0.13           0.11 f        -0.02  (VIOLATED)
   ibex_top_inst/gen_regfile_ff.register_file_i/g_rf_flops[7].rf_reg_q_reg[19]/D
                                0.13           0.11 f        -0.02  (VIOLATED)
   ibex_top_inst/gen_regfile_ff.register_file_i/g_rf_flops[7].rf_reg_q_reg[20]/D
                                0.13           0.11 f        -0.02  (VIOLATED)
   ibex_top_inst/gen_regfile_ff.register_file_i/g_rf_flops[7].rf_reg_q_reg[21]/D
                                0.13           0.11 f        -0.02  (VIOLATED)
   ibex_top_inst/gen_regfile_ff.register_file_i/g_rf_flops[7].rf_reg_q_reg[22]/D
                                0.13           0.11 f        -0.02  (VIOLATED)
   ibex_top_inst/gen_regfile_ff.register_file_i/g_rf_flops[7].rf_reg_q_reg[23]/D
                                0.13           0.11 f        -0.02  (VIOLATED)
   ibex_top_inst/gen_regfile_ff.register_file_i/g_rf_flops[7].rf_reg_q_reg[24]/D
                                0.13           0.11 f        -0.02  (VIOLATED)
   ibex_top_inst/gen_regfile_ff.register_file_i/g_rf_flops[7].rf_reg_q_reg[25]/D
                                0.13           0.11 f        -0.02  (VIOLATED)
   ibex_top_inst/gen_regfile_ff.register_file_i/g_rf_flops[7].rf_reg_q_reg[26]/D
                                0.13           0.11 f        -0.02  (VIOLATED)
   ibex_top_inst/gen_regfile_ff.register_file_i/g_rf_flops[7].rf_reg_q_reg[27]/D
                                0.13           0.11 f        -0.02  (VIOLATED)
   ibex_top_inst/gen_regfile_ff.register_file_i/g_rf_flops[7].rf_reg_q_reg[28]/D
                                0.13           0.11 f        -0.02  (VIOLATED)
   ibex_top_inst/gen_regfile_ff.register_file_i/g_rf_flops[7].rf_reg_q_reg[29]/D
                                0.13           0.11 f        -0.02  (VIOLATED)
   ibex_top_inst/gen_regfile_ff.register_file_i/g_rf_flops[7].rf_reg_q_reg[30]/D
                                0.13           0.11 f        -0.02  (VIOLATED)
   ibex_top_inst/gen_regfile_ff.register_file_i/g_rf_flops[8].rf_reg_q_reg[4]/D
                                0.13           0.11 f        -0.02  (VIOLATED)
   ibex_top_inst/gen_regfile_ff.register_file_i/g_rf_flops[8].rf_reg_q_reg[5]/D
                                0.13           0.11 f        -0.02  (VIOLATED)
   ibex_top_inst/gen_regfile_ff.register_file_i/g_rf_flops[8].rf_reg_q_reg[6]/D
                                0.13           0.11 f        -0.02  (VIOLATED)
   ibex_top_inst/gen_regfile_ff.register_file_i/g_rf_flops[8].rf_reg_q_reg[7]/D
                                0.13           0.11 f        -0.02  (VIOLATED)
   ibex_top_inst/gen_regfile_ff.register_file_i/g_rf_flops[8].rf_reg_q_reg[8]/D
                                0.13           0.11 f        -0.02  (VIOLATED)
   ibex_top_inst/gen_regfile_ff.register_file_i/g_rf_flops[8].rf_reg_q_reg[9]/D
                                0.13           0.11 f        -0.02  (VIOLATED)
   ibex_top_inst/gen_regfile_ff.register_file_i/g_rf_flops[8].rf_reg_q_reg[10]/D
                                0.13           0.11 f        -0.02  (VIOLATED)
   ibex_top_inst/gen_regfile_ff.register_file_i/g_rf_flops[8].rf_reg_q_reg[11]/D
                                0.13           0.11 f        -0.02  (VIOLATED)
   ibex_top_inst/gen_regfile_ff.register_file_i/g_rf_flops[8].rf_reg_q_reg[12]/D
                                0.13           0.11 f        -0.02  (VIOLATED)
   ibex_top_inst/gen_regfile_ff.register_file_i/g_rf_flops[8].rf_reg_q_reg[13]/D
                                0.13           0.11 f        -0.02  (VIOLATED)
   ibex_top_inst/gen_regfile_ff.register_file_i/g_rf_flops[8].rf_reg_q_reg[14]/D
                                0.13           0.11 f        -0.02  (VIOLATED)
   ibex_top_inst/gen_regfile_ff.register_file_i/g_rf_flops[8].rf_reg_q_reg[15]/D
                                0.13           0.11 f        -0.02  (VIOLATED)
   ibex_top_inst/gen_regfile_ff.register_file_i/g_rf_flops[8].rf_reg_q_reg[16]/D
                                0.13           0.11 f        -0.02  (VIOLATED)
   ibex_top_inst/gen_regfile_ff.register_file_i/g_rf_flops[8].rf_reg_q_reg[17]/D
                                0.13           0.11 f        -0.02  (VIOLATED)
   ibex_top_inst/gen_regfile_ff.register_file_i/g_rf_flops[8].rf_reg_q_reg[18]/D
                                0.13           0.11 f        -0.02  (VIOLATED)
   ibex_top_inst/gen_regfile_ff.register_file_i/g_rf_flops[8].rf_reg_q_reg[19]/D
                                0.13           0.11 f        -0.02  (VIOLATED)
   ibex_top_inst/gen_regfile_ff.register_file_i/g_rf_flops[8].rf_reg_q_reg[20]/D
                                0.13           0.11 f        -0.02  (VIOLATED)
   ibex_top_inst/gen_regfile_ff.register_file_i/g_rf_flops[8].rf_reg_q_reg[21]/D
                                0.13           0.11 f        -0.02  (VIOLATED)
   ibex_top_inst/gen_regfile_ff.register_file_i/g_rf_flops[8].rf_reg_q_reg[22]/D
                                0.13           0.11 f        -0.02  (VIOLATED)
   ibex_top_inst/gen_regfile_ff.register_file_i/g_rf_flops[8].rf_reg_q_reg[23]/D
                                0.13           0.11 f        -0.02  (VIOLATED)
   ibex_top_inst/gen_regfile_ff.register_file_i/g_rf_flops[8].rf_reg_q_reg[24]/D
                                0.13           0.11 f        -0.02  (VIOLATED)
   ibex_top_inst/gen_regfile_ff.register_file_i/g_rf_flops[8].rf_reg_q_reg[25]/D
                                0.13           0.11 f        -0.02  (VIOLATED)
   ibex_top_inst/gen_regfile_ff.register_file_i/g_rf_flops[8].rf_reg_q_reg[26]/D
                                0.13           0.11 f        -0.02  (VIOLATED)
   ibex_top_inst/gen_regfile_ff.register_file_i/g_rf_flops[8].rf_reg_q_reg[27]/D
                                0.13           0.11 f        -0.02  (VIOLATED)
   ibex_top_inst/gen_regfile_ff.register_file_i/g_rf_flops[8].rf_reg_q_reg[28]/D
                                0.13           0.11 f        -0.02  (VIOLATED)
   ibex_top_inst/gen_regfile_ff.register_file_i/g_rf_flops[8].rf_reg_q_reg[29]/D
                                0.13           0.11 f        -0.02  (VIOLATED)
   ibex_top_inst/gen_regfile_ff.register_file_i/g_rf_flops[8].rf_reg_q_reg[30]/D
                                0.13           0.11 f        -0.02  (VIOLATED)
   ibex_top_inst/gen_regfile_ff.register_file_i/g_rf_flops[9].rf_reg_q_reg[4]/D
                                0.13           0.11 f        -0.02  (VIOLATED)
   ibex_top_inst/gen_regfile_ff.register_file_i/g_rf_flops[9].rf_reg_q_reg[5]/D
                                0.13           0.11 f        -0.02  (VIOLATED)
   ibex_top_inst/gen_regfile_ff.register_file_i/g_rf_flops[9].rf_reg_q_reg[6]/D
                                0.13           0.11 f        -0.02  (VIOLATED)
   ibex_top_inst/gen_regfile_ff.register_file_i/g_rf_flops[9].rf_reg_q_reg[7]/D
                                0.13           0.11 f        -0.02  (VIOLATED)
   ibex_top_inst/gen_regfile_ff.register_file_i/g_rf_flops[9].rf_reg_q_reg[8]/D
                                0.13           0.11 f        -0.02  (VIOLATED)
   ibex_top_inst/gen_regfile_ff.register_file_i/g_rf_flops[9].rf_reg_q_reg[9]/D
                                0.13           0.11 f        -0.02  (VIOLATED)
   ibex_top_inst/gen_regfile_ff.register_file_i/g_rf_flops[9].rf_reg_q_reg[10]/D
                                0.13           0.11 f        -0.02  (VIOLATED)
   ibex_top_inst/gen_regfile_ff.register_file_i/g_rf_flops[9].rf_reg_q_reg[11]/D
                                0.13           0.11 f        -0.02  (VIOLATED)
   ibex_top_inst/gen_regfile_ff.register_file_i/g_rf_flops[9].rf_reg_q_reg[12]/D
                                0.13           0.11 f        -0.02  (VIOLATED)
   ibex_top_inst/gen_regfile_ff.register_file_i/g_rf_flops[9].rf_reg_q_reg[13]/D
                                0.13           0.11 f        -0.02  (VIOLATED)
   ibex_top_inst/gen_regfile_ff.register_file_i/g_rf_flops[9].rf_reg_q_reg[14]/D
                                0.13           0.11 f        -0.02  (VIOLATED)
   ibex_top_inst/gen_regfile_ff.register_file_i/g_rf_flops[9].rf_reg_q_reg[15]/D
                                0.13           0.11 f        -0.02  (VIOLATED)
   ibex_top_inst/gen_regfile_ff.register_file_i/g_rf_flops[9].rf_reg_q_reg[16]/D
                                0.13           0.11 f        -0.02  (VIOLATED)
   ibex_top_inst/gen_regfile_ff.register_file_i/g_rf_flops[9].rf_reg_q_reg[17]/D
                                0.13           0.11 f        -0.02  (VIOLATED)
   ibex_top_inst/gen_regfile_ff.register_file_i/g_rf_flops[9].rf_reg_q_reg[18]/D
                                0.13           0.11 f        -0.02  (VIOLATED)
   ibex_top_inst/gen_regfile_ff.register_file_i/g_rf_flops[9].rf_reg_q_reg[19]/D
                                0.13           0.11 f        -0.02  (VIOLATED)
   ibex_top_inst/gen_regfile_ff.register_file_i/g_rf_flops[9].rf_reg_q_reg[20]/D
                                0.13           0.11 f        -0.02  (VIOLATED)
   ibex_top_inst/gen_regfile_ff.register_file_i/g_rf_flops[9].rf_reg_q_reg[21]/D
                                0.13           0.11 f        -0.02  (VIOLATED)
   ibex_top_inst/gen_regfile_ff.register_file_i/g_rf_flops[9].rf_reg_q_reg[22]/D
                                0.13           0.11 f        -0.02  (VIOLATED)
   ibex_top_inst/gen_regfile_ff.register_file_i/g_rf_flops[9].rf_reg_q_reg[23]/D
                                0.13           0.11 f        -0.02  (VIOLATED)
   ibex_top_inst/gen_regfile_ff.register_file_i/g_rf_flops[9].rf_reg_q_reg[24]/D
                                0.13           0.11 f        -0.02  (VIOLATED)
   ibex_top_inst/gen_regfile_ff.register_file_i/g_rf_flops[9].rf_reg_q_reg[25]/D
                                0.13           0.11 f        -0.02  (VIOLATED)
   ibex_top_inst/gen_regfile_ff.register_file_i/g_rf_flops[9].rf_reg_q_reg[26]/D
                                0.13           0.11 f        -0.02  (VIOLATED)
   ibex_top_inst/gen_regfile_ff.register_file_i/g_rf_flops[9].rf_reg_q_reg[27]/D
                                0.13           0.11 f        -0.02  (VIOLATED)
   ibex_top_inst/gen_regfile_ff.register_file_i/g_rf_flops[9].rf_reg_q_reg[28]/D
                                0.13           0.11 f        -0.02  (VIOLATED)
   ibex_top_inst/gen_regfile_ff.register_file_i/g_rf_flops[9].rf_reg_q_reg[29]/D
                                0.13           0.11 f        -0.02  (VIOLATED)
   ibex_top_inst/gen_regfile_ff.register_file_i/g_rf_flops[9].rf_reg_q_reg[30]/D
                                0.13           0.11 f        -0.02  (VIOLATED)
   ibex_top_inst/gen_regfile_ff.register_file_i/g_rf_flops[10].rf_reg_q_reg[4]/D
                                0.13           0.11 f        -0.02  (VIOLATED)
   ibex_top_inst/gen_regfile_ff.register_file_i/g_rf_flops[10].rf_reg_q_reg[5]/D
                                0.13           0.11 f        -0.02  (VIOLATED)
   ibex_top_inst/gen_regfile_ff.register_file_i/g_rf_flops[10].rf_reg_q_reg[6]/D
                                0.13           0.11 f        -0.02  (VIOLATED)
   ibex_top_inst/gen_regfile_ff.register_file_i/g_rf_flops[10].rf_reg_q_reg[7]/D
                                0.13           0.11 f        -0.02  (VIOLATED)
   ibex_top_inst/gen_regfile_ff.register_file_i/g_rf_flops[10].rf_reg_q_reg[8]/D
                                0.13           0.11 f        -0.02  (VIOLATED)
   ibex_top_inst/gen_regfile_ff.register_file_i/g_rf_flops[10].rf_reg_q_reg[9]/D
                                0.13           0.11 f        -0.02  (VIOLATED)
   ibex_top_inst/gen_regfile_ff.register_file_i/g_rf_flops[10].rf_reg_q_reg[10]/D
                                0.13           0.11 f        -0.02  (VIOLATED)
   ibex_top_inst/gen_regfile_ff.register_file_i/g_rf_flops[10].rf_reg_q_reg[11]/D
                                0.13           0.11 f        -0.02  (VIOLATED)
   ibex_top_inst/gen_regfile_ff.register_file_i/g_rf_flops[10].rf_reg_q_reg[12]/D
                                0.13           0.11 f        -0.02  (VIOLATED)
   ibex_top_inst/gen_regfile_ff.register_file_i/g_rf_flops[10].rf_reg_q_reg[13]/D
                                0.13           0.11 f        -0.02  (VIOLATED)
   ibex_top_inst/gen_regfile_ff.register_file_i/g_rf_flops[10].rf_reg_q_reg[14]/D
                                0.13           0.11 f        -0.02  (VIOLATED)
   ibex_top_inst/gen_regfile_ff.register_file_i/g_rf_flops[10].rf_reg_q_reg[15]/D
                                0.13           0.11 f        -0.02  (VIOLATED)
   ibex_top_inst/gen_regfile_ff.register_file_i/g_rf_flops[10].rf_reg_q_reg[16]/D
                                0.13           0.11 f        -0.02  (VIOLATED)
   ibex_top_inst/gen_regfile_ff.register_file_i/g_rf_flops[10].rf_reg_q_reg[17]/D
                                0.13           0.11 f        -0.02  (VIOLATED)
   ibex_top_inst/gen_regfile_ff.register_file_i/g_rf_flops[10].rf_reg_q_reg[18]/D
                                0.13           0.11 f        -0.02  (VIOLATED)
   ibex_top_inst/gen_regfile_ff.register_file_i/g_rf_flops[10].rf_reg_q_reg[19]/D
                                0.13           0.11 f        -0.02  (VIOLATED)
   ibex_top_inst/gen_regfile_ff.register_file_i/g_rf_flops[10].rf_reg_q_reg[20]/D
                                0.13           0.11 f        -0.02  (VIOLATED)
   ibex_top_inst/gen_regfile_ff.register_file_i/g_rf_flops[10].rf_reg_q_reg[21]/D
                                0.13           0.11 f        -0.02  (VIOLATED)
   ibex_top_inst/gen_regfile_ff.register_file_i/g_rf_flops[10].rf_reg_q_reg[22]/D
                                0.13           0.11 f        -0.02  (VIOLATED)
   ibex_top_inst/gen_regfile_ff.register_file_i/g_rf_flops[10].rf_reg_q_reg[23]/D
                                0.13           0.11 f        -0.02  (VIOLATED)
   ibex_top_inst/gen_regfile_ff.register_file_i/g_rf_flops[10].rf_reg_q_reg[24]/D
                                0.13           0.11 f        -0.02  (VIOLATED)
   ibex_top_inst/gen_regfile_ff.register_file_i/g_rf_flops[10].rf_reg_q_reg[25]/D
                                0.13           0.11 f        -0.02  (VIOLATED)
   ibex_top_inst/gen_regfile_ff.register_file_i/g_rf_flops[10].rf_reg_q_reg[26]/D
                                0.13           0.11 f        -0.02  (VIOLATED)
   ibex_top_inst/gen_regfile_ff.register_file_i/g_rf_flops[10].rf_reg_q_reg[27]/D
                                0.13           0.11 f        -0.02  (VIOLATED)
   ibex_top_inst/gen_regfile_ff.register_file_i/g_rf_flops[10].rf_reg_q_reg[28]/D
                                0.13           0.11 f        -0.02  (VIOLATED)
   ibex_top_inst/gen_regfile_ff.register_file_i/g_rf_flops[10].rf_reg_q_reg[29]/D
                                0.13           0.11 f        -0.02  (VIOLATED)
   ibex_top_inst/gen_regfile_ff.register_file_i/g_rf_flops[10].rf_reg_q_reg[30]/D
                                0.13           0.11 f        -0.02  (VIOLATED)
   ibex_top_inst/gen_regfile_ff.register_file_i/g_rf_flops[11].rf_reg_q_reg[4]/D
                                0.13           0.11 f        -0.02  (VIOLATED)
   ibex_top_inst/gen_regfile_ff.register_file_i/g_rf_flops[11].rf_reg_q_reg[5]/D
                                0.13           0.11 f        -0.02  (VIOLATED)
   ibex_top_inst/gen_regfile_ff.register_file_i/g_rf_flops[11].rf_reg_q_reg[6]/D
                                0.13           0.11 f        -0.02  (VIOLATED)
   ibex_top_inst/gen_regfile_ff.register_file_i/g_rf_flops[11].rf_reg_q_reg[7]/D
                                0.13           0.11 f        -0.02  (VIOLATED)
   ibex_top_inst/gen_regfile_ff.register_file_i/g_rf_flops[11].rf_reg_q_reg[8]/D
                                0.13           0.11 f        -0.02  (VIOLATED)
   ibex_top_inst/gen_regfile_ff.register_file_i/g_rf_flops[11].rf_reg_q_reg[9]/D
                                0.13           0.11 f        -0.02  (VIOLATED)
   ibex_top_inst/gen_regfile_ff.register_file_i/g_rf_flops[11].rf_reg_q_reg[10]/D
                                0.13           0.11 f        -0.02  (VIOLATED)
   ibex_top_inst/gen_regfile_ff.register_file_i/g_rf_flops[11].rf_reg_q_reg[11]/D
                                0.13           0.11 f        -0.02  (VIOLATED)
   ibex_top_inst/gen_regfile_ff.register_file_i/g_rf_flops[11].rf_reg_q_reg[12]/D
                                0.13           0.11 f        -0.02  (VIOLATED)
   ibex_top_inst/gen_regfile_ff.register_file_i/g_rf_flops[11].rf_reg_q_reg[13]/D
                                0.13           0.11 f        -0.02  (VIOLATED)
   ibex_top_inst/gen_regfile_ff.register_file_i/g_rf_flops[11].rf_reg_q_reg[14]/D
                                0.13           0.11 f        -0.02  (VIOLATED)
   ibex_top_inst/gen_regfile_ff.register_file_i/g_rf_flops[11].rf_reg_q_reg[15]/D
                                0.13           0.11 f        -0.02  (VIOLATED)
   ibex_top_inst/gen_regfile_ff.register_file_i/g_rf_flops[11].rf_reg_q_reg[16]/D
                                0.13           0.11 f        -0.02  (VIOLATED)
   ibex_top_inst/gen_regfile_ff.register_file_i/g_rf_flops[11].rf_reg_q_reg[17]/D
                                0.13           0.11 f        -0.02  (VIOLATED)
   ibex_top_inst/gen_regfile_ff.register_file_i/g_rf_flops[11].rf_reg_q_reg[18]/D
                                0.13           0.11 f        -0.02  (VIOLATED)
   ibex_top_inst/gen_regfile_ff.register_file_i/g_rf_flops[11].rf_reg_q_reg[19]/D
                                0.13           0.11 f        -0.02  (VIOLATED)
   ibex_top_inst/gen_regfile_ff.register_file_i/g_rf_flops[11].rf_reg_q_reg[20]/D
                                0.13           0.11 f        -0.02  (VIOLATED)
   ibex_top_inst/gen_regfile_ff.register_file_i/g_rf_flops[11].rf_reg_q_reg[21]/D
                                0.13           0.11 f        -0.02  (VIOLATED)
   ibex_top_inst/gen_regfile_ff.register_file_i/g_rf_flops[11].rf_reg_q_reg[22]/D
                                0.13           0.11 f        -0.02  (VIOLATED)
   ibex_top_inst/gen_regfile_ff.register_file_i/g_rf_flops[11].rf_reg_q_reg[23]/D
                                0.13           0.11 f        -0.02  (VIOLATED)
   ibex_top_inst/gen_regfile_ff.register_file_i/g_rf_flops[11].rf_reg_q_reg[24]/D
                                0.13           0.11 f        -0.02  (VIOLATED)
   ibex_top_inst/gen_regfile_ff.register_file_i/g_rf_flops[11].rf_reg_q_reg[25]/D
                                0.13           0.11 f        -0.02  (VIOLATED)
   ibex_top_inst/gen_regfile_ff.register_file_i/g_rf_flops[11].rf_reg_q_reg[26]/D
                                0.13           0.11 f        -0.02  (VIOLATED)
   ibex_top_inst/gen_regfile_ff.register_file_i/g_rf_flops[11].rf_reg_q_reg[27]/D
                                0.13           0.11 f        -0.02  (VIOLATED)
   ibex_top_inst/gen_regfile_ff.register_file_i/g_rf_flops[11].rf_reg_q_reg[28]/D
                                0.13           0.11 f        -0.02  (VIOLATED)
   ibex_top_inst/gen_regfile_ff.register_file_i/g_rf_flops[11].rf_reg_q_reg[29]/D
                                0.13           0.11 f        -0.02  (VIOLATED)
   ibex_top_inst/gen_regfile_ff.register_file_i/g_rf_flops[11].rf_reg_q_reg[30]/D
                                0.13           0.11 f        -0.02  (VIOLATED)
   ibex_top_inst/gen_regfile_ff.register_file_i/g_rf_flops[12].rf_reg_q_reg[4]/D
                                0.13           0.11 f        -0.02  (VIOLATED)
   ibex_top_inst/gen_regfile_ff.register_file_i/g_rf_flops[12].rf_reg_q_reg[5]/D
                                0.13           0.11 f        -0.02  (VIOLATED)
   ibex_top_inst/gen_regfile_ff.register_file_i/g_rf_flops[12].rf_reg_q_reg[6]/D
                                0.13           0.11 f        -0.02  (VIOLATED)
   ibex_top_inst/gen_regfile_ff.register_file_i/g_rf_flops[12].rf_reg_q_reg[7]/D
                                0.13           0.11 f        -0.02  (VIOLATED)
   ibex_top_inst/gen_regfile_ff.register_file_i/g_rf_flops[12].rf_reg_q_reg[8]/D
                                0.13           0.11 f        -0.02  (VIOLATED)
   ibex_top_inst/gen_regfile_ff.register_file_i/g_rf_flops[12].rf_reg_q_reg[9]/D
                                0.13           0.11 f        -0.02  (VIOLATED)
   ibex_top_inst/gen_regfile_ff.register_file_i/g_rf_flops[12].rf_reg_q_reg[10]/D
                                0.13           0.11 f        -0.02  (VIOLATED)
   ibex_top_inst/gen_regfile_ff.register_file_i/g_rf_flops[12].rf_reg_q_reg[11]/D
                                0.13           0.11 f        -0.02  (VIOLATED)
   ibex_top_inst/gen_regfile_ff.register_file_i/g_rf_flops[12].rf_reg_q_reg[12]/D
                                0.13           0.11 f        -0.02  (VIOLATED)
   ibex_top_inst/gen_regfile_ff.register_file_i/g_rf_flops[12].rf_reg_q_reg[13]/D
                                0.13           0.11 f        -0.02  (VIOLATED)
   ibex_top_inst/gen_regfile_ff.register_file_i/g_rf_flops[12].rf_reg_q_reg[14]/D
                                0.13           0.11 f        -0.02  (VIOLATED)
   ibex_top_inst/gen_regfile_ff.register_file_i/g_rf_flops[12].rf_reg_q_reg[15]/D
                                0.13           0.11 f        -0.02  (VIOLATED)
   ibex_top_inst/gen_regfile_ff.register_file_i/g_rf_flops[12].rf_reg_q_reg[16]/D
                                0.13           0.11 f        -0.02  (VIOLATED)
   ibex_top_inst/gen_regfile_ff.register_file_i/g_rf_flops[12].rf_reg_q_reg[17]/D
                                0.13           0.11 f        -0.02  (VIOLATED)
   ibex_top_inst/gen_regfile_ff.register_file_i/g_rf_flops[12].rf_reg_q_reg[18]/D
                                0.13           0.11 f        -0.02  (VIOLATED)
   ibex_top_inst/gen_regfile_ff.register_file_i/g_rf_flops[12].rf_reg_q_reg[19]/D
                                0.13           0.11 f        -0.02  (VIOLATED)
   ibex_top_inst/gen_regfile_ff.register_file_i/g_rf_flops[12].rf_reg_q_reg[20]/D
                                0.13           0.11 f        -0.02  (VIOLATED)
   ibex_top_inst/gen_regfile_ff.register_file_i/g_rf_flops[12].rf_reg_q_reg[21]/D
                                0.13           0.11 f        -0.02  (VIOLATED)
   ibex_top_inst/gen_regfile_ff.register_file_i/g_rf_flops[12].rf_reg_q_reg[22]/D
                                0.13           0.11 f        -0.02  (VIOLATED)
   ibex_top_inst/gen_regfile_ff.register_file_i/g_rf_flops[12].rf_reg_q_reg[23]/D
                                0.13           0.11 f        -0.02  (VIOLATED)
   ibex_top_inst/gen_regfile_ff.register_file_i/g_rf_flops[12].rf_reg_q_reg[24]/D
                                0.13           0.11 f        -0.02  (VIOLATED)
   ibex_top_inst/gen_regfile_ff.register_file_i/g_rf_flops[12].rf_reg_q_reg[25]/D
                                0.13           0.11 f        -0.02  (VIOLATED)
   ibex_top_inst/gen_regfile_ff.register_file_i/g_rf_flops[12].rf_reg_q_reg[26]/D
                                0.13           0.11 f        -0.02  (VIOLATED)
   ibex_top_inst/gen_regfile_ff.register_file_i/g_rf_flops[12].rf_reg_q_reg[27]/D
                                0.13           0.11 f        -0.02  (VIOLATED)
   ibex_top_inst/gen_regfile_ff.register_file_i/g_rf_flops[12].rf_reg_q_reg[28]/D
                                0.13           0.11 f        -0.02  (VIOLATED)
   ibex_top_inst/gen_regfile_ff.register_file_i/g_rf_flops[12].rf_reg_q_reg[29]/D
                                0.13           0.11 f        -0.02  (VIOLATED)
   ibex_top_inst/gen_regfile_ff.register_file_i/g_rf_flops[12].rf_reg_q_reg[30]/D
                                0.13           0.11 f        -0.02  (VIOLATED)
   ibex_top_inst/gen_regfile_ff.register_file_i/g_rf_flops[13].rf_reg_q_reg[4]/D
                                0.13           0.11 f        -0.02  (VIOLATED)
   ibex_top_inst/gen_regfile_ff.register_file_i/g_rf_flops[13].rf_reg_q_reg[5]/D
                                0.13           0.11 f        -0.02  (VIOLATED)
   ibex_top_inst/gen_regfile_ff.register_file_i/g_rf_flops[13].rf_reg_q_reg[6]/D
                                0.13           0.11 f        -0.02  (VIOLATED)
   ibex_top_inst/gen_regfile_ff.register_file_i/g_rf_flops[13].rf_reg_q_reg[7]/D
                                0.13           0.11 f        -0.02  (VIOLATED)
   ibex_top_inst/gen_regfile_ff.register_file_i/g_rf_flops[13].rf_reg_q_reg[8]/D
                                0.13           0.11 f        -0.02  (VIOLATED)
   ibex_top_inst/gen_regfile_ff.register_file_i/g_rf_flops[13].rf_reg_q_reg[9]/D
                                0.13           0.11 f        -0.02  (VIOLATED)
   ibex_top_inst/gen_regfile_ff.register_file_i/g_rf_flops[13].rf_reg_q_reg[10]/D
                                0.13           0.11 f        -0.02  (VIOLATED)
   ibex_top_inst/gen_regfile_ff.register_file_i/g_rf_flops[13].rf_reg_q_reg[11]/D
                                0.13           0.11 f        -0.02  (VIOLATED)
   ibex_top_inst/gen_regfile_ff.register_file_i/g_rf_flops[13].rf_reg_q_reg[12]/D
                                0.13           0.11 f        -0.02  (VIOLATED)
   ibex_top_inst/gen_regfile_ff.register_file_i/g_rf_flops[13].rf_reg_q_reg[13]/D
                                0.13           0.11 f        -0.02  (VIOLATED)
   ibex_top_inst/gen_regfile_ff.register_file_i/g_rf_flops[13].rf_reg_q_reg[14]/D
                                0.13           0.11 f        -0.02  (VIOLATED)
   ibex_top_inst/gen_regfile_ff.register_file_i/g_rf_flops[13].rf_reg_q_reg[15]/D
                                0.13           0.11 f        -0.02  (VIOLATED)
   ibex_top_inst/gen_regfile_ff.register_file_i/g_rf_flops[13].rf_reg_q_reg[16]/D
                                0.13           0.11 f        -0.02  (VIOLATED)
   ibex_top_inst/gen_regfile_ff.register_file_i/g_rf_flops[13].rf_reg_q_reg[17]/D
                                0.13           0.11 f        -0.02  (VIOLATED)
   ibex_top_inst/gen_regfile_ff.register_file_i/g_rf_flops[13].rf_reg_q_reg[18]/D
                                0.13           0.11 f        -0.02  (VIOLATED)
   ibex_top_inst/gen_regfile_ff.register_file_i/g_rf_flops[13].rf_reg_q_reg[19]/D
                                0.13           0.11 f        -0.02  (VIOLATED)
   ibex_top_inst/gen_regfile_ff.register_file_i/g_rf_flops[13].rf_reg_q_reg[20]/D
                                0.13           0.11 f        -0.02  (VIOLATED)
   ibex_top_inst/gen_regfile_ff.register_file_i/g_rf_flops[13].rf_reg_q_reg[21]/D
                                0.13           0.11 f        -0.02  (VIOLATED)
   ibex_top_inst/gen_regfile_ff.register_file_i/g_rf_flops[13].rf_reg_q_reg[22]/D
                                0.13           0.11 f        -0.02  (VIOLATED)
   ibex_top_inst/gen_regfile_ff.register_file_i/g_rf_flops[13].rf_reg_q_reg[23]/D
                                0.13           0.11 f        -0.02  (VIOLATED)
   ibex_top_inst/gen_regfile_ff.register_file_i/g_rf_flops[13].rf_reg_q_reg[24]/D
                                0.13           0.11 f        -0.02  (VIOLATED)
   ibex_top_inst/gen_regfile_ff.register_file_i/g_rf_flops[13].rf_reg_q_reg[25]/D
                                0.13           0.11 f        -0.02  (VIOLATED)
   ibex_top_inst/gen_regfile_ff.register_file_i/g_rf_flops[13].rf_reg_q_reg[26]/D
                                0.13           0.11 f        -0.02  (VIOLATED)
   ibex_top_inst/gen_regfile_ff.register_file_i/g_rf_flops[13].rf_reg_q_reg[27]/D
                                0.13           0.11 f        -0.02  (VIOLATED)
   ibex_top_inst/gen_regfile_ff.register_file_i/g_rf_flops[13].rf_reg_q_reg[28]/D
                                0.13           0.11 f        -0.02  (VIOLATED)
   ibex_top_inst/gen_regfile_ff.register_file_i/g_rf_flops[13].rf_reg_q_reg[29]/D
                                0.13           0.11 f        -0.02  (VIOLATED)
   ibex_top_inst/gen_regfile_ff.register_file_i/g_rf_flops[13].rf_reg_q_reg[30]/D
                                0.13           0.11 f        -0.02  (VIOLATED)
   ibex_top_inst/gen_regfile_ff.register_file_i/g_rf_flops[14].rf_reg_q_reg[4]/D
                                0.13           0.11 f        -0.02  (VIOLATED)
   ibex_top_inst/gen_regfile_ff.register_file_i/g_rf_flops[14].rf_reg_q_reg[5]/D
                                0.13           0.11 f        -0.02  (VIOLATED)
   ibex_top_inst/gen_regfile_ff.register_file_i/g_rf_flops[14].rf_reg_q_reg[6]/D
                                0.13           0.11 f        -0.02  (VIOLATED)
   ibex_top_inst/gen_regfile_ff.register_file_i/g_rf_flops[14].rf_reg_q_reg[7]/D
                                0.13           0.11 f        -0.02  (VIOLATED)
   ibex_top_inst/gen_regfile_ff.register_file_i/g_rf_flops[14].rf_reg_q_reg[8]/D
                                0.13           0.11 f        -0.02  (VIOLATED)
   ibex_top_inst/gen_regfile_ff.register_file_i/g_rf_flops[14].rf_reg_q_reg[9]/D
                                0.13           0.11 f        -0.02  (VIOLATED)
   ibex_top_inst/gen_regfile_ff.register_file_i/g_rf_flops[14].rf_reg_q_reg[10]/D
                                0.13           0.11 f        -0.02  (VIOLATED)
   ibex_top_inst/gen_regfile_ff.register_file_i/g_rf_flops[14].rf_reg_q_reg[11]/D
                                0.13           0.11 f        -0.02  (VIOLATED)
   ibex_top_inst/gen_regfile_ff.register_file_i/g_rf_flops[14].rf_reg_q_reg[12]/D
                                0.13           0.11 f        -0.02  (VIOLATED)
   ibex_top_inst/gen_regfile_ff.register_file_i/g_rf_flops[14].rf_reg_q_reg[13]/D
                                0.13           0.11 f        -0.02  (VIOLATED)
   ibex_top_inst/gen_regfile_ff.register_file_i/g_rf_flops[14].rf_reg_q_reg[14]/D
                                0.13           0.11 f        -0.02  (VIOLATED)
   ibex_top_inst/gen_regfile_ff.register_file_i/g_rf_flops[14].rf_reg_q_reg[15]/D
                                0.13           0.11 f        -0.02  (VIOLATED)
   ibex_top_inst/gen_regfile_ff.register_file_i/g_rf_flops[14].rf_reg_q_reg[16]/D
                                0.13           0.11 f        -0.02  (VIOLATED)
   ibex_top_inst/gen_regfile_ff.register_file_i/g_rf_flops[14].rf_reg_q_reg[17]/D
                                0.13           0.11 f        -0.02  (VIOLATED)
   ibex_top_inst/gen_regfile_ff.register_file_i/g_rf_flops[14].rf_reg_q_reg[18]/D
                                0.13           0.11 f        -0.02  (VIOLATED)
   ibex_top_inst/gen_regfile_ff.register_file_i/g_rf_flops[14].rf_reg_q_reg[19]/D
                                0.13           0.11 f        -0.02  (VIOLATED)
   ibex_top_inst/gen_regfile_ff.register_file_i/g_rf_flops[14].rf_reg_q_reg[20]/D
                                0.13           0.11 f        -0.02  (VIOLATED)
   ibex_top_inst/gen_regfile_ff.register_file_i/g_rf_flops[14].rf_reg_q_reg[21]/D
                                0.13           0.11 f        -0.02  (VIOLATED)
   ibex_top_inst/gen_regfile_ff.register_file_i/g_rf_flops[14].rf_reg_q_reg[22]/D
                                0.13           0.11 f        -0.02  (VIOLATED)
   ibex_top_inst/gen_regfile_ff.register_file_i/g_rf_flops[14].rf_reg_q_reg[23]/D
                                0.13           0.11 f        -0.02  (VIOLATED)
   ibex_top_inst/gen_regfile_ff.register_file_i/g_rf_flops[14].rf_reg_q_reg[24]/D
                                0.13           0.11 f        -0.02  (VIOLATED)
   ibex_top_inst/gen_regfile_ff.register_file_i/g_rf_flops[14].rf_reg_q_reg[25]/D
                                0.13           0.11 f        -0.02  (VIOLATED)
   ibex_top_inst/gen_regfile_ff.register_file_i/g_rf_flops[14].rf_reg_q_reg[26]/D
                                0.13           0.11 f        -0.02  (VIOLATED)
   ibex_top_inst/gen_regfile_ff.register_file_i/g_rf_flops[14].rf_reg_q_reg[27]/D
                                0.13           0.11 f        -0.02  (VIOLATED)
   ibex_top_inst/gen_regfile_ff.register_file_i/g_rf_flops[14].rf_reg_q_reg[28]/D
                                0.13           0.11 f        -0.02  (VIOLATED)
   ibex_top_inst/gen_regfile_ff.register_file_i/g_rf_flops[14].rf_reg_q_reg[29]/D
                                0.13           0.11 f        -0.02  (VIOLATED)
   ibex_top_inst/gen_regfile_ff.register_file_i/g_rf_flops[14].rf_reg_q_reg[30]/D
                                0.13           0.11 f        -0.02  (VIOLATED)
   ibex_top_inst/gen_regfile_ff.register_file_i/g_rf_flops[15].rf_reg_q_reg[4]/D
                                0.13           0.11 f        -0.02  (VIOLATED)
   ibex_top_inst/gen_regfile_ff.register_file_i/g_rf_flops[15].rf_reg_q_reg[5]/D
                                0.13           0.11 f        -0.02  (VIOLATED)
   ibex_top_inst/gen_regfile_ff.register_file_i/g_rf_flops[15].rf_reg_q_reg[6]/D
                                0.13           0.11 f        -0.02  (VIOLATED)
   ibex_top_inst/gen_regfile_ff.register_file_i/g_rf_flops[15].rf_reg_q_reg[7]/D
                                0.13           0.11 f        -0.02  (VIOLATED)
   ibex_top_inst/gen_regfile_ff.register_file_i/g_rf_flops[15].rf_reg_q_reg[8]/D
                                0.13           0.11 f        -0.02  (VIOLATED)
   ibex_top_inst/gen_regfile_ff.register_file_i/g_rf_flops[15].rf_reg_q_reg[9]/D
                                0.13           0.11 f        -0.02  (VIOLATED)
   ibex_top_inst/gen_regfile_ff.register_file_i/g_rf_flops[15].rf_reg_q_reg[10]/D
                                0.13           0.11 f        -0.02  (VIOLATED)
   ibex_top_inst/gen_regfile_ff.register_file_i/g_rf_flops[15].rf_reg_q_reg[11]/D
                                0.13           0.11 f        -0.02  (VIOLATED)
   ibex_top_inst/gen_regfile_ff.register_file_i/g_rf_flops[15].rf_reg_q_reg[12]/D
                                0.13           0.11 f        -0.02  (VIOLATED)
   ibex_top_inst/gen_regfile_ff.register_file_i/g_rf_flops[15].rf_reg_q_reg[13]/D
                                0.13           0.11 f        -0.02  (VIOLATED)
   ibex_top_inst/gen_regfile_ff.register_file_i/g_rf_flops[15].rf_reg_q_reg[14]/D
                                0.13           0.11 f        -0.02  (VIOLATED)
   ibex_top_inst/gen_regfile_ff.register_file_i/g_rf_flops[15].rf_reg_q_reg[15]/D
                                0.13           0.11 f        -0.02  (VIOLATED)
   ibex_top_inst/gen_regfile_ff.register_file_i/g_rf_flops[15].rf_reg_q_reg[16]/D
                                0.13           0.11 f        -0.02  (VIOLATED)
   ibex_top_inst/gen_regfile_ff.register_file_i/g_rf_flops[15].rf_reg_q_reg[17]/D
                                0.13           0.11 f        -0.02  (VIOLATED)
   ibex_top_inst/gen_regfile_ff.register_file_i/g_rf_flops[15].rf_reg_q_reg[18]/D
                                0.13           0.11 f        -0.02  (VIOLATED)
   ibex_top_inst/gen_regfile_ff.register_file_i/g_rf_flops[15].rf_reg_q_reg[19]/D
                                0.13           0.11 f        -0.02  (VIOLATED)
   ibex_top_inst/gen_regfile_ff.register_file_i/g_rf_flops[15].rf_reg_q_reg[20]/D
                                0.13           0.11 f        -0.02  (VIOLATED)
   ibex_top_inst/gen_regfile_ff.register_file_i/g_rf_flops[15].rf_reg_q_reg[21]/D
                                0.13           0.11 f        -0.02  (VIOLATED)
   ibex_top_inst/gen_regfile_ff.register_file_i/g_rf_flops[15].rf_reg_q_reg[22]/D
                                0.13           0.11 f        -0.02  (VIOLATED)
   ibex_top_inst/gen_regfile_ff.register_file_i/g_rf_flops[15].rf_reg_q_reg[23]/D
                                0.13           0.11 f        -0.02  (VIOLATED)
   ibex_top_inst/gen_regfile_ff.register_file_i/g_rf_flops[15].rf_reg_q_reg[24]/D
                                0.13           0.11 f        -0.02  (VIOLATED)
   ibex_top_inst/gen_regfile_ff.register_file_i/g_rf_flops[15].rf_reg_q_reg[25]/D
                                0.13           0.11 f        -0.02  (VIOLATED)
   ibex_top_inst/gen_regfile_ff.register_file_i/g_rf_flops[15].rf_reg_q_reg[26]/D
                                0.13           0.11 f        -0.02  (VIOLATED)
   ibex_top_inst/gen_regfile_ff.register_file_i/g_rf_flops[15].rf_reg_q_reg[27]/D
                                0.13           0.11 f        -0.02  (VIOLATED)
   ibex_top_inst/gen_regfile_ff.register_file_i/g_rf_flops[15].rf_reg_q_reg[28]/D
                                0.13           0.11 f        -0.02  (VIOLATED)
   ibex_top_inst/gen_regfile_ff.register_file_i/g_rf_flops[15].rf_reg_q_reg[29]/D
                                0.13           0.11 f        -0.02  (VIOLATED)
   ibex_top_inst/gen_regfile_ff.register_file_i/g_rf_flops[15].rf_reg_q_reg[30]/D
                                0.13           0.11 f        -0.02  (VIOLATED)
   ibex_top_inst/gen_regfile_ff.register_file_i/g_rf_flops[16].rf_reg_q_reg[4]/D
                                0.13           0.11 f        -0.02  (VIOLATED)
   ibex_top_inst/gen_regfile_ff.register_file_i/g_rf_flops[16].rf_reg_q_reg[5]/D
                                0.13           0.11 f        -0.02  (VIOLATED)
   ibex_top_inst/gen_regfile_ff.register_file_i/g_rf_flops[16].rf_reg_q_reg[6]/D
                                0.13           0.11 f        -0.02  (VIOLATED)
   ibex_top_inst/gen_regfile_ff.register_file_i/g_rf_flops[16].rf_reg_q_reg[7]/D
                                0.13           0.11 f        -0.02  (VIOLATED)
   ibex_top_inst/gen_regfile_ff.register_file_i/g_rf_flops[16].rf_reg_q_reg[8]/D
                                0.13           0.11 f        -0.02  (VIOLATED)
   ibex_top_inst/gen_regfile_ff.register_file_i/g_rf_flops[16].rf_reg_q_reg[9]/D
                                0.13           0.11 f        -0.02  (VIOLATED)
   ibex_top_inst/gen_regfile_ff.register_file_i/g_rf_flops[16].rf_reg_q_reg[10]/D
                                0.13           0.11 f        -0.02  (VIOLATED)
   ibex_top_inst/gen_regfile_ff.register_file_i/g_rf_flops[16].rf_reg_q_reg[11]/D
                                0.13           0.11 f        -0.02  (VIOLATED)
   ibex_top_inst/gen_regfile_ff.register_file_i/g_rf_flops[16].rf_reg_q_reg[12]/D
                                0.13           0.11 f        -0.02  (VIOLATED)
   ibex_top_inst/gen_regfile_ff.register_file_i/g_rf_flops[16].rf_reg_q_reg[13]/D
                                0.13           0.11 f        -0.02  (VIOLATED)
   ibex_top_inst/gen_regfile_ff.register_file_i/g_rf_flops[16].rf_reg_q_reg[14]/D
                                0.13           0.11 f        -0.02  (VIOLATED)
   ibex_top_inst/gen_regfile_ff.register_file_i/g_rf_flops[16].rf_reg_q_reg[15]/D
                                0.13           0.11 f        -0.02  (VIOLATED)
   ibex_top_inst/gen_regfile_ff.register_file_i/g_rf_flops[16].rf_reg_q_reg[16]/D
                                0.13           0.11 f        -0.02  (VIOLATED)
   ibex_top_inst/gen_regfile_ff.register_file_i/g_rf_flops[16].rf_reg_q_reg[17]/D
                                0.13           0.11 f        -0.02  (VIOLATED)
   ibex_top_inst/gen_regfile_ff.register_file_i/g_rf_flops[16].rf_reg_q_reg[18]/D
                                0.13           0.11 f        -0.02  (VIOLATED)
   ibex_top_inst/gen_regfile_ff.register_file_i/g_rf_flops[16].rf_reg_q_reg[19]/D
                                0.13           0.11 f        -0.02  (VIOLATED)
   ibex_top_inst/gen_regfile_ff.register_file_i/g_rf_flops[16].rf_reg_q_reg[20]/D
                                0.13           0.11 f        -0.02  (VIOLATED)
   ibex_top_inst/gen_regfile_ff.register_file_i/g_rf_flops[16].rf_reg_q_reg[21]/D
                                0.13           0.11 f        -0.02  (VIOLATED)
   ibex_top_inst/gen_regfile_ff.register_file_i/g_rf_flops[16].rf_reg_q_reg[22]/D
                                0.13           0.11 f        -0.02  (VIOLATED)
   ibex_top_inst/gen_regfile_ff.register_file_i/g_rf_flops[16].rf_reg_q_reg[23]/D
                                0.13           0.11 f        -0.02  (VIOLATED)
   ibex_top_inst/gen_regfile_ff.register_file_i/g_rf_flops[16].rf_reg_q_reg[24]/D
                                0.13           0.11 f        -0.02  (VIOLATED)
   ibex_top_inst/gen_regfile_ff.register_file_i/g_rf_flops[16].rf_reg_q_reg[25]/D
                                0.13           0.11 f        -0.02  (VIOLATED)
   ibex_top_inst/gen_regfile_ff.register_file_i/g_rf_flops[16].rf_reg_q_reg[26]/D
                                0.13           0.11 f        -0.02  (VIOLATED)
   ibex_top_inst/gen_regfile_ff.register_file_i/g_rf_flops[16].rf_reg_q_reg[27]/D
                                0.13           0.11 f        -0.02  (VIOLATED)
   ibex_top_inst/gen_regfile_ff.register_file_i/g_rf_flops[16].rf_reg_q_reg[28]/D
                                0.13           0.11 f        -0.02  (VIOLATED)
   ibex_top_inst/gen_regfile_ff.register_file_i/g_rf_flops[16].rf_reg_q_reg[29]/D
                                0.13           0.11 f        -0.02  (VIOLATED)
   ibex_top_inst/gen_regfile_ff.register_file_i/g_rf_flops[16].rf_reg_q_reg[30]/D
                                0.13           0.11 f        -0.02  (VIOLATED)
   ibex_top_inst/gen_regfile_ff.register_file_i/g_rf_flops[17].rf_reg_q_reg[4]/D
                                0.13           0.11 f        -0.02  (VIOLATED)
   ibex_top_inst/gen_regfile_ff.register_file_i/g_rf_flops[17].rf_reg_q_reg[5]/D
                                0.13           0.11 f        -0.02  (VIOLATED)
   ibex_top_inst/gen_regfile_ff.register_file_i/g_rf_flops[17].rf_reg_q_reg[6]/D
                                0.13           0.11 f        -0.02  (VIOLATED)
   ibex_top_inst/gen_regfile_ff.register_file_i/g_rf_flops[17].rf_reg_q_reg[7]/D
                                0.13           0.11 f        -0.02  (VIOLATED)
   ibex_top_inst/gen_regfile_ff.register_file_i/g_rf_flops[17].rf_reg_q_reg[8]/D
                                0.13           0.11 f        -0.02  (VIOLATED)
   ibex_top_inst/gen_regfile_ff.register_file_i/g_rf_flops[17].rf_reg_q_reg[9]/D
                                0.13           0.11 f        -0.02  (VIOLATED)
   ibex_top_inst/gen_regfile_ff.register_file_i/g_rf_flops[17].rf_reg_q_reg[10]/D
                                0.13           0.11 f        -0.02  (VIOLATED)
   ibex_top_inst/gen_regfile_ff.register_file_i/g_rf_flops[17].rf_reg_q_reg[11]/D
                                0.13           0.11 f        -0.02  (VIOLATED)
   ibex_top_inst/gen_regfile_ff.register_file_i/g_rf_flops[17].rf_reg_q_reg[12]/D
                                0.13           0.11 f        -0.02  (VIOLATED)
   ibex_top_inst/gen_regfile_ff.register_file_i/g_rf_flops[17].rf_reg_q_reg[13]/D
                                0.13           0.11 f        -0.02  (VIOLATED)
   ibex_top_inst/gen_regfile_ff.register_file_i/g_rf_flops[17].rf_reg_q_reg[14]/D
                                0.13           0.11 f        -0.02  (VIOLATED)
   ibex_top_inst/gen_regfile_ff.register_file_i/g_rf_flops[17].rf_reg_q_reg[15]/D
                                0.13           0.11 f        -0.02  (VIOLATED)
   ibex_top_inst/gen_regfile_ff.register_file_i/g_rf_flops[17].rf_reg_q_reg[16]/D
                                0.13           0.11 f        -0.02  (VIOLATED)
   ibex_top_inst/gen_regfile_ff.register_file_i/g_rf_flops[17].rf_reg_q_reg[17]/D
                                0.13           0.11 f        -0.02  (VIOLATED)
   ibex_top_inst/gen_regfile_ff.register_file_i/g_rf_flops[17].rf_reg_q_reg[18]/D
                                0.13           0.11 f        -0.02  (VIOLATED)
   ibex_top_inst/gen_regfile_ff.register_file_i/g_rf_flops[17].rf_reg_q_reg[19]/D
                                0.13           0.11 f        -0.02  (VIOLATED)
   ibex_top_inst/gen_regfile_ff.register_file_i/g_rf_flops[17].rf_reg_q_reg[20]/D
                                0.13           0.11 f        -0.02  (VIOLATED)
   ibex_top_inst/gen_regfile_ff.register_file_i/g_rf_flops[17].rf_reg_q_reg[21]/D
                                0.13           0.11 f        -0.02  (VIOLATED)
   ibex_top_inst/gen_regfile_ff.register_file_i/g_rf_flops[17].rf_reg_q_reg[22]/D
                                0.13           0.11 f        -0.02  (VIOLATED)
   ibex_top_inst/gen_regfile_ff.register_file_i/g_rf_flops[17].rf_reg_q_reg[23]/D
                                0.13           0.11 f        -0.02  (VIOLATED)
   ibex_top_inst/gen_regfile_ff.register_file_i/g_rf_flops[17].rf_reg_q_reg[24]/D
                                0.13           0.11 f        -0.02  (VIOLATED)
   ibex_top_inst/gen_regfile_ff.register_file_i/g_rf_flops[17].rf_reg_q_reg[25]/D
                                0.13           0.11 f        -0.02  (VIOLATED)
   ibex_top_inst/gen_regfile_ff.register_file_i/g_rf_flops[17].rf_reg_q_reg[26]/D
                                0.13           0.11 f        -0.02  (VIOLATED)
   ibex_top_inst/gen_regfile_ff.register_file_i/g_rf_flops[17].rf_reg_q_reg[27]/D
                                0.13           0.11 f        -0.02  (VIOLATED)
   ibex_top_inst/gen_regfile_ff.register_file_i/g_rf_flops[17].rf_reg_q_reg[28]/D
                                0.13           0.11 f        -0.02  (VIOLATED)
   ibex_top_inst/gen_regfile_ff.register_file_i/g_rf_flops[17].rf_reg_q_reg[29]/D
                                0.13           0.11 f        -0.02  (VIOLATED)
   ibex_top_inst/gen_regfile_ff.register_file_i/g_rf_flops[17].rf_reg_q_reg[30]/D
                                0.13           0.11 f        -0.02  (VIOLATED)
   ibex_top_inst/gen_regfile_ff.register_file_i/g_rf_flops[18].rf_reg_q_reg[4]/D
                                0.13           0.11 f        -0.02  (VIOLATED)
   ibex_top_inst/gen_regfile_ff.register_file_i/g_rf_flops[18].rf_reg_q_reg[5]/D
                                0.13           0.11 f        -0.02  (VIOLATED)
   ibex_top_inst/gen_regfile_ff.register_file_i/g_rf_flops[18].rf_reg_q_reg[6]/D
                                0.13           0.11 f        -0.02  (VIOLATED)
   ibex_top_inst/gen_regfile_ff.register_file_i/g_rf_flops[18].rf_reg_q_reg[7]/D
                                0.13           0.11 f        -0.02  (VIOLATED)
   ibex_top_inst/gen_regfile_ff.register_file_i/g_rf_flops[18].rf_reg_q_reg[8]/D
                                0.13           0.11 f        -0.02  (VIOLATED)
   ibex_top_inst/gen_regfile_ff.register_file_i/g_rf_flops[18].rf_reg_q_reg[9]/D
                                0.13           0.11 f        -0.02  (VIOLATED)
   ibex_top_inst/gen_regfile_ff.register_file_i/g_rf_flops[18].rf_reg_q_reg[10]/D
                                0.13           0.11 f        -0.02  (VIOLATED)
   ibex_top_inst/gen_regfile_ff.register_file_i/g_rf_flops[18].rf_reg_q_reg[11]/D
                                0.13           0.11 f        -0.02  (VIOLATED)
   ibex_top_inst/gen_regfile_ff.register_file_i/g_rf_flops[18].rf_reg_q_reg[12]/D
                                0.13           0.11 f        -0.02  (VIOLATED)
   ibex_top_inst/gen_regfile_ff.register_file_i/g_rf_flops[18].rf_reg_q_reg[13]/D
                                0.13           0.11 f        -0.02  (VIOLATED)
   ibex_top_inst/gen_regfile_ff.register_file_i/g_rf_flops[18].rf_reg_q_reg[14]/D
                                0.13           0.11 f        -0.02  (VIOLATED)
   ibex_top_inst/gen_regfile_ff.register_file_i/g_rf_flops[18].rf_reg_q_reg[15]/D
                                0.13           0.11 f        -0.02  (VIOLATED)
   ibex_top_inst/gen_regfile_ff.register_file_i/g_rf_flops[18].rf_reg_q_reg[16]/D
                                0.13           0.11 f        -0.02  (VIOLATED)
   ibex_top_inst/gen_regfile_ff.register_file_i/g_rf_flops[18].rf_reg_q_reg[17]/D
                                0.13           0.11 f        -0.02  (VIOLATED)
   ibex_top_inst/gen_regfile_ff.register_file_i/g_rf_flops[18].rf_reg_q_reg[18]/D
                                0.13           0.11 f        -0.02  (VIOLATED)
   ibex_top_inst/gen_regfile_ff.register_file_i/g_rf_flops[18].rf_reg_q_reg[19]/D
                                0.13           0.11 f        -0.02  (VIOLATED)
   ibex_top_inst/gen_regfile_ff.register_file_i/g_rf_flops[18].rf_reg_q_reg[20]/D
                                0.13           0.11 f        -0.02  (VIOLATED)
   ibex_top_inst/gen_regfile_ff.register_file_i/g_rf_flops[18].rf_reg_q_reg[21]/D
                                0.13           0.11 f        -0.02  (VIOLATED)
   ibex_top_inst/gen_regfile_ff.register_file_i/g_rf_flops[18].rf_reg_q_reg[22]/D
                                0.13           0.11 f        -0.02  (VIOLATED)
   ibex_top_inst/gen_regfile_ff.register_file_i/g_rf_flops[18].rf_reg_q_reg[23]/D
                                0.13           0.11 f        -0.02  (VIOLATED)
   ibex_top_inst/gen_regfile_ff.register_file_i/g_rf_flops[18].rf_reg_q_reg[24]/D
                                0.13           0.11 f        -0.02  (VIOLATED)
   ibex_top_inst/gen_regfile_ff.register_file_i/g_rf_flops[18].rf_reg_q_reg[25]/D
                                0.13           0.11 f        -0.02  (VIOLATED)
   ibex_top_inst/gen_regfile_ff.register_file_i/g_rf_flops[18].rf_reg_q_reg[26]/D
                                0.13           0.11 f        -0.02  (VIOLATED)
   ibex_top_inst/gen_regfile_ff.register_file_i/g_rf_flops[18].rf_reg_q_reg[27]/D
                                0.13           0.11 f        -0.02  (VIOLATED)
   ibex_top_inst/gen_regfile_ff.register_file_i/g_rf_flops[18].rf_reg_q_reg[28]/D
                                0.13           0.11 f        -0.02  (VIOLATED)
   ibex_top_inst/gen_regfile_ff.register_file_i/g_rf_flops[18].rf_reg_q_reg[29]/D
                                0.13           0.11 f        -0.02  (VIOLATED)
   ibex_top_inst/gen_regfile_ff.register_file_i/g_rf_flops[18].rf_reg_q_reg[30]/D
                                0.13           0.11 f        -0.02  (VIOLATED)
   ibex_top_inst/gen_regfile_ff.register_file_i/g_rf_flops[19].rf_reg_q_reg[4]/D
                                0.13           0.11 f        -0.02  (VIOLATED)
   ibex_top_inst/gen_regfile_ff.register_file_i/g_rf_flops[19].rf_reg_q_reg[5]/D
                                0.13           0.11 f        -0.02  (VIOLATED)
   ibex_top_inst/gen_regfile_ff.register_file_i/g_rf_flops[19].rf_reg_q_reg[6]/D
                                0.13           0.11 f        -0.02  (VIOLATED)
   ibex_top_inst/gen_regfile_ff.register_file_i/g_rf_flops[19].rf_reg_q_reg[7]/D
                                0.13           0.11 f        -0.02  (VIOLATED)
   ibex_top_inst/gen_regfile_ff.register_file_i/g_rf_flops[19].rf_reg_q_reg[8]/D
                                0.13           0.11 f        -0.02  (VIOLATED)
   ibex_top_inst/gen_regfile_ff.register_file_i/g_rf_flops[19].rf_reg_q_reg[9]/D
                                0.13           0.11 f        -0.02  (VIOLATED)
   ibex_top_inst/gen_regfile_ff.register_file_i/g_rf_flops[19].rf_reg_q_reg[10]/D
                                0.13           0.11 f        -0.02  (VIOLATED)
   ibex_top_inst/gen_regfile_ff.register_file_i/g_rf_flops[19].rf_reg_q_reg[11]/D
                                0.13           0.11 f        -0.02  (VIOLATED)
   ibex_top_inst/gen_regfile_ff.register_file_i/g_rf_flops[19].rf_reg_q_reg[12]/D
                                0.13           0.11 f        -0.02  (VIOLATED)
   ibex_top_inst/gen_regfile_ff.register_file_i/g_rf_flops[19].rf_reg_q_reg[13]/D
                                0.13           0.11 f        -0.02  (VIOLATED)
   ibex_top_inst/gen_regfile_ff.register_file_i/g_rf_flops[19].rf_reg_q_reg[14]/D
                                0.13           0.11 f        -0.02  (VIOLATED)
   ibex_top_inst/gen_regfile_ff.register_file_i/g_rf_flops[19].rf_reg_q_reg[15]/D
                                0.13           0.11 f        -0.02  (VIOLATED)
   ibex_top_inst/gen_regfile_ff.register_file_i/g_rf_flops[19].rf_reg_q_reg[16]/D
                                0.13           0.11 f        -0.02  (VIOLATED)
   ibex_top_inst/gen_regfile_ff.register_file_i/g_rf_flops[19].rf_reg_q_reg[17]/D
                                0.13           0.11 f        -0.02  (VIOLATED)
   ibex_top_inst/gen_regfile_ff.register_file_i/g_rf_flops[19].rf_reg_q_reg[18]/D
                                0.13           0.11 f        -0.02  (VIOLATED)
   ibex_top_inst/gen_regfile_ff.register_file_i/g_rf_flops[19].rf_reg_q_reg[19]/D
                                0.13           0.11 f        -0.02  (VIOLATED)
   ibex_top_inst/gen_regfile_ff.register_file_i/g_rf_flops[19].rf_reg_q_reg[20]/D
                                0.13           0.11 f        -0.02  (VIOLATED)
   ibex_top_inst/gen_regfile_ff.register_file_i/g_rf_flops[19].rf_reg_q_reg[21]/D
                                0.13           0.11 f        -0.02  (VIOLATED)
   ibex_top_inst/gen_regfile_ff.register_file_i/g_rf_flops[19].rf_reg_q_reg[22]/D
                                0.13           0.11 f        -0.02  (VIOLATED)
   ibex_top_inst/gen_regfile_ff.register_file_i/g_rf_flops[19].rf_reg_q_reg[23]/D
                                0.13           0.11 f        -0.02  (VIOLATED)
   ibex_top_inst/gen_regfile_ff.register_file_i/g_rf_flops[19].rf_reg_q_reg[24]/D
                                0.13           0.11 f        -0.02  (VIOLATED)
   ibex_top_inst/gen_regfile_ff.register_file_i/g_rf_flops[19].rf_reg_q_reg[25]/D
                                0.13           0.11 f        -0.02  (VIOLATED)
   ibex_top_inst/gen_regfile_ff.register_file_i/g_rf_flops[19].rf_reg_q_reg[26]/D
                                0.13           0.11 f        -0.02  (VIOLATED)
   ibex_top_inst/gen_regfile_ff.register_file_i/g_rf_flops[19].rf_reg_q_reg[27]/D
                                0.13           0.11 f        -0.02  (VIOLATED)
   ibex_top_inst/gen_regfile_ff.register_file_i/g_rf_flops[19].rf_reg_q_reg[28]/D
                                0.13           0.11 f        -0.02  (VIOLATED)
   ibex_top_inst/gen_regfile_ff.register_file_i/g_rf_flops[19].rf_reg_q_reg[29]/D
                                0.13           0.11 f        -0.02  (VIOLATED)
   ibex_top_inst/gen_regfile_ff.register_file_i/g_rf_flops[19].rf_reg_q_reg[30]/D
                                0.13           0.11 f        -0.02  (VIOLATED)
   ibex_top_inst/gen_regfile_ff.register_file_i/g_rf_flops[20].rf_reg_q_reg[4]/D
                                0.13           0.11 f        -0.02  (VIOLATED)
   ibex_top_inst/gen_regfile_ff.register_file_i/g_rf_flops[20].rf_reg_q_reg[5]/D
                                0.13           0.11 f        -0.02  (VIOLATED)
   ibex_top_inst/gen_regfile_ff.register_file_i/g_rf_flops[20].rf_reg_q_reg[6]/D
                                0.13           0.11 f        -0.02  (VIOLATED)
   ibex_top_inst/gen_regfile_ff.register_file_i/g_rf_flops[20].rf_reg_q_reg[7]/D
                                0.13           0.11 f        -0.02  (VIOLATED)
   ibex_top_inst/gen_regfile_ff.register_file_i/g_rf_flops[20].rf_reg_q_reg[8]/D
                                0.13           0.11 f        -0.02  (VIOLATED)
   ibex_top_inst/gen_regfile_ff.register_file_i/g_rf_flops[20].rf_reg_q_reg[9]/D
                                0.13           0.11 f        -0.02  (VIOLATED)
   ibex_top_inst/gen_regfile_ff.register_file_i/g_rf_flops[20].rf_reg_q_reg[10]/D
                                0.13           0.11 f        -0.02  (VIOLATED)
   ibex_top_inst/gen_regfile_ff.register_file_i/g_rf_flops[20].rf_reg_q_reg[11]/D
                                0.13           0.11 f        -0.02  (VIOLATED)
   ibex_top_inst/gen_regfile_ff.register_file_i/g_rf_flops[20].rf_reg_q_reg[12]/D
                                0.13           0.11 f        -0.02  (VIOLATED)
   ibex_top_inst/gen_regfile_ff.register_file_i/g_rf_flops[20].rf_reg_q_reg[13]/D
                                0.13           0.11 f        -0.02  (VIOLATED)
   ibex_top_inst/gen_regfile_ff.register_file_i/g_rf_flops[20].rf_reg_q_reg[14]/D
                                0.13           0.11 f        -0.02  (VIOLATED)
   ibex_top_inst/gen_regfile_ff.register_file_i/g_rf_flops[20].rf_reg_q_reg[15]/D
                                0.13           0.11 f        -0.02  (VIOLATED)
   ibex_top_inst/gen_regfile_ff.register_file_i/g_rf_flops[20].rf_reg_q_reg[16]/D
                                0.13           0.11 f        -0.02  (VIOLATED)
   ibex_top_inst/gen_regfile_ff.register_file_i/g_rf_flops[20].rf_reg_q_reg[17]/D
                                0.13           0.11 f        -0.02  (VIOLATED)
   ibex_top_inst/gen_regfile_ff.register_file_i/g_rf_flops[20].rf_reg_q_reg[18]/D
                                0.13           0.11 f        -0.02  (VIOLATED)
   ibex_top_inst/gen_regfile_ff.register_file_i/g_rf_flops[20].rf_reg_q_reg[19]/D
                                0.13           0.11 f        -0.02  (VIOLATED)
   ibex_top_inst/gen_regfile_ff.register_file_i/g_rf_flops[20].rf_reg_q_reg[20]/D
                                0.13           0.11 f        -0.02  (VIOLATED)
   ibex_top_inst/gen_regfile_ff.register_file_i/g_rf_flops[20].rf_reg_q_reg[21]/D
                                0.13           0.11 f        -0.02  (VIOLATED)
   ibex_top_inst/gen_regfile_ff.register_file_i/g_rf_flops[20].rf_reg_q_reg[22]/D
                                0.13           0.11 f        -0.02  (VIOLATED)
   ibex_top_inst/gen_regfile_ff.register_file_i/g_rf_flops[20].rf_reg_q_reg[23]/D
                                0.13           0.11 f        -0.02  (VIOLATED)
   ibex_top_inst/gen_regfile_ff.register_file_i/g_rf_flops[20].rf_reg_q_reg[24]/D
                                0.13           0.11 f        -0.02  (VIOLATED)
   ibex_top_inst/gen_regfile_ff.register_file_i/g_rf_flops[20].rf_reg_q_reg[25]/D
                                0.13           0.11 f        -0.02  (VIOLATED)
   ibex_top_inst/gen_regfile_ff.register_file_i/g_rf_flops[20].rf_reg_q_reg[26]/D
                                0.13           0.11 f        -0.02  (VIOLATED)
   ibex_top_inst/gen_regfile_ff.register_file_i/g_rf_flops[20].rf_reg_q_reg[27]/D
                                0.13           0.11 f        -0.02  (VIOLATED)
   ibex_top_inst/gen_regfile_ff.register_file_i/g_rf_flops[20].rf_reg_q_reg[28]/D
                                0.13           0.11 f        -0.02  (VIOLATED)
   ibex_top_inst/gen_regfile_ff.register_file_i/g_rf_flops[20].rf_reg_q_reg[29]/D
                                0.13           0.11 f        -0.02  (VIOLATED)
   ibex_top_inst/gen_regfile_ff.register_file_i/g_rf_flops[20].rf_reg_q_reg[30]/D
                                0.13           0.11 f        -0.02  (VIOLATED)
   ibex_top_inst/gen_regfile_ff.register_file_i/g_rf_flops[21].rf_reg_q_reg[4]/D
                                0.13           0.11 f        -0.02  (VIOLATED)
   ibex_top_inst/gen_regfile_ff.register_file_i/g_rf_flops[21].rf_reg_q_reg[5]/D
                                0.13           0.11 f        -0.02  (VIOLATED)
   ibex_top_inst/gen_regfile_ff.register_file_i/g_rf_flops[21].rf_reg_q_reg[6]/D
                                0.13           0.11 f        -0.02  (VIOLATED)
   ibex_top_inst/gen_regfile_ff.register_file_i/g_rf_flops[21].rf_reg_q_reg[7]/D
                                0.13           0.11 f        -0.02  (VIOLATED)
   ibex_top_inst/gen_regfile_ff.register_file_i/g_rf_flops[21].rf_reg_q_reg[8]/D
                                0.13           0.11 f        -0.02  (VIOLATED)
   ibex_top_inst/gen_regfile_ff.register_file_i/g_rf_flops[21].rf_reg_q_reg[9]/D
                                0.13           0.11 f        -0.02  (VIOLATED)
   ibex_top_inst/gen_regfile_ff.register_file_i/g_rf_flops[21].rf_reg_q_reg[10]/D
                                0.13           0.11 f        -0.02  (VIOLATED)
   ibex_top_inst/gen_regfile_ff.register_file_i/g_rf_flops[21].rf_reg_q_reg[11]/D
                                0.13           0.11 f        -0.02  (VIOLATED)
   ibex_top_inst/gen_regfile_ff.register_file_i/g_rf_flops[21].rf_reg_q_reg[12]/D
                                0.13           0.11 f        -0.02  (VIOLATED)
   ibex_top_inst/gen_regfile_ff.register_file_i/g_rf_flops[21].rf_reg_q_reg[13]/D
                                0.13           0.11 f        -0.02  (VIOLATED)
   ibex_top_inst/gen_regfile_ff.register_file_i/g_rf_flops[21].rf_reg_q_reg[14]/D
                                0.13           0.11 f        -0.02  (VIOLATED)
   ibex_top_inst/gen_regfile_ff.register_file_i/g_rf_flops[21].rf_reg_q_reg[15]/D
                                0.13           0.11 f        -0.02  (VIOLATED)
   ibex_top_inst/gen_regfile_ff.register_file_i/g_rf_flops[21].rf_reg_q_reg[16]/D
                                0.13           0.11 f        -0.02  (VIOLATED)
   ibex_top_inst/gen_regfile_ff.register_file_i/g_rf_flops[21].rf_reg_q_reg[17]/D
                                0.13           0.11 f        -0.02  (VIOLATED)
   ibex_top_inst/gen_regfile_ff.register_file_i/g_rf_flops[21].rf_reg_q_reg[18]/D
                                0.13           0.11 f        -0.02  (VIOLATED)
   ibex_top_inst/gen_regfile_ff.register_file_i/g_rf_flops[21].rf_reg_q_reg[19]/D
                                0.13           0.11 f        -0.02  (VIOLATED)
   ibex_top_inst/gen_regfile_ff.register_file_i/g_rf_flops[21].rf_reg_q_reg[20]/D
                                0.13           0.11 f        -0.02  (VIOLATED)
   ibex_top_inst/gen_regfile_ff.register_file_i/g_rf_flops[21].rf_reg_q_reg[21]/D
                                0.13           0.11 f        -0.02  (VIOLATED)
   ibex_top_inst/gen_regfile_ff.register_file_i/g_rf_flops[21].rf_reg_q_reg[22]/D
                                0.13           0.11 f        -0.02  (VIOLATED)
   ibex_top_inst/gen_regfile_ff.register_file_i/g_rf_flops[21].rf_reg_q_reg[23]/D
                                0.13           0.11 f        -0.02  (VIOLATED)
   ibex_top_inst/gen_regfile_ff.register_file_i/g_rf_flops[21].rf_reg_q_reg[24]/D
                                0.13           0.11 f        -0.02  (VIOLATED)
   ibex_top_inst/gen_regfile_ff.register_file_i/g_rf_flops[21].rf_reg_q_reg[25]/D
                                0.13           0.11 f        -0.02  (VIOLATED)
   ibex_top_inst/gen_regfile_ff.register_file_i/g_rf_flops[21].rf_reg_q_reg[26]/D
                                0.13           0.11 f        -0.02  (VIOLATED)
   ibex_top_inst/gen_regfile_ff.register_file_i/g_rf_flops[21].rf_reg_q_reg[27]/D
                                0.13           0.11 f        -0.02  (VIOLATED)
   ibex_top_inst/gen_regfile_ff.register_file_i/g_rf_flops[21].rf_reg_q_reg[28]/D
                                0.13           0.11 f        -0.02  (VIOLATED)
   ibex_top_inst/gen_regfile_ff.register_file_i/g_rf_flops[21].rf_reg_q_reg[29]/D
                                0.13           0.11 f        -0.02  (VIOLATED)
   ibex_top_inst/gen_regfile_ff.register_file_i/g_rf_flops[21].rf_reg_q_reg[30]/D
                                0.13           0.11 f        -0.02  (VIOLATED)
   ibex_top_inst/gen_regfile_ff.register_file_i/g_rf_flops[22].rf_reg_q_reg[4]/D
                                0.13           0.11 f        -0.02  (VIOLATED)
   ibex_top_inst/gen_regfile_ff.register_file_i/g_rf_flops[22].rf_reg_q_reg[5]/D
                                0.13           0.11 f        -0.02  (VIOLATED)
   ibex_top_inst/gen_regfile_ff.register_file_i/g_rf_flops[22].rf_reg_q_reg[6]/D
                                0.13           0.11 f        -0.02  (VIOLATED)
   ibex_top_inst/gen_regfile_ff.register_file_i/g_rf_flops[22].rf_reg_q_reg[7]/D
                                0.13           0.11 f        -0.02  (VIOLATED)
   ibex_top_inst/gen_regfile_ff.register_file_i/g_rf_flops[22].rf_reg_q_reg[8]/D
                                0.13           0.11 f        -0.02  (VIOLATED)
   ibex_top_inst/gen_regfile_ff.register_file_i/g_rf_flops[22].rf_reg_q_reg[9]/D
                                0.13           0.11 f        -0.02  (VIOLATED)
   ibex_top_inst/gen_regfile_ff.register_file_i/g_rf_flops[22].rf_reg_q_reg[10]/D
                                0.13           0.11 f        -0.02  (VIOLATED)
   ibex_top_inst/gen_regfile_ff.register_file_i/g_rf_flops[22].rf_reg_q_reg[11]/D
                                0.13           0.11 f        -0.02  (VIOLATED)
   ibex_top_inst/gen_regfile_ff.register_file_i/g_rf_flops[22].rf_reg_q_reg[12]/D
                                0.13           0.11 f        -0.02  (VIOLATED)
   ibex_top_inst/gen_regfile_ff.register_file_i/g_rf_flops[22].rf_reg_q_reg[13]/D
                                0.13           0.11 f        -0.02  (VIOLATED)
   ibex_top_inst/gen_regfile_ff.register_file_i/g_rf_flops[22].rf_reg_q_reg[14]/D
                                0.13           0.11 f        -0.02  (VIOLATED)
   ibex_top_inst/gen_regfile_ff.register_file_i/g_rf_flops[22].rf_reg_q_reg[15]/D
                                0.13           0.11 f        -0.02  (VIOLATED)
   ibex_top_inst/gen_regfile_ff.register_file_i/g_rf_flops[22].rf_reg_q_reg[16]/D
                                0.13           0.11 f        -0.02  (VIOLATED)
   ibex_top_inst/gen_regfile_ff.register_file_i/g_rf_flops[22].rf_reg_q_reg[17]/D
                                0.13           0.11 f        -0.02  (VIOLATED)
   ibex_top_inst/gen_regfile_ff.register_file_i/g_rf_flops[22].rf_reg_q_reg[18]/D
                                0.13           0.11 f        -0.02  (VIOLATED)
   ibex_top_inst/gen_regfile_ff.register_file_i/g_rf_flops[22].rf_reg_q_reg[19]/D
                                0.13           0.11 f        -0.02  (VIOLATED)
   ibex_top_inst/gen_regfile_ff.register_file_i/g_rf_flops[22].rf_reg_q_reg[20]/D
                                0.13           0.11 f        -0.02  (VIOLATED)
   ibex_top_inst/gen_regfile_ff.register_file_i/g_rf_flops[22].rf_reg_q_reg[21]/D
                                0.13           0.11 f        -0.02  (VIOLATED)
   ibex_top_inst/gen_regfile_ff.register_file_i/g_rf_flops[22].rf_reg_q_reg[22]/D
                                0.13           0.11 f        -0.02  (VIOLATED)
   ibex_top_inst/gen_regfile_ff.register_file_i/g_rf_flops[22].rf_reg_q_reg[23]/D
                                0.13           0.11 f        -0.02  (VIOLATED)
   ibex_top_inst/gen_regfile_ff.register_file_i/g_rf_flops[22].rf_reg_q_reg[24]/D
                                0.13           0.11 f        -0.02  (VIOLATED)
   ibex_top_inst/gen_regfile_ff.register_file_i/g_rf_flops[22].rf_reg_q_reg[25]/D
                                0.13           0.11 f        -0.02  (VIOLATED)
   ibex_top_inst/gen_regfile_ff.register_file_i/g_rf_flops[22].rf_reg_q_reg[26]/D
                                0.13           0.11 f        -0.02  (VIOLATED)
   ibex_top_inst/gen_regfile_ff.register_file_i/g_rf_flops[22].rf_reg_q_reg[27]/D
                                0.13           0.11 f        -0.02  (VIOLATED)
   ibex_top_inst/gen_regfile_ff.register_file_i/g_rf_flops[22].rf_reg_q_reg[28]/D
                                0.13           0.11 f        -0.02  (VIOLATED)
   ibex_top_inst/gen_regfile_ff.register_file_i/g_rf_flops[22].rf_reg_q_reg[29]/D
                                0.13           0.11 f        -0.02  (VIOLATED)
   ibex_top_inst/gen_regfile_ff.register_file_i/g_rf_flops[22].rf_reg_q_reg[30]/D
                                0.13           0.11 f        -0.02  (VIOLATED)
   ibex_top_inst/gen_regfile_ff.register_file_i/g_rf_flops[23].rf_reg_q_reg[4]/D
                                0.13           0.11 f        -0.02  (VIOLATED)
   ibex_top_inst/gen_regfile_ff.register_file_i/g_rf_flops[23].rf_reg_q_reg[5]/D
                                0.13           0.11 f        -0.02  (VIOLATED)
   ibex_top_inst/gen_regfile_ff.register_file_i/g_rf_flops[23].rf_reg_q_reg[6]/D
                                0.13           0.11 f        -0.02  (VIOLATED)
   ibex_top_inst/gen_regfile_ff.register_file_i/g_rf_flops[23].rf_reg_q_reg[7]/D
                                0.13           0.11 f        -0.02  (VIOLATED)
   ibex_top_inst/gen_regfile_ff.register_file_i/g_rf_flops[23].rf_reg_q_reg[8]/D
                                0.13           0.11 f        -0.02  (VIOLATED)
   ibex_top_inst/gen_regfile_ff.register_file_i/g_rf_flops[23].rf_reg_q_reg[9]/D
                                0.13           0.11 f        -0.02  (VIOLATED)
   ibex_top_inst/gen_regfile_ff.register_file_i/g_rf_flops[23].rf_reg_q_reg[10]/D
                                0.13           0.11 f        -0.02  (VIOLATED)
   ibex_top_inst/gen_regfile_ff.register_file_i/g_rf_flops[23].rf_reg_q_reg[11]/D
                                0.13           0.11 f        -0.02  (VIOLATED)
   ibex_top_inst/gen_regfile_ff.register_file_i/g_rf_flops[23].rf_reg_q_reg[12]/D
                                0.13           0.11 f        -0.02  (VIOLATED)
   ibex_top_inst/gen_regfile_ff.register_file_i/g_rf_flops[23].rf_reg_q_reg[13]/D
                                0.13           0.11 f        -0.02  (VIOLATED)
   ibex_top_inst/gen_regfile_ff.register_file_i/g_rf_flops[23].rf_reg_q_reg[14]/D
                                0.13           0.11 f        -0.02  (VIOLATED)
   ibex_top_inst/gen_regfile_ff.register_file_i/g_rf_flops[23].rf_reg_q_reg[15]/D
                                0.13           0.11 f        -0.02  (VIOLATED)
   ibex_top_inst/gen_regfile_ff.register_file_i/g_rf_flops[23].rf_reg_q_reg[16]/D
                                0.13           0.11 f        -0.02  (VIOLATED)
   ibex_top_inst/gen_regfile_ff.register_file_i/g_rf_flops[23].rf_reg_q_reg[17]/D
                                0.13           0.11 f        -0.02  (VIOLATED)
   ibex_top_inst/gen_regfile_ff.register_file_i/g_rf_flops[23].rf_reg_q_reg[18]/D
                                0.13           0.11 f        -0.02  (VIOLATED)
   ibex_top_inst/gen_regfile_ff.register_file_i/g_rf_flops[23].rf_reg_q_reg[19]/D
                                0.13           0.11 f        -0.02  (VIOLATED)
   ibex_top_inst/gen_regfile_ff.register_file_i/g_rf_flops[23].rf_reg_q_reg[20]/D
                                0.13           0.11 f        -0.02  (VIOLATED)
   ibex_top_inst/gen_regfile_ff.register_file_i/g_rf_flops[23].rf_reg_q_reg[21]/D
                                0.13           0.11 f        -0.02  (VIOLATED)
   ibex_top_inst/gen_regfile_ff.register_file_i/g_rf_flops[23].rf_reg_q_reg[22]/D
                                0.13           0.11 f        -0.02  (VIOLATED)
   ibex_top_inst/gen_regfile_ff.register_file_i/g_rf_flops[23].rf_reg_q_reg[23]/D
                                0.13           0.11 f        -0.02  (VIOLATED)
   ibex_top_inst/gen_regfile_ff.register_file_i/g_rf_flops[23].rf_reg_q_reg[24]/D
                                0.13           0.11 f        -0.02  (VIOLATED)
   ibex_top_inst/gen_regfile_ff.register_file_i/g_rf_flops[23].rf_reg_q_reg[25]/D
                                0.13           0.11 f        -0.02  (VIOLATED)
   ibex_top_inst/gen_regfile_ff.register_file_i/g_rf_flops[23].rf_reg_q_reg[26]/D
                                0.13           0.11 f        -0.02  (VIOLATED)
   ibex_top_inst/gen_regfile_ff.register_file_i/g_rf_flops[23].rf_reg_q_reg[27]/D
                                0.13           0.11 f        -0.02  (VIOLATED)
   ibex_top_inst/gen_regfile_ff.register_file_i/g_rf_flops[23].rf_reg_q_reg[28]/D
                                0.13           0.11 f        -0.02  (VIOLATED)
   ibex_top_inst/gen_regfile_ff.register_file_i/g_rf_flops[23].rf_reg_q_reg[29]/D
                                0.13           0.11 f        -0.02  (VIOLATED)
   ibex_top_inst/gen_regfile_ff.register_file_i/g_rf_flops[23].rf_reg_q_reg[30]/D
                                0.13           0.11 f        -0.02  (VIOLATED)
   ibex_top_inst/gen_regfile_ff.register_file_i/g_rf_flops[24].rf_reg_q_reg[4]/D
                                0.13           0.11 f        -0.02  (VIOLATED)
   ibex_top_inst/gen_regfile_ff.register_file_i/g_rf_flops[24].rf_reg_q_reg[5]/D
                                0.13           0.11 f        -0.02  (VIOLATED)
   ibex_top_inst/gen_regfile_ff.register_file_i/g_rf_flops[24].rf_reg_q_reg[6]/D
                                0.13           0.11 f        -0.02  (VIOLATED)
   ibex_top_inst/gen_regfile_ff.register_file_i/g_rf_flops[24].rf_reg_q_reg[7]/D
                                0.13           0.11 f        -0.02  (VIOLATED)
   ibex_top_inst/gen_regfile_ff.register_file_i/g_rf_flops[24].rf_reg_q_reg[8]/D
                                0.13           0.11 f        -0.02  (VIOLATED)
   ibex_top_inst/gen_regfile_ff.register_file_i/g_rf_flops[24].rf_reg_q_reg[9]/D
                                0.13           0.11 f        -0.02  (VIOLATED)
   ibex_top_inst/gen_regfile_ff.register_file_i/g_rf_flops[24].rf_reg_q_reg[10]/D
                                0.13           0.11 f        -0.02  (VIOLATED)
   ibex_top_inst/gen_regfile_ff.register_file_i/g_rf_flops[24].rf_reg_q_reg[11]/D
                                0.13           0.11 f        -0.02  (VIOLATED)
   ibex_top_inst/gen_regfile_ff.register_file_i/g_rf_flops[24].rf_reg_q_reg[12]/D
                                0.13           0.11 f        -0.02  (VIOLATED)
   ibex_top_inst/gen_regfile_ff.register_file_i/g_rf_flops[24].rf_reg_q_reg[13]/D
                                0.13           0.11 f        -0.02  (VIOLATED)
   ibex_top_inst/gen_regfile_ff.register_file_i/g_rf_flops[24].rf_reg_q_reg[14]/D
                                0.13           0.11 f        -0.02  (VIOLATED)
   ibex_top_inst/gen_regfile_ff.register_file_i/g_rf_flops[24].rf_reg_q_reg[15]/D
                                0.13           0.11 f        -0.02  (VIOLATED)
   ibex_top_inst/gen_regfile_ff.register_file_i/g_rf_flops[24].rf_reg_q_reg[16]/D
                                0.13           0.11 f        -0.02  (VIOLATED)
   ibex_top_inst/gen_regfile_ff.register_file_i/g_rf_flops[24].rf_reg_q_reg[17]/D
                                0.13           0.11 f        -0.02  (VIOLATED)
   ibex_top_inst/gen_regfile_ff.register_file_i/g_rf_flops[24].rf_reg_q_reg[18]/D
                                0.13           0.11 f        -0.02  (VIOLATED)
   ibex_top_inst/gen_regfile_ff.register_file_i/g_rf_flops[24].rf_reg_q_reg[19]/D
                                0.13           0.11 f        -0.02  (VIOLATED)
   ibex_top_inst/gen_regfile_ff.register_file_i/g_rf_flops[24].rf_reg_q_reg[20]/D
                                0.13           0.11 f        -0.02  (VIOLATED)
   ibex_top_inst/gen_regfile_ff.register_file_i/g_rf_flops[24].rf_reg_q_reg[21]/D
                                0.13           0.11 f        -0.02  (VIOLATED)
   ibex_top_inst/gen_regfile_ff.register_file_i/g_rf_flops[24].rf_reg_q_reg[22]/D
                                0.13           0.11 f        -0.02  (VIOLATED)
   ibex_top_inst/gen_regfile_ff.register_file_i/g_rf_flops[24].rf_reg_q_reg[23]/D
                                0.13           0.11 f        -0.02  (VIOLATED)
   ibex_top_inst/gen_regfile_ff.register_file_i/g_rf_flops[24].rf_reg_q_reg[24]/D
                                0.13           0.11 f        -0.02  (VIOLATED)
   ibex_top_inst/gen_regfile_ff.register_file_i/g_rf_flops[24].rf_reg_q_reg[25]/D
                                0.13           0.11 f        -0.02  (VIOLATED)
   ibex_top_inst/gen_regfile_ff.register_file_i/g_rf_flops[24].rf_reg_q_reg[26]/D
                                0.13           0.11 f        -0.02  (VIOLATED)
   ibex_top_inst/gen_regfile_ff.register_file_i/g_rf_flops[24].rf_reg_q_reg[27]/D
                                0.13           0.11 f        -0.02  (VIOLATED)
   ibex_top_inst/gen_regfile_ff.register_file_i/g_rf_flops[24].rf_reg_q_reg[28]/D
                                0.13           0.11 f        -0.02  (VIOLATED)
   ibex_top_inst/gen_regfile_ff.register_file_i/g_rf_flops[24].rf_reg_q_reg[29]/D
                                0.13           0.11 f        -0.02  (VIOLATED)
   ibex_top_inst/gen_regfile_ff.register_file_i/g_rf_flops[24].rf_reg_q_reg[30]/D
                                0.13           0.11 f        -0.02  (VIOLATED)
   ibex_top_inst/gen_regfile_ff.register_file_i/g_rf_flops[25].rf_reg_q_reg[4]/D
                                0.13           0.11 f        -0.02  (VIOLATED)
   ibex_top_inst/gen_regfile_ff.register_file_i/g_rf_flops[25].rf_reg_q_reg[5]/D
                                0.13           0.11 f        -0.02  (VIOLATED)
   ibex_top_inst/gen_regfile_ff.register_file_i/g_rf_flops[25].rf_reg_q_reg[6]/D
                                0.13           0.11 f        -0.02  (VIOLATED)
   ibex_top_inst/gen_regfile_ff.register_file_i/g_rf_flops[25].rf_reg_q_reg[7]/D
                                0.13           0.11 f        -0.02  (VIOLATED)
   ibex_top_inst/gen_regfile_ff.register_file_i/g_rf_flops[25].rf_reg_q_reg[8]/D
                                0.13           0.11 f        -0.02  (VIOLATED)
   ibex_top_inst/gen_regfile_ff.register_file_i/g_rf_flops[25].rf_reg_q_reg[9]/D
                                0.13           0.11 f        -0.02  (VIOLATED)
   ibex_top_inst/gen_regfile_ff.register_file_i/g_rf_flops[25].rf_reg_q_reg[10]/D
                                0.13           0.11 f        -0.02  (VIOLATED)
   ibex_top_inst/gen_regfile_ff.register_file_i/g_rf_flops[25].rf_reg_q_reg[11]/D
                                0.13           0.11 f        -0.02  (VIOLATED)
   ibex_top_inst/gen_regfile_ff.register_file_i/g_rf_flops[25].rf_reg_q_reg[12]/D
                                0.13           0.11 f        -0.02  (VIOLATED)
   ibex_top_inst/gen_regfile_ff.register_file_i/g_rf_flops[25].rf_reg_q_reg[13]/D
                                0.13           0.11 f        -0.02  (VIOLATED)
   ibex_top_inst/gen_regfile_ff.register_file_i/g_rf_flops[25].rf_reg_q_reg[14]/D
                                0.13           0.11 f        -0.02  (VIOLATED)
   ibex_top_inst/gen_regfile_ff.register_file_i/g_rf_flops[25].rf_reg_q_reg[15]/D
                                0.13           0.11 f        -0.02  (VIOLATED)
   ibex_top_inst/gen_regfile_ff.register_file_i/g_rf_flops[25].rf_reg_q_reg[16]/D
                                0.13           0.11 f        -0.02  (VIOLATED)
   ibex_top_inst/gen_regfile_ff.register_file_i/g_rf_flops[25].rf_reg_q_reg[17]/D
                                0.13           0.11 f        -0.02  (VIOLATED)
   ibex_top_inst/gen_regfile_ff.register_file_i/g_rf_flops[25].rf_reg_q_reg[18]/D
                                0.13           0.11 f        -0.02  (VIOLATED)
   ibex_top_inst/gen_regfile_ff.register_file_i/g_rf_flops[25].rf_reg_q_reg[19]/D
                                0.13           0.11 f        -0.02  (VIOLATED)
   ibex_top_inst/gen_regfile_ff.register_file_i/g_rf_flops[25].rf_reg_q_reg[20]/D
                                0.13           0.11 f        -0.02  (VIOLATED)
   ibex_top_inst/gen_regfile_ff.register_file_i/g_rf_flops[25].rf_reg_q_reg[21]/D
                                0.13           0.11 f        -0.02  (VIOLATED)
   ibex_top_inst/gen_regfile_ff.register_file_i/g_rf_flops[25].rf_reg_q_reg[22]/D
                                0.13           0.11 f        -0.02  (VIOLATED)
   ibex_top_inst/gen_regfile_ff.register_file_i/g_rf_flops[25].rf_reg_q_reg[23]/D
                                0.13           0.11 f        -0.02  (VIOLATED)
   ibex_top_inst/gen_regfile_ff.register_file_i/g_rf_flops[25].rf_reg_q_reg[24]/D
                                0.13           0.11 f        -0.02  (VIOLATED)
   ibex_top_inst/gen_regfile_ff.register_file_i/g_rf_flops[25].rf_reg_q_reg[25]/D
                                0.13           0.11 f        -0.02  (VIOLATED)
   ibex_top_inst/gen_regfile_ff.register_file_i/g_rf_flops[25].rf_reg_q_reg[26]/D
                                0.13           0.11 f        -0.02  (VIOLATED)
   ibex_top_inst/gen_regfile_ff.register_file_i/g_rf_flops[25].rf_reg_q_reg[27]/D
                                0.13           0.11 f        -0.02  (VIOLATED)
   ibex_top_inst/gen_regfile_ff.register_file_i/g_rf_flops[25].rf_reg_q_reg[28]/D
                                0.13           0.11 f        -0.02  (VIOLATED)
   ibex_top_inst/gen_regfile_ff.register_file_i/g_rf_flops[25].rf_reg_q_reg[29]/D
                                0.13           0.11 f        -0.02  (VIOLATED)
   ibex_top_inst/gen_regfile_ff.register_file_i/g_rf_flops[25].rf_reg_q_reg[30]/D
                                0.13           0.11 f        -0.02  (VIOLATED)
   ibex_top_inst/gen_regfile_ff.register_file_i/g_rf_flops[26].rf_reg_q_reg[4]/D
                                0.13           0.11 f        -0.02  (VIOLATED)
   ibex_top_inst/gen_regfile_ff.register_file_i/g_rf_flops[26].rf_reg_q_reg[5]/D
                                0.13           0.11 f        -0.02  (VIOLATED)
   ibex_top_inst/gen_regfile_ff.register_file_i/g_rf_flops[26].rf_reg_q_reg[6]/D
                                0.13           0.11 f        -0.02  (VIOLATED)
   ibex_top_inst/gen_regfile_ff.register_file_i/g_rf_flops[26].rf_reg_q_reg[7]/D
                                0.13           0.11 f        -0.02  (VIOLATED)
   ibex_top_inst/gen_regfile_ff.register_file_i/g_rf_flops[26].rf_reg_q_reg[8]/D
                                0.13           0.11 f        -0.02  (VIOLATED)
   ibex_top_inst/gen_regfile_ff.register_file_i/g_rf_flops[26].rf_reg_q_reg[9]/D
                                0.13           0.11 f        -0.02  (VIOLATED)
   ibex_top_inst/gen_regfile_ff.register_file_i/g_rf_flops[26].rf_reg_q_reg[10]/D
                                0.13           0.11 f        -0.02  (VIOLATED)
   ibex_top_inst/gen_regfile_ff.register_file_i/g_rf_flops[26].rf_reg_q_reg[11]/D
                                0.13           0.11 f        -0.02  (VIOLATED)
   ibex_top_inst/gen_regfile_ff.register_file_i/g_rf_flops[26].rf_reg_q_reg[12]/D
                                0.13           0.11 f        -0.02  (VIOLATED)
   ibex_top_inst/gen_regfile_ff.register_file_i/g_rf_flops[26].rf_reg_q_reg[13]/D
                                0.13           0.11 f        -0.02  (VIOLATED)
   ibex_top_inst/gen_regfile_ff.register_file_i/g_rf_flops[26].rf_reg_q_reg[14]/D
                                0.13           0.11 f        -0.02  (VIOLATED)
   ibex_top_inst/gen_regfile_ff.register_file_i/g_rf_flops[26].rf_reg_q_reg[15]/D
                                0.13           0.11 f        -0.02  (VIOLATED)
   ibex_top_inst/gen_regfile_ff.register_file_i/g_rf_flops[26].rf_reg_q_reg[16]/D
                                0.13           0.11 f        -0.02  (VIOLATED)
   ibex_top_inst/gen_regfile_ff.register_file_i/g_rf_flops[26].rf_reg_q_reg[17]/D
                                0.13           0.11 f        -0.02  (VIOLATED)
   ibex_top_inst/gen_regfile_ff.register_file_i/g_rf_flops[26].rf_reg_q_reg[18]/D
                                0.13           0.11 f        -0.02  (VIOLATED)
   ibex_top_inst/gen_regfile_ff.register_file_i/g_rf_flops[26].rf_reg_q_reg[19]/D
                                0.13           0.11 f        -0.02  (VIOLATED)
   ibex_top_inst/gen_regfile_ff.register_file_i/g_rf_flops[26].rf_reg_q_reg[20]/D
                                0.13           0.11 f        -0.02  (VIOLATED)
   ibex_top_inst/gen_regfile_ff.register_file_i/g_rf_flops[26].rf_reg_q_reg[21]/D
                                0.13           0.11 f        -0.02  (VIOLATED)
   ibex_top_inst/gen_regfile_ff.register_file_i/g_rf_flops[26].rf_reg_q_reg[22]/D
                                0.13           0.11 f        -0.02  (VIOLATED)
   ibex_top_inst/gen_regfile_ff.register_file_i/g_rf_flops[26].rf_reg_q_reg[23]/D
                                0.13           0.11 f        -0.02  (VIOLATED)
   ibex_top_inst/gen_regfile_ff.register_file_i/g_rf_flops[26].rf_reg_q_reg[24]/D
                                0.13           0.11 f        -0.02  (VIOLATED)
   ibex_top_inst/gen_regfile_ff.register_file_i/g_rf_flops[26].rf_reg_q_reg[25]/D
                                0.13           0.11 f        -0.02  (VIOLATED)
   ibex_top_inst/gen_regfile_ff.register_file_i/g_rf_flops[26].rf_reg_q_reg[26]/D
                                0.13           0.11 f        -0.02  (VIOLATED)
   ibex_top_inst/gen_regfile_ff.register_file_i/g_rf_flops[26].rf_reg_q_reg[27]/D
                                0.13           0.11 f        -0.02  (VIOLATED)
   ibex_top_inst/gen_regfile_ff.register_file_i/g_rf_flops[26].rf_reg_q_reg[28]/D
                                0.13           0.11 f        -0.02  (VIOLATED)
   ibex_top_inst/gen_regfile_ff.register_file_i/g_rf_flops[26].rf_reg_q_reg[29]/D
                                0.13           0.11 f        -0.02  (VIOLATED)
   ibex_top_inst/gen_regfile_ff.register_file_i/g_rf_flops[26].rf_reg_q_reg[30]/D
                                0.13           0.11 f        -0.02  (VIOLATED)
   ibex_top_inst/gen_regfile_ff.register_file_i/g_rf_flops[27].rf_reg_q_reg[4]/D
                                0.13           0.11 f        -0.02  (VIOLATED)
   ibex_top_inst/gen_regfile_ff.register_file_i/g_rf_flops[27].rf_reg_q_reg[5]/D
                                0.13           0.11 f        -0.02  (VIOLATED)
   ibex_top_inst/gen_regfile_ff.register_file_i/g_rf_flops[27].rf_reg_q_reg[6]/D
                                0.13           0.11 f        -0.02  (VIOLATED)
   ibex_top_inst/gen_regfile_ff.register_file_i/g_rf_flops[27].rf_reg_q_reg[7]/D
                                0.13           0.11 f        -0.02  (VIOLATED)
   ibex_top_inst/gen_regfile_ff.register_file_i/g_rf_flops[27].rf_reg_q_reg[8]/D
                                0.13           0.11 f        -0.02  (VIOLATED)
   ibex_top_inst/gen_regfile_ff.register_file_i/g_rf_flops[27].rf_reg_q_reg[9]/D
                                0.13           0.11 f        -0.02  (VIOLATED)
   ibex_top_inst/gen_regfile_ff.register_file_i/g_rf_flops[27].rf_reg_q_reg[10]/D
                                0.13           0.11 f        -0.02  (VIOLATED)
   ibex_top_inst/gen_regfile_ff.register_file_i/g_rf_flops[27].rf_reg_q_reg[11]/D
                                0.13           0.11 f        -0.02  (VIOLATED)
   ibex_top_inst/gen_regfile_ff.register_file_i/g_rf_flops[27].rf_reg_q_reg[12]/D
                                0.13           0.11 f        -0.02  (VIOLATED)
   ibex_top_inst/gen_regfile_ff.register_file_i/g_rf_flops[27].rf_reg_q_reg[13]/D
                                0.13           0.11 f        -0.02  (VIOLATED)
   ibex_top_inst/gen_regfile_ff.register_file_i/g_rf_flops[27].rf_reg_q_reg[14]/D
                                0.13           0.11 f        -0.02  (VIOLATED)
   ibex_top_inst/gen_regfile_ff.register_file_i/g_rf_flops[27].rf_reg_q_reg[15]/D
                                0.13           0.11 f        -0.02  (VIOLATED)
   ibex_top_inst/gen_regfile_ff.register_file_i/g_rf_flops[27].rf_reg_q_reg[16]/D
                                0.13           0.11 f        -0.02  (VIOLATED)
   ibex_top_inst/gen_regfile_ff.register_file_i/g_rf_flops[27].rf_reg_q_reg[17]/D
                                0.13           0.11 f        -0.02  (VIOLATED)
   ibex_top_inst/gen_regfile_ff.register_file_i/g_rf_flops[27].rf_reg_q_reg[18]/D
                                0.13           0.11 f        -0.02  (VIOLATED)
   ibex_top_inst/gen_regfile_ff.register_file_i/g_rf_flops[27].rf_reg_q_reg[19]/D
                                0.13           0.11 f        -0.02  (VIOLATED)
   ibex_top_inst/gen_regfile_ff.register_file_i/g_rf_flops[27].rf_reg_q_reg[20]/D
                                0.13           0.11 f        -0.02  (VIOLATED)
   ibex_top_inst/gen_regfile_ff.register_file_i/g_rf_flops[27].rf_reg_q_reg[21]/D
                                0.13           0.11 f        -0.02  (VIOLATED)
   ibex_top_inst/gen_regfile_ff.register_file_i/g_rf_flops[27].rf_reg_q_reg[22]/D
                                0.13           0.11 f        -0.02  (VIOLATED)
   ibex_top_inst/gen_regfile_ff.register_file_i/g_rf_flops[27].rf_reg_q_reg[23]/D
                                0.13           0.11 f        -0.02  (VIOLATED)
   ibex_top_inst/gen_regfile_ff.register_file_i/g_rf_flops[27].rf_reg_q_reg[24]/D
                                0.13           0.11 f        -0.02  (VIOLATED)
   ibex_top_inst/gen_regfile_ff.register_file_i/g_rf_flops[27].rf_reg_q_reg[25]/D
                                0.13           0.11 f        -0.02  (VIOLATED)
   ibex_top_inst/gen_regfile_ff.register_file_i/g_rf_flops[27].rf_reg_q_reg[26]/D
                                0.13           0.11 f        -0.02  (VIOLATED)
   ibex_top_inst/gen_regfile_ff.register_file_i/g_rf_flops[27].rf_reg_q_reg[27]/D
                                0.13           0.11 f        -0.02  (VIOLATED)
   ibex_top_inst/gen_regfile_ff.register_file_i/g_rf_flops[27].rf_reg_q_reg[28]/D
                                0.13           0.11 f        -0.02  (VIOLATED)
   ibex_top_inst/gen_regfile_ff.register_file_i/g_rf_flops[27].rf_reg_q_reg[29]/D
                                0.13           0.11 f        -0.02  (VIOLATED)
   ibex_top_inst/gen_regfile_ff.register_file_i/g_rf_flops[27].rf_reg_q_reg[30]/D
                                0.13           0.11 f        -0.02  (VIOLATED)
   ibex_top_inst/gen_regfile_ff.register_file_i/g_rf_flops[28].rf_reg_q_reg[4]/D
                                0.13           0.11 f        -0.02  (VIOLATED)
   ibex_top_inst/gen_regfile_ff.register_file_i/g_rf_flops[28].rf_reg_q_reg[5]/D
                                0.13           0.11 f        -0.02  (VIOLATED)
   ibex_top_inst/gen_regfile_ff.register_file_i/g_rf_flops[28].rf_reg_q_reg[6]/D
                                0.13           0.11 f        -0.02  (VIOLATED)
   ibex_top_inst/gen_regfile_ff.register_file_i/g_rf_flops[28].rf_reg_q_reg[7]/D
                                0.13           0.11 f        -0.02  (VIOLATED)
   ibex_top_inst/gen_regfile_ff.register_file_i/g_rf_flops[28].rf_reg_q_reg[8]/D
                                0.13           0.11 f        -0.02  (VIOLATED)
   ibex_top_inst/gen_regfile_ff.register_file_i/g_rf_flops[28].rf_reg_q_reg[9]/D
                                0.13           0.11 f        -0.02  (VIOLATED)
   ibex_top_inst/gen_regfile_ff.register_file_i/g_rf_flops[28].rf_reg_q_reg[10]/D
                                0.13           0.11 f        -0.02  (VIOLATED)
   ibex_top_inst/gen_regfile_ff.register_file_i/g_rf_flops[28].rf_reg_q_reg[11]/D
                                0.13           0.11 f        -0.02  (VIOLATED)
   ibex_top_inst/gen_regfile_ff.register_file_i/g_rf_flops[28].rf_reg_q_reg[12]/D
                                0.13           0.11 f        -0.02  (VIOLATED)
   ibex_top_inst/gen_regfile_ff.register_file_i/g_rf_flops[28].rf_reg_q_reg[13]/D
                                0.13           0.11 f        -0.02  (VIOLATED)
   ibex_top_inst/gen_regfile_ff.register_file_i/g_rf_flops[28].rf_reg_q_reg[14]/D
                                0.13           0.11 f        -0.02  (VIOLATED)
   ibex_top_inst/gen_regfile_ff.register_file_i/g_rf_flops[28].rf_reg_q_reg[15]/D
                                0.13           0.11 f        -0.02  (VIOLATED)
   ibex_top_inst/gen_regfile_ff.register_file_i/g_rf_flops[28].rf_reg_q_reg[16]/D
                                0.13           0.11 f        -0.02  (VIOLATED)
   ibex_top_inst/gen_regfile_ff.register_file_i/g_rf_flops[28].rf_reg_q_reg[17]/D
                                0.13           0.11 f        -0.02  (VIOLATED)
   ibex_top_inst/gen_regfile_ff.register_file_i/g_rf_flops[28].rf_reg_q_reg[18]/D
                                0.13           0.11 f        -0.02  (VIOLATED)
   ibex_top_inst/gen_regfile_ff.register_file_i/g_rf_flops[28].rf_reg_q_reg[19]/D
                                0.13           0.11 f        -0.02  (VIOLATED)
   ibex_top_inst/gen_regfile_ff.register_file_i/g_rf_flops[28].rf_reg_q_reg[20]/D
                                0.13           0.11 f        -0.02  (VIOLATED)
   ibex_top_inst/gen_regfile_ff.register_file_i/g_rf_flops[28].rf_reg_q_reg[21]/D
                                0.13           0.11 f        -0.02  (VIOLATED)
   ibex_top_inst/gen_regfile_ff.register_file_i/g_rf_flops[28].rf_reg_q_reg[22]/D
                                0.13           0.11 f        -0.02  (VIOLATED)
   ibex_top_inst/gen_regfile_ff.register_file_i/g_rf_flops[28].rf_reg_q_reg[23]/D
                                0.13           0.11 f        -0.02  (VIOLATED)
   ibex_top_inst/gen_regfile_ff.register_file_i/g_rf_flops[28].rf_reg_q_reg[24]/D
                                0.13           0.11 f        -0.02  (VIOLATED)
   ibex_top_inst/gen_regfile_ff.register_file_i/g_rf_flops[28].rf_reg_q_reg[25]/D
                                0.13           0.11 f        -0.02  (VIOLATED)
   ibex_top_inst/gen_regfile_ff.register_file_i/g_rf_flops[28].rf_reg_q_reg[26]/D
                                0.13           0.11 f        -0.02  (VIOLATED)
   ibex_top_inst/gen_regfile_ff.register_file_i/g_rf_flops[28].rf_reg_q_reg[27]/D
                                0.13           0.11 f        -0.02  (VIOLATED)
   ibex_top_inst/gen_regfile_ff.register_file_i/g_rf_flops[28].rf_reg_q_reg[28]/D
                                0.13           0.11 f        -0.02  (VIOLATED)
   ibex_top_inst/gen_regfile_ff.register_file_i/g_rf_flops[28].rf_reg_q_reg[29]/D
                                0.13           0.11 f        -0.02  (VIOLATED)
   ibex_top_inst/gen_regfile_ff.register_file_i/g_rf_flops[28].rf_reg_q_reg[30]/D
                                0.13           0.11 f        -0.02  (VIOLATED)
   ibex_top_inst/gen_regfile_ff.register_file_i/g_rf_flops[29].rf_reg_q_reg[4]/D
                                0.13           0.11 f        -0.02  (VIOLATED)
   ibex_top_inst/gen_regfile_ff.register_file_i/g_rf_flops[29].rf_reg_q_reg[5]/D
                                0.13           0.11 f        -0.02  (VIOLATED)
   ibex_top_inst/gen_regfile_ff.register_file_i/g_rf_flops[29].rf_reg_q_reg[6]/D
                                0.13           0.11 f        -0.02  (VIOLATED)
   ibex_top_inst/gen_regfile_ff.register_file_i/g_rf_flops[29].rf_reg_q_reg[7]/D
                                0.13           0.11 f        -0.02  (VIOLATED)
   ibex_top_inst/gen_regfile_ff.register_file_i/g_rf_flops[29].rf_reg_q_reg[8]/D
                                0.13           0.11 f        -0.02  (VIOLATED)
   ibex_top_inst/gen_regfile_ff.register_file_i/g_rf_flops[29].rf_reg_q_reg[9]/D
                                0.13           0.11 f        -0.02  (VIOLATED)
   ibex_top_inst/gen_regfile_ff.register_file_i/g_rf_flops[29].rf_reg_q_reg[10]/D
                                0.13           0.11 f        -0.02  (VIOLATED)
   ibex_top_inst/gen_regfile_ff.register_file_i/g_rf_flops[29].rf_reg_q_reg[11]/D
                                0.13           0.11 f        -0.02  (VIOLATED)
   ibex_top_inst/gen_regfile_ff.register_file_i/g_rf_flops[29].rf_reg_q_reg[12]/D
                                0.13           0.11 f        -0.02  (VIOLATED)
   ibex_top_inst/gen_regfile_ff.register_file_i/g_rf_flops[29].rf_reg_q_reg[13]/D
                                0.13           0.11 f        -0.02  (VIOLATED)
   ibex_top_inst/gen_regfile_ff.register_file_i/g_rf_flops[29].rf_reg_q_reg[14]/D
                                0.13           0.11 f        -0.02  (VIOLATED)
   ibex_top_inst/gen_regfile_ff.register_file_i/g_rf_flops[29].rf_reg_q_reg[15]/D
                                0.13           0.11 f        -0.02  (VIOLATED)
   ibex_top_inst/gen_regfile_ff.register_file_i/g_rf_flops[29].rf_reg_q_reg[16]/D
                                0.13           0.11 f        -0.02  (VIOLATED)
   ibex_top_inst/gen_regfile_ff.register_file_i/g_rf_flops[29].rf_reg_q_reg[17]/D
                                0.13           0.11 f        -0.02  (VIOLATED)
   ibex_top_inst/gen_regfile_ff.register_file_i/g_rf_flops[29].rf_reg_q_reg[18]/D
                                0.13           0.11 f        -0.02  (VIOLATED)
   ibex_top_inst/gen_regfile_ff.register_file_i/g_rf_flops[29].rf_reg_q_reg[19]/D
                                0.13           0.11 f        -0.02  (VIOLATED)
   ibex_top_inst/gen_regfile_ff.register_file_i/g_rf_flops[29].rf_reg_q_reg[20]/D
                                0.13           0.11 f        -0.02  (VIOLATED)
   ibex_top_inst/gen_regfile_ff.register_file_i/g_rf_flops[29].rf_reg_q_reg[21]/D
                                0.13           0.11 f        -0.02  (VIOLATED)
   ibex_top_inst/gen_regfile_ff.register_file_i/g_rf_flops[29].rf_reg_q_reg[22]/D
                                0.13           0.11 f        -0.02  (VIOLATED)
   ibex_top_inst/gen_regfile_ff.register_file_i/g_rf_flops[29].rf_reg_q_reg[23]/D
                                0.13           0.11 f        -0.02  (VIOLATED)
   ibex_top_inst/gen_regfile_ff.register_file_i/g_rf_flops[29].rf_reg_q_reg[24]/D
                                0.13           0.11 f        -0.02  (VIOLATED)
   ibex_top_inst/gen_regfile_ff.register_file_i/g_rf_flops[29].rf_reg_q_reg[25]/D
                                0.13           0.11 f        -0.02  (VIOLATED)
   ibex_top_inst/gen_regfile_ff.register_file_i/g_rf_flops[29].rf_reg_q_reg[26]/D
                                0.13           0.11 f        -0.02  (VIOLATED)
   ibex_top_inst/gen_regfile_ff.register_file_i/g_rf_flops[29].rf_reg_q_reg[27]/D
                                0.13           0.11 f        -0.02  (VIOLATED)
   ibex_top_inst/gen_regfile_ff.register_file_i/g_rf_flops[29].rf_reg_q_reg[28]/D
                                0.13           0.11 f        -0.02  (VIOLATED)
   ibex_top_inst/gen_regfile_ff.register_file_i/g_rf_flops[29].rf_reg_q_reg[29]/D
                                0.13           0.11 f        -0.02  (VIOLATED)
   ibex_top_inst/gen_regfile_ff.register_file_i/g_rf_flops[29].rf_reg_q_reg[30]/D
                                0.13           0.11 f        -0.02  (VIOLATED)
   ibex_top_inst/gen_regfile_ff.register_file_i/g_rf_flops[30].rf_reg_q_reg[4]/D
                                0.13           0.11 f        -0.02  (VIOLATED)
   ibex_top_inst/gen_regfile_ff.register_file_i/g_rf_flops[30].rf_reg_q_reg[5]/D
                                0.13           0.11 f        -0.02  (VIOLATED)
   ibex_top_inst/gen_regfile_ff.register_file_i/g_rf_flops[30].rf_reg_q_reg[6]/D
                                0.13           0.11 f        -0.02  (VIOLATED)
   ibex_top_inst/gen_regfile_ff.register_file_i/g_rf_flops[30].rf_reg_q_reg[7]/D
                                0.13           0.11 f        -0.02  (VIOLATED)
   ibex_top_inst/gen_regfile_ff.register_file_i/g_rf_flops[30].rf_reg_q_reg[8]/D
                                0.13           0.11 f        -0.02  (VIOLATED)
   ibex_top_inst/gen_regfile_ff.register_file_i/g_rf_flops[30].rf_reg_q_reg[9]/D
                                0.13           0.11 f        -0.02  (VIOLATED)
   ibex_top_inst/gen_regfile_ff.register_file_i/g_rf_flops[30].rf_reg_q_reg[10]/D
                                0.13           0.11 f        -0.02  (VIOLATED)
   ibex_top_inst/gen_regfile_ff.register_file_i/g_rf_flops[30].rf_reg_q_reg[11]/D
                                0.13           0.11 f        -0.02  (VIOLATED)
   ibex_top_inst/gen_regfile_ff.register_file_i/g_rf_flops[30].rf_reg_q_reg[12]/D
                                0.13           0.11 f        -0.02  (VIOLATED)
   ibex_top_inst/gen_regfile_ff.register_file_i/g_rf_flops[30].rf_reg_q_reg[13]/D
                                0.13           0.11 f        -0.02  (VIOLATED)
   ibex_top_inst/gen_regfile_ff.register_file_i/g_rf_flops[30].rf_reg_q_reg[14]/D
                                0.13           0.11 f        -0.02  (VIOLATED)
   ibex_top_inst/gen_regfile_ff.register_file_i/g_rf_flops[30].rf_reg_q_reg[15]/D
                                0.13           0.11 f        -0.02  (VIOLATED)
   ibex_top_inst/gen_regfile_ff.register_file_i/g_rf_flops[30].rf_reg_q_reg[16]/D
                                0.13           0.11 f        -0.02  (VIOLATED)
   ibex_top_inst/gen_regfile_ff.register_file_i/g_rf_flops[30].rf_reg_q_reg[17]/D
                                0.13           0.11 f        -0.02  (VIOLATED)
   ibex_top_inst/gen_regfile_ff.register_file_i/g_rf_flops[30].rf_reg_q_reg[18]/D
                                0.13           0.11 f        -0.02  (VIOLATED)
   ibex_top_inst/gen_regfile_ff.register_file_i/g_rf_flops[30].rf_reg_q_reg[19]/D
                                0.13           0.11 f        -0.02  (VIOLATED)
   ibex_top_inst/gen_regfile_ff.register_file_i/g_rf_flops[30].rf_reg_q_reg[20]/D
                                0.13           0.11 f        -0.02  (VIOLATED)
   ibex_top_inst/gen_regfile_ff.register_file_i/g_rf_flops[30].rf_reg_q_reg[21]/D
                                0.13           0.11 f        -0.02  (VIOLATED)
   ibex_top_inst/gen_regfile_ff.register_file_i/g_rf_flops[30].rf_reg_q_reg[22]/D
                                0.13           0.11 f        -0.02  (VIOLATED)
   ibex_top_inst/gen_regfile_ff.register_file_i/g_rf_flops[30].rf_reg_q_reg[23]/D
                                0.13           0.11 f        -0.02  (VIOLATED)
   ibex_top_inst/gen_regfile_ff.register_file_i/g_rf_flops[30].rf_reg_q_reg[24]/D
                                0.13           0.11 f        -0.02  (VIOLATED)
   ibex_top_inst/gen_regfile_ff.register_file_i/g_rf_flops[30].rf_reg_q_reg[25]/D
                                0.13           0.11 f        -0.02  (VIOLATED)
   ibex_top_inst/gen_regfile_ff.register_file_i/g_rf_flops[30].rf_reg_q_reg[26]/D
                                0.13           0.11 f        -0.02  (VIOLATED)
   ibex_top_inst/gen_regfile_ff.register_file_i/g_rf_flops[30].rf_reg_q_reg[27]/D
                                0.13           0.11 f        -0.02  (VIOLATED)
   ibex_top_inst/gen_regfile_ff.register_file_i/g_rf_flops[30].rf_reg_q_reg[28]/D
                                0.13           0.11 f        -0.02  (VIOLATED)
   ibex_top_inst/gen_regfile_ff.register_file_i/g_rf_flops[30].rf_reg_q_reg[29]/D
                                0.13           0.11 f        -0.02  (VIOLATED)
   ibex_top_inst/gen_regfile_ff.register_file_i/g_rf_flops[30].rf_reg_q_reg[30]/D
                                0.13           0.11 f        -0.02  (VIOLATED)
   ibex_top_inst/gen_regfile_ff.register_file_i/g_rf_flops[31].rf_reg_q_reg[4]/D
                                0.13           0.11 f        -0.02  (VIOLATED)
   ibex_top_inst/gen_regfile_ff.register_file_i/g_rf_flops[31].rf_reg_q_reg[5]/D
                                0.13           0.11 f        -0.02  (VIOLATED)
   ibex_top_inst/gen_regfile_ff.register_file_i/g_rf_flops[31].rf_reg_q_reg[6]/D
                                0.13           0.11 f        -0.02  (VIOLATED)
   ibex_top_inst/gen_regfile_ff.register_file_i/g_rf_flops[31].rf_reg_q_reg[7]/D
                                0.13           0.11 f        -0.02  (VIOLATED)
   ibex_top_inst/gen_regfile_ff.register_file_i/g_rf_flops[31].rf_reg_q_reg[8]/D
                                0.13           0.11 f        -0.02  (VIOLATED)
   ibex_top_inst/gen_regfile_ff.register_file_i/g_rf_flops[31].rf_reg_q_reg[9]/D
                                0.13           0.11 f        -0.02  (VIOLATED)
   ibex_top_inst/gen_regfile_ff.register_file_i/g_rf_flops[31].rf_reg_q_reg[10]/D
                                0.13           0.11 f        -0.02  (VIOLATED)
   ibex_top_inst/gen_regfile_ff.register_file_i/g_rf_flops[31].rf_reg_q_reg[11]/D
                                0.13           0.11 f        -0.02  (VIOLATED)
   ibex_top_inst/gen_regfile_ff.register_file_i/g_rf_flops[31].rf_reg_q_reg[12]/D
                                0.13           0.11 f        -0.02  (VIOLATED)
   ibex_top_inst/gen_regfile_ff.register_file_i/g_rf_flops[31].rf_reg_q_reg[13]/D
                                0.13           0.11 f        -0.02  (VIOLATED)
   ibex_top_inst/gen_regfile_ff.register_file_i/g_rf_flops[31].rf_reg_q_reg[14]/D
                                0.13           0.11 f        -0.02  (VIOLATED)
   ibex_top_inst/gen_regfile_ff.register_file_i/g_rf_flops[31].rf_reg_q_reg[15]/D
                                0.13           0.11 f        -0.02  (VIOLATED)
   ibex_top_inst/gen_regfile_ff.register_file_i/g_rf_flops[31].rf_reg_q_reg[16]/D
                                0.13           0.11 f        -0.02  (VIOLATED)
   ibex_top_inst/gen_regfile_ff.register_file_i/g_rf_flops[31].rf_reg_q_reg[17]/D
                                0.13           0.11 f        -0.02  (VIOLATED)
   ibex_top_inst/gen_regfile_ff.register_file_i/g_rf_flops[31].rf_reg_q_reg[18]/D
                                0.13           0.11 f        -0.02  (VIOLATED)
   ibex_top_inst/gen_regfile_ff.register_file_i/g_rf_flops[31].rf_reg_q_reg[19]/D
                                0.13           0.11 f        -0.02  (VIOLATED)
   ibex_top_inst/gen_regfile_ff.register_file_i/g_rf_flops[31].rf_reg_q_reg[20]/D
                                0.13           0.11 f        -0.02  (VIOLATED)
   ibex_top_inst/gen_regfile_ff.register_file_i/g_rf_flops[31].rf_reg_q_reg[21]/D
                                0.13           0.11 f        -0.02  (VIOLATED)
   ibex_top_inst/gen_regfile_ff.register_file_i/g_rf_flops[31].rf_reg_q_reg[22]/D
                                0.13           0.11 f        -0.02  (VIOLATED)
   ibex_top_inst/gen_regfile_ff.register_file_i/g_rf_flops[31].rf_reg_q_reg[23]/D
                                0.13           0.11 f        -0.02  (VIOLATED)
   ibex_top_inst/gen_regfile_ff.register_file_i/g_rf_flops[31].rf_reg_q_reg[24]/D
                                0.13           0.11 f        -0.02  (VIOLATED)
   ibex_top_inst/gen_regfile_ff.register_file_i/g_rf_flops[31].rf_reg_q_reg[25]/D
                                0.13           0.11 f        -0.02  (VIOLATED)
   ibex_top_inst/gen_regfile_ff.register_file_i/g_rf_flops[31].rf_reg_q_reg[26]/D
                                0.13           0.11 f        -0.02  (VIOLATED)
   ibex_top_inst/gen_regfile_ff.register_file_i/g_rf_flops[31].rf_reg_q_reg[27]/D
                                0.13           0.11 f        -0.02  (VIOLATED)
   ibex_top_inst/gen_regfile_ff.register_file_i/g_rf_flops[31].rf_reg_q_reg[28]/D
                                0.13           0.11 f        -0.02  (VIOLATED)
   ibex_top_inst/gen_regfile_ff.register_file_i/g_rf_flops[31].rf_reg_q_reg[29]/D
                                0.13           0.11 f        -0.02  (VIOLATED)
   ibex_top_inst/gen_regfile_ff.register_file_i/g_rf_flops[31].rf_reg_q_reg[30]/D
                                0.13           0.11 f        -0.02  (VIOLATED)
   ibex_top_inst/gen_regfile_ff.register_file_i/g_rf_flops[1].rf_reg_q_reg[0]/D
                                0.13           0.11 f        -0.02  (VIOLATED)
   ibex_top_inst/gen_regfile_ff.register_file_i/g_rf_flops[1].rf_reg_q_reg[1]/D
                                0.13           0.11 f        -0.02  (VIOLATED)
   ibex_top_inst/gen_regfile_ff.register_file_i/g_rf_flops[2].rf_reg_q_reg[0]/D
                                0.13           0.11 f        -0.02  (VIOLATED)
   ibex_top_inst/gen_regfile_ff.register_file_i/g_rf_flops[2].rf_reg_q_reg[1]/D
                                0.13           0.11 f        -0.02  (VIOLATED)
   ibex_top_inst/gen_regfile_ff.register_file_i/g_rf_flops[4].rf_reg_q_reg[0]/D
                                0.13           0.11 f        -0.02  (VIOLATED)
   ibex_top_inst/gen_regfile_ff.register_file_i/g_rf_flops[4].rf_reg_q_reg[1]/D
                                0.13           0.11 f        -0.02  (VIOLATED)
   ibex_top_inst/gen_regfile_ff.register_file_i/g_rf_flops[9].rf_reg_q_reg[0]/D
                                0.13           0.11 f        -0.02  (VIOLATED)
   ibex_top_inst/gen_regfile_ff.register_file_i/g_rf_flops[9].rf_reg_q_reg[1]/D
                                0.13           0.11 f        -0.02  (VIOLATED)
   ibex_top_inst/gen_regfile_ff.register_file_i/g_rf_flops[10].rf_reg_q_reg[0]/D
                                0.13           0.11 f        -0.02  (VIOLATED)
   ibex_top_inst/gen_regfile_ff.register_file_i/g_rf_flops[10].rf_reg_q_reg[1]/D
                                0.13           0.11 f        -0.02  (VIOLATED)
   ibex_top_inst/gen_regfile_ff.register_file_i/g_rf_flops[12].rf_reg_q_reg[0]/D
                                0.13           0.11 f        -0.02  (VIOLATED)
   ibex_top_inst/gen_regfile_ff.register_file_i/g_rf_flops[12].rf_reg_q_reg[1]/D
                                0.13           0.11 f        -0.02  (VIOLATED)
   ibex_top_inst/gen_regfile_ff.register_file_i/g_rf_flops[17].rf_reg_q_reg[0]/D
                                0.13           0.11 f        -0.02  (VIOLATED)
   ibex_top_inst/gen_regfile_ff.register_file_i/g_rf_flops[17].rf_reg_q_reg[1]/D
                                0.13           0.11 f        -0.02  (VIOLATED)
   ibex_top_inst/gen_regfile_ff.register_file_i/g_rf_flops[18].rf_reg_q_reg[0]/D
                                0.13           0.11 f        -0.02  (VIOLATED)
   ibex_top_inst/gen_regfile_ff.register_file_i/g_rf_flops[18].rf_reg_q_reg[1]/D
                                0.13           0.11 f        -0.02  (VIOLATED)
   ibex_top_inst/gen_regfile_ff.register_file_i/g_rf_flops[20].rf_reg_q_reg[0]/D
                                0.13           0.11 f        -0.02  (VIOLATED)
   ibex_top_inst/gen_regfile_ff.register_file_i/g_rf_flops[20].rf_reg_q_reg[1]/D
                                0.13           0.11 f        -0.02  (VIOLATED)
   ibex_top_inst/gen_regfile_ff.register_file_i/g_rf_flops[25].rf_reg_q_reg[0]/D
                                0.13           0.11 f        -0.02  (VIOLATED)
   ibex_top_inst/gen_regfile_ff.register_file_i/g_rf_flops[25].rf_reg_q_reg[1]/D
                                0.13           0.11 f        -0.02  (VIOLATED)
   ibex_top_inst/gen_regfile_ff.register_file_i/g_rf_flops[26].rf_reg_q_reg[0]/D
                                0.13           0.11 f        -0.02  (VIOLATED)
   ibex_top_inst/gen_regfile_ff.register_file_i/g_rf_flops[26].rf_reg_q_reg[1]/D
                                0.13           0.11 f        -0.02  (VIOLATED)
   ibex_top_inst/gen_regfile_ff.register_file_i/g_rf_flops[28].rf_reg_q_reg[0]/D
                                0.13           0.11 f        -0.02  (VIOLATED)
   ibex_top_inst/gen_regfile_ff.register_file_i/g_rf_flops[28].rf_reg_q_reg[1]/D
                                0.13           0.11 f        -0.02  (VIOLATED)
   ibex_top_inst/u_ibex_core/load_store_unit_i/rdata_q_reg[16]/D
                                0.13           0.11 f        -0.02  (VIOLATED)
   ibex_top_inst/u_ibex_core/load_store_unit_i/rdata_q_reg[17]/D
                                0.13           0.11 f        -0.02  (VIOLATED)
   ibex_top_inst/u_ibex_core/load_store_unit_i/rdata_q_reg[18]/D
                                0.13           0.11 f        -0.02  (VIOLATED)
   ibex_top_inst/u_ibex_core/load_store_unit_i/rdata_q_reg[19]/D
                                0.13           0.11 f        -0.02  (VIOLATED)
   ibex_top_inst/u_ibex_core/load_store_unit_i/rdata_q_reg[20]/D
                                0.13           0.11 f        -0.02  (VIOLATED)
   ibex_top_inst/u_ibex_core/load_store_unit_i/rdata_q_reg[21]/D
                                0.13           0.11 f        -0.02  (VIOLATED)
   ibex_top_inst/u_ibex_core/load_store_unit_i/rdata_q_reg[22]/D
                                0.13           0.11 f        -0.02  (VIOLATED)
   ibex_top_inst/u_ibex_core/load_store_unit_i/rdata_q_reg[23]/D
                                0.13           0.11 f        -0.02  (VIOLATED)
   ibex_top_inst/u_ibex_core/load_store_unit_i/rdata_q_reg[24]/D
                                0.13           0.11 f        -0.02  (VIOLATED)
   ibex_top_inst/u_ibex_core/load_store_unit_i/rdata_q_reg[25]/D
                                0.13           0.11 f        -0.02  (VIOLATED)
   ibex_top_inst/u_ibex_core/load_store_unit_i/rdata_q_reg[26]/D
                                0.13           0.11 f        -0.02  (VIOLATED)
   ibex_top_inst/u_ibex_core/load_store_unit_i/rdata_q_reg[27]/D
                                0.13           0.11 f        -0.02  (VIOLATED)
   ibex_top_inst/u_ibex_core/load_store_unit_i/rdata_q_reg[28]/D
                                0.13           0.11 f        -0.02  (VIOLATED)
   ibex_top_inst/u_ibex_core/load_store_unit_i/rdata_q_reg[29]/D
                                0.13           0.11 f        -0.02  (VIOLATED)
   ibex_top_inst/u_ibex_core/load_store_unit_i/rdata_q_reg[30]/D
                                0.13           0.11 f        -0.02  (VIOLATED)
   ibex_top_inst/u_ibex_core/load_store_unit_i/rdata_q_reg[31]/D
                                0.13           0.11 f        -0.02  (VIOLATED)
   ibex_top_inst/u_ibex_core/id_stage_i/controller_i/enter_debug_mode_prio_q_reg/D
                                0.13           0.13 f         0.00  (VIOLATED: increase significant digits)


   max_transition

                             Required        Actual
   Net                      Transition     Transition        Slack
   -----------------------------------------------------------------
   rst_ni (dont_touch)          2.00           3.16          -1.16  (VIOLATED)
       PIN :   ibex_top_inst/u_ibex_core/cs_registers_i/u_mstatus_csr/rdata_q_reg[0]/RD
                                2.00           3.16          -1.16  (VIOLATED)
       PIN :   ibex_top_inst/u_ibex_core/cs_registers_i/minstret_counter_i/counter_q_reg[0]/RD
                                2.00           3.16          -1.16  (VIOLATED)
       PIN :   ibex_top_inst/u_ibex_core/cs_registers_i/u_mepc_csr/rdata_q_reg[7]/RD
                                2.00           3.16          -1.16  (VIOLATED)
       PIN :   ibex_top_inst/u_ibex_core/cs_registers_i/U614/A
                                2.00           3.16          -1.16  (VIOLATED)
       PIN :   ibex_top_inst/u_ibex_core/cs_registers_i/u_dcsr_csr/rdata_q_reg[2]/RD
                                2.00           3.16          -1.16  (VIOLATED)
       PIN :   ibex_top_inst/u_ibex_core/cs_registers_i/u_dcsr_csr/rdata_q_reg[12]/RD
                                2.00           3.16          -1.16  (VIOLATED)
       PIN :   ibex_top_inst/u_ibex_core/cs_registers_i/u_depc_csr/rdata_q_reg[31]/RD
                                2.00           3.16          -1.16  (VIOLATED)
       PIN :   ibex_top_inst/u_ibex_core/cs_registers_i/u_mstack_epc_csr/rdata_q_reg[31]/RD
                                2.00           3.16          -1.16  (VIOLATED)
       PIN :   ibex_top_inst/u_ibex_core/cs_registers_i/u_mstack_epc_csr/rdata_q_reg[17]/RD
                                2.00           3.16          -1.16  (VIOLATED)
       PIN :   ibex_top_inst/u_ibex_core/cs_registers_i/u_mstack_epc_csr/rdata_q_reg[3]/RD
                                2.00           3.16          -1.16  (VIOLATED)
       PIN :   ibex_top_inst/u_ibex_core/cs_registers_i/u_mstack_cause_csr/rdata_q_reg[3]/RD
                                2.00           3.16          -1.16  (VIOLATED)
       PIN :   ibex_top_inst/u_ibex_core/cs_registers_i/u_mstack_epc_csr/rdata_q_reg[29]/RD
                                2.00           3.16          -1.16  (VIOLATED)
       PIN :   ibex_top_inst/u_ibex_core/cs_registers_i/u_mstack_epc_csr/rdata_q_reg[24]/RD
                                2.00           3.16          -1.16  (VIOLATED)
       PIN :   ibex_top_inst/u_ibex_core/cs_registers_i/u_mstack_epc_csr/rdata_q_reg[18]/RD
                                2.00           3.16          -1.16  (VIOLATED)
       PIN :   ibex_top_inst/u_ibex_core/cs_registers_i/u_mstack_epc_csr/rdata_q_reg[15]/RD
                                2.00           3.16          -1.16  (VIOLATED)
       PIN :   ibex_top_inst/u_ibex_core/cs_registers_i/u_mstack_epc_csr/rdata_q_reg[11]/RD
                                2.00           3.16          -1.16  (VIOLATED)
       PIN :   ibex_top_inst/u_ibex_core/cs_registers_i/u_mstack_epc_csr/rdata_q_reg[6]/RD
                                2.00           3.16          -1.16  (VIOLATED)
       PIN :   ibex_top_inst/u_ibex_core/cs_registers_i/u_mstack_csr/rdata_q_reg[0]/RD
                                2.00           3.16          -1.16  (VIOLATED)
       PIN :   ibex_top_inst/u_ibex_core/cs_registers_i/u_mstack_epc_csr/rdata_q_reg[1]/RD
                                2.00           3.16          -1.16  (VIOLATED)
       PIN :   ibex_top_inst/u_ibex_core/cs_registers_i/u_mstack_cause_csr/rdata_q_reg[2]/RD
                                2.00           3.16          -1.16  (VIOLATED)
       PIN :   ibex_top_inst/u_ibex_core/cs_registers_i/u_mstack_epc_csr/rdata_q_reg[12]/RD
                                2.00           3.16          -1.16  (VIOLATED)
       PIN :   ibex_top_inst/u_ibex_core/cs_registers_i/u_dcsr_csr/rdata_q_reg[8]/RD
                                2.00           3.16          -1.16  (VIOLATED)
       PIN :   ibex_top_inst/u_ibex_core/cs_registers_i/u_dcsr_csr/rdata_q_reg[7]/RD
                                2.00           3.16          -1.16  (VIOLATED)
       PIN :   ibex_top_inst/u_ibex_core/cs_registers_i/u_dcsr_csr/rdata_q_reg[6]/RD
                                2.00           3.16          -1.16  (VIOLATED)
       PIN :   ibex_top_inst/u_ibex_core/cs_registers_i/u_depc_csr/rdata_q_reg[30]/RD
                                2.00           3.16          -1.16  (VIOLATED)
       PIN :   ibex_top_inst/u_ibex_core/cs_registers_i/u_mstack_cause_csr/rdata_q_reg[5]/RD
                                2.00           3.16          -1.16  (VIOLATED)
       PIN :   ibex_top_inst/u_ibex_core/cs_registers_i/u_mstack_epc_csr/rdata_q_reg[30]/RD
                                2.00           3.16          -1.16  (VIOLATED)
       PIN :   ibex_top_inst/u_ibex_core/cs_registers_i/u_mstack_epc_csr/rdata_q_reg[20]/RD
                                2.00           3.16          -1.16  (VIOLATED)
       PIN :   ibex_top_inst/u_ibex_core/cs_registers_i/u_mstack_csr/rdata_q_reg[1]/RD
                                2.00           3.16          -1.16  (VIOLATED)
       PIN :   ibex_top_inst/u_ibex_core/cs_registers_i/u_mstack_epc_csr/rdata_q_reg[4]/RD
                                2.00           3.16          -1.16  (VIOLATED)
       PIN :   ibex_top_inst/u_ibex_core/cs_registers_i/u_mstack_cause_csr/rdata_q_reg[4]/RD
                                2.00           3.16          -1.16  (VIOLATED)
       PIN :   ibex_top_inst/u_ibex_core/cs_registers_i/u_mstack_epc_csr/rdata_q_reg[7]/RD
                                2.00           3.16          -1.16  (VIOLATED)
       PIN :   ibex_top_inst/u_ibex_core/cs_registers_i/u_mstack_epc_csr/rdata_q_reg[2]/RD
                                2.00           3.16          -1.16  (VIOLATED)
       PIN :   ibex_top_inst/u_ibex_core/cs_registers_i/u_mstack_epc_csr/rdata_q_reg[28]/RD
                                2.00           3.16          -1.16  (VIOLATED)
       PIN :   ibex_top_inst/u_ibex_core/cs_registers_i/u_mstack_epc_csr/rdata_q_reg[27]/RD
                                2.00           3.16          -1.16  (VIOLATED)
       PIN :   ibex_top_inst/u_ibex_core/cs_registers_i/u_mstack_epc_csr/rdata_q_reg[26]/RD
                                2.00           3.16          -1.16  (VIOLATED)
       PIN :   ibex_top_inst/u_ibex_core/cs_registers_i/u_mstack_epc_csr/rdata_q_reg[25]/RD
                                2.00           3.16          -1.16  (VIOLATED)
       PIN :   ibex_top_inst/u_ibex_core/cs_registers_i/u_mstack_epc_csr/rdata_q_reg[23]/RD
                                2.00           3.16          -1.16  (VIOLATED)
       PIN :   ibex_top_inst/u_ibex_core/cs_registers_i/u_mstack_epc_csr/rdata_q_reg[22]/RD
                                2.00           3.16          -1.16  (VIOLATED)
       PIN :   ibex_top_inst/u_ibex_core/cs_registers_i/u_mstack_epc_csr/rdata_q_reg[21]/RD
                                2.00           3.16          -1.16  (VIOLATED)
       PIN :   ibex_top_inst/u_ibex_core/cs_registers_i/u_mstack_epc_csr/rdata_q_reg[19]/RD
                                2.00           3.16          -1.16  (VIOLATED)
       PIN :   ibex_top_inst/u_ibex_core/cs_registers_i/u_mstack_epc_csr/rdata_q_reg[16]/RD
                                2.00           3.16          -1.16  (VIOLATED)
       PIN :   ibex_top_inst/u_ibex_core/cs_registers_i/u_dcsr_csr/rdata_q_reg[15]/RD
                                2.00           3.16          -1.16  (VIOLATED)
       PIN :   ibex_top_inst/u_ibex_core/cs_registers_i/u_mstack_epc_csr/rdata_q_reg[14]/RD
                                2.00           3.16          -1.16  (VIOLATED)
       PIN :   ibex_top_inst/u_ibex_core/cs_registers_i/u_mstack_epc_csr/rdata_q_reg[13]/RD
                                2.00           3.16          -1.16  (VIOLATED)
       PIN :   ibex_top_inst/u_ibex_core/cs_registers_i/u_mstack_epc_csr/rdata_q_reg[10]/RD
                                2.00           3.16          -1.16  (VIOLATED)
       PIN :   ibex_top_inst/u_ibex_core/cs_registers_i/u_mstack_epc_csr/rdata_q_reg[9]/RD
                                2.00           3.16          -1.16  (VIOLATED)
       PIN :   ibex_top_inst/u_ibex_core/cs_registers_i/u_mstack_epc_csr/rdata_q_reg[8]/RD
                                2.00           3.16          -1.16  (VIOLATED)
       PIN :   ibex_top_inst/u_ibex_core/cs_registers_i/u_mstack_epc_csr/rdata_q_reg[5]/RD
                                2.00           3.16          -1.16  (VIOLATED)
       PIN :   ibex_top_inst/u_ibex_core/cs_registers_i/u_mstack_cause_csr/rdata_q_reg[0]/RD
                                2.00           3.16          -1.16  (VIOLATED)
       PIN :   ibex_top_inst/u_ibex_core/cs_registers_i/u_mstack_cause_csr/rdata_q_reg[1]/RD
                                2.00           3.16          -1.16  (VIOLATED)
       PIN :   ibex_top_inst/u_ibex_core/cs_registers_i/u_mstack_cause_csr/rdata_q_reg[6]/RD
                                2.00           3.16          -1.16  (VIOLATED)
       PIN :   ibex_top_inst/u_ibex_core/cs_registers_i/u_cpuctrlsts_part_csr/rdata_q_reg[6]/RD
                                2.00           3.16          -1.16  (VIOLATED)
       PIN :   ibex_top_inst/u_ibex_core/cs_registers_i/u_cpuctrlsts_part_csr/rdata_q_reg[7]/RD
                                2.00           3.16          -1.16  (VIOLATED)
       PIN :   ibex_top_inst/u_ibex_core/cs_registers_i/u_mtval_csr/rdata_q_reg[13]/RD
                                2.00           3.16          -1.16  (VIOLATED)
       PIN :   ibex_top_inst/u_ibex_core/cs_registers_i/u_mtval_csr/rdata_q_reg[12]/RD
                                2.00           3.16          -1.16  (VIOLATED)
       PIN :   ibex_top_inst/u_ibex_core/cs_registers_i/u_mtval_csr/rdata_q_reg[9]/RD
                                2.00           3.16          -1.16  (VIOLATED)
       PIN :   ibex_top_inst/u_ibex_core/cs_registers_i/u_mtval_csr/rdata_q_reg[8]/RD
                                2.00           3.16          -1.16  (VIOLATED)
       PIN :   ibex_top_inst/u_ibex_core/cs_registers_i/u_mtval_csr/rdata_q_reg[5]/RD
                                2.00           3.16          -1.16  (VIOLATED)
       PIN :   ibex_top_inst/u_ibex_core/cs_registers_i/u_mtval_csr/rdata_q_reg[4]/RD
                                2.00           3.16          -1.16  (VIOLATED)
       PIN :   ibex_top_inst/u_ibex_core/cs_registers_i/u_mtval_csr/rdata_q_reg[3]/RD
                                2.00           3.16          -1.16  (VIOLATED)
       PIN :   ibex_top_inst/u_ibex_core/cs_registers_i/u_mtval_csr/rdata_q_reg[2]/RD
                                2.00           3.16          -1.16  (VIOLATED)
       PIN :   ibex_top_inst/u_ibex_core/cs_registers_i/u_mepc_csr/rdata_q_reg[29]/RD
                                2.00           3.16          -1.16  (VIOLATED)
       PIN :   ibex_top_inst/u_ibex_core/cs_registers_i/u_mepc_csr/rdata_q_reg[28]/RD
                                2.00           3.16          -1.16  (VIOLATED)
       PIN :   ibex_top_inst/u_ibex_core/cs_registers_i/u_mepc_csr/rdata_q_reg[27]/RD
                                2.00           3.16          -1.16  (VIOLATED)
       PIN :   ibex_top_inst/u_ibex_core/cs_registers_i/u_mepc_csr/rdata_q_reg[26]/RD
                                2.00           3.16          -1.16  (VIOLATED)
       PIN :   ibex_top_inst/u_ibex_core/cs_registers_i/u_mepc_csr/rdata_q_reg[25]/RD
                                2.00           3.16          -1.16  (VIOLATED)
       PIN :   ibex_top_inst/u_ibex_core/cs_registers_i/u_mepc_csr/rdata_q_reg[24]/RD
                                2.00           3.16          -1.16  (VIOLATED)
       PIN :   ibex_top_inst/u_ibex_core/cs_registers_i/u_mepc_csr/rdata_q_reg[23]/RD
                                2.00           3.16          -1.16  (VIOLATED)
       PIN :   ibex_top_inst/u_ibex_core/cs_registers_i/u_mepc_csr/rdata_q_reg[22]/RD
                                2.00           3.16          -1.16  (VIOLATED)
       PIN :   ibex_top_inst/u_ibex_core/cs_registers_i/u_mepc_csr/rdata_q_reg[21]/RD
                                2.00           3.16          -1.16  (VIOLATED)
       PIN :   ibex_top_inst/u_ibex_core/cs_registers_i/u_mepc_csr/rdata_q_reg[20]/RD
                                2.00           3.16          -1.16  (VIOLATED)
       PIN :   ibex_top_inst/u_ibex_core/cs_registers_i/u_mepc_csr/rdata_q_reg[19]/RD
                                2.00           3.16          -1.16  (VIOLATED)
       PIN :   ibex_top_inst/u_ibex_core/cs_registers_i/u_mepc_csr/rdata_q_reg[18]/RD
                                2.00           3.16          -1.16  (VIOLATED)
       PIN :   ibex_top_inst/u_ibex_core/cs_registers_i/u_mepc_csr/rdata_q_reg[17]/RD
                                2.00           3.16          -1.16  (VIOLATED)
       PIN :   ibex_top_inst/u_ibex_core/cs_registers_i/u_mepc_csr/rdata_q_reg[16]/RD
                                2.00           3.16          -1.16  (VIOLATED)
       PIN :   ibex_top_inst/u_ibex_core/cs_registers_i/u_mepc_csr/rdata_q_reg[15]/RD
                                2.00           3.16          -1.16  (VIOLATED)
       PIN :   ibex_top_inst/u_ibex_core/cs_registers_i/u_mepc_csr/rdata_q_reg[14]/RD
                                2.00           3.16          -1.16  (VIOLATED)
       PIN :   ibex_top_inst/u_ibex_core/cs_registers_i/u_mepc_csr/rdata_q_reg[13]/RD
                                2.00           3.16          -1.16  (VIOLATED)
       PIN :   ibex_top_inst/u_ibex_core/cs_registers_i/u_mepc_csr/rdata_q_reg[12]/RD
                                2.00           3.16          -1.16  (VIOLATED)
       PIN :   ibex_top_inst/u_ibex_core/cs_registers_i/u_mepc_csr/rdata_q_reg[11]/RD
                                2.00           3.16          -1.16  (VIOLATED)
       PIN :   ibex_top_inst/u_ibex_core/cs_registers_i/u_mepc_csr/rdata_q_reg[10]/RD
                                2.00           3.16          -1.16  (VIOLATED)
       PIN :   ibex_top_inst/u_ibex_core/cs_registers_i/u_mepc_csr/rdata_q_reg[9]/RD
                                2.00           3.16          -1.16  (VIOLATED)
       PIN :   ibex_top_inst/u_ibex_core/cs_registers_i/u_mepc_csr/rdata_q_reg[8]/RD
                                2.00           3.16          -1.16  (VIOLATED)
       PIN :   ibex_top_inst/u_ibex_core/cs_registers_i/u_mepc_csr/rdata_q_reg[5]/RD
                                2.00           3.16          -1.16  (VIOLATED)
       PIN :   ibex_top_inst/u_ibex_core/cs_registers_i/u_mepc_csr/rdata_q_reg[4]/RD
                                2.00           3.16          -1.16  (VIOLATED)
       PIN :   ibex_top_inst/u_ibex_core/cs_registers_i/u_mepc_csr/rdata_q_reg[3]/RD
                                2.00           3.16          -1.16  (VIOLATED)
       PIN :   ibex_top_inst/u_ibex_core/cs_registers_i/u_mepc_csr/rdata_q_reg[2]/RD
                                2.00           3.16          -1.16  (VIOLATED)
       PIN :   ibex_top_inst/u_ibex_core/cs_registers_i/u_mepc_csr/rdata_q_reg[1]/RD
                                2.00           3.16          -1.16  (VIOLATED)
       PIN :   ibex_top_inst/u_ibex_core/cs_registers_i/u_mie_csr/rdata_q_reg[17]/RD
                                2.00           3.16          -1.16  (VIOLATED)
       PIN :   ibex_top_inst/u_ibex_core/cs_registers_i/u_mie_csr/rdata_q_reg[15]/RD
                                2.00           3.16          -1.16  (VIOLATED)
       PIN :   ibex_top_inst/u_ibex_core/cs_registers_i/u_mie_csr/rdata_q_reg[14]/RD
                                2.00           3.16          -1.16  (VIOLATED)
       PIN :   ibex_top_inst/u_ibex_core/cs_registers_i/u_mie_csr/rdata_q_reg[13]/RD
                                2.00           3.16          -1.16  (VIOLATED)
       PIN :   ibex_top_inst/u_ibex_core/cs_registers_i/u_mie_csr/rdata_q_reg[12]/RD
                                2.00           3.16          -1.16  (VIOLATED)
       PIN :   ibex_top_inst/u_ibex_core/cs_registers_i/u_mie_csr/rdata_q_reg[11]/RD
                                2.00           3.16          -1.16  (VIOLATED)
       PIN :   ibex_top_inst/u_ibex_core/cs_registers_i/u_mie_csr/rdata_q_reg[10]/RD
                                2.00           3.16          -1.16  (VIOLATED)
       PIN :   ibex_top_inst/u_ibex_core/cs_registers_i/u_mie_csr/rdata_q_reg[9]/RD
                                2.00           3.16          -1.16  (VIOLATED)
       PIN :   ibex_top_inst/u_ibex_core/cs_registers_i/u_mie_csr/rdata_q_reg[8]/RD
                                2.00           3.16          -1.16  (VIOLATED)
       PIN :   ibex_top_inst/u_ibex_core/cs_registers_i/u_mie_csr/rdata_q_reg[7]/RD
                                2.00           3.16          -1.16  (VIOLATED)
       PIN :   ibex_top_inst/u_ibex_core/cs_registers_i/u_mie_csr/rdata_q_reg[6]/RD
                                2.00           3.16          -1.16  (VIOLATED)
       PIN :   ibex_top_inst/u_ibex_core/cs_registers_i/u_mie_csr/rdata_q_reg[5]/RD
                                2.00           3.16          -1.16  (VIOLATED)
       PIN :   ibex_top_inst/u_ibex_core/cs_registers_i/u_mie_csr/rdata_q_reg[4]/RD
                                2.00           3.16          -1.16  (VIOLATED)
       PIN :   ibex_top_inst/u_ibex_core/cs_registers_i/u_mie_csr/rdata_q_reg[3]/RD
                                2.00           3.16          -1.16  (VIOLATED)
       PIN :   ibex_top_inst/u_ibex_core/cs_registers_i/u_mie_csr/rdata_q_reg[2]/RD
                                2.00           3.16          -1.16  (VIOLATED)
       PIN :   ibex_top_inst/u_ibex_core/cs_registers_i/u_mie_csr/rdata_q_reg[1]/RD
                                2.00           3.16          -1.16  (VIOLATED)
       PIN :   ibex_top_inst/u_ibex_core/cs_registers_i/u_mie_csr/rdata_q_reg[0]/RD
                                2.00           3.16          -1.16  (VIOLATED)
       PIN :   ibex_top_inst/u_ibex_core/cs_registers_i/u_mtval_csr/rdata_q_reg[0]/RD
                                2.00           3.16          -1.16  (VIOLATED)
       PIN :   ibex_top_inst/u_ibex_core/cs_registers_i/mcountinhibit_q_reg[0]/RD
                                2.00           3.16          -1.16  (VIOLATED)
       PIN :   ibex_top_inst/u_ibex_core/cs_registers_i/u_mtval_csr/rdata_q_reg[31]/RD
                                2.00           3.16          -1.16  (VIOLATED)
       PIN :   ibex_top_inst/u_ibex_core/cs_registers_i/u_dscratch1_csr/rdata_q_reg[31]/RD
                                2.00           3.16          -1.16  (VIOLATED)
       PIN :   ibex_top_inst/u_ibex_core/cs_registers_i/u_dscratch1_csr/rdata_q_reg[30]/RD
                                2.00           3.16          -1.16  (VIOLATED)
       PIN :   ibex_top_inst/u_ibex_core/cs_registers_i/u_dscratch0_csr/rdata_q_reg[31]/RD
                                2.00           3.16          -1.16  (VIOLATED)
       PIN :   ibex_top_inst/u_ibex_core/cs_registers_i/u_dscratch0_csr/rdata_q_reg[30]/RD
                                2.00           3.16          -1.16  (VIOLATED)
       PIN :   ibex_top_inst/u_ibex_core/cs_registers_i/u_dscratch1_csr/rdata_q_reg[29]/RD
                                2.00           3.16          -1.16  (VIOLATED)
       PIN :   ibex_top_inst/u_ibex_core/cs_registers_i/u_dscratch1_csr/rdata_q_reg[28]/RD
                                2.00           3.16          -1.16  (VIOLATED)
       PIN :   ibex_top_inst/u_ibex_core/cs_registers_i/u_dscratch1_csr/rdata_q_reg[27]/RD
                                2.00           3.16          -1.16  (VIOLATED)
       PIN :   ibex_top_inst/u_ibex_core/cs_registers_i/u_dscratch1_csr/rdata_q_reg[26]/RD
                                2.00           3.16          -1.16  (VIOLATED)
       PIN :   ibex_top_inst/u_ibex_core/cs_registers_i/u_dscratch1_csr/rdata_q_reg[25]/RD
                                2.00           3.16          -1.16  (VIOLATED)
       PIN :   ibex_top_inst/u_ibex_core/cs_registers_i/u_dcsr_csr/rdata_q_reg[13]/RD
                                2.00           3.16          -1.16  (VIOLATED)
       PIN :   ibex_top_inst/u_ibex_core/cs_registers_i/u_mstatus_csr/rdata_q_reg[5]/RD
                                2.00           3.16          -1.16  (VIOLATED)
       PIN :   ibex_top_inst/u_ibex_core/cs_registers_i/u_mstatus_csr/rdata_q_reg[3]/RD
                                2.00           3.16          -1.16  (VIOLATED)
       PIN :   ibex_top_inst/u_ibex_core/cs_registers_i/u_mstatus_csr/rdata_q_reg[2]/RD
                                2.00           3.16          -1.16  (VIOLATED)
       PIN :   ibex_top_inst/u_ibex_core/cs_registers_i/u_mscratch_csr/rdata_q_reg[31]/RD
                                2.00           3.16          -1.16  (VIOLATED)
       PIN :   ibex_top_inst/u_ibex_core/cs_registers_i/u_mscratch_csr/rdata_q_reg[30]/RD
                                2.00           3.16          -1.16  (VIOLATED)
       PIN :   ibex_top_inst/u_ibex_core/cs_registers_i/u_mepc_csr/rdata_q_reg[31]/RD
                                2.00           3.16          -1.16  (VIOLATED)
       PIN :   ibex_top_inst/u_ibex_core/cs_registers_i/u_mepc_csr/rdata_q_reg[30]/RD
                                2.00           3.16          -1.16  (VIOLATED)
       PIN :   ibex_top_inst/u_ibex_core/cs_registers_i/u_mscratch_csr/rdata_q_reg[29]/RD
                                2.00           3.16          -1.16  (VIOLATED)
       PIN :   ibex_top_inst/u_ibex_core/cs_registers_i/u_mscratch_csr/rdata_q_reg[28]/RD
                                2.00           3.16          -1.16  (VIOLATED)
       PIN :   ibex_top_inst/u_ibex_core/cs_registers_i/u_mscratch_csr/rdata_q_reg[27]/RD
                                2.00           3.16          -1.16  (VIOLATED)
       PIN :   ibex_top_inst/u_ibex_core/cs_registers_i/u_mscratch_csr/rdata_q_reg[26]/RD
                                2.00           3.16          -1.16  (VIOLATED)
       PIN :   ibex_top_inst/u_ibex_core/cs_registers_i/u_mscratch_csr/rdata_q_reg[25]/RD
                                2.00           3.16          -1.16  (VIOLATED)
       PIN :   ibex_top_inst/u_ibex_core/cs_registers_i/u_mscratch_csr/rdata_q_reg[24]/RD
                                2.00           3.16          -1.16  (VIOLATED)
       PIN :   ibex_top_inst/u_ibex_core/cs_registers_i/u_mscratch_csr/rdata_q_reg[23]/RD
                                2.00           3.16          -1.16  (VIOLATED)
       PIN :   ibex_top_inst/u_ibex_core/cs_registers_i/u_mscratch_csr/rdata_q_reg[22]/RD
                                2.00           3.16          -1.16  (VIOLATED)
       PIN :   ibex_top_inst/u_ibex_core/cs_registers_i/u_mscratch_csr/rdata_q_reg[21]/RD
                                2.00           3.16          -1.16  (VIOLATED)
       PIN :   ibex_top_inst/u_ibex_core/cs_registers_i/u_mscratch_csr/rdata_q_reg[20]/RD
                                2.00           3.16          -1.16  (VIOLATED)
       PIN :   ibex_top_inst/u_ibex_core/cs_registers_i/u_mscratch_csr/rdata_q_reg[19]/RD
                                2.00           3.16          -1.16  (VIOLATED)
       PIN :   ibex_top_inst/u_ibex_core/cs_registers_i/u_mscratch_csr/rdata_q_reg[18]/RD
                                2.00           3.16          -1.16  (VIOLATED)
       PIN :   ibex_top_inst/u_ibex_core/cs_registers_i/u_mscratch_csr/rdata_q_reg[17]/RD
                                2.00           3.16          -1.16  (VIOLATED)
       PIN :   ibex_top_inst/u_ibex_core/cs_registers_i/u_mscratch_csr/rdata_q_reg[16]/RD
                                2.00           3.16          -1.16  (VIOLATED)
       PIN :   ibex_top_inst/u_ibex_core/cs_registers_i/u_mscratch_csr/rdata_q_reg[15]/RD
                                2.00           3.16          -1.16  (VIOLATED)
       PIN :   ibex_top_inst/u_ibex_core/cs_registers_i/u_mscratch_csr/rdata_q_reg[14]/RD
                                2.00           3.16          -1.16  (VIOLATED)
       PIN :   ibex_top_inst/u_ibex_core/cs_registers_i/u_mscratch_csr/rdata_q_reg[13]/RD
                                2.00           3.16          -1.16  (VIOLATED)
       PIN :   ibex_top_inst/u_ibex_core/cs_registers_i/u_mscratch_csr/rdata_q_reg[12]/RD
                                2.00           3.16          -1.16  (VIOLATED)
       PIN :   ibex_top_inst/u_ibex_core/cs_registers_i/u_mscratch_csr/rdata_q_reg[11]/RD
                                2.00           3.16          -1.16  (VIOLATED)
       PIN :   ibex_top_inst/u_ibex_core/cs_registers_i/u_mscratch_csr/rdata_q_reg[10]/RD
                                2.00           3.16          -1.16  (VIOLATED)
       PIN :   ibex_top_inst/u_ibex_core/cs_registers_i/u_mscratch_csr/rdata_q_reg[9]/RD
                                2.00           3.16          -1.16  (VIOLATED)
       PIN :   ibex_top_inst/u_ibex_core/cs_registers_i/u_mscratch_csr/rdata_q_reg[8]/RD
                                2.00           3.16          -1.16  (VIOLATED)
       PIN :   ibex_top_inst/u_ibex_core/cs_registers_i/u_mscratch_csr/rdata_q_reg[5]/RD
                                2.00           3.16          -1.16  (VIOLATED)
       PIN :   ibex_top_inst/u_ibex_core/cs_registers_i/u_mscratch_csr/rdata_q_reg[4]/RD
                                2.00           3.16          -1.16  (VIOLATED)
       PIN :   ibex_top_inst/u_ibex_core/cs_registers_i/u_mscratch_csr/rdata_q_reg[3]/RD
                                2.00           3.16          -1.16  (VIOLATED)
       PIN :   ibex_top_inst/u_ibex_core/cs_registers_i/u_mscratch_csr/rdata_q_reg[2]/RD
                                2.00           3.16          -1.16  (VIOLATED)
       PIN :   ibex_top_inst/u_ibex_core/cs_registers_i/u_mscratch_csr/rdata_q_reg[1]/RD
                                2.00           3.16          -1.16  (VIOLATED)
       PIN :   ibex_top_inst/u_ibex_core/cs_registers_i/u_mscratch_csr/rdata_q_reg[0]/RD
                                2.00           3.16          -1.16  (VIOLATED)
       PIN :   ibex_top_inst/u_ibex_core/cs_registers_i/u_mtval_csr/rdata_q_reg[29]/RD
                                2.00           3.16          -1.16  (VIOLATED)
       PIN :   ibex_top_inst/u_ibex_core/cs_registers_i/u_mtval_csr/rdata_q_reg[26]/RD
                                2.00           3.16          -1.16  (VIOLATED)
       PIN :   ibex_top_inst/u_ibex_core/cs_registers_i/u_mtval_csr/rdata_q_reg[22]/RD
                                2.00           3.16          -1.16  (VIOLATED)
       PIN :   ibex_top_inst/u_ibex_core/cs_registers_i/u_mtval_csr/rdata_q_reg[11]/RD
                                2.00           3.16          -1.16  (VIOLATED)
       PIN :   ibex_top_inst/u_ibex_core/cs_registers_i/u_mtval_csr/rdata_q_reg[10]/RD
                                2.00           3.16          -1.16  (VIOLATED)
       PIN :   ibex_top_inst/u_ibex_core/cs_registers_i/u_mtval_csr/rdata_q_reg[1]/RD
                                2.00           3.16          -1.16  (VIOLATED)
       PIN :   ibex_top_inst/u_ibex_core/cs_registers_i/u_mtval_csr/rdata_q_reg[30]/RD
                                2.00           3.16          -1.16  (VIOLATED)
       PIN :   ibex_top_inst/u_ibex_core/cs_registers_i/u_mtval_csr/rdata_q_reg[28]/RD
                                2.00           3.16          -1.16  (VIOLATED)
       PIN :   ibex_top_inst/u_ibex_core/cs_registers_i/u_mtval_csr/rdata_q_reg[27]/RD
                                2.00           3.16          -1.16  (VIOLATED)
       PIN :   ibex_top_inst/u_ibex_core/cs_registers_i/u_mtval_csr/rdata_q_reg[25]/RD
                                2.00           3.16          -1.16  (VIOLATED)
       PIN :   ibex_top_inst/u_ibex_core/cs_registers_i/u_mtval_csr/rdata_q_reg[24]/RD
                                2.00           3.16          -1.16  (VIOLATED)
       PIN :   ibex_top_inst/u_ibex_core/cs_registers_i/u_mtval_csr/rdata_q_reg[23]/RD
                                2.00           3.16          -1.16  (VIOLATED)
       PIN :   ibex_top_inst/u_ibex_core/cs_registers_i/u_mtval_csr/rdata_q_reg[21]/RD
                                2.00           3.16          -1.16  (VIOLATED)
       PIN :   ibex_top_inst/u_ibex_core/cs_registers_i/u_mtval_csr/rdata_q_reg[20]/RD
                                2.00           3.16          -1.16  (VIOLATED)
       PIN :   ibex_top_inst/u_ibex_core/cs_registers_i/u_mtval_csr/rdata_q_reg[19]/RD
                                2.00           3.16          -1.16  (VIOLATED)
       PIN :   ibex_top_inst/u_ibex_core/cs_registers_i/u_mtval_csr/rdata_q_reg[18]/RD
                                2.00           3.16          -1.16  (VIOLATED)
       PIN :   ibex_top_inst/u_ibex_core/cs_registers_i/u_mtval_csr/rdata_q_reg[17]/RD
                                2.00           3.16          -1.16  (VIOLATED)
       PIN :   ibex_top_inst/u_ibex_core/cs_registers_i/u_mtval_csr/rdata_q_reg[16]/RD
                                2.00           3.16          -1.16  (VIOLATED)
       PIN :   ibex_top_inst/u_ibex_core/cs_registers_i/u_mtval_csr/rdata_q_reg[15]/RD
                                2.00           3.16          -1.16  (VIOLATED)
       PIN :   ibex_top_inst/u_ibex_core/cs_registers_i/u_mtval_csr/rdata_q_reg[14]/RD
                                2.00           3.16          -1.16  (VIOLATED)
       PIN :   ibex_top_inst/u_ibex_core/cs_registers_i/u_depc_csr/rdata_q_reg[1]/RD
                                2.00           3.16          -1.16  (VIOLATED)
       PIN :   ibex_top_inst/u_ibex_core/cs_registers_i/mcycle_counter_i/counter_q_reg[0]/RD
                                2.00           3.16          -1.16  (VIOLATED)
       PIN :   ibex_top_inst/u_ibex_core/cs_registers_i/u_depc_csr/rdata_q_reg[17]/RD
                                2.00           3.16          -1.16  (VIOLATED)
       PIN :   ibex_top_inst/u_ibex_core/cs_registers_i/u_depc_csr/rdata_q_reg[21]/RD
                                2.00           3.16          -1.16  (VIOLATED)
       PIN :   ibex_top_inst/u_ibex_core/cs_registers_i/u_depc_csr/rdata_q_reg[6]/RD
                                2.00           3.16          -1.16  (VIOLATED)
       PIN :   ibex_top_inst/u_ibex_core/cs_registers_i/u_depc_csr/rdata_q_reg[7]/RD
                                2.00           3.16          -1.16  (VIOLATED)
       PIN :   ibex_top_inst/u_ibex_core/cs_registers_i/u_depc_csr/rdata_q_reg[3]/RD
                                2.00           3.16          -1.16  (VIOLATED)
       PIN :   ibex_top_inst/u_ibex_core/cs_registers_i/u_depc_csr/rdata_q_reg[20]/RD
                                2.00           3.16          -1.16  (VIOLATED)
       PIN :   ibex_top_inst/u_ibex_core/cs_registers_i/u_depc_csr/rdata_q_reg[4]/RD
                                2.00           3.16          -1.16  (VIOLATED)
       PIN :   ibex_top_inst/u_ibex_core/cs_registers_i/u_depc_csr/rdata_q_reg[2]/RD
                                2.00           3.16          -1.16  (VIOLATED)
       PIN :   ibex_top_inst/u_ibex_core/cs_registers_i/u_depc_csr/rdata_q_reg[29]/RD
                                2.00           3.16          -1.16  (VIOLATED)
       PIN :   ibex_top_inst/u_ibex_core/cs_registers_i/u_depc_csr/rdata_q_reg[28]/RD
                                2.00           3.16          -1.16  (VIOLATED)
       PIN :   ibex_top_inst/u_ibex_core/cs_registers_i/u_depc_csr/rdata_q_reg[26]/RD
                                2.00           3.16          -1.16  (VIOLATED)
       PIN :   ibex_top_inst/u_ibex_core/cs_registers_i/u_depc_csr/rdata_q_reg[25]/RD
                                2.00           3.16          -1.16  (VIOLATED)
       PIN :   ibex_top_inst/u_ibex_core/cs_registers_i/u_depc_csr/rdata_q_reg[24]/RD
                                2.00           3.16          -1.16  (VIOLATED)
       PIN :   ibex_top_inst/u_ibex_core/cs_registers_i/u_depc_csr/rdata_q_reg[22]/RD
                                2.00           3.16          -1.16  (VIOLATED)
       PIN :   ibex_top_inst/u_ibex_core/cs_registers_i/u_depc_csr/rdata_q_reg[16]/RD
                                2.00           3.16          -1.16  (VIOLATED)
       PIN :   ibex_top_inst/u_ibex_core/cs_registers_i/u_depc_csr/rdata_q_reg[14]/RD
                                2.00           3.16          -1.16  (VIOLATED)
       PIN :   ibex_top_inst/u_ibex_core/cs_registers_i/u_depc_csr/rdata_q_reg[13]/RD
                                2.00           3.16          -1.16  (VIOLATED)
       PIN :   ibex_top_inst/u_ibex_core/cs_registers_i/u_depc_csr/rdata_q_reg[10]/RD
                                2.00           3.16          -1.16  (VIOLATED)
       PIN :   ibex_top_inst/u_ibex_core/cs_registers_i/u_depc_csr/rdata_q_reg[9]/RD
                                2.00           3.16          -1.16  (VIOLATED)
       PIN :   ibex_top_inst/u_ibex_core/cs_registers_i/u_depc_csr/rdata_q_reg[8]/RD
                                2.00           3.16          -1.16  (VIOLATED)
       PIN :   ibex_top_inst/u_ibex_core/cs_registers_i/u_depc_csr/rdata_q_reg[5]/RD
                                2.00           3.16          -1.16  (VIOLATED)
       PIN :   ibex_top_inst/u_ibex_core/cs_registers_i/u_depc_csr/rdata_q_reg[27]/RD
                                2.00           3.16          -1.16  (VIOLATED)
       PIN :   ibex_top_inst/u_ibex_core/cs_registers_i/u_depc_csr/rdata_q_reg[23]/RD
                                2.00           3.16          -1.16  (VIOLATED)
       PIN :   ibex_top_inst/u_ibex_core/cs_registers_i/u_depc_csr/rdata_q_reg[19]/RD
                                2.00           3.16          -1.16  (VIOLATED)
       PIN :   ibex_top_inst/u_ibex_core/cs_registers_i/u_depc_csr/rdata_q_reg[18]/RD
                                2.00           3.16          -1.16  (VIOLATED)
       PIN :   ibex_top_inst/u_ibex_core/cs_registers_i/u_depc_csr/rdata_q_reg[15]/RD
                                2.00           3.16          -1.16  (VIOLATED)
       PIN :   ibex_top_inst/u_ibex_core/cs_registers_i/u_depc_csr/rdata_q_reg[11]/RD
                                2.00           3.16          -1.16  (VIOLATED)
       PIN :   ibex_top_inst/u_ibex_core/cs_registers_i/u_depc_csr/rdata_q_reg[12]/RD
                                2.00           3.16          -1.16  (VIOLATED)
       PIN :   ibex_top_inst/u_ibex_core/cs_registers_i/u_mcause_csr/rdata_q_reg[6]/RD
                                2.00           3.16          -1.16  (VIOLATED)
       PIN :   ibex_top_inst/u_ibex_core/cs_registers_i/u_dscratch1_csr/rdata_q_reg[12]/RD
                                2.00           3.16          -1.16  (VIOLATED)
       PIN :   ibex_top_inst/u_ibex_core/cs_registers_i/u_dscratch0_csr/rdata_q_reg[12]/RD
                                2.00           3.16          -1.16  (VIOLATED)
       PIN :   ibex_top_inst/u_ibex_core/cs_registers_i/u_mcause_csr/rdata_q_reg[2]/RD
                                2.00           3.16          -1.16  (VIOLATED)
       PIN :   ibex_top_inst/u_ibex_core/cs_registers_i/mcountinhibit_q_reg[2]/RD
                                2.00           3.16          -1.16  (VIOLATED)
       PIN :   ibex_top_inst/u_ibex_core/cs_registers_i/u_dscratch1_csr/rdata_q_reg[1]/RD
                                2.00           3.16          -1.16  (VIOLATED)
       PIN :   ibex_top_inst/u_ibex_core/cs_registers_i/u_dscratch0_csr/rdata_q_reg[1]/RD
                                2.00           3.16          -1.16  (VIOLATED)
       PIN :   ibex_top_inst/u_ibex_core/cs_registers_i/u_mcause_csr/rdata_q_reg[1]/RD
                                2.00           3.16          -1.16  (VIOLATED)
       PIN :   ibex_top_inst/u_ibex_core/cs_registers_i/u_dscratch1_csr/rdata_q_reg[0]/RD
                                2.00           3.16          -1.16  (VIOLATED)
       PIN :   ibex_top_inst/u_ibex_core/cs_registers_i/u_dscratch0_csr/rdata_q_reg[0]/RD
                                2.00           3.16          -1.16  (VIOLATED)
       PIN :   ibex_top_inst/u_ibex_core/cs_registers_i/u_mcause_csr/rdata_q_reg[0]/RD
                                2.00           3.16          -1.16  (VIOLATED)
       PIN :   ibex_top_inst/u_ibex_core/cs_registers_i/minstret_counter_i/counter_q_reg[32]/RD
                                2.00           3.16          -1.16  (VIOLATED)
       PIN :   ibex_top_inst/u_ibex_core/cs_registers_i/mcycle_counter_i/counter_q_reg[32]/RD
                                2.00           3.16          -1.16  (VIOLATED)
       PIN :   ibex_top_inst/u_ibex_core/cs_registers_i/minstret_counter_i/counter_q_reg[1]/RD
                                2.00           3.16          -1.16  (VIOLATED)
       PIN :   ibex_top_inst/u_ibex_core/cs_registers_i/minstret_counter_i/counter_q_reg[33]/RD
                                2.00           3.16          -1.16  (VIOLATED)
       PIN :   ibex_top_inst/u_ibex_core/cs_registers_i/mcycle_counter_i/counter_q_reg[1]/RD
                                2.00           3.16          -1.16  (VIOLATED)
       PIN :   ibex_top_inst/u_ibex_core/cs_registers_i/mcycle_counter_i/counter_q_reg[33]/RD
                                2.00           3.16          -1.16  (VIOLATED)
       PIN :   ibex_top_inst/u_ibex_core/cs_registers_i/u_dscratch1_csr/rdata_q_reg[5]/RD
                                2.00           3.16          -1.16  (VIOLATED)
       PIN :   ibex_top_inst/u_ibex_core/cs_registers_i/u_dscratch0_csr/rdata_q_reg[5]/RD
                                2.00           3.16          -1.16  (VIOLATED)
       PIN :   ibex_top_inst/u_ibex_core/cs_registers_i/minstret_counter_i/counter_q_reg[5]/RD
                                2.00           3.16          -1.16  (VIOLATED)
       PIN :   ibex_top_inst/u_ibex_core/cs_registers_i/minstret_counter_i/counter_q_reg[37]/RD
                                2.00           3.16          -1.16  (VIOLATED)
       PIN :   ibex_top_inst/u_ibex_core/cs_registers_i/mcycle_counter_i/counter_q_reg[5]/RD
                                2.00           3.16          -1.16  (VIOLATED)
       PIN :   ibex_top_inst/u_ibex_core/cs_registers_i/mcycle_counter_i/counter_q_reg[37]/RD
                                2.00           3.16          -1.16  (VIOLATED)
       PIN :   ibex_top_inst/u_ibex_core/cs_registers_i/u_dscratch1_csr/rdata_q_reg[6]/RD
                                2.00           3.16          -1.16  (VIOLATED)
       PIN :   ibex_top_inst/u_ibex_core/cs_registers_i/u_dscratch0_csr/rdata_q_reg[6]/RD
                                2.00           3.16          -1.16  (VIOLATED)
       PIN :   ibex_top_inst/u_ibex_core/cs_registers_i/u_mscratch_csr/rdata_q_reg[6]/RD
                                2.00           3.16          -1.16  (VIOLATED)
       PIN :   ibex_top_inst/u_ibex_core/cs_registers_i/u_mepc_csr/rdata_q_reg[6]/RD
                                2.00           3.16          -1.16  (VIOLATED)
       PIN :   ibex_top_inst/u_ibex_core/cs_registers_i/u_mtval_csr/rdata_q_reg[6]/RD
                                2.00           3.16          -1.16  (VIOLATED)
       PIN :   ibex_top_inst/u_ibex_core/cs_registers_i/minstret_counter_i/counter_q_reg[6]/RD
                                2.00           3.16          -1.16  (VIOLATED)
       PIN :   ibex_top_inst/u_ibex_core/cs_registers_i/minstret_counter_i/counter_q_reg[38]/RD
                                2.00           3.16          -1.16  (VIOLATED)
       PIN :   ibex_top_inst/u_ibex_core/cs_registers_i/mcycle_counter_i/counter_q_reg[6]/RD
                                2.00           3.16          -1.16  (VIOLATED)
       PIN :   ibex_top_inst/u_ibex_core/cs_registers_i/mcycle_counter_i/counter_q_reg[38]/RD
                                2.00           3.16          -1.16  (VIOLATED)
       PIN :   ibex_top_inst/u_ibex_core/cs_registers_i/u_dscratch1_csr/rdata_q_reg[8]/RD
                                2.00           3.16          -1.16  (VIOLATED)
       PIN :   ibex_top_inst/u_ibex_core/cs_registers_i/u_dscratch0_csr/rdata_q_reg[8]/RD
                                2.00           3.16          -1.16  (VIOLATED)
       PIN :   ibex_top_inst/u_ibex_core/cs_registers_i/minstret_counter_i/counter_q_reg[8]/RD
                                2.00           3.16          -1.16  (VIOLATED)
       PIN :   ibex_top_inst/u_ibex_core/cs_registers_i/minstret_counter_i/counter_q_reg[40]/RD
                                2.00           3.16          -1.16  (VIOLATED)
       PIN :   ibex_top_inst/u_ibex_core/cs_registers_i/mcycle_counter_i/counter_q_reg[8]/RD
                                2.00           3.16          -1.16  (VIOLATED)
       PIN :   ibex_top_inst/u_ibex_core/cs_registers_i/mcycle_counter_i/counter_q_reg[40]/RD
                                2.00           3.16          -1.16  (VIOLATED)
       PIN :   ibex_top_inst/u_ibex_core/cs_registers_i/u_mtvec_csr/rdata_q_reg[8]/RD
                                2.00           3.16          -1.16  (VIOLATED)
       PIN :   ibex_top_inst/u_ibex_core/cs_registers_i/u_dscratch1_csr/rdata_q_reg[9]/RD
                                2.00           3.16          -1.16  (VIOLATED)
       PIN :   ibex_top_inst/u_ibex_core/cs_registers_i/u_dscratch0_csr/rdata_q_reg[9]/RD
                                2.00           3.16          -1.16  (VIOLATED)
       PIN :   ibex_top_inst/u_ibex_core/cs_registers_i/minstret_counter_i/counter_q_reg[9]/RD
                                2.00           3.16          -1.16  (VIOLATED)
       PIN :   ibex_top_inst/u_ibex_core/cs_registers_i/minstret_counter_i/counter_q_reg[41]/RD
                                2.00           3.16          -1.16  (VIOLATED)
       PIN :   ibex_top_inst/u_ibex_core/cs_registers_i/mcycle_counter_i/counter_q_reg[9]/RD
                                2.00           3.16          -1.16  (VIOLATED)
       PIN :   ibex_top_inst/u_ibex_core/cs_registers_i/mcycle_counter_i/counter_q_reg[41]/RD
                                2.00           3.16          -1.16  (VIOLATED)
       PIN :   ibex_top_inst/u_ibex_core/cs_registers_i/u_mtvec_csr/rdata_q_reg[9]/RD
                                2.00           3.16          -1.16  (VIOLATED)
       PIN :   ibex_top_inst/u_ibex_core/cs_registers_i/u_dscratch1_csr/rdata_q_reg[10]/RD
                                2.00           3.16          -1.16  (VIOLATED)
       PIN :   ibex_top_inst/u_ibex_core/cs_registers_i/u_dscratch0_csr/rdata_q_reg[10]/RD
                                2.00           3.16          -1.16  (VIOLATED)
       PIN :   ibex_top_inst/u_ibex_core/cs_registers_i/minstret_counter_i/counter_q_reg[10]/RD
                                2.00           3.16          -1.16  (VIOLATED)
       PIN :   ibex_top_inst/u_ibex_core/cs_registers_i/minstret_counter_i/counter_q_reg[42]/RD
                                2.00           3.16          -1.16  (VIOLATED)
       PIN :   ibex_top_inst/u_ibex_core/cs_registers_i/mcycle_counter_i/counter_q_reg[10]/RD
                                2.00           3.16          -1.16  (VIOLATED)
       PIN :   ibex_top_inst/u_ibex_core/cs_registers_i/mcycle_counter_i/counter_q_reg[42]/RD
                                2.00           3.16          -1.16  (VIOLATED)
       PIN :   ibex_top_inst/u_ibex_core/cs_registers_i/u_mtvec_csr/rdata_q_reg[10]/RD
                                2.00           3.16          -1.16  (VIOLATED)
       PIN :   ibex_top_inst/u_ibex_core/cs_registers_i/u_dscratch1_csr/rdata_q_reg[11]/RD
                                2.00           3.16          -1.16  (VIOLATED)
       PIN :   ibex_top_inst/u_ibex_core/cs_registers_i/u_dscratch0_csr/rdata_q_reg[11]/RD
                                2.00           3.16          -1.16  (VIOLATED)
       PIN :   ibex_top_inst/u_ibex_core/cs_registers_i/minstret_counter_i/counter_q_reg[11]/RD
                                2.00           3.16          -1.16  (VIOLATED)
       PIN :   ibex_top_inst/u_ibex_core/cs_registers_i/minstret_counter_i/counter_q_reg[43]/RD
                                2.00           3.16          -1.16  (VIOLATED)
       PIN :   ibex_top_inst/u_ibex_core/cs_registers_i/mcycle_counter_i/counter_q_reg[11]/RD
                                2.00           3.16          -1.16  (VIOLATED)
       PIN :   ibex_top_inst/u_ibex_core/cs_registers_i/mcycle_counter_i/counter_q_reg[43]/RD
                                2.00           3.16          -1.16  (VIOLATED)
       PIN :   ibex_top_inst/u_ibex_core/cs_registers_i/u_mtvec_csr/rdata_q_reg[11]/RD
                                2.00           3.16          -1.16  (VIOLATED)
       PIN :   ibex_top_inst/u_ibex_core/cs_registers_i/u_dscratch1_csr/rdata_q_reg[13]/RD
                                2.00           3.16          -1.16  (VIOLATED)
       PIN :   ibex_top_inst/u_ibex_core/cs_registers_i/u_dscratch0_csr/rdata_q_reg[13]/RD
                                2.00           3.16          -1.16  (VIOLATED)
       PIN :   ibex_top_inst/u_ibex_core/cs_registers_i/minstret_counter_i/counter_q_reg[13]/RD
                                2.00           3.16          -1.16  (VIOLATED)
       PIN :   ibex_top_inst/u_ibex_core/cs_registers_i/minstret_counter_i/counter_q_reg[45]/RD
                                2.00           3.16          -1.16  (VIOLATED)
       PIN :   ibex_top_inst/u_ibex_core/cs_registers_i/mcycle_counter_i/counter_q_reg[13]/RD
                                2.00           3.16          -1.16  (VIOLATED)
       PIN :   ibex_top_inst/u_ibex_core/cs_registers_i/mcycle_counter_i/counter_q_reg[45]/RD
                                2.00           3.16          -1.16  (VIOLATED)
       PIN :   ibex_top_inst/u_ibex_core/cs_registers_i/u_mtvec_csr/rdata_q_reg[13]/RD
                                2.00           3.16          -1.16  (VIOLATED)
       PIN :   ibex_top_inst/u_ibex_core/cs_registers_i/u_dscratch1_csr/rdata_q_reg[14]/RD
                                2.00           3.16          -1.16  (VIOLATED)
       PIN :   ibex_top_inst/u_ibex_core/cs_registers_i/u_dscratch0_csr/rdata_q_reg[14]/RD
                                2.00           3.16          -1.16  (VIOLATED)
       PIN :   ibex_top_inst/u_ibex_core/cs_registers_i/minstret_counter_i/counter_q_reg[14]/RD
                                2.00           3.16          -1.16  (VIOLATED)
       PIN :   ibex_top_inst/u_ibex_core/cs_registers_i/minstret_counter_i/counter_q_reg[46]/RD
                                2.00           3.16          -1.16  (VIOLATED)
       PIN :   ibex_top_inst/u_ibex_core/cs_registers_i/mcycle_counter_i/counter_q_reg[14]/RD
                                2.00           3.16          -1.16  (VIOLATED)
       PIN :   ibex_top_inst/u_ibex_core/cs_registers_i/mcycle_counter_i/counter_q_reg[46]/RD
                                2.00           3.16          -1.16  (VIOLATED)
       PIN :   ibex_top_inst/u_ibex_core/cs_registers_i/u_mtvec_csr/rdata_q_reg[14]/RD
                                2.00           3.16          -1.16  (VIOLATED)
       PIN :   ibex_top_inst/u_ibex_core/cs_registers_i/u_dscratch1_csr/rdata_q_reg[15]/RD
                                2.00           3.16          -1.16  (VIOLATED)
       PIN :   ibex_top_inst/u_ibex_core/cs_registers_i/u_dscratch0_csr/rdata_q_reg[15]/RD
                                2.00           3.16          -1.16  (VIOLATED)
       PIN :   ibex_top_inst/u_ibex_core/cs_registers_i/minstret_counter_i/counter_q_reg[15]/RD
                                2.00           3.16          -1.16  (VIOLATED)
       PIN :   ibex_top_inst/u_ibex_core/cs_registers_i/minstret_counter_i/counter_q_reg[47]/RD
                                2.00           3.16          -1.16  (VIOLATED)
       PIN :   ibex_top_inst/u_ibex_core/cs_registers_i/mcycle_counter_i/counter_q_reg[15]/RD
                                2.00           3.16          -1.16  (VIOLATED)
       PIN :   ibex_top_inst/u_ibex_core/cs_registers_i/mcycle_counter_i/counter_q_reg[47]/RD
                                2.00           3.16          -1.16  (VIOLATED)
       PIN :   ibex_top_inst/u_ibex_core/cs_registers_i/u_mtvec_csr/rdata_q_reg[15]/RD
                                2.00           3.16          -1.16  (VIOLATED)
       PIN :   ibex_top_inst/u_ibex_core/cs_registers_i/u_dscratch1_csr/rdata_q_reg[16]/RD
                                2.00           3.16          -1.16  (VIOLATED)
       PIN :   ibex_top_inst/u_ibex_core/cs_registers_i/u_dscratch0_csr/rdata_q_reg[16]/RD
                                2.00           3.16          -1.16  (VIOLATED)
       PIN :   ibex_top_inst/u_ibex_core/cs_registers_i/minstret_counter_i/counter_q_reg[16]/RD
                                2.00           3.16          -1.16  (VIOLATED)
       PIN :   ibex_top_inst/u_ibex_core/cs_registers_i/minstret_counter_i/counter_q_reg[48]/RD
                                2.00           3.16          -1.16  (VIOLATED)
       PIN :   ibex_top_inst/u_ibex_core/cs_registers_i/mcycle_counter_i/counter_q_reg[16]/RD
                                2.00           3.16          -1.16  (VIOLATED)
       PIN :   ibex_top_inst/u_ibex_core/cs_registers_i/mcycle_counter_i/counter_q_reg[48]/RD
                                2.00           3.16          -1.16  (VIOLATED)
       PIN :   ibex_top_inst/u_ibex_core/cs_registers_i/u_mtvec_csr/rdata_q_reg[16]/RD
                                2.00           3.16          -1.16  (VIOLATED)
       PIN :   ibex_top_inst/u_ibex_core/cs_registers_i/u_dscratch1_csr/rdata_q_reg[18]/RD
                                2.00           3.16          -1.16  (VIOLATED)
       PIN :   ibex_top_inst/u_ibex_core/cs_registers_i/u_dscratch0_csr/rdata_q_reg[18]/RD
                                2.00           3.16          -1.16  (VIOLATED)
       PIN :   ibex_top_inst/u_ibex_core/cs_registers_i/minstret_counter_i/counter_q_reg[18]/RD
                                2.00           3.16          -1.16  (VIOLATED)
       PIN :   ibex_top_inst/u_ibex_core/cs_registers_i/minstret_counter_i/counter_q_reg[50]/RD
                                2.00           3.16          -1.16  (VIOLATED)
       PIN :   ibex_top_inst/u_ibex_core/cs_registers_i/mcycle_counter_i/counter_q_reg[18]/RD
                                2.00           3.16          -1.16  (VIOLATED)
       PIN :   ibex_top_inst/u_ibex_core/cs_registers_i/mcycle_counter_i/counter_q_reg[50]/RD
                                2.00           3.16          -1.16  (VIOLATED)
       PIN :   ibex_top_inst/u_ibex_core/cs_registers_i/u_mtvec_csr/rdata_q_reg[18]/RD
                                2.00           3.16          -1.16  (VIOLATED)
       PIN :   ibex_top_inst/u_ibex_core/cs_registers_i/u_dscratch1_csr/rdata_q_reg[19]/RD
                                2.00           3.16          -1.16  (VIOLATED)
       PIN :   ibex_top_inst/u_ibex_core/cs_registers_i/u_dscratch0_csr/rdata_q_reg[19]/RD
                                2.00           3.16          -1.16  (VIOLATED)
       PIN :   ibex_top_inst/u_ibex_core/cs_registers_i/minstret_counter_i/counter_q_reg[19]/RD
                                2.00           3.16          -1.16  (VIOLATED)
       PIN :   ibex_top_inst/u_ibex_core/cs_registers_i/minstret_counter_i/counter_q_reg[51]/RD
                                2.00           3.16          -1.16  (VIOLATED)
       PIN :   ibex_top_inst/u_ibex_core/cs_registers_i/mcycle_counter_i/counter_q_reg[19]/RD
                                2.00           3.16          -1.16  (VIOLATED)
       PIN :   ibex_top_inst/u_ibex_core/cs_registers_i/mcycle_counter_i/counter_q_reg[51]/RD
                                2.00           3.16          -1.16  (VIOLATED)
       PIN :   ibex_top_inst/u_ibex_core/cs_registers_i/u_mtvec_csr/rdata_q_reg[19]/RD
                                2.00           3.16          -1.16  (VIOLATED)
       PIN :   ibex_top_inst/u_ibex_core/cs_registers_i/u_dscratch1_csr/rdata_q_reg[21]/RD
                                2.00           3.16          -1.16  (VIOLATED)
       PIN :   ibex_top_inst/u_ibex_core/cs_registers_i/u_dscratch0_csr/rdata_q_reg[21]/RD
                                2.00           3.16          -1.16  (VIOLATED)
       PIN :   ibex_top_inst/u_ibex_core/cs_registers_i/minstret_counter_i/counter_q_reg[21]/RD
                                2.00           3.16          -1.16  (VIOLATED)
       PIN :   ibex_top_inst/u_ibex_core/cs_registers_i/minstret_counter_i/counter_q_reg[53]/RD
                                2.00           3.16          -1.16  (VIOLATED)
       PIN :   ibex_top_inst/u_ibex_core/cs_registers_i/mcycle_counter_i/counter_q_reg[21]/RD
                                2.00           3.16          -1.16  (VIOLATED)
       PIN :   ibex_top_inst/u_ibex_core/cs_registers_i/mcycle_counter_i/counter_q_reg[53]/RD
                                2.00           3.16          -1.16  (VIOLATED)
       PIN :   ibex_top_inst/u_ibex_core/cs_registers_i/u_mtvec_csr/rdata_q_reg[21]/RD
                                2.00           3.16          -1.16  (VIOLATED)
       PIN :   ibex_top_inst/u_ibex_core/cs_registers_i/u_dscratch1_csr/rdata_q_reg[22]/RD
                                2.00           3.16          -1.16  (VIOLATED)
       PIN :   ibex_top_inst/u_ibex_core/cs_registers_i/u_dscratch0_csr/rdata_q_reg[22]/RD
                                2.00           3.16          -1.16  (VIOLATED)
       PIN :   ibex_top_inst/u_ibex_core/cs_registers_i/minstret_counter_i/counter_q_reg[22]/RD
                                2.00           3.16          -1.16  (VIOLATED)
       PIN :   ibex_top_inst/u_ibex_core/cs_registers_i/minstret_counter_i/counter_q_reg[54]/RD
                                2.00           3.16          -1.16  (VIOLATED)
       PIN :   ibex_top_inst/u_ibex_core/cs_registers_i/mcycle_counter_i/counter_q_reg[22]/RD
                                2.00           3.16          -1.16  (VIOLATED)
       PIN :   ibex_top_inst/u_ibex_core/cs_registers_i/mcycle_counter_i/counter_q_reg[54]/RD
                                2.00           3.16          -1.16  (VIOLATED)
       PIN :   ibex_top_inst/u_ibex_core/cs_registers_i/u_mtvec_csr/rdata_q_reg[22]/RD
                                2.00           3.16          -1.16  (VIOLATED)
       PIN :   ibex_top_inst/u_ibex_core/cs_registers_i/u_dscratch1_csr/rdata_q_reg[23]/RD
                                2.00           3.16          -1.16  (VIOLATED)
       PIN :   ibex_top_inst/u_ibex_core/cs_registers_i/u_dscratch0_csr/rdata_q_reg[23]/RD
                                2.00           3.16          -1.16  (VIOLATED)
       PIN :   ibex_top_inst/u_ibex_core/cs_registers_i/minstret_counter_i/counter_q_reg[23]/RD
                                2.00           3.16          -1.16  (VIOLATED)
       PIN :   ibex_top_inst/u_ibex_core/cs_registers_i/minstret_counter_i/counter_q_reg[55]/RD
                                2.00           3.16          -1.16  (VIOLATED)
       PIN :   ibex_top_inst/u_ibex_core/cs_registers_i/mcycle_counter_i/counter_q_reg[23]/RD
                                2.00           3.16          -1.16  (VIOLATED)
       PIN :   ibex_top_inst/u_ibex_core/cs_registers_i/mcycle_counter_i/counter_q_reg[55]/RD
                                2.00           3.16          -1.16  (VIOLATED)
       PIN :   ibex_top_inst/u_ibex_core/cs_registers_i/u_mtvec_csr/rdata_q_reg[23]/RD
                                2.00           3.16          -1.16  (VIOLATED)
       PIN :   ibex_top_inst/u_ibex_core/cs_registers_i/u_dscratch1_csr/rdata_q_reg[24]/RD
                                2.00           3.16          -1.16  (VIOLATED)
       PIN :   ibex_top_inst/u_ibex_core/cs_registers_i/u_dscratch0_csr/rdata_q_reg[24]/RD
                                2.00           3.16          -1.16  (VIOLATED)
       PIN :   ibex_top_inst/u_ibex_core/cs_registers_i/minstret_counter_i/counter_q_reg[24]/RD
                                2.00           3.16          -1.16  (VIOLATED)
       PIN :   ibex_top_inst/u_ibex_core/cs_registers_i/minstret_counter_i/counter_q_reg[56]/RD
                                2.00           3.16          -1.16  (VIOLATED)
       PIN :   ibex_top_inst/u_ibex_core/cs_registers_i/mcycle_counter_i/counter_q_reg[24]/RD
                                2.00           3.16          -1.16  (VIOLATED)
       PIN :   ibex_top_inst/u_ibex_core/cs_registers_i/mcycle_counter_i/counter_q_reg[56]/RD
                                2.00           3.16          -1.16  (VIOLATED)
       PIN :   ibex_top_inst/u_ibex_core/cs_registers_i/u_mtvec_csr/rdata_q_reg[24]/RD
                                2.00           3.16          -1.16  (VIOLATED)
       PIN :   ibex_top_inst/u_ibex_core/cs_registers_i/u_dscratch0_csr/rdata_q_reg[25]/RD
                                2.00           3.16          -1.16  (VIOLATED)
       PIN :   ibex_top_inst/u_ibex_core/cs_registers_i/minstret_counter_i/counter_q_reg[25]/RD
                                2.00           3.16          -1.16  (VIOLATED)
       PIN :   ibex_top_inst/u_ibex_core/cs_registers_i/minstret_counter_i/counter_q_reg[57]/RD
                                2.00           3.16          -1.16  (VIOLATED)
       PIN :   ibex_top_inst/u_ibex_core/cs_registers_i/mcycle_counter_i/counter_q_reg[25]/RD
                                2.00           3.16          -1.16  (VIOLATED)
       PIN :   ibex_top_inst/u_ibex_core/cs_registers_i/mcycle_counter_i/counter_q_reg[57]/RD
                                2.00           3.16          -1.16  (VIOLATED)
       PIN :   ibex_top_inst/u_ibex_core/cs_registers_i/u_mtvec_csr/rdata_q_reg[25]/RD
                                2.00           3.16          -1.16  (VIOLATED)
       PIN :   ibex_top_inst/u_ibex_core/cs_registers_i/u_dscratch0_csr/rdata_q_reg[26]/RD
                                2.00           3.16          -1.16  (VIOLATED)
       PIN :   ibex_top_inst/u_ibex_core/cs_registers_i/minstret_counter_i/counter_q_reg[26]/RD
                                2.00           3.16          -1.16  (VIOLATED)
       PIN :   ibex_top_inst/u_ibex_core/cs_registers_i/minstret_counter_i/counter_q_reg[58]/RD
                                2.00           3.16          -1.16  (VIOLATED)
       PIN :   ibex_top_inst/u_ibex_core/cs_registers_i/mcycle_counter_i/counter_q_reg[26]/RD
                                2.00           3.16          -1.16  (VIOLATED)
       PIN :   ibex_top_inst/u_ibex_core/cs_registers_i/mcycle_counter_i/counter_q_reg[58]/RD
                                2.00           3.16          -1.16  (VIOLATED)
       PIN :   ibex_top_inst/u_ibex_core/cs_registers_i/u_mtvec_csr/rdata_q_reg[26]/RD
                                2.00           3.16          -1.16  (VIOLATED)
       PIN :   ibex_top_inst/u_ibex_core/cs_registers_i/u_dscratch0_csr/rdata_q_reg[27]/RD
                                2.00           3.16          -1.16  (VIOLATED)
       PIN :   ibex_top_inst/u_ibex_core/cs_registers_i/minstret_counter_i/counter_q_reg[27]/RD
                                2.00           3.16          -1.16  (VIOLATED)
       PIN :   ibex_top_inst/u_ibex_core/cs_registers_i/minstret_counter_i/counter_q_reg[59]/RD
                                2.00           3.16          -1.16  (VIOLATED)
       PIN :   ibex_top_inst/u_ibex_core/cs_registers_i/mcycle_counter_i/counter_q_reg[27]/RD
                                2.00           3.16          -1.16  (VIOLATED)
       PIN :   ibex_top_inst/u_ibex_core/cs_registers_i/mcycle_counter_i/counter_q_reg[59]/RD
                                2.00           3.16          -1.16  (VIOLATED)
       PIN :   ibex_top_inst/u_ibex_core/cs_registers_i/u_mtvec_csr/rdata_q_reg[27]/RD
                                2.00           3.16          -1.16  (VIOLATED)
       PIN :   ibex_top_inst/u_ibex_core/cs_registers_i/u_dscratch0_csr/rdata_q_reg[28]/RD
                                2.00           3.16          -1.16  (VIOLATED)
       PIN :   ibex_top_inst/u_ibex_core/cs_registers_i/minstret_counter_i/counter_q_reg[28]/RD
                                2.00           3.16          -1.16  (VIOLATED)
       PIN :   ibex_top_inst/u_ibex_core/cs_registers_i/minstret_counter_i/counter_q_reg[60]/RD
                                2.00           3.16          -1.16  (VIOLATED)
       PIN :   ibex_top_inst/u_ibex_core/cs_registers_i/mcycle_counter_i/counter_q_reg[28]/RD
                                2.00           3.16          -1.16  (VIOLATED)
       PIN :   ibex_top_inst/u_ibex_core/cs_registers_i/mcycle_counter_i/counter_q_reg[60]/RD
                                2.00           3.16          -1.16  (VIOLATED)
       PIN :   ibex_top_inst/u_ibex_core/cs_registers_i/u_mtvec_csr/rdata_q_reg[28]/RD
                                2.00           3.16          -1.16  (VIOLATED)
       PIN :   ibex_top_inst/u_ibex_core/cs_registers_i/u_dscratch0_csr/rdata_q_reg[29]/RD
                                2.00           3.16          -1.16  (VIOLATED)
       PIN :   ibex_top_inst/u_ibex_core/cs_registers_i/minstret_counter_i/counter_q_reg[29]/RD
                                2.00           3.16          -1.16  (VIOLATED)
       PIN :   ibex_top_inst/u_ibex_core/cs_registers_i/minstret_counter_i/counter_q_reg[61]/RD
                                2.00           3.16          -1.16  (VIOLATED)
       PIN :   ibex_top_inst/u_ibex_core/cs_registers_i/mcycle_counter_i/counter_q_reg[29]/RD
                                2.00           3.16          -1.16  (VIOLATED)
       PIN :   ibex_top_inst/u_ibex_core/cs_registers_i/mcycle_counter_i/counter_q_reg[61]/RD
                                2.00           3.16          -1.16  (VIOLATED)
       PIN :   ibex_top_inst/u_ibex_core/cs_registers_i/u_mtvec_csr/rdata_q_reg[29]/RD
                                2.00           3.16          -1.16  (VIOLATED)
       PIN :   ibex_top_inst/u_ibex_core/cs_registers_i/u_dscratch1_csr/rdata_q_reg[2]/RD
                                2.00           3.16          -1.16  (VIOLATED)
       PIN :   ibex_top_inst/u_ibex_core/cs_registers_i/u_dscratch0_csr/rdata_q_reg[2]/RD
                                2.00           3.16          -1.16  (VIOLATED)
       PIN :   ibex_top_inst/u_ibex_core/cs_registers_i/minstret_counter_i/counter_q_reg[2]/RD
                                2.00           3.16          -1.16  (VIOLATED)
       PIN :   ibex_top_inst/u_ibex_core/cs_registers_i/minstret_counter_i/counter_q_reg[34]/RD
                                2.00           3.16          -1.16  (VIOLATED)
       PIN :   ibex_top_inst/u_ibex_core/cs_registers_i/mcycle_counter_i/counter_q_reg[2]/RD
                                2.00           3.16          -1.16  (VIOLATED)
       PIN :   ibex_top_inst/u_ibex_core/cs_registers_i/mcycle_counter_i/counter_q_reg[34]/RD
                                2.00           3.16          -1.16  (VIOLATED)
       PIN :   ibex_top_inst/u_ibex_core/cs_registers_i/u_mcause_csr/rdata_q_reg[3]/RD
                                2.00           3.16          -1.16  (VIOLATED)
       PIN :   ibex_top_inst/u_ibex_core/cs_registers_i/u_mie_csr/rdata_q_reg[16]/RD
                                2.00           3.16          -1.16  (VIOLATED)
       PIN :   ibex_top_inst/u_ibex_core/cs_registers_i/u_dscratch1_csr/rdata_q_reg[7]/RD
                                2.00           3.16          -1.16  (VIOLATED)
       PIN :   ibex_top_inst/u_ibex_core/cs_registers_i/u_dscratch0_csr/rdata_q_reg[7]/RD
                                2.00           3.16          -1.16  (VIOLATED)
       PIN :   ibex_top_inst/u_ibex_core/cs_registers_i/u_mscratch_csr/rdata_q_reg[7]/RD
                                2.00           3.16          -1.16  (VIOLATED)
       PIN :   ibex_top_inst/u_ibex_core/cs_registers_i/u_mtval_csr/rdata_q_reg[7]/RD
                                2.00           3.16          -1.16  (VIOLATED)
       PIN :   ibex_top_inst/u_ibex_core/cs_registers_i/minstret_counter_i/counter_q_reg[7]/RD
                                2.00           3.16          -1.16  (VIOLATED)
       PIN :   ibex_top_inst/u_ibex_core/cs_registers_i/minstret_counter_i/counter_q_reg[39]/RD
                                2.00           3.16          -1.16  (VIOLATED)
       PIN :   ibex_top_inst/u_ibex_core/cs_registers_i/mcycle_counter_i/counter_q_reg[7]/RD
                                2.00           3.16          -1.16  (VIOLATED)
       PIN :   ibex_top_inst/u_ibex_core/cs_registers_i/mcycle_counter_i/counter_q_reg[39]/RD
                                2.00           3.16          -1.16  (VIOLATED)
       PIN :   ibex_top_inst/u_ibex_core/cs_registers_i/u_dscratch1_csr/rdata_q_reg[3]/RD
                                2.00           3.16          -1.16  (VIOLATED)
       PIN :   ibex_top_inst/u_ibex_core/cs_registers_i/u_dscratch0_csr/rdata_q_reg[3]/RD
                                2.00           3.16          -1.16  (VIOLATED)
       PIN :   ibex_top_inst/u_ibex_core/cs_registers_i/minstret_counter_i/counter_q_reg[3]/RD
                                2.00           3.16          -1.16  (VIOLATED)
       PIN :   ibex_top_inst/u_ibex_core/cs_registers_i/minstret_counter_i/counter_q_reg[35]/RD
                                2.00           3.16          -1.16  (VIOLATED)
       PIN :   ibex_top_inst/u_ibex_core/cs_registers_i/mcycle_counter_i/counter_q_reg[3]/RD
                                2.00           3.16          -1.16  (VIOLATED)
       PIN :   ibex_top_inst/u_ibex_core/cs_registers_i/mcycle_counter_i/counter_q_reg[35]/RD
                                2.00           3.16          -1.16  (VIOLATED)
       PIN :   ibex_top_inst/u_ibex_core/cs_registers_i/u_mcause_csr/rdata_q_reg[4]/RD
                                2.00           3.16          -1.16  (VIOLATED)
       PIN :   ibex_top_inst/u_ibex_core/cs_registers_i/u_dscratch1_csr/rdata_q_reg[4]/RD
                                2.00           3.16          -1.16  (VIOLATED)
       PIN :   ibex_top_inst/u_ibex_core/cs_registers_i/u_dscratch0_csr/rdata_q_reg[4]/RD
                                2.00           3.16          -1.16  (VIOLATED)
       PIN :   ibex_top_inst/u_ibex_core/cs_registers_i/minstret_counter_i/counter_q_reg[4]/RD
                                2.00           3.16          -1.16  (VIOLATED)
       PIN :   ibex_top_inst/u_ibex_core/cs_registers_i/minstret_counter_i/counter_q_reg[36]/RD
                                2.00           3.16          -1.16  (VIOLATED)
       PIN :   ibex_top_inst/u_ibex_core/cs_registers_i/mcycle_counter_i/counter_q_reg[4]/RD
                                2.00           3.16          -1.16  (VIOLATED)
       PIN :   ibex_top_inst/u_ibex_core/cs_registers_i/mcycle_counter_i/counter_q_reg[36]/RD
                                2.00           3.16          -1.16  (VIOLATED)
       PIN :   ibex_top_inst/u_ibex_core/cs_registers_i/u_mstatus_csr/rdata_q_reg[1]/RD
                                2.00           3.16          -1.16  (VIOLATED)
       PIN :   ibex_top_inst/u_ibex_core/cs_registers_i/u_dscratch1_csr/rdata_q_reg[17]/RD
                                2.00           3.16          -1.16  (VIOLATED)
       PIN :   ibex_top_inst/u_ibex_core/cs_registers_i/u_dscratch0_csr/rdata_q_reg[17]/RD
                                2.00           3.16          -1.16  (VIOLATED)
       PIN :   ibex_top_inst/u_ibex_core/cs_registers_i/minstret_counter_i/counter_q_reg[17]/RD
                                2.00           3.16          -1.16  (VIOLATED)
       PIN :   ibex_top_inst/u_ibex_core/cs_registers_i/minstret_counter_i/counter_q_reg[49]/RD
                                2.00           3.16          -1.16  (VIOLATED)
       PIN :   ibex_top_inst/u_ibex_core/cs_registers_i/mcycle_counter_i/counter_q_reg[17]/RD
                                2.00           3.16          -1.16  (VIOLATED)
       PIN :   ibex_top_inst/u_ibex_core/cs_registers_i/mcycle_counter_i/counter_q_reg[49]/RD
                                2.00           3.16          -1.16  (VIOLATED)
       PIN :   ibex_top_inst/u_ibex_core/cs_registers_i/u_mtvec_csr/rdata_q_reg[17]/RD
                                2.00           3.16          -1.16  (VIOLATED)
       PIN :   ibex_top_inst/u_ibex_core/cs_registers_i/minstret_counter_i/counter_q_reg[12]/RD
                                2.00           3.16          -1.16  (VIOLATED)
       PIN :   ibex_top_inst/u_ibex_core/cs_registers_i/minstret_counter_i/counter_q_reg[44]/RD
                                2.00           3.16          -1.16  (VIOLATED)
       PIN :   ibex_top_inst/u_ibex_core/cs_registers_i/mcycle_counter_i/counter_q_reg[12]/RD
                                2.00           3.16          -1.16  (VIOLATED)
       PIN :   ibex_top_inst/u_ibex_core/cs_registers_i/mcycle_counter_i/counter_q_reg[44]/RD
                                2.00           3.16          -1.16  (VIOLATED)
       PIN :   ibex_top_inst/u_ibex_core/cs_registers_i/u_mtvec_csr/rdata_q_reg[12]/RD
                                2.00           3.16          -1.16  (VIOLATED)
       PIN :   ibex_top_inst/u_ibex_core/cs_registers_i/u_dscratch1_csr/rdata_q_reg[20]/RD
                                2.00           3.16          -1.16  (VIOLATED)
       PIN :   ibex_top_inst/u_ibex_core/cs_registers_i/u_dscratch0_csr/rdata_q_reg[20]/RD
                                2.00           3.16          -1.16  (VIOLATED)
       PIN :   ibex_top_inst/u_ibex_core/cs_registers_i/minstret_counter_i/counter_q_reg[20]/RD
                                2.00           3.16          -1.16  (VIOLATED)
       PIN :   ibex_top_inst/u_ibex_core/cs_registers_i/minstret_counter_i/counter_q_reg[52]/RD
                                2.00           3.16          -1.16  (VIOLATED)
       PIN :   ibex_top_inst/u_ibex_core/cs_registers_i/mcycle_counter_i/counter_q_reg[20]/RD
                                2.00           3.16          -1.16  (VIOLATED)
       PIN :   ibex_top_inst/u_ibex_core/cs_registers_i/mcycle_counter_i/counter_q_reg[52]/RD
                                2.00           3.16          -1.16  (VIOLATED)
       PIN :   ibex_top_inst/u_ibex_core/cs_registers_i/u_mtvec_csr/rdata_q_reg[20]/RD
                                2.00           3.16          -1.16  (VIOLATED)
       PIN :   ibex_top_inst/u_ibex_core/cs_registers_i/minstret_counter_i/counter_q_reg[30]/RD
                                2.00           3.16          -1.16  (VIOLATED)
       PIN :   ibex_top_inst/u_ibex_core/cs_registers_i/minstret_counter_i/counter_q_reg[62]/RD
                                2.00           3.16          -1.16  (VIOLATED)
       PIN :   ibex_top_inst/u_ibex_core/cs_registers_i/mcycle_counter_i/counter_q_reg[30]/RD
                                2.00           3.16          -1.16  (VIOLATED)
       PIN :   ibex_top_inst/u_ibex_core/cs_registers_i/mcycle_counter_i/counter_q_reg[62]/RD
                                2.00           3.16          -1.16  (VIOLATED)
       PIN :   ibex_top_inst/u_ibex_core/cs_registers_i/u_mtvec_csr/rdata_q_reg[30]/RD
                                2.00           3.16          -1.16  (VIOLATED)
       PIN :   ibex_top_inst/u_ibex_core/cs_registers_i/minstret_counter_i/counter_q_reg[31]/RD
                                2.00           3.16          -1.16  (VIOLATED)
       PIN :   ibex_top_inst/u_ibex_core/cs_registers_i/minstret_counter_i/counter_q_reg[63]/RD
                                2.00           3.16          -1.16  (VIOLATED)
       PIN :   ibex_top_inst/u_ibex_core/cs_registers_i/mcycle_counter_i/counter_q_reg[31]/RD
                                2.00           3.16          -1.16  (VIOLATED)
       PIN :   ibex_top_inst/u_ibex_core/cs_registers_i/mcycle_counter_i/counter_q_reg[63]/RD
                                2.00           3.16          -1.16  (VIOLATED)
       PIN :   ibex_top_inst/u_ibex_core/cs_registers_i/u_mtvec_csr/rdata_q_reg[31]/RD
                                2.00           3.16          -1.16  (VIOLATED)
       PIN :   ibex_top_inst/u_ibex_core/cs_registers_i/u_mcause_csr/rdata_q_reg[5]/RD
                                2.00           3.16          -1.16  (VIOLATED)
       PIN :   ibex_top_inst/u_ibex_core/if_stage_i/gen_prefetch_buffer.prefetch_buffer_i/valid_req_q_reg/RD
                                2.00           3.16          -1.16  (VIOLATED)
       PIN :   ibex_top_inst/u_ibex_core/load_store_unit_i/ls_fsm_cs_reg[1]/RD
                                2.00           3.16          -1.16  (VIOLATED)
       PIN :   ibex_top_inst/u_ibex_core/load_store_unit_i/rdata_offset_q_reg[0]/RD
                                2.00           3.16          -1.16  (VIOLATED)
       PIN :   ibex_top_inst/u_ibex_core/load_store_unit_i/handle_misaligned_q_reg/RD
                                2.00           3.16          -1.16  (VIOLATED)
       PIN :   ibex_top_inst/u_ibex_core/id_stage_i/controller_i/nmi_mode_q_reg/RD
                                2.00           3.16          -1.16  (VIOLATED)
       PIN :   ibex_top_inst/u_ibex_core/wb_stage_i/g_writeback_stage.wb_valid_q_reg/RD
                                2.00           3.16          -1.16  (VIOLATED)
       PIN :   ibex_top_inst/u_ibex_core/ex_block_i/gen_multdiv_fast.multdiv_i/op_quotient_q_reg[27]/RD
                                2.00           3.16          -1.16  (VIOLATED)
       PIN :   ibex_top_inst/u_ibex_core/id_stage_i/controller_i/debug_mode_q_reg/RD
                                2.00           3.16          -1.16  (VIOLATED)
       PIN :   ibex_top_inst/u_ibex_core/ex_block_i/gen_multdiv_fast.multdiv_i/op_quotient_q_reg[30]/RD
                                2.00           3.16          -1.16  (VIOLATED)
       PIN :   ibex_top_inst/u_ibex_core/ex_block_i/gen_multdiv_fast.multdiv_i/op_quotient_q_reg[29]/RD
                                2.00           3.16          -1.16  (VIOLATED)
       PIN :   ibex_top_inst/u_ibex_core/ex_block_i/gen_multdiv_fast.multdiv_i/op_quotient_q_reg[28]/RD
                                2.00           3.16          -1.16  (VIOLATED)
       PIN :   ibex_top_inst/u_ibex_core/ex_block_i/gen_multdiv_fast.multdiv_i/op_quotient_q_reg[26]/RD
                                2.00           3.16          -1.16  (VIOLATED)
       PIN :   ibex_top_inst/u_ibex_core/ex_block_i/gen_multdiv_fast.multdiv_i/op_quotient_q_reg[25]/RD
                                2.00           3.16          -1.16  (VIOLATED)
       PIN :   ibex_top_inst/u_ibex_core/ex_block_i/gen_multdiv_fast.multdiv_i/op_quotient_q_reg[24]/RD
                                2.00           3.16          -1.16  (VIOLATED)
       PIN :   ibex_top_inst/u_ibex_core/ex_block_i/gen_multdiv_fast.multdiv_i/op_quotient_q_reg[23]/RD
                                2.00           3.16          -1.16  (VIOLATED)
       PIN :   ibex_top_inst/u_ibex_core/ex_block_i/gen_multdiv_fast.multdiv_i/op_quotient_q_reg[22]/RD
                                2.00           3.16          -1.16  (VIOLATED)
       PIN :   ibex_top_inst/u_ibex_core/ex_block_i/gen_multdiv_fast.multdiv_i/op_quotient_q_reg[21]/RD
                                2.00           3.16          -1.16  (VIOLATED)
       PIN :   ibex_top_inst/u_ibex_core/ex_block_i/gen_multdiv_fast.multdiv_i/op_quotient_q_reg[20]/RD
                                2.00           3.16          -1.16  (VIOLATED)
       PIN :   ibex_top_inst/u_ibex_core/ex_block_i/gen_multdiv_fast.multdiv_i/op_quotient_q_reg[18]/RD
                                2.00           3.16          -1.16  (VIOLATED)
       PIN :   ibex_top_inst/u_ibex_core/ex_block_i/gen_multdiv_fast.multdiv_i/op_quotient_q_reg[17]/RD
                                2.00           3.16          -1.16  (VIOLATED)
       PIN :   ibex_top_inst/u_ibex_core/ex_block_i/gen_multdiv_fast.multdiv_i/op_quotient_q_reg[16]/RD
                                2.00           3.16          -1.16  (VIOLATED)
       PIN :   ibex_top_inst/u_ibex_core/ex_block_i/gen_multdiv_fast.multdiv_i/op_quotient_q_reg[14]/RD
                                2.00           3.16          -1.16  (VIOLATED)
       PIN :   ibex_top_inst/u_ibex_core/ex_block_i/gen_multdiv_fast.multdiv_i/op_quotient_q_reg[13]/RD
                                2.00           3.16          -1.16  (VIOLATED)
       PIN :   ibex_top_inst/u_ibex_core/ex_block_i/gen_multdiv_fast.multdiv_i/op_quotient_q_reg[12]/RD
                                2.00           3.16          -1.16  (VIOLATED)
       PIN :   ibex_top_inst/u_ibex_core/ex_block_i/gen_multdiv_fast.multdiv_i/op_quotient_q_reg[11]/RD
                                2.00           3.16          -1.16  (VIOLATED)
       PIN :   ibex_top_inst/u_ibex_core/ex_block_i/gen_multdiv_fast.multdiv_i/op_quotient_q_reg[10]/RD
                                2.00           3.16          -1.16  (VIOLATED)
       PIN :   ibex_top_inst/u_ibex_core/ex_block_i/gen_multdiv_fast.multdiv_i/op_quotient_q_reg[9]/RD
                                2.00           3.16          -1.16  (VIOLATED)
       PIN :   ibex_top_inst/u_ibex_core/ex_block_i/gen_multdiv_fast.multdiv_i/op_quotient_q_reg[8]/RD
                                2.00           3.16          -1.16  (VIOLATED)
       PIN :   ibex_top_inst/u_ibex_core/ex_block_i/gen_multdiv_fast.multdiv_i/op_quotient_q_reg[6]/RD
                                2.00           3.16          -1.16  (VIOLATED)
       PIN :   ibex_top_inst/u_ibex_core/ex_block_i/gen_multdiv_fast.multdiv_i/op_quotient_q_reg[5]/RD
                                2.00           3.16          -1.16  (VIOLATED)
       PIN :   ibex_top_inst/u_ibex_core/ex_block_i/gen_multdiv_fast.multdiv_i/op_quotient_q_reg[4]/RD
                                2.00           3.16          -1.16  (VIOLATED)
       PIN :   ibex_top_inst/u_ibex_core/ex_block_i/gen_multdiv_fast.multdiv_i/op_quotient_q_reg[3]/RD
                                2.00           3.16          -1.16  (VIOLATED)
       PIN :   ibex_top_inst/u_ibex_core/ex_block_i/gen_multdiv_fast.multdiv_i/op_quotient_q_reg[1]/RD
                                2.00           3.16          -1.16  (VIOLATED)
       PIN :   ibex_top_inst/u_ibex_core/ex_block_i/gen_multdiv_fast.multdiv_i/op_quotient_q_reg[0]/RD
                                2.00           3.16          -1.16  (VIOLATED)
       PIN :   ibex_top_inst/u_ibex_core/ex_block_i/gen_multdiv_fast.multdiv_i/div_counter_q_reg[3]/RD
                                2.00           3.16          -1.16  (VIOLATED)
       PIN :   ibex_top_inst/u_ibex_core/ex_block_i/gen_multdiv_fast.multdiv_i/div_counter_q_reg[4]/RD
                                2.00           3.16          -1.16  (VIOLATED)
       PIN :   ibex_top_inst/u_ibex_core/ex_block_i/gen_multdiv_fast.multdiv_i/div_by_zero_q_reg/RD
                                2.00           3.16          -1.16  (VIOLATED)
       PIN :   ibex_top_inst/u_ibex_core/ex_block_i/gen_multdiv_fast.multdiv_i/op_numerator_q_reg[31]/RD
                                2.00           3.16          -1.16  (VIOLATED)
       PIN :   ibex_top_inst/u_ibex_core/ex_block_i/gen_multdiv_fast.multdiv_i/op_numerator_q_reg[30]/RD
                                2.00           3.16          -1.16  (VIOLATED)
       PIN :   ibex_top_inst/u_ibex_core/ex_block_i/gen_multdiv_fast.multdiv_i/op_numerator_q_reg[29]/RD
                                2.00           3.16          -1.16  (VIOLATED)
       PIN :   ibex_top_inst/u_ibex_core/ex_block_i/gen_multdiv_fast.multdiv_i/op_numerator_q_reg[28]/RD
                                2.00           3.16          -1.16  (VIOLATED)
       PIN :   ibex_top_inst/u_ibex_core/ex_block_i/gen_multdiv_fast.multdiv_i/op_numerator_q_reg[27]/RD
                                2.00           3.16          -1.16  (VIOLATED)
       PIN :   ibex_top_inst/u_ibex_core/ex_block_i/gen_multdiv_fast.multdiv_i/op_numerator_q_reg[26]/RD
                                2.00           3.16          -1.16  (VIOLATED)
       PIN :   ibex_top_inst/u_ibex_core/ex_block_i/gen_multdiv_fast.multdiv_i/op_numerator_q_reg[25]/RD
                                2.00           3.16          -1.16  (VIOLATED)
       PIN :   ibex_top_inst/u_ibex_core/ex_block_i/gen_multdiv_fast.multdiv_i/op_numerator_q_reg[24]/RD
                                2.00           3.16          -1.16  (VIOLATED)
       PIN :   ibex_top_inst/u_ibex_core/ex_block_i/gen_multdiv_fast.multdiv_i/op_numerator_q_reg[23]/RD
                                2.00           3.16          -1.16  (VIOLATED)
       PIN :   ibex_top_inst/u_ibex_core/ex_block_i/gen_multdiv_fast.multdiv_i/op_numerator_q_reg[21]/RD
                                2.00           3.16          -1.16  (VIOLATED)
       PIN :   ibex_top_inst/u_ibex_core/ex_block_i/gen_multdiv_fast.multdiv_i/op_numerator_q_reg[20]/RD
                                2.00           3.16          -1.16  (VIOLATED)
       PIN :   ibex_top_inst/u_ibex_core/ex_block_i/gen_multdiv_fast.multdiv_i/op_numerator_q_reg[19]/RD
                                2.00           3.16          -1.16  (VIOLATED)
       PIN :   ibex_top_inst/u_ibex_core/ex_block_i/gen_multdiv_fast.multdiv_i/op_numerator_q_reg[18]/RD
                                2.00           3.16          -1.16  (VIOLATED)
       PIN :   ibex_top_inst/u_ibex_core/ex_block_i/gen_multdiv_fast.multdiv_i/op_numerator_q_reg[17]/RD
                                2.00           3.16          -1.16  (VIOLATED)
       PIN :   ibex_top_inst/u_ibex_core/ex_block_i/gen_multdiv_fast.multdiv_i/op_numerator_q_reg[16]/RD
                                2.00           3.16          -1.16  (VIOLATED)
       PIN :   ibex_top_inst/u_ibex_core/ex_block_i/gen_multdiv_fast.multdiv_i/op_numerator_q_reg[15]/RD
                                2.00           3.16          -1.16  (VIOLATED)
       PIN :   ibex_top_inst/u_ibex_core/ex_block_i/gen_multdiv_fast.multdiv_i/op_numerator_q_reg[14]/RD
                                2.00           3.16          -1.16  (VIOLATED)
       PIN :   ibex_top_inst/u_ibex_core/ex_block_i/gen_multdiv_fast.multdiv_i/op_numerator_q_reg[13]/RD
                                2.00           3.16          -1.16  (VIOLATED)
       PIN :   ibex_top_inst/u_ibex_core/ex_block_i/gen_multdiv_fast.multdiv_i/op_numerator_q_reg[12]/RD
                                2.00           3.16          -1.16  (VIOLATED)
       PIN :   ibex_top_inst/u_ibex_core/ex_block_i/gen_multdiv_fast.multdiv_i/op_numerator_q_reg[11]/RD
                                2.00           3.16          -1.16  (VIOLATED)
       PIN :   ibex_top_inst/u_ibex_core/ex_block_i/gen_multdiv_fast.multdiv_i/op_numerator_q_reg[10]/RD
                                2.00           3.16          -1.16  (VIOLATED)
       PIN :   ibex_top_inst/u_ibex_core/ex_block_i/gen_multdiv_fast.multdiv_i/op_numerator_q_reg[9]/RD
                                2.00           3.16          -1.16  (VIOLATED)
       PIN :   ibex_top_inst/u_ibex_core/ex_block_i/gen_multdiv_fast.multdiv_i/op_numerator_q_reg[8]/RD
                                2.00           3.16          -1.16  (VIOLATED)
       PIN :   ibex_top_inst/u_ibex_core/ex_block_i/gen_multdiv_fast.multdiv_i/op_numerator_q_reg[6]/RD
                                2.00           3.16          -1.16  (VIOLATED)
       PIN :   ibex_top_inst/u_ibex_core/ex_block_i/gen_multdiv_fast.multdiv_i/op_numerator_q_reg[5]/RD
                                2.00           3.16          -1.16  (VIOLATED)
       PIN :   ibex_top_inst/u_ibex_core/ex_block_i/gen_multdiv_fast.multdiv_i/op_numerator_q_reg[4]/RD
                                2.00           3.16          -1.16  (VIOLATED)
       PIN :   ibex_top_inst/u_ibex_core/ex_block_i/gen_multdiv_fast.multdiv_i/op_numerator_q_reg[3]/RD
                                2.00           3.16          -1.16  (VIOLATED)
       PIN :   ibex_top_inst/u_ibex_core/ex_block_i/gen_multdiv_fast.multdiv_i/op_numerator_q_reg[2]/RD
                                2.00           3.16          -1.16  (VIOLATED)
       PIN :   ibex_top_inst/u_ibex_core/ex_block_i/gen_multdiv_fast.multdiv_i/op_numerator_q_reg[1]/RD
                                2.00           3.16          -1.16  (VIOLATED)
       PIN :   ibex_top_inst/u_ibex_core/ex_block_i/gen_multdiv_fast.multdiv_i/op_numerator_q_reg[0]/RD
                                2.00           3.16          -1.16  (VIOLATED)
       PIN :   ibex_top_inst/u_ibex_core/load_store_unit_i/data_type_q_reg[1]/RD
                                2.00           3.16          -1.16  (VIOLATED)
       PIN :   ibex_top_inst/u_ibex_core/load_store_unit_i/data_sign_ext_q_reg/RD
                                2.00           3.16          -1.16  (VIOLATED)
       PIN :   ibex_top_inst/u_ibex_core/load_store_unit_i/data_we_q_reg/RD
                                2.00           3.16          -1.16  (VIOLATED)
       PIN :   ibex_top_inst/u_ibex_core/id_stage_i/imd_val_q_reg[1][30]/RD
                                2.00           3.16          -1.16  (VIOLATED)
       PIN :   ibex_top_inst/u_ibex_core/id_stage_i/imd_val_q_reg[1][29]/RD
                                2.00           3.16          -1.16  (VIOLATED)
       PIN :   ibex_top_inst/u_ibex_core/id_stage_i/imd_val_q_reg[1][28]/RD
                                2.00           3.16          -1.16  (VIOLATED)
       PIN :   ibex_top_inst/u_ibex_core/id_stage_i/imd_val_q_reg[1][27]/RD
                                2.00           3.16          -1.16  (VIOLATED)
       PIN :   ibex_top_inst/u_ibex_core/id_stage_i/imd_val_q_reg[1][26]/RD
                                2.00           3.16          -1.16  (VIOLATED)
       PIN :   ibex_top_inst/u_ibex_core/id_stage_i/imd_val_q_reg[1][25]/RD
                                2.00           3.16          -1.16  (VIOLATED)
       PIN :   ibex_top_inst/u_ibex_core/id_stage_i/imd_val_q_reg[1][24]/RD
                                2.00           3.16          -1.16  (VIOLATED)
       PIN :   ibex_top_inst/u_ibex_core/id_stage_i/imd_val_q_reg[1][22]/RD
                                2.00           3.16          -1.16  (VIOLATED)
       PIN :   ibex_top_inst/u_ibex_core/id_stage_i/imd_val_q_reg[1][21]/RD
                                2.00           3.16          -1.16  (VIOLATED)
       PIN :   ibex_top_inst/u_ibex_core/id_stage_i/imd_val_q_reg[1][20]/RD
                                2.00           3.16          -1.16  (VIOLATED)
       PIN :   ibex_top_inst/u_ibex_core/id_stage_i/imd_val_q_reg[1][19]/RD
                                2.00           3.16          -1.16  (VIOLATED)
       PIN :   ibex_top_inst/u_ibex_core/id_stage_i/imd_val_q_reg[1][18]/RD
                                2.00           3.16          -1.16  (VIOLATED)
       PIN :   ibex_top_inst/u_ibex_core/id_stage_i/imd_val_q_reg[1][17]/RD
                                2.00           3.16          -1.16  (VIOLATED)
       PIN :   ibex_top_inst/u_ibex_core/id_stage_i/imd_val_q_reg[1][16]/RD
                                2.00           3.16          -1.16  (VIOLATED)
       PIN :   ibex_top_inst/u_ibex_core/id_stage_i/imd_val_q_reg[1][15]/RD
                                2.00           3.16          -1.16  (VIOLATED)
       PIN :   ibex_top_inst/u_ibex_core/id_stage_i/imd_val_q_reg[1][14]/RD
                                2.00           3.16          -1.16  (VIOLATED)
       PIN :   ibex_top_inst/u_ibex_core/id_stage_i/imd_val_q_reg[1][13]/RD
                                2.00           3.16          -1.16  (VIOLATED)
       PIN :   ibex_top_inst/u_ibex_core/id_stage_i/imd_val_q_reg[1][12]/RD
                                2.00           3.16          -1.16  (VIOLATED)
       PIN :   ibex_top_inst/u_ibex_core/id_stage_i/imd_val_q_reg[1][11]/RD
                                2.00           3.16          -1.16  (VIOLATED)
       PIN :   ibex_top_inst/u_ibex_core/id_stage_i/imd_val_q_reg[1][10]/RD
                                2.00           3.16          -1.16  (VIOLATED)
       PIN :   ibex_top_inst/u_ibex_core/id_stage_i/imd_val_q_reg[1][9]/RD
                                2.00           3.16          -1.16  (VIOLATED)
       PIN :   ibex_top_inst/u_ibex_core/id_stage_i/imd_val_q_reg[1][7]/RD
                                2.00           3.16          -1.16  (VIOLATED)
       PIN :   ibex_top_inst/u_ibex_core/id_stage_i/imd_val_q_reg[1][6]/RD
                                2.00           3.16          -1.16  (VIOLATED)
       PIN :   ibex_top_inst/u_ibex_core/id_stage_i/imd_val_q_reg[1][5]/RD
                                2.00           3.16          -1.16  (VIOLATED)
       PIN :   ibex_top_inst/u_ibex_core/id_stage_i/imd_val_q_reg[1][4]/RD
                                2.00           3.16          -1.16  (VIOLATED)
       PIN :   ibex_top_inst/u_ibex_core/id_stage_i/imd_val_q_reg[1][3]/RD
                                2.00           3.16          -1.16  (VIOLATED)
       PIN :   ibex_top_inst/u_ibex_core/id_stage_i/imd_val_q_reg[1][2]/RD
                                2.00           3.16          -1.16  (VIOLATED)
       PIN :   ibex_top_inst/u_ibex_core/id_stage_i/imd_val_q_reg[1][1]/RD
                                2.00           3.16          -1.16  (VIOLATED)
       PIN :   ibex_top_inst/u_ibex_core/id_stage_i/imd_val_q_reg[1][0]/RD
                                2.00           3.16          -1.16  (VIOLATED)
       PIN :   ibex_top_inst/u_ibex_core/id_stage_i/controller_i/enter_debug_mode_prio_q_reg/RD
                                2.00           3.16          -1.16  (VIOLATED)
       PIN :   ibex_top_inst/u_ibex_core/id_stage_i/controller_i/debug_cause_q_reg[2]/RD
                                2.00           3.16          -1.16  (VIOLATED)
       PIN :   ibex_top_inst/u_ibex_core/id_stage_i/controller_i/do_single_step_q_reg/RD
                                2.00           3.16          -1.16  (VIOLATED)
       PIN :   ibex_top_inst/u_ibex_core/id_stage_i/controller_i/debug_cause_q_reg[0]/RD
                                2.00           3.16          -1.16  (VIOLATED)
       PIN :   ibex_top_inst/u_ibex_core/id_stage_i/controller_i/debug_cause_q_reg[1]/RD
                                2.00           3.16          -1.16  (VIOLATED)
       PIN :   ibex_top_inst/u_ibex_core/id_stage_i/controller_i/load_err_q_reg/RD
                                2.00           3.16          -1.16  (VIOLATED)
       PIN :   ibex_top_inst/u_ibex_core/load_store_unit_i/lsu_err_q_reg/RD
                                2.00           3.16          -1.16  (VIOLATED)
       PIN :   ibex_top_inst/u_ibex_core/load_store_unit_i/rdata_q_reg[9]/RD
                                2.00           3.16          -1.16  (VIOLATED)
       PIN :   ibex_top_inst/u_ibex_core/load_store_unit_i/rdata_q_reg[10]/RD
                                2.00           3.16          -1.16  (VIOLATED)
       PIN :   ibex_top_inst/u_ibex_core/load_store_unit_i/rdata_q_reg[11]/RD
                                2.00           3.16          -1.16  (VIOLATED)
       PIN :   ibex_top_inst/u_ibex_core/load_store_unit_i/rdata_q_reg[12]/RD
                                2.00           3.16          -1.16  (VIOLATED)
       PIN :   ibex_top_inst/u_ibex_core/load_store_unit_i/rdata_q_reg[13]/RD
                                2.00           3.16          -1.16  (VIOLATED)
       PIN :   ibex_top_inst/u_ibex_core/load_store_unit_i/rdata_q_reg[14]/RD
                                2.00           3.16          -1.16  (VIOLATED)
       PIN :   ibex_top_inst/u_ibex_core/load_store_unit_i/rdata_q_reg[15]/RD
                                2.00           3.16          -1.16  (VIOLATED)
       PIN :   ibex_top_inst/u_ibex_core/load_store_unit_i/rdata_q_reg[16]/RD
                                2.00           3.16          -1.16  (VIOLATED)
       PIN :   ibex_top_inst/u_ibex_core/load_store_unit_i/rdata_q_reg[17]/RD
                                2.00           3.16          -1.16  (VIOLATED)
       PIN :   ibex_top_inst/u_ibex_core/load_store_unit_i/rdata_q_reg[19]/RD
                                2.00           3.16          -1.16  (VIOLATED)
       PIN :   ibex_top_inst/u_ibex_core/load_store_unit_i/rdata_q_reg[20]/RD
                                2.00           3.16          -1.16  (VIOLATED)
       PIN :   ibex_top_inst/u_ibex_core/load_store_unit_i/rdata_q_reg[21]/RD
                                2.00           3.16          -1.16  (VIOLATED)
       PIN :   ibex_top_inst/u_ibex_core/load_store_unit_i/rdata_q_reg[22]/RD
                                2.00           3.16          -1.16  (VIOLATED)
       PIN :   ibex_top_inst/u_ibex_core/load_store_unit_i/rdata_q_reg[23]/RD
                                2.00           3.16          -1.16  (VIOLATED)
       PIN :   ibex_top_inst/u_ibex_core/load_store_unit_i/rdata_q_reg[24]/RD
                                2.00           3.16          -1.16  (VIOLATED)
       PIN :   ibex_top_inst/u_ibex_core/load_store_unit_i/rdata_q_reg[25]/RD
                                2.00           3.16          -1.16  (VIOLATED)
       PIN :   ibex_top_inst/u_ibex_core/load_store_unit_i/rdata_q_reg[26]/RD
                                2.00           3.16          -1.16  (VIOLATED)
       PIN :   ibex_top_inst/u_ibex_core/load_store_unit_i/rdata_q_reg[27]/RD
                                2.00           3.16          -1.16  (VIOLATED)
       PIN :   ibex_top_inst/u_ibex_core/load_store_unit_i/rdata_q_reg[28]/RD
                                2.00           3.16          -1.16  (VIOLATED)
       PIN :   ibex_top_inst/u_ibex_core/load_store_unit_i/rdata_q_reg[29]/RD
                                2.00           3.16          -1.16  (VIOLATED)
       PIN :   ibex_top_inst/u_ibex_core/load_store_unit_i/rdata_q_reg[30]/RD
                                2.00           3.16          -1.16  (VIOLATED)
       PIN :   ibex_top_inst/u_ibex_core/load_store_unit_i/rdata_q_reg[31]/RD
                                2.00           3.16          -1.16  (VIOLATED)
       PIN :   ibex_top_inst/u_ibex_core/load_store_unit_i/rdata_q_reg[8]/RD
                                2.00           3.16          -1.16  (VIOLATED)
       PIN :   ibex_top_inst/u_ibex_core/id_stage_i/controller_i/illegal_insn_q_reg/RD
                                2.00           3.16          -1.16  (VIOLATED)
       PIN :   ibex_top_inst/u_ibex_core/if_stage_i/gen_prefetch_buffer.prefetch_buffer_i/discard_req_q_reg/RD
                                2.00           3.16          -1.16  (VIOLATED)
       PIN :   ibex_top_inst/core_busy_q_reg[0]/RD
                                2.00           3.16          -1.16  (VIOLATED)
       PIN :   ibex_top_inst/u_ibex_core/ex_block_i/gen_multdiv_fast.multdiv_i/gen_mult_single_cycle.mult_state_q_reg/RD
                                2.00           3.16          -1.16  (VIOLATED)
       PIN :   ibex_top_inst/u_ibex_core/ex_block_i/gen_multdiv_fast.multdiv_i/div_counter_q_reg[0]/RD
                                2.00           3.16          -1.16  (VIOLATED)
       PIN :   ibex_top_inst/u_ibex_core/load_store_unit_i/ls_fsm_cs_reg[2]/RD
                                2.00           3.16          -1.16  (VIOLATED)
       PIN :   ibex_top_inst/u_ibex_core/id_stage_i/controller_i/ctrl_fsm_cs_reg[2]/RD
                                2.00           3.16          -1.16  (VIOLATED)
       PIN :   ibex_top_inst/u_ibex_core/id_stage_i/id_fsm_q_reg/RD
                                2.00           3.16          -1.16  (VIOLATED)
       PIN :   ibex_top_inst/u_ibex_core/ex_block_i/gen_multdiv_fast.multdiv_i/div_counter_q_reg[1]/RD
                                2.00           3.16          -1.16  (VIOLATED)
       PIN :   ibex_top_inst/u_ibex_core/ex_block_i/gen_multdiv_fast.multdiv_i/op_quotient_q_reg[19]/RD
                                2.00           3.16          -1.16  (VIOLATED)
       PIN :   ibex_top_inst/u_ibex_core/ex_block_i/gen_multdiv_fast.multdiv_i/op_quotient_q_reg[2]/RD
                                2.00           3.16          -1.16  (VIOLATED)
       PIN :   ibex_top_inst/u_ibex_core/ex_block_i/gen_multdiv_fast.multdiv_i/op_numerator_q_reg[22]/RD
                                2.00           3.16          -1.16  (VIOLATED)
       PIN :   ibex_top_inst/u_ibex_core/ex_block_i/gen_multdiv_fast.multdiv_i/op_numerator_q_reg[7]/RD
                                2.00           3.16          -1.16  (VIOLATED)
       PIN :   ibex_top_inst/u_ibex_core/load_store_unit_i/rdata_offset_q_reg[1]/RD
                                2.00           3.16          -1.16  (VIOLATED)
       PIN :   ibex_top_inst/u_ibex_core/id_stage_i/imd_val_q_reg[1][31]/RD
                                2.00           3.16          -1.16  (VIOLATED)
       PIN :   ibex_top_inst/u_ibex_core/id_stage_i/imd_val_q_reg[1][23]/RD
                                2.00           3.16          -1.16  (VIOLATED)
       PIN :   ibex_top_inst/u_ibex_core/id_stage_i/imd_val_q_reg[1][8]/RD
                                2.00           3.16          -1.16  (VIOLATED)
       PIN :   ibex_top_inst/u_ibex_core/id_stage_i/controller_i/store_err_q_reg/RD
                                2.00           3.16          -1.16  (VIOLATED)
       PIN :   ibex_top_inst/u_ibex_core/load_store_unit_i/rdata_q_reg[18]/RD
                                2.00           3.16          -1.16  (VIOLATED)
       PIN :   ibex_top_inst/u_ibex_core/load_store_unit_i/ls_fsm_cs_reg[0]/RD
                                2.00           3.16          -1.16  (VIOLATED)
       PIN :   ibex_top_inst/u_ibex_core/ex_block_i/gen_multdiv_fast.multdiv_i/md_state_q_reg[0]/RD
                                2.00           3.16          -1.16  (VIOLATED)
       PIN :   ibex_top_inst/u_ibex_core/if_stage_i/instr_valid_id_q_reg/RD
                                2.00           3.16          -1.16  (VIOLATED)
       PIN :   ibex_top_inst/u_ibex_core/if_stage_i/gen_prefetch_buffer.prefetch_buffer_i/fifo_i/valid_q_reg[2]/RD
                                2.00           3.16          -1.16  (VIOLATED)
       PIN :   ibex_top_inst/u_ibex_core/if_stage_i/gen_prefetch_buffer.prefetch_buffer_i/fifo_i/valid_q_reg[0]/RD
                                2.00           3.16          -1.16  (VIOLATED)
       PIN :   ibex_top_inst/u_ibex_core/if_stage_i/gen_prefetch_buffer.prefetch_buffer_i/fifo_i/valid_q_reg[1]/RD
                                2.00           3.16          -1.16  (VIOLATED)
       PIN :   ibex_top_inst/u_ibex_core/id_stage_i/branch_jump_set_done_q_reg/RD
                                2.00           3.16          -1.16  (VIOLATED)
       PIN :   ibex_top_inst/u_ibex_core/id_stage_i/controller_i/ctrl_fsm_cs_reg[0]/RD
                                2.00           3.16          -1.16  (VIOLATED)
       PIN :   ibex_top_inst/u_ibex_core/id_stage_i/controller_i/ctrl_fsm_cs_reg[1]/RD
                                2.00           3.16          -1.16  (VIOLATED)
       PIN :   ibex_top_inst/u_ibex_core/id_stage_i/imd_val_q_reg[0][32]/RD
                                2.00           3.16          -1.16  (VIOLATED)
       PIN :   ibex_top_inst/u_ibex_core/ex_block_i/gen_multdiv_fast.multdiv_i/div_counter_q_reg[2]/RD
                                2.00           3.16          -1.16  (VIOLATED)
       PIN :   ibex_top_inst/u_ibex_core/ex_block_i/gen_multdiv_fast.multdiv_i/op_quotient_q_reg[15]/RD
                                2.00           3.16          -1.16  (VIOLATED)
       PIN :   ibex_top_inst/u_ibex_core/ex_block_i/gen_multdiv_fast.multdiv_i/op_quotient_q_reg[31]/RD
                                2.00           3.16          -1.16  (VIOLATED)
       PIN :   ibex_top_inst/u_ibex_core/ex_block_i/gen_multdiv_fast.multdiv_i/op_quotient_q_reg[7]/RD
                                2.00           3.16          -1.16  (VIOLATED)
       PIN :   ibex_top_inst/u_ibex_core/if_stage_i/gen_prefetch_buffer.prefetch_buffer_i/rdata_outstanding_q_reg[1]/RD
                                2.00           3.16          -1.16  (VIOLATED)
       PIN :   ibex_top_inst/u_ibex_core/if_stage_i/gen_prefetch_buffer.prefetch_buffer_i/rdata_outstanding_q_reg[0]/RD
                                2.00           3.16          -1.16  (VIOLATED)
       PIN :   ibex_top_inst/u_ibex_core/if_stage_i/gen_prefetch_buffer.prefetch_buffer_i/branch_discard_q_reg[1]/RD
                                2.00           3.16          -1.16  (VIOLATED)
       PIN :   ibex_top_inst/u_ibex_core/if_stage_i/gen_prefetch_buffer.prefetch_buffer_i/branch_discard_q_reg[0]/RD
                                2.00           3.16          -1.16  (VIOLATED)
       PIN :   ibex_top_inst/u_ibex_core/ex_block_i/gen_multdiv_fast.multdiv_i/md_state_q_reg[1]/RD
                                2.00           3.16          -1.16  (VIOLATED)
       PIN :   ibex_top_inst/u_ibex_core/ex_block_i/gen_multdiv_fast.multdiv_i/md_state_q_reg[2]/RD
                                2.00           3.16          -1.16  (VIOLATED)
       PIN :   ibex_top_inst/u_ibex_core/id_stage_i/controller_i/ctrl_fsm_cs_reg[3]/RD
                                2.00           3.16          -1.16  (VIOLATED)
       PIN :   ibex_top_inst/u_ibex_core/id_stage_i/controller_i/exc_req_q_reg/RD
                                2.00           3.16          -1.16  (VIOLATED)
       PIN :   ibex_top_inst/u_ibex_core/load_store_unit_i/addr_last_q_reg[0]/RD
                                2.00           3.16          -1.16  (VIOLATED)
       PIN :   ibex_top_inst/u_ibex_core/load_store_unit_i/addr_last_q_reg[1]/RD
                                2.00           3.16          -1.16  (VIOLATED)
       PIN :   ibex_top_inst/u_ibex_core/id_stage_i/imd_val_q_reg[0][0]/RD
                                2.00           3.16          -1.16  (VIOLATED)
       PIN :   ibex_top_inst/u_ibex_core/id_stage_i/imd_val_q_reg[0][1]/RD
                                2.00           3.16          -1.16  (VIOLATED)
       PIN :   ibex_top_inst/u_ibex_core/id_stage_i/imd_val_q_reg[0][2]/RD
                                2.00           3.16          -1.16  (VIOLATED)
       PIN :   ibex_top_inst/u_ibex_core/id_stage_i/imd_val_q_reg[0][3]/RD
                                2.00           3.16          -1.16  (VIOLATED)
       PIN :   ibex_top_inst/u_ibex_core/id_stage_i/imd_val_q_reg[0][4]/RD
                                2.00           3.16          -1.16  (VIOLATED)
       PIN :   ibex_top_inst/u_ibex_core/id_stage_i/imd_val_q_reg[0][5]/RD
                                2.00           3.16          -1.16  (VIOLATED)
       PIN :   ibex_top_inst/u_ibex_core/id_stage_i/imd_val_q_reg[0][6]/RD
                                2.00           3.16          -1.16  (VIOLATED)
       PIN :   ibex_top_inst/u_ibex_core/id_stage_i/imd_val_q_reg[0][7]/RD
                                2.00           3.16          -1.16  (VIOLATED)
       PIN :   ibex_top_inst/u_ibex_core/id_stage_i/imd_val_q_reg[0][8]/RD
                                2.00           3.16          -1.16  (VIOLATED)
       PIN :   ibex_top_inst/u_ibex_core/id_stage_i/imd_val_q_reg[0][9]/RD
                                2.00           3.16          -1.16  (VIOLATED)
       PIN :   ibex_top_inst/u_ibex_core/id_stage_i/imd_val_q_reg[0][10]/RD
                                2.00           3.16          -1.16  (VIOLATED)
       PIN :   ibex_top_inst/u_ibex_core/id_stage_i/imd_val_q_reg[0][11]/RD
                                2.00           3.16          -1.16  (VIOLATED)
       PIN :   ibex_top_inst/u_ibex_core/id_stage_i/imd_val_q_reg[0][12]/RD
                                2.00           3.16          -1.16  (VIOLATED)
       PIN :   ibex_top_inst/u_ibex_core/id_stage_i/imd_val_q_reg[0][13]/RD
                                2.00           3.16          -1.16  (VIOLATED)
       PIN :   ibex_top_inst/u_ibex_core/id_stage_i/imd_val_q_reg[0][14]/RD
                                2.00           3.16          -1.16  (VIOLATED)
       PIN :   ibex_top_inst/u_ibex_core/id_stage_i/imd_val_q_reg[0][15]/RD
                                2.00           3.16          -1.16  (VIOLATED)
       PIN :   ibex_top_inst/u_ibex_core/id_stage_i/imd_val_q_reg[0][16]/RD
                                2.00           3.16          -1.16  (VIOLATED)
       PIN :   ibex_top_inst/u_ibex_core/id_stage_i/imd_val_q_reg[0][17]/RD
                                2.00           3.16          -1.16  (VIOLATED)
       PIN :   ibex_top_inst/u_ibex_core/id_stage_i/imd_val_q_reg[0][18]/RD
                                2.00           3.16          -1.16  (VIOLATED)
       PIN :   ibex_top_inst/u_ibex_core/id_stage_i/imd_val_q_reg[0][19]/RD
                                2.00           3.16          -1.16  (VIOLATED)
       PIN :   ibex_top_inst/u_ibex_core/id_stage_i/imd_val_q_reg[0][20]/RD
                                2.00           3.16          -1.16  (VIOLATED)
       PIN :   ibex_top_inst/u_ibex_core/id_stage_i/imd_val_q_reg[0][21]/RD
                                2.00           3.16          -1.16  (VIOLATED)
       PIN :   ibex_top_inst/u_ibex_core/id_stage_i/imd_val_q_reg[0][22]/RD
                                2.00           3.16          -1.16  (VIOLATED)
       PIN :   ibex_top_inst/u_ibex_core/id_stage_i/imd_val_q_reg[0][23]/RD
                                2.00           3.16          -1.16  (VIOLATED)
       PIN :   ibex_top_inst/u_ibex_core/id_stage_i/imd_val_q_reg[0][24]/RD
                                2.00           3.16          -1.16  (VIOLATED)
       PIN :   ibex_top_inst/u_ibex_core/id_stage_i/imd_val_q_reg[0][25]/RD
                                2.00           3.16          -1.16  (VIOLATED)
       PIN :   ibex_top_inst/u_ibex_core/id_stage_i/imd_val_q_reg[0][26]/RD
                                2.00           3.16          -1.16  (VIOLATED)
       PIN :   ibex_top_inst/u_ibex_core/id_stage_i/imd_val_q_reg[0][27]/RD
                                2.00           3.16          -1.16  (VIOLATED)
       PIN :   ibex_top_inst/u_ibex_core/id_stage_i/imd_val_q_reg[0][28]/RD
                                2.00           3.16          -1.16  (VIOLATED)
       PIN :   ibex_top_inst/u_ibex_core/id_stage_i/imd_val_q_reg[0][29]/RD
                                2.00           3.16          -1.16  (VIOLATED)
       PIN :   ibex_top_inst/u_ibex_core/id_stage_i/imd_val_q_reg[0][30]/RD
                                2.00           3.16          -1.16  (VIOLATED)
       PIN :   ibex_top_inst/u_ibex_core/id_stage_i/imd_val_q_reg[0][31]/RD
                                2.00           3.16          -1.16  (VIOLATED)
       PIN :   ibex_top_inst/u_ibex_core/id_stage_i/imd_val_q_reg[0][33]/RD
                                2.00           3.16          -1.16  (VIOLATED)
       PIN :   ibex_top_inst/u_ibex_core/load_store_unit_i/data_type_q_reg[0]/RD
                                2.00           3.16          -1.16  (VIOLATED)
       PIN :   ibex_top_inst/u_ibex_core/load_store_unit_i/addr_last_q_reg[31]/RD
                                2.00           3.16          -1.16  (VIOLATED)
       PIN :   ibex_top_inst/u_ibex_core/load_store_unit_i/addr_last_q_reg[30]/RD
                                2.00           3.16          -1.16  (VIOLATED)
       PIN :   ibex_top_inst/u_ibex_core/load_store_unit_i/addr_last_q_reg[29]/RD
                                2.00           3.16          -1.16  (VIOLATED)
       PIN :   ibex_top_inst/u_ibex_core/load_store_unit_i/addr_last_q_reg[28]/RD
                                2.00           3.16          -1.16  (VIOLATED)
       PIN :   ibex_top_inst/u_ibex_core/load_store_unit_i/addr_last_q_reg[27]/RD
                                2.00           3.16          -1.16  (VIOLATED)
       PIN :   ibex_top_inst/u_ibex_core/load_store_unit_i/addr_last_q_reg[26]/RD
                                2.00           3.16          -1.16  (VIOLATED)
       PIN :   ibex_top_inst/u_ibex_core/load_store_unit_i/addr_last_q_reg[25]/RD
                                2.00           3.16          -1.16  (VIOLATED)
       PIN :   ibex_top_inst/u_ibex_core/load_store_unit_i/addr_last_q_reg[24]/RD
                                2.00           3.16          -1.16  (VIOLATED)
       PIN :   ibex_top_inst/u_ibex_core/load_store_unit_i/addr_last_q_reg[23]/RD
                                2.00           3.16          -1.16  (VIOLATED)
       PIN :   ibex_top_inst/u_ibex_core/load_store_unit_i/addr_last_q_reg[22]/RD
                                2.00           3.16          -1.16  (VIOLATED)
       PIN :   ibex_top_inst/u_ibex_core/load_store_unit_i/addr_last_q_reg[21]/RD
                                2.00           3.16          -1.16  (VIOLATED)
       PIN :   ibex_top_inst/u_ibex_core/load_store_unit_i/addr_last_q_reg[20]/RD
                                2.00           3.16          -1.16  (VIOLATED)
       PIN :   ibex_top_inst/u_ibex_core/load_store_unit_i/addr_last_q_reg[19]/RD
                                2.00           3.16          -1.16  (VIOLATED)
       PIN :   ibex_top_inst/u_ibex_core/load_store_unit_i/addr_last_q_reg[18]/RD
                                2.00           3.16          -1.16  (VIOLATED)
       PIN :   ibex_top_inst/u_ibex_core/load_store_unit_i/addr_last_q_reg[17]/RD
                                2.00           3.16          -1.16  (VIOLATED)
       PIN :   ibex_top_inst/u_ibex_core/load_store_unit_i/addr_last_q_reg[16]/RD
                                2.00           3.16          -1.16  (VIOLATED)
       PIN :   ibex_top_inst/u_ibex_core/load_store_unit_i/addr_last_q_reg[15]/RD
                                2.00           3.16          -1.16  (VIOLATED)
       PIN :   ibex_top_inst/u_ibex_core/load_store_unit_i/addr_last_q_reg[14]/RD
                                2.00           3.16          -1.16  (VIOLATED)
       PIN :   ibex_top_inst/u_ibex_core/load_store_unit_i/addr_last_q_reg[13]/RD
                                2.00           3.16          -1.16  (VIOLATED)
       PIN :   ibex_top_inst/u_ibex_core/load_store_unit_i/addr_last_q_reg[12]/RD
                                2.00           3.16          -1.16  (VIOLATED)
       PIN :   ibex_top_inst/u_ibex_core/load_store_unit_i/addr_last_q_reg[11]/RD
                                2.00           3.16          -1.16  (VIOLATED)
       PIN :   ibex_top_inst/u_ibex_core/load_store_unit_i/addr_last_q_reg[10]/RD
                                2.00           3.16          -1.16  (VIOLATED)
       PIN :   ibex_top_inst/u_ibex_core/load_store_unit_i/addr_last_q_reg[9]/RD
                                2.00           3.16          -1.16  (VIOLATED)
       PIN :   ibex_top_inst/u_ibex_core/load_store_unit_i/addr_last_q_reg[8]/RD
                                2.00           3.16          -1.16  (VIOLATED)
       PIN :   ibex_top_inst/u_ibex_core/load_store_unit_i/addr_last_q_reg[7]/RD
                                2.00           3.16          -1.16  (VIOLATED)
       PIN :   ibex_top_inst/u_ibex_core/load_store_unit_i/addr_last_q_reg[6]/RD
                                2.00           3.16          -1.16  (VIOLATED)
       PIN :   ibex_top_inst/u_ibex_core/load_store_unit_i/addr_last_q_reg[5]/RD
                                2.00           3.16          -1.16  (VIOLATED)
       PIN :   ibex_top_inst/u_ibex_core/load_store_unit_i/addr_last_q_reg[4]/RD
                                2.00           3.16          -1.16  (VIOLATED)
       PIN :   ibex_top_inst/u_ibex_core/load_store_unit_i/addr_last_q_reg[3]/RD
                                2.00           3.16          -1.16  (VIOLATED)
       PIN :   ibex_top_inst/u_ibex_core/load_store_unit_i/addr_last_q_reg[2]/RD
                                2.00           3.16          -1.16  (VIOLATED)
       PORT :  rst_ni           2.00           3.16          -1.16  (VIOLATED)
       PIN :   ibex_top_inst/gen_regfile_ff.register_file_i/g_rf_flops[31].rf_reg_q_reg[0]/RD
                                2.00           3.16          -1.16  (VIOLATED)
       PIN :   ibex_top_inst/gen_regfile_ff.register_file_i/g_rf_flops[31].rf_reg_q_reg[1]/RD
                                2.00           3.16          -1.16  (VIOLATED)
       PIN :   ibex_top_inst/gen_regfile_ff.register_file_i/g_rf_flops[31].rf_reg_q_reg[2]/RD
                                2.00           3.16          -1.16  (VIOLATED)
       PIN :   ibex_top_inst/gen_regfile_ff.register_file_i/g_rf_flops[31].rf_reg_q_reg[3]/RD
                                2.00           3.16          -1.16  (VIOLATED)
       PIN :   ibex_top_inst/gen_regfile_ff.register_file_i/g_rf_flops[31].rf_reg_q_reg[4]/RD
                                2.00           3.16          -1.16  (VIOLATED)
       PIN :   ibex_top_inst/gen_regfile_ff.register_file_i/g_rf_flops[31].rf_reg_q_reg[5]/RD
                                2.00           3.16          -1.16  (VIOLATED)
       PIN :   ibex_top_inst/gen_regfile_ff.register_file_i/g_rf_flops[31].rf_reg_q_reg[6]/RD
                                2.00           3.16          -1.16  (VIOLATED)
       PIN :   ibex_top_inst/gen_regfile_ff.register_file_i/g_rf_flops[31].rf_reg_q_reg[7]/RD
                                2.00           3.16          -1.16  (VIOLATED)
       PIN :   ibex_top_inst/gen_regfile_ff.register_file_i/g_rf_flops[31].rf_reg_q_reg[8]/RD
                                2.00           3.16          -1.16  (VIOLATED)
       PIN :   ibex_top_inst/gen_regfile_ff.register_file_i/g_rf_flops[31].rf_reg_q_reg[9]/RD
                                2.00           3.16          -1.16  (VIOLATED)
       PIN :   ibex_top_inst/gen_regfile_ff.register_file_i/g_rf_flops[31].rf_reg_q_reg[11]/RD
                                2.00           3.16          -1.16  (VIOLATED)
       PIN :   ibex_top_inst/gen_regfile_ff.register_file_i/g_rf_flops[31].rf_reg_q_reg[12]/RD
                                2.00           3.16          -1.16  (VIOLATED)
       PIN :   ibex_top_inst/gen_regfile_ff.register_file_i/g_rf_flops[31].rf_reg_q_reg[13]/RD
                                2.00           3.16          -1.16  (VIOLATED)
       PIN :   ibex_top_inst/gen_regfile_ff.register_file_i/g_rf_flops[31].rf_reg_q_reg[14]/RD
                                2.00           3.16          -1.16  (VIOLATED)
       PIN :   ibex_top_inst/gen_regfile_ff.register_file_i/g_rf_flops[31].rf_reg_q_reg[15]/RD
                                2.00           3.16          -1.16  (VIOLATED)
       PIN :   ibex_top_inst/gen_regfile_ff.register_file_i/g_rf_flops[31].rf_reg_q_reg[16]/RD
                                2.00           3.16          -1.16  (VIOLATED)
       PIN :   ibex_top_inst/gen_regfile_ff.register_file_i/g_rf_flops[31].rf_reg_q_reg[17]/RD
                                2.00           3.16          -1.16  (VIOLATED)
       PIN :   ibex_top_inst/gen_regfile_ff.register_file_i/g_rf_flops[31].rf_reg_q_reg[18]/RD
                                2.00           3.16          -1.16  (VIOLATED)
       PIN :   ibex_top_inst/gen_regfile_ff.register_file_i/g_rf_flops[31].rf_reg_q_reg[19]/RD
                                2.00           3.16          -1.16  (VIOLATED)
       PIN :   ibex_top_inst/gen_regfile_ff.register_file_i/g_rf_flops[31].rf_reg_q_reg[20]/RD
                                2.00           3.16          -1.16  (VIOLATED)
       PIN :   ibex_top_inst/gen_regfile_ff.register_file_i/g_rf_flops[31].rf_reg_q_reg[21]/RD
                                2.00           3.16          -1.16  (VIOLATED)
       PIN :   ibex_top_inst/gen_regfile_ff.register_file_i/g_rf_flops[31].rf_reg_q_reg[22]/RD
                                2.00           3.16          -1.16  (VIOLATED)
       PIN :   ibex_top_inst/gen_regfile_ff.register_file_i/g_rf_flops[31].rf_reg_q_reg[23]/RD
                                2.00           3.16          -1.16  (VIOLATED)
       PIN :   ibex_top_inst/gen_regfile_ff.register_file_i/g_rf_flops[31].rf_reg_q_reg[24]/RD
                                2.00           3.16          -1.16  (VIOLATED)
       PIN :   ibex_top_inst/gen_regfile_ff.register_file_i/g_rf_flops[31].rf_reg_q_reg[26]/RD
                                2.00           3.16          -1.16  (VIOLATED)
       PIN :   ibex_top_inst/gen_regfile_ff.register_file_i/g_rf_flops[31].rf_reg_q_reg[27]/RD
                                2.00           3.16          -1.16  (VIOLATED)
       PIN :   ibex_top_inst/gen_regfile_ff.register_file_i/g_rf_flops[31].rf_reg_q_reg[28]/RD
                                2.00           3.16          -1.16  (VIOLATED)
       PIN :   ibex_top_inst/gen_regfile_ff.register_file_i/g_rf_flops[31].rf_reg_q_reg[29]/RD
                                2.00           3.16          -1.16  (VIOLATED)
       PIN :   ibex_top_inst/gen_regfile_ff.register_file_i/g_rf_flops[31].rf_reg_q_reg[30]/RD
                                2.00           3.16          -1.16  (VIOLATED)
       PIN :   ibex_top_inst/gen_regfile_ff.register_file_i/g_rf_flops[31].rf_reg_q_reg[31]/RD
                                2.00           3.16          -1.16  (VIOLATED)
       PIN :   ibex_top_inst/gen_regfile_ff.register_file_i/g_rf_flops[30].rf_reg_q_reg[0]/RD
                                2.00           3.16          -1.16  (VIOLATED)
       PIN :   ibex_top_inst/gen_regfile_ff.register_file_i/g_rf_flops[30].rf_reg_q_reg[1]/RD
                                2.00           3.16          -1.16  (VIOLATED)
       PIN :   ibex_top_inst/gen_regfile_ff.register_file_i/g_rf_flops[30].rf_reg_q_reg[2]/RD
                                2.00           3.16          -1.16  (VIOLATED)
       PIN :   ibex_top_inst/gen_regfile_ff.register_file_i/g_rf_flops[30].rf_reg_q_reg[3]/RD
                                2.00           3.16          -1.16  (VIOLATED)
       PIN :   ibex_top_inst/gen_regfile_ff.register_file_i/g_rf_flops[30].rf_reg_q_reg[4]/RD
                                2.00           3.16          -1.16  (VIOLATED)
       PIN :   ibex_top_inst/gen_regfile_ff.register_file_i/g_rf_flops[30].rf_reg_q_reg[5]/RD
                                2.00           3.16          -1.16  (VIOLATED)
       PIN :   ibex_top_inst/gen_regfile_ff.register_file_i/g_rf_flops[30].rf_reg_q_reg[6]/RD
                                2.00           3.16          -1.16  (VIOLATED)
       PIN :   ibex_top_inst/gen_regfile_ff.register_file_i/g_rf_flops[30].rf_reg_q_reg[7]/RD
                                2.00           3.16          -1.16  (VIOLATED)
       PIN :   ibex_top_inst/gen_regfile_ff.register_file_i/g_rf_flops[30].rf_reg_q_reg[9]/RD
                                2.00           3.16          -1.16  (VIOLATED)
       PIN :   ibex_top_inst/gen_regfile_ff.register_file_i/g_rf_flops[30].rf_reg_q_reg[10]/RD
                                2.00           3.16          -1.16  (VIOLATED)
       PIN :   ibex_top_inst/gen_regfile_ff.register_file_i/g_rf_flops[30].rf_reg_q_reg[11]/RD
                                2.00           3.16          -1.16  (VIOLATED)
       PIN :   ibex_top_inst/gen_regfile_ff.register_file_i/g_rf_flops[30].rf_reg_q_reg[12]/RD
                                2.00           3.16          -1.16  (VIOLATED)
       PIN :   ibex_top_inst/gen_regfile_ff.register_file_i/g_rf_flops[30].rf_reg_q_reg[13]/RD
                                2.00           3.16          -1.16  (VIOLATED)
       PIN :   ibex_top_inst/gen_regfile_ff.register_file_i/g_rf_flops[30].rf_reg_q_reg[14]/RD
                                2.00           3.16          -1.16  (VIOLATED)
       PIN :   ibex_top_inst/gen_regfile_ff.register_file_i/g_rf_flops[30].rf_reg_q_reg[15]/RD
                                2.00           3.16          -1.16  (VIOLATED)
       PIN :   ibex_top_inst/gen_regfile_ff.register_file_i/g_rf_flops[30].rf_reg_q_reg[16]/RD
                                2.00           3.16          -1.16  (VIOLATED)
       PIN :   ibex_top_inst/gen_regfile_ff.register_file_i/g_rf_flops[30].rf_reg_q_reg[17]/RD
                                2.00           3.16          -1.16  (VIOLATED)
       PIN :   ibex_top_inst/gen_regfile_ff.register_file_i/g_rf_flops[30].rf_reg_q_reg[18]/RD
                                2.00           3.16          -1.16  (VIOLATED)
       PIN :   ibex_top_inst/gen_regfile_ff.register_file_i/g_rf_flops[30].rf_reg_q_reg[19]/RD
                                2.00           3.16          -1.16  (VIOLATED)
       PIN :   ibex_top_inst/gen_regfile_ff.register_file_i/g_rf_flops[30].rf_reg_q_reg[20]/RD
                                2.00           3.16          -1.16  (VIOLATED)
       PIN :   ibex_top_inst/gen_regfile_ff.register_file_i/g_rf_flops[30].rf_reg_q_reg[21]/RD
                                2.00           3.16          -1.16  (VIOLATED)
       PIN :   ibex_top_inst/gen_regfile_ff.register_file_i/g_rf_flops[30].rf_reg_q_reg[22]/RD
                                2.00           3.16          -1.16  (VIOLATED)
       PIN :   ibex_top_inst/gen_regfile_ff.register_file_i/g_rf_flops[30].rf_reg_q_reg[24]/RD
                                2.00           3.16          -1.16  (VIOLATED)
       PIN :   ibex_top_inst/gen_regfile_ff.register_file_i/g_rf_flops[30].rf_reg_q_reg[25]/RD
                                2.00           3.16          -1.16  (VIOLATED)
       PIN :   ibex_top_inst/gen_regfile_ff.register_file_i/g_rf_flops[30].rf_reg_q_reg[26]/RD
                                2.00           3.16          -1.16  (VIOLATED)
       PIN :   ibex_top_inst/gen_regfile_ff.register_file_i/g_rf_flops[30].rf_reg_q_reg[27]/RD
                                2.00           3.16          -1.16  (VIOLATED)
       PIN :   ibex_top_inst/gen_regfile_ff.register_file_i/g_rf_flops[30].rf_reg_q_reg[28]/RD
                                2.00           3.16          -1.16  (VIOLATED)
       PIN :   ibex_top_inst/gen_regfile_ff.register_file_i/g_rf_flops[30].rf_reg_q_reg[29]/RD
                                2.00           3.16          -1.16  (VIOLATED)
       PIN :   ibex_top_inst/gen_regfile_ff.register_file_i/g_rf_flops[30].rf_reg_q_reg[30]/RD
                                2.00           3.16          -1.16  (VIOLATED)
       PIN :   ibex_top_inst/gen_regfile_ff.register_file_i/g_rf_flops[30].rf_reg_q_reg[31]/RD
                                2.00           3.16          -1.16  (VIOLATED)
       PIN :   ibex_top_inst/gen_regfile_ff.register_file_i/g_rf_flops[29].rf_reg_q_reg[0]/RD
                                2.00           3.16          -1.16  (VIOLATED)
       PIN :   ibex_top_inst/gen_regfile_ff.register_file_i/g_rf_flops[29].rf_reg_q_reg[1]/RD
                                2.00           3.16          -1.16  (VIOLATED)
       PIN :   ibex_top_inst/gen_regfile_ff.register_file_i/g_rf_flops[29].rf_reg_q_reg[2]/RD
                                2.00           3.16          -1.16  (VIOLATED)
       PIN :   ibex_top_inst/gen_regfile_ff.register_file_i/g_rf_flops[29].rf_reg_q_reg[3]/RD
                                2.00           3.16          -1.16  (VIOLATED)
       PIN :   ibex_top_inst/gen_regfile_ff.register_file_i/g_rf_flops[29].rf_reg_q_reg[4]/RD
                                2.00           3.16          -1.16  (VIOLATED)
       PIN :   ibex_top_inst/gen_regfile_ff.register_file_i/g_rf_flops[29].rf_reg_q_reg[5]/RD
                                2.00           3.16          -1.16  (VIOLATED)
       PIN :   ibex_top_inst/gen_regfile_ff.register_file_i/g_rf_flops[29].rf_reg_q_reg[7]/RD
                                2.00           3.16          -1.16  (VIOLATED)
       PIN :   ibex_top_inst/gen_regfile_ff.register_file_i/g_rf_flops[29].rf_reg_q_reg[8]/RD
                                2.00           3.16          -1.16  (VIOLATED)
       PIN :   ibex_top_inst/gen_regfile_ff.register_file_i/g_rf_flops[29].rf_reg_q_reg[9]/RD
                                2.00           3.16          -1.16  (VIOLATED)
       PIN :   ibex_top_inst/gen_regfile_ff.register_file_i/g_rf_flops[29].rf_reg_q_reg[10]/RD
                                2.00           3.16          -1.16  (VIOLATED)
       PIN :   ibex_top_inst/gen_regfile_ff.register_file_i/g_rf_flops[29].rf_reg_q_reg[11]/RD
                                2.00           3.16          -1.16  (VIOLATED)
       PIN :   ibex_top_inst/gen_regfile_ff.register_file_i/g_rf_flops[29].rf_reg_q_reg[12]/RD
                                2.00           3.16          -1.16  (VIOLATED)
       PIN :   ibex_top_inst/gen_regfile_ff.register_file_i/g_rf_flops[29].rf_reg_q_reg[13]/RD
                                2.00           3.16          -1.16  (VIOLATED)
       PIN :   ibex_top_inst/gen_regfile_ff.register_file_i/g_rf_flops[29].rf_reg_q_reg[14]/RD
                                2.00           3.16          -1.16  (VIOLATED)
       PIN :   ibex_top_inst/gen_regfile_ff.register_file_i/g_rf_flops[29].rf_reg_q_reg[15]/RD
                                2.00           3.16          -1.16  (VIOLATED)
       PIN :   ibex_top_inst/gen_regfile_ff.register_file_i/g_rf_flops[29].rf_reg_q_reg[16]/RD
                                2.00           3.16          -1.16  (VIOLATED)
       PIN :   ibex_top_inst/gen_regfile_ff.register_file_i/g_rf_flops[29].rf_reg_q_reg[17]/RD
                                2.00           3.16          -1.16  (VIOLATED)
       PIN :   ibex_top_inst/gen_regfile_ff.register_file_i/g_rf_flops[29].rf_reg_q_reg[18]/RD
                                2.00           3.16          -1.16  (VIOLATED)
       PIN :   ibex_top_inst/gen_regfile_ff.register_file_i/g_rf_flops[29].rf_reg_q_reg[19]/RD
                                2.00           3.16          -1.16  (VIOLATED)
       PIN :   ibex_top_inst/gen_regfile_ff.register_file_i/g_rf_flops[29].rf_reg_q_reg[20]/RD
                                2.00           3.16          -1.16  (VIOLATED)
       PIN :   ibex_top_inst/gen_regfile_ff.register_file_i/g_rf_flops[29].rf_reg_q_reg[22]/RD
                                2.00           3.16          -1.16  (VIOLATED)
       PIN :   ibex_top_inst/gen_regfile_ff.register_file_i/g_rf_flops[29].rf_reg_q_reg[23]/RD
                                2.00           3.16          -1.16  (VIOLATED)
       PIN :   ibex_top_inst/gen_regfile_ff.register_file_i/g_rf_flops[29].rf_reg_q_reg[24]/RD
                                2.00           3.16          -1.16  (VIOLATED)
       PIN :   ibex_top_inst/gen_regfile_ff.register_file_i/g_rf_flops[29].rf_reg_q_reg[25]/RD
                                2.00           3.16          -1.16  (VIOLATED)
       PIN :   ibex_top_inst/gen_regfile_ff.register_file_i/g_rf_flops[29].rf_reg_q_reg[26]/RD
                                2.00           3.16          -1.16  (VIOLATED)
       PIN :   ibex_top_inst/gen_regfile_ff.register_file_i/g_rf_flops[29].rf_reg_q_reg[27]/RD
                                2.00           3.16          -1.16  (VIOLATED)
       PIN :   ibex_top_inst/gen_regfile_ff.register_file_i/g_rf_flops[29].rf_reg_q_reg[28]/RD
                                2.00           3.16          -1.16  (VIOLATED)
       PIN :   ibex_top_inst/gen_regfile_ff.register_file_i/g_rf_flops[29].rf_reg_q_reg[29]/RD
                                2.00           3.16          -1.16  (VIOLATED)
       PIN :   ibex_top_inst/gen_regfile_ff.register_file_i/g_rf_flops[29].rf_reg_q_reg[30]/RD
                                2.00           3.16          -1.16  (VIOLATED)
       PIN :   ibex_top_inst/gen_regfile_ff.register_file_i/g_rf_flops[29].rf_reg_q_reg[31]/RD
                                2.00           3.16          -1.16  (VIOLATED)
       PIN :   ibex_top_inst/gen_regfile_ff.register_file_i/g_rf_flops[28].rf_reg_q_reg[0]/RD
                                2.00           3.16          -1.16  (VIOLATED)
       PIN :   ibex_top_inst/gen_regfile_ff.register_file_i/g_rf_flops[28].rf_reg_q_reg[1]/RD
                                2.00           3.16          -1.16  (VIOLATED)
       PIN :   ibex_top_inst/gen_regfile_ff.register_file_i/g_rf_flops[28].rf_reg_q_reg[2]/RD
                                2.00           3.16          -1.16  (VIOLATED)
       PIN :   ibex_top_inst/gen_regfile_ff.register_file_i/g_rf_flops[28].rf_reg_q_reg[3]/RD
                                2.00           3.16          -1.16  (VIOLATED)
       PIN :   ibex_top_inst/gen_regfile_ff.register_file_i/g_rf_flops[28].rf_reg_q_reg[5]/RD
                                2.00           3.16          -1.16  (VIOLATED)
       PIN :   ibex_top_inst/gen_regfile_ff.register_file_i/g_rf_flops[28].rf_reg_q_reg[6]/RD
                                2.00           3.16          -1.16  (VIOLATED)
       PIN :   ibex_top_inst/gen_regfile_ff.register_file_i/g_rf_flops[28].rf_reg_q_reg[7]/RD
                                2.00           3.16          -1.16  (VIOLATED)
       PIN :   ibex_top_inst/gen_regfile_ff.register_file_i/g_rf_flops[28].rf_reg_q_reg[8]/RD
                                2.00           3.16          -1.16  (VIOLATED)
       PIN :   ibex_top_inst/gen_regfile_ff.register_file_i/g_rf_flops[28].rf_reg_q_reg[9]/RD
                                2.00           3.16          -1.16  (VIOLATED)
       PIN :   ibex_top_inst/gen_regfile_ff.register_file_i/g_rf_flops[28].rf_reg_q_reg[10]/RD
                                2.00           3.16          -1.16  (VIOLATED)
       PIN :   ibex_top_inst/gen_regfile_ff.register_file_i/g_rf_flops[28].rf_reg_q_reg[11]/RD
                                2.00           3.16          -1.16  (VIOLATED)
       PIN :   ibex_top_inst/gen_regfile_ff.register_file_i/g_rf_flops[28].rf_reg_q_reg[12]/RD
                                2.00           3.16          -1.16  (VIOLATED)
       PIN :   ibex_top_inst/gen_regfile_ff.register_file_i/g_rf_flops[28].rf_reg_q_reg[13]/RD
                                2.00           3.16          -1.16  (VIOLATED)
       PIN :   ibex_top_inst/gen_regfile_ff.register_file_i/g_rf_flops[28].rf_reg_q_reg[14]/RD
                                2.00           3.16          -1.16  (VIOLATED)
       PIN :   ibex_top_inst/gen_regfile_ff.register_file_i/g_rf_flops[28].rf_reg_q_reg[15]/RD
                                2.00           3.16          -1.16  (VIOLATED)
       PIN :   ibex_top_inst/gen_regfile_ff.register_file_i/g_rf_flops[28].rf_reg_q_reg[16]/RD
                                2.00           3.16          -1.16  (VIOLATED)
       PIN :   ibex_top_inst/gen_regfile_ff.register_file_i/g_rf_flops[28].rf_reg_q_reg[17]/RD
                                2.00           3.16          -1.16  (VIOLATED)
       PIN :   ibex_top_inst/gen_regfile_ff.register_file_i/g_rf_flops[28].rf_reg_q_reg[18]/RD
                                2.00           3.16          -1.16  (VIOLATED)
       PIN :   ibex_top_inst/gen_regfile_ff.register_file_i/g_rf_flops[28].rf_reg_q_reg[20]/RD
                                2.00           3.16          -1.16  (VIOLATED)
       PIN :   ibex_top_inst/gen_regfile_ff.register_file_i/g_rf_flops[28].rf_reg_q_reg[21]/RD
                                2.00           3.16          -1.16  (VIOLATED)
       PIN :   ibex_top_inst/gen_regfile_ff.register_file_i/g_rf_flops[28].rf_reg_q_reg[22]/RD
                                2.00           3.16          -1.16  (VIOLATED)
       PIN :   ibex_top_inst/gen_regfile_ff.register_file_i/g_rf_flops[28].rf_reg_q_reg[23]/RD
                                2.00           3.16          -1.16  (VIOLATED)
       PIN :   ibex_top_inst/gen_regfile_ff.register_file_i/g_rf_flops[28].rf_reg_q_reg[24]/RD
                                2.00           3.16          -1.16  (VIOLATED)
       PIN :   ibex_top_inst/gen_regfile_ff.register_file_i/g_rf_flops[28].rf_reg_q_reg[25]/RD
                                2.00           3.16          -1.16  (VIOLATED)
       PIN :   ibex_top_inst/gen_regfile_ff.register_file_i/g_rf_flops[28].rf_reg_q_reg[26]/RD
                                2.00           3.16          -1.16  (VIOLATED)
       PIN :   ibex_top_inst/gen_regfile_ff.register_file_i/g_rf_flops[28].rf_reg_q_reg[27]/RD
                                2.00           3.16          -1.16  (VIOLATED)
       PIN :   ibex_top_inst/gen_regfile_ff.register_file_i/g_rf_flops[28].rf_reg_q_reg[28]/RD
                                2.00           3.16          -1.16  (VIOLATED)
       PIN :   ibex_top_inst/gen_regfile_ff.register_file_i/g_rf_flops[28].rf_reg_q_reg[29]/RD
                                2.00           3.16          -1.16  (VIOLATED)
       PIN :   ibex_top_inst/gen_regfile_ff.register_file_i/g_rf_flops[28].rf_reg_q_reg[30]/RD
                                2.00           3.16          -1.16  (VIOLATED)
       PIN :   ibex_top_inst/gen_regfile_ff.register_file_i/g_rf_flops[28].rf_reg_q_reg[31]/RD
                                2.00           3.16          -1.16  (VIOLATED)
       PIN :   ibex_top_inst/gen_regfile_ff.register_file_i/g_rf_flops[27].rf_reg_q_reg[0]/RD
                                2.00           3.16          -1.16  (VIOLATED)
       PIN :   ibex_top_inst/gen_regfile_ff.register_file_i/g_rf_flops[27].rf_reg_q_reg[1]/RD
                                2.00           3.16          -1.16  (VIOLATED)
       PIN :   ibex_top_inst/gen_regfile_ff.register_file_i/g_rf_flops[27].rf_reg_q_reg[3]/RD
                                2.00           3.16          -1.16  (VIOLATED)
       PIN :   ibex_top_inst/gen_regfile_ff.register_file_i/g_rf_flops[27].rf_reg_q_reg[4]/RD
                                2.00           3.16          -1.16  (VIOLATED)
       PIN :   ibex_top_inst/gen_regfile_ff.register_file_i/g_rf_flops[27].rf_reg_q_reg[5]/RD
                                2.00           3.16          -1.16  (VIOLATED)
       PIN :   ibex_top_inst/gen_regfile_ff.register_file_i/g_rf_flops[27].rf_reg_q_reg[6]/RD
                                2.00           3.16          -1.16  (VIOLATED)
       PIN :   ibex_top_inst/gen_regfile_ff.register_file_i/g_rf_flops[27].rf_reg_q_reg[7]/RD
                                2.00           3.16          -1.16  (VIOLATED)
       PIN :   ibex_top_inst/gen_regfile_ff.register_file_i/g_rf_flops[27].rf_reg_q_reg[8]/RD
                                2.00           3.16          -1.16  (VIOLATED)
       PIN :   ibex_top_inst/gen_regfile_ff.register_file_i/g_rf_flops[27].rf_reg_q_reg[9]/RD
                                2.00           3.16          -1.16  (VIOLATED)
       PIN :   ibex_top_inst/gen_regfile_ff.register_file_i/g_rf_flops[27].rf_reg_q_reg[10]/RD
                                2.00           3.16          -1.16  (VIOLATED)
       PIN :   ibex_top_inst/gen_regfile_ff.register_file_i/g_rf_flops[27].rf_reg_q_reg[11]/RD
                                2.00           3.16          -1.16  (VIOLATED)
       PIN :   ibex_top_inst/gen_regfile_ff.register_file_i/g_rf_flops[27].rf_reg_q_reg[12]/RD
                                2.00           3.16          -1.16  (VIOLATED)
       PIN :   ibex_top_inst/gen_regfile_ff.register_file_i/g_rf_flops[27].rf_reg_q_reg[13]/RD
                                2.00           3.16          -1.16  (VIOLATED)
       PIN :   ibex_top_inst/gen_regfile_ff.register_file_i/g_rf_flops[27].rf_reg_q_reg[14]/RD
                                2.00           3.16          -1.16  (VIOLATED)
       PIN :   ibex_top_inst/gen_regfile_ff.register_file_i/g_rf_flops[27].rf_reg_q_reg[15]/RD
                                2.00           3.16          -1.16  (VIOLATED)
       PIN :   ibex_top_inst/gen_regfile_ff.register_file_i/g_rf_flops[27].rf_reg_q_reg[16]/RD
                                2.00           3.16          -1.16  (VIOLATED)
       PIN :   ibex_top_inst/gen_regfile_ff.register_file_i/g_rf_flops[27].rf_reg_q_reg[18]/RD
                                2.00           3.16          -1.16  (VIOLATED)
       PIN :   ibex_top_inst/gen_regfile_ff.register_file_i/g_rf_flops[27].rf_reg_q_reg[19]/RD
                                2.00           3.16          -1.16  (VIOLATED)
       PIN :   ibex_top_inst/gen_regfile_ff.register_file_i/g_rf_flops[27].rf_reg_q_reg[20]/RD
                                2.00           3.16          -1.16  (VIOLATED)
       PIN :   ibex_top_inst/gen_regfile_ff.register_file_i/g_rf_flops[27].rf_reg_q_reg[21]/RD
                                2.00           3.16          -1.16  (VIOLATED)
       PIN :   ibex_top_inst/gen_regfile_ff.register_file_i/g_rf_flops[27].rf_reg_q_reg[22]/RD
                                2.00           3.16          -1.16  (VIOLATED)
       PIN :   ibex_top_inst/gen_regfile_ff.register_file_i/g_rf_flops[27].rf_reg_q_reg[23]/RD
                                2.00           3.16          -1.16  (VIOLATED)
       PIN :   ibex_top_inst/gen_regfile_ff.register_file_i/g_rf_flops[27].rf_reg_q_reg[24]/RD
                                2.00           3.16          -1.16  (VIOLATED)
       PIN :   ibex_top_inst/gen_regfile_ff.register_file_i/g_rf_flops[27].rf_reg_q_reg[25]/RD
                                2.00           3.16          -1.16  (VIOLATED)
       PIN :   ibex_top_inst/gen_regfile_ff.register_file_i/g_rf_flops[27].rf_reg_q_reg[26]/RD
                                2.00           3.16          -1.16  (VIOLATED)
       PIN :   ibex_top_inst/gen_regfile_ff.register_file_i/g_rf_flops[27].rf_reg_q_reg[27]/RD
                                2.00           3.16          -1.16  (VIOLATED)
       PIN :   ibex_top_inst/gen_regfile_ff.register_file_i/g_rf_flops[27].rf_reg_q_reg[28]/RD
                                2.00           3.16          -1.16  (VIOLATED)
       PIN :   ibex_top_inst/gen_regfile_ff.register_file_i/g_rf_flops[27].rf_reg_q_reg[29]/RD
                                2.00           3.16          -1.16  (VIOLATED)
       PIN :   ibex_top_inst/gen_regfile_ff.register_file_i/g_rf_flops[27].rf_reg_q_reg[30]/RD
                                2.00           3.16          -1.16  (VIOLATED)
       PIN :   ibex_top_inst/gen_regfile_ff.register_file_i/g_rf_flops[27].rf_reg_q_reg[31]/RD
                                2.00           3.16          -1.16  (VIOLATED)
       PIN :   ibex_top_inst/gen_regfile_ff.register_file_i/g_rf_flops[26].rf_reg_q_reg[1]/RD
                                2.00           3.16          -1.16  (VIOLATED)
       PIN :   ibex_top_inst/gen_regfile_ff.register_file_i/g_rf_flops[26].rf_reg_q_reg[2]/RD
                                2.00           3.16          -1.16  (VIOLATED)
       PIN :   ibex_top_inst/gen_regfile_ff.register_file_i/g_rf_flops[26].rf_reg_q_reg[3]/RD
                                2.00           3.16          -1.16  (VIOLATED)
       PIN :   ibex_top_inst/gen_regfile_ff.register_file_i/g_rf_flops[26].rf_reg_q_reg[4]/RD
                                2.00           3.16          -1.16  (VIOLATED)
       PIN :   ibex_top_inst/gen_regfile_ff.register_file_i/g_rf_flops[26].rf_reg_q_reg[5]/RD
                                2.00           3.16          -1.16  (VIOLATED)
       PIN :   ibex_top_inst/gen_regfile_ff.register_file_i/g_rf_flops[26].rf_reg_q_reg[6]/RD
                                2.00           3.16          -1.16  (VIOLATED)
       PIN :   ibex_top_inst/gen_regfile_ff.register_file_i/g_rf_flops[26].rf_reg_q_reg[7]/RD
                                2.00           3.16          -1.16  (VIOLATED)
       PIN :   ibex_top_inst/gen_regfile_ff.register_file_i/g_rf_flops[26].rf_reg_q_reg[8]/RD
                                2.00           3.16          -1.16  (VIOLATED)
       PIN :   ibex_top_inst/gen_regfile_ff.register_file_i/g_rf_flops[26].rf_reg_q_reg[9]/RD
                                2.00           3.16          -1.16  (VIOLATED)
       PIN :   ibex_top_inst/gen_regfile_ff.register_file_i/g_rf_flops[26].rf_reg_q_reg[10]/RD
                                2.00           3.16          -1.16  (VIOLATED)
       PIN :   ibex_top_inst/gen_regfile_ff.register_file_i/g_rf_flops[26].rf_reg_q_reg[11]/RD
                                2.00           3.16          -1.16  (VIOLATED)
       PIN :   ibex_top_inst/gen_regfile_ff.register_file_i/g_rf_flops[26].rf_reg_q_reg[12]/RD
                                2.00           3.16          -1.16  (VIOLATED)
       PIN :   ibex_top_inst/gen_regfile_ff.register_file_i/g_rf_flops[26].rf_reg_q_reg[13]/RD
                                2.00           3.16          -1.16  (VIOLATED)
       PIN :   ibex_top_inst/gen_regfile_ff.register_file_i/g_rf_flops[26].rf_reg_q_reg[14]/RD
                                2.00           3.16          -1.16  (VIOLATED)
       PIN :   ibex_top_inst/gen_regfile_ff.register_file_i/g_rf_flops[26].rf_reg_q_reg[16]/RD
                                2.00           3.16          -1.16  (VIOLATED)
       PIN :   ibex_top_inst/gen_regfile_ff.register_file_i/g_rf_flops[26].rf_reg_q_reg[17]/RD
                                2.00           3.16          -1.16  (VIOLATED)
       PIN :   ibex_top_inst/gen_regfile_ff.register_file_i/g_rf_flops[26].rf_reg_q_reg[18]/RD
                                2.00           3.16          -1.16  (VIOLATED)
       PIN :   ibex_top_inst/gen_regfile_ff.register_file_i/g_rf_flops[26].rf_reg_q_reg[19]/RD
                                2.00           3.16          -1.16  (VIOLATED)
       PIN :   ibex_top_inst/gen_regfile_ff.register_file_i/g_rf_flops[26].rf_reg_q_reg[20]/RD
                                2.00           3.16          -1.16  (VIOLATED)
       PIN :   ibex_top_inst/gen_regfile_ff.register_file_i/g_rf_flops[26].rf_reg_q_reg[21]/RD
                                2.00           3.16          -1.16  (VIOLATED)
       PIN :   ibex_top_inst/gen_regfile_ff.register_file_i/g_rf_flops[26].rf_reg_q_reg[22]/RD
                                2.00           3.16          -1.16  (VIOLATED)
       PIN :   ibex_top_inst/gen_regfile_ff.register_file_i/g_rf_flops[26].rf_reg_q_reg[23]/RD
                                2.00           3.16          -1.16  (VIOLATED)
       PIN :   ibex_top_inst/gen_regfile_ff.register_file_i/g_rf_flops[26].rf_reg_q_reg[24]/RD
                                2.00           3.16          -1.16  (VIOLATED)
       PIN :   ibex_top_inst/gen_regfile_ff.register_file_i/g_rf_flops[26].rf_reg_q_reg[25]/RD
                                2.00           3.16          -1.16  (VIOLATED)
       PIN :   ibex_top_inst/gen_regfile_ff.register_file_i/g_rf_flops[26].rf_reg_q_reg[26]/RD
                                2.00           3.16          -1.16  (VIOLATED)
       PIN :   ibex_top_inst/gen_regfile_ff.register_file_i/g_rf_flops[26].rf_reg_q_reg[27]/RD
                                2.00           3.16          -1.16  (VIOLATED)
       PIN :   ibex_top_inst/gen_regfile_ff.register_file_i/g_rf_flops[26].rf_reg_q_reg[28]/RD
                                2.00           3.16          -1.16  (VIOLATED)
       PIN :   ibex_top_inst/gen_regfile_ff.register_file_i/g_rf_flops[26].rf_reg_q_reg[29]/RD
                                2.00           3.16          -1.16  (VIOLATED)
       PIN :   ibex_top_inst/gen_regfile_ff.register_file_i/g_rf_flops[26].rf_reg_q_reg[31]/RD
                                2.00           3.16          -1.16  (VIOLATED)
       PIN :   ibex_top_inst/gen_regfile_ff.register_file_i/g_rf_flops[25].rf_reg_q_reg[0]/RD
                                2.00           3.16          -1.16  (VIOLATED)
       PIN :   ibex_top_inst/gen_regfile_ff.register_file_i/g_rf_flops[25].rf_reg_q_reg[1]/RD
                                2.00           3.16          -1.16  (VIOLATED)
       PIN :   ibex_top_inst/gen_regfile_ff.register_file_i/g_rf_flops[25].rf_reg_q_reg[2]/RD
                                2.00           3.16          -1.16  (VIOLATED)
       PIN :   ibex_top_inst/gen_regfile_ff.register_file_i/g_rf_flops[25].rf_reg_q_reg[3]/RD
                                2.00           3.16          -1.16  (VIOLATED)
       PIN :   ibex_top_inst/gen_regfile_ff.register_file_i/g_rf_flops[25].rf_reg_q_reg[4]/RD
                                2.00           3.16          -1.16  (VIOLATED)
       PIN :   ibex_top_inst/gen_regfile_ff.register_file_i/g_rf_flops[25].rf_reg_q_reg[5]/RD
                                2.00           3.16          -1.16  (VIOLATED)
       PIN :   ibex_top_inst/gen_regfile_ff.register_file_i/g_rf_flops[25].rf_reg_q_reg[6]/RD
                                2.00           3.16          -1.16  (VIOLATED)
       PIN :   ibex_top_inst/gen_regfile_ff.register_file_i/g_rf_flops[25].rf_reg_q_reg[7]/RD
                                2.00           3.16          -1.16  (VIOLATED)
       PIN :   ibex_top_inst/gen_regfile_ff.register_file_i/g_rf_flops[25].rf_reg_q_reg[8]/RD
                                2.00           3.16          -1.16  (VIOLATED)
       PIN :   ibex_top_inst/gen_regfile_ff.register_file_i/g_rf_flops[25].rf_reg_q_reg[9]/RD
                                2.00           3.16          -1.16  (VIOLATED)
       PIN :   ibex_top_inst/gen_regfile_ff.register_file_i/g_rf_flops[25].rf_reg_q_reg[10]/RD
                                2.00           3.16          -1.16  (VIOLATED)
       PIN :   ibex_top_inst/gen_regfile_ff.register_file_i/g_rf_flops[25].rf_reg_q_reg[11]/RD
                                2.00           3.16          -1.16  (VIOLATED)
       PIN :   ibex_top_inst/gen_regfile_ff.register_file_i/g_rf_flops[25].rf_reg_q_reg[12]/RD
                                2.00           3.16          -1.16  (VIOLATED)
       PIN :   ibex_top_inst/gen_regfile_ff.register_file_i/g_rf_flops[25].rf_reg_q_reg[14]/RD
                                2.00           3.16          -1.16  (VIOLATED)
       PIN :   ibex_top_inst/gen_regfile_ff.register_file_i/g_rf_flops[25].rf_reg_q_reg[15]/RD
                                2.00           3.16          -1.16  (VIOLATED)
       PIN :   ibex_top_inst/gen_regfile_ff.register_file_i/g_rf_flops[25].rf_reg_q_reg[16]/RD
                                2.00           3.16          -1.16  (VIOLATED)
       PIN :   ibex_top_inst/gen_regfile_ff.register_file_i/g_rf_flops[25].rf_reg_q_reg[17]/RD
                                2.00           3.16          -1.16  (VIOLATED)
       PIN :   ibex_top_inst/gen_regfile_ff.register_file_i/g_rf_flops[25].rf_reg_q_reg[18]/RD
                                2.00           3.16          -1.16  (VIOLATED)
       PIN :   ibex_top_inst/gen_regfile_ff.register_file_i/g_rf_flops[25].rf_reg_q_reg[19]/RD
                                2.00           3.16          -1.16  (VIOLATED)
       PIN :   ibex_top_inst/gen_regfile_ff.register_file_i/g_rf_flops[25].rf_reg_q_reg[20]/RD
                                2.00           3.16          -1.16  (VIOLATED)
       PIN :   ibex_top_inst/gen_regfile_ff.register_file_i/g_rf_flops[25].rf_reg_q_reg[21]/RD
                                2.00           3.16          -1.16  (VIOLATED)
       PIN :   ibex_top_inst/gen_regfile_ff.register_file_i/g_rf_flops[25].rf_reg_q_reg[22]/RD
                                2.00           3.16          -1.16  (VIOLATED)
       PIN :   ibex_top_inst/gen_regfile_ff.register_file_i/g_rf_flops[25].rf_reg_q_reg[23]/RD
                                2.00           3.16          -1.16  (VIOLATED)
       PIN :   ibex_top_inst/gen_regfile_ff.register_file_i/g_rf_flops[25].rf_reg_q_reg[24]/RD
                                2.00           3.16          -1.16  (VIOLATED)
       PIN :   ibex_top_inst/gen_regfile_ff.register_file_i/g_rf_flops[25].rf_reg_q_reg[25]/RD
                                2.00           3.16          -1.16  (VIOLATED)
       PIN :   ibex_top_inst/gen_regfile_ff.register_file_i/g_rf_flops[25].rf_reg_q_reg[26]/RD
                                2.00           3.16          -1.16  (VIOLATED)
       PIN :   ibex_top_inst/gen_regfile_ff.register_file_i/g_rf_flops[25].rf_reg_q_reg[27]/RD
                                2.00           3.16          -1.16  (VIOLATED)
       PIN :   ibex_top_inst/gen_regfile_ff.register_file_i/g_rf_flops[25].rf_reg_q_reg[29]/RD
                                2.00           3.16          -1.16  (VIOLATED)
       PIN :   ibex_top_inst/gen_regfile_ff.register_file_i/g_rf_flops[25].rf_reg_q_reg[30]/RD
                                2.00           3.16          -1.16  (VIOLATED)
       PIN :   ibex_top_inst/gen_regfile_ff.register_file_i/g_rf_flops[25].rf_reg_q_reg[31]/RD
                                2.00           3.16          -1.16  (VIOLATED)
       PIN :   ibex_top_inst/gen_regfile_ff.register_file_i/g_rf_flops[24].rf_reg_q_reg[0]/RD
                                2.00           3.16          -1.16  (VIOLATED)
       PIN :   ibex_top_inst/gen_regfile_ff.register_file_i/g_rf_flops[24].rf_reg_q_reg[1]/RD
                                2.00           3.16          -1.16  (VIOLATED)
       PIN :   ibex_top_inst/gen_regfile_ff.register_file_i/g_rf_flops[24].rf_reg_q_reg[2]/RD
                                2.00           3.16          -1.16  (VIOLATED)
       PIN :   ibex_top_inst/gen_regfile_ff.register_file_i/g_rf_flops[24].rf_reg_q_reg[3]/RD
                                2.00           3.16          -1.16  (VIOLATED)
       PIN :   ibex_top_inst/gen_regfile_ff.register_file_i/g_rf_flops[24].rf_reg_q_reg[4]/RD
                                2.00           3.16          -1.16  (VIOLATED)
       PIN :   ibex_top_inst/gen_regfile_ff.register_file_i/g_rf_flops[24].rf_reg_q_reg[5]/RD
                                2.00           3.16          -1.16  (VIOLATED)
       PIN :   ibex_top_inst/gen_regfile_ff.register_file_i/g_rf_flops[24].rf_reg_q_reg[6]/RD
                                2.00           3.16          -1.16  (VIOLATED)
       PIN :   ibex_top_inst/gen_regfile_ff.register_file_i/g_rf_flops[24].rf_reg_q_reg[7]/RD
                                2.00           3.16          -1.16  (VIOLATED)
       PIN :   ibex_top_inst/gen_regfile_ff.register_file_i/g_rf_flops[24].rf_reg_q_reg[8]/RD
                                2.00           3.16          -1.16  (VIOLATED)
       PIN :   ibex_top_inst/gen_regfile_ff.register_file_i/g_rf_flops[24].rf_reg_q_reg[9]/RD
                                2.00           3.16          -1.16  (VIOLATED)
       PIN :   ibex_top_inst/gen_regfile_ff.register_file_i/g_rf_flops[24].rf_reg_q_reg[10]/RD
                                2.00           3.16          -1.16  (VIOLATED)
       PIN :   ibex_top_inst/gen_regfile_ff.register_file_i/g_rf_flops[24].rf_reg_q_reg[12]/RD
                                2.00           3.16          -1.16  (VIOLATED)
       PIN :   ibex_top_inst/gen_regfile_ff.register_file_i/g_rf_flops[24].rf_reg_q_reg[13]/RD
                                2.00           3.16          -1.16  (VIOLATED)
       PIN :   ibex_top_inst/gen_regfile_ff.register_file_i/g_rf_flops[24].rf_reg_q_reg[14]/RD
                                2.00           3.16          -1.16  (VIOLATED)
       PIN :   ibex_top_inst/gen_regfile_ff.register_file_i/g_rf_flops[24].rf_reg_q_reg[15]/RD
                                2.00           3.16          -1.16  (VIOLATED)
       PIN :   ibex_top_inst/gen_regfile_ff.register_file_i/g_rf_flops[24].rf_reg_q_reg[16]/RD
                                2.00           3.16          -1.16  (VIOLATED)
       PIN :   ibex_top_inst/gen_regfile_ff.register_file_i/g_rf_flops[24].rf_reg_q_reg[17]/RD
                                2.00           3.16          -1.16  (VIOLATED)
       PIN :   ibex_top_inst/gen_regfile_ff.register_file_i/g_rf_flops[24].rf_reg_q_reg[18]/RD
                                2.00           3.16          -1.16  (VIOLATED)
       PIN :   ibex_top_inst/gen_regfile_ff.register_file_i/g_rf_flops[24].rf_reg_q_reg[19]/RD
                                2.00           3.16          -1.16  (VIOLATED)
       PIN :   ibex_top_inst/gen_regfile_ff.register_file_i/g_rf_flops[24].rf_reg_q_reg[20]/RD
                                2.00           3.16          -1.16  (VIOLATED)
       PIN :   ibex_top_inst/gen_regfile_ff.register_file_i/g_rf_flops[24].rf_reg_q_reg[21]/RD
                                2.00           3.16          -1.16  (VIOLATED)
       PIN :   ibex_top_inst/gen_regfile_ff.register_file_i/g_rf_flops[24].rf_reg_q_reg[22]/RD
                                2.00           3.16          -1.16  (VIOLATED)
       PIN :   ibex_top_inst/gen_regfile_ff.register_file_i/g_rf_flops[24].rf_reg_q_reg[23]/RD
                                2.00           3.16          -1.16  (VIOLATED)
       PIN :   ibex_top_inst/gen_regfile_ff.register_file_i/g_rf_flops[24].rf_reg_q_reg[24]/RD
                                2.00           3.16          -1.16  (VIOLATED)
       PIN :   ibex_top_inst/gen_regfile_ff.register_file_i/g_rf_flops[24].rf_reg_q_reg[25]/RD
                                2.00           3.16          -1.16  (VIOLATED)
       PIN :   ibex_top_inst/gen_regfile_ff.register_file_i/g_rf_flops[24].rf_reg_q_reg[27]/RD
                                2.00           3.16          -1.16  (VIOLATED)
       PIN :   ibex_top_inst/gen_regfile_ff.register_file_i/g_rf_flops[24].rf_reg_q_reg[28]/RD
                                2.00           3.16          -1.16  (VIOLATED)
       PIN :   ibex_top_inst/gen_regfile_ff.register_file_i/g_rf_flops[24].rf_reg_q_reg[29]/RD
                                2.00           3.16          -1.16  (VIOLATED)
       PIN :   ibex_top_inst/gen_regfile_ff.register_file_i/g_rf_flops[24].rf_reg_q_reg[30]/RD
                                2.00           3.16          -1.16  (VIOLATED)
       PIN :   ibex_top_inst/gen_regfile_ff.register_file_i/g_rf_flops[24].rf_reg_q_reg[31]/RD
                                2.00           3.16          -1.16  (VIOLATED)
       PIN :   ibex_top_inst/gen_regfile_ff.register_file_i/g_rf_flops[23].rf_reg_q_reg[0]/RD
                                2.00           3.16          -1.16  (VIOLATED)
       PIN :   ibex_top_inst/gen_regfile_ff.register_file_i/g_rf_flops[23].rf_reg_q_reg[1]/RD
                                2.00           3.16          -1.16  (VIOLATED)
       PIN :   ibex_top_inst/gen_regfile_ff.register_file_i/g_rf_flops[23].rf_reg_q_reg[2]/RD
                                2.00           3.16          -1.16  (VIOLATED)
       PIN :   ibex_top_inst/gen_regfile_ff.register_file_i/g_rf_flops[23].rf_reg_q_reg[3]/RD
                                2.00           3.16          -1.16  (VIOLATED)
       PIN :   ibex_top_inst/gen_regfile_ff.register_file_i/g_rf_flops[23].rf_reg_q_reg[4]/RD
                                2.00           3.16          -1.16  (VIOLATED)
       PIN :   ibex_top_inst/gen_regfile_ff.register_file_i/g_rf_flops[23].rf_reg_q_reg[5]/RD
                                2.00           3.16          -1.16  (VIOLATED)
       PIN :   ibex_top_inst/gen_regfile_ff.register_file_i/g_rf_flops[23].rf_reg_q_reg[6]/RD
                                2.00           3.16          -1.16  (VIOLATED)
       PIN :   ibex_top_inst/gen_regfile_ff.register_file_i/g_rf_flops[23].rf_reg_q_reg[7]/RD
                                2.00           3.16          -1.16  (VIOLATED)
       PIN :   ibex_top_inst/gen_regfile_ff.register_file_i/g_rf_flops[23].rf_reg_q_reg[8]/RD
                                2.00           3.16          -1.16  (VIOLATED)
       PIN :   ibex_top_inst/gen_regfile_ff.register_file_i/g_rf_flops[23].rf_reg_q_reg[10]/RD
                                2.00           3.16          -1.16  (VIOLATED)
       PIN :   ibex_top_inst/gen_regfile_ff.register_file_i/g_rf_flops[23].rf_reg_q_reg[11]/RD
                                2.00           3.16          -1.16  (VIOLATED)
       PIN :   ibex_top_inst/gen_regfile_ff.register_file_i/g_rf_flops[23].rf_reg_q_reg[12]/RD
                                2.00           3.16          -1.16  (VIOLATED)
       PIN :   ibex_top_inst/gen_regfile_ff.register_file_i/g_rf_flops[23].rf_reg_q_reg[13]/RD
                                2.00           3.16          -1.16  (VIOLATED)
       PIN :   ibex_top_inst/gen_regfile_ff.register_file_i/g_rf_flops[23].rf_reg_q_reg[14]/RD
                                2.00           3.16          -1.16  (VIOLATED)
       PIN :   ibex_top_inst/gen_regfile_ff.register_file_i/g_rf_flops[23].rf_reg_q_reg[15]/RD
                                2.00           3.16          -1.16  (VIOLATED)
       PIN :   ibex_top_inst/gen_regfile_ff.register_file_i/g_rf_flops[23].rf_reg_q_reg[16]/RD
                                2.00           3.16          -1.16  (VIOLATED)
       PIN :   ibex_top_inst/gen_regfile_ff.register_file_i/g_rf_flops[23].rf_reg_q_reg[17]/RD
                                2.00           3.16          -1.16  (VIOLATED)
       PIN :   ibex_top_inst/gen_regfile_ff.register_file_i/g_rf_flops[23].rf_reg_q_reg[18]/RD
                                2.00           3.16          -1.16  (VIOLATED)
       PIN :   ibex_top_inst/gen_regfile_ff.register_file_i/g_rf_flops[23].rf_reg_q_reg[19]/RD
                                2.00           3.16          -1.16  (VIOLATED)
       PIN :   ibex_top_inst/gen_regfile_ff.register_file_i/g_rf_flops[23].rf_reg_q_reg[20]/RD
                                2.00           3.16          -1.16  (VIOLATED)
       PIN :   ibex_top_inst/gen_regfile_ff.register_file_i/g_rf_flops[23].rf_reg_q_reg[21]/RD
                                2.00           3.16          -1.16  (VIOLATED)
       PIN :   ibex_top_inst/gen_regfile_ff.register_file_i/g_rf_flops[23].rf_reg_q_reg[22]/RD
                                2.00           3.16          -1.16  (VIOLATED)
       PIN :   ibex_top_inst/gen_regfile_ff.register_file_i/g_rf_flops[23].rf_reg_q_reg[23]/RD
                                2.00           3.16          -1.16  (VIOLATED)
       PIN :   ibex_top_inst/gen_regfile_ff.register_file_i/g_rf_flops[23].rf_reg_q_reg[25]/RD
                                2.00           3.16          -1.16  (VIOLATED)
       PIN :   ibex_top_inst/gen_regfile_ff.register_file_i/g_rf_flops[23].rf_reg_q_reg[26]/RD
                                2.00           3.16          -1.16  (VIOLATED)
       PIN :   ibex_top_inst/gen_regfile_ff.register_file_i/g_rf_flops[23].rf_reg_q_reg[27]/RD
                                2.00           3.16          -1.16  (VIOLATED)
       PIN :   ibex_top_inst/gen_regfile_ff.register_file_i/g_rf_flops[23].rf_reg_q_reg[28]/RD
                                2.00           3.16          -1.16  (VIOLATED)
       PIN :   ibex_top_inst/gen_regfile_ff.register_file_i/g_rf_flops[23].rf_reg_q_reg[29]/RD
                                2.00           3.16          -1.16  (VIOLATED)
       PIN :   ibex_top_inst/gen_regfile_ff.register_file_i/g_rf_flops[23].rf_reg_q_reg[30]/RD
                                2.00           3.16          -1.16  (VIOLATED)
       PIN :   ibex_top_inst/gen_regfile_ff.register_file_i/g_rf_flops[23].rf_reg_q_reg[31]/RD
                                2.00           3.16          -1.16  (VIOLATED)
       PIN :   ibex_top_inst/gen_regfile_ff.register_file_i/g_rf_flops[22].rf_reg_q_reg[0]/RD
                                2.00           3.16          -1.16  (VIOLATED)
       PIN :   ibex_top_inst/gen_regfile_ff.register_file_i/g_rf_flops[22].rf_reg_q_reg[1]/RD
                                2.00           3.16          -1.16  (VIOLATED)
       PIN :   ibex_top_inst/gen_regfile_ff.register_file_i/g_rf_flops[22].rf_reg_q_reg[2]/RD
                                2.00           3.16          -1.16  (VIOLATED)
       PIN :   ibex_top_inst/gen_regfile_ff.register_file_i/g_rf_flops[22].rf_reg_q_reg[3]/RD
                                2.00           3.16          -1.16  (VIOLATED)
       PIN :   ibex_top_inst/gen_regfile_ff.register_file_i/g_rf_flops[22].rf_reg_q_reg[4]/RD
                                2.00           3.16          -1.16  (VIOLATED)
       PIN :   ibex_top_inst/gen_regfile_ff.register_file_i/g_rf_flops[22].rf_reg_q_reg[5]/RD
                                2.00           3.16          -1.16  (VIOLATED)
       PIN :   ibex_top_inst/gen_regfile_ff.register_file_i/g_rf_flops[22].rf_reg_q_reg[6]/RD
                                2.00           3.16          -1.16  (VIOLATED)
       PIN :   ibex_top_inst/gen_regfile_ff.register_file_i/g_rf_flops[22].rf_reg_q_reg[8]/RD
                                2.00           3.16          -1.16  (VIOLATED)
       PIN :   ibex_top_inst/gen_regfile_ff.register_file_i/g_rf_flops[22].rf_reg_q_reg[9]/RD
                                2.00           3.16          -1.16  (VIOLATED)
       PIN :   ibex_top_inst/gen_regfile_ff.register_file_i/g_rf_flops[22].rf_reg_q_reg[10]/RD
                                2.00           3.16          -1.16  (VIOLATED)
       PIN :   ibex_top_inst/gen_regfile_ff.register_file_i/g_rf_flops[22].rf_reg_q_reg[11]/RD
                                2.00           3.16          -1.16  (VIOLATED)
       PIN :   ibex_top_inst/gen_regfile_ff.register_file_i/g_rf_flops[22].rf_reg_q_reg[12]/RD
                                2.00           3.16          -1.16  (VIOLATED)
       PIN :   ibex_top_inst/gen_regfile_ff.register_file_i/g_rf_flops[22].rf_reg_q_reg[13]/RD
                                2.00           3.16          -1.16  (VIOLATED)
       PIN :   ibex_top_inst/gen_regfile_ff.register_file_i/g_rf_flops[22].rf_reg_q_reg[14]/RD
                                2.00           3.16          -1.16  (VIOLATED)
       PIN :   ibex_top_inst/gen_regfile_ff.register_file_i/g_rf_flops[22].rf_reg_q_reg[15]/RD
                                2.00           3.16          -1.16  (VIOLATED)
       PIN :   ibex_top_inst/gen_regfile_ff.register_file_i/g_rf_flops[22].rf_reg_q_reg[16]/RD
                                2.00           3.16          -1.16  (VIOLATED)
       PIN :   ibex_top_inst/gen_regfile_ff.register_file_i/g_rf_flops[22].rf_reg_q_reg[17]/RD
                                2.00           3.16          -1.16  (VIOLATED)
       PIN :   ibex_top_inst/gen_regfile_ff.register_file_i/g_rf_flops[22].rf_reg_q_reg[18]/RD
                                2.00           3.16          -1.16  (VIOLATED)
       PIN :   ibex_top_inst/gen_regfile_ff.register_file_i/g_rf_flops[22].rf_reg_q_reg[19]/RD
                                2.00           3.16          -1.16  (VIOLATED)
       PIN :   ibex_top_inst/gen_regfile_ff.register_file_i/g_rf_flops[22].rf_reg_q_reg[20]/RD
                                2.00           3.16          -1.16  (VIOLATED)
       PIN :   ibex_top_inst/gen_regfile_ff.register_file_i/g_rf_flops[22].rf_reg_q_reg[21]/RD
                                2.00           3.16          -1.16  (VIOLATED)
       PIN :   ibex_top_inst/gen_regfile_ff.register_file_i/g_rf_flops[22].rf_reg_q_reg[23]/RD
                                2.00           3.16          -1.16  (VIOLATED)
       PIN :   ibex_top_inst/gen_regfile_ff.register_file_i/g_rf_flops[22].rf_reg_q_reg[24]/RD
                                2.00           3.16          -1.16  (VIOLATED)
       PIN :   ibex_top_inst/gen_regfile_ff.register_file_i/g_rf_flops[22].rf_reg_q_reg[25]/RD
                                2.00           3.16          -1.16  (VIOLATED)
       PIN :   ibex_top_inst/gen_regfile_ff.register_file_i/g_rf_flops[22].rf_reg_q_reg[26]/RD
                                2.00           3.16          -1.16  (VIOLATED)
       PIN :   ibex_top_inst/gen_regfile_ff.register_file_i/g_rf_flops[22].rf_reg_q_reg[27]/RD
                                2.00           3.16          -1.16  (VIOLATED)
       PIN :   ibex_top_inst/gen_regfile_ff.register_file_i/g_rf_flops[22].rf_reg_q_reg[28]/RD
                                2.00           3.16          -1.16  (VIOLATED)
       PIN :   ibex_top_inst/gen_regfile_ff.register_file_i/g_rf_flops[22].rf_reg_q_reg[29]/RD
                                2.00           3.16          -1.16  (VIOLATED)
       PIN :   ibex_top_inst/gen_regfile_ff.register_file_i/g_rf_flops[22].rf_reg_q_reg[30]/RD
                                2.00           3.16          -1.16  (VIOLATED)
       PIN :   ibex_top_inst/gen_regfile_ff.register_file_i/g_rf_flops[22].rf_reg_q_reg[31]/RD
                                2.00           3.16          -1.16  (VIOLATED)
       PIN :   ibex_top_inst/gen_regfile_ff.register_file_i/g_rf_flops[21].rf_reg_q_reg[0]/RD
                                2.00           3.16          -1.16  (VIOLATED)
       PIN :   ibex_top_inst/gen_regfile_ff.register_file_i/g_rf_flops[21].rf_reg_q_reg[1]/RD
                                2.00           3.16          -1.16  (VIOLATED)
       PIN :   ibex_top_inst/gen_regfile_ff.register_file_i/g_rf_flops[21].rf_reg_q_reg[2]/RD
                                2.00           3.16          -1.16  (VIOLATED)
       PIN :   ibex_top_inst/gen_regfile_ff.register_file_i/g_rf_flops[21].rf_reg_q_reg[3]/RD
                                2.00           3.16          -1.16  (VIOLATED)
       PIN :   ibex_top_inst/gen_regfile_ff.register_file_i/g_rf_flops[21].rf_reg_q_reg[4]/RD
                                2.00           3.16          -1.16  (VIOLATED)
       PIN :   ibex_top_inst/gen_regfile_ff.register_file_i/g_rf_flops[21].rf_reg_q_reg[6]/RD
                                2.00           3.16          -1.16  (VIOLATED)
       PIN :   ibex_top_inst/gen_regfile_ff.register_file_i/g_rf_flops[21].rf_reg_q_reg[7]/RD
                                2.00           3.16          -1.16  (VIOLATED)
       PIN :   ibex_top_inst/gen_regfile_ff.register_file_i/g_rf_flops[21].rf_reg_q_reg[8]/RD
                                2.00           3.16          -1.16  (VIOLATED)
       PIN :   ibex_top_inst/gen_regfile_ff.register_file_i/g_rf_flops[21].rf_reg_q_reg[9]/RD
                                2.00           3.16          -1.16  (VIOLATED)
       PIN :   ibex_top_inst/gen_regfile_ff.register_file_i/g_rf_flops[21].rf_reg_q_reg[10]/RD
                                2.00           3.16          -1.16  (VIOLATED)
       PIN :   ibex_top_inst/gen_regfile_ff.register_file_i/g_rf_flops[21].rf_reg_q_reg[11]/RD
                                2.00           3.16          -1.16  (VIOLATED)
       PIN :   ibex_top_inst/gen_regfile_ff.register_file_i/g_rf_flops[21].rf_reg_q_reg[12]/RD
                                2.00           3.16          -1.16  (VIOLATED)
       PIN :   ibex_top_inst/gen_regfile_ff.register_file_i/g_rf_flops[21].rf_reg_q_reg[13]/RD
                                2.00           3.16          -1.16  (VIOLATED)
       PIN :   ibex_top_inst/gen_regfile_ff.register_file_i/g_rf_flops[21].rf_reg_q_reg[14]/RD
                                2.00           3.16          -1.16  (VIOLATED)
       PIN :   ibex_top_inst/gen_regfile_ff.register_file_i/g_rf_flops[21].rf_reg_q_reg[15]/RD
                                2.00           3.16          -1.16  (VIOLATED)
       PIN :   ibex_top_inst/gen_regfile_ff.register_file_i/g_rf_flops[21].rf_reg_q_reg[16]/RD
                                2.00           3.16          -1.16  (VIOLATED)
       PIN :   ibex_top_inst/gen_regfile_ff.register_file_i/g_rf_flops[21].rf_reg_q_reg[17]/RD
                                2.00           3.16          -1.16  (VIOLATED)
       PIN :   ibex_top_inst/gen_regfile_ff.register_file_i/g_rf_flops[21].rf_reg_q_reg[18]/RD
                                2.00           3.16          -1.16  (VIOLATED)
       PIN :   ibex_top_inst/gen_regfile_ff.register_file_i/g_rf_flops[21].rf_reg_q_reg[19]/RD
                                2.00           3.16          -1.16  (VIOLATED)
       PIN :   ibex_top_inst/gen_regfile_ff.register_file_i/g_rf_flops[21].rf_reg_q_reg[21]/RD
                                2.00           3.16          -1.16  (VIOLATED)
       PIN :   ibex_top_inst/gen_regfile_ff.register_file_i/g_rf_flops[21].rf_reg_q_reg[22]/RD
                                2.00           3.16          -1.16  (VIOLATED)
       PIN :   ibex_top_inst/gen_regfile_ff.register_file_i/g_rf_flops[21].rf_reg_q_reg[23]/RD
                                2.00           3.16          -1.16  (VIOLATED)
       PIN :   ibex_top_inst/gen_regfile_ff.register_file_i/g_rf_flops[21].rf_reg_q_reg[24]/RD
                                2.00           3.16          -1.16  (VIOLATED)
       PIN :   ibex_top_inst/gen_regfile_ff.register_file_i/g_rf_flops[21].rf_reg_q_reg[25]/RD
                                2.00           3.16          -1.16  (VIOLATED)
       PIN :   ibex_top_inst/gen_regfile_ff.register_file_i/g_rf_flops[21].rf_reg_q_reg[26]/RD
                                2.00           3.16          -1.16  (VIOLATED)
       PIN :   ibex_top_inst/gen_regfile_ff.register_file_i/g_rf_flops[21].rf_reg_q_reg[27]/RD
                                2.00           3.16          -1.16  (VIOLATED)
       PIN :   ibex_top_inst/gen_regfile_ff.register_file_i/g_rf_flops[21].rf_reg_q_reg[28]/RD
                                2.00           3.16          -1.16  (VIOLATED)
       PIN :   ibex_top_inst/gen_regfile_ff.register_file_i/g_rf_flops[21].rf_reg_q_reg[29]/RD
                                2.00           3.16          -1.16  (VIOLATED)
       PIN :   ibex_top_inst/gen_regfile_ff.register_file_i/g_rf_flops[21].rf_reg_q_reg[30]/RD
                                2.00           3.16          -1.16  (VIOLATED)
       PIN :   ibex_top_inst/gen_regfile_ff.register_file_i/g_rf_flops[21].rf_reg_q_reg[31]/RD
                                2.00           3.16          -1.16  (VIOLATED)
       PIN :   ibex_top_inst/gen_regfile_ff.register_file_i/g_rf_flops[20].rf_reg_q_reg[0]/RD
                                2.00           3.16          -1.16  (VIOLATED)
       PIN :   ibex_top_inst/gen_regfile_ff.register_file_i/g_rf_flops[20].rf_reg_q_reg[1]/RD
                                2.00           3.16          -1.16  (VIOLATED)
       PIN :   ibex_top_inst/gen_regfile_ff.register_file_i/g_rf_flops[20].rf_reg_q_reg[2]/RD
                                2.00           3.16          -1.16  (VIOLATED)
       PIN :   ibex_top_inst/gen_regfile_ff.register_file_i/g_rf_flops[20].rf_reg_q_reg[4]/RD
                                2.00           3.16          -1.16  (VIOLATED)
       PIN :   ibex_top_inst/gen_regfile_ff.register_file_i/g_rf_flops[20].rf_reg_q_reg[5]/RD
                                2.00           3.16          -1.16  (VIOLATED)
       PIN :   ibex_top_inst/gen_regfile_ff.register_file_i/g_rf_flops[20].rf_reg_q_reg[6]/RD
                                2.00           3.16          -1.16  (VIOLATED)
       PIN :   ibex_top_inst/gen_regfile_ff.register_file_i/g_rf_flops[20].rf_reg_q_reg[7]/RD
                                2.00           3.16          -1.16  (VIOLATED)
       PIN :   ibex_top_inst/gen_regfile_ff.register_file_i/g_rf_flops[20].rf_reg_q_reg[8]/RD
                                2.00           3.16          -1.16  (VIOLATED)
       PIN :   ibex_top_inst/gen_regfile_ff.register_file_i/g_rf_flops[20].rf_reg_q_reg[9]/RD
                                2.00           3.16          -1.16  (VIOLATED)
       PIN :   ibex_top_inst/gen_regfile_ff.register_file_i/g_rf_flops[20].rf_reg_q_reg[10]/RD
                                2.00           3.16          -1.16  (VIOLATED)
       PIN :   ibex_top_inst/gen_regfile_ff.register_file_i/g_rf_flops[20].rf_reg_q_reg[11]/RD
                                2.00           3.16          -1.16  (VIOLATED)
       PIN :   ibex_top_inst/gen_regfile_ff.register_file_i/g_rf_flops[20].rf_reg_q_reg[12]/RD
                                2.00           3.16          -1.16  (VIOLATED)
       PIN :   ibex_top_inst/gen_regfile_ff.register_file_i/g_rf_flops[20].rf_reg_q_reg[13]/RD
                                2.00           3.16          -1.16  (VIOLATED)
       PIN :   ibex_top_inst/gen_regfile_ff.register_file_i/g_rf_flops[20].rf_reg_q_reg[14]/RD
                                2.00           3.16          -1.16  (VIOLATED)
       PIN :   ibex_top_inst/gen_regfile_ff.register_file_i/g_rf_flops[20].rf_reg_q_reg[15]/RD
                                2.00           3.16          -1.16  (VIOLATED)
       PIN :   ibex_top_inst/gen_regfile_ff.register_file_i/g_rf_flops[20].rf_reg_q_reg[16]/RD
                                2.00           3.16          -1.16  (VIOLATED)
       PIN :   ibex_top_inst/gen_regfile_ff.register_file_i/g_rf_flops[20].rf_reg_q_reg[17]/RD
                                2.00           3.16          -1.16  (VIOLATED)
       PIN :   ibex_top_inst/gen_regfile_ff.register_file_i/g_rf_flops[20].rf_reg_q_reg[19]/RD
                                2.00           3.16          -1.16  (VIOLATED)
       PIN :   ibex_top_inst/gen_regfile_ff.register_file_i/g_rf_flops[20].rf_reg_q_reg[20]/RD
                                2.00           3.16          -1.16  (VIOLATED)
       PIN :   ibex_top_inst/gen_regfile_ff.register_file_i/g_rf_flops[20].rf_reg_q_reg[21]/RD
                                2.00           3.16          -1.16  (VIOLATED)
       PIN :   ibex_top_inst/gen_regfile_ff.register_file_i/g_rf_flops[20].rf_reg_q_reg[22]/RD
                                2.00           3.16          -1.16  (VIOLATED)
       PIN :   ibex_top_inst/gen_regfile_ff.register_file_i/g_rf_flops[20].rf_reg_q_reg[23]/RD
                                2.00           3.16          -1.16  (VIOLATED)
       PIN :   ibex_top_inst/gen_regfile_ff.register_file_i/g_rf_flops[20].rf_reg_q_reg[24]/RD
                                2.00           3.16          -1.16  (VIOLATED)
       PIN :   ibex_top_inst/gen_regfile_ff.register_file_i/g_rf_flops[20].rf_reg_q_reg[25]/RD
                                2.00           3.16          -1.16  (VIOLATED)
       PIN :   ibex_top_inst/gen_regfile_ff.register_file_i/g_rf_flops[20].rf_reg_q_reg[26]/RD
                                2.00           3.16          -1.16  (VIOLATED)
       PIN :   ibex_top_inst/gen_regfile_ff.register_file_i/g_rf_flops[20].rf_reg_q_reg[27]/RD
                                2.00           3.16          -1.16  (VIOLATED)
       PIN :   ibex_top_inst/gen_regfile_ff.register_file_i/g_rf_flops[20].rf_reg_q_reg[28]/RD
                                2.00           3.16          -1.16  (VIOLATED)
       PIN :   ibex_top_inst/gen_regfile_ff.register_file_i/g_rf_flops[20].rf_reg_q_reg[29]/RD
                                2.00           3.16          -1.16  (VIOLATED)
       PIN :   ibex_top_inst/gen_regfile_ff.register_file_i/g_rf_flops[20].rf_reg_q_reg[30]/RD
                                2.00           3.16          -1.16  (VIOLATED)
       PIN :   ibex_top_inst/gen_regfile_ff.register_file_i/g_rf_flops[20].rf_reg_q_reg[31]/RD
                                2.00           3.16          -1.16  (VIOLATED)
       PIN :   ibex_top_inst/gen_regfile_ff.register_file_i/g_rf_flops[19].rf_reg_q_reg[0]/RD
                                2.00           3.16          -1.16  (VIOLATED)
       PIN :   ibex_top_inst/gen_regfile_ff.register_file_i/g_rf_flops[19].rf_reg_q_reg[2]/RD
                                2.00           3.16          -1.16  (VIOLATED)
       PIN :   ibex_top_inst/gen_regfile_ff.register_file_i/g_rf_flops[19].rf_reg_q_reg[3]/RD
                                2.00           3.16          -1.16  (VIOLATED)
       PIN :   ibex_top_inst/gen_regfile_ff.register_file_i/g_rf_flops[19].rf_reg_q_reg[4]/RD
                                2.00           3.16          -1.16  (VIOLATED)
       PIN :   ibex_top_inst/gen_regfile_ff.register_file_i/g_rf_flops[19].rf_reg_q_reg[5]/RD
                                2.00           3.16          -1.16  (VIOLATED)
       PIN :   ibex_top_inst/gen_regfile_ff.register_file_i/g_rf_flops[19].rf_reg_q_reg[6]/RD
                                2.00           3.16          -1.16  (VIOLATED)
       PIN :   ibex_top_inst/gen_regfile_ff.register_file_i/g_rf_flops[19].rf_reg_q_reg[7]/RD
                                2.00           3.16          -1.16  (VIOLATED)
       PIN :   ibex_top_inst/gen_regfile_ff.register_file_i/g_rf_flops[19].rf_reg_q_reg[8]/RD
                                2.00           3.16          -1.16  (VIOLATED)
       PIN :   ibex_top_inst/gen_regfile_ff.register_file_i/g_rf_flops[19].rf_reg_q_reg[9]/RD
                                2.00           3.16          -1.16  (VIOLATED)
       PIN :   ibex_top_inst/gen_regfile_ff.register_file_i/g_rf_flops[19].rf_reg_q_reg[10]/RD
                                2.00           3.16          -1.16  (VIOLATED)
       PIN :   ibex_top_inst/gen_regfile_ff.register_file_i/g_rf_flops[19].rf_reg_q_reg[11]/RD
                                2.00           3.16          -1.16  (VIOLATED)
       PIN :   ibex_top_inst/gen_regfile_ff.register_file_i/g_rf_flops[19].rf_reg_q_reg[12]/RD
                                2.00           3.16          -1.16  (VIOLATED)
       PIN :   ibex_top_inst/gen_regfile_ff.register_file_i/g_rf_flops[19].rf_reg_q_reg[13]/RD
                                2.00           3.16          -1.16  (VIOLATED)
       PIN :   ibex_top_inst/gen_regfile_ff.register_file_i/g_rf_flops[19].rf_reg_q_reg[14]/RD
                                2.00           3.16          -1.16  (VIOLATED)
       PIN :   ibex_top_inst/gen_regfile_ff.register_file_i/g_rf_flops[19].rf_reg_q_reg[15]/RD
                                2.00           3.16          -1.16  (VIOLATED)
       PIN :   ibex_top_inst/gen_regfile_ff.register_file_i/g_rf_flops[19].rf_reg_q_reg[17]/RD
                                2.00           3.16          -1.16  (VIOLATED)
       PIN :   ibex_top_inst/gen_regfile_ff.register_file_i/g_rf_flops[19].rf_reg_q_reg[18]/RD
                                2.00           3.16          -1.16  (VIOLATED)
       PIN :   ibex_top_inst/gen_regfile_ff.register_file_i/g_rf_flops[19].rf_reg_q_reg[19]/RD
                                2.00           3.16          -1.16  (VIOLATED)
       PIN :   ibex_top_inst/gen_regfile_ff.register_file_i/g_rf_flops[19].rf_reg_q_reg[20]/RD
                                2.00           3.16          -1.16  (VIOLATED)
       PIN :   ibex_top_inst/gen_regfile_ff.register_file_i/g_rf_flops[19].rf_reg_q_reg[21]/RD
                                2.00           3.16          -1.16  (VIOLATED)
       PIN :   ibex_top_inst/gen_regfile_ff.register_file_i/g_rf_flops[19].rf_reg_q_reg[22]/RD
                                2.00           3.16          -1.16  (VIOLATED)
       PIN :   ibex_top_inst/gen_regfile_ff.register_file_i/g_rf_flops[19].rf_reg_q_reg[23]/RD
                                2.00           3.16          -1.16  (VIOLATED)
       PIN :   ibex_top_inst/gen_regfile_ff.register_file_i/g_rf_flops[19].rf_reg_q_reg[24]/RD
                                2.00           3.16          -1.16  (VIOLATED)
       PIN :   ibex_top_inst/gen_regfile_ff.register_file_i/g_rf_flops[19].rf_reg_q_reg[25]/RD
                                2.00           3.16          -1.16  (VIOLATED)
       PIN :   ibex_top_inst/gen_regfile_ff.register_file_i/g_rf_flops[19].rf_reg_q_reg[26]/RD
                                2.00           3.16          -1.16  (VIOLATED)
       PIN :   ibex_top_inst/gen_regfile_ff.register_file_i/g_rf_flops[19].rf_reg_q_reg[27]/RD
                                2.00           3.16          -1.16  (VIOLATED)
       PIN :   ibex_top_inst/gen_regfile_ff.register_file_i/g_rf_flops[19].rf_reg_q_reg[28]/RD
                                2.00           3.16          -1.16  (VIOLATED)
       PIN :   ibex_top_inst/gen_regfile_ff.register_file_i/g_rf_flops[19].rf_reg_q_reg[29]/RD
                                2.00           3.16          -1.16  (VIOLATED)
       PIN :   ibex_top_inst/gen_regfile_ff.register_file_i/g_rf_flops[19].rf_reg_q_reg[30]/RD
                                2.00           3.16          -1.16  (VIOLATED)
       PIN :   ibex_top_inst/gen_regfile_ff.register_file_i/g_rf_flops[18].rf_reg_q_reg[0]/RD
                                2.00           3.16          -1.16  (VIOLATED)
       PIN :   ibex_top_inst/gen_regfile_ff.register_file_i/g_rf_flops[18].rf_reg_q_reg[1]/RD
                                2.00           3.16          -1.16  (VIOLATED)
       PIN :   ibex_top_inst/gen_regfile_ff.register_file_i/g_rf_flops[18].rf_reg_q_reg[2]/RD
                                2.00           3.16          -1.16  (VIOLATED)
       PIN :   ibex_top_inst/gen_regfile_ff.register_file_i/g_rf_flops[18].rf_reg_q_reg[3]/RD
                                2.00           3.16          -1.16  (VIOLATED)
       PIN :   ibex_top_inst/gen_regfile_ff.register_file_i/g_rf_flops[18].rf_reg_q_reg[4]/RD
                                2.00           3.16          -1.16  (VIOLATED)
       PIN :   ibex_top_inst/gen_regfile_ff.register_file_i/g_rf_flops[18].rf_reg_q_reg[5]/RD
                                2.00           3.16          -1.16  (VIOLATED)
       PIN :   ibex_top_inst/gen_regfile_ff.register_file_i/g_rf_flops[18].rf_reg_q_reg[6]/RD
                                2.00           3.16          -1.16  (VIOLATED)
       PIN :   ibex_top_inst/gen_regfile_ff.register_file_i/g_rf_flops[18].rf_reg_q_reg[7]/RD
                                2.00           3.16          -1.16  (VIOLATED)
       PIN :   ibex_top_inst/gen_regfile_ff.register_file_i/g_rf_flops[18].rf_reg_q_reg[8]/RD
                                2.00           3.16          -1.16  (VIOLATED)
       PIN :   ibex_top_inst/gen_regfile_ff.register_file_i/g_rf_flops[18].rf_reg_q_reg[9]/RD
                                2.00           3.16          -1.16  (VIOLATED)
       PIN :   ibex_top_inst/gen_regfile_ff.register_file_i/g_rf_flops[18].rf_reg_q_reg[10]/RD
                                2.00           3.16          -1.16  (VIOLATED)
       PIN :   ibex_top_inst/gen_regfile_ff.register_file_i/g_rf_flops[18].rf_reg_q_reg[11]/RD
                                2.00           3.16          -1.16  (VIOLATED)
       PIN :   ibex_top_inst/gen_regfile_ff.register_file_i/g_rf_flops[18].rf_reg_q_reg[12]/RD
                                2.00           3.16          -1.16  (VIOLATED)
       PIN :   ibex_top_inst/gen_regfile_ff.register_file_i/g_rf_flops[18].rf_reg_q_reg[13]/RD
                                2.00           3.16          -1.16  (VIOLATED)
       PIN :   ibex_top_inst/gen_regfile_ff.register_file_i/g_rf_flops[18].rf_reg_q_reg[15]/RD
                                2.00           3.16          -1.16  (VIOLATED)
       PIN :   ibex_top_inst/gen_regfile_ff.register_file_i/g_rf_flops[18].rf_reg_q_reg[16]/RD
                                2.00           3.16          -1.16  (VIOLATED)
       PIN :   ibex_top_inst/gen_regfile_ff.register_file_i/g_rf_flops[18].rf_reg_q_reg[17]/RD
                                2.00           3.16          -1.16  (VIOLATED)
       PIN :   ibex_top_inst/gen_regfile_ff.register_file_i/g_rf_flops[18].rf_reg_q_reg[18]/RD
                                2.00           3.16          -1.16  (VIOLATED)
       PIN :   ibex_top_inst/gen_regfile_ff.register_file_i/g_rf_flops[18].rf_reg_q_reg[19]/RD
                                2.00           3.16          -1.16  (VIOLATED)
       PIN :   ibex_top_inst/gen_regfile_ff.register_file_i/g_rf_flops[18].rf_reg_q_reg[20]/RD
                                2.00           3.16          -1.16  (VIOLATED)
       PIN :   ibex_top_inst/gen_regfile_ff.register_file_i/g_rf_flops[18].rf_reg_q_reg[21]/RD
                                2.00           3.16          -1.16  (VIOLATED)
       PIN :   ibex_top_inst/gen_regfile_ff.register_file_i/g_rf_flops[18].rf_reg_q_reg[22]/RD
                                2.00           3.16          -1.16  (VIOLATED)
       PIN :   ibex_top_inst/gen_regfile_ff.register_file_i/g_rf_flops[18].rf_reg_q_reg[23]/RD
                                2.00           3.16          -1.16  (VIOLATED)
       PIN :   ibex_top_inst/gen_regfile_ff.register_file_i/g_rf_flops[18].rf_reg_q_reg[24]/RD
                                2.00           3.16          -1.16  (VIOLATED)
       PIN :   ibex_top_inst/gen_regfile_ff.register_file_i/g_rf_flops[18].rf_reg_q_reg[25]/RD
                                2.00           3.16          -1.16  (VIOLATED)
       PIN :   ibex_top_inst/gen_regfile_ff.register_file_i/g_rf_flops[18].rf_reg_q_reg[26]/RD
                                2.00           3.16          -1.16  (VIOLATED)
       PIN :   ibex_top_inst/gen_regfile_ff.register_file_i/g_rf_flops[18].rf_reg_q_reg[27]/RD
                                2.00           3.16          -1.16  (VIOLATED)
       PIN :   ibex_top_inst/gen_regfile_ff.register_file_i/g_rf_flops[18].rf_reg_q_reg[28]/RD
                                2.00           3.16          -1.16  (VIOLATED)
       PIN :   ibex_top_inst/gen_regfile_ff.register_file_i/g_rf_flops[18].rf_reg_q_reg[30]/RD
                                2.00           3.16          -1.16  (VIOLATED)
       PIN :   ibex_top_inst/gen_regfile_ff.register_file_i/g_rf_flops[18].rf_reg_q_reg[31]/RD
                                2.00           3.16          -1.16  (VIOLATED)
       PIN :   ibex_top_inst/gen_regfile_ff.register_file_i/g_rf_flops[17].rf_reg_q_reg[0]/RD
                                2.00           3.16          -1.16  (VIOLATED)
       PIN :   ibex_top_inst/gen_regfile_ff.register_file_i/g_rf_flops[17].rf_reg_q_reg[1]/RD
                                2.00           3.16          -1.16  (VIOLATED)
       PIN :   ibex_top_inst/gen_regfile_ff.register_file_i/g_rf_flops[17].rf_reg_q_reg[2]/RD
                                2.00           3.16          -1.16  (VIOLATED)
       PIN :   ibex_top_inst/gen_regfile_ff.register_file_i/g_rf_flops[17].rf_reg_q_reg[3]/RD
                                2.00           3.16          -1.16  (VIOLATED)
       PIN :   ibex_top_inst/gen_regfile_ff.register_file_i/g_rf_flops[17].rf_reg_q_reg[4]/RD
                                2.00           3.16          -1.16  (VIOLATED)
       PIN :   ibex_top_inst/gen_regfile_ff.register_file_i/g_rf_flops[17].rf_reg_q_reg[5]/RD
                                2.00           3.16          -1.16  (VIOLATED)
       PIN :   ibex_top_inst/gen_regfile_ff.register_file_i/g_rf_flops[17].rf_reg_q_reg[6]/RD
                                2.00           3.16          -1.16  (VIOLATED)
       PIN :   ibex_top_inst/gen_regfile_ff.register_file_i/g_rf_flops[17].rf_reg_q_reg[7]/RD
                                2.00           3.16          -1.16  (VIOLATED)
       PIN :   ibex_top_inst/gen_regfile_ff.register_file_i/g_rf_flops[17].rf_reg_q_reg[8]/RD
                                2.00           3.16          -1.16  (VIOLATED)
       PIN :   ibex_top_inst/gen_regfile_ff.register_file_i/g_rf_flops[17].rf_reg_q_reg[9]/RD
                                2.00           3.16          -1.16  (VIOLATED)
       PIN :   ibex_top_inst/gen_regfile_ff.register_file_i/g_rf_flops[17].rf_reg_q_reg[10]/RD
                                2.00           3.16          -1.16  (VIOLATED)
       PIN :   ibex_top_inst/gen_regfile_ff.register_file_i/g_rf_flops[17].rf_reg_q_reg[11]/RD
                                2.00           3.16          -1.16  (VIOLATED)
       PIN :   ibex_top_inst/gen_regfile_ff.register_file_i/g_rf_flops[17].rf_reg_q_reg[13]/RD
                                2.00           3.16          -1.16  (VIOLATED)
       PIN :   ibex_top_inst/gen_regfile_ff.register_file_i/g_rf_flops[17].rf_reg_q_reg[14]/RD
                                2.00           3.16          -1.16  (VIOLATED)
       PIN :   ibex_top_inst/gen_regfile_ff.register_file_i/g_rf_flops[17].rf_reg_q_reg[15]/RD
                                2.00           3.16          -1.16  (VIOLATED)
       PIN :   ibex_top_inst/gen_regfile_ff.register_file_i/g_rf_flops[17].rf_reg_q_reg[16]/RD
                                2.00           3.16          -1.16  (VIOLATED)
       PIN :   ibex_top_inst/gen_regfile_ff.register_file_i/g_rf_flops[17].rf_reg_q_reg[17]/RD
                                2.00           3.16          -1.16  (VIOLATED)
       PIN :   ibex_top_inst/gen_regfile_ff.register_file_i/g_rf_flops[17].rf_reg_q_reg[18]/RD
                                2.00           3.16          -1.16  (VIOLATED)
       PIN :   ibex_top_inst/gen_regfile_ff.register_file_i/g_rf_flops[17].rf_reg_q_reg[19]/RD
                                2.00           3.16          -1.16  (VIOLATED)
       PIN :   ibex_top_inst/gen_regfile_ff.register_file_i/g_rf_flops[17].rf_reg_q_reg[20]/RD
                                2.00           3.16          -1.16  (VIOLATED)
       PIN :   ibex_top_inst/gen_regfile_ff.register_file_i/g_rf_flops[17].rf_reg_q_reg[21]/RD
                                2.00           3.16          -1.16  (VIOLATED)
       PIN :   ibex_top_inst/gen_regfile_ff.register_file_i/g_rf_flops[17].rf_reg_q_reg[22]/RD
                                2.00           3.16          -1.16  (VIOLATED)
       PIN :   ibex_top_inst/gen_regfile_ff.register_file_i/g_rf_flops[17].rf_reg_q_reg[23]/RD
                                2.00           3.16          -1.16  (VIOLATED)
       PIN :   ibex_top_inst/gen_regfile_ff.register_file_i/g_rf_flops[17].rf_reg_q_reg[24]/RD
                                2.00           3.16          -1.16  (VIOLATED)
       PIN :   ibex_top_inst/gen_regfile_ff.register_file_i/g_rf_flops[17].rf_reg_q_reg[25]/RD
                                2.00           3.16          -1.16  (VIOLATED)
       PIN :   ibex_top_inst/gen_regfile_ff.register_file_i/g_rf_flops[17].rf_reg_q_reg[26]/RD
                                2.00           3.16          -1.16  (VIOLATED)
       PIN :   ibex_top_inst/gen_regfile_ff.register_file_i/g_rf_flops[17].rf_reg_q_reg[28]/RD
                                2.00           3.16          -1.16  (VIOLATED)
       PIN :   ibex_top_inst/gen_regfile_ff.register_file_i/g_rf_flops[17].rf_reg_q_reg[29]/RD
                                2.00           3.16          -1.16  (VIOLATED)
       PIN :   ibex_top_inst/gen_regfile_ff.register_file_i/g_rf_flops[17].rf_reg_q_reg[30]/RD
                                2.00           3.16          -1.16  (VIOLATED)
       PIN :   ibex_top_inst/gen_regfile_ff.register_file_i/g_rf_flops[17].rf_reg_q_reg[31]/RD
                                2.00           3.16          -1.16  (VIOLATED)
       PIN :   ibex_top_inst/gen_regfile_ff.register_file_i/g_rf_flops[16].rf_reg_q_reg[0]/RD
                                2.00           3.16          -1.16  (VIOLATED)
       PIN :   ibex_top_inst/gen_regfile_ff.register_file_i/g_rf_flops[16].rf_reg_q_reg[1]/RD
                                2.00           3.16          -1.16  (VIOLATED)
       PIN :   ibex_top_inst/gen_regfile_ff.register_file_i/g_rf_flops[16].rf_reg_q_reg[2]/RD
                                2.00           3.16          -1.16  (VIOLATED)
       PIN :   ibex_top_inst/gen_regfile_ff.register_file_i/g_rf_flops[16].rf_reg_q_reg[3]/RD
                                2.00           3.16          -1.16  (VIOLATED)
       PIN :   ibex_top_inst/gen_regfile_ff.register_file_i/g_rf_flops[16].rf_reg_q_reg[4]/RD
                                2.00           3.16          -1.16  (VIOLATED)
       PIN :   ibex_top_inst/gen_regfile_ff.register_file_i/g_rf_flops[16].rf_reg_q_reg[5]/RD
                                2.00           3.16          -1.16  (VIOLATED)
       PIN :   ibex_top_inst/gen_regfile_ff.register_file_i/g_rf_flops[16].rf_reg_q_reg[6]/RD
                                2.00           3.16          -1.16  (VIOLATED)
       PIN :   ibex_top_inst/gen_regfile_ff.register_file_i/g_rf_flops[16].rf_reg_q_reg[7]/RD
                                2.00           3.16          -1.16  (VIOLATED)
       PIN :   ibex_top_inst/gen_regfile_ff.register_file_i/g_rf_flops[16].rf_reg_q_reg[8]/RD
                                2.00           3.16          -1.16  (VIOLATED)
       PIN :   ibex_top_inst/gen_regfile_ff.register_file_i/g_rf_flops[16].rf_reg_q_reg[9]/RD
                                2.00           3.16          -1.16  (VIOLATED)
       PIN :   ibex_top_inst/gen_regfile_ff.register_file_i/g_rf_flops[16].rf_reg_q_reg[11]/RD
                                2.00           3.16          -1.16  (VIOLATED)
       PIN :   ibex_top_inst/gen_regfile_ff.register_file_i/g_rf_flops[16].rf_reg_q_reg[12]/RD
                                2.00           3.16          -1.16  (VIOLATED)
       PIN :   ibex_top_inst/gen_regfile_ff.register_file_i/g_rf_flops[16].rf_reg_q_reg[13]/RD
                                2.00           3.16          -1.16  (VIOLATED)
       PIN :   ibex_top_inst/gen_regfile_ff.register_file_i/g_rf_flops[16].rf_reg_q_reg[14]/RD
                                2.00           3.16          -1.16  (VIOLATED)
       PIN :   ibex_top_inst/gen_regfile_ff.register_file_i/g_rf_flops[16].rf_reg_q_reg[15]/RD
                                2.00           3.16          -1.16  (VIOLATED)
       PIN :   ibex_top_inst/gen_regfile_ff.register_file_i/g_rf_flops[16].rf_reg_q_reg[16]/RD
                                2.00           3.16          -1.16  (VIOLATED)
       PIN :   ibex_top_inst/gen_regfile_ff.register_file_i/g_rf_flops[16].rf_reg_q_reg[17]/RD
                                2.00           3.16          -1.16  (VIOLATED)
       PIN :   ibex_top_inst/gen_regfile_ff.register_file_i/g_rf_flops[16].rf_reg_q_reg[18]/RD
                                2.00           3.16          -1.16  (VIOLATED)
       PIN :   ibex_top_inst/gen_regfile_ff.register_file_i/g_rf_flops[16].rf_reg_q_reg[19]/RD
                                2.00           3.16          -1.16  (VIOLATED)
       PIN :   ibex_top_inst/gen_regfile_ff.register_file_i/g_rf_flops[16].rf_reg_q_reg[20]/RD
                                2.00           3.16          -1.16  (VIOLATED)
       PIN :   ibex_top_inst/gen_regfile_ff.register_file_i/g_rf_flops[16].rf_reg_q_reg[21]/RD
                                2.00           3.16          -1.16  (VIOLATED)
       PIN :   ibex_top_inst/gen_regfile_ff.register_file_i/g_rf_flops[16].rf_reg_q_reg[22]/RD
                                2.00           3.16          -1.16  (VIOLATED)
       PIN :   ibex_top_inst/gen_regfile_ff.register_file_i/g_rf_flops[16].rf_reg_q_reg[23]/RD
                                2.00           3.16          -1.16  (VIOLATED)
       PIN :   ibex_top_inst/gen_regfile_ff.register_file_i/g_rf_flops[16].rf_reg_q_reg[24]/RD
                                2.00           3.16          -1.16  (VIOLATED)
       PIN :   ibex_top_inst/gen_regfile_ff.register_file_i/g_rf_flops[16].rf_reg_q_reg[26]/RD
                                2.00           3.16          -1.16  (VIOLATED)
       PIN :   ibex_top_inst/gen_regfile_ff.register_file_i/g_rf_flops[16].rf_reg_q_reg[27]/RD
                                2.00           3.16          -1.16  (VIOLATED)
       PIN :   ibex_top_inst/gen_regfile_ff.register_file_i/g_rf_flops[16].rf_reg_q_reg[28]/RD
                                2.00           3.16          -1.16  (VIOLATED)
       PIN :   ibex_top_inst/gen_regfile_ff.register_file_i/g_rf_flops[16].rf_reg_q_reg[29]/RD
                                2.00           3.16          -1.16  (VIOLATED)
       PIN :   ibex_top_inst/gen_regfile_ff.register_file_i/g_rf_flops[16].rf_reg_q_reg[30]/RD
                                2.00           3.16          -1.16  (VIOLATED)
       PIN :   ibex_top_inst/gen_regfile_ff.register_file_i/g_rf_flops[16].rf_reg_q_reg[31]/RD
                                2.00           3.16          -1.16  (VIOLATED)
       PIN :   ibex_top_inst/gen_regfile_ff.register_file_i/g_rf_flops[15].rf_reg_q_reg[0]/RD
                                2.00           3.16          -1.16  (VIOLATED)
       PIN :   ibex_top_inst/gen_regfile_ff.register_file_i/g_rf_flops[15].rf_reg_q_reg[1]/RD
                                2.00           3.16          -1.16  (VIOLATED)
       PIN :   ibex_top_inst/gen_regfile_ff.register_file_i/g_rf_flops[15].rf_reg_q_reg[2]/RD
                                2.00           3.16          -1.16  (VIOLATED)
       PIN :   ibex_top_inst/gen_regfile_ff.register_file_i/g_rf_flops[15].rf_reg_q_reg[3]/RD
                                2.00           3.16          -1.16  (VIOLATED)
       PIN :   ibex_top_inst/gen_regfile_ff.register_file_i/g_rf_flops[15].rf_reg_q_reg[4]/RD
                                2.00           3.16          -1.16  (VIOLATED)
       PIN :   ibex_top_inst/gen_regfile_ff.register_file_i/g_rf_flops[15].rf_reg_q_reg[5]/RD
                                2.00           3.16          -1.16  (VIOLATED)
       PIN :   ibex_top_inst/gen_regfile_ff.register_file_i/g_rf_flops[15].rf_reg_q_reg[6]/RD
                                2.00           3.16          -1.16  (VIOLATED)
       PIN :   ibex_top_inst/gen_regfile_ff.register_file_i/g_rf_flops[15].rf_reg_q_reg[7]/RD
                                2.00           3.16          -1.16  (VIOLATED)
       PIN :   ibex_top_inst/gen_regfile_ff.register_file_i/g_rf_flops[15].rf_reg_q_reg[9]/RD
                                2.00           3.16          -1.16  (VIOLATED)
       PIN :   ibex_top_inst/gen_regfile_ff.register_file_i/g_rf_flops[15].rf_reg_q_reg[10]/RD
                                2.00           3.16          -1.16  (VIOLATED)
       PIN :   ibex_top_inst/gen_regfile_ff.register_file_i/g_rf_flops[15].rf_reg_q_reg[11]/RD
                                2.00           3.16          -1.16  (VIOLATED)
       PIN :   ibex_top_inst/gen_regfile_ff.register_file_i/g_rf_flops[15].rf_reg_q_reg[12]/RD
                                2.00           3.16          -1.16  (VIOLATED)
       PIN :   ibex_top_inst/gen_regfile_ff.register_file_i/g_rf_flops[15].rf_reg_q_reg[13]/RD
                                2.00           3.16          -1.16  (VIOLATED)
       PIN :   ibex_top_inst/gen_regfile_ff.register_file_i/g_rf_flops[15].rf_reg_q_reg[14]/RD
                                2.00           3.16          -1.16  (VIOLATED)
       PIN :   ibex_top_inst/gen_regfile_ff.register_file_i/g_rf_flops[15].rf_reg_q_reg[15]/RD
                                2.00           3.16          -1.16  (VIOLATED)
       PIN :   ibex_top_inst/gen_regfile_ff.register_file_i/g_rf_flops[15].rf_reg_q_reg[16]/RD
                                2.00           3.16          -1.16  (VIOLATED)
       PIN :   ibex_top_inst/gen_regfile_ff.register_file_i/g_rf_flops[15].rf_reg_q_reg[17]/RD
                                2.00           3.16          -1.16  (VIOLATED)
       PIN :   ibex_top_inst/gen_regfile_ff.register_file_i/g_rf_flops[15].rf_reg_q_reg[18]/RD
                                2.00           3.16          -1.16  (VIOLATED)
       PIN :   ibex_top_inst/gen_regfile_ff.register_file_i/g_rf_flops[15].rf_reg_q_reg[19]/RD
                                2.00           3.16          -1.16  (VIOLATED)
       PIN :   ibex_top_inst/gen_regfile_ff.register_file_i/g_rf_flops[15].rf_reg_q_reg[20]/RD
                                2.00           3.16          -1.16  (VIOLATED)
       PIN :   ibex_top_inst/gen_regfile_ff.register_file_i/g_rf_flops[15].rf_reg_q_reg[21]/RD
                                2.00           3.16          -1.16  (VIOLATED)
       PIN :   ibex_top_inst/gen_regfile_ff.register_file_i/g_rf_flops[15].rf_reg_q_reg[22]/RD
                                2.00           3.16          -1.16  (VIOLATED)
       PIN :   ibex_top_inst/gen_regfile_ff.register_file_i/g_rf_flops[15].rf_reg_q_reg[24]/RD
                                2.00           3.16          -1.16  (VIOLATED)
       PIN :   ibex_top_inst/gen_regfile_ff.register_file_i/g_rf_flops[15].rf_reg_q_reg[25]/RD
                                2.00           3.16          -1.16  (VIOLATED)
       PIN :   ibex_top_inst/gen_regfile_ff.register_file_i/g_rf_flops[15].rf_reg_q_reg[26]/RD
                                2.00           3.16          -1.16  (VIOLATED)
       PIN :   ibex_top_inst/gen_regfile_ff.register_file_i/g_rf_flops[15].rf_reg_q_reg[27]/RD
                                2.00           3.16          -1.16  (VIOLATED)
       PIN :   ibex_top_inst/gen_regfile_ff.register_file_i/g_rf_flops[15].rf_reg_q_reg[28]/RD
                                2.00           3.16          -1.16  (VIOLATED)
       PIN :   ibex_top_inst/gen_regfile_ff.register_file_i/g_rf_flops[15].rf_reg_q_reg[29]/RD
                                2.00           3.16          -1.16  (VIOLATED)
       PIN :   ibex_top_inst/gen_regfile_ff.register_file_i/g_rf_flops[15].rf_reg_q_reg[30]/RD
                                2.00           3.16          -1.16  (VIOLATED)
       PIN :   ibex_top_inst/gen_regfile_ff.register_file_i/g_rf_flops[15].rf_reg_q_reg[31]/RD
                                2.00           3.16          -1.16  (VIOLATED)
       PIN :   ibex_top_inst/gen_regfile_ff.register_file_i/g_rf_flops[14].rf_reg_q_reg[0]/RD
                                2.00           3.16          -1.16  (VIOLATED)
       PIN :   ibex_top_inst/gen_regfile_ff.register_file_i/g_rf_flops[14].rf_reg_q_reg[1]/RD
                                2.00           3.16          -1.16  (VIOLATED)
       PIN :   ibex_top_inst/gen_regfile_ff.register_file_i/g_rf_flops[14].rf_reg_q_reg[2]/RD
                                2.00           3.16          -1.16  (VIOLATED)
       PIN :   ibex_top_inst/gen_regfile_ff.register_file_i/g_rf_flops[14].rf_reg_q_reg[3]/RD
                                2.00           3.16          -1.16  (VIOLATED)
       PIN :   ibex_top_inst/gen_regfile_ff.register_file_i/g_rf_flops[14].rf_reg_q_reg[4]/RD
                                2.00           3.16          -1.16  (VIOLATED)
       PIN :   ibex_top_inst/gen_regfile_ff.register_file_i/g_rf_flops[14].rf_reg_q_reg[5]/RD
                                2.00           3.16          -1.16  (VIOLATED)
       PIN :   ibex_top_inst/gen_regfile_ff.register_file_i/g_rf_flops[14].rf_reg_q_reg[7]/RD
                                2.00           3.16          -1.16  (VIOLATED)
       PIN :   ibex_top_inst/gen_regfile_ff.register_file_i/g_rf_flops[14].rf_reg_q_reg[8]/RD
                                2.00           3.16          -1.16  (VIOLATED)
       PIN :   ibex_top_inst/gen_regfile_ff.register_file_i/g_rf_flops[14].rf_reg_q_reg[9]/RD
                                2.00           3.16          -1.16  (VIOLATED)
       PIN :   ibex_top_inst/gen_regfile_ff.register_file_i/g_rf_flops[14].rf_reg_q_reg[10]/RD
                                2.00           3.16          -1.16  (VIOLATED)
       PIN :   ibex_top_inst/gen_regfile_ff.register_file_i/g_rf_flops[14].rf_reg_q_reg[11]/RD
                                2.00           3.16          -1.16  (VIOLATED)
       PIN :   ibex_top_inst/gen_regfile_ff.register_file_i/g_rf_flops[14].rf_reg_q_reg[12]/RD
                                2.00           3.16          -1.16  (VIOLATED)
       PIN :   ibex_top_inst/gen_regfile_ff.register_file_i/g_rf_flops[14].rf_reg_q_reg[13]/RD
                                2.00           3.16          -1.16  (VIOLATED)
       PIN :   ibex_top_inst/gen_regfile_ff.register_file_i/g_rf_flops[14].rf_reg_q_reg[14]/RD
                                2.00           3.16          -1.16  (VIOLATED)
       PIN :   ibex_top_inst/gen_regfile_ff.register_file_i/g_rf_flops[14].rf_reg_q_reg[15]/RD
                                2.00           3.16          -1.16  (VIOLATED)
       PIN :   ibex_top_inst/gen_regfile_ff.register_file_i/g_rf_flops[14].rf_reg_q_reg[16]/RD
                                2.00           3.16          -1.16  (VIOLATED)
       PIN :   ibex_top_inst/gen_regfile_ff.register_file_i/g_rf_flops[14].rf_reg_q_reg[17]/RD
                                2.00           3.16          -1.16  (VIOLATED)
       PIN :   ibex_top_inst/gen_regfile_ff.register_file_i/g_rf_flops[14].rf_reg_q_reg[18]/RD
                                2.00           3.16          -1.16  (VIOLATED)
       PIN :   ibex_top_inst/gen_regfile_ff.register_file_i/g_rf_flops[14].rf_reg_q_reg[19]/RD
                                2.00           3.16          -1.16  (VIOLATED)
       PIN :   ibex_top_inst/gen_regfile_ff.register_file_i/g_rf_flops[14].rf_reg_q_reg[20]/RD
                                2.00           3.16          -1.16  (VIOLATED)
       PIN :   ibex_top_inst/gen_regfile_ff.register_file_i/g_rf_flops[14].rf_reg_q_reg[22]/RD
                                2.00           3.16          -1.16  (VIOLATED)
       PIN :   ibex_top_inst/gen_regfile_ff.register_file_i/g_rf_flops[14].rf_reg_q_reg[23]/RD
                                2.00           3.16          -1.16  (VIOLATED)
       PIN :   ibex_top_inst/gen_regfile_ff.register_file_i/g_rf_flops[14].rf_reg_q_reg[24]/RD
                                2.00           3.16          -1.16  (VIOLATED)
       PIN :   ibex_top_inst/gen_regfile_ff.register_file_i/g_rf_flops[14].rf_reg_q_reg[25]/RD
                                2.00           3.16          -1.16  (VIOLATED)
       PIN :   ibex_top_inst/gen_regfile_ff.register_file_i/g_rf_flops[14].rf_reg_q_reg[26]/RD
                                2.00           3.16          -1.16  (VIOLATED)
       PIN :   ibex_top_inst/gen_regfile_ff.register_file_i/g_rf_flops[14].rf_reg_q_reg[27]/RD
                                2.00           3.16          -1.16  (VIOLATED)
       PIN :   ibex_top_inst/gen_regfile_ff.register_file_i/g_rf_flops[14].rf_reg_q_reg[28]/RD
                                2.00           3.16          -1.16  (VIOLATED)
       PIN :   ibex_top_inst/gen_regfile_ff.register_file_i/g_rf_flops[14].rf_reg_q_reg[29]/RD
                                2.00           3.16          -1.16  (VIOLATED)
       PIN :   ibex_top_inst/gen_regfile_ff.register_file_i/g_rf_flops[14].rf_reg_q_reg[30]/RD
                                2.00           3.16          -1.16  (VIOLATED)
       PIN :   ibex_top_inst/gen_regfile_ff.register_file_i/g_rf_flops[14].rf_reg_q_reg[31]/RD
                                2.00           3.16          -1.16  (VIOLATED)
       PIN :   ibex_top_inst/gen_regfile_ff.register_file_i/g_rf_flops[13].rf_reg_q_reg[0]/RD
                                2.00           3.16          -1.16  (VIOLATED)
       PIN :   ibex_top_inst/gen_regfile_ff.register_file_i/g_rf_flops[13].rf_reg_q_reg[1]/RD
                                2.00           3.16          -1.16  (VIOLATED)
       PIN :   ibex_top_inst/gen_regfile_ff.register_file_i/g_rf_flops[13].rf_reg_q_reg[2]/RD
                                2.00           3.16          -1.16  (VIOLATED)
       PIN :   ibex_top_inst/gen_regfile_ff.register_file_i/g_rf_flops[13].rf_reg_q_reg[3]/RD
                                2.00           3.16          -1.16  (VIOLATED)
       PIN :   ibex_top_inst/gen_regfile_ff.register_file_i/g_rf_flops[13].rf_reg_q_reg[5]/RD
                                2.00           3.16          -1.16  (VIOLATED)
       PIN :   ibex_top_inst/gen_regfile_ff.register_file_i/g_rf_flops[13].rf_reg_q_reg[6]/RD
                                2.00           3.16          -1.16  (VIOLATED)
       PIN :   ibex_top_inst/gen_regfile_ff.register_file_i/g_rf_flops[13].rf_reg_q_reg[7]/RD
                                2.00           3.16          -1.16  (VIOLATED)
       PIN :   ibex_top_inst/gen_regfile_ff.register_file_i/g_rf_flops[13].rf_reg_q_reg[8]/RD
                                2.00           3.16          -1.16  (VIOLATED)
       PIN :   ibex_top_inst/gen_regfile_ff.register_file_i/g_rf_flops[13].rf_reg_q_reg[9]/RD
                                2.00           3.16          -1.16  (VIOLATED)
       PIN :   ibex_top_inst/gen_regfile_ff.register_file_i/g_rf_flops[13].rf_reg_q_reg[10]/RD
                                2.00           3.16          -1.16  (VIOLATED)
       PIN :   ibex_top_inst/gen_regfile_ff.register_file_i/g_rf_flops[13].rf_reg_q_reg[11]/RD
                                2.00           3.16          -1.16  (VIOLATED)
       PIN :   ibex_top_inst/gen_regfile_ff.register_file_i/g_rf_flops[13].rf_reg_q_reg[12]/RD
                                2.00           3.16          -1.16  (VIOLATED)
       PIN :   ibex_top_inst/gen_regfile_ff.register_file_i/g_rf_flops[13].rf_reg_q_reg[13]/RD
                                2.00           3.16          -1.16  (VIOLATED)
       PIN :   ibex_top_inst/gen_regfile_ff.register_file_i/g_rf_flops[13].rf_reg_q_reg[14]/RD
                                2.00           3.16          -1.16  (VIOLATED)
       PIN :   ibex_top_inst/gen_regfile_ff.register_file_i/g_rf_flops[13].rf_reg_q_reg[15]/RD
                                2.00           3.16          -1.16  (VIOLATED)
       PIN :   ibex_top_inst/gen_regfile_ff.register_file_i/g_rf_flops[13].rf_reg_q_reg[16]/RD
                                2.00           3.16          -1.16  (VIOLATED)
       PIN :   ibex_top_inst/gen_regfile_ff.register_file_i/g_rf_flops[13].rf_reg_q_reg[17]/RD
                                2.00           3.16          -1.16  (VIOLATED)
       PIN :   ibex_top_inst/gen_regfile_ff.register_file_i/g_rf_flops[13].rf_reg_q_reg[18]/RD
                                2.00           3.16          -1.16  (VIOLATED)
       PIN :   ibex_top_inst/gen_regfile_ff.register_file_i/g_rf_flops[13].rf_reg_q_reg[20]/RD
                                2.00           3.16          -1.16  (VIOLATED)
       PIN :   ibex_top_inst/gen_regfile_ff.register_file_i/g_rf_flops[13].rf_reg_q_reg[21]/RD
                                2.00           3.16          -1.16  (VIOLATED)
       PIN :   ibex_top_inst/gen_regfile_ff.register_file_i/g_rf_flops[13].rf_reg_q_reg[22]/RD
                                2.00           3.16          -1.16  (VIOLATED)
       PIN :   ibex_top_inst/gen_regfile_ff.register_file_i/g_rf_flops[13].rf_reg_q_reg[23]/RD
                                2.00           3.16          -1.16  (VIOLATED)
       PIN :   ibex_top_inst/gen_regfile_ff.register_file_i/g_rf_flops[13].rf_reg_q_reg[24]/RD
                                2.00           3.16          -1.16  (VIOLATED)
       PIN :   ibex_top_inst/gen_regfile_ff.register_file_i/g_rf_flops[13].rf_reg_q_reg[25]/RD
                                2.00           3.16          -1.16  (VIOLATED)
       PIN :   ibex_top_inst/gen_regfile_ff.register_file_i/g_rf_flops[13].rf_reg_q_reg[26]/RD
                                2.00           3.16          -1.16  (VIOLATED)
       PIN :   ibex_top_inst/gen_regfile_ff.register_file_i/g_rf_flops[13].rf_reg_q_reg[27]/RD
                                2.00           3.16          -1.16  (VIOLATED)
       PIN :   ibex_top_inst/gen_regfile_ff.register_file_i/g_rf_flops[13].rf_reg_q_reg[28]/RD
                                2.00           3.16          -1.16  (VIOLATED)
       PIN :   ibex_top_inst/gen_regfile_ff.register_file_i/g_rf_flops[13].rf_reg_q_reg[29]/RD
                                2.00           3.16          -1.16  (VIOLATED)
       PIN :   ibex_top_inst/gen_regfile_ff.register_file_i/g_rf_flops[13].rf_reg_q_reg[30]/RD
                                2.00           3.16          -1.16  (VIOLATED)
       PIN :   ibex_top_inst/gen_regfile_ff.register_file_i/g_rf_flops[13].rf_reg_q_reg[31]/RD
                                2.00           3.16          -1.16  (VIOLATED)
       PIN :   ibex_top_inst/gen_regfile_ff.register_file_i/g_rf_flops[12].rf_reg_q_reg[0]/RD
                                2.00           3.16          -1.16  (VIOLATED)
       PIN :   ibex_top_inst/gen_regfile_ff.register_file_i/g_rf_flops[12].rf_reg_q_reg[1]/RD
                                2.00           3.16          -1.16  (VIOLATED)
       PIN :   ibex_top_inst/gen_regfile_ff.register_file_i/g_rf_flops[12].rf_reg_q_reg[3]/RD
                                2.00           3.16          -1.16  (VIOLATED)
       PIN :   ibex_top_inst/gen_regfile_ff.register_file_i/g_rf_flops[12].rf_reg_q_reg[4]/RD
                                2.00           3.16          -1.16  (VIOLATED)
       PIN :   ibex_top_inst/gen_regfile_ff.register_file_i/g_rf_flops[12].rf_reg_q_reg[5]/RD
                                2.00           3.16          -1.16  (VIOLATED)
       PIN :   ibex_top_inst/gen_regfile_ff.register_file_i/g_rf_flops[12].rf_reg_q_reg[6]/RD
                                2.00           3.16          -1.16  (VIOLATED)
       PIN :   ibex_top_inst/gen_regfile_ff.register_file_i/g_rf_flops[12].rf_reg_q_reg[7]/RD
                                2.00           3.16          -1.16  (VIOLATED)
       PIN :   ibex_top_inst/gen_regfile_ff.register_file_i/g_rf_flops[12].rf_reg_q_reg[8]/RD
                                2.00           3.16          -1.16  (VIOLATED)
       PIN :   ibex_top_inst/gen_regfile_ff.register_file_i/g_rf_flops[12].rf_reg_q_reg[9]/RD
                                2.00           3.16          -1.16  (VIOLATED)
       PIN :   ibex_top_inst/gen_regfile_ff.register_file_i/g_rf_flops[12].rf_reg_q_reg[10]/RD
                                2.00           3.16          -1.16  (VIOLATED)
       PIN :   ibex_top_inst/gen_regfile_ff.register_file_i/g_rf_flops[12].rf_reg_q_reg[11]/RD
                                2.00           3.16          -1.16  (VIOLATED)
       PIN :   ibex_top_inst/gen_regfile_ff.register_file_i/g_rf_flops[12].rf_reg_q_reg[12]/RD
                                2.00           3.16          -1.16  (VIOLATED)
       PIN :   ibex_top_inst/gen_regfile_ff.register_file_i/g_rf_flops[12].rf_reg_q_reg[13]/RD
                                2.00           3.16          -1.16  (VIOLATED)
       PIN :   ibex_top_inst/gen_regfile_ff.register_file_i/g_rf_flops[12].rf_reg_q_reg[14]/RD
                                2.00           3.16          -1.16  (VIOLATED)
       PIN :   ibex_top_inst/gen_regfile_ff.register_file_i/g_rf_flops[12].rf_reg_q_reg[15]/RD
                                2.00           3.16          -1.16  (VIOLATED)
       PIN :   ibex_top_inst/gen_regfile_ff.register_file_i/g_rf_flops[12].rf_reg_q_reg[16]/RD
                                2.00           3.16          -1.16  (VIOLATED)
       PIN :   ibex_top_inst/gen_regfile_ff.register_file_i/g_rf_flops[12].rf_reg_q_reg[18]/RD
                                2.00           3.16          -1.16  (VIOLATED)
       PIN :   ibex_top_inst/gen_regfile_ff.register_file_i/g_rf_flops[12].rf_reg_q_reg[19]/RD
                                2.00           3.16          -1.16  (VIOLATED)
       PIN :   ibex_top_inst/gen_regfile_ff.register_file_i/g_rf_flops[12].rf_reg_q_reg[20]/RD
                                2.00           3.16          -1.16  (VIOLATED)
       PIN :   ibex_top_inst/gen_regfile_ff.register_file_i/g_rf_flops[12].rf_reg_q_reg[21]/RD
                                2.00           3.16          -1.16  (VIOLATED)
       PIN :   ibex_top_inst/gen_regfile_ff.register_file_i/g_rf_flops[12].rf_reg_q_reg[22]/RD
                                2.00           3.16          -1.16  (VIOLATED)
       PIN :   ibex_top_inst/gen_regfile_ff.register_file_i/g_rf_flops[12].rf_reg_q_reg[23]/RD
                                2.00           3.16          -1.16  (VIOLATED)
       PIN :   ibex_top_inst/gen_regfile_ff.register_file_i/g_rf_flops[12].rf_reg_q_reg[24]/RD
                                2.00           3.16          -1.16  (VIOLATED)
       PIN :   ibex_top_inst/gen_regfile_ff.register_file_i/g_rf_flops[12].rf_reg_q_reg[25]/RD
                                2.00           3.16          -1.16  (VIOLATED)
       PIN :   ibex_top_inst/gen_regfile_ff.register_file_i/g_rf_flops[12].rf_reg_q_reg[26]/RD
                                2.00           3.16          -1.16  (VIOLATED)
       PIN :   ibex_top_inst/gen_regfile_ff.register_file_i/g_rf_flops[12].rf_reg_q_reg[27]/RD
                                2.00           3.16          -1.16  (VIOLATED)
       PIN :   ibex_top_inst/gen_regfile_ff.register_file_i/g_rf_flops[12].rf_reg_q_reg[28]/RD
                                2.00           3.16          -1.16  (VIOLATED)
       PIN :   ibex_top_inst/gen_regfile_ff.register_file_i/g_rf_flops[12].rf_reg_q_reg[29]/RD
                                2.00           3.16          -1.16  (VIOLATED)
       PIN :   ibex_top_inst/gen_regfile_ff.register_file_i/g_rf_flops[12].rf_reg_q_reg[30]/RD
                                2.00           3.16          -1.16  (VIOLATED)
       PIN :   ibex_top_inst/gen_regfile_ff.register_file_i/g_rf_flops[12].rf_reg_q_reg[31]/RD
                                2.00           3.16          -1.16  (VIOLATED)
       PIN :   ibex_top_inst/gen_regfile_ff.register_file_i/g_rf_flops[11].rf_reg_q_reg[1]/RD
                                2.00           3.16          -1.16  (VIOLATED)
       PIN :   ibex_top_inst/gen_regfile_ff.register_file_i/g_rf_flops[11].rf_reg_q_reg[2]/RD
                                2.00           3.16          -1.16  (VIOLATED)
       PIN :   ibex_top_inst/gen_regfile_ff.register_file_i/g_rf_flops[11].rf_reg_q_reg[3]/RD
                                2.00           3.16          -1.16  (VIOLATED)
       PIN :   ibex_top_inst/gen_regfile_ff.register_file_i/g_rf_flops[11].rf_reg_q_reg[4]/RD
                                2.00           3.16          -1.16  (VIOLATED)
       PIN :   ibex_top_inst/gen_regfile_ff.register_file_i/g_rf_flops[11].rf_reg_q_reg[5]/RD
                                2.00           3.16          -1.16  (VIOLATED)
       PIN :   ibex_top_inst/gen_regfile_ff.register_file_i/g_rf_flops[11].rf_reg_q_reg[6]/RD
                                2.00           3.16          -1.16  (VIOLATED)
       PIN :   ibex_top_inst/gen_regfile_ff.register_file_i/g_rf_flops[11].rf_reg_q_reg[7]/RD
                                2.00           3.16          -1.16  (VIOLATED)
       PIN :   ibex_top_inst/gen_regfile_ff.register_file_i/g_rf_flops[11].rf_reg_q_reg[8]/RD
                                2.00           3.16          -1.16  (VIOLATED)
       PIN :   ibex_top_inst/gen_regfile_ff.register_file_i/g_rf_flops[11].rf_reg_q_reg[9]/RD
                                2.00           3.16          -1.16  (VIOLATED)
       PIN :   ibex_top_inst/gen_regfile_ff.register_file_i/g_rf_flops[11].rf_reg_q_reg[10]/RD
                                2.00           3.16          -1.16  (VIOLATED)
       PIN :   ibex_top_inst/gen_regfile_ff.register_file_i/g_rf_flops[11].rf_reg_q_reg[11]/RD
                                2.00           3.16          -1.16  (VIOLATED)
       PIN :   ibex_top_inst/gen_regfile_ff.register_file_i/g_rf_flops[11].rf_reg_q_reg[12]/RD
                                2.00           3.16          -1.16  (VIOLATED)
       PIN :   ibex_top_inst/gen_regfile_ff.register_file_i/g_rf_flops[11].rf_reg_q_reg[13]/RD
                                2.00           3.16          -1.16  (VIOLATED)
       PIN :   ibex_top_inst/gen_regfile_ff.register_file_i/g_rf_flops[11].rf_reg_q_reg[14]/RD
                                2.00           3.16          -1.16  (VIOLATED)
       PIN :   ibex_top_inst/gen_regfile_ff.register_file_i/g_rf_flops[11].rf_reg_q_reg[16]/RD
                                2.00           3.16          -1.16  (VIOLATED)
       PIN :   ibex_top_inst/gen_regfile_ff.register_file_i/g_rf_flops[11].rf_reg_q_reg[17]/RD
                                2.00           3.16          -1.16  (VIOLATED)
       PIN :   ibex_top_inst/gen_regfile_ff.register_file_i/g_rf_flops[11].rf_reg_q_reg[18]/RD
                                2.00           3.16          -1.16  (VIOLATED)
       PIN :   ibex_top_inst/gen_regfile_ff.register_file_i/g_rf_flops[11].rf_reg_q_reg[19]/RD
                                2.00           3.16          -1.16  (VIOLATED)
       PIN :   ibex_top_inst/gen_regfile_ff.register_file_i/g_rf_flops[11].rf_reg_q_reg[20]/RD
                                2.00           3.16          -1.16  (VIOLATED)
       PIN :   ibex_top_inst/gen_regfile_ff.register_file_i/g_rf_flops[11].rf_reg_q_reg[21]/RD
                                2.00           3.16          -1.16  (VIOLATED)
       PIN :   ibex_top_inst/gen_regfile_ff.register_file_i/g_rf_flops[11].rf_reg_q_reg[22]/RD
                                2.00           3.16          -1.16  (VIOLATED)
       PIN :   ibex_top_inst/gen_regfile_ff.register_file_i/g_rf_flops[11].rf_reg_q_reg[23]/RD
                                2.00           3.16          -1.16  (VIOLATED)
       PIN :   ibex_top_inst/gen_regfile_ff.register_file_i/g_rf_flops[11].rf_reg_q_reg[24]/RD
                                2.00           3.16          -1.16  (VIOLATED)
       PIN :   ibex_top_inst/gen_regfile_ff.register_file_i/g_rf_flops[11].rf_reg_q_reg[25]/RD
                                2.00           3.16          -1.16  (VIOLATED)
       PIN :   ibex_top_inst/gen_regfile_ff.register_file_i/g_rf_flops[11].rf_reg_q_reg[26]/RD
                                2.00           3.16          -1.16  (VIOLATED)
       PIN :   ibex_top_inst/gen_regfile_ff.register_file_i/g_rf_flops[11].rf_reg_q_reg[27]/RD
                                2.00           3.16          -1.16  (VIOLATED)
       PIN :   ibex_top_inst/gen_regfile_ff.register_file_i/g_rf_flops[11].rf_reg_q_reg[28]/RD
                                2.00           3.16          -1.16  (VIOLATED)
       PIN :   ibex_top_inst/gen_regfile_ff.register_file_i/g_rf_flops[11].rf_reg_q_reg[29]/RD
                                2.00           3.16          -1.16  (VIOLATED)
       PIN :   ibex_top_inst/gen_regfile_ff.register_file_i/g_rf_flops[11].rf_reg_q_reg[31]/RD
                                2.00           3.16          -1.16  (VIOLATED)
       PIN :   ibex_top_inst/gen_regfile_ff.register_file_i/g_rf_flops[10].rf_reg_q_reg[0]/RD
                                2.00           3.16          -1.16  (VIOLATED)
       PIN :   ibex_top_inst/gen_regfile_ff.register_file_i/g_rf_flops[10].rf_reg_q_reg[1]/RD
                                2.00           3.16          -1.16  (VIOLATED)
       PIN :   ibex_top_inst/gen_regfile_ff.register_file_i/g_rf_flops[10].rf_reg_q_reg[2]/RD
                                2.00           3.16          -1.16  (VIOLATED)
       PIN :   ibex_top_inst/gen_regfile_ff.register_file_i/g_rf_flops[10].rf_reg_q_reg[3]/RD
                                2.00           3.16          -1.16  (VIOLATED)
       PIN :   ibex_top_inst/gen_regfile_ff.register_file_i/g_rf_flops[10].rf_reg_q_reg[4]/RD
                                2.00           3.16          -1.16  (VIOLATED)
       PIN :   ibex_top_inst/gen_regfile_ff.register_file_i/g_rf_flops[10].rf_reg_q_reg[5]/RD
                                2.00           3.16          -1.16  (VIOLATED)
       PIN :   ibex_top_inst/gen_regfile_ff.register_file_i/g_rf_flops[10].rf_reg_q_reg[6]/RD
                                2.00           3.16          -1.16  (VIOLATED)
       PIN :   ibex_top_inst/gen_regfile_ff.register_file_i/g_rf_flops[10].rf_reg_q_reg[7]/RD
                                2.00           3.16          -1.16  (VIOLATED)
       PIN :   ibex_top_inst/gen_regfile_ff.register_file_i/g_rf_flops[10].rf_reg_q_reg[8]/RD
                                2.00           3.16          -1.16  (VIOLATED)
       PIN :   ibex_top_inst/gen_regfile_ff.register_file_i/g_rf_flops[10].rf_reg_q_reg[9]/RD
                                2.00           3.16          -1.16  (VIOLATED)
       PIN :   ibex_top_inst/gen_regfile_ff.register_file_i/g_rf_flops[10].rf_reg_q_reg[10]/RD
                                2.00           3.16          -1.16  (VIOLATED)
       PIN :   ibex_top_inst/gen_regfile_ff.register_file_i/g_rf_flops[10].rf_reg_q_reg[11]/RD
                                2.00           3.16          -1.16  (VIOLATED)
       PIN :   ibex_top_inst/gen_regfile_ff.register_file_i/g_rf_flops[10].rf_reg_q_reg[12]/RD
                                2.00           3.16          -1.16  (VIOLATED)
       PIN :   ibex_top_inst/gen_regfile_ff.register_file_i/g_rf_flops[10].rf_reg_q_reg[14]/RD
                                2.00           3.16          -1.16  (VIOLATED)
       PIN :   ibex_top_inst/gen_regfile_ff.register_file_i/g_rf_flops[10].rf_reg_q_reg[15]/RD
                                2.00           3.16          -1.16  (VIOLATED)
       PIN :   ibex_top_inst/gen_regfile_ff.register_file_i/g_rf_flops[10].rf_reg_q_reg[16]/RD
                                2.00           3.16          -1.16  (VIOLATED)
       PIN :   ibex_top_inst/gen_regfile_ff.register_file_i/g_rf_flops[10].rf_reg_q_reg[17]/RD
                                2.00           3.16          -1.16  (VIOLATED)
       PIN :   ibex_top_inst/gen_regfile_ff.register_file_i/g_rf_flops[10].rf_reg_q_reg[18]/RD
                                2.00           3.16          -1.16  (VIOLATED)
       PIN :   ibex_top_inst/gen_regfile_ff.register_file_i/g_rf_flops[10].rf_reg_q_reg[19]/RD
                                2.00           3.16          -1.16  (VIOLATED)
       PIN :   ibex_top_inst/gen_regfile_ff.register_file_i/g_rf_flops[10].rf_reg_q_reg[20]/RD
                                2.00           3.16          -1.16  (VIOLATED)
       PIN :   ibex_top_inst/gen_regfile_ff.register_file_i/g_rf_flops[10].rf_reg_q_reg[21]/RD
                                2.00           3.16          -1.16  (VIOLATED)
       PIN :   ibex_top_inst/gen_regfile_ff.register_file_i/g_rf_flops[10].rf_reg_q_reg[22]/RD
                                2.00           3.16          -1.16  (VIOLATED)
       PIN :   ibex_top_inst/gen_regfile_ff.register_file_i/g_rf_flops[10].rf_reg_q_reg[23]/RD
                                2.00           3.16          -1.16  (VIOLATED)
       PIN :   ibex_top_inst/gen_regfile_ff.register_file_i/g_rf_flops[10].rf_reg_q_reg[24]/RD
                                2.00           3.16          -1.16  (VIOLATED)
       PIN :   ibex_top_inst/gen_regfile_ff.register_file_i/g_rf_flops[10].rf_reg_q_reg[25]/RD
                                2.00           3.16          -1.16  (VIOLATED)
       PIN :   ibex_top_inst/gen_regfile_ff.register_file_i/g_rf_flops[10].rf_reg_q_reg[26]/RD
                                2.00           3.16          -1.16  (VIOLATED)
       PIN :   ibex_top_inst/gen_regfile_ff.register_file_i/g_rf_flops[10].rf_reg_q_reg[27]/RD
                                2.00           3.16          -1.16  (VIOLATED)
       PIN :   ibex_top_inst/gen_regfile_ff.register_file_i/g_rf_flops[10].rf_reg_q_reg[29]/RD
                                2.00           3.16          -1.16  (VIOLATED)
       PIN :   ibex_top_inst/gen_regfile_ff.register_file_i/g_rf_flops[10].rf_reg_q_reg[30]/RD
                                2.00           3.16          -1.16  (VIOLATED)
       PIN :   ibex_top_inst/gen_regfile_ff.register_file_i/g_rf_flops[10].rf_reg_q_reg[31]/RD
                                2.00           3.16          -1.16  (VIOLATED)
       PIN :   ibex_top_inst/gen_regfile_ff.register_file_i/g_rf_flops[9].rf_reg_q_reg[0]/RD
                                2.00           3.16          -1.16  (VIOLATED)
       PIN :   ibex_top_inst/gen_regfile_ff.register_file_i/g_rf_flops[9].rf_reg_q_reg[1]/RD
                                2.00           3.16          -1.16  (VIOLATED)
       PIN :   ibex_top_inst/gen_regfile_ff.register_file_i/g_rf_flops[9].rf_reg_q_reg[2]/RD
                                2.00           3.16          -1.16  (VIOLATED)
       PIN :   ibex_top_inst/gen_regfile_ff.register_file_i/g_rf_flops[9].rf_reg_q_reg[3]/RD
                                2.00           3.16          -1.16  (VIOLATED)
       PIN :   ibex_top_inst/gen_regfile_ff.register_file_i/g_rf_flops[9].rf_reg_q_reg[4]/RD
                                2.00           3.16          -1.16  (VIOLATED)
       PIN :   ibex_top_inst/gen_regfile_ff.register_file_i/g_rf_flops[9].rf_reg_q_reg[5]/RD
                                2.00           3.16          -1.16  (VIOLATED)
       PIN :   ibex_top_inst/gen_regfile_ff.register_file_i/g_rf_flops[9].rf_reg_q_reg[6]/RD
                                2.00           3.16          -1.16  (VIOLATED)
       PIN :   ibex_top_inst/gen_regfile_ff.register_file_i/g_rf_flops[9].rf_reg_q_reg[7]/RD
                                2.00           3.16          -1.16  (VIOLATED)
       PIN :   ibex_top_inst/gen_regfile_ff.register_file_i/g_rf_flops[9].rf_reg_q_reg[8]/RD
                                2.00           3.16          -1.16  (VIOLATED)
       PIN :   ibex_top_inst/gen_regfile_ff.register_file_i/g_rf_flops[9].rf_reg_q_reg[9]/RD
                                2.00           3.16          -1.16  (VIOLATED)
       PIN :   ibex_top_inst/gen_regfile_ff.register_file_i/g_rf_flops[9].rf_reg_q_reg[10]/RD
                                2.00           3.16          -1.16  (VIOLATED)
       PIN :   ibex_top_inst/gen_regfile_ff.register_file_i/g_rf_flops[9].rf_reg_q_reg[12]/RD
                                2.00           3.16          -1.16  (VIOLATED)
       PIN :   ibex_top_inst/gen_regfile_ff.register_file_i/g_rf_flops[9].rf_reg_q_reg[13]/RD
                                2.00           3.16          -1.16  (VIOLATED)
       PIN :   ibex_top_inst/gen_regfile_ff.register_file_i/g_rf_flops[9].rf_reg_q_reg[14]/RD
                                2.00           3.16          -1.16  (VIOLATED)
       PIN :   ibex_top_inst/gen_regfile_ff.register_file_i/g_rf_flops[9].rf_reg_q_reg[15]/RD
                                2.00           3.16          -1.16  (VIOLATED)
       PIN :   ibex_top_inst/gen_regfile_ff.register_file_i/g_rf_flops[9].rf_reg_q_reg[16]/RD
                                2.00           3.16          -1.16  (VIOLATED)
       PIN :   ibex_top_inst/gen_regfile_ff.register_file_i/g_rf_flops[9].rf_reg_q_reg[17]/RD
                                2.00           3.16          -1.16  (VIOLATED)
       PIN :   ibex_top_inst/gen_regfile_ff.register_file_i/g_rf_flops[9].rf_reg_q_reg[18]/RD
                                2.00           3.16          -1.16  (VIOLATED)
       PIN :   ibex_top_inst/gen_regfile_ff.register_file_i/g_rf_flops[9].rf_reg_q_reg[19]/RD
                                2.00           3.16          -1.16  (VIOLATED)
       PIN :   ibex_top_inst/gen_regfile_ff.register_file_i/g_rf_flops[9].rf_reg_q_reg[20]/RD
                                2.00           3.16          -1.16  (VIOLATED)
       PIN :   ibex_top_inst/gen_regfile_ff.register_file_i/g_rf_flops[9].rf_reg_q_reg[21]/RD
                                2.00           3.16          -1.16  (VIOLATED)
       PIN :   ibex_top_inst/gen_regfile_ff.register_file_i/g_rf_flops[9].rf_reg_q_reg[22]/RD
                                2.00           3.16          -1.16  (VIOLATED)
       PIN :   ibex_top_inst/gen_regfile_ff.register_file_i/g_rf_flops[9].rf_reg_q_reg[23]/RD
                                2.00           3.16          -1.16  (VIOLATED)
       PIN :   ibex_top_inst/gen_regfile_ff.register_file_i/g_rf_flops[9].rf_reg_q_reg[24]/RD
                                2.00           3.16          -1.16  (VIOLATED)
       PIN :   ibex_top_inst/gen_regfile_ff.register_file_i/g_rf_flops[9].rf_reg_q_reg[25]/RD
                                2.00           3.16          -1.16  (VIOLATED)
       PIN :   ibex_top_inst/gen_regfile_ff.register_file_i/g_rf_flops[9].rf_reg_q_reg[27]/RD
                                2.00           3.16          -1.16  (VIOLATED)
       PIN :   ibex_top_inst/gen_regfile_ff.register_file_i/g_rf_flops[9].rf_reg_q_reg[28]/RD
                                2.00           3.16          -1.16  (VIOLATED)
       PIN :   ibex_top_inst/gen_regfile_ff.register_file_i/g_rf_flops[9].rf_reg_q_reg[29]/RD
                                2.00           3.16          -1.16  (VIOLATED)
       PIN :   ibex_top_inst/gen_regfile_ff.register_file_i/g_rf_flops[9].rf_reg_q_reg[30]/RD
                                2.00           3.16          -1.16  (VIOLATED)
       PIN :   ibex_top_inst/gen_regfile_ff.register_file_i/g_rf_flops[9].rf_reg_q_reg[31]/RD
                                2.00           3.16          -1.16  (VIOLATED)
       PIN :   ibex_top_inst/gen_regfile_ff.register_file_i/g_rf_flops[8].rf_reg_q_reg[0]/RD
                                2.00           3.16          -1.16  (VIOLATED)
       PIN :   ibex_top_inst/gen_regfile_ff.register_file_i/g_rf_flops[8].rf_reg_q_reg[1]/RD
                                2.00           3.16          -1.16  (VIOLATED)
       PIN :   ibex_top_inst/gen_regfile_ff.register_file_i/g_rf_flops[8].rf_reg_q_reg[2]/RD
                                2.00           3.16          -1.16  (VIOLATED)
       PIN :   ibex_top_inst/gen_regfile_ff.register_file_i/g_rf_flops[8].rf_reg_q_reg[3]/RD
                                2.00           3.16          -1.16  (VIOLATED)
       PIN :   ibex_top_inst/gen_regfile_ff.register_file_i/g_rf_flops[8].rf_reg_q_reg[4]/RD
                                2.00           3.16          -1.16  (VIOLATED)
       PIN :   ibex_top_inst/gen_regfile_ff.register_file_i/g_rf_flops[8].rf_reg_q_reg[5]/RD
                                2.00           3.16          -1.16  (VIOLATED)
       PIN :   ibex_top_inst/gen_regfile_ff.register_file_i/g_rf_flops[8].rf_reg_q_reg[6]/RD
                                2.00           3.16          -1.16  (VIOLATED)
       PIN :   ibex_top_inst/gen_regfile_ff.register_file_i/g_rf_flops[8].rf_reg_q_reg[7]/RD
                                2.00           3.16          -1.16  (VIOLATED)
       PIN :   ibex_top_inst/gen_regfile_ff.register_file_i/g_rf_flops[8].rf_reg_q_reg[8]/RD
                                2.00           3.16          -1.16  (VIOLATED)
       PIN :   ibex_top_inst/gen_regfile_ff.register_file_i/g_rf_flops[8].rf_reg_q_reg[10]/RD
                                2.00           3.16          -1.16  (VIOLATED)
       PIN :   ibex_top_inst/gen_regfile_ff.register_file_i/g_rf_flops[8].rf_reg_q_reg[11]/RD
                                2.00           3.16          -1.16  (VIOLATED)
       PIN :   ibex_top_inst/gen_regfile_ff.register_file_i/g_rf_flops[8].rf_reg_q_reg[12]/RD
                                2.00           3.16          -1.16  (VIOLATED)
       PIN :   ibex_top_inst/gen_regfile_ff.register_file_i/g_rf_flops[8].rf_reg_q_reg[13]/RD
                                2.00           3.16          -1.16  (VIOLATED)
       PIN :   ibex_top_inst/gen_regfile_ff.register_file_i/g_rf_flops[8].rf_reg_q_reg[14]/RD
                                2.00           3.16          -1.16  (VIOLATED)
       PIN :   ibex_top_inst/gen_regfile_ff.register_file_i/g_rf_flops[8].rf_reg_q_reg[15]/RD
                                2.00           3.16          -1.16  (VIOLATED)
       PIN :   ibex_top_inst/gen_regfile_ff.register_file_i/g_rf_flops[8].rf_reg_q_reg[16]/RD
                                2.00           3.16          -1.16  (VIOLATED)
       PIN :   ibex_top_inst/gen_regfile_ff.register_file_i/g_rf_flops[8].rf_reg_q_reg[17]/RD
                                2.00           3.16          -1.16  (VIOLATED)
       PIN :   ibex_top_inst/gen_regfile_ff.register_file_i/g_rf_flops[8].rf_reg_q_reg[18]/RD
                                2.00           3.16          -1.16  (VIOLATED)
       PIN :   ibex_top_inst/gen_regfile_ff.register_file_i/g_rf_flops[8].rf_reg_q_reg[19]/RD
                                2.00           3.16          -1.16  (VIOLATED)
       PIN :   ibex_top_inst/gen_regfile_ff.register_file_i/g_rf_flops[8].rf_reg_q_reg[20]/RD
                                2.00           3.16          -1.16  (VIOLATED)
       PIN :   ibex_top_inst/gen_regfile_ff.register_file_i/g_rf_flops[8].rf_reg_q_reg[21]/RD
                                2.00           3.16          -1.16  (VIOLATED)
       PIN :   ibex_top_inst/gen_regfile_ff.register_file_i/g_rf_flops[8].rf_reg_q_reg[22]/RD
                                2.00           3.16          -1.16  (VIOLATED)
       PIN :   ibex_top_inst/gen_regfile_ff.register_file_i/g_rf_flops[8].rf_reg_q_reg[23]/RD
                                2.00           3.16          -1.16  (VIOLATED)
       PIN :   ibex_top_inst/gen_regfile_ff.register_file_i/g_rf_flops[8].rf_reg_q_reg[25]/RD
                                2.00           3.16          -1.16  (VIOLATED)
       PIN :   ibex_top_inst/gen_regfile_ff.register_file_i/g_rf_flops[8].rf_reg_q_reg[26]/RD
                                2.00           3.16          -1.16  (VIOLATED)
       PIN :   ibex_top_inst/gen_regfile_ff.register_file_i/g_rf_flops[8].rf_reg_q_reg[27]/RD
                                2.00           3.16          -1.16  (VIOLATED)
       PIN :   ibex_top_inst/gen_regfile_ff.register_file_i/g_rf_flops[8].rf_reg_q_reg[28]/RD
                                2.00           3.16          -1.16  (VIOLATED)
       PIN :   ibex_top_inst/gen_regfile_ff.register_file_i/g_rf_flops[8].rf_reg_q_reg[29]/RD
                                2.00           3.16          -1.16  (VIOLATED)
       PIN :   ibex_top_inst/gen_regfile_ff.register_file_i/g_rf_flops[8].rf_reg_q_reg[30]/RD
                                2.00           3.16          -1.16  (VIOLATED)
       PIN :   ibex_top_inst/gen_regfile_ff.register_file_i/g_rf_flops[8].rf_reg_q_reg[31]/RD
                                2.00           3.16          -1.16  (VIOLATED)
       PIN :   ibex_top_inst/gen_regfile_ff.register_file_i/g_rf_flops[7].rf_reg_q_reg[0]/RD
                                2.00           3.16          -1.16  (VIOLATED)
       PIN :   ibex_top_inst/gen_regfile_ff.register_file_i/g_rf_flops[7].rf_reg_q_reg[1]/RD
                                2.00           3.16          -1.16  (VIOLATED)
       PIN :   ibex_top_inst/gen_regfile_ff.register_file_i/g_rf_flops[7].rf_reg_q_reg[2]/RD
                                2.00           3.16          -1.16  (VIOLATED)
       PIN :   ibex_top_inst/gen_regfile_ff.register_file_i/g_rf_flops[7].rf_reg_q_reg[3]/RD
                                2.00           3.16          -1.16  (VIOLATED)
       PIN :   ibex_top_inst/gen_regfile_ff.register_file_i/g_rf_flops[7].rf_reg_q_reg[4]/RD
                                2.00           3.16          -1.16  (VIOLATED)
       PIN :   ibex_top_inst/gen_regfile_ff.register_file_i/g_rf_flops[7].rf_reg_q_reg[5]/RD
                                2.00           3.16          -1.16  (VIOLATED)
       PIN :   ibex_top_inst/gen_regfile_ff.register_file_i/g_rf_flops[7].rf_reg_q_reg[6]/RD
                                2.00           3.16          -1.16  (VIOLATED)
       PIN :   ibex_top_inst/gen_regfile_ff.register_file_i/g_rf_flops[7].rf_reg_q_reg[8]/RD
                                2.00           3.16          -1.16  (VIOLATED)
       PIN :   ibex_top_inst/gen_regfile_ff.register_file_i/g_rf_flops[7].rf_reg_q_reg[9]/RD
                                2.00           3.16          -1.16  (VIOLATED)
       PIN :   ibex_top_inst/gen_regfile_ff.register_file_i/g_rf_flops[7].rf_reg_q_reg[10]/RD
                                2.00           3.16          -1.16  (VIOLATED)
       PIN :   ibex_top_inst/gen_regfile_ff.register_file_i/g_rf_flops[7].rf_reg_q_reg[11]/RD
                                2.00           3.16          -1.16  (VIOLATED)
       PIN :   ibex_top_inst/gen_regfile_ff.register_file_i/g_rf_flops[7].rf_reg_q_reg[12]/RD
                                2.00           3.16          -1.16  (VIOLATED)
       PIN :   ibex_top_inst/gen_regfile_ff.register_file_i/g_rf_flops[7].rf_reg_q_reg[13]/RD
                                2.00           3.16          -1.16  (VIOLATED)
       PIN :   ibex_top_inst/gen_regfile_ff.register_file_i/g_rf_flops[7].rf_reg_q_reg[14]/RD
                                2.00           3.16          -1.16  (VIOLATED)
       PIN :   ibex_top_inst/gen_regfile_ff.register_file_i/g_rf_flops[7].rf_reg_q_reg[15]/RD
                                2.00           3.16          -1.16  (VIOLATED)
       PIN :   ibex_top_inst/gen_regfile_ff.register_file_i/g_rf_flops[7].rf_reg_q_reg[16]/RD
                                2.00           3.16          -1.16  (VIOLATED)
       PIN :   ibex_top_inst/gen_regfile_ff.register_file_i/g_rf_flops[7].rf_reg_q_reg[17]/RD
                                2.00           3.16          -1.16  (VIOLATED)
       PIN :   ibex_top_inst/gen_regfile_ff.register_file_i/g_rf_flops[7].rf_reg_q_reg[18]/RD
                                2.00           3.16          -1.16  (VIOLATED)
       PIN :   ibex_top_inst/gen_regfile_ff.register_file_i/g_rf_flops[7].rf_reg_q_reg[19]/RD
                                2.00           3.16          -1.16  (VIOLATED)
       PIN :   ibex_top_inst/gen_regfile_ff.register_file_i/g_rf_flops[7].rf_reg_q_reg[20]/RD
                                2.00           3.16          -1.16  (VIOLATED)
       PIN :   ibex_top_inst/gen_regfile_ff.register_file_i/g_rf_flops[7].rf_reg_q_reg[21]/RD
                                2.00           3.16          -1.16  (VIOLATED)
       PIN :   ibex_top_inst/gen_regfile_ff.register_file_i/g_rf_flops[7].rf_reg_q_reg[23]/RD
                                2.00           3.16          -1.16  (VIOLATED)
       PIN :   ibex_top_inst/gen_regfile_ff.register_file_i/g_rf_flops[7].rf_reg_q_reg[24]/RD
                                2.00           3.16          -1.16  (VIOLATED)
       PIN :   ibex_top_inst/gen_regfile_ff.register_file_i/g_rf_flops[7].rf_reg_q_reg[25]/RD
                                2.00           3.16          -1.16  (VIOLATED)
       PIN :   ibex_top_inst/gen_regfile_ff.register_file_i/g_rf_flops[7].rf_reg_q_reg[26]/RD
                                2.00           3.16          -1.16  (VIOLATED)
       PIN :   ibex_top_inst/gen_regfile_ff.register_file_i/g_rf_flops[7].rf_reg_q_reg[27]/RD
                                2.00           3.16          -1.16  (VIOLATED)
       PIN :   ibex_top_inst/gen_regfile_ff.register_file_i/g_rf_flops[7].rf_reg_q_reg[28]/RD
                                2.00           3.16          -1.16  (VIOLATED)
       PIN :   ibex_top_inst/gen_regfile_ff.register_file_i/g_rf_flops[7].rf_reg_q_reg[29]/RD
                                2.00           3.16          -1.16  (VIOLATED)
       PIN :   ibex_top_inst/gen_regfile_ff.register_file_i/g_rf_flops[7].rf_reg_q_reg[30]/RD
                                2.00           3.16          -1.16  (VIOLATED)
       PIN :   ibex_top_inst/gen_regfile_ff.register_file_i/g_rf_flops[7].rf_reg_q_reg[31]/RD
                                2.00           3.16          -1.16  (VIOLATED)
       PIN :   ibex_top_inst/gen_regfile_ff.register_file_i/g_rf_flops[6].rf_reg_q_reg[0]/RD
                                2.00           3.16          -1.16  (VIOLATED)
       PIN :   ibex_top_inst/gen_regfile_ff.register_file_i/g_rf_flops[6].rf_reg_q_reg[1]/RD
                                2.00           3.16          -1.16  (VIOLATED)
       PIN :   ibex_top_inst/gen_regfile_ff.register_file_i/g_rf_flops[6].rf_reg_q_reg[2]/RD
                                2.00           3.16          -1.16  (VIOLATED)
       PIN :   ibex_top_inst/gen_regfile_ff.register_file_i/g_rf_flops[6].rf_reg_q_reg[3]/RD
                                2.00           3.16          -1.16  (VIOLATED)
       PIN :   ibex_top_inst/gen_regfile_ff.register_file_i/g_rf_flops[6].rf_reg_q_reg[4]/RD
                                2.00           3.16          -1.16  (VIOLATED)
       PIN :   ibex_top_inst/gen_regfile_ff.register_file_i/g_rf_flops[6].rf_reg_q_reg[6]/RD
                                2.00           3.16          -1.16  (VIOLATED)
       PIN :   ibex_top_inst/gen_regfile_ff.register_file_i/g_rf_flops[6].rf_reg_q_reg[7]/RD
                                2.00           3.16          -1.16  (VIOLATED)
       PIN :   ibex_top_inst/gen_regfile_ff.register_file_i/g_rf_flops[6].rf_reg_q_reg[8]/RD
                                2.00           3.16          -1.16  (VIOLATED)
       PIN :   ibex_top_inst/gen_regfile_ff.register_file_i/g_rf_flops[6].rf_reg_q_reg[9]/RD
                                2.00           3.16          -1.16  (VIOLATED)
       PIN :   ibex_top_inst/gen_regfile_ff.register_file_i/g_rf_flops[6].rf_reg_q_reg[10]/RD
                                2.00           3.16          -1.16  (VIOLATED)
       PIN :   ibex_top_inst/gen_regfile_ff.register_file_i/g_rf_flops[6].rf_reg_q_reg[11]/RD
                                2.00           3.16          -1.16  (VIOLATED)
       PIN :   ibex_top_inst/gen_regfile_ff.register_file_i/g_rf_flops[6].rf_reg_q_reg[12]/RD
                                2.00           3.16          -1.16  (VIOLATED)
       PIN :   ibex_top_inst/gen_regfile_ff.register_file_i/g_rf_flops[6].rf_reg_q_reg[13]/RD
                                2.00           3.16          -1.16  (VIOLATED)
       PIN :   ibex_top_inst/gen_regfile_ff.register_file_i/g_rf_flops[6].rf_reg_q_reg[14]/RD
                                2.00           3.16          -1.16  (VIOLATED)
       PIN :   ibex_top_inst/gen_regfile_ff.register_file_i/g_rf_flops[6].rf_reg_q_reg[15]/RD
                                2.00           3.16          -1.16  (VIOLATED)
       PIN :   ibex_top_inst/gen_regfile_ff.register_file_i/g_rf_flops[6].rf_reg_q_reg[16]/RD
                                2.00           3.16          -1.16  (VIOLATED)
       PIN :   ibex_top_inst/gen_regfile_ff.register_file_i/g_rf_flops[6].rf_reg_q_reg[17]/RD
                                2.00           3.16          -1.16  (VIOLATED)
       PIN :   ibex_top_inst/gen_regfile_ff.register_file_i/g_rf_flops[6].rf_reg_q_reg[18]/RD
                                2.00           3.16          -1.16  (VIOLATED)
       PIN :   ibex_top_inst/gen_regfile_ff.register_file_i/g_rf_flops[6].rf_reg_q_reg[19]/RD
                                2.00           3.16          -1.16  (VIOLATED)
       PIN :   ibex_top_inst/gen_regfile_ff.register_file_i/g_rf_flops[6].rf_reg_q_reg[21]/RD
                                2.00           3.16          -1.16  (VIOLATED)
       PIN :   ibex_top_inst/gen_regfile_ff.register_file_i/g_rf_flops[6].rf_reg_q_reg[22]/RD
                                2.00           3.16          -1.16  (VIOLATED)
       PIN :   ibex_top_inst/gen_regfile_ff.register_file_i/g_rf_flops[6].rf_reg_q_reg[23]/RD
                                2.00           3.16          -1.16  (VIOLATED)
       PIN :   ibex_top_inst/gen_regfile_ff.register_file_i/g_rf_flops[6].rf_reg_q_reg[24]/RD
                                2.00           3.16          -1.16  (VIOLATED)
       PIN :   ibex_top_inst/gen_regfile_ff.register_file_i/g_rf_flops[6].rf_reg_q_reg[25]/RD
                                2.00           3.16          -1.16  (VIOLATED)
       PIN :   ibex_top_inst/gen_regfile_ff.register_file_i/g_rf_flops[6].rf_reg_q_reg[26]/RD
                                2.00           3.16          -1.16  (VIOLATED)
       PIN :   ibex_top_inst/gen_regfile_ff.register_file_i/g_rf_flops[6].rf_reg_q_reg[27]/RD
                                2.00           3.16          -1.16  (VIOLATED)
       PIN :   ibex_top_inst/gen_regfile_ff.register_file_i/g_rf_flops[6].rf_reg_q_reg[28]/RD
                                2.00           3.16          -1.16  (VIOLATED)
       PIN :   ibex_top_inst/gen_regfile_ff.register_file_i/g_rf_flops[6].rf_reg_q_reg[29]/RD
                                2.00           3.16          -1.16  (VIOLATED)
       PIN :   ibex_top_inst/gen_regfile_ff.register_file_i/g_rf_flops[6].rf_reg_q_reg[30]/RD
                                2.00           3.16          -1.16  (VIOLATED)
       PIN :   ibex_top_inst/gen_regfile_ff.register_file_i/g_rf_flops[6].rf_reg_q_reg[31]/RD
                                2.00           3.16          -1.16  (VIOLATED)
       PIN :   ibex_top_inst/gen_regfile_ff.register_file_i/g_rf_flops[5].rf_reg_q_reg[0]/RD
                                2.00           3.16          -1.16  (VIOLATED)
       PIN :   ibex_top_inst/gen_regfile_ff.register_file_i/g_rf_flops[5].rf_reg_q_reg[1]/RD
                                2.00           3.16          -1.16  (VIOLATED)
       PIN :   ibex_top_inst/gen_regfile_ff.register_file_i/g_rf_flops[5].rf_reg_q_reg[2]/RD
                                2.00           3.16          -1.16  (VIOLATED)
       PIN :   ibex_top_inst/gen_regfile_ff.register_file_i/g_rf_flops[5].rf_reg_q_reg[4]/RD
                                2.00           3.16          -1.16  (VIOLATED)
       PIN :   ibex_top_inst/gen_regfile_ff.register_file_i/g_rf_flops[5].rf_reg_q_reg[5]/RD
                                2.00           3.16          -1.16  (VIOLATED)
       PIN :   ibex_top_inst/gen_regfile_ff.register_file_i/g_rf_flops[5].rf_reg_q_reg[6]/RD
                                2.00           3.16          -1.16  (VIOLATED)
       PIN :   ibex_top_inst/gen_regfile_ff.register_file_i/g_rf_flops[5].rf_reg_q_reg[7]/RD
                                2.00           3.16          -1.16  (VIOLATED)
       PIN :   ibex_top_inst/gen_regfile_ff.register_file_i/g_rf_flops[5].rf_reg_q_reg[8]/RD
                                2.00           3.16          -1.16  (VIOLATED)
       PIN :   ibex_top_inst/gen_regfile_ff.register_file_i/g_rf_flops[5].rf_reg_q_reg[9]/RD
                                2.00           3.16          -1.16  (VIOLATED)
       PIN :   ibex_top_inst/gen_regfile_ff.register_file_i/g_rf_flops[5].rf_reg_q_reg[10]/RD
                                2.00           3.16          -1.16  (VIOLATED)
       PIN :   ibex_top_inst/gen_regfile_ff.register_file_i/g_rf_flops[5].rf_reg_q_reg[11]/RD
                                2.00           3.16          -1.16  (VIOLATED)
       PIN :   ibex_top_inst/gen_regfile_ff.register_file_i/g_rf_flops[5].rf_reg_q_reg[12]/RD
                                2.00           3.16          -1.16  (VIOLATED)
       PIN :   ibex_top_inst/gen_regfile_ff.register_file_i/g_rf_flops[5].rf_reg_q_reg[13]/RD
                                2.00           3.16          -1.16  (VIOLATED)
       PIN :   ibex_top_inst/gen_regfile_ff.register_file_i/g_rf_flops[5].rf_reg_q_reg[14]/RD
                                2.00           3.16          -1.16  (VIOLATED)
       PIN :   ibex_top_inst/gen_regfile_ff.register_file_i/g_rf_flops[5].rf_reg_q_reg[15]/RD
                                2.00           3.16          -1.16  (VIOLATED)
       PIN :   ibex_top_inst/gen_regfile_ff.register_file_i/g_rf_flops[5].rf_reg_q_reg[16]/RD
                                2.00           3.16          -1.16  (VIOLATED)
       PIN :   ibex_top_inst/gen_regfile_ff.register_file_i/g_rf_flops[5].rf_reg_q_reg[17]/RD
                                2.00           3.16          -1.16  (VIOLATED)
       PIN :   ibex_top_inst/gen_regfile_ff.register_file_i/g_rf_flops[5].rf_reg_q_reg[19]/RD
                                2.00           3.16          -1.16  (VIOLATED)
       PIN :   ibex_top_inst/gen_regfile_ff.register_file_i/g_rf_flops[5].rf_reg_q_reg[20]/RD
                                2.00           3.16          -1.16  (VIOLATED)
       PIN :   ibex_top_inst/gen_regfile_ff.register_file_i/g_rf_flops[5].rf_reg_q_reg[21]/RD
                                2.00           3.16          -1.16  (VIOLATED)
       PIN :   ibex_top_inst/gen_regfile_ff.register_file_i/g_rf_flops[5].rf_reg_q_reg[22]/RD
                                2.00           3.16          -1.16  (VIOLATED)
       PIN :   ibex_top_inst/gen_regfile_ff.register_file_i/g_rf_flops[5].rf_reg_q_reg[23]/RD
                                2.00           3.16          -1.16  (VIOLATED)
       PIN :   ibex_top_inst/gen_regfile_ff.register_file_i/g_rf_flops[5].rf_reg_q_reg[24]/RD
                                2.00           3.16          -1.16  (VIOLATED)
       PIN :   ibex_top_inst/gen_regfile_ff.register_file_i/g_rf_flops[5].rf_reg_q_reg[25]/RD
                                2.00           3.16          -1.16  (VIOLATED)
       PIN :   ibex_top_inst/gen_regfile_ff.register_file_i/g_rf_flops[5].rf_reg_q_reg[26]/RD
                                2.00           3.16          -1.16  (VIOLATED)
       PIN :   ibex_top_inst/gen_regfile_ff.register_file_i/g_rf_flops[5].rf_reg_q_reg[27]/RD
                                2.00           3.16          -1.16  (VIOLATED)
       PIN :   ibex_top_inst/gen_regfile_ff.register_file_i/g_rf_flops[5].rf_reg_q_reg[28]/RD
                                2.00           3.16          -1.16  (VIOLATED)
       PIN :   ibex_top_inst/gen_regfile_ff.register_file_i/g_rf_flops[5].rf_reg_q_reg[29]/RD
                                2.00           3.16          -1.16  (VIOLATED)
       PIN :   ibex_top_inst/gen_regfile_ff.register_file_i/g_rf_flops[5].rf_reg_q_reg[30]/RD
                                2.00           3.16          -1.16  (VIOLATED)
       PIN :   ibex_top_inst/gen_regfile_ff.register_file_i/g_rf_flops[5].rf_reg_q_reg[31]/RD
                                2.00           3.16          -1.16  (VIOLATED)
       PIN :   ibex_top_inst/gen_regfile_ff.register_file_i/g_rf_flops[4].rf_reg_q_reg[0]/RD
                                2.00           3.16          -1.16  (VIOLATED)
       PIN :   ibex_top_inst/gen_regfile_ff.register_file_i/g_rf_flops[4].rf_reg_q_reg[2]/RD
                                2.00           3.16          -1.16  (VIOLATED)
       PIN :   ibex_top_inst/gen_regfile_ff.register_file_i/g_rf_flops[4].rf_reg_q_reg[3]/RD
                                2.00           3.16          -1.16  (VIOLATED)
       PIN :   ibex_top_inst/gen_regfile_ff.register_file_i/g_rf_flops[4].rf_reg_q_reg[4]/RD
                                2.00           3.16          -1.16  (VIOLATED)
       PIN :   ibex_top_inst/gen_regfile_ff.register_file_i/g_rf_flops[4].rf_reg_q_reg[5]/RD
                                2.00           3.16          -1.16  (VIOLATED)
       PIN :   ibex_top_inst/gen_regfile_ff.register_file_i/g_rf_flops[4].rf_reg_q_reg[6]/RD
                                2.00           3.16          -1.16  (VIOLATED)
       PIN :   ibex_top_inst/gen_regfile_ff.register_file_i/g_rf_flops[4].rf_reg_q_reg[7]/RD
                                2.00           3.16          -1.16  (VIOLATED)
       PIN :   ibex_top_inst/gen_regfile_ff.register_file_i/g_rf_flops[4].rf_reg_q_reg[8]/RD
                                2.00           3.16          -1.16  (VIOLATED)
       PIN :   ibex_top_inst/gen_regfile_ff.register_file_i/g_rf_flops[4].rf_reg_q_reg[9]/RD
                                2.00           3.16          -1.16  (VIOLATED)
       PIN :   ibex_top_inst/gen_regfile_ff.register_file_i/g_rf_flops[4].rf_reg_q_reg[10]/RD
                                2.00           3.16          -1.16  (VIOLATED)
       PIN :   ibex_top_inst/gen_regfile_ff.register_file_i/g_rf_flops[4].rf_reg_q_reg[11]/RD
                                2.00           3.16          -1.16  (VIOLATED)
       PIN :   ibex_top_inst/gen_regfile_ff.register_file_i/g_rf_flops[4].rf_reg_q_reg[12]/RD
                                2.00           3.16          -1.16  (VIOLATED)
       PIN :   ibex_top_inst/gen_regfile_ff.register_file_i/g_rf_flops[4].rf_reg_q_reg[13]/RD
                                2.00           3.16          -1.16  (VIOLATED)
       PIN :   ibex_top_inst/gen_regfile_ff.register_file_i/g_rf_flops[4].rf_reg_q_reg[14]/RD
                                2.00           3.16          -1.16  (VIOLATED)
       PIN :   ibex_top_inst/gen_regfile_ff.register_file_i/g_rf_flops[4].rf_reg_q_reg[15]/RD
                                2.00           3.16          -1.16  (VIOLATED)
       PIN :   ibex_top_inst/gen_regfile_ff.register_file_i/g_rf_flops[4].rf_reg_q_reg[17]/RD
                                2.00           3.16          -1.16  (VIOLATED)
       PIN :   ibex_top_inst/gen_regfile_ff.register_file_i/g_rf_flops[4].rf_reg_q_reg[18]/RD
                                2.00           3.16          -1.16  (VIOLATED)
       PIN :   ibex_top_inst/gen_regfile_ff.register_file_i/g_rf_flops[4].rf_reg_q_reg[19]/RD
                                2.00           3.16          -1.16  (VIOLATED)
       PIN :   ibex_top_inst/gen_regfile_ff.register_file_i/g_rf_flops[4].rf_reg_q_reg[20]/RD
                                2.00           3.16          -1.16  (VIOLATED)
       PIN :   ibex_top_inst/gen_regfile_ff.register_file_i/g_rf_flops[4].rf_reg_q_reg[21]/RD
                                2.00           3.16          -1.16  (VIOLATED)
       PIN :   ibex_top_inst/gen_regfile_ff.register_file_i/g_rf_flops[4].rf_reg_q_reg[22]/RD
                                2.00           3.16          -1.16  (VIOLATED)
       PIN :   ibex_top_inst/gen_regfile_ff.register_file_i/g_rf_flops[4].rf_reg_q_reg[23]/RD
                                2.00           3.16          -1.16  (VIOLATED)
       PIN :   ibex_top_inst/gen_regfile_ff.register_file_i/g_rf_flops[4].rf_reg_q_reg[24]/RD
                                2.00           3.16          -1.16  (VIOLATED)
       PIN :   ibex_top_inst/gen_regfile_ff.register_file_i/g_rf_flops[4].rf_reg_q_reg[25]/RD
                                2.00           3.16          -1.16  (VIOLATED)
       PIN :   ibex_top_inst/gen_regfile_ff.register_file_i/g_rf_flops[4].rf_reg_q_reg[26]/RD
                                2.00           3.16          -1.16  (VIOLATED)
       PIN :   ibex_top_inst/gen_regfile_ff.register_file_i/g_rf_flops[4].rf_reg_q_reg[27]/RD
                                2.00           3.16          -1.16  (VIOLATED)
       PIN :   ibex_top_inst/gen_regfile_ff.register_file_i/g_rf_flops[4].rf_reg_q_reg[28]/RD
                                2.00           3.16          -1.16  (VIOLATED)
       PIN :   ibex_top_inst/gen_regfile_ff.register_file_i/g_rf_flops[4].rf_reg_q_reg[29]/RD
                                2.00           3.16          -1.16  (VIOLATED)
       PIN :   ibex_top_inst/gen_regfile_ff.register_file_i/g_rf_flops[4].rf_reg_q_reg[30]/RD
                                2.00           3.16          -1.16  (VIOLATED)
       PIN :   ibex_top_inst/gen_regfile_ff.register_file_i/g_rf_flops[3].rf_reg_q_reg[0]/RD
                                2.00           3.16          -1.16  (VIOLATED)
       PIN :   ibex_top_inst/gen_regfile_ff.register_file_i/g_rf_flops[3].rf_reg_q_reg[1]/RD
                                2.00           3.16          -1.16  (VIOLATED)
       PIN :   ibex_top_inst/gen_regfile_ff.register_file_i/g_rf_flops[3].rf_reg_q_reg[2]/RD
                                2.00           3.16          -1.16  (VIOLATED)
       PIN :   ibex_top_inst/gen_regfile_ff.register_file_i/g_rf_flops[3].rf_reg_q_reg[3]/RD
                                2.00           3.16          -1.16  (VIOLATED)
       PIN :   ibex_top_inst/gen_regfile_ff.register_file_i/g_rf_flops[3].rf_reg_q_reg[4]/RD
                                2.00           3.16          -1.16  (VIOLATED)
       PIN :   ibex_top_inst/gen_regfile_ff.register_file_i/g_rf_flops[3].rf_reg_q_reg[5]/RD
                                2.00           3.16          -1.16  (VIOLATED)
       PIN :   ibex_top_inst/gen_regfile_ff.register_file_i/g_rf_flops[3].rf_reg_q_reg[6]/RD
                                2.00           3.16          -1.16  (VIOLATED)
       PIN :   ibex_top_inst/gen_regfile_ff.register_file_i/g_rf_flops[3].rf_reg_q_reg[7]/RD
                                2.00           3.16          -1.16  (VIOLATED)
       PIN :   ibex_top_inst/gen_regfile_ff.register_file_i/g_rf_flops[3].rf_reg_q_reg[8]/RD
                                2.00           3.16          -1.16  (VIOLATED)
       PIN :   ibex_top_inst/gen_regfile_ff.register_file_i/g_rf_flops[3].rf_reg_q_reg[9]/RD
                                2.00           3.16          -1.16  (VIOLATED)
       PIN :   ibex_top_inst/gen_regfile_ff.register_file_i/g_rf_flops[3].rf_reg_q_reg[10]/RD
                                2.00           3.16          -1.16  (VIOLATED)
       PIN :   ibex_top_inst/gen_regfile_ff.register_file_i/g_rf_flops[3].rf_reg_q_reg[11]/RD
                                2.00           3.16          -1.16  (VIOLATED)
       PIN :   ibex_top_inst/gen_regfile_ff.register_file_i/g_rf_flops[3].rf_reg_q_reg[12]/RD
                                2.00           3.16          -1.16  (VIOLATED)
       PIN :   ibex_top_inst/gen_regfile_ff.register_file_i/g_rf_flops[3].rf_reg_q_reg[13]/RD
                                2.00           3.16          -1.16  (VIOLATED)
       PIN :   ibex_top_inst/gen_regfile_ff.register_file_i/g_rf_flops[3].rf_reg_q_reg[15]/RD
                                2.00           3.16          -1.16  (VIOLATED)
       PIN :   ibex_top_inst/gen_regfile_ff.register_file_i/g_rf_flops[3].rf_reg_q_reg[16]/RD
                                2.00           3.16          -1.16  (VIOLATED)
       PIN :   ibex_top_inst/gen_regfile_ff.register_file_i/g_rf_flops[3].rf_reg_q_reg[17]/RD
                                2.00           3.16          -1.16  (VIOLATED)
       PIN :   ibex_top_inst/gen_regfile_ff.register_file_i/g_rf_flops[3].rf_reg_q_reg[18]/RD
                                2.00           3.16          -1.16  (VIOLATED)
       PIN :   ibex_top_inst/gen_regfile_ff.register_file_i/g_rf_flops[3].rf_reg_q_reg[19]/RD
                                2.00           3.16          -1.16  (VIOLATED)
       PIN :   ibex_top_inst/gen_regfile_ff.register_file_i/g_rf_flops[3].rf_reg_q_reg[20]/RD
                                2.00           3.16          -1.16  (VIOLATED)
       PIN :   ibex_top_inst/gen_regfile_ff.register_file_i/g_rf_flops[3].rf_reg_q_reg[21]/RD
                                2.00           3.16          -1.16  (VIOLATED)
       PIN :   ibex_top_inst/gen_regfile_ff.register_file_i/g_rf_flops[3].rf_reg_q_reg[22]/RD
                                2.00           3.16          -1.16  (VIOLATED)
       PIN :   ibex_top_inst/gen_regfile_ff.register_file_i/g_rf_flops[3].rf_reg_q_reg[23]/RD
                                2.00           3.16          -1.16  (VIOLATED)
       PIN :   ibex_top_inst/gen_regfile_ff.register_file_i/g_rf_flops[3].rf_reg_q_reg[24]/RD
                                2.00           3.16          -1.16  (VIOLATED)
       PIN :   ibex_top_inst/gen_regfile_ff.register_file_i/g_rf_flops[3].rf_reg_q_reg[25]/RD
                                2.00           3.16          -1.16  (VIOLATED)
       PIN :   ibex_top_inst/gen_regfile_ff.register_file_i/g_rf_flops[3].rf_reg_q_reg[26]/RD
                                2.00           3.16          -1.16  (VIOLATED)
       PIN :   ibex_top_inst/gen_regfile_ff.register_file_i/g_rf_flops[3].rf_reg_q_reg[27]/RD
                                2.00           3.16          -1.16  (VIOLATED)
       PIN :   ibex_top_inst/gen_regfile_ff.register_file_i/g_rf_flops[3].rf_reg_q_reg[28]/RD
                                2.00           3.16          -1.16  (VIOLATED)
       PIN :   ibex_top_inst/gen_regfile_ff.register_file_i/g_rf_flops[3].rf_reg_q_reg[30]/RD
                                2.00           3.16          -1.16  (VIOLATED)
       PIN :   ibex_top_inst/gen_regfile_ff.register_file_i/g_rf_flops[3].rf_reg_q_reg[31]/RD
                                2.00           3.16          -1.16  (VIOLATED)
       PIN :   ibex_top_inst/gen_regfile_ff.register_file_i/g_rf_flops[2].rf_reg_q_reg[0]/RD
                                2.00           3.16          -1.16  (VIOLATED)
       PIN :   ibex_top_inst/gen_regfile_ff.register_file_i/g_rf_flops[2].rf_reg_q_reg[1]/RD
                                2.00           3.16          -1.16  (VIOLATED)
       PIN :   ibex_top_inst/gen_regfile_ff.register_file_i/g_rf_flops[2].rf_reg_q_reg[2]/RD
                                2.00           3.16          -1.16  (VIOLATED)
       PIN :   ibex_top_inst/gen_regfile_ff.register_file_i/g_rf_flops[2].rf_reg_q_reg[3]/RD
                                2.00           3.16          -1.16  (VIOLATED)
       PIN :   ibex_top_inst/gen_regfile_ff.register_file_i/g_rf_flops[2].rf_reg_q_reg[4]/RD
                                2.00           3.16          -1.16  (VIOLATED)
       PIN :   ibex_top_inst/gen_regfile_ff.register_file_i/g_rf_flops[2].rf_reg_q_reg[5]/RD
                                2.00           3.16          -1.16  (VIOLATED)
       PIN :   ibex_top_inst/gen_regfile_ff.register_file_i/g_rf_flops[2].rf_reg_q_reg[6]/RD
                                2.00           3.16          -1.16  (VIOLATED)
       PIN :   ibex_top_inst/gen_regfile_ff.register_file_i/g_rf_flops[2].rf_reg_q_reg[7]/RD
                                2.00           3.16          -1.16  (VIOLATED)
       PIN :   ibex_top_inst/gen_regfile_ff.register_file_i/g_rf_flops[2].rf_reg_q_reg[8]/RD
                                2.00           3.16          -1.16  (VIOLATED)
       PIN :   ibex_top_inst/gen_regfile_ff.register_file_i/g_rf_flops[2].rf_reg_q_reg[9]/RD
                                2.00           3.16          -1.16  (VIOLATED)
       PIN :   ibex_top_inst/gen_regfile_ff.register_file_i/g_rf_flops[2].rf_reg_q_reg[10]/RD
                                2.00           3.16          -1.16  (VIOLATED)
       PIN :   ibex_top_inst/gen_regfile_ff.register_file_i/g_rf_flops[2].rf_reg_q_reg[11]/RD
                                2.00           3.16          -1.16  (VIOLATED)
       PIN :   ibex_top_inst/gen_regfile_ff.register_file_i/g_rf_flops[2].rf_reg_q_reg[13]/RD
                                2.00           3.16          -1.16  (VIOLATED)
       PIN :   ibex_top_inst/gen_regfile_ff.register_file_i/g_rf_flops[2].rf_reg_q_reg[14]/RD
                                2.00           3.16          -1.16  (VIOLATED)
       PIN :   ibex_top_inst/gen_regfile_ff.register_file_i/g_rf_flops[2].rf_reg_q_reg[15]/RD
                                2.00           3.16          -1.16  (VIOLATED)
       PIN :   ibex_top_inst/gen_regfile_ff.register_file_i/g_rf_flops[2].rf_reg_q_reg[16]/RD
                                2.00           3.16          -1.16  (VIOLATED)
       PIN :   ibex_top_inst/gen_regfile_ff.register_file_i/g_rf_flops[2].rf_reg_q_reg[17]/RD
                                2.00           3.16          -1.16  (VIOLATED)
       PIN :   ibex_top_inst/gen_regfile_ff.register_file_i/g_rf_flops[2].rf_reg_q_reg[18]/RD
                                2.00           3.16          -1.16  (VIOLATED)
       PIN :   ibex_top_inst/gen_regfile_ff.register_file_i/g_rf_flops[2].rf_reg_q_reg[19]/RD
                                2.00           3.16          -1.16  (VIOLATED)
       PIN :   ibex_top_inst/gen_regfile_ff.register_file_i/g_rf_flops[2].rf_reg_q_reg[20]/RD
                                2.00           3.16          -1.16  (VIOLATED)
       PIN :   ibex_top_inst/gen_regfile_ff.register_file_i/g_rf_flops[2].rf_reg_q_reg[21]/RD
                                2.00           3.16          -1.16  (VIOLATED)
       PIN :   ibex_top_inst/gen_regfile_ff.register_file_i/g_rf_flops[2].rf_reg_q_reg[22]/RD
                                2.00           3.16          -1.16  (VIOLATED)
       PIN :   ibex_top_inst/gen_regfile_ff.register_file_i/g_rf_flops[2].rf_reg_q_reg[23]/RD
                                2.00           3.16          -1.16  (VIOLATED)
       PIN :   ibex_top_inst/gen_regfile_ff.register_file_i/g_rf_flops[2].rf_reg_q_reg[24]/RD
                                2.00           3.16          -1.16  (VIOLATED)
       PIN :   ibex_top_inst/gen_regfile_ff.register_file_i/g_rf_flops[2].rf_reg_q_reg[25]/RD
                                2.00           3.16          -1.16  (VIOLATED)
       PIN :   ibex_top_inst/gen_regfile_ff.register_file_i/g_rf_flops[2].rf_reg_q_reg[26]/RD
                                2.00           3.16          -1.16  (VIOLATED)
       PIN :   ibex_top_inst/gen_regfile_ff.register_file_i/g_rf_flops[2].rf_reg_q_reg[28]/RD
                                2.00           3.16          -1.16  (VIOLATED)
       PIN :   ibex_top_inst/gen_regfile_ff.register_file_i/g_rf_flops[2].rf_reg_q_reg[29]/RD
                                2.00           3.16          -1.16  (VIOLATED)
       PIN :   ibex_top_inst/gen_regfile_ff.register_file_i/g_rf_flops[2].rf_reg_q_reg[30]/RD
                                2.00           3.16          -1.16  (VIOLATED)
       PIN :   ibex_top_inst/gen_regfile_ff.register_file_i/g_rf_flops[2].rf_reg_q_reg[31]/RD
                                2.00           3.16          -1.16  (VIOLATED)
       PIN :   ibex_top_inst/gen_regfile_ff.register_file_i/g_rf_flops[1].rf_reg_q_reg[0]/RD
                                2.00           3.16          -1.16  (VIOLATED)
       PIN :   ibex_top_inst/gen_regfile_ff.register_file_i/g_rf_flops[1].rf_reg_q_reg[1]/RD
                                2.00           3.16          -1.16  (VIOLATED)
       PIN :   ibex_top_inst/gen_regfile_ff.register_file_i/g_rf_flops[1].rf_reg_q_reg[2]/RD
                                2.00           3.16          -1.16  (VIOLATED)
       PIN :   ibex_top_inst/gen_regfile_ff.register_file_i/g_rf_flops[1].rf_reg_q_reg[3]/RD
                                2.00           3.16          -1.16  (VIOLATED)
       PIN :   ibex_top_inst/gen_regfile_ff.register_file_i/g_rf_flops[1].rf_reg_q_reg[4]/RD
                                2.00           3.16          -1.16  (VIOLATED)
       PIN :   ibex_top_inst/gen_regfile_ff.register_file_i/g_rf_flops[1].rf_reg_q_reg[5]/RD
                                2.00           3.16          -1.16  (VIOLATED)
       PIN :   ibex_top_inst/gen_regfile_ff.register_file_i/g_rf_flops[1].rf_reg_q_reg[6]/RD
                                2.00           3.16          -1.16  (VIOLATED)
       PIN :   ibex_top_inst/gen_regfile_ff.register_file_i/g_rf_flops[1].rf_reg_q_reg[7]/RD
                                2.00           3.16          -1.16  (VIOLATED)
       PIN :   ibex_top_inst/gen_regfile_ff.register_file_i/g_rf_flops[1].rf_reg_q_reg[8]/RD
                                2.00           3.16          -1.16  (VIOLATED)
       PIN :   ibex_top_inst/gen_regfile_ff.register_file_i/g_rf_flops[1].rf_reg_q_reg[9]/RD
                                2.00           3.16          -1.16  (VIOLATED)
       PIN :   ibex_top_inst/gen_regfile_ff.register_file_i/g_rf_flops[1].rf_reg_q_reg[11]/RD
                                2.00           3.16          -1.16  (VIOLATED)
       PIN :   ibex_top_inst/gen_regfile_ff.register_file_i/g_rf_flops[1].rf_reg_q_reg[12]/RD
                                2.00           3.16          -1.16  (VIOLATED)
       PIN :   ibex_top_inst/gen_regfile_ff.register_file_i/g_rf_flops[1].rf_reg_q_reg[13]/RD
                                2.00           3.16          -1.16  (VIOLATED)
       PIN :   ibex_top_inst/gen_regfile_ff.register_file_i/g_rf_flops[1].rf_reg_q_reg[14]/RD
                                2.00           3.16          -1.16  (VIOLATED)
       PIN :   ibex_top_inst/gen_regfile_ff.register_file_i/g_rf_flops[1].rf_reg_q_reg[15]/RD
                                2.00           3.16          -1.16  (VIOLATED)
       PIN :   ibex_top_inst/gen_regfile_ff.register_file_i/g_rf_flops[1].rf_reg_q_reg[16]/RD
                                2.00           3.16          -1.16  (VIOLATED)
       PIN :   ibex_top_inst/gen_regfile_ff.register_file_i/g_rf_flops[1].rf_reg_q_reg[17]/RD
                                2.00           3.16          -1.16  (VIOLATED)
       PIN :   ibex_top_inst/gen_regfile_ff.register_file_i/g_rf_flops[1].rf_reg_q_reg[18]/RD
                                2.00           3.16          -1.16  (VIOLATED)
       PIN :   ibex_top_inst/gen_regfile_ff.register_file_i/g_rf_flops[1].rf_reg_q_reg[19]/RD
                                2.00           3.16          -1.16  (VIOLATED)
       PIN :   ibex_top_inst/gen_regfile_ff.register_file_i/g_rf_flops[1].rf_reg_q_reg[20]/RD
                                2.00           3.16          -1.16  (VIOLATED)
       PIN :   ibex_top_inst/gen_regfile_ff.register_file_i/g_rf_flops[1].rf_reg_q_reg[21]/RD
                                2.00           3.16          -1.16  (VIOLATED)
       PIN :   ibex_top_inst/gen_regfile_ff.register_file_i/g_rf_flops[1].rf_reg_q_reg[22]/RD
                                2.00           3.16          -1.16  (VIOLATED)
       PIN :   ibex_top_inst/gen_regfile_ff.register_file_i/g_rf_flops[1].rf_reg_q_reg[23]/RD
                                2.00           3.16          -1.16  (VIOLATED)
       PIN :   ibex_top_inst/gen_regfile_ff.register_file_i/g_rf_flops[1].rf_reg_q_reg[24]/RD
                                2.00           3.16          -1.16  (VIOLATED)
       PIN :   ibex_top_inst/gen_regfile_ff.register_file_i/g_rf_flops[1].rf_reg_q_reg[26]/RD
                                2.00           3.16          -1.16  (VIOLATED)
       PIN :   ibex_top_inst/gen_regfile_ff.register_file_i/g_rf_flops[1].rf_reg_q_reg[27]/RD
                                2.00           3.16          -1.16  (VIOLATED)
       PIN :   ibex_top_inst/gen_regfile_ff.register_file_i/g_rf_flops[1].rf_reg_q_reg[28]/RD
                                2.00           3.16          -1.16  (VIOLATED)
       PIN :   ibex_top_inst/gen_regfile_ff.register_file_i/g_rf_flops[1].rf_reg_q_reg[29]/RD
                                2.00           3.16          -1.16  (VIOLATED)
       PIN :   ibex_top_inst/gen_regfile_ff.register_file_i/g_rf_flops[1].rf_reg_q_reg[30]/RD
                                2.00           3.16          -1.16  (VIOLATED)
       PIN :   ibex_top_inst/gen_regfile_ff.register_file_i/g_rf_flops[1].rf_reg_q_reg[31]/RD
                                2.00           3.16          -1.16  (VIOLATED)
       PIN :   ibex_top_inst/gen_regfile_ff.register_file_i/g_rf_flops[31].rf_reg_q_reg[10]/RD
                                2.00           3.16          -1.16  (VIOLATED)
       PIN :   ibex_top_inst/gen_regfile_ff.register_file_i/g_rf_flops[31].rf_reg_q_reg[25]/RD
                                2.00           3.16          -1.16  (VIOLATED)
       PIN :   ibex_top_inst/gen_regfile_ff.register_file_i/g_rf_flops[30].rf_reg_q_reg[8]/RD
                                2.00           3.16          -1.16  (VIOLATED)
       PIN :   ibex_top_inst/gen_regfile_ff.register_file_i/g_rf_flops[30].rf_reg_q_reg[23]/RD
                                2.00           3.16          -1.16  (VIOLATED)
       PIN :   ibex_top_inst/gen_regfile_ff.register_file_i/g_rf_flops[29].rf_reg_q_reg[6]/RD
                                2.00           3.16          -1.16  (VIOLATED)
       PIN :   ibex_top_inst/gen_regfile_ff.register_file_i/g_rf_flops[29].rf_reg_q_reg[21]/RD
                                2.00           3.16          -1.16  (VIOLATED)
       PIN :   ibex_top_inst/gen_regfile_ff.register_file_i/g_rf_flops[28].rf_reg_q_reg[4]/RD
                                2.00           3.16          -1.16  (VIOLATED)
       PIN :   ibex_top_inst/gen_regfile_ff.register_file_i/g_rf_flops[28].rf_reg_q_reg[19]/RD
                                2.00           3.16          -1.16  (VIOLATED)
       PIN :   ibex_top_inst/gen_regfile_ff.register_file_i/g_rf_flops[27].rf_reg_q_reg[2]/RD
                                2.00           3.16          -1.16  (VIOLATED)
       PIN :   ibex_top_inst/gen_regfile_ff.register_file_i/g_rf_flops[27].rf_reg_q_reg[17]/RD
                                2.00           3.16          -1.16  (VIOLATED)
       PIN :   ibex_top_inst/gen_regfile_ff.register_file_i/g_rf_flops[26].rf_reg_q_reg[0]/RD
                                2.00           3.16          -1.16  (VIOLATED)
       PIN :   ibex_top_inst/gen_regfile_ff.register_file_i/g_rf_flops[26].rf_reg_q_reg[15]/RD
                                2.00           3.16          -1.16  (VIOLATED)
       PIN :   ibex_top_inst/gen_regfile_ff.register_file_i/g_rf_flops[26].rf_reg_q_reg[30]/RD
                                2.00           3.16          -1.16  (VIOLATED)
       PIN :   ibex_top_inst/gen_regfile_ff.register_file_i/g_rf_flops[25].rf_reg_q_reg[13]/RD
                                2.00           3.16          -1.16  (VIOLATED)
       PIN :   ibex_top_inst/gen_regfile_ff.register_file_i/g_rf_flops[25].rf_reg_q_reg[28]/RD
                                2.00           3.16          -1.16  (VIOLATED)
       PIN :   ibex_top_inst/gen_regfile_ff.register_file_i/g_rf_flops[24].rf_reg_q_reg[11]/RD
                                2.00           3.16          -1.16  (VIOLATED)
       PIN :   ibex_top_inst/gen_regfile_ff.register_file_i/g_rf_flops[24].rf_reg_q_reg[26]/RD
                                2.00           3.16          -1.16  (VIOLATED)
       PIN :   ibex_top_inst/gen_regfile_ff.register_file_i/g_rf_flops[23].rf_reg_q_reg[9]/RD
                                2.00           3.16          -1.16  (VIOLATED)
       PIN :   ibex_top_inst/gen_regfile_ff.register_file_i/g_rf_flops[23].rf_reg_q_reg[24]/RD
                                2.00           3.16          -1.16  (VIOLATED)
       PIN :   ibex_top_inst/gen_regfile_ff.register_file_i/g_rf_flops[22].rf_reg_q_reg[7]/RD
                                2.00           3.16          -1.16  (VIOLATED)
       PIN :   ibex_top_inst/gen_regfile_ff.register_file_i/g_rf_flops[22].rf_reg_q_reg[22]/RD
                                2.00           3.16          -1.16  (VIOLATED)
       PIN :   ibex_top_inst/gen_regfile_ff.register_file_i/g_rf_flops[21].rf_reg_q_reg[5]/RD
                                2.00           3.16          -1.16  (VIOLATED)
       PIN :   ibex_top_inst/gen_regfile_ff.register_file_i/g_rf_flops[21].rf_reg_q_reg[20]/RD
                                2.00           3.16          -1.16  (VIOLATED)
       PIN :   ibex_top_inst/gen_regfile_ff.register_file_i/g_rf_flops[20].rf_reg_q_reg[3]/RD
                                2.00           3.16          -1.16  (VIOLATED)
       PIN :   ibex_top_inst/gen_regfile_ff.register_file_i/g_rf_flops[20].rf_reg_q_reg[18]/RD
                                2.00           3.16          -1.16  (VIOLATED)
       PIN :   ibex_top_inst/gen_regfile_ff.register_file_i/g_rf_flops[19].rf_reg_q_reg[1]/RD
                                2.00           3.16          -1.16  (VIOLATED)
       PIN :   ibex_top_inst/gen_regfile_ff.register_file_i/g_rf_flops[19].rf_reg_q_reg[16]/RD
                                2.00           3.16          -1.16  (VIOLATED)
       PIN :   ibex_top_inst/gen_regfile_ff.register_file_i/g_rf_flops[19].rf_reg_q_reg[31]/RD
                                2.00           3.16          -1.16  (VIOLATED)
       PIN :   ibex_top_inst/gen_regfile_ff.register_file_i/g_rf_flops[18].rf_reg_q_reg[14]/RD
                                2.00           3.16          -1.16  (VIOLATED)
       PIN :   ibex_top_inst/gen_regfile_ff.register_file_i/g_rf_flops[18].rf_reg_q_reg[29]/RD
                                2.00           3.16          -1.16  (VIOLATED)
       PIN :   ibex_top_inst/gen_regfile_ff.register_file_i/g_rf_flops[17].rf_reg_q_reg[12]/RD
                                2.00           3.16          -1.16  (VIOLATED)
       PIN :   ibex_top_inst/gen_regfile_ff.register_file_i/g_rf_flops[17].rf_reg_q_reg[27]/RD
                                2.00           3.16          -1.16  (VIOLATED)
       PIN :   ibex_top_inst/gen_regfile_ff.register_file_i/g_rf_flops[16].rf_reg_q_reg[10]/RD
                                2.00           3.16          -1.16  (VIOLATED)
       PIN :   ibex_top_inst/gen_regfile_ff.register_file_i/g_rf_flops[16].rf_reg_q_reg[25]/RD
                                2.00           3.16          -1.16  (VIOLATED)
       PIN :   ibex_top_inst/gen_regfile_ff.register_file_i/g_rf_flops[15].rf_reg_q_reg[8]/RD
                                2.00           3.16          -1.16  (VIOLATED)
       PIN :   ibex_top_inst/gen_regfile_ff.register_file_i/g_rf_flops[15].rf_reg_q_reg[23]/RD
                                2.00           3.16          -1.16  (VIOLATED)
       PIN :   ibex_top_inst/gen_regfile_ff.register_file_i/g_rf_flops[14].rf_reg_q_reg[6]/RD
                                2.00           3.16          -1.16  (VIOLATED)
       PIN :   ibex_top_inst/gen_regfile_ff.register_file_i/g_rf_flops[14].rf_reg_q_reg[21]/RD
                                2.00           3.16          -1.16  (VIOLATED)
       PIN :   ibex_top_inst/gen_regfile_ff.register_file_i/g_rf_flops[13].rf_reg_q_reg[4]/RD
                                2.00           3.16          -1.16  (VIOLATED)
       PIN :   ibex_top_inst/gen_regfile_ff.register_file_i/g_rf_flops[13].rf_reg_q_reg[19]/RD
                                2.00           3.16          -1.16  (VIOLATED)
       PIN :   ibex_top_inst/gen_regfile_ff.register_file_i/g_rf_flops[12].rf_reg_q_reg[2]/RD
                                2.00           3.16          -1.16  (VIOLATED)
       PIN :   ibex_top_inst/gen_regfile_ff.register_file_i/g_rf_flops[12].rf_reg_q_reg[17]/RD
                                2.00           3.16          -1.16  (VIOLATED)
       PIN :   ibex_top_inst/gen_regfile_ff.register_file_i/g_rf_flops[11].rf_reg_q_reg[0]/RD
                                2.00           3.16          -1.16  (VIOLATED)
       PIN :   ibex_top_inst/gen_regfile_ff.register_file_i/g_rf_flops[11].rf_reg_q_reg[15]/RD
                                2.00           3.16          -1.16  (VIOLATED)
       PIN :   ibex_top_inst/gen_regfile_ff.register_file_i/g_rf_flops[11].rf_reg_q_reg[30]/RD
                                2.00           3.16          -1.16  (VIOLATED)
       PIN :   ibex_top_inst/gen_regfile_ff.register_file_i/g_rf_flops[10].rf_reg_q_reg[13]/RD
                                2.00           3.16          -1.16  (VIOLATED)
       PIN :   ibex_top_inst/gen_regfile_ff.register_file_i/g_rf_flops[10].rf_reg_q_reg[28]/RD
                                2.00           3.16          -1.16  (VIOLATED)
       PIN :   ibex_top_inst/gen_regfile_ff.register_file_i/g_rf_flops[9].rf_reg_q_reg[11]/RD
                                2.00           3.16          -1.16  (VIOLATED)
       PIN :   ibex_top_inst/gen_regfile_ff.register_file_i/g_rf_flops[9].rf_reg_q_reg[26]/RD
                                2.00           3.16          -1.16  (VIOLATED)
       PIN :   ibex_top_inst/gen_regfile_ff.register_file_i/g_rf_flops[8].rf_reg_q_reg[9]/RD
                                2.00           3.16          -1.16  (VIOLATED)
       PIN :   ibex_top_inst/gen_regfile_ff.register_file_i/g_rf_flops[8].rf_reg_q_reg[24]/RD
                                2.00           3.16          -1.16  (VIOLATED)
       PIN :   ibex_top_inst/gen_regfile_ff.register_file_i/g_rf_flops[7].rf_reg_q_reg[7]/RD
                                2.00           3.16          -1.16  (VIOLATED)
       PIN :   ibex_top_inst/gen_regfile_ff.register_file_i/g_rf_flops[7].rf_reg_q_reg[22]/RD
                                2.00           3.16          -1.16  (VIOLATED)
       PIN :   ibex_top_inst/gen_regfile_ff.register_file_i/g_rf_flops[6].rf_reg_q_reg[5]/RD
                                2.00           3.16          -1.16  (VIOLATED)
       PIN :   ibex_top_inst/gen_regfile_ff.register_file_i/g_rf_flops[6].rf_reg_q_reg[20]/RD
                                2.00           3.16          -1.16  (VIOLATED)
       PIN :   ibex_top_inst/gen_regfile_ff.register_file_i/g_rf_flops[5].rf_reg_q_reg[3]/RD
                                2.00           3.16          -1.16  (VIOLATED)
       PIN :   ibex_top_inst/gen_regfile_ff.register_file_i/g_rf_flops[5].rf_reg_q_reg[18]/RD
                                2.00           3.16          -1.16  (VIOLATED)
       PIN :   ibex_top_inst/gen_regfile_ff.register_file_i/g_rf_flops[4].rf_reg_q_reg[1]/RD
                                2.00           3.16          -1.16  (VIOLATED)
       PIN :   ibex_top_inst/gen_regfile_ff.register_file_i/g_rf_flops[4].rf_reg_q_reg[16]/RD
                                2.00           3.16          -1.16  (VIOLATED)
       PIN :   ibex_top_inst/gen_regfile_ff.register_file_i/g_rf_flops[4].rf_reg_q_reg[31]/RD
                                2.00           3.16          -1.16  (VIOLATED)
       PIN :   ibex_top_inst/gen_regfile_ff.register_file_i/g_rf_flops[3].rf_reg_q_reg[14]/RD
                                2.00           3.16          -1.16  (VIOLATED)
       PIN :   ibex_top_inst/gen_regfile_ff.register_file_i/g_rf_flops[3].rf_reg_q_reg[29]/RD
                                2.00           3.16          -1.16  (VIOLATED)
       PIN :   ibex_top_inst/gen_regfile_ff.register_file_i/g_rf_flops[2].rf_reg_q_reg[12]/RD
                                2.00           3.16          -1.16  (VIOLATED)
       PIN :   ibex_top_inst/gen_regfile_ff.register_file_i/g_rf_flops[2].rf_reg_q_reg[27]/RD
                                2.00           3.16          -1.16  (VIOLATED)
       PIN :   ibex_top_inst/gen_regfile_ff.register_file_i/g_rf_flops[1].rf_reg_q_reg[10]/RD
                                2.00           3.16          -1.16  (VIOLATED)
       PIN :   ibex_top_inst/gen_regfile_ff.register_file_i/g_rf_flops[1].rf_reg_q_reg[25]/RD
                                2.00           3.16          -1.16  (VIOLATED)

   -----------------------------------------------------------------
   Total                      1                  -1.16  

   max_fanout

                             Required        Actual
   Net                        Fanout         Fanout          Slack
   -----------------------------------------------------------------
   rst_ni (dont_touch)         10.00        1652.00       -1642.00  (VIOLATED)

   -----------------------------------------------------------------
   Total                      1               -1642.00  

   max_capacitance

                             Required        Actual
   Net                      Capacitance    Capacitance       Slack
   -----------------------------------------------------------------
   rst_ni (dont_touch)         47.76        1062.08       -1014.32  (VIOLATED)

   -----------------------------------------------------------------
   Total                      1               -1014.32  

1
