 
****************************************
Report : constraint
        -all_violators
Design : ibex_wrapper
Version: O-2018.06-SP1
Date   : Mon Jul  7 16:55:31 2025
****************************************


   min_delay/hold ('clk_i' group)

                             Required        Actual
   Endpoint                 Path Delay     Path Delay        Slack
   -----------------------------------------------------------------
   data_be_o[1]                -1.78         -59.11 f       -57.34  (VIOLATED)
   instr_addr_o[28]            -1.78         -59.09 r       -57.31  (VIOLATED)
   data_be_o[3]                -1.78         -59.08 r       -57.31  (VIOLATED)
   instr_addr_o[23]            -1.78         -59.08 r       -57.30  (VIOLATED)
   data_be_o[2]                -1.78         -59.08 r       -57.30  (VIOLATED)
   data_be_o[0]                -1.78         -59.08 f       -57.30  (VIOLATED)
   data_addr_o[31]             -1.78         -59.07 r       -57.29  (VIOLATED)
   data_wdata_o[30]            -1.78         -59.06 f       -57.29  (VIOLATED)
   data_wdata_o[31]            -1.78         -59.06 f       -57.29  (VIOLATED)
   instr_addr_o[7]             -1.78         -59.06 r       -57.28  (VIOLATED)
   instr_addr_o[29]            -1.78         -59.06 r       -57.28  (VIOLATED)
   data_wdata_o[1]             -1.78         -59.05 r       -57.27  (VIOLATED)
   data_wdata_o[6]             -1.78         -59.04 r       -57.27  (VIOLATED)
   data_wdata_o[9]             -1.78         -59.04 r       -57.26  (VIOLATED)
   data_addr_o[30]             -1.78         -59.04 f       -57.26  (VIOLATED)
   data_addr_o[29]             -1.78         -59.04 f       -57.26  (VIOLATED)
   data_wdata_o[7]             -1.78         -59.04 r       -57.26  (VIOLATED)
   data_wdata_o[3]             -1.78         -59.04 r       -57.26  (VIOLATED)
   data_wdata_o[4]             -1.78         -59.03 f       -57.25  (VIOLATED)
   data_wdata_o[11]            -1.78         -59.03 f       -57.25  (VIOLATED)
   data_wdata_o[14]            -1.78         -59.03 f       -57.25  (VIOLATED)
   data_wdata_o[18]            -1.78         -59.03 f       -57.25  (VIOLATED)
   instr_addr_o[3]             -1.78         -59.03 r       -57.25  (VIOLATED)
   data_wdata_o[2]             -1.78         -59.02 r       -57.25  (VIOLATED)
   data_wdata_o[8]             -1.78         -59.02 f       -57.25  (VIOLATED)
   data_wdata_o[13]            -1.78         -59.02 f       -57.25  (VIOLATED)
   data_wdata_o[15]            -1.78         -59.02 f       -57.25  (VIOLATED)
   data_wdata_o[16]            -1.78         -59.02 f       -57.25  (VIOLATED)
   data_wdata_o[21]            -1.78         -59.02 f       -57.25  (VIOLATED)
   data_wdata_o[23]            -1.78         -59.02 f       -57.25  (VIOLATED)
   data_wdata_o[24]            -1.78         -59.02 f       -57.25  (VIOLATED)
   data_wdata_o[28]            -1.78         -59.02 f       -57.25  (VIOLATED)
   data_wdata_o[19]            -1.78         -59.02 f       -57.24  (VIOLATED)
   data_wdata_o[0]             -1.78         -59.02 r       -57.24  (VIOLATED)
   data_wdata_o[5]             -1.78         -59.02 f       -57.24  (VIOLATED)
   data_wdata_o[10]            -1.78         -59.02 f       -57.24  (VIOLATED)
   data_wdata_o[12]            -1.78         -59.02 f       -57.24  (VIOLATED)
   data_wdata_o[17]            -1.78         -59.02 f       -57.24  (VIOLATED)
   data_wdata_o[25]            -1.78         -59.02 f       -57.24  (VIOLATED)
   instr_addr_o[11]            -1.78         -59.01 r       -57.24  (VIOLATED)
   instr_addr_o[16]            -1.78         -59.01 r       -57.24  (VIOLATED)
   instr_addr_o[27]            -1.78         -59.01 r       -57.24  (VIOLATED)
   instr_addr_o[4]             -1.78         -59.01 f       -57.24  (VIOLATED)
   instr_addr_o[5]             -1.78         -59.01 f       -57.24  (VIOLATED)
   instr_addr_o[6]             -1.78         -59.01 f       -57.24  (VIOLATED)
   instr_addr_o[9]             -1.78         -59.01 f       -57.24  (VIOLATED)
   instr_addr_o[10]            -1.78         -59.01 f       -57.24  (VIOLATED)
   instr_addr_o[12]            -1.78         -59.01 f       -57.24  (VIOLATED)
   instr_addr_o[13]            -1.78         -59.01 f       -57.24  (VIOLATED)
   instr_addr_o[14]            -1.78         -59.01 f       -57.24  (VIOLATED)
   instr_addr_o[15]            -1.78         -59.01 f       -57.24  (VIOLATED)
   instr_addr_o[17]            -1.78         -59.01 f       -57.24  (VIOLATED)
   instr_addr_o[18]            -1.78         -59.01 f       -57.24  (VIOLATED)
   instr_addr_o[19]            -1.78         -59.01 f       -57.24  (VIOLATED)
   instr_addr_o[20]            -1.78         -59.01 f       -57.24  (VIOLATED)
   instr_addr_o[21]            -1.78         -59.01 f       -57.24  (VIOLATED)
   instr_addr_o[22]            -1.78         -59.01 f       -57.24  (VIOLATED)
   instr_addr_o[31]            -1.78         -59.01 f       -57.24  (VIOLATED)
   instr_addr_o[24]            -1.78         -59.01 f       -57.24  (VIOLATED)
   instr_addr_o[25]            -1.78         -59.01 f       -57.24  (VIOLATED)
   instr_addr_o[30]            -1.78         -59.01 f       -57.24  (VIOLATED)
   instr_addr_o[2]             -1.78         -59.01 f       -57.24  (VIOLATED)
   data_wdata_o[20]            -1.78         -59.01 f       -57.23  (VIOLATED)
   data_wdata_o[26]            -1.78         -59.01 f       -57.23  (VIOLATED)
   data_wdata_o[22]            -1.78         -59.01 r       -57.23  (VIOLATED)
   data_wdata_o[27]            -1.78         -59.01 r       -57.23  (VIOLATED)
   data_wdata_o[29]            -1.78         -59.01 r       -57.23  (VIOLATED)
   data_addr_o[11]             -1.78         -59.01 f       -57.23  (VIOLATED)
   data_addr_o[9]              -1.78         -59.01 f       -57.23  (VIOLATED)
   data_addr_o[17]             -1.78         -59.01 f       -57.23  (VIOLATED)
   data_addr_o[10]             -1.78         -59.01 f       -57.23  (VIOLATED)
   data_addr_o[12]             -1.78         -59.01 f       -57.23  (VIOLATED)
   data_addr_o[18]             -1.78         -59.01 f       -57.23  (VIOLATED)
   data_addr_o[16]             -1.78         -59.01 f       -57.23  (VIOLATED)
   data_addr_o[13]             -1.78         -59.01 f       -57.23  (VIOLATED)
   data_addr_o[15]             -1.78         -59.01 f       -57.23  (VIOLATED)
   data_addr_o[14]             -1.78         -59.01 f       -57.23  (VIOLATED)
   data_addr_o[19]             -1.78         -59.00 f       -57.23  (VIOLATED)
   data_addr_o[20]             -1.78         -59.00 f       -57.23  (VIOLATED)
   data_addr_o[24]             -1.78         -59.00 f       -57.23  (VIOLATED)
   data_addr_o[21]             -1.78         -59.00 f       -57.23  (VIOLATED)
   data_addr_o[25]             -1.78         -59.00 f       -57.23  (VIOLATED)
   data_addr_o[28]             -1.78         -59.00 f       -57.23  (VIOLATED)
   data_addr_o[23]             -1.78         -59.00 f       -57.23  (VIOLATED)
   data_addr_o[27]             -1.78         -59.00 f       -57.23  (VIOLATED)
   data_addr_o[3]              -1.78         -59.00 f       -57.23  (VIOLATED)
   data_addr_o[4]              -1.78         -59.00 f       -57.23  (VIOLATED)
   data_addr_o[22]             -1.78         -59.00 f       -57.23  (VIOLATED)
   data_addr_o[26]             -1.78         -59.00 f       -57.23  (VIOLATED)
   data_addr_o[8]              -1.78         -59.00 f       -57.23  (VIOLATED)
   data_addr_o[2]              -1.78         -59.00 f       -57.23  (VIOLATED)
   data_addr_o[5]              -1.78         -59.00 f       -57.23  (VIOLATED)
   data_addr_o[7]              -1.78         -59.00 f       -57.23  (VIOLATED)
   data_addr_o[6]              -1.78         -59.00 f       -57.23  (VIOLATED)
   instr_addr_o[8]             -1.78         -59.00 f       -57.23  (VIOLATED)
   instr_addr_o[26]            -1.78         -59.00 f       -57.22  (VIOLATED)
   instr_req_o                 -1.78         -58.97 r       -57.19  (VIOLATED)
   data_we_o                   -1.78         -52.29 f       -50.51  (VIOLATED)
   data_req_o                  -1.78         -52.16 r       -50.39  (VIOLATED)
   ibex_top_inst/core_clock_gate_i/gen_generic.u_impl_generic/en_latch_reg/EN
                                0.10           0.00 f        -0.10  (VIOLATED)
   ibex_top_inst/core_busy_q_reg[0]/D
                                0.13           0.13 f         0.00  (VIOLATED: increase significant digits)


   min_delay/hold ('cluster_clock_gating' group)

                             Required        Actual
   Endpoint                 Path Delay     Path Delay        Slack
   -----------------------------------------------------------------
   ibex_top_inst/u_ibex_core/wb_stage_i/g_writeback_stage.rf_wdata_wb_q_reg[15]/D
                                0.12         -85.12 f       -85.25  (VIOLATED)
   ibex_top_inst/u_ibex_core/wb_stage_i/g_writeback_stage.rf_wdata_wb_q_reg[16]/D
                                0.12         -85.12 f       -85.24  (VIOLATED)
   ibex_top_inst/u_ibex_core/wb_stage_i/g_writeback_stage.rf_wdata_wb_q_reg[10]/D
                                0.12         -85.05 f       -85.17  (VIOLATED)
   ibex_top_inst/u_ibex_core/wb_stage_i/g_writeback_stage.rf_wdata_wb_q_reg[21]/D
                                0.12         -85.05 f       -85.17  (VIOLATED)
   ibex_top_inst/u_ibex_core/wb_stage_i/g_writeback_stage.rf_wdata_wb_q_reg[11]/D
                                0.12         -85.03 f       -85.16  (VIOLATED)
   ibex_top_inst/u_ibex_core/wb_stage_i/g_writeback_stage.rf_wdata_wb_q_reg[20]/D
                                0.12         -85.03 f       -85.16  (VIOLATED)
   ibex_top_inst/u_ibex_core/wb_stage_i/g_writeback_stage.rf_wdata_wb_q_reg[2]/D
                                0.12         -83.85 f       -83.97  (VIOLATED)
   ibex_top_inst/u_ibex_core/wb_stage_i/g_writeback_stage.rf_wdata_wb_q_reg[29]/D
                                0.12         -83.85 f       -83.97  (VIOLATED)
   ibex_top_inst/u_ibex_core/wb_stage_i/g_writeback_stage.rf_wdata_wb_q_reg[14]/D
                                0.12         -83.76 f       -83.88  (VIOLATED)
   ibex_top_inst/u_ibex_core/wb_stage_i/g_writeback_stage.rf_wdata_wb_q_reg[17]/D
                                0.12         -83.76 f       -83.88  (VIOLATED)
   ibex_top_inst/u_ibex_core/id_stage_i/branch_jump_set_done_q_reg/D
                                0.13         -83.74 f       -83.87  (VIOLATED)
   ibex_top_inst/u_ibex_core/if_stage_i/instr_valid_id_q_reg/D
                                0.13         -83.74 f       -83.87  (VIOLATED)
   ibex_top_inst/u_ibex_core/id_stage_i/controller_i/ctrl_fsm_cs_reg[0]/D
                                0.11         -83.72 r       -83.83  (VIOLATED)
   ibex_top_inst/u_ibex_core/if_stage_i/instr_rdata_c_id_o_reg[10]/D
                                0.12         -83.69 f       -83.81  (VIOLATED)
   ibex_top_inst/u_ibex_core/if_stage_i/pc_id_o_reg[9]/D
                                0.12         -83.69 f       -83.81  (VIOLATED)
   ibex_top_inst/u_ibex_core/if_stage_i/pc_id_o_reg[18]/D
                                0.12         -83.69 f       -83.81  (VIOLATED)
   ibex_top_inst/u_ibex_core/if_stage_i/pc_id_o_reg[21]/D
                                0.12         -83.69 f       -83.81  (VIOLATED)
   ibex_top_inst/u_ibex_core/if_stage_i/pc_id_o_reg[23]/D
                                0.12         -83.69 f       -83.81  (VIOLATED)
   ibex_top_inst/u_ibex_core/if_stage_i/instr_rdata_alu_id_o_reg[13]/D
                                0.12         -83.68 f       -83.81  (VIOLATED)
   ibex_top_inst/u_ibex_core/if_stage_i/instr_rdata_c_id_o_reg[5]/D
                                0.12         -83.68 f       -83.81  (VIOLATED)
   ibex_top_inst/u_ibex_core/if_stage_i/instr_rdata_c_id_o_reg[7]/D
                                0.12         -83.68 f       -83.81  (VIOLATED)
   ibex_top_inst/u_ibex_core/if_stage_i/instr_rdata_c_id_o_reg[8]/D
                                0.12         -83.68 f       -83.81  (VIOLATED)
   ibex_top_inst/u_ibex_core/if_stage_i/instr_rdata_c_id_o_reg[11]/D
                                0.12         -83.68 f       -83.81  (VIOLATED)
   ibex_top_inst/u_ibex_core/if_stage_i/instr_rdata_id_o_reg[2]/D
                                0.12         -83.68 f       -83.81  (VIOLATED)
   ibex_top_inst/u_ibex_core/if_stage_i/instr_rdata_id_o_reg[6]/D
                                0.12         -83.68 f       -83.81  (VIOLATED)
   ibex_top_inst/u_ibex_core/if_stage_i/instr_rdata_id_o_reg[13]/D
                                0.11         -83.66 r       -83.77  (VIOLATED)
   ibex_top_inst/u_ibex_core/if_stage_i/gen_prefetch_buffer.prefetch_buffer_i/fifo_i/instr_addr_q_reg[19]/D
                                0.12         -83.64 f       -83.77  (VIOLATED)
   ibex_top_inst/u_ibex_core/if_stage_i/instr_rdata_id_o_reg[7]/D
                                0.12         -83.64 f       -83.77  (VIOLATED)
   ibex_top_inst/u_ibex_core/if_stage_i/instr_fetch_err_o_reg/D
                                0.12         -83.64 f       -83.77  (VIOLATED)
   ibex_top_inst/u_ibex_core/if_stage_i/instr_rdata_c_id_o_reg[0]/D
                                0.12         -83.64 f       -83.77  (VIOLATED)
   ibex_top_inst/u_ibex_core/if_stage_i/instr_rdata_c_id_o_reg[1]/D
                                0.12         -83.64 f       -83.77  (VIOLATED)
   ibex_top_inst/u_ibex_core/if_stage_i/instr_rdata_c_id_o_reg[6]/D
                                0.12         -83.64 f       -83.77  (VIOLATED)
   ibex_top_inst/u_ibex_core/if_stage_i/instr_rdata_c_id_o_reg[12]/D
                                0.12         -83.64 f       -83.77  (VIOLATED)
   ibex_top_inst/u_ibex_core/if_stage_i/instr_rdata_id_o_reg[26]/D
                                0.12         -83.64 f       -83.77  (VIOLATED)
   ibex_top_inst/u_ibex_core/if_stage_i/instr_rdata_id_o_reg[16]/D
                                0.11         -83.65 r       -83.76  (VIOLATED)
   ibex_top_inst/u_ibex_core/if_stage_i/gen_prefetch_buffer.prefetch_buffer_i/fifo_i/valid_q_reg[2]/D
                                0.13         -83.63 f       -83.76  (VIOLATED)
   ibex_top_inst/u_ibex_core/if_stage_i/instr_rdata_alu_id_o_reg[14]/D
                                0.11         -83.65 r       -83.76  (VIOLATED)
   ibex_top_inst/u_ibex_core/if_stage_i/instr_rdata_id_o_reg[14]/D
                                0.11         -83.65 r       -83.76  (VIOLATED)
   ibex_top_inst/u_ibex_core/if_stage_i/instr_rdata_alu_id_o_reg[27]/D
                                0.11         -83.64 r       -83.76  (VIOLATED)
   ibex_top_inst/u_ibex_core/if_stage_i/instr_rdata_id_o_reg[27]/D
                                0.11         -83.64 r       -83.76  (VIOLATED)
   ibex_top_inst/u_ibex_core/if_stage_i/instr_rdata_id_o_reg[18]/D
                                0.11         -83.64 r       -83.75  (VIOLATED)
   ibex_top_inst/u_ibex_core/if_stage_i/instr_rdata_alu_id_o_reg[4]/D
                                0.11         -83.64 r       -83.75  (VIOLATED)
   ibex_top_inst/u_ibex_core/if_stage_i/instr_rdata_id_o_reg[4]/D
                                0.11         -83.64 r       -83.75  (VIOLATED)
   ibex_top_inst/u_ibex_core/if_stage_i/instr_rdata_id_o_reg[30]/D1
                                0.12         -83.63 r       -83.75  (VIOLATED)
   ibex_top_inst/u_ibex_core/if_stage_i/instr_rdata_id_o_reg[12]/D
                                0.11         -83.64 r       -83.75  (VIOLATED)
   ibex_top_inst/u_ibex_core/if_stage_i/instr_rdata_alu_id_o_reg[12]/D
                                0.11         -83.64 r       -83.75  (VIOLATED)
   ibex_top_inst/u_ibex_core/if_stage_i/instr_rdata_alu_id_o_reg[26]/D
                                0.11         -83.64 r       -83.75  (VIOLATED)
   ibex_top_inst/u_ibex_core/if_stage_i/instr_rdata_id_o_reg[5]/D
                                0.11         -83.64 r       -83.75  (VIOLATED)
   ibex_top_inst/u_ibex_core/if_stage_i/pc_id_o_reg[7]/D
                                0.12         -83.62 f       -83.75  (VIOLATED)
   ibex_top_inst/u_ibex_core/if_stage_i/pc_id_o_reg[8]/D
                                0.12         -83.62 f       -83.75  (VIOLATED)
   ibex_top_inst/u_ibex_core/if_stage_i/pc_id_o_reg[24]/D
                                0.12         -83.62 f       -83.75  (VIOLATED)
   ibex_top_inst/u_ibex_core/if_stage_i/pc_id_o_reg[25]/D
                                0.12         -83.62 f       -83.75  (VIOLATED)
   ibex_top_inst/u_ibex_core/if_stage_i/instr_rdata_alu_id_o_reg[0]/D
                                0.12         -83.62 f       -83.75  (VIOLATED)
   ibex_top_inst/u_ibex_core/if_stage_i/instr_rdata_alu_id_o_reg[1]/D
                                0.12         -83.62 f       -83.75  (VIOLATED)
   ibex_top_inst/u_ibex_core/if_stage_i/instr_rdata_alu_id_o_reg[2]/D
                                0.12         -83.62 f       -83.75  (VIOLATED)
   ibex_top_inst/u_ibex_core/if_stage_i/instr_rdata_id_o_reg[29]/D
                                0.12         -83.62 f       -83.75  (VIOLATED)
   ibex_top_inst/u_ibex_core/if_stage_i/pc_id_o_reg[10]/D
                                0.12         -83.62 f       -83.74  (VIOLATED)
   ibex_top_inst/u_ibex_core/if_stage_i/pc_id_o_reg[14]/D
                                0.12         -83.62 f       -83.74  (VIOLATED)
   ibex_top_inst/u_ibex_core/if_stage_i/instr_rdata_alu_id_o_reg[28]/D
                                0.12         -83.62 f       -83.74  (VIOLATED)
   ibex_top_inst/u_ibex_core/if_stage_i/instr_rdata_alu_id_o_reg[25]/D
                                0.12         -83.62 f       -83.74  (VIOLATED)
   ibex_top_inst/u_ibex_core/if_stage_i/instr_rdata_c_id_o_reg[9]/D
                                0.12         -83.62 f       -83.74  (VIOLATED)
   ibex_top_inst/u_ibex_core/if_stage_i/instr_rdata_c_id_o_reg[15]/D
                                0.12         -83.62 f       -83.74  (VIOLATED)
   ibex_top_inst/u_ibex_core/if_stage_i/pc_id_o_reg[1]/D
                                0.12         -83.62 f       -83.74  (VIOLATED)
   ibex_top_inst/u_ibex_core/if_stage_i/pc_id_o_reg[3]/D
                                0.12         -83.62 f       -83.74  (VIOLATED)
   ibex_top_inst/u_ibex_core/if_stage_i/pc_id_o_reg[4]/D
                                0.12         -83.62 f       -83.74  (VIOLATED)
   ibex_top_inst/u_ibex_core/if_stage_i/pc_id_o_reg[20]/D
                                0.12         -83.62 f       -83.74  (VIOLATED)
   ibex_top_inst/u_ibex_core/if_stage_i/instr_rdata_id_o_reg[3]/D
                                0.12         -83.62 f       -83.74  (VIOLATED)
   ibex_top_inst/u_ibex_core/if_stage_i/instr_rdata_id_o_reg[31]/D
                                0.12         -83.62 f       -83.74  (VIOLATED)
   ibex_top_inst/u_ibex_core/if_stage_i/instr_rdata_alu_id_o_reg[29]/D
                                0.12         -83.62 f       -83.74  (VIOLATED)
   ibex_top_inst/u_ibex_core/if_stage_i/pc_id_o_reg[12]/D
                                0.12         -83.62 f       -83.74  (VIOLATED)
   ibex_top_inst/u_ibex_core/if_stage_i/pc_id_o_reg[19]/D
                                0.12         -83.62 f       -83.74  (VIOLATED)
   ibex_top_inst/u_ibex_core/if_stage_i/instr_rdata_id_o_reg[1]/D
                                0.12         -83.62 f       -83.74  (VIOLATED)
   ibex_top_inst/u_ibex_core/if_stage_i/instr_rdata_alu_id_o_reg[30]/D
                                0.12         -83.62 f       -83.74  (VIOLATED)
   ibex_top_inst/u_ibex_core/if_stage_i/instr_rdata_id_o_reg[11]/D
                                0.12         -83.62 f       -83.74  (VIOLATED)
   ibex_top_inst/u_ibex_core/if_stage_i/instr_is_compressed_id_o_reg/D
                                0.12         -83.62 f       -83.74  (VIOLATED)
   ibex_top_inst/u_ibex_core/if_stage_i/instr_rdata_c_id_o_reg[14]/D
                                0.12         -83.62 f       -83.74  (VIOLATED)
   ibex_top_inst/u_ibex_core/if_stage_i/pc_id_o_reg[2]/D
                                0.12         -83.62 f       -83.74  (VIOLATED)
   ibex_top_inst/u_ibex_core/if_stage_i/pc_id_o_reg[5]/D
                                0.12         -83.62 f       -83.74  (VIOLATED)
   ibex_top_inst/u_ibex_core/if_stage_i/pc_id_o_reg[6]/D
                                0.12         -83.62 f       -83.74  (VIOLATED)
   ibex_top_inst/u_ibex_core/if_stage_i/pc_id_o_reg[27]/D
                                0.12         -83.62 f       -83.74  (VIOLATED)
   ibex_top_inst/u_ibex_core/if_stage_i/pc_id_o_reg[28]/D
                                0.12         -83.62 f       -83.74  (VIOLATED)
   ibex_top_inst/u_ibex_core/if_stage_i/pc_id_o_reg[29]/D
                                0.12         -83.62 f       -83.74  (VIOLATED)
   ibex_top_inst/u_ibex_core/if_stage_i/pc_id_o_reg[31]/D
                                0.12         -83.62 f       -83.74  (VIOLATED)
   ibex_top_inst/u_ibex_core/if_stage_i/pc_id_o_reg[11]/D
                                0.12         -83.62 f       -83.74  (VIOLATED)
   ibex_top_inst/u_ibex_core/if_stage_i/pc_id_o_reg[13]/D
                                0.12         -83.62 f       -83.74  (VIOLATED)
   ibex_top_inst/u_ibex_core/if_stage_i/pc_id_o_reg[15]/D
                                0.12         -83.62 f       -83.74  (VIOLATED)
   ibex_top_inst/u_ibex_core/if_stage_i/pc_id_o_reg[16]/D
                                0.12         -83.62 f       -83.74  (VIOLATED)
   ibex_top_inst/u_ibex_core/if_stage_i/pc_id_o_reg[17]/D
                                0.12         -83.62 f       -83.74  (VIOLATED)
   ibex_top_inst/u_ibex_core/if_stage_i/pc_id_o_reg[22]/D
                                0.12         -83.62 f       -83.74  (VIOLATED)
   ibex_top_inst/u_ibex_core/if_stage_i/instr_rdata_id_o_reg[0]/D
                                0.12         -83.62 f       -83.74  (VIOLATED)
   ibex_top_inst/u_ibex_core/if_stage_i/instr_rdata_alu_id_o_reg[3]/D
                                0.12         -83.62 f       -83.74  (VIOLATED)
   ibex_top_inst/u_ibex_core/if_stage_i/instr_rdata_id_o_reg[28]/D
                                0.12         -83.62 f       -83.74  (VIOLATED)
   ibex_top_inst/u_ibex_core/if_stage_i/gen_prefetch_buffer.prefetch_buffer_i/fifo_i/instr_addr_q_reg[2]/D
                                0.12         -83.62 f       -83.74  (VIOLATED)
   ibex_top_inst/u_ibex_core/if_stage_i/gen_prefetch_buffer.prefetch_buffer_i/fifo_i/instr_addr_q_reg[10]/D
                                0.12         -83.62 f       -83.74  (VIOLATED)
   ibex_top_inst/u_ibex_core/if_stage_i/gen_prefetch_buffer.prefetch_buffer_i/fifo_i/instr_addr_q_reg[14]/D
                                0.12         -83.62 f       -83.74  (VIOLATED)
   ibex_top_inst/u_ibex_core/if_stage_i/gen_prefetch_buffer.prefetch_buffer_i/fifo_i/instr_addr_q_reg[11]/D
                                0.12         -83.62 f       -83.74  (VIOLATED)
   ibex_top_inst/u_ibex_core/if_stage_i/gen_prefetch_buffer.prefetch_buffer_i/fifo_i/instr_addr_q_reg[12]/D
                                0.12         -83.62 f       -83.74  (VIOLATED)
   ibex_top_inst/u_ibex_core/if_stage_i/gen_prefetch_buffer.prefetch_buffer_i/fifo_i/instr_addr_q_reg[13]/D
                                0.12         -83.62 f       -83.74  (VIOLATED)
   ibex_top_inst/u_ibex_core/if_stage_i/gen_prefetch_buffer.prefetch_buffer_i/fifo_i/instr_addr_q_reg[15]/D
                                0.12         -83.62 f       -83.74  (VIOLATED)
   ibex_top_inst/u_ibex_core/if_stage_i/gen_prefetch_buffer.prefetch_buffer_i/fifo_i/instr_addr_q_reg[16]/D
                                0.12         -83.62 f       -83.74  (VIOLATED)
   ibex_top_inst/u_ibex_core/if_stage_i/gen_prefetch_buffer.prefetch_buffer_i/fifo_i/instr_addr_q_reg[17]/D
                                0.12         -83.62 f       -83.74  (VIOLATED)
   ibex_top_inst/u_ibex_core/if_stage_i/gen_prefetch_buffer.prefetch_buffer_i/fifo_i/instr_addr_q_reg[18]/D
                                0.12         -83.62 f       -83.74  (VIOLATED)
   ibex_top_inst/u_ibex_core/if_stage_i/gen_prefetch_buffer.prefetch_buffer_i/fifo_i/instr_addr_q_reg[20]/D
                                0.12         -83.62 f       -83.74  (VIOLATED)
   ibex_top_inst/u_ibex_core/if_stage_i/gen_prefetch_buffer.prefetch_buffer_i/fifo_i/instr_addr_q_reg[21]/D
                                0.12         -83.62 f       -83.74  (VIOLATED)
   ibex_top_inst/u_ibex_core/if_stage_i/gen_prefetch_buffer.prefetch_buffer_i/fifo_i/instr_addr_q_reg[22]/D
                                0.12         -83.62 f       -83.74  (VIOLATED)
   ibex_top_inst/u_ibex_core/if_stage_i/gen_prefetch_buffer.prefetch_buffer_i/fifo_i/instr_addr_q_reg[24]/D
                                0.12         -83.62 f       -83.74  (VIOLATED)
   ibex_top_inst/u_ibex_core/if_stage_i/gen_prefetch_buffer.prefetch_buffer_i/fifo_i/instr_addr_q_reg[25]/D
                                0.12         -83.62 f       -83.74  (VIOLATED)
   ibex_top_inst/u_ibex_core/if_stage_i/gen_prefetch_buffer.prefetch_buffer_i/fifo_i/instr_addr_q_reg[26]/D
                                0.12         -83.62 f       -83.74  (VIOLATED)
   ibex_top_inst/u_ibex_core/if_stage_i/gen_prefetch_buffer.prefetch_buffer_i/fifo_i/instr_addr_q_reg[27]/D
                                0.12         -83.62 f       -83.74  (VIOLATED)
   ibex_top_inst/u_ibex_core/if_stage_i/gen_prefetch_buffer.prefetch_buffer_i/fifo_i/instr_addr_q_reg[4]/D
                                0.12         -83.61 f       -83.74  (VIOLATED)
   ibex_top_inst/u_ibex_core/if_stage_i/gen_prefetch_buffer.prefetch_buffer_i/fifo_i/instr_addr_q_reg[5]/D
                                0.12         -83.61 f       -83.74  (VIOLATED)
   ibex_top_inst/u_ibex_core/if_stage_i/gen_prefetch_buffer.prefetch_buffer_i/fifo_i/instr_addr_q_reg[9]/D
                                0.12         -83.61 f       -83.74  (VIOLATED)
   ibex_top_inst/u_ibex_core/if_stage_i/gen_prefetch_buffer.prefetch_buffer_i/fifo_i/instr_addr_q_reg[3]/D
                                0.12         -83.61 f       -83.74  (VIOLATED)
   ibex_top_inst/u_ibex_core/if_stage_i/gen_prefetch_buffer.prefetch_buffer_i/fifo_i/instr_addr_q_reg[6]/D
                                0.12         -83.61 f       -83.74  (VIOLATED)
   ibex_top_inst/u_ibex_core/if_stage_i/gen_prefetch_buffer.prefetch_buffer_i/fifo_i/instr_addr_q_reg[8]/D
                                0.12         -83.61 f       -83.74  (VIOLATED)
   ibex_top_inst/u_ibex_core/if_stage_i/gen_prefetch_buffer.prefetch_buffer_i/fifo_i/instr_addr_q_reg[30]/D
                                0.12         -83.61 f       -83.74  (VIOLATED)
   ibex_top_inst/u_ibex_core/if_stage_i/gen_prefetch_buffer.prefetch_buffer_i/fifo_i/instr_addr_q_reg[23]/D
                                0.12         -83.61 f       -83.74  (VIOLATED)
   ibex_top_inst/u_ibex_core/if_stage_i/gen_prefetch_buffer.prefetch_buffer_i/fifo_i/instr_addr_q_reg[28]/D
                                0.12         -83.61 f       -83.74  (VIOLATED)
   ibex_top_inst/u_ibex_core/if_stage_i/gen_prefetch_buffer.prefetch_buffer_i/fifo_i/instr_addr_q_reg[29]/D
                                0.12         -83.61 f       -83.74  (VIOLATED)
   ibex_top_inst/u_ibex_core/if_stage_i/instr_rdata_id_o_reg[9]/D
                                0.11         -83.63 r       -83.74  (VIOLATED)
   ibex_top_inst/u_ibex_core/if_stage_i/gen_prefetch_buffer.prefetch_buffer_i/fifo_i/instr_addr_q_reg[7]/D
                                0.12         -83.61 f       -83.74  (VIOLATED)
   ibex_top_inst/u_ibex_core/if_stage_i/instr_rdata_id_o_reg[10]/D
                                0.11         -83.62 r       -83.74  (VIOLATED)
   ibex_top_inst/u_ibex_core/if_stage_i/instr_rdata_id_o_reg[25]/D
                                0.12         -83.61 f       -83.73  (VIOLATED)
   ibex_top_inst/u_ibex_core/if_stage_i/instr_rdata_alu_id_o_reg[31]/D
                                0.11         -83.62 r       -83.73  (VIOLATED)
   ibex_top_inst/u_ibex_core/if_stage_i/gen_prefetch_buffer.prefetch_buffer_i/fifo_i/instr_addr_q_reg[1]/D
                                0.12         -83.61 f       -83.73  (VIOLATED)
   ibex_top_inst/u_ibex_core/if_stage_i/gen_prefetch_buffer.prefetch_buffer_i/fifo_i/instr_addr_q_reg[31]/D
                                0.12         -83.61 f       -83.73  (VIOLATED)
   ibex_top_inst/u_ibex_core/if_stage_i/instr_rdata_id_o_reg[23]/D
                                0.11         -83.62 r       -83.73  (VIOLATED)
   ibex_top_inst/u_ibex_core/if_stage_i/instr_rdata_alu_id_o_reg[6]/D
                                0.11         -83.61 r       -83.73  (VIOLATED)
   ibex_top_inst/u_ibex_core/if_stage_i/instr_rdata_id_o_reg[8]/D
                                0.12         -83.60 f       -83.72  (VIOLATED)
   ibex_top_inst/u_ibex_core/if_stage_i/gen_prefetch_buffer.prefetch_buffer_i/fifo_i/valid_q_reg[1]/D
                                0.13         -83.59 f       -83.72  (VIOLATED)
   ibex_top_inst/u_ibex_core/if_stage_i/instr_rdata_id_o_reg[30]/S
                                0.10         -83.62 f       -83.72  (VIOLATED)
   ibex_top_inst/u_ibex_core/if_stage_i/gen_prefetch_buffer.prefetch_buffer_i/fifo_i/valid_q_reg[0]/D
                                0.13         -83.59 f       -83.72  (VIOLATED)
   ibex_top_inst/u_ibex_core/if_stage_i/instr_rdata_id_o_reg[15]/D
                                0.11         -83.60 r       -83.71  (VIOLATED)
   ibex_top_inst/u_ibex_core/if_stage_i/instr_fetch_err_plus2_o_reg/D
                                0.12         -83.59 f       -83.71  (VIOLATED)
   ibex_top_inst/u_ibex_core/if_stage_i/instr_rdata_alu_id_o_reg[5]/D
                                0.12         -83.59 f       -83.71  (VIOLATED)
   ibex_top_inst/u_ibex_core/if_stage_i/instr_rdata_c_id_o_reg[2]/D
                                0.12         -83.59 f       -83.71  (VIOLATED)
   ibex_top_inst/u_ibex_core/if_stage_i/instr_rdata_c_id_o_reg[3]/D
                                0.12         -83.59 f       -83.71  (VIOLATED)
   ibex_top_inst/u_ibex_core/if_stage_i/instr_rdata_c_id_o_reg[4]/D
                                0.12         -83.59 f       -83.71  (VIOLATED)
   ibex_top_inst/u_ibex_core/if_stage_i/instr_rdata_c_id_o_reg[13]/D
                                0.12         -83.59 f       -83.71  (VIOLATED)
   ibex_top_inst/u_ibex_core/if_stage_i/pc_id_o_reg[26]/D
                                0.12         -83.59 f       -83.71  (VIOLATED)
   ibex_top_inst/u_ibex_core/if_stage_i/instr_rdata_id_o_reg[17]/D
                                0.11         -83.60 r       -83.71  (VIOLATED)
   ibex_top_inst/u_ibex_core/if_stage_i/illegal_c_insn_id_o_reg/D
                                0.12         -83.58 f       -83.71  (VIOLATED)
   ibex_top_inst/u_ibex_core/if_stage_i/instr_rdata_id_o_reg[24]/D
                                0.11         -83.59 r       -83.70  (VIOLATED)
   ibex_top_inst/u_ibex_core/if_stage_i/instr_rdata_id_o_reg[20]/D
                                0.11         -83.59 r       -83.70  (VIOLATED)
   ibex_top_inst/u_ibex_core/if_stage_i/instr_rdata_id_o_reg[21]/D
                                0.12         -83.58 f       -83.70  (VIOLATED)
   ibex_top_inst/u_ibex_core/if_stage_i/instr_rdata_id_o_reg[19]/D
                                0.12         -83.58 f       -83.70  (VIOLATED)
   ibex_top_inst/u_ibex_core/if_stage_i/instr_rdata_id_o_reg[22]/D
                                0.12         -83.57 f       -83.70  (VIOLATED)
   ibex_top_inst/u_ibex_core/if_stage_i/gen_prefetch_buffer.prefetch_buffer_i/fifo_i/rdata_q_reg[0][28]/D
                                0.12         -83.56 f       -83.68  (VIOLATED)
   ibex_top_inst/u_ibex_core/if_stage_i/gen_prefetch_buffer.prefetch_buffer_i/fifo_i/rdata_q_reg[0][30]/D
                                0.12         -83.56 f       -83.68  (VIOLATED)
   ibex_top_inst/u_ibex_core/if_stage_i/gen_prefetch_buffer.prefetch_buffer_i/fifo_i/rdata_q_reg[0][31]/D
                                0.12         -83.56 f       -83.68  (VIOLATED)
   ibex_top_inst/u_ibex_core/if_stage_i/gen_prefetch_buffer.prefetch_buffer_i/fifo_i/rdata_q_reg[0][29]/D
                                0.12         -83.56 f       -83.68  (VIOLATED)
   ibex_top_inst/u_ibex_core/if_stage_i/gen_prefetch_buffer.prefetch_buffer_i/fifo_i/rdata_q_reg[1][1]/D
                                0.12         -83.53 f       -83.66  (VIOLATED)
   ibex_top_inst/u_ibex_core/if_stage_i/gen_prefetch_buffer.prefetch_buffer_i/fifo_i/rdata_q_reg[1][2]/D
                                0.12         -83.53 f       -83.66  (VIOLATED)
   ibex_top_inst/u_ibex_core/if_stage_i/gen_prefetch_buffer.prefetch_buffer_i/fifo_i/rdata_q_reg[0][8]/D
                                0.12         -83.53 f       -83.66  (VIOLATED)
   ibex_top_inst/u_ibex_core/if_stage_i/gen_prefetch_buffer.prefetch_buffer_i/fifo_i/rdata_q_reg[0][12]/D
                                0.12         -83.53 f       -83.66  (VIOLATED)
   ibex_top_inst/u_ibex_core/if_stage_i/gen_prefetch_buffer.prefetch_buffer_i/fifo_i/rdata_q_reg[0][13]/D
                                0.12         -83.53 f       -83.66  (VIOLATED)
   ibex_top_inst/u_ibex_core/if_stage_i/gen_prefetch_buffer.prefetch_buffer_i/fifo_i/rdata_q_reg[0][14]/D
                                0.12         -83.53 f       -83.66  (VIOLATED)
   ibex_top_inst/u_ibex_core/if_stage_i/gen_prefetch_buffer.prefetch_buffer_i/fifo_i/rdata_q_reg[0][15]/D
                                0.12         -83.53 f       -83.66  (VIOLATED)
   ibex_top_inst/u_ibex_core/if_stage_i/gen_prefetch_buffer.prefetch_buffer_i/fifo_i/rdata_q_reg[0][16]/D
                                0.12         -83.53 f       -83.66  (VIOLATED)
   ibex_top_inst/u_ibex_core/if_stage_i/gen_prefetch_buffer.prefetch_buffer_i/fifo_i/rdata_q_reg[0][17]/D
                                0.12         -83.53 f       -83.66  (VIOLATED)
   ibex_top_inst/u_ibex_core/if_stage_i/gen_prefetch_buffer.prefetch_buffer_i/fifo_i/rdata_q_reg[0][18]/D
                                0.12         -83.53 f       -83.66  (VIOLATED)
   ibex_top_inst/u_ibex_core/if_stage_i/gen_prefetch_buffer.prefetch_buffer_i/fifo_i/rdata_q_reg[0][22]/D
                                0.12         -83.53 f       -83.66  (VIOLATED)
   ibex_top_inst/u_ibex_core/if_stage_i/gen_prefetch_buffer.prefetch_buffer_i/fifo_i/rdata_q_reg[0][23]/D
                                0.12         -83.53 f       -83.66  (VIOLATED)
   ibex_top_inst/u_ibex_core/if_stage_i/gen_prefetch_buffer.prefetch_buffer_i/fifo_i/rdata_q_reg[0][24]/D
                                0.12         -83.53 f       -83.66  (VIOLATED)
   ibex_top_inst/u_ibex_core/if_stage_i/gen_prefetch_buffer.prefetch_buffer_i/fifo_i/rdata_q_reg[0][25]/D
                                0.12         -83.53 f       -83.66  (VIOLATED)
   ibex_top_inst/u_ibex_core/if_stage_i/gen_prefetch_buffer.prefetch_buffer_i/fifo_i/rdata_q_reg[0][26]/D
                                0.12         -83.53 f       -83.66  (VIOLATED)
   ibex_top_inst/u_ibex_core/if_stage_i/gen_prefetch_buffer.prefetch_buffer_i/fifo_i/rdata_q_reg[0][27]/D
                                0.12         -83.53 f       -83.66  (VIOLATED)
   ibex_top_inst/u_ibex_core/if_stage_i/gen_prefetch_buffer.prefetch_buffer_i/fifo_i/err_q_reg[1]/D
                                0.12         -83.53 f       -83.65  (VIOLATED)
   ibex_top_inst/u_ibex_core/if_stage_i/gen_prefetch_buffer.prefetch_buffer_i/fifo_i/rdata_q_reg[1][30]/D
                                0.12         -83.53 f       -83.65  (VIOLATED)
   ibex_top_inst/u_ibex_core/if_stage_i/gen_prefetch_buffer.prefetch_buffer_i/fifo_i/err_q_reg[0]/D
                                0.12         -83.53 f       -83.65  (VIOLATED)
   ibex_top_inst/u_ibex_core/if_stage_i/gen_prefetch_buffer.prefetch_buffer_i/fifo_i/rdata_q_reg[0][0]/D
                                0.12         -83.53 f       -83.65  (VIOLATED)
   ibex_top_inst/u_ibex_core/if_stage_i/gen_prefetch_buffer.prefetch_buffer_i/fifo_i/rdata_q_reg[0][1]/D
                                0.12         -83.53 f       -83.65  (VIOLATED)
   ibex_top_inst/u_ibex_core/if_stage_i/gen_prefetch_buffer.prefetch_buffer_i/fifo_i/rdata_q_reg[0][4]/D
                                0.12         -83.53 f       -83.65  (VIOLATED)
   ibex_top_inst/u_ibex_core/if_stage_i/gen_prefetch_buffer.prefetch_buffer_i/fifo_i/rdata_q_reg[0][5]/D
                                0.12         -83.53 f       -83.65  (VIOLATED)
   ibex_top_inst/u_ibex_core/if_stage_i/gen_prefetch_buffer.prefetch_buffer_i/fifo_i/rdata_q_reg[0][7]/D
                                0.12         -83.53 f       -83.65  (VIOLATED)
   ibex_top_inst/u_ibex_core/if_stage_i/gen_prefetch_buffer.prefetch_buffer_i/fifo_i/rdata_q_reg[0][9]/D
                                0.12         -83.53 f       -83.65  (VIOLATED)
   ibex_top_inst/u_ibex_core/if_stage_i/gen_prefetch_buffer.prefetch_buffer_i/fifo_i/rdata_q_reg[0][10]/D
                                0.12         -83.53 f       -83.65  (VIOLATED)
   ibex_top_inst/u_ibex_core/if_stage_i/gen_prefetch_buffer.prefetch_buffer_i/fifo_i/rdata_q_reg[0][11]/D
                                0.12         -83.53 f       -83.65  (VIOLATED)
   ibex_top_inst/u_ibex_core/if_stage_i/gen_prefetch_buffer.prefetch_buffer_i/fifo_i/rdata_q_reg[0][19]/D
                                0.12         -83.53 f       -83.65  (VIOLATED)
   ibex_top_inst/u_ibex_core/if_stage_i/gen_prefetch_buffer.prefetch_buffer_i/fifo_i/rdata_q_reg[0][20]/D
                                0.12         -83.53 f       -83.65  (VIOLATED)
   ibex_top_inst/u_ibex_core/if_stage_i/gen_prefetch_buffer.prefetch_buffer_i/fifo_i/rdata_q_reg[0][21]/D
                                0.12         -83.53 f       -83.65  (VIOLATED)
   ibex_top_inst/u_ibex_core/if_stage_i/gen_prefetch_buffer.prefetch_buffer_i/fifo_i/rdata_q_reg[0][2]/D
                                0.12         -83.53 f       -83.65  (VIOLATED)
   ibex_top_inst/u_ibex_core/if_stage_i/gen_prefetch_buffer.prefetch_buffer_i/fifo_i/rdata_q_reg[0][3]/D
                                0.12         -83.53 f       -83.65  (VIOLATED)
   ibex_top_inst/u_ibex_core/if_stage_i/gen_prefetch_buffer.prefetch_buffer_i/fifo_i/rdata_q_reg[0][6]/D
                                0.12         -83.53 f       -83.65  (VIOLATED)
   ibex_top_inst/u_ibex_core/if_stage_i/gen_prefetch_buffer.prefetch_buffer_i/fifo_i/rdata_q_reg[1][3]/D
                                0.12         -83.53 f       -83.65  (VIOLATED)
   ibex_top_inst/u_ibex_core/if_stage_i/gen_prefetch_buffer.prefetch_buffer_i/fifo_i/rdata_q_reg[1][31]/D
                                0.12         -83.52 f       -83.65  (VIOLATED)
   ibex_top_inst/u_ibex_core/if_stage_i/gen_prefetch_buffer.prefetch_buffer_i/fifo_i/rdata_q_reg[1][12]/D
                                0.12         -83.50 f       -83.63  (VIOLATED)
   ibex_top_inst/u_ibex_core/if_stage_i/gen_prefetch_buffer.prefetch_buffer_i/fifo_i/rdata_q_reg[1][17]/D
                                0.12         -83.50 f       -83.63  (VIOLATED)
   ibex_top_inst/u_ibex_core/if_stage_i/gen_prefetch_buffer.prefetch_buffer_i/fifo_i/rdata_q_reg[1][18]/D
                                0.12         -83.50 f       -83.63  (VIOLATED)
   ibex_top_inst/u_ibex_core/if_stage_i/gen_prefetch_buffer.prefetch_buffer_i/fifo_i/rdata_q_reg[1][20]/D
                                0.12         -83.50 f       -83.63  (VIOLATED)
   ibex_top_inst/u_ibex_core/if_stage_i/gen_prefetch_buffer.prefetch_buffer_i/fifo_i/rdata_q_reg[1][22]/D
                                0.12         -83.50 f       -83.63  (VIOLATED)
   ibex_top_inst/u_ibex_core/if_stage_i/gen_prefetch_buffer.prefetch_buffer_i/fifo_i/rdata_q_reg[1][23]/D
                                0.12         -83.50 f       -83.63  (VIOLATED)
   ibex_top_inst/u_ibex_core/if_stage_i/gen_prefetch_buffer.prefetch_buffer_i/fifo_i/rdata_q_reg[1][11]/D
                                0.12         -83.50 f       -83.63  (VIOLATED)
   ibex_top_inst/u_ibex_core/if_stage_i/gen_prefetch_buffer.prefetch_buffer_i/fifo_i/rdata_q_reg[1][13]/D
                                0.12         -83.50 f       -83.63  (VIOLATED)
   ibex_top_inst/u_ibex_core/if_stage_i/gen_prefetch_buffer.prefetch_buffer_i/fifo_i/rdata_q_reg[1][14]/D
                                0.12         -83.50 f       -83.63  (VIOLATED)
   ibex_top_inst/u_ibex_core/if_stage_i/gen_prefetch_buffer.prefetch_buffer_i/fifo_i/rdata_q_reg[1][15]/D
                                0.12         -83.50 f       -83.63  (VIOLATED)
   ibex_top_inst/u_ibex_core/if_stage_i/gen_prefetch_buffer.prefetch_buffer_i/fifo_i/rdata_q_reg[1][19]/D
                                0.12         -83.50 f       -83.63  (VIOLATED)
   ibex_top_inst/u_ibex_core/if_stage_i/gen_prefetch_buffer.prefetch_buffer_i/fifo_i/rdata_q_reg[1][24]/D
                                0.12         -83.50 f       -83.63  (VIOLATED)
   ibex_top_inst/u_ibex_core/if_stage_i/gen_prefetch_buffer.prefetch_buffer_i/fifo_i/rdata_q_reg[1][28]/D
                                0.12         -83.50 f       -83.63  (VIOLATED)
   ibex_top_inst/u_ibex_core/if_stage_i/gen_prefetch_buffer.prefetch_buffer_i/fifo_i/rdata_q_reg[1][8]/D
                                0.12         -83.50 f       -83.63  (VIOLATED)
   ibex_top_inst/u_ibex_core/if_stage_i/gen_prefetch_buffer.prefetch_buffer_i/fifo_i/rdata_q_reg[1][9]/D
                                0.12         -83.50 f       -83.63  (VIOLATED)
   ibex_top_inst/u_ibex_core/if_stage_i/gen_prefetch_buffer.prefetch_buffer_i/fifo_i/rdata_q_reg[1][10]/D
                                0.12         -83.50 f       -83.63  (VIOLATED)
   ibex_top_inst/u_ibex_core/if_stage_i/gen_prefetch_buffer.prefetch_buffer_i/fifo_i/rdata_q_reg[1][4]/D
                                0.12         -83.50 f       -83.62  (VIOLATED)
   ibex_top_inst/u_ibex_core/if_stage_i/gen_prefetch_buffer.prefetch_buffer_i/fifo_i/rdata_q_reg[1][5]/D
                                0.12         -83.50 f       -83.62  (VIOLATED)
   ibex_top_inst/u_ibex_core/if_stage_i/gen_prefetch_buffer.prefetch_buffer_i/fifo_i/rdata_q_reg[1][6]/D
                                0.12         -83.50 f       -83.62  (VIOLATED)
   ibex_top_inst/u_ibex_core/if_stage_i/gen_prefetch_buffer.prefetch_buffer_i/fifo_i/rdata_q_reg[1][7]/D
                                0.12         -83.50 f       -83.62  (VIOLATED)
   ibex_top_inst/u_ibex_core/if_stage_i/gen_prefetch_buffer.prefetch_buffer_i/fifo_i/rdata_q_reg[1][16]/D
                                0.12         -83.50 f       -83.62  (VIOLATED)
   ibex_top_inst/u_ibex_core/if_stage_i/gen_prefetch_buffer.prefetch_buffer_i/fifo_i/rdata_q_reg[1][21]/D
                                0.12         -83.50 f       -83.62  (VIOLATED)
   ibex_top_inst/u_ibex_core/if_stage_i/gen_prefetch_buffer.prefetch_buffer_i/fifo_i/rdata_q_reg[1][25]/D
                                0.12         -83.50 f       -83.62  (VIOLATED)
   ibex_top_inst/u_ibex_core/if_stage_i/gen_prefetch_buffer.prefetch_buffer_i/fifo_i/rdata_q_reg[1][26]/D
                                0.12         -83.50 f       -83.62  (VIOLATED)
   ibex_top_inst/u_ibex_core/if_stage_i/gen_prefetch_buffer.prefetch_buffer_i/fifo_i/rdata_q_reg[1][27]/D
                                0.12         -83.50 f       -83.62  (VIOLATED)
   ibex_top_inst/u_ibex_core/if_stage_i/gen_prefetch_buffer.prefetch_buffer_i/fifo_i/rdata_q_reg[1][29]/D
                                0.12         -83.50 f       -83.62  (VIOLATED)
   ibex_top_inst/u_ibex_core/if_stage_i/gen_prefetch_buffer.prefetch_buffer_i/fifo_i/rdata_q_reg[1][0]/D
                                0.12         -83.49 f       -83.62  (VIOLATED)
   ibex_top_inst/u_ibex_core/cs_registers_i/u_mtval_csr/rdata_q_reg[3]/D
                                0.11         -78.18 r       -78.29  (VIOLATED)
   ibex_top_inst/u_ibex_core/id_stage_i/controller_i/ctrl_fsm_cs_reg[1]/D
                                0.11         -73.36 r       -73.47  (VIOLATED)
   ibex_top_inst/u_ibex_core/cs_registers_i/u_mstatus_csr/rdata_q_reg[4]/D
                                0.12         -69.54 f       -69.66  (VIOLATED)
   ibex_top_inst/u_ibex_core/wb_stage_i/g_writeback_stage.rf_wdata_wb_q_reg[8]/D
                                0.12         -69.49 f       -69.61  (VIOLATED)
   ibex_top_inst/u_ibex_core/wb_stage_i/g_writeback_stage.rf_wdata_wb_q_reg[23]/D
                                0.12         -69.48 f       -69.61  (VIOLATED)
   ibex_top_inst/u_ibex_core/id_stage_i/id_fsm_q_reg/D
                                0.11         -64.00 r       -64.11  (VIOLATED)
   ibex_top_inst/u_ibex_core/wb_stage_i/g_writeback_stage.rf_waddr_wb_q_reg[0]/D
                                0.12         -63.86 f       -63.99  (VIOLATED)
   ibex_top_inst/u_ibex_core/wb_stage_i/g_writeback_stage.rf_waddr_wb_q_reg[1]/D
                                0.12         -63.86 f       -63.99  (VIOLATED)
   ibex_top_inst/u_ibex_core/wb_stage_i/g_writeback_stage.rf_waddr_wb_q_reg[2]/D
                                0.12         -63.86 f       -63.99  (VIOLATED)
   ibex_top_inst/u_ibex_core/wb_stage_i/g_writeback_stage.rf_waddr_wb_q_reg[3]/D
                                0.12         -63.86 f       -63.99  (VIOLATED)
   ibex_top_inst/u_ibex_core/wb_stage_i/g_writeback_stage.rf_waddr_wb_q_reg[4]/D
                                0.12         -63.86 f       -63.99  (VIOLATED)
   ibex_top_inst/u_ibex_core/wb_stage_i/g_writeback_stage.wb_pc_q_reg[30]/D
                                0.12         -63.86 f       -63.99  (VIOLATED)
   ibex_top_inst/u_ibex_core/wb_stage_i/g_writeback_stage.wb_instr_type_q_reg[1]/D
                                0.11         -63.86 r       -63.97  (VIOLATED)
   ibex_top_inst/u_ibex_core/wb_stage_i/g_writeback_stage.rf_wdata_wb_q_reg[22]/D
                                0.11         -63.83 r       -63.94  (VIOLATED)
   ibex_top_inst/u_ibex_core/wb_stage_i/g_writeback_stage.wb_pc_q_reg[25]/D
                                0.13         -63.78 f       -63.91  (VIOLATED)
   ibex_top_inst/u_ibex_core/wb_stage_i/g_writeback_stage.wb_pc_q_reg[7]/D
                                0.12         -63.78 f       -63.90  (VIOLATED)
   ibex_top_inst/u_ibex_core/wb_stage_i/g_writeback_stage.wb_pc_q_reg[24]/D
                                0.12         -63.78 f       -63.90  (VIOLATED)
   ibex_top_inst/u_ibex_core/wb_stage_i/g_writeback_stage.wb_pc_q_reg[26]/D
                                0.12         -63.78 f       -63.90  (VIOLATED)
   ibex_top_inst/u_ibex_core/wb_stage_i/g_writeback_stage.wb_pc_q_reg[27]/D
                                0.12         -63.78 f       -63.90  (VIOLATED)
   ibex_top_inst/u_ibex_core/wb_stage_i/g_writeback_stage.wb_pc_q_reg[28]/D
                                0.12         -63.78 f       -63.90  (VIOLATED)
   ibex_top_inst/u_ibex_core/wb_stage_i/g_writeback_stage.wb_pc_q_reg[29]/D
                                0.12         -63.78 f       -63.90  (VIOLATED)
   ibex_top_inst/u_ibex_core/wb_stage_i/g_writeback_stage.wb_pc_q_reg[2]/D
                                0.12         -63.78 f       -63.90  (VIOLATED)
   ibex_top_inst/u_ibex_core/wb_stage_i/g_writeback_stage.wb_pc_q_reg[6]/D
                                0.12         -63.78 f       -63.90  (VIOLATED)
   ibex_top_inst/u_ibex_core/wb_stage_i/g_writeback_stage.wb_pc_q_reg[8]/D
                                0.12         -63.78 f       -63.90  (VIOLATED)
   ibex_top_inst/u_ibex_core/wb_stage_i/g_writeback_stage.wb_pc_q_reg[9]/D
                                0.12         -63.78 f       -63.90  (VIOLATED)
   ibex_top_inst/u_ibex_core/wb_stage_i/g_writeback_stage.wb_pc_q_reg[11]/D
                                0.12         -63.78 f       -63.90  (VIOLATED)
   ibex_top_inst/u_ibex_core/wb_stage_i/g_writeback_stage.wb_pc_q_reg[12]/D
                                0.12         -63.78 f       -63.90  (VIOLATED)
   ibex_top_inst/u_ibex_core/wb_stage_i/g_writeback_stage.wb_compressed_q_reg/D
                                0.12         -63.77 f       -63.89  (VIOLATED)
   ibex_top_inst/u_ibex_core/wb_stage_i/g_writeback_stage.wb_pc_q_reg[1]/D
                                0.12         -63.77 f       -63.89  (VIOLATED)
   ibex_top_inst/u_ibex_core/wb_stage_i/g_writeback_stage.wb_pc_q_reg[13]/D
                                0.12         -63.77 f       -63.89  (VIOLATED)
   ibex_top_inst/u_ibex_core/wb_stage_i/g_writeback_stage.wb_pc_q_reg[4]/D
                                0.12         -63.76 f       -63.88  (VIOLATED)
   ibex_top_inst/u_ibex_core/wb_stage_i/g_writeback_stage.wb_pc_q_reg[5]/D
                                0.12         -63.76 f       -63.88  (VIOLATED)
   ibex_top_inst/u_ibex_core/wb_stage_i/g_writeback_stage.wb_pc_q_reg[10]/D
                                0.12         -63.76 f       -63.88  (VIOLATED)
   ibex_top_inst/u_ibex_core/wb_stage_i/g_writeback_stage.wb_pc_q_reg[15]/D
                                0.12         -63.76 f       -63.88  (VIOLATED)
   ibex_top_inst/u_ibex_core/wb_stage_i/g_writeback_stage.wb_pc_q_reg[22]/D
                                0.12         -63.76 f       -63.88  (VIOLATED)
   ibex_top_inst/u_ibex_core/wb_stage_i/g_writeback_stage.wb_pc_q_reg[31]/D
                                0.12         -63.76 f       -63.88  (VIOLATED)
   ibex_top_inst/u_ibex_core/wb_stage_i/g_writeback_stage.wb_instr_type_q_reg[0]/D
                                0.12         -63.75 f       -63.87  (VIOLATED)
   ibex_top_inst/u_ibex_core/wb_stage_i/g_writeback_stage.wb_valid_q_reg/D
                                0.13         -63.74 f       -63.87  (VIOLATED)
   ibex_top_inst/u_ibex_core/wb_stage_i/g_writeback_stage.rf_wdata_wb_q_reg[31]/D
                                0.12         -63.74 f       -63.86  (VIOLATED)
   ibex_top_inst/u_ibex_core/wb_stage_i/g_writeback_stage.rf_wdata_wb_q_reg[0]/D
                                0.12         -63.72 f       -63.85  (VIOLATED)
   ibex_top_inst/u_ibex_core/wb_stage_i/g_writeback_stage.rf_wdata_wb_q_reg[9]/D
                                0.11         -63.74 r       -63.85  (VIOLATED)
   ibex_top_inst/u_ibex_core/wb_stage_i/g_writeback_stage.rf_wdata_wb_q_reg[4]/D
                                0.11         -63.73 r       -63.85  (VIOLATED)
   ibex_top_inst/u_ibex_core/wb_stage_i/g_writeback_stage.rf_wdata_wb_q_reg[13]/D
                                0.11         -63.73 r       -63.84  (VIOLATED)
   ibex_top_inst/u_ibex_core/wb_stage_i/g_writeback_stage.rf_wdata_wb_q_reg[18]/D
                                0.11         -63.73 r       -63.84  (VIOLATED)
   ibex_top_inst/u_ibex_core/wb_stage_i/g_writeback_stage.rf_wdata_wb_q_reg[5]/D
                                0.11         -63.73 r       -63.84  (VIOLATED)
   ibex_top_inst/u_ibex_core/wb_stage_i/g_writeback_stage.rf_wdata_wb_q_reg[30]/D
                                0.12         -63.71 f       -63.84  (VIOLATED)
   ibex_top_inst/u_ibex_core/cs_registers_i/u_mstatus_csr/rdata_q_reg[0]/D
                                0.13         -63.71 f       -63.84  (VIOLATED)
   ibex_top_inst/u_ibex_core/cs_registers_i/mcountinhibit_q_reg[0]/D
                                0.13         -63.70 f       -63.84  (VIOLATED)
   ibex_top_inst/u_ibex_core/cs_registers_i/mcountinhibit_q_reg[2]/D
                                0.13         -63.70 f       -63.83  (VIOLATED)
   ibex_top_inst/u_ibex_core/cs_registers_i/u_mstatus_csr/rdata_q_reg[2]/D
                                0.13         -63.69 f       -63.82  (VIOLATED)
   ibex_top_inst/u_ibex_core/cs_registers_i/u_mstatus_csr/rdata_q_reg[3]/D
                                0.13         -63.69 f       -63.82  (VIOLATED)
   ibex_top_inst/u_ibex_core/cs_registers_i/u_cpuctrlsts_part_csr/rdata_q_reg[7]/D
                                0.13         -63.69 f       -63.82  (VIOLATED)
   ibex_top_inst/u_ibex_core/cs_registers_i/u_mstatus_csr/rdata_q_reg[1]/D
                                0.13         -63.69 f       -63.82  (VIOLATED)
   ibex_top_inst/u_ibex_core/cs_registers_i/u_dcsr_csr/rdata_q_reg[13]/D
                                0.11         -63.71 r       -63.82  (VIOLATED)
   ibex_top_inst/u_ibex_core/cs_registers_i/u_dcsr_csr/rdata_q_reg[12]/D
                                0.11         -63.71 r       -63.82  (VIOLATED)
   ibex_top_inst/u_ibex_core/cs_registers_i/u_dcsr_csr/rdata_q_reg[15]/D
                                0.11         -63.71 r       -63.82  (VIOLATED)
   ibex_top_inst/u_ibex_core/cs_registers_i/u_dcsr_csr/rdata_q_reg[2]/D
                                0.11         -63.71 r       -63.82  (VIOLATED)
   ibex_top_inst/u_ibex_core/cs_registers_i/u_mstatus_csr/rdata_q_reg[5]/D
                                0.13         -63.69 f       -63.82  (VIOLATED)
   ibex_top_inst/u_ibex_core/cs_registers_i/u_mscratch_csr/rdata_q_reg[21]/D
                                0.13         -63.68 f       -63.82  (VIOLATED)
   ibex_top_inst/u_ibex_core/cs_registers_i/u_mscratch_csr/rdata_q_reg[24]/D
                                0.13         -63.68 f       -63.82  (VIOLATED)
   ibex_top_inst/u_ibex_core/cs_registers_i/u_mscratch_csr/rdata_q_reg[26]/D
                                0.13         -63.68 f       -63.82  (VIOLATED)
   ibex_top_inst/u_ibex_core/cs_registers_i/u_mscratch_csr/rdata_q_reg[30]/D
                                0.13         -63.68 f       -63.82  (VIOLATED)
   ibex_top_inst/u_ibex_core/cs_registers_i/u_mscratch_csr/rdata_q_reg[31]/D
                                0.13         -63.68 f       -63.82  (VIOLATED)
   ibex_top_inst/u_ibex_core/wb_stage_i/g_writeback_stage.rf_wdata_wb_q_reg[19]/D
                                0.12         -63.69 f       -63.81  (VIOLATED)
   ibex_top_inst/u_ibex_core/wb_stage_i/g_writeback_stage.rf_wdata_wb_q_reg[26]/D
                                0.12         -63.69 f       -63.81  (VIOLATED)
   ibex_top_inst/u_ibex_core/wb_stage_i/g_writeback_stage.rf_wdata_wb_q_reg[27]/D
                                0.12         -63.69 f       -63.81  (VIOLATED)
   ibex_top_inst/u_ibex_core/wb_stage_i/g_writeback_stage.rf_wdata_wb_q_reg[28]/D
                                0.12         -63.69 f       -63.81  (VIOLATED)
   ibex_top_inst/u_ibex_core/wb_stage_i/g_writeback_stage.rf_wdata_wb_q_reg[1]/D
                                0.12         -63.69 f       -63.81  (VIOLATED)
   ibex_top_inst/u_ibex_core/wb_stage_i/g_writeback_stage.rf_wdata_wb_q_reg[3]/D
                                0.12         -63.69 f       -63.81  (VIOLATED)
   ibex_top_inst/u_ibex_core/cs_registers_i/u_depc_csr/rdata_q_reg[31]/D
                                0.13         -63.68 f       -63.81  (VIOLATED)
   ibex_top_inst/u_ibex_core/wb_stage_i/g_writeback_stage.rf_wdata_wb_q_reg[24]/D
                                0.12         -63.68 f       -63.81  (VIOLATED)
   ibex_top_inst/u_ibex_core/wb_stage_i/g_writeback_stage.rf_wdata_wb_q_reg[25]/D
                                0.12         -63.68 f       -63.81  (VIOLATED)
   ibex_top_inst/u_ibex_core/wb_stage_i/g_writeback_stage.rf_wdata_wb_q_reg[12]/D
                                0.12         -63.68 f       -63.80  (VIOLATED)
   ibex_top_inst/u_ibex_core/cs_registers_i/mcycle_counter_i/counter_q_reg[14]/D
                                0.13         -63.67 f       -63.80  (VIOLATED)
   ibex_top_inst/u_ibex_core/cs_registers_i/mcycle_counter_i/counter_q_reg[17]/D
                                0.13         -63.67 f       -63.80  (VIOLATED)
   ibex_top_inst/u_ibex_core/cs_registers_i/mcycle_counter_i/counter_q_reg[15]/D
                                0.13         -63.67 f       -63.80  (VIOLATED)
   ibex_top_inst/u_ibex_core/cs_registers_i/mcycle_counter_i/counter_q_reg[19]/D
                                0.13         -63.67 f       -63.80  (VIOLATED)
   ibex_top_inst/u_ibex_core/cs_registers_i/mcycle_counter_i/counter_q_reg[25]/D
                                0.13         -63.67 f       -63.80  (VIOLATED)
   ibex_top_inst/u_ibex_core/wb_stage_i/g_writeback_stage.rf_wdata_wb_q_reg[6]/D
                                0.12         -63.67 f       -63.80  (VIOLATED)
   ibex_top_inst/u_ibex_core/wb_stage_i/g_writeback_stage.rf_wdata_wb_q_reg[7]/D
                                0.12         -63.67 f       -63.80  (VIOLATED)
   ibex_top_inst/u_ibex_core/cs_registers_i/u_dscratch0_csr/rdata_q_reg[30]/D
                                0.13         -63.67 f       -63.80  (VIOLATED)
   ibex_top_inst/u_ibex_core/cs_registers_i/u_dscratch0_csr/rdata_q_reg[31]/D
                                0.13         -63.67 f       -63.80  (VIOLATED)
   ibex_top_inst/u_ibex_core/cs_registers_i/u_dscratch1_csr/rdata_q_reg[30]/D
                                0.13         -63.67 f       -63.80  (VIOLATED)
   ibex_top_inst/u_ibex_core/cs_registers_i/u_dscratch1_csr/rdata_q_reg[31]/D
                                0.13         -63.67 f       -63.80  (VIOLATED)
   ibex_top_inst/u_ibex_core/cs_registers_i/u_cpuctrlsts_part_csr/rdata_q_reg[6]/D
                                0.13         -63.67 f       -63.80  (VIOLATED)
   ibex_top_inst/u_ibex_core/cs_registers_i/mcycle_counter_i/counter_q_reg[5]/D
                                0.13         -63.66 f       -63.79  (VIOLATED)
   ibex_top_inst/u_ibex_core/cs_registers_i/u_dcsr_csr/rdata_q_reg[0]/D
                                0.12         -63.67 f       -63.79  (VIOLATED)
   ibex_top_inst/u_ibex_core/cs_registers_i/u_dcsr_csr/rdata_q_reg[1]/D
                                0.12         -63.67 f       -63.79  (VIOLATED)
   ibex_top_inst/u_ibex_core/cs_registers_i/u_mscratch_csr/rdata_q_reg[20]/D
                                0.13         -63.65 f       -63.79  (VIOLATED)
   ibex_top_inst/u_ibex_core/cs_registers_i/u_mscratch_csr/rdata_q_reg[22]/D
                                0.13         -63.65 f       -63.79  (VIOLATED)
   ibex_top_inst/u_ibex_core/cs_registers_i/u_mscratch_csr/rdata_q_reg[23]/D
                                0.13         -63.65 f       -63.79  (VIOLATED)
   ibex_top_inst/u_ibex_core/cs_registers_i/u_mscratch_csr/rdata_q_reg[25]/D
                                0.13         -63.65 f       -63.79  (VIOLATED)
   ibex_top_inst/u_ibex_core/cs_registers_i/u_mscratch_csr/rdata_q_reg[27]/D
                                0.13         -63.65 f       -63.79  (VIOLATED)
   ibex_top_inst/u_ibex_core/cs_registers_i/u_mscratch_csr/rdata_q_reg[28]/D
                                0.13         -63.65 f       -63.79  (VIOLATED)
   ibex_top_inst/u_ibex_core/cs_registers_i/u_mscratch_csr/rdata_q_reg[29]/D
                                0.13         -63.65 f       -63.79  (VIOLATED)
   ibex_top_inst/u_ibex_core/cs_registers_i/u_mie_csr/rdata_q_reg[16]/D
                                0.13         -63.65 f       -63.78  (VIOLATED)
   ibex_top_inst/u_ibex_core/cs_registers_i/u_mie_csr/rdata_q_reg[17]/D
                                0.13         -63.65 f       -63.78  (VIOLATED)
   ibex_top_inst/u_ibex_core/cs_registers_i/u_mie_csr/rdata_q_reg[0]/D
                                0.13         -63.65 f       -63.78  (VIOLATED)
   ibex_top_inst/u_ibex_core/cs_registers_i/u_mie_csr/rdata_q_reg[3]/D
                                0.13         -63.65 f       -63.78  (VIOLATED)
   ibex_top_inst/u_ibex_core/cs_registers_i/u_mie_csr/rdata_q_reg[6]/D
                                0.13         -63.65 f       -63.78  (VIOLATED)
   ibex_top_inst/u_ibex_core/cs_registers_i/u_mie_csr/rdata_q_reg[7]/D
                                0.13         -63.65 f       -63.78  (VIOLATED)
   ibex_top_inst/u_ibex_core/cs_registers_i/u_mie_csr/rdata_q_reg[9]/D
                                0.13         -63.65 f       -63.78  (VIOLATED)
   ibex_top_inst/u_ibex_core/cs_registers_i/u_mie_csr/rdata_q_reg[12]/D
                                0.13         -63.65 f       -63.78  (VIOLATED)
   ibex_top_inst/u_ibex_core/cs_registers_i/u_mepc_csr/rdata_q_reg[31]/D
                                0.13         -63.65 f       -63.78  (VIOLATED)
   ibex_top_inst/u_ibex_core/cs_registers_i/u_mtvec_csr/rdata_q_reg[31]/D
                                0.13         -63.65 f       -63.78  (VIOLATED)
   ibex_top_inst/u_ibex_core/cs_registers_i/u_mtvec_csr/rdata_q_reg[16]/D
                                0.13         -63.65 f       -63.78  (VIOLATED)
   ibex_top_inst/u_ibex_core/cs_registers_i/u_mtvec_csr/rdata_q_reg[8]/D
                                0.13         -63.65 f       -63.78  (VIOLATED)
   ibex_top_inst/u_ibex_core/cs_registers_i/u_mtvec_csr/rdata_q_reg[10]/D
                                0.13         -63.65 f       -63.78  (VIOLATED)
   ibex_top_inst/u_ibex_core/cs_registers_i/u_mtvec_csr/rdata_q_reg[17]/D
                                0.13         -63.65 f       -63.78  (VIOLATED)
   ibex_top_inst/u_ibex_core/cs_registers_i/u_mtvec_csr/rdata_q_reg[30]/D
                                0.13         -63.65 f       -63.78  (VIOLATED)
   ibex_top_inst/u_ibex_core/cs_registers_i/u_mie_csr/rdata_q_reg[1]/D
                                0.13         -63.65 f       -63.78  (VIOLATED)
   ibex_top_inst/u_ibex_core/cs_registers_i/u_mie_csr/rdata_q_reg[2]/D
                                0.13         -63.65 f       -63.78  (VIOLATED)
   ibex_top_inst/u_ibex_core/cs_registers_i/u_mie_csr/rdata_q_reg[4]/D
                                0.13         -63.65 f       -63.78  (VIOLATED)
   ibex_top_inst/u_ibex_core/cs_registers_i/u_mie_csr/rdata_q_reg[5]/D
                                0.13         -63.65 f       -63.78  (VIOLATED)
   ibex_top_inst/u_ibex_core/cs_registers_i/u_mie_csr/rdata_q_reg[8]/D
                                0.13         -63.65 f       -63.78  (VIOLATED)
   ibex_top_inst/u_ibex_core/cs_registers_i/u_mie_csr/rdata_q_reg[10]/D
                                0.13         -63.65 f       -63.78  (VIOLATED)
   ibex_top_inst/u_ibex_core/cs_registers_i/u_mie_csr/rdata_q_reg[11]/D
                                0.13         -63.65 f       -63.78  (VIOLATED)
   ibex_top_inst/u_ibex_core/cs_registers_i/u_mie_csr/rdata_q_reg[13]/D
                                0.13         -63.65 f       -63.78  (VIOLATED)
   ibex_top_inst/u_ibex_core/cs_registers_i/u_mie_csr/rdata_q_reg[14]/D
                                0.13         -63.65 f       -63.78  (VIOLATED)
   ibex_top_inst/u_ibex_core/cs_registers_i/u_mie_csr/rdata_q_reg[15]/D
                                0.13         -63.65 f       -63.78  (VIOLATED)
   ibex_top_inst/u_ibex_core/cs_registers_i/u_mtvec_csr/rdata_q_reg[28]/D
                                0.13         -63.65 f       -63.78  (VIOLATED)
   ibex_top_inst/u_ibex_core/cs_registers_i/u_mtvec_csr/rdata_q_reg[29]/D
                                0.13         -63.65 f       -63.78  (VIOLATED)
   ibex_top_inst/u_ibex_core/cs_registers_i/mcycle_counter_i/counter_q_reg[32]/D
                                0.13         -63.64 f       -63.78  (VIOLATED)
   ibex_top_inst/u_ibex_core/cs_registers_i/mcycle_counter_i/counter_q_reg[63]/D
                                0.13         -63.64 f       -63.78  (VIOLATED)
   ibex_top_inst/u_ibex_core/cs_registers_i/u_depc_csr/rdata_q_reg[2]/D
                                0.13         -63.64 f       -63.77  (VIOLATED)
   ibex_top_inst/u_ibex_core/cs_registers_i/u_depc_csr/rdata_q_reg[4]/D
                                0.13         -63.64 f       -63.77  (VIOLATED)
   ibex_top_inst/u_ibex_core/cs_registers_i/u_depc_csr/rdata_q_reg[8]/D
                                0.13         -63.64 f       -63.77  (VIOLATED)
   ibex_top_inst/u_ibex_core/cs_registers_i/u_depc_csr/rdata_q_reg[30]/D
                                0.13         -63.64 f       -63.77  (VIOLATED)
   ibex_top_inst/u_ibex_core/cs_registers_i/u_depc_csr/rdata_q_reg[1]/D
                                0.13         -63.64 f       -63.77  (VIOLATED)
   ibex_top_inst/u_ibex_core/cs_registers_i/u_depc_csr/rdata_q_reg[10]/D
                                0.13         -63.64 f       -63.77  (VIOLATED)
   ibex_top_inst/u_ibex_core/cs_registers_i/u_depc_csr/rdata_q_reg[19]/D
                                0.13         -63.64 f       -63.77  (VIOLATED)
   ibex_top_inst/u_ibex_core/cs_registers_i/u_depc_csr/rdata_q_reg[20]/D
                                0.13         -63.64 f       -63.77  (VIOLATED)
   ibex_top_inst/u_ibex_core/cs_registers_i/u_depc_csr/rdata_q_reg[21]/D
                                0.13         -63.64 f       -63.77  (VIOLATED)
   ibex_top_inst/u_ibex_core/cs_registers_i/u_depc_csr/rdata_q_reg[25]/D
                                0.13         -63.64 f       -63.77  (VIOLATED)
   ibex_top_inst/u_ibex_core/cs_registers_i/u_depc_csr/rdata_q_reg[29]/D
                                0.13         -63.64 f       -63.77  (VIOLATED)
   ibex_top_inst/u_ibex_core/cs_registers_i/u_depc_csr/rdata_q_reg[22]/D
                                0.13         -63.64 f       -63.77  (VIOLATED)
   ibex_top_inst/u_ibex_core/cs_registers_i/u_depc_csr/rdata_q_reg[13]/D
                                0.13         -63.64 f       -63.77  (VIOLATED)
   ibex_top_inst/u_ibex_core/cs_registers_i/u_depc_csr/rdata_q_reg[15]/D
                                0.13         -63.64 f       -63.77  (VIOLATED)
   ibex_top_inst/u_ibex_core/cs_registers_i/u_depc_csr/rdata_q_reg[27]/D
                                0.13         -63.64 f       -63.77  (VIOLATED)
   ibex_top_inst/u_ibex_core/cs_registers_i/u_depc_csr/rdata_q_reg[6]/D
                                0.13         -63.64 f       -63.77  (VIOLATED)
   ibex_top_inst/u_ibex_core/cs_registers_i/u_depc_csr/rdata_q_reg[9]/D
                                0.13         -63.64 f       -63.77  (VIOLATED)
   ibex_top_inst/u_ibex_core/cs_registers_i/u_depc_csr/rdata_q_reg[14]/D
                                0.13         -63.64 f       -63.77  (VIOLATED)
   ibex_top_inst/u_ibex_core/cs_registers_i/u_depc_csr/rdata_q_reg[23]/D
                                0.13         -63.64 f       -63.77  (VIOLATED)
   ibex_top_inst/u_ibex_core/cs_registers_i/u_depc_csr/rdata_q_reg[24]/D
                                0.13         -63.64 f       -63.77  (VIOLATED)
   ibex_top_inst/u_ibex_core/cs_registers_i/u_depc_csr/rdata_q_reg[28]/D
                                0.13         -63.64 f       -63.77  (VIOLATED)
   ibex_top_inst/u_ibex_core/cs_registers_i/u_depc_csr/rdata_q_reg[26]/D
                                0.13         -63.64 f       -63.77  (VIOLATED)
   ibex_top_inst/u_ibex_core/cs_registers_i/u_depc_csr/rdata_q_reg[16]/D
                                0.13         -63.64 f       -63.77  (VIOLATED)
   ibex_top_inst/u_ibex_core/cs_registers_i/u_depc_csr/rdata_q_reg[18]/D
                                0.13         -63.64 f       -63.77  (VIOLATED)
   ibex_top_inst/u_ibex_core/cs_registers_i/u_depc_csr/rdata_q_reg[17]/D
                                0.13         -63.64 f       -63.77  (VIOLATED)
   ibex_top_inst/u_ibex_core/cs_registers_i/u_depc_csr/rdata_q_reg[11]/D
                                0.13         -63.64 f       -63.77  (VIOLATED)
   ibex_top_inst/u_ibex_core/cs_registers_i/u_depc_csr/rdata_q_reg[5]/D
                                0.13         -63.64 f       -63.77  (VIOLATED)
   ibex_top_inst/u_ibex_core/cs_registers_i/u_depc_csr/rdata_q_reg[7]/D
                                0.13         -63.64 f       -63.77  (VIOLATED)
   ibex_top_inst/u_ibex_core/cs_registers_i/u_depc_csr/rdata_q_reg[3]/D
                                0.13         -63.64 f       -63.77  (VIOLATED)
   ibex_top_inst/u_ibex_core/cs_registers_i/u_depc_csr/rdata_q_reg[12]/D
                                0.13         -63.64 f       -63.77  (VIOLATED)
   ibex_top_inst/u_ibex_core/cs_registers_i/u_mscratch_csr/rdata_q_reg[0]/D
                                0.13         -63.64 f       -63.77  (VIOLATED)
   ibex_top_inst/u_ibex_core/cs_registers_i/u_mscratch_csr/rdata_q_reg[1]/D
                                0.13         -63.64 f       -63.77  (VIOLATED)
   ibex_top_inst/u_ibex_core/cs_registers_i/u_mscratch_csr/rdata_q_reg[2]/D
                                0.13         -63.64 f       -63.77  (VIOLATED)
   ibex_top_inst/u_ibex_core/cs_registers_i/u_mscratch_csr/rdata_q_reg[3]/D
                                0.13         -63.64 f       -63.77  (VIOLATED)
   ibex_top_inst/u_ibex_core/cs_registers_i/u_mscratch_csr/rdata_q_reg[4]/D
                                0.13         -63.64 f       -63.77  (VIOLATED)
   ibex_top_inst/u_ibex_core/cs_registers_i/u_mscratch_csr/rdata_q_reg[5]/D
                                0.13         -63.64 f       -63.77  (VIOLATED)
   ibex_top_inst/u_ibex_core/cs_registers_i/u_mscratch_csr/rdata_q_reg[6]/D
                                0.13         -63.64 f       -63.77  (VIOLATED)
   ibex_top_inst/u_ibex_core/cs_registers_i/u_mscratch_csr/rdata_q_reg[7]/D
                                0.13         -63.64 f       -63.77  (VIOLATED)
   ibex_top_inst/u_ibex_core/cs_registers_i/u_mscratch_csr/rdata_q_reg[8]/D
                                0.13         -63.64 f       -63.77  (VIOLATED)
   ibex_top_inst/u_ibex_core/cs_registers_i/u_mscratch_csr/rdata_q_reg[9]/D
                                0.13         -63.64 f       -63.77  (VIOLATED)
   ibex_top_inst/u_ibex_core/cs_registers_i/u_mscratch_csr/rdata_q_reg[10]/D
                                0.13         -63.64 f       -63.77  (VIOLATED)
   ibex_top_inst/u_ibex_core/cs_registers_i/u_mscratch_csr/rdata_q_reg[11]/D
                                0.13         -63.64 f       -63.77  (VIOLATED)
   ibex_top_inst/u_ibex_core/cs_registers_i/u_mscratch_csr/rdata_q_reg[12]/D
                                0.13         -63.64 f       -63.77  (VIOLATED)
   ibex_top_inst/u_ibex_core/cs_registers_i/u_mscratch_csr/rdata_q_reg[13]/D
                                0.13         -63.64 f       -63.77  (VIOLATED)
   ibex_top_inst/u_ibex_core/cs_registers_i/u_mscratch_csr/rdata_q_reg[14]/D
                                0.13         -63.64 f       -63.77  (VIOLATED)
   ibex_top_inst/u_ibex_core/cs_registers_i/u_mscratch_csr/rdata_q_reg[15]/D
                                0.13         -63.64 f       -63.77  (VIOLATED)
   ibex_top_inst/u_ibex_core/cs_registers_i/u_mscratch_csr/rdata_q_reg[16]/D
                                0.13         -63.64 f       -63.77  (VIOLATED)
   ibex_top_inst/u_ibex_core/cs_registers_i/u_mscratch_csr/rdata_q_reg[17]/D
                                0.13         -63.64 f       -63.77  (VIOLATED)
   ibex_top_inst/u_ibex_core/cs_registers_i/u_mscratch_csr/rdata_q_reg[18]/D
                                0.13         -63.64 f       -63.77  (VIOLATED)
   ibex_top_inst/u_ibex_core/cs_registers_i/u_mscratch_csr/rdata_q_reg[19]/D
                                0.13         -63.64 f       -63.77  (VIOLATED)
   ibex_top_inst/u_ibex_core/cs_registers_i/mcycle_counter_i/counter_q_reg[22]/D
                                0.13         -63.64 f       -63.77  (VIOLATED)
   ibex_top_inst/u_ibex_core/cs_registers_i/mcycle_counter_i/counter_q_reg[9]/D
                                0.13         -63.64 f       -63.77  (VIOLATED)
   ibex_top_inst/u_ibex_core/cs_registers_i/mcycle_counter_i/counter_q_reg[10]/D
                                0.13         -63.63 f       -63.77  (VIOLATED)
   ibex_top_inst/u_ibex_core/cs_registers_i/mcycle_counter_i/counter_q_reg[8]/D
                                0.13         -63.63 f       -63.77  (VIOLATED)
   ibex_top_inst/u_ibex_core/cs_registers_i/mcycle_counter_i/counter_q_reg[13]/D
                                0.13         -63.63 f       -63.77  (VIOLATED)
   ibex_top_inst/u_ibex_core/cs_registers_i/mcycle_counter_i/counter_q_reg[11]/D
                                0.13         -63.63 f       -63.77  (VIOLATED)
   ibex_top_inst/u_ibex_core/cs_registers_i/mcycle_counter_i/counter_q_reg[7]/D
                                0.13         -63.63 f       -63.77  (VIOLATED)
   ibex_top_inst/u_ibex_core/cs_registers_i/u_dscratch0_csr/rdata_q_reg[10]/D
                                0.13         -63.63 f       -63.76  (VIOLATED)
   ibex_top_inst/u_ibex_core/cs_registers_i/u_dscratch0_csr/rdata_q_reg[11]/D
                                0.13         -63.63 f       -63.76  (VIOLATED)
   ibex_top_inst/u_ibex_core/cs_registers_i/u_dscratch0_csr/rdata_q_reg[12]/D
                                0.13         -63.63 f       -63.76  (VIOLATED)
   ibex_top_inst/u_ibex_core/cs_registers_i/u_dscratch0_csr/rdata_q_reg[13]/D
                                0.13         -63.63 f       -63.76  (VIOLATED)
   ibex_top_inst/u_ibex_core/cs_registers_i/u_dscratch0_csr/rdata_q_reg[14]/D
                                0.13         -63.63 f       -63.76  (VIOLATED)
   ibex_top_inst/u_ibex_core/cs_registers_i/u_dscratch0_csr/rdata_q_reg[15]/D
                                0.13         -63.63 f       -63.76  (VIOLATED)
   ibex_top_inst/u_ibex_core/cs_registers_i/u_dscratch0_csr/rdata_q_reg[16]/D
                                0.13         -63.63 f       -63.76  (VIOLATED)
   ibex_top_inst/u_ibex_core/cs_registers_i/u_dscratch0_csr/rdata_q_reg[17]/D
                                0.13         -63.63 f       -63.76  (VIOLATED)
   ibex_top_inst/u_ibex_core/cs_registers_i/u_dscratch0_csr/rdata_q_reg[18]/D
                                0.13         -63.63 f       -63.76  (VIOLATED)
   ibex_top_inst/u_ibex_core/cs_registers_i/u_dscratch0_csr/rdata_q_reg[19]/D
                                0.13         -63.63 f       -63.76  (VIOLATED)
   ibex_top_inst/u_ibex_core/cs_registers_i/u_dscratch0_csr/rdata_q_reg[20]/D
                                0.13         -63.63 f       -63.76  (VIOLATED)
   ibex_top_inst/u_ibex_core/cs_registers_i/u_dscratch0_csr/rdata_q_reg[21]/D
                                0.13         -63.63 f       -63.76  (VIOLATED)
   ibex_top_inst/u_ibex_core/cs_registers_i/u_dscratch0_csr/rdata_q_reg[22]/D
                                0.13         -63.63 f       -63.76  (VIOLATED)
   ibex_top_inst/u_ibex_core/cs_registers_i/u_dscratch0_csr/rdata_q_reg[23]/D
                                0.13         -63.63 f       -63.76  (VIOLATED)
   ibex_top_inst/u_ibex_core/cs_registers_i/u_dscratch0_csr/rdata_q_reg[24]/D
                                0.13         -63.63 f       -63.76  (VIOLATED)
   ibex_top_inst/u_ibex_core/cs_registers_i/u_dscratch0_csr/rdata_q_reg[25]/D
                                0.13         -63.63 f       -63.76  (VIOLATED)
   ibex_top_inst/u_ibex_core/cs_registers_i/u_dscratch0_csr/rdata_q_reg[26]/D
                                0.13         -63.63 f       -63.76  (VIOLATED)
   ibex_top_inst/u_ibex_core/cs_registers_i/u_dscratch0_csr/rdata_q_reg[27]/D
                                0.13         -63.63 f       -63.76  (VIOLATED)
   ibex_top_inst/u_ibex_core/cs_registers_i/u_dscratch0_csr/rdata_q_reg[28]/D
                                0.13         -63.63 f       -63.76  (VIOLATED)
   ibex_top_inst/u_ibex_core/cs_registers_i/u_dscratch0_csr/rdata_q_reg[29]/D
                                0.13         -63.63 f       -63.76  (VIOLATED)
   ibex_top_inst/u_ibex_core/cs_registers_i/u_dscratch1_csr/rdata_q_reg[10]/D
                                0.13         -63.63 f       -63.76  (VIOLATED)
   ibex_top_inst/u_ibex_core/cs_registers_i/u_dscratch1_csr/rdata_q_reg[11]/D
                                0.13         -63.63 f       -63.76  (VIOLATED)
   ibex_top_inst/u_ibex_core/cs_registers_i/u_dscratch1_csr/rdata_q_reg[12]/D
                                0.13         -63.63 f       -63.76  (VIOLATED)
   ibex_top_inst/u_ibex_core/cs_registers_i/u_dscratch1_csr/rdata_q_reg[13]/D
                                0.13         -63.63 f       -63.76  (VIOLATED)
   ibex_top_inst/u_ibex_core/cs_registers_i/u_dscratch1_csr/rdata_q_reg[14]/D
                                0.13         -63.63 f       -63.76  (VIOLATED)
   ibex_top_inst/u_ibex_core/cs_registers_i/u_dscratch1_csr/rdata_q_reg[15]/D
                                0.13         -63.63 f       -63.76  (VIOLATED)
   ibex_top_inst/u_ibex_core/cs_registers_i/u_dscratch1_csr/rdata_q_reg[16]/D
                                0.13         -63.63 f       -63.76  (VIOLATED)
   ibex_top_inst/u_ibex_core/cs_registers_i/u_dscratch1_csr/rdata_q_reg[17]/D
                                0.13         -63.63 f       -63.76  (VIOLATED)
   ibex_top_inst/u_ibex_core/cs_registers_i/u_dscratch1_csr/rdata_q_reg[18]/D
                                0.13         -63.63 f       -63.76  (VIOLATED)
   ibex_top_inst/u_ibex_core/cs_registers_i/u_dscratch1_csr/rdata_q_reg[19]/D
                                0.13         -63.63 f       -63.76  (VIOLATED)
   ibex_top_inst/u_ibex_core/cs_registers_i/u_dscratch1_csr/rdata_q_reg[20]/D
                                0.13         -63.63 f       -63.76  (VIOLATED)
   ibex_top_inst/u_ibex_core/cs_registers_i/u_dscratch1_csr/rdata_q_reg[21]/D
                                0.13         -63.63 f       -63.76  (VIOLATED)
   ibex_top_inst/u_ibex_core/cs_registers_i/u_dscratch1_csr/rdata_q_reg[22]/D
                                0.13         -63.63 f       -63.76  (VIOLATED)
   ibex_top_inst/u_ibex_core/cs_registers_i/u_dscratch1_csr/rdata_q_reg[23]/D
                                0.13         -63.63 f       -63.76  (VIOLATED)
   ibex_top_inst/u_ibex_core/cs_registers_i/u_dscratch1_csr/rdata_q_reg[24]/D
                                0.13         -63.63 f       -63.76  (VIOLATED)
   ibex_top_inst/u_ibex_core/cs_registers_i/u_dscratch1_csr/rdata_q_reg[25]/D
                                0.13         -63.63 f       -63.76  (VIOLATED)
   ibex_top_inst/u_ibex_core/cs_registers_i/u_dscratch1_csr/rdata_q_reg[26]/D
                                0.13         -63.63 f       -63.76  (VIOLATED)
   ibex_top_inst/u_ibex_core/cs_registers_i/u_dscratch1_csr/rdata_q_reg[27]/D
                                0.13         -63.63 f       -63.76  (VIOLATED)
   ibex_top_inst/u_ibex_core/cs_registers_i/u_dscratch1_csr/rdata_q_reg[28]/D
                                0.13         -63.63 f       -63.76  (VIOLATED)
   ibex_top_inst/u_ibex_core/cs_registers_i/u_dscratch1_csr/rdata_q_reg[29]/D
                                0.13         -63.63 f       -63.76  (VIOLATED)
   ibex_top_inst/u_ibex_core/cs_registers_i/mcycle_counter_i/counter_q_reg[1]/D
                                0.13         -63.63 f       -63.76  (VIOLATED)
   ibex_top_inst/u_ibex_core/wb_stage_i/g_writeback_stage.rf_we_wb_q_reg/D
                                0.12         -63.63 f       -63.76  (VIOLATED)
   ibex_top_inst/u_ibex_core/wb_stage_i/g_writeback_stage.wb_pc_q_reg[3]/D
                                0.12         -63.63 f       -63.76  (VIOLATED)
   ibex_top_inst/u_ibex_core/wb_stage_i/g_writeback_stage.wb_pc_q_reg[14]/D
                                0.12         -63.63 f       -63.76  (VIOLATED)
   ibex_top_inst/u_ibex_core/wb_stage_i/g_writeback_stage.wb_pc_q_reg[16]/D
                                0.12         -63.63 f       -63.76  (VIOLATED)
   ibex_top_inst/u_ibex_core/wb_stage_i/g_writeback_stage.wb_pc_q_reg[17]/D
                                0.12         -63.63 f       -63.76  (VIOLATED)
   ibex_top_inst/u_ibex_core/wb_stage_i/g_writeback_stage.wb_pc_q_reg[18]/D
                                0.12         -63.63 f       -63.76  (VIOLATED)
   ibex_top_inst/u_ibex_core/wb_stage_i/g_writeback_stage.wb_pc_q_reg[19]/D
                                0.12         -63.63 f       -63.76  (VIOLATED)
   ibex_top_inst/u_ibex_core/wb_stage_i/g_writeback_stage.wb_pc_q_reg[20]/D
                                0.12         -63.63 f       -63.76  (VIOLATED)
   ibex_top_inst/u_ibex_core/wb_stage_i/g_writeback_stage.wb_pc_q_reg[21]/D
                                0.12         -63.63 f       -63.76  (VIOLATED)
   ibex_top_inst/u_ibex_core/wb_stage_i/g_writeback_stage.wb_pc_q_reg[23]/D
                                0.12         -63.63 f       -63.76  (VIOLATED)
   ibex_top_inst/u_ibex_core/cs_registers_i/u_dscratch0_csr/rdata_q_reg[0]/D
                                0.13         -63.62 f       -63.75  (VIOLATED)
   ibex_top_inst/u_ibex_core/cs_registers_i/u_dscratch0_csr/rdata_q_reg[1]/D
                                0.13         -63.62 f       -63.75  (VIOLATED)
   ibex_top_inst/u_ibex_core/cs_registers_i/u_dscratch0_csr/rdata_q_reg[2]/D
                                0.13         -63.62 f       -63.75  (VIOLATED)
   ibex_top_inst/u_ibex_core/cs_registers_i/u_dscratch0_csr/rdata_q_reg[3]/D
                                0.13         -63.62 f       -63.75  (VIOLATED)
   ibex_top_inst/u_ibex_core/cs_registers_i/u_dscratch0_csr/rdata_q_reg[4]/D
                                0.13         -63.62 f       -63.75  (VIOLATED)
   ibex_top_inst/u_ibex_core/cs_registers_i/u_dscratch0_csr/rdata_q_reg[5]/D
                                0.13         -63.62 f       -63.75  (VIOLATED)
   ibex_top_inst/u_ibex_core/cs_registers_i/u_dscratch0_csr/rdata_q_reg[6]/D
                                0.13         -63.62 f       -63.75  (VIOLATED)
   ibex_top_inst/u_ibex_core/cs_registers_i/u_dscratch0_csr/rdata_q_reg[7]/D
                                0.13         -63.62 f       -63.75  (VIOLATED)
   ibex_top_inst/u_ibex_core/cs_registers_i/u_dscratch0_csr/rdata_q_reg[8]/D
                                0.13         -63.62 f       -63.75  (VIOLATED)
   ibex_top_inst/u_ibex_core/cs_registers_i/u_dscratch0_csr/rdata_q_reg[9]/D
                                0.13         -63.62 f       -63.75  (VIOLATED)
   ibex_top_inst/u_ibex_core/cs_registers_i/u_dscratch1_csr/rdata_q_reg[0]/D
                                0.13         -63.62 f       -63.75  (VIOLATED)
   ibex_top_inst/u_ibex_core/cs_registers_i/u_dscratch1_csr/rdata_q_reg[1]/D
                                0.13         -63.62 f       -63.75  (VIOLATED)
   ibex_top_inst/u_ibex_core/cs_registers_i/u_dscratch1_csr/rdata_q_reg[2]/D
                                0.13         -63.62 f       -63.75  (VIOLATED)
   ibex_top_inst/u_ibex_core/cs_registers_i/u_dscratch1_csr/rdata_q_reg[3]/D
                                0.13         -63.62 f       -63.75  (VIOLATED)
   ibex_top_inst/u_ibex_core/cs_registers_i/u_dscratch1_csr/rdata_q_reg[4]/D
                                0.13         -63.62 f       -63.75  (VIOLATED)
   ibex_top_inst/u_ibex_core/cs_registers_i/u_dscratch1_csr/rdata_q_reg[5]/D
                                0.13         -63.62 f       -63.75  (VIOLATED)
   ibex_top_inst/u_ibex_core/cs_registers_i/u_dscratch1_csr/rdata_q_reg[6]/D
                                0.13         -63.62 f       -63.75  (VIOLATED)
   ibex_top_inst/u_ibex_core/cs_registers_i/u_dscratch1_csr/rdata_q_reg[7]/D
                                0.13         -63.62 f       -63.75  (VIOLATED)
   ibex_top_inst/u_ibex_core/cs_registers_i/u_dscratch1_csr/rdata_q_reg[8]/D
                                0.13         -63.62 f       -63.75  (VIOLATED)
   ibex_top_inst/u_ibex_core/cs_registers_i/u_dscratch1_csr/rdata_q_reg[9]/D
                                0.13         -63.62 f       -63.75  (VIOLATED)
   ibex_top_inst/u_ibex_core/cs_registers_i/u_mtvec_csr/rdata_q_reg[13]/D
                                0.13         -63.62 f       -63.75  (VIOLATED)
   ibex_top_inst/u_ibex_core/cs_registers_i/u_mtvec_csr/rdata_q_reg[15]/D
                                0.13         -63.62 f       -63.75  (VIOLATED)
   ibex_top_inst/u_ibex_core/cs_registers_i/u_mtvec_csr/rdata_q_reg[12]/D
                                0.13         -63.62 f       -63.75  (VIOLATED)
   ibex_top_inst/u_ibex_core/cs_registers_i/u_mepc_csr/rdata_q_reg[14]/D
                                0.11         -63.64 r       -63.75  (VIOLATED)
   ibex_top_inst/u_ibex_core/cs_registers_i/mcycle_counter_i/counter_q_reg[38]/D
                                0.13         -63.62 f       -63.75  (VIOLATED)
   ibex_top_inst/u_ibex_core/cs_registers_i/mcycle_counter_i/counter_q_reg[41]/D
                                0.13         -63.62 f       -63.75  (VIOLATED)
   ibex_top_inst/u_ibex_core/cs_registers_i/mcycle_counter_i/counter_q_reg[44]/D
                                0.13         -63.62 f       -63.75  (VIOLATED)
   ibex_top_inst/u_ibex_core/cs_registers_i/mcycle_counter_i/counter_q_reg[46]/D
                                0.13         -63.62 f       -63.75  (VIOLATED)
   ibex_top_inst/u_ibex_core/cs_registers_i/mcycle_counter_i/counter_q_reg[55]/D
                                0.13         -63.62 f       -63.75  (VIOLATED)
   ibex_top_inst/u_ibex_core/cs_registers_i/mcycle_counter_i/counter_q_reg[62]/D
                                0.13         -63.62 f       -63.75  (VIOLATED)
   ibex_top_inst/u_ibex_core/cs_registers_i/mcycle_counter_i/counter_q_reg[42]/D
                                0.13         -63.62 f       -63.75  (VIOLATED)
   ibex_top_inst/u_ibex_core/cs_registers_i/mcycle_counter_i/counter_q_reg[54]/D
                                0.13         -63.62 f       -63.75  (VIOLATED)
   ibex_top_inst/u_ibex_core/cs_registers_i/mcycle_counter_i/counter_q_reg[52]/D
                                0.13         -63.62 f       -63.75  (VIOLATED)
   ibex_top_inst/u_ibex_core/cs_registers_i/mcycle_counter_i/counter_q_reg[56]/D
                                0.13         -63.62 f       -63.75  (VIOLATED)
   ibex_top_inst/u_ibex_core/cs_registers_i/mcycle_counter_i/counter_q_reg[60]/D
                                0.13         -63.62 f       -63.75  (VIOLATED)
   ibex_top_inst/u_ibex_core/cs_registers_i/mcycle_counter_i/counter_q_reg[61]/D
                                0.13         -63.62 f       -63.75  (VIOLATED)
   ibex_top_inst/u_ibex_core/cs_registers_i/mcycle_counter_i/counter_q_reg[45]/D
                                0.13         -63.62 f       -63.75  (VIOLATED)
   ibex_top_inst/u_ibex_core/cs_registers_i/mcycle_counter_i/counter_q_reg[47]/D
                                0.13         -63.62 f       -63.75  (VIOLATED)
   ibex_top_inst/u_ibex_core/cs_registers_i/mcycle_counter_i/counter_q_reg[59]/D
                                0.13         -63.62 f       -63.75  (VIOLATED)
   ibex_top_inst/u_ibex_core/cs_registers_i/mcycle_counter_i/counter_q_reg[57]/D
                                0.13         -63.62 f       -63.75  (VIOLATED)
   ibex_top_inst/u_ibex_core/cs_registers_i/mcycle_counter_i/counter_q_reg[58]/D
                                0.13         -63.62 f       -63.75  (VIOLATED)
   ibex_top_inst/u_ibex_core/cs_registers_i/mcycle_counter_i/counter_q_reg[48]/D
                                0.13         -63.62 f       -63.75  (VIOLATED)
   ibex_top_inst/u_ibex_core/cs_registers_i/mcycle_counter_i/counter_q_reg[50]/D
                                0.13         -63.62 f       -63.75  (VIOLATED)
   ibex_top_inst/u_ibex_core/cs_registers_i/mcycle_counter_i/counter_q_reg[37]/D
                                0.13         -63.62 f       -63.75  (VIOLATED)
   ibex_top_inst/u_ibex_core/cs_registers_i/mcycle_counter_i/counter_q_reg[35]/D
                                0.13         -63.62 f       -63.75  (VIOLATED)
   ibex_top_inst/u_ibex_core/cs_registers_i/mcycle_counter_i/counter_q_reg[34]/D
                                0.13         -63.62 f       -63.75  (VIOLATED)
   ibex_top_inst/u_ibex_core/cs_registers_i/u_mtvec_csr/rdata_q_reg[9]/D
                                0.13         -63.62 f       -63.75  (VIOLATED)
   ibex_top_inst/u_ibex_core/cs_registers_i/u_mtvec_csr/rdata_q_reg[14]/D
                                0.13         -63.62 f       -63.75  (VIOLATED)
   ibex_top_inst/u_ibex_core/cs_registers_i/u_mtvec_csr/rdata_q_reg[11]/D
                                0.13         -63.62 f       -63.75  (VIOLATED)
   ibex_top_inst/u_ibex_core/cs_registers_i/mcycle_counter_i/counter_q_reg[40]/D
                                0.13         -63.62 f       -63.75  (VIOLATED)
   ibex_top_inst/u_ibex_core/cs_registers_i/mcycle_counter_i/counter_q_reg[43]/D
                                0.13         -63.62 f       -63.75  (VIOLATED)
   ibex_top_inst/u_ibex_core/cs_registers_i/mcycle_counter_i/counter_q_reg[33]/D
                                0.13         -63.62 f       -63.75  (VIOLATED)
   ibex_top_inst/u_ibex_core/cs_registers_i/mcycle_counter_i/counter_q_reg[36]/D
                                0.13         -63.62 f       -63.75  (VIOLATED)
   ibex_top_inst/u_ibex_core/cs_registers_i/mcycle_counter_i/counter_q_reg[49]/D
                                0.13         -63.62 f       -63.75  (VIOLATED)
   ibex_top_inst/u_ibex_core/cs_registers_i/mcycle_counter_i/counter_q_reg[51]/D
                                0.13         -63.62 f       -63.75  (VIOLATED)
   ibex_top_inst/u_ibex_core/cs_registers_i/mcycle_counter_i/counter_q_reg[53]/D
                                0.13         -63.62 f       -63.75  (VIOLATED)
   ibex_top_inst/u_ibex_core/cs_registers_i/mcycle_counter_i/counter_q_reg[39]/D
                                0.13         -63.62 f       -63.75  (VIOLATED)
   ibex_top_inst/u_ibex_core/cs_registers_i/u_mtvec_csr/rdata_q_reg[23]/D
                                0.13         -63.62 f       -63.75  (VIOLATED)
   ibex_top_inst/u_ibex_core/cs_registers_i/u_mtvec_csr/rdata_q_reg[25]/D
                                0.13         -63.62 f       -63.75  (VIOLATED)
   ibex_top_inst/u_ibex_core/cs_registers_i/u_mtval_csr/rdata_q_reg[0]/D
                                0.13         -63.61 f       -63.74  (VIOLATED)
   ibex_top_inst/u_ibex_core/cs_registers_i/u_mtval_csr/rdata_q_reg[31]/D
                                0.13         -63.61 f       -63.74  (VIOLATED)
   ibex_top_inst/u_ibex_core/cs_registers_i/u_mtvec_csr/rdata_q_reg[18]/D
                                0.13         -63.62 f       -63.74  (VIOLATED)
   ibex_top_inst/u_ibex_core/cs_registers_i/u_mtvec_csr/rdata_q_reg[19]/D
                                0.13         -63.62 f       -63.74  (VIOLATED)
   ibex_top_inst/u_ibex_core/cs_registers_i/u_mtvec_csr/rdata_q_reg[21]/D
                                0.13         -63.62 f       -63.74  (VIOLATED)
   ibex_top_inst/u_ibex_core/cs_registers_i/u_mtvec_csr/rdata_q_reg[26]/D
                                0.13         -63.62 f       -63.74  (VIOLATED)
   ibex_top_inst/u_ibex_core/cs_registers_i/u_mtvec_csr/rdata_q_reg[22]/D
                                0.13         -63.62 f       -63.74  (VIOLATED)
   ibex_top_inst/u_ibex_core/cs_registers_i/u_mtvec_csr/rdata_q_reg[20]/D
                                0.13         -63.62 f       -63.74  (VIOLATED)
   ibex_top_inst/u_ibex_core/cs_registers_i/u_mtvec_csr/rdata_q_reg[24]/D
                                0.13         -63.62 f       -63.74  (VIOLATED)
   ibex_top_inst/u_ibex_core/cs_registers_i/u_mtvec_csr/rdata_q_reg[27]/D
                                0.13         -63.62 f       -63.74  (VIOLATED)
   ibex_top_inst/u_ibex_core/cs_registers_i/minstret_counter_i/counter_q_reg[62]/D
                                0.13         -63.61 f       -63.74  (VIOLATED)
   ibex_top_inst/u_ibex_core/cs_registers_i/minstret_counter_i/counter_q_reg[63]/D
                                0.13         -63.61 f       -63.74  (VIOLATED)
   ibex_top_inst/u_ibex_core/id_stage_i/controller_i/ctrl_fsm_cs_reg[3]/D
                                0.11         -63.63 r       -63.74  (VIOLATED)
   ibex_top_inst/u_ibex_core/cs_registers_i/mcycle_counter_i/counter_q_reg[21]/D
                                0.13         -63.61 f       -63.74  (VIOLATED)
   ibex_top_inst/u_ibex_core/cs_registers_i/mcycle_counter_i/counter_q_reg[30]/D
                                0.13         -63.61 f       -63.74  (VIOLATED)
   ibex_top_inst/u_ibex_core/cs_registers_i/mcycle_counter_i/counter_q_reg[27]/D
                                0.13         -63.61 f       -63.74  (VIOLATED)
   ibex_top_inst/u_ibex_core/cs_registers_i/mcycle_counter_i/counter_q_reg[29]/D
                                0.13         -63.61 f       -63.74  (VIOLATED)
   ibex_top_inst/u_ibex_core/id_stage_i/controller_i/ctrl_fsm_cs_reg[2]/D
                                0.13         -63.61 f       -63.74  (VIOLATED)
   ibex_top_inst/u_ibex_core/cs_registers_i/mcycle_counter_i/counter_q_reg[20]/D
                                0.13         -63.61 f       -63.74  (VIOLATED)
   ibex_top_inst/u_ibex_core/cs_registers_i/mcycle_counter_i/counter_q_reg[23]/D
                                0.13         -63.61 f       -63.73  (VIOLATED)
   ibex_top_inst/u_ibex_core/cs_registers_i/minstret_counter_i/counter_q_reg[31]/D
                                0.13         -63.60 f       -63.73  (VIOLATED)
   ibex_top_inst/u_ibex_core/cs_registers_i/minstret_counter_i/counter_q_reg[30]/D
                                0.13         -63.60 f       -63.73  (VIOLATED)
   ibex_top_inst/u_ibex_core/cs_registers_i/mcycle_counter_i/counter_q_reg[6]/D
                                0.13         -63.60 f       -63.73  (VIOLATED)
   ibex_top_inst/u_ibex_core/cs_registers_i/mcycle_counter_i/counter_q_reg[3]/D
                                0.13         -63.60 f       -63.73  (VIOLATED)
   ibex_top_inst/u_ibex_core/cs_registers_i/minstret_counter_i/counter_q_reg[0]/D
                                0.13         -63.60 f       -63.73  (VIOLATED)
   ibex_top_inst/u_ibex_core/cs_registers_i/u_mcause_csr/rdata_q_reg[6]/D
                                0.13         -63.60 f       -63.73  (VIOLATED)
   ibex_top_inst/u_ibex_core/cs_registers_i/mcycle_counter_i/counter_q_reg[2]/D
                                0.11         -63.61 r       -63.72  (VIOLATED)
   ibex_top_inst/u_ibex_core/cs_registers_i/mcycle_counter_i/counter_q_reg[12]/D
                                0.11         -63.61 r       -63.72  (VIOLATED)
   ibex_top_inst/u_ibex_core/cs_registers_i/u_mcause_csr/rdata_q_reg[2]/D
                                0.13         -63.59 f       -63.72  (VIOLATED)
   ibex_top_inst/u_ibex_core/cs_registers_i/u_mcause_csr/rdata_q_reg[3]/D
                                0.13         -63.59 f       -63.72  (VIOLATED)
   ibex_top_inst/u_ibex_core/cs_registers_i/u_mepc_csr/rdata_q_reg[11]/D
                                0.11         -63.60 r       -63.72  (VIOLATED)
   ibex_top_inst/u_ibex_core/cs_registers_i/u_mepc_csr/rdata_q_reg[13]/D
                                0.11         -63.60 r       -63.72  (VIOLATED)
   ibex_top_inst/u_ibex_core/cs_registers_i/u_mepc_csr/rdata_q_reg[15]/D
                                0.11         -63.60 r       -63.72  (VIOLATED)
   ibex_top_inst/u_ibex_core/cs_registers_i/u_mepc_csr/rdata_q_reg[16]/D
                                0.11         -63.60 r       -63.72  (VIOLATED)
   ibex_top_inst/u_ibex_core/cs_registers_i/u_mepc_csr/rdata_q_reg[17]/D
                                0.11         -63.60 r       -63.72  (VIOLATED)
   ibex_top_inst/u_ibex_core/cs_registers_i/u_mepc_csr/rdata_q_reg[18]/D
                                0.11         -63.60 r       -63.72  (VIOLATED)
   ibex_top_inst/u_ibex_core/cs_registers_i/u_mepc_csr/rdata_q_reg[19]/D
                                0.11         -63.60 r       -63.72  (VIOLATED)
   ibex_top_inst/u_ibex_core/cs_registers_i/u_mepc_csr/rdata_q_reg[30]/D
                                0.11         -63.60 r       -63.72  (VIOLATED)
   ibex_top_inst/u_ibex_core/cs_registers_i/u_mcause_csr/rdata_q_reg[0]/D
                                0.13         -63.59 f       -63.72  (VIOLATED)
   ibex_top_inst/u_ibex_core/cs_registers_i/u_mcause_csr/rdata_q_reg[1]/D
                                0.13         -63.59 f       -63.72  (VIOLATED)
   ibex_top_inst/u_ibex_core/cs_registers_i/u_mcause_csr/rdata_q_reg[4]/D
                                0.13         -63.59 f       -63.72  (VIOLATED)
   ibex_top_inst/u_ibex_core/cs_registers_i/u_mepc_csr/rdata_q_reg[1]/D
                                0.11         -63.60 r       -63.72  (VIOLATED)
   ibex_top_inst/u_ibex_core/cs_registers_i/u_mepc_csr/rdata_q_reg[2]/D
                                0.11         -63.60 r       -63.72  (VIOLATED)
   ibex_top_inst/u_ibex_core/cs_registers_i/u_mepc_csr/rdata_q_reg[7]/D
                                0.11         -63.60 r       -63.72  (VIOLATED)
   ibex_top_inst/u_ibex_core/cs_registers_i/u_mepc_csr/rdata_q_reg[8]/D
                                0.11         -63.60 r       -63.72  (VIOLATED)
   ibex_top_inst/u_ibex_core/cs_registers_i/u_mepc_csr/rdata_q_reg[9]/D
                                0.11         -63.60 r       -63.72  (VIOLATED)
   ibex_top_inst/u_ibex_core/cs_registers_i/u_mepc_csr/rdata_q_reg[10]/D
                                0.11         -63.60 r       -63.72  (VIOLATED)
   ibex_top_inst/u_ibex_core/cs_registers_i/u_mepc_csr/rdata_q_reg[5]/D
                                0.11         -63.60 r       -63.72  (VIOLATED)
   ibex_top_inst/u_ibex_core/cs_registers_i/u_mcause_csr/rdata_q_reg[5]/D
                                0.13         -63.58 f       -63.71  (VIOLATED)
   ibex_top_inst/u_ibex_core/cs_registers_i/u_mtval_csr/rdata_q_reg[4]/D
                                0.13         -63.58 f       -63.71  (VIOLATED)
   ibex_top_inst/u_ibex_core/cs_registers_i/u_mtval_csr/rdata_q_reg[8]/D
                                0.13         -63.58 f       -63.71  (VIOLATED)
   ibex_top_inst/u_ibex_core/cs_registers_i/u_mtval_csr/rdata_q_reg[9]/D
                                0.13         -63.58 f       -63.71  (VIOLATED)
   ibex_top_inst/u_ibex_core/cs_registers_i/u_mtval_csr/rdata_q_reg[10]/D
                                0.13         -63.58 f       -63.71  (VIOLATED)
   ibex_top_inst/u_ibex_core/cs_registers_i/u_mtval_csr/rdata_q_reg[7]/D
                                0.13         -63.58 f       -63.71  (VIOLATED)
   ibex_top_inst/u_ibex_core/cs_registers_i/u_mtval_csr/rdata_q_reg[1]/D
                                0.13         -63.58 f       -63.71  (VIOLATED)
   ibex_top_inst/u_ibex_core/cs_registers_i/u_mtval_csr/rdata_q_reg[6]/D
                                0.13         -63.58 f       -63.71  (VIOLATED)
   ibex_top_inst/u_ibex_core/cs_registers_i/u_mtval_csr/rdata_q_reg[2]/D
                                0.13         -63.58 f       -63.71  (VIOLATED)
   ibex_top_inst/u_ibex_core/cs_registers_i/u_mtval_csr/rdata_q_reg[5]/D
                                0.13         -63.58 f       -63.71  (VIOLATED)
   ibex_top_inst/u_ibex_core/cs_registers_i/minstret_counter_i/counter_q_reg[40]/D
                                0.13         -63.58 f       -63.71  (VIOLATED)
   ibex_top_inst/u_ibex_core/cs_registers_i/minstret_counter_i/counter_q_reg[50]/D
                                0.13         -63.58 f       -63.71  (VIOLATED)
   ibex_top_inst/u_ibex_core/cs_registers_i/minstret_counter_i/counter_q_reg[42]/D
                                0.13         -63.58 f       -63.71  (VIOLATED)
   ibex_top_inst/u_ibex_core/cs_registers_i/minstret_counter_i/counter_q_reg[57]/D
                                0.13         -63.58 f       -63.71  (VIOLATED)
   ibex_top_inst/u_ibex_core/cs_registers_i/minstret_counter_i/counter_q_reg[33]/D
                                0.13         -63.58 f       -63.71  (VIOLATED)
   ibex_top_inst/u_ibex_core/cs_registers_i/minstret_counter_i/counter_q_reg[56]/D
                                0.13         -63.58 f       -63.71  (VIOLATED)
   ibex_top_inst/u_ibex_core/cs_registers_i/u_mtval_csr/rdata_q_reg[12]/D
                                0.13         -63.58 f       -63.71  (VIOLATED)
   ibex_top_inst/u_ibex_core/cs_registers_i/minstret_counter_i/counter_q_reg[49]/D
                                0.13         -63.58 f       -63.71  (VIOLATED)
   ibex_top_inst/u_ibex_core/cs_registers_i/minstret_counter_i/counter_q_reg[55]/D
                                0.13         -63.58 f       -63.71  (VIOLATED)
   ibex_top_inst/u_ibex_core/cs_registers_i/u_mtval_csr/rdata_q_reg[23]/D
                                0.13         -63.58 f       -63.71  (VIOLATED)
   ibex_top_inst/u_ibex_core/cs_registers_i/u_mtval_csr/rdata_q_reg[11]/D
                                0.13         -63.58 f       -63.71  (VIOLATED)
   ibex_top_inst/u_ibex_core/cs_registers_i/u_mtval_csr/rdata_q_reg[13]/D
                                0.13         -63.58 f       -63.71  (VIOLATED)
   ibex_top_inst/u_ibex_core/cs_registers_i/u_mtval_csr/rdata_q_reg[14]/D
                                0.13         -63.58 f       -63.71  (VIOLATED)
   ibex_top_inst/u_ibex_core/cs_registers_i/u_mtval_csr/rdata_q_reg[15]/D
                                0.13         -63.58 f       -63.71  (VIOLATED)
   ibex_top_inst/u_ibex_core/cs_registers_i/u_mtval_csr/rdata_q_reg[16]/D
                                0.13         -63.58 f       -63.71  (VIOLATED)
   ibex_top_inst/u_ibex_core/cs_registers_i/u_mtval_csr/rdata_q_reg[17]/D
                                0.13         -63.58 f       -63.71  (VIOLATED)
   ibex_top_inst/u_ibex_core/cs_registers_i/u_mtval_csr/rdata_q_reg[18]/D
                                0.13         -63.58 f       -63.71  (VIOLATED)
   ibex_top_inst/u_ibex_core/cs_registers_i/u_mtval_csr/rdata_q_reg[19]/D
                                0.13         -63.58 f       -63.71  (VIOLATED)
   ibex_top_inst/u_ibex_core/cs_registers_i/u_mtval_csr/rdata_q_reg[20]/D
                                0.13         -63.58 f       -63.71  (VIOLATED)
   ibex_top_inst/u_ibex_core/cs_registers_i/u_mtval_csr/rdata_q_reg[21]/D
                                0.13         -63.58 f       -63.71  (VIOLATED)
   ibex_top_inst/u_ibex_core/cs_registers_i/u_mtval_csr/rdata_q_reg[22]/D
                                0.13         -63.58 f       -63.71  (VIOLATED)
   ibex_top_inst/u_ibex_core/cs_registers_i/u_mtval_csr/rdata_q_reg[24]/D
                                0.13         -63.58 f       -63.71  (VIOLATED)
   ibex_top_inst/u_ibex_core/cs_registers_i/u_mtval_csr/rdata_q_reg[25]/D
                                0.13         -63.58 f       -63.71  (VIOLATED)
   ibex_top_inst/u_ibex_core/cs_registers_i/u_mtval_csr/rdata_q_reg[26]/D
                                0.13         -63.58 f       -63.71  (VIOLATED)
   ibex_top_inst/u_ibex_core/cs_registers_i/u_mtval_csr/rdata_q_reg[27]/D
                                0.13         -63.58 f       -63.71  (VIOLATED)
   ibex_top_inst/u_ibex_core/cs_registers_i/u_mtval_csr/rdata_q_reg[28]/D
                                0.13         -63.58 f       -63.71  (VIOLATED)
   ibex_top_inst/u_ibex_core/cs_registers_i/u_mtval_csr/rdata_q_reg[29]/D
                                0.13         -63.58 f       -63.71  (VIOLATED)
   ibex_top_inst/u_ibex_core/cs_registers_i/u_mtval_csr/rdata_q_reg[30]/D
                                0.13         -63.58 f       -63.71  (VIOLATED)
   ibex_top_inst/u_ibex_core/cs_registers_i/minstret_counter_i/counter_q_reg[32]/D
                                0.13         -63.58 f       -63.71  (VIOLATED)
   ibex_top_inst/u_ibex_core/cs_registers_i/minstret_counter_i/counter_q_reg[39]/D
                                0.13         -63.58 f       -63.71  (VIOLATED)
   ibex_top_inst/u_ibex_core/cs_registers_i/minstret_counter_i/counter_q_reg[43]/D
                                0.13         -63.58 f       -63.71  (VIOLATED)
   ibex_top_inst/u_ibex_core/cs_registers_i/minstret_counter_i/counter_q_reg[51]/D
                                0.13         -63.58 f       -63.71  (VIOLATED)
   ibex_top_inst/u_ibex_core/cs_registers_i/mcycle_counter_i/counter_q_reg[16]/D
                                0.13         -63.58 f       -63.71  (VIOLATED)
   ibex_top_inst/u_ibex_core/cs_registers_i/mcycle_counter_i/counter_q_reg[18]/D
                                0.13         -63.58 f       -63.71  (VIOLATED)
   ibex_top_inst/u_ibex_core/cs_registers_i/mcycle_counter_i/counter_q_reg[24]/D
                                0.13         -63.58 f       -63.71  (VIOLATED)
   ibex_top_inst/u_ibex_core/cs_registers_i/mcycle_counter_i/counter_q_reg[26]/D
                                0.13         -63.58 f       -63.71  (VIOLATED)
   ibex_top_inst/u_ibex_core/cs_registers_i/mcycle_counter_i/counter_q_reg[28]/D
                                0.13         -63.58 f       -63.71  (VIOLATED)
   ibex_top_inst/u_ibex_core/cs_registers_i/minstret_counter_i/counter_q_reg[22]/D
                                0.11         -63.60 r       -63.71  (VIOLATED)
   ibex_top_inst/u_ibex_core/cs_registers_i/u_mepc_csr/rdata_q_reg[21]/D
                                0.11         -63.59 r       -63.71  (VIOLATED)
   ibex_top_inst/u_ibex_core/cs_registers_i/u_mepc_csr/rdata_q_reg[23]/D
                                0.11         -63.59 r       -63.71  (VIOLATED)
   ibex_top_inst/u_ibex_core/cs_registers_i/u_mepc_csr/rdata_q_reg[25]/D
                                0.11         -63.59 r       -63.71  (VIOLATED)
   ibex_top_inst/u_ibex_core/cs_registers_i/u_mepc_csr/rdata_q_reg[27]/D
                                0.11         -63.59 r       -63.71  (VIOLATED)
   ibex_top_inst/u_ibex_core/cs_registers_i/u_mepc_csr/rdata_q_reg[28]/D
                                0.11         -63.59 r       -63.71  (VIOLATED)
   ibex_top_inst/u_ibex_core/cs_registers_i/u_mepc_csr/rdata_q_reg[29]/D
                                0.11         -63.59 r       -63.71  (VIOLATED)
   ibex_top_inst/u_ibex_core/cs_registers_i/minstret_counter_i/counter_q_reg[38]/D
                                0.13         -63.57 f       -63.71  (VIOLATED)
   ibex_top_inst/u_ibex_core/cs_registers_i/minstret_counter_i/counter_q_reg[36]/D
                                0.13         -63.57 f       -63.71  (VIOLATED)
   ibex_top_inst/u_ibex_core/cs_registers_i/minstret_counter_i/counter_q_reg[44]/D
                                0.13         -63.57 f       -63.71  (VIOLATED)
   ibex_top_inst/u_ibex_core/cs_registers_i/minstret_counter_i/counter_q_reg[48]/D
                                0.13         -63.57 f       -63.71  (VIOLATED)
   ibex_top_inst/u_ibex_core/cs_registers_i/minstret_counter_i/counter_q_reg[52]/D
                                0.13         -63.57 f       -63.71  (VIOLATED)
   ibex_top_inst/u_ibex_core/cs_registers_i/minstret_counter_i/counter_q_reg[54]/D
                                0.13         -63.57 f       -63.71  (VIOLATED)
   ibex_top_inst/u_ibex_core/cs_registers_i/minstret_counter_i/counter_q_reg[59]/D
                                0.13         -63.57 f       -63.71  (VIOLATED)
   ibex_top_inst/u_ibex_core/cs_registers_i/minstret_counter_i/counter_q_reg[60]/D
                                0.13         -63.57 f       -63.71  (VIOLATED)
   ibex_top_inst/u_ibex_core/cs_registers_i/minstret_counter_i/counter_q_reg[41]/D
                                0.13         -63.57 f       -63.71  (VIOLATED)
   ibex_top_inst/u_ibex_core/cs_registers_i/minstret_counter_i/counter_q_reg[45]/D
                                0.13         -63.57 f       -63.71  (VIOLATED)
   ibex_top_inst/u_ibex_core/cs_registers_i/minstret_counter_i/counter_q_reg[46]/D
                                0.13         -63.57 f       -63.71  (VIOLATED)
   ibex_top_inst/u_ibex_core/cs_registers_i/minstret_counter_i/counter_q_reg[47]/D
                                0.13         -63.57 f       -63.71  (VIOLATED)
   ibex_top_inst/u_ibex_core/cs_registers_i/minstret_counter_i/counter_q_reg[61]/D
                                0.13         -63.57 f       -63.71  (VIOLATED)
   ibex_top_inst/u_ibex_core/cs_registers_i/minstret_counter_i/counter_q_reg[34]/D
                                0.13         -63.57 f       -63.71  (VIOLATED)
   ibex_top_inst/u_ibex_core/cs_registers_i/minstret_counter_i/counter_q_reg[35]/D
                                0.13         -63.57 f       -63.71  (VIOLATED)
   ibex_top_inst/u_ibex_core/cs_registers_i/minstret_counter_i/counter_q_reg[37]/D
                                0.13         -63.57 f       -63.71  (VIOLATED)
   ibex_top_inst/u_ibex_core/cs_registers_i/minstret_counter_i/counter_q_reg[53]/D
                                0.13         -63.57 f       -63.71  (VIOLATED)
   ibex_top_inst/u_ibex_core/cs_registers_i/minstret_counter_i/counter_q_reg[58]/D
                                0.13         -63.57 f       -63.71  (VIOLATED)
   ibex_top_inst/u_ibex_core/cs_registers_i/minstret_counter_i/counter_q_reg[18]/D
                                0.13         -63.57 f       -63.70  (VIOLATED)
   ibex_top_inst/u_ibex_core/cs_registers_i/minstret_counter_i/counter_q_reg[10]/D
                                0.13         -63.57 f       -63.70  (VIOLATED)
   ibex_top_inst/u_ibex_core/cs_registers_i/minstret_counter_i/counter_q_reg[19]/D
                                0.13         -63.57 f       -63.70  (VIOLATED)
   ibex_top_inst/u_ibex_core/cs_registers_i/minstret_counter_i/counter_q_reg[21]/D
                                0.13         -63.57 f       -63.70  (VIOLATED)
   ibex_top_inst/u_ibex_core/cs_registers_i/minstret_counter_i/counter_q_reg[6]/D
                                0.13         -63.57 f       -63.70  (VIOLATED)
   ibex_top_inst/u_ibex_core/cs_registers_i/minstret_counter_i/counter_q_reg[8]/D
                                0.13         -63.57 f       -63.70  (VIOLATED)
   ibex_top_inst/u_ibex_core/cs_registers_i/minstret_counter_i/counter_q_reg[27]/D
                                0.13         -63.57 f       -63.70  (VIOLATED)
   ibex_top_inst/u_ibex_core/cs_registers_i/minstret_counter_i/counter_q_reg[3]/D
                                0.13         -63.57 f       -63.70  (VIOLATED)
   ibex_top_inst/u_ibex_core/cs_registers_i/minstret_counter_i/counter_q_reg[7]/D
                                0.13         -63.57 f       -63.70  (VIOLATED)
   ibex_top_inst/u_ibex_core/cs_registers_i/minstret_counter_i/counter_q_reg[24]/D
                                0.13         -63.57 f       -63.70  (VIOLATED)
   ibex_top_inst/u_ibex_core/cs_registers_i/minstret_counter_i/counter_q_reg[12]/D
                                0.13         -63.57 f       -63.70  (VIOLATED)
   ibex_top_inst/u_ibex_core/cs_registers_i/mcycle_counter_i/counter_q_reg[4]/D
                                0.11         -63.59 r       -63.70  (VIOLATED)
   ibex_top_inst/u_ibex_core/cs_registers_i/minstret_counter_i/counter_q_reg[14]/D
                                0.11         -63.59 r       -63.70  (VIOLATED)
   ibex_top_inst/u_ibex_core/cs_registers_i/minstret_counter_i/counter_q_reg[16]/D
                                0.11         -63.59 r       -63.70  (VIOLATED)
   ibex_top_inst/u_ibex_core/cs_registers_i/minstret_counter_i/counter_q_reg[20]/D
                                0.11         -63.59 r       -63.70  (VIOLATED)
   ibex_top_inst/u_ibex_core/cs_registers_i/minstret_counter_i/counter_q_reg[23]/D
                                0.13         -63.57 f       -63.70  (VIOLATED)
   ibex_top_inst/u_ibex_core/cs_registers_i/minstret_counter_i/counter_q_reg[1]/D
                                0.13         -63.57 f       -63.70  (VIOLATED)
   ibex_top_inst/u_ibex_core/cs_registers_i/minstret_counter_i/counter_q_reg[11]/D
                                0.13         -63.57 f       -63.70  (VIOLATED)
   ibex_top_inst/u_ibex_core/cs_registers_i/minstret_counter_i/counter_q_reg[4]/D
                                0.13         -63.57 f       -63.70  (VIOLATED)
   ibex_top_inst/u_ibex_core/cs_registers_i/minstret_counter_i/counter_q_reg[25]/D
                                0.13         -63.57 f       -63.70  (VIOLATED)
   ibex_top_inst/u_ibex_core/cs_registers_i/minstret_counter_i/counter_q_reg[26]/D
                                0.13         -63.57 f       -63.70  (VIOLATED)
   ibex_top_inst/u_ibex_core/cs_registers_i/minstret_counter_i/counter_q_reg[29]/D
                                0.13         -63.57 f       -63.70  (VIOLATED)
   ibex_top_inst/u_ibex_core/cs_registers_i/minstret_counter_i/counter_q_reg[9]/D
                                0.13         -63.57 f       -63.70  (VIOLATED)
   ibex_top_inst/u_ibex_core/cs_registers_i/minstret_counter_i/counter_q_reg[2]/D
                                0.13         -63.57 f       -63.70  (VIOLATED)
   ibex_top_inst/u_ibex_core/cs_registers_i/minstret_counter_i/counter_q_reg[5]/D
                                0.13         -63.57 f       -63.70  (VIOLATED)
   ibex_top_inst/u_ibex_core/cs_registers_i/minstret_counter_i/counter_q_reg[13]/D
                                0.13         -63.57 f       -63.70  (VIOLATED)
   ibex_top_inst/u_ibex_core/cs_registers_i/minstret_counter_i/counter_q_reg[15]/D
                                0.13         -63.57 f       -63.70  (VIOLATED)
   ibex_top_inst/u_ibex_core/cs_registers_i/minstret_counter_i/counter_q_reg[17]/D
                                0.13         -63.57 f       -63.70  (VIOLATED)
   ibex_top_inst/u_ibex_core/cs_registers_i/minstret_counter_i/counter_q_reg[28]/D
                                0.13         -63.57 f       -63.70  (VIOLATED)
   ibex_top_inst/u_ibex_core/cs_registers_i/mcycle_counter_i/counter_q_reg[0]/D
                                0.11         -63.59 r       -63.70  (VIOLATED)
   ibex_top_inst/u_ibex_core/cs_registers_i/u_mepc_csr/rdata_q_reg[12]/D
                                0.11         -63.58 r       -63.69  (VIOLATED)
   ibex_top_inst/u_ibex_core/cs_registers_i/u_mepc_csr/rdata_q_reg[4]/D
                                0.11         -63.58 r       -63.69  (VIOLATED)
   ibex_top_inst/u_ibex_core/cs_registers_i/u_mepc_csr/rdata_q_reg[6]/D
                                0.11         -63.58 r       -63.69  (VIOLATED)
   ibex_top_inst/u_ibex_core/cs_registers_i/u_mepc_csr/rdata_q_reg[3]/D
                                0.11         -63.58 r       -63.69  (VIOLATED)
   ibex_top_inst/u_ibex_core/cs_registers_i/u_mepc_csr/rdata_q_reg[20]/D
                                0.11         -63.57 r       -63.68  (VIOLATED)
   ibex_top_inst/u_ibex_core/cs_registers_i/u_mepc_csr/rdata_q_reg[22]/D
                                0.11         -63.57 r       -63.68  (VIOLATED)
   ibex_top_inst/u_ibex_core/cs_registers_i/u_mepc_csr/rdata_q_reg[24]/D
                                0.11         -63.57 r       -63.68  (VIOLATED)
   ibex_top_inst/u_ibex_core/cs_registers_i/u_mepc_csr/rdata_q_reg[26]/D
                                0.11         -63.57 r       -63.68  (VIOLATED)
   ibex_top_inst/u_ibex_core/cs_registers_i/mcycle_counter_i/counter_q_reg[31]/D
                                0.13         -63.55 f       -63.68  (VIOLATED)
   ibex_top_inst/u_ibex_core/ex_block_i/gen_multdiv_fast.multdiv_i/op_numerator_q_reg[31]/D
                                0.13         -59.33 f       -59.46  (VIOLATED)
   ibex_top_inst/u_ibex_core/load_store_unit_i/addr_last_q_reg[30]/D
                                0.13         -59.32 f       -59.46  (VIOLATED)
   ibex_top_inst/u_ibex_core/load_store_unit_i/addr_last_q_reg[29]/D
                                0.13         -59.32 f       -59.46  (VIOLATED)
   ibex_top_inst/u_ibex_core/ex_block_i/gen_multdiv_fast.multdiv_i/op_numerator_q_reg[29]/D
                                0.13         -59.31 f       -59.44  (VIOLATED)
   ibex_top_inst/u_ibex_core/ex_block_i/gen_multdiv_fast.multdiv_i/op_numerator_q_reg[30]/D
                                0.13         -59.31 f       -59.44  (VIOLATED)
   ibex_top_inst/u_ibex_core/load_store_unit_i/addr_last_q_reg[31]/D
                                0.13         -59.31 f       -59.44  (VIOLATED)
   ibex_top_inst/u_ibex_core/load_store_unit_i/addr_last_q_reg[0]/D
                                0.13         -59.30 f       -59.43  (VIOLATED)
   ibex_top_inst/u_ibex_core/load_store_unit_i/rdata_offset_q_reg[0]/D
                                0.13         -59.30 f       -59.43  (VIOLATED)
   ibex_top_inst/u_ibex_core/id_stage_i/imd_val_q_reg[1][31]/D
                                0.13         -59.30 f       -59.43  (VIOLATED)
   ibex_top_inst/u_ibex_core/ex_block_i/gen_multdiv_fast.multdiv_i/op_numerator_q_reg[0]/D
                                0.13         -59.30 f       -59.43  (VIOLATED)
   ibex_top_inst/u_ibex_core/ex_block_i/gen_multdiv_fast.multdiv_i/op_numerator_q_reg[1]/D
                                0.13         -59.30 f       -59.43  (VIOLATED)
   ibex_top_inst/u_ibex_core/load_store_unit_i/addr_last_q_reg[1]/D
                                0.13         -59.30 f       -59.43  (VIOLATED)
   ibex_top_inst/u_ibex_core/if_stage_i/gen_prefetch_buffer.prefetch_buffer_i/discard_req_q_reg/D
                                0.10         -59.32 r       -59.43  (VIOLATED)
   ibex_top_inst/u_ibex_core/load_store_unit_i/rdata_offset_q_reg[1]/D
                                0.13         -59.30 f       -59.43  (VIOLATED)
   ibex_top_inst/u_ibex_core/id_stage_i/imd_val_q_reg[0][29]/D
                                0.13         -59.29 f       -59.42  (VIOLATED)
   ibex_top_inst/u_ibex_core/id_stage_i/imd_val_q_reg[0][30]/D
                                0.13         -59.29 f       -59.42  (VIOLATED)
   ibex_top_inst/u_ibex_core/load_store_unit_i/addr_last_q_reg[11]/D
                                0.13         -59.29 f       -59.42  (VIOLATED)
   ibex_top_inst/u_ibex_core/load_store_unit_i/addr_last_q_reg[9]/D
                                0.13         -59.29 f       -59.42  (VIOLATED)
   ibex_top_inst/u_ibex_core/load_store_unit_i/addr_last_q_reg[17]/D
                                0.13         -59.29 f       -59.42  (VIOLATED)
   ibex_top_inst/u_ibex_core/load_store_unit_i/addr_last_q_reg[10]/D
                                0.13         -59.29 f       -59.42  (VIOLATED)
   ibex_top_inst/u_ibex_core/load_store_unit_i/addr_last_q_reg[12]/D
                                0.13         -59.29 f       -59.42  (VIOLATED)
   ibex_top_inst/u_ibex_core/load_store_unit_i/addr_last_q_reg[18]/D
                                0.13         -59.29 f       -59.42  (VIOLATED)
   ibex_top_inst/u_ibex_core/load_store_unit_i/addr_last_q_reg[16]/D
                                0.13         -59.29 f       -59.42  (VIOLATED)
   ibex_top_inst/u_ibex_core/load_store_unit_i/addr_last_q_reg[13]/D
                                0.13         -59.29 f       -59.42  (VIOLATED)
   ibex_top_inst/u_ibex_core/load_store_unit_i/addr_last_q_reg[15]/D
                                0.13         -59.29 f       -59.42  (VIOLATED)
   ibex_top_inst/u_ibex_core/load_store_unit_i/addr_last_q_reg[14]/D
                                0.13         -59.29 f       -59.42  (VIOLATED)
   ibex_top_inst/u_ibex_core/load_store_unit_i/addr_last_q_reg[19]/D
                                0.13         -59.29 f       -59.42  (VIOLATED)
   ibex_top_inst/u_ibex_core/load_store_unit_i/addr_last_q_reg[20]/D
                                0.13         -59.29 f       -59.42  (VIOLATED)
   ibex_top_inst/u_ibex_core/load_store_unit_i/addr_last_q_reg[24]/D
                                0.13         -59.29 f       -59.42  (VIOLATED)
   ibex_top_inst/u_ibex_core/load_store_unit_i/addr_last_q_reg[21]/D
                                0.13         -59.29 f       -59.42  (VIOLATED)
   ibex_top_inst/u_ibex_core/load_store_unit_i/addr_last_q_reg[25]/D
                                0.13         -59.29 f       -59.42  (VIOLATED)
   ibex_top_inst/u_ibex_core/load_store_unit_i/addr_last_q_reg[28]/D
                                0.13         -59.29 f       -59.42  (VIOLATED)
   ibex_top_inst/u_ibex_core/load_store_unit_i/addr_last_q_reg[3]/D
                                0.13         -59.29 f       -59.42  (VIOLATED)
   ibex_top_inst/u_ibex_core/load_store_unit_i/addr_last_q_reg[4]/D
                                0.13         -59.29 f       -59.42  (VIOLATED)
   ibex_top_inst/u_ibex_core/load_store_unit_i/addr_last_q_reg[23]/D
                                0.13         -59.29 f       -59.42  (VIOLATED)
   ibex_top_inst/u_ibex_core/load_store_unit_i/addr_last_q_reg[27]/D
                                0.13         -59.29 f       -59.42  (VIOLATED)
   ibex_top_inst/u_ibex_core/load_store_unit_i/addr_last_q_reg[22]/D
                                0.13         -59.29 f       -59.42  (VIOLATED)
   ibex_top_inst/u_ibex_core/load_store_unit_i/addr_last_q_reg[26]/D
                                0.13         -59.29 f       -59.42  (VIOLATED)
   ibex_top_inst/u_ibex_core/load_store_unit_i/addr_last_q_reg[8]/D
                                0.13         -59.29 f       -59.42  (VIOLATED)
   ibex_top_inst/u_ibex_core/load_store_unit_i/addr_last_q_reg[2]/D
                                0.13         -59.29 f       -59.42  (VIOLATED)
   ibex_top_inst/u_ibex_core/load_store_unit_i/addr_last_q_reg[5]/D
                                0.13         -59.29 f       -59.42  (VIOLATED)
   ibex_top_inst/u_ibex_core/load_store_unit_i/addr_last_q_reg[7]/D
                                0.13         -59.29 f       -59.42  (VIOLATED)
   ibex_top_inst/u_ibex_core/load_store_unit_i/addr_last_q_reg[6]/D
                                0.13         -59.29 f       -59.42  (VIOLATED)
   ibex_top_inst/u_ibex_core/id_stage_i/imd_val_q_reg[0][32]/D
                                0.13         -59.29 f       -59.42  (VIOLATED)
   ibex_top_inst/u_ibex_core/id_stage_i/imd_val_q_reg[0][1]/D
                                0.13         -59.28 f       -59.41  (VIOLATED)
   ibex_top_inst/u_ibex_core/id_stage_i/imd_val_q_reg[1][29]/D
                                0.13         -59.28 f       -59.41  (VIOLATED)
   ibex_top_inst/u_ibex_core/id_stage_i/imd_val_q_reg[1][30]/D
                                0.13         -59.28 f       -59.41  (VIOLATED)
   ibex_top_inst/u_ibex_core/ex_block_i/gen_multdiv_fast.multdiv_i/op_numerator_q_reg[11]/D
                                0.13         -59.28 f       -59.41  (VIOLATED)
   ibex_top_inst/u_ibex_core/ex_block_i/gen_multdiv_fast.multdiv_i/op_numerator_q_reg[9]/D
                                0.13         -59.28 f       -59.41  (VIOLATED)
   ibex_top_inst/u_ibex_core/ex_block_i/gen_multdiv_fast.multdiv_i/op_numerator_q_reg[17]/D
                                0.13         -59.28 f       -59.41  (VIOLATED)
   ibex_top_inst/u_ibex_core/ex_block_i/gen_multdiv_fast.multdiv_i/op_numerator_q_reg[10]/D
                                0.13         -59.28 f       -59.41  (VIOLATED)
   ibex_top_inst/u_ibex_core/ex_block_i/gen_multdiv_fast.multdiv_i/op_numerator_q_reg[12]/D
                                0.13         -59.28 f       -59.41  (VIOLATED)
   ibex_top_inst/u_ibex_core/ex_block_i/gen_multdiv_fast.multdiv_i/op_numerator_q_reg[18]/D
                                0.13         -59.28 f       -59.41  (VIOLATED)
   ibex_top_inst/u_ibex_core/ex_block_i/gen_multdiv_fast.multdiv_i/op_numerator_q_reg[16]/D
                                0.13         -59.28 f       -59.41  (VIOLATED)
   ibex_top_inst/u_ibex_core/ex_block_i/gen_multdiv_fast.multdiv_i/op_numerator_q_reg[13]/D
                                0.13         -59.28 f       -59.41  (VIOLATED)
   ibex_top_inst/u_ibex_core/ex_block_i/gen_multdiv_fast.multdiv_i/op_numerator_q_reg[15]/D
                                0.13         -59.28 f       -59.41  (VIOLATED)
   ibex_top_inst/u_ibex_core/ex_block_i/gen_multdiv_fast.multdiv_i/op_numerator_q_reg[14]/D
                                0.13         -59.28 f       -59.41  (VIOLATED)
   ibex_top_inst/u_ibex_core/id_stage_i/imd_val_q_reg[0][31]/D
                                0.13         -59.28 f       -59.41  (VIOLATED)
   ibex_top_inst/u_ibex_core/ex_block_i/gen_multdiv_fast.multdiv_i/op_numerator_q_reg[19]/D
                                0.13         -59.28 f       -59.41  (VIOLATED)
   ibex_top_inst/u_ibex_core/if_stage_i/gen_prefetch_buffer.prefetch_buffer_i/fetch_addr_q_reg[28]/D
                                0.12         -59.28 f       -59.41  (VIOLATED)
   ibex_top_inst/u_ibex_core/ex_block_i/gen_multdiv_fast.multdiv_i/op_numerator_q_reg[20]/D
                                0.13         -59.27 f       -59.41  (VIOLATED)
   ibex_top_inst/u_ibex_core/ex_block_i/gen_multdiv_fast.multdiv_i/op_numerator_q_reg[24]/D
                                0.13         -59.27 f       -59.41  (VIOLATED)
   ibex_top_inst/u_ibex_core/ex_block_i/gen_multdiv_fast.multdiv_i/op_numerator_q_reg[3]/D
                                0.13         -59.27 f       -59.41  (VIOLATED)
   ibex_top_inst/u_ibex_core/ex_block_i/gen_multdiv_fast.multdiv_i/op_numerator_q_reg[4]/D
                                0.13         -59.27 f       -59.41  (VIOLATED)
   ibex_top_inst/u_ibex_core/ex_block_i/gen_multdiv_fast.multdiv_i/op_numerator_q_reg[21]/D
                                0.13         -59.27 f       -59.41  (VIOLATED)
   ibex_top_inst/u_ibex_core/ex_block_i/gen_multdiv_fast.multdiv_i/op_numerator_q_reg[25]/D
                                0.13         -59.27 f       -59.41  (VIOLATED)
   ibex_top_inst/u_ibex_core/ex_block_i/gen_multdiv_fast.multdiv_i/op_numerator_q_reg[28]/D
                                0.13         -59.27 f       -59.41  (VIOLATED)
   ibex_top_inst/u_ibex_core/ex_block_i/gen_multdiv_fast.multdiv_i/op_numerator_q_reg[23]/D
                                0.13         -59.27 f       -59.41  (VIOLATED)
   ibex_top_inst/u_ibex_core/ex_block_i/gen_multdiv_fast.multdiv_i/op_numerator_q_reg[27]/D
                                0.13         -59.27 f       -59.41  (VIOLATED)
   ibex_top_inst/u_ibex_core/ex_block_i/gen_multdiv_fast.multdiv_i/op_numerator_q_reg[8]/D
                                0.13         -59.27 f       -59.41  (VIOLATED)
   ibex_top_inst/u_ibex_core/ex_block_i/gen_multdiv_fast.multdiv_i/op_numerator_q_reg[22]/D
                                0.13         -59.27 f       -59.41  (VIOLATED)
   ibex_top_inst/u_ibex_core/ex_block_i/gen_multdiv_fast.multdiv_i/op_numerator_q_reg[26]/D
                                0.13         -59.27 f       -59.41  (VIOLATED)
   ibex_top_inst/u_ibex_core/ex_block_i/gen_multdiv_fast.multdiv_i/op_numerator_q_reg[2]/D
                                0.13         -59.27 f       -59.41  (VIOLATED)
   ibex_top_inst/u_ibex_core/ex_block_i/gen_multdiv_fast.multdiv_i/op_numerator_q_reg[5]/D
                                0.13         -59.27 f       -59.41  (VIOLATED)
   ibex_top_inst/u_ibex_core/ex_block_i/gen_multdiv_fast.multdiv_i/op_numerator_q_reg[7]/D
                                0.13         -59.27 f       -59.41  (VIOLATED)
   ibex_top_inst/u_ibex_core/ex_block_i/gen_multdiv_fast.multdiv_i/op_numerator_q_reg[6]/D
                                0.13         -59.27 f       -59.41  (VIOLATED)
   ibex_top_inst/u_ibex_core/id_stage_i/imd_val_q_reg[0][0]/D
                                0.13         -59.27 f       -59.40  (VIOLATED)
   ibex_top_inst/u_ibex_core/id_stage_i/imd_val_q_reg[1][0]/D
                                0.13         -59.27 f       -59.40  (VIOLATED)
   ibex_top_inst/u_ibex_core/id_stage_i/imd_val_q_reg[1][1]/D
                                0.13         -59.27 f       -59.40  (VIOLATED)
   ibex_top_inst/u_ibex_core/if_stage_i/gen_prefetch_buffer.prefetch_buffer_i/stored_addr_q_reg[23]/D
                                0.11         -59.29 r       -59.40  (VIOLATED)
   ibex_top_inst/u_ibex_core/if_stage_i/gen_prefetch_buffer.prefetch_buffer_i/fetch_addr_q_reg[23]/D
                                0.12         -59.27 f       -59.40  (VIOLATED)
   ibex_top_inst/u_ibex_core/id_stage_i/imd_val_q_reg[0][12]/D
                                0.13         -59.26 f       -59.39  (VIOLATED)
   ibex_top_inst/u_ibex_core/id_stage_i/imd_val_q_reg[0][16]/D
                                0.13         -59.26 f       -59.39  (VIOLATED)
   ibex_top_inst/u_ibex_core/id_stage_i/imd_val_q_reg[0][24]/D
                                0.13         -59.26 f       -59.39  (VIOLATED)
   ibex_top_inst/u_ibex_core/id_stage_i/imd_val_q_reg[0][28]/D
                                0.13         -59.26 f       -59.39  (VIOLATED)
   ibex_top_inst/u_ibex_core/id_stage_i/imd_val_q_reg[0][20]/D
                                0.13         -59.26 f       -59.39  (VIOLATED)
   ibex_top_inst/u_ibex_core/id_stage_i/imd_val_q_reg[0][4]/D
                                0.13         -59.26 f       -59.39  (VIOLATED)
   ibex_top_inst/u_ibex_core/id_stage_i/imd_val_q_reg[0][3]/D
                                0.13         -59.26 f       -59.39  (VIOLATED)
   ibex_top_inst/u_ibex_core/id_stage_i/imd_val_q_reg[0][8]/D
                                0.13         -59.26 f       -59.39  (VIOLATED)
   ibex_top_inst/u_ibex_core/id_stage_i/imd_val_q_reg[0][2]/D
                                0.13         -59.26 f       -59.39  (VIOLATED)
   ibex_top_inst/u_ibex_core/id_stage_i/imd_val_q_reg[0][25]/D
                                0.13         -59.26 f       -59.39  (VIOLATED)
   ibex_top_inst/u_ibex_core/id_stage_i/imd_val_q_reg[0][27]/D
                                0.13         -59.26 f       -59.39  (VIOLATED)
   ibex_top_inst/u_ibex_core/id_stage_i/imd_val_q_reg[0][26]/D
                                0.13         -59.26 f       -59.39  (VIOLATED)
   ibex_top_inst/u_ibex_core/if_stage_i/gen_prefetch_buffer.prefetch_buffer_i/branch_discard_q_reg[1]/D
                                0.11         -59.28 r       -59.39  (VIOLATED)
   ibex_top_inst/u_ibex_core/if_stage_i/gen_prefetch_buffer.prefetch_buffer_i/branch_discard_q_reg[0]/D
                                0.11         -59.28 r       -59.39  (VIOLATED)
   ibex_top_inst/u_ibex_core/ex_block_i/gen_multdiv_fast.multdiv_i/div_by_zero_q_reg/D
                                0.13         -59.26 f       -59.39  (VIOLATED)
   ibex_top_inst/u_ibex_core/if_stage_i/gen_prefetch_buffer.prefetch_buffer_i/fetch_addr_q_reg[29]/D
                                0.12         -59.26 f       -59.38  (VIOLATED)
   ibex_top_inst/u_ibex_core/id_stage_i/imd_val_q_reg[0][13]/D
                                0.13         -59.25 f       -59.38  (VIOLATED)
   ibex_top_inst/u_ibex_core/id_stage_i/imd_val_q_reg[0][15]/D
                                0.13         -59.25 f       -59.38  (VIOLATED)
   ibex_top_inst/u_ibex_core/id_stage_i/imd_val_q_reg[0][14]/D
                                0.13         -59.25 f       -59.38  (VIOLATED)
   ibex_top_inst/u_ibex_core/if_stage_i/gen_prefetch_buffer.prefetch_buffer_i/stored_addr_q_reg[7]/D
                                0.12         -59.26 f       -59.38  (VIOLATED)
   ibex_top_inst/u_ibex_core/if_stage_i/gen_prefetch_buffer.prefetch_buffer_i/stored_addr_q_reg[29]/D
                                0.12         -59.26 f       -59.38  (VIOLATED)
   ibex_top_inst/u_ibex_core/id_stage_i/imd_val_q_reg[0][23]/D
                                0.13         -59.25 f       -59.38  (VIOLATED)
   ibex_top_inst/u_ibex_core/id_stage_i/imd_val_q_reg[0][22]/D
                                0.13         -59.25 f       -59.38  (VIOLATED)
   ibex_top_inst/u_ibex_core/id_stage_i/imd_val_q_reg[0][5]/D
                                0.13         -59.25 f       -59.38  (VIOLATED)
   ibex_top_inst/u_ibex_core/id_stage_i/imd_val_q_reg[0][7]/D
                                0.13         -59.25 f       -59.38  (VIOLATED)
   ibex_top_inst/u_ibex_core/id_stage_i/imd_val_q_reg[0][6]/D
                                0.13         -59.25 f       -59.38  (VIOLATED)
   ibex_top_inst/u_ibex_core/id_stage_i/imd_val_q_reg[1][11]/D
                                0.13         -59.25 f       -59.38  (VIOLATED)
   ibex_top_inst/u_ibex_core/id_stage_i/imd_val_q_reg[1][9]/D
                                0.13         -59.25 f       -59.38  (VIOLATED)
   ibex_top_inst/u_ibex_core/id_stage_i/imd_val_q_reg[1][17]/D
                                0.13         -59.25 f       -59.38  (VIOLATED)
   ibex_top_inst/u_ibex_core/id_stage_i/imd_val_q_reg[0][21]/D
                                0.13         -59.25 f       -59.38  (VIOLATED)
   ibex_top_inst/u_ibex_core/id_stage_i/imd_val_q_reg[1][10]/D
                                0.13         -59.25 f       -59.38  (VIOLATED)
   ibex_top_inst/u_ibex_core/id_stage_i/imd_val_q_reg[1][12]/D
                                0.13         -59.25 f       -59.38  (VIOLATED)
   ibex_top_inst/u_ibex_core/id_stage_i/imd_val_q_reg[1][18]/D
                                0.13         -59.25 f       -59.38  (VIOLATED)
   ibex_top_inst/u_ibex_core/id_stage_i/imd_val_q_reg[1][16]/D
                                0.13         -59.25 f       -59.38  (VIOLATED)
   ibex_top_inst/u_ibex_core/id_stage_i/imd_val_q_reg[1][13]/D
                                0.13         -59.25 f       -59.38  (VIOLATED)
   ibex_top_inst/u_ibex_core/id_stage_i/imd_val_q_reg[1][15]/D
                                0.13         -59.25 f       -59.38  (VIOLATED)
   ibex_top_inst/u_ibex_core/id_stage_i/imd_val_q_reg[1][14]/D
                                0.13         -59.25 f       -59.38  (VIOLATED)
   ibex_top_inst/u_ibex_core/id_stage_i/imd_val_q_reg[0][9]/D
                                0.13         -59.25 f       -59.38  (VIOLATED)
   ibex_top_inst/u_ibex_core/id_stage_i/imd_val_q_reg[0][11]/D
                                0.13         -59.25 f       -59.38  (VIOLATED)
   ibex_top_inst/u_ibex_core/id_stage_i/imd_val_q_reg[0][17]/D
                                0.13         -59.25 f       -59.38  (VIOLATED)
   ibex_top_inst/u_ibex_core/id_stage_i/imd_val_q_reg[0][10]/D
                                0.13         -59.25 f       -59.38  (VIOLATED)
   ibex_top_inst/u_ibex_core/id_stage_i/imd_val_q_reg[0][18]/D
                                0.13         -59.25 f       -59.38  (VIOLATED)
   ibex_top_inst/u_ibex_core/id_stage_i/imd_val_q_reg[1][19]/D
                                0.13         -59.25 f       -59.38  (VIOLATED)
   ibex_top_inst/u_ibex_core/id_stage_i/imd_val_q_reg[1][20]/D
                                0.13         -59.24 f       -59.38  (VIOLATED)
   ibex_top_inst/u_ibex_core/id_stage_i/imd_val_q_reg[1][24]/D
                                0.13         -59.24 f       -59.38  (VIOLATED)
   ibex_top_inst/u_ibex_core/id_stage_i/imd_val_q_reg[1][25]/D
                                0.13         -59.24 f       -59.38  (VIOLATED)
   ibex_top_inst/u_ibex_core/id_stage_i/imd_val_q_reg[1][3]/D
                                0.13         -59.24 f       -59.38  (VIOLATED)
   ibex_top_inst/u_ibex_core/id_stage_i/imd_val_q_reg[1][4]/D
                                0.13         -59.24 f       -59.38  (VIOLATED)
   ibex_top_inst/u_ibex_core/id_stage_i/imd_val_q_reg[1][21]/D
                                0.13         -59.24 f       -59.38  (VIOLATED)
   ibex_top_inst/u_ibex_core/id_stage_i/imd_val_q_reg[1][28]/D
                                0.13         -59.24 f       -59.38  (VIOLATED)
   ibex_top_inst/u_ibex_core/id_stage_i/imd_val_q_reg[1][23]/D
                                0.13         -59.24 f       -59.38  (VIOLATED)
   ibex_top_inst/u_ibex_core/id_stage_i/imd_val_q_reg[1][27]/D
                                0.13         -59.24 f       -59.38  (VIOLATED)
   ibex_top_inst/u_ibex_core/id_stage_i/imd_val_q_reg[1][22]/D
                                0.13         -59.24 f       -59.38  (VIOLATED)
   ibex_top_inst/u_ibex_core/id_stage_i/imd_val_q_reg[1][26]/D
                                0.13         -59.24 f       -59.38  (VIOLATED)
   ibex_top_inst/u_ibex_core/id_stage_i/imd_val_q_reg[1][8]/D
                                0.13         -59.24 f       -59.38  (VIOLATED)
   ibex_top_inst/u_ibex_core/id_stage_i/imd_val_q_reg[1][2]/D
                                0.13         -59.24 f       -59.38  (VIOLATED)
   ibex_top_inst/u_ibex_core/id_stage_i/imd_val_q_reg[1][5]/D
                                0.13         -59.24 f       -59.38  (VIOLATED)
   ibex_top_inst/u_ibex_core/id_stage_i/imd_val_q_reg[1][7]/D
                                0.13         -59.24 f       -59.38  (VIOLATED)
   ibex_top_inst/u_ibex_core/id_stage_i/imd_val_q_reg[0][19]/D
                                0.13         -59.24 f       -59.38  (VIOLATED)
   ibex_top_inst/u_ibex_core/id_stage_i/imd_val_q_reg[1][6]/D
                                0.13         -59.24 f       -59.38  (VIOLATED)
   ibex_top_inst/u_ibex_core/if_stage_i/gen_prefetch_buffer.prefetch_buffer_i/fetch_addr_q_reg[7]/D
                                0.12         -59.25 f       -59.37  (VIOLATED)
   ibex_top_inst/u_ibex_core/if_stage_i/gen_prefetch_buffer.prefetch_buffer_i/fetch_addr_q_reg[24]/D
                                0.12         -59.25 f       -59.37  (VIOLATED)
   ibex_top_inst/u_ibex_core/ex_block_i/gen_multdiv_fast.multdiv_i/md_state_q_reg[2]/D
                                0.13         -59.23 f       -59.36  (VIOLATED)
   ibex_top_inst/u_ibex_core/ex_block_i/gen_multdiv_fast.multdiv_i/op_quotient_q_reg[15]/D
                                0.13         -59.23 f       -59.36  (VIOLATED)
   ibex_top_inst/u_ibex_core/ex_block_i/gen_multdiv_fast.multdiv_i/op_quotient_q_reg[23]/D
                                0.13         -59.23 f       -59.36  (VIOLATED)
   ibex_top_inst/u_ibex_core/ex_block_i/gen_multdiv_fast.multdiv_i/op_quotient_q_reg[13]/D
                                0.13         -59.23 f       -59.36  (VIOLATED)
   ibex_top_inst/u_ibex_core/ex_block_i/gen_multdiv_fast.multdiv_i/op_quotient_q_reg[21]/D
                                0.13         -59.23 f       -59.36  (VIOLATED)
   ibex_top_inst/u_ibex_core/load_store_unit_i/ls_fsm_cs_reg[1]/D
                                0.13         -59.23 f       -59.36  (VIOLATED)
   ibex_top_inst/u_ibex_core/ex_block_i/gen_multdiv_fast.multdiv_i/op_quotient_q_reg[7]/D
                                0.13         -59.23 f       -59.36  (VIOLATED)
   ibex_top_inst/u_ibex_core/ex_block_i/gen_multdiv_fast.multdiv_i/op_quotient_q_reg[5]/D
                                0.13         -59.23 f       -59.36  (VIOLATED)
   ibex_top_inst/u_ibex_core/ex_block_i/gen_multdiv_fast.multdiv_i/op_quotient_q_reg[14]/D
                                0.13         -59.23 f       -59.36  (VIOLATED)
   ibex_top_inst/u_ibex_core/ex_block_i/gen_multdiv_fast.multdiv_i/op_quotient_q_reg[22]/D
                                0.13         -59.23 f       -59.36  (VIOLATED)
   ibex_top_inst/u_ibex_core/if_stage_i/gen_prefetch_buffer.prefetch_buffer_i/fetch_addr_q_reg[30]/D
                                0.12         -59.23 f       -59.36  (VIOLATED)
   ibex_top_inst/u_ibex_core/ex_block_i/gen_multdiv_fast.multdiv_i/op_quotient_q_reg[6]/D
                                0.13         -59.23 f       -59.35  (VIOLATED)
   ibex_top_inst/u_ibex_core/load_store_unit_i/handle_misaligned_q_reg/D
                                0.13         -59.22 f       -59.35  (VIOLATED)
   ibex_top_inst/u_ibex_core/ex_block_i/gen_multdiv_fast.multdiv_i/op_quotient_q_reg[0]/D
                                0.13         -59.22 f       -59.35  (VIOLATED)
   ibex_top_inst/u_ibex_core/if_stage_i/gen_prefetch_buffer.prefetch_buffer_i/fetch_addr_q_reg[8]/D
                                0.12         -59.23 f       -59.35  (VIOLATED)
   ibex_top_inst/u_ibex_core/ex_block_i/gen_multdiv_fast.multdiv_i/op_quotient_q_reg[8]/D
                                0.13         -59.22 f       -59.35  (VIOLATED)
   ibex_top_inst/u_ibex_core/ex_block_i/gen_multdiv_fast.multdiv_i/op_quotient_q_reg[28]/D
                                0.13         -59.22 f       -59.35  (VIOLATED)
   ibex_top_inst/u_ibex_core/if_stage_i/gen_prefetch_buffer.prefetch_buffer_i/stored_addr_q_reg[3]/D
                                0.11         -59.24 r       -59.35  (VIOLATED)
   ibex_top_inst/u_ibex_core/if_stage_i/gen_prefetch_buffer.prefetch_buffer_i/stored_addr_q_reg[4]/D
                                0.12         -59.22 f       -59.35  (VIOLATED)
   ibex_top_inst/u_ibex_core/if_stage_i/gen_prefetch_buffer.prefetch_buffer_i/stored_addr_q_reg[5]/D
                                0.12         -59.22 f       -59.35  (VIOLATED)
   ibex_top_inst/u_ibex_core/if_stage_i/gen_prefetch_buffer.prefetch_buffer_i/stored_addr_q_reg[6]/D
                                0.12         -59.22 f       -59.35  (VIOLATED)
   ibex_top_inst/u_ibex_core/if_stage_i/gen_prefetch_buffer.prefetch_buffer_i/stored_addr_q_reg[9]/D
                                0.12         -59.22 f       -59.35  (VIOLATED)
   ibex_top_inst/u_ibex_core/if_stage_i/gen_prefetch_buffer.prefetch_buffer_i/stored_addr_q_reg[10]/D
                                0.12         -59.22 f       -59.35  (VIOLATED)
   ibex_top_inst/u_ibex_core/if_stage_i/gen_prefetch_buffer.prefetch_buffer_i/stored_addr_q_reg[11]/D
                                0.12         -59.22 f       -59.35  (VIOLATED)
   ibex_top_inst/u_ibex_core/if_stage_i/gen_prefetch_buffer.prefetch_buffer_i/stored_addr_q_reg[12]/D
                                0.12         -59.22 f       -59.35  (VIOLATED)
   ibex_top_inst/u_ibex_core/if_stage_i/gen_prefetch_buffer.prefetch_buffer_i/stored_addr_q_reg[13]/D
                                0.12         -59.22 f       -59.35  (VIOLATED)
   ibex_top_inst/u_ibex_core/if_stage_i/gen_prefetch_buffer.prefetch_buffer_i/stored_addr_q_reg[14]/D
                                0.12         -59.22 f       -59.35  (VIOLATED)
   ibex_top_inst/u_ibex_core/if_stage_i/gen_prefetch_buffer.prefetch_buffer_i/stored_addr_q_reg[15]/D
                                0.12         -59.22 f       -59.35  (VIOLATED)
   ibex_top_inst/u_ibex_core/if_stage_i/gen_prefetch_buffer.prefetch_buffer_i/stored_addr_q_reg[16]/D
                                0.12         -59.22 f       -59.35  (VIOLATED)
   ibex_top_inst/u_ibex_core/if_stage_i/gen_prefetch_buffer.prefetch_buffer_i/stored_addr_q_reg[17]/D
                                0.12         -59.22 f       -59.35  (VIOLATED)
   ibex_top_inst/u_ibex_core/if_stage_i/gen_prefetch_buffer.prefetch_buffer_i/stored_addr_q_reg[18]/D
                                0.12         -59.22 f       -59.35  (VIOLATED)
   ibex_top_inst/u_ibex_core/if_stage_i/gen_prefetch_buffer.prefetch_buffer_i/stored_addr_q_reg[19]/D
                                0.12         -59.22 f       -59.35  (VIOLATED)
   ibex_top_inst/u_ibex_core/if_stage_i/gen_prefetch_buffer.prefetch_buffer_i/stored_addr_q_reg[20]/D
                                0.12         -59.22 f       -59.35  (VIOLATED)
   ibex_top_inst/u_ibex_core/if_stage_i/gen_prefetch_buffer.prefetch_buffer_i/stored_addr_q_reg[21]/D
                                0.12         -59.22 f       -59.35  (VIOLATED)
   ibex_top_inst/u_ibex_core/if_stage_i/gen_prefetch_buffer.prefetch_buffer_i/stored_addr_q_reg[22]/D
                                0.12         -59.22 f       -59.35  (VIOLATED)
   ibex_top_inst/u_ibex_core/ex_block_i/gen_multdiv_fast.multdiv_i/op_quotient_q_reg[16]/D
                                0.13         -59.22 f       -59.35  (VIOLATED)
   ibex_top_inst/u_ibex_core/if_stage_i/gen_prefetch_buffer.prefetch_buffer_i/stored_addr_q_reg[31]/D
                                0.12         -59.22 f       -59.35  (VIOLATED)
   ibex_top_inst/u_ibex_core/if_stage_i/gen_prefetch_buffer.prefetch_buffer_i/stored_addr_q_reg[24]/D
                                0.12         -59.22 f       -59.34  (VIOLATED)
   ibex_top_inst/u_ibex_core/if_stage_i/gen_prefetch_buffer.prefetch_buffer_i/stored_addr_q_reg[25]/D
                                0.12         -59.22 f       -59.34  (VIOLATED)
   ibex_top_inst/u_ibex_core/if_stage_i/gen_prefetch_buffer.prefetch_buffer_i/stored_addr_q_reg[27]/D
                                0.12         -59.22 f       -59.34  (VIOLATED)
   ibex_top_inst/u_ibex_core/if_stage_i/gen_prefetch_buffer.prefetch_buffer_i/stored_addr_q_reg[30]/D
                                0.12         -59.22 f       -59.34  (VIOLATED)
   ibex_top_inst/u_ibex_core/if_stage_i/gen_prefetch_buffer.prefetch_buffer_i/stored_addr_q_reg[26]/D
                                0.12         -59.22 f       -59.34  (VIOLATED)
   ibex_top_inst/u_ibex_core/if_stage_i/gen_prefetch_buffer.prefetch_buffer_i/stored_addr_q_reg[2]/D
                                0.12         -59.22 f       -59.34  (VIOLATED)
   ibex_top_inst/u_ibex_core/if_stage_i/gen_prefetch_buffer.prefetch_buffer_i/fetch_addr_q_reg[3]/D
                                0.12         -59.22 f       -59.34  (VIOLATED)
   ibex_top_inst/u_ibex_core/if_stage_i/gen_prefetch_buffer.prefetch_buffer_i/fetch_addr_q_reg[31]/D
                                0.12         -59.22 f       -59.34  (VIOLATED)
   ibex_top_inst/u_ibex_core/ex_block_i/gen_multdiv_fast.multdiv_i/op_quotient_q_reg[1]/D
                                0.13         -59.21 f       -59.34  (VIOLATED)
   ibex_top_inst/u_ibex_core/ex_block_i/gen_multdiv_fast.multdiv_i/op_quotient_q_reg[20]/D
                                0.13         -59.21 f       -59.34  (VIOLATED)
   ibex_top_inst/u_ibex_core/if_stage_i/gen_prefetch_buffer.prefetch_buffer_i/fetch_addr_q_reg[2]/D
                                0.12         -59.22 f       -59.34  (VIOLATED)
   ibex_top_inst/u_ibex_core/ex_block_i/gen_multdiv_fast.multdiv_i/op_quotient_q_reg[12]/D
                                0.13         -59.21 f       -59.34  (VIOLATED)
   ibex_top_inst/u_ibex_core/if_stage_i/gen_prefetch_buffer.prefetch_buffer_i/fetch_addr_q_reg[25]/D
                                0.12         -59.21 f       -59.34  (VIOLATED)
   ibex_top_inst/u_ibex_core/if_stage_i/gen_prefetch_buffer.prefetch_buffer_i/fetch_addr_q_reg[4]/D
                                0.12         -59.21 f       -59.34  (VIOLATED)
   ibex_top_inst/u_ibex_core/if_stage_i/gen_prefetch_buffer.prefetch_buffer_i/fetch_addr_q_reg[5]/D
                                0.12         -59.21 f       -59.34  (VIOLATED)
   ibex_top_inst/u_ibex_core/if_stage_i/gen_prefetch_buffer.prefetch_buffer_i/fetch_addr_q_reg[6]/D
                                0.12         -59.21 f       -59.34  (VIOLATED)
   ibex_top_inst/u_ibex_core/if_stage_i/gen_prefetch_buffer.prefetch_buffer_i/fetch_addr_q_reg[9]/D
                                0.12         -59.21 f       -59.34  (VIOLATED)
   ibex_top_inst/u_ibex_core/if_stage_i/gen_prefetch_buffer.prefetch_buffer_i/fetch_addr_q_reg[10]/D
                                0.12         -59.21 f       -59.34  (VIOLATED)
   ibex_top_inst/u_ibex_core/if_stage_i/gen_prefetch_buffer.prefetch_buffer_i/fetch_addr_q_reg[11]/D
                                0.12         -59.21 f       -59.34  (VIOLATED)
   ibex_top_inst/u_ibex_core/if_stage_i/gen_prefetch_buffer.prefetch_buffer_i/fetch_addr_q_reg[12]/D
                                0.12         -59.21 f       -59.34  (VIOLATED)
   ibex_top_inst/u_ibex_core/if_stage_i/gen_prefetch_buffer.prefetch_buffer_i/fetch_addr_q_reg[13]/D
                                0.12         -59.21 f       -59.34  (VIOLATED)
   ibex_top_inst/u_ibex_core/if_stage_i/gen_prefetch_buffer.prefetch_buffer_i/fetch_addr_q_reg[14]/D
                                0.12         -59.21 f       -59.34  (VIOLATED)
   ibex_top_inst/u_ibex_core/if_stage_i/gen_prefetch_buffer.prefetch_buffer_i/fetch_addr_q_reg[15]/D
                                0.12         -59.21 f       -59.34  (VIOLATED)
   ibex_top_inst/u_ibex_core/if_stage_i/gen_prefetch_buffer.prefetch_buffer_i/fetch_addr_q_reg[16]/D
                                0.12         -59.21 f       -59.34  (VIOLATED)
   ibex_top_inst/u_ibex_core/if_stage_i/gen_prefetch_buffer.prefetch_buffer_i/fetch_addr_q_reg[17]/D
                                0.12         -59.21 f       -59.34  (VIOLATED)
   ibex_top_inst/u_ibex_core/if_stage_i/gen_prefetch_buffer.prefetch_buffer_i/fetch_addr_q_reg[18]/D
                                0.12         -59.21 f       -59.34  (VIOLATED)
   ibex_top_inst/u_ibex_core/if_stage_i/gen_prefetch_buffer.prefetch_buffer_i/fetch_addr_q_reg[19]/D
                                0.12         -59.21 f       -59.34  (VIOLATED)
   ibex_top_inst/u_ibex_core/if_stage_i/gen_prefetch_buffer.prefetch_buffer_i/fetch_addr_q_reg[20]/D
                                0.12         -59.21 f       -59.34  (VIOLATED)
   ibex_top_inst/u_ibex_core/if_stage_i/gen_prefetch_buffer.prefetch_buffer_i/fetch_addr_q_reg[21]/D
                                0.12         -59.21 f       -59.34  (VIOLATED)
   ibex_top_inst/u_ibex_core/if_stage_i/gen_prefetch_buffer.prefetch_buffer_i/fetch_addr_q_reg[22]/D
                                0.12         -59.21 f       -59.34  (VIOLATED)
   ibex_top_inst/u_ibex_core/ex_block_i/gen_multdiv_fast.multdiv_i/op_quotient_q_reg[4]/D
                                0.13         -59.21 f       -59.34  (VIOLATED)
   ibex_top_inst/u_ibex_core/ex_block_i/gen_multdiv_fast.multdiv_i/op_quotient_q_reg[24]/D
                                0.13         -59.21 f       -59.34  (VIOLATED)
   ibex_top_inst/u_ibex_core/if_stage_i/gen_prefetch_buffer.prefetch_buffer_i/fetch_addr_q_reg[26]/D
                                0.12         -59.21 f       -59.34  (VIOLATED)
   ibex_top_inst/u_ibex_core/if_stage_i/gen_prefetch_buffer.prefetch_buffer_i/fetch_addr_q_reg[27]/D
                                0.12         -59.21 f       -59.34  (VIOLATED)
   ibex_top_inst/u_ibex_core/ex_block_i/gen_multdiv_fast.multdiv_i/op_quotient_q_reg[9]/D
                                0.13         -59.20 f       -59.34  (VIOLATED)
   ibex_top_inst/u_ibex_core/if_stage_i/gen_prefetch_buffer.prefetch_buffer_i/stored_addr_q_reg[8]/D
                                0.12         -59.21 f       -59.33  (VIOLATED)
   ibex_top_inst/u_ibex_core/ex_block_i/gen_multdiv_fast.multdiv_i/op_quotient_q_reg[10]/D
                                0.13         -59.20 f       -59.33  (VIOLATED)
   ibex_top_inst/u_ibex_core/ex_block_i/gen_multdiv_fast.multdiv_i/op_quotient_q_reg[11]/D
                                0.13         -59.20 f       -59.33  (VIOLATED)
   ibex_top_inst/u_ibex_core/ex_block_i/gen_multdiv_fast.multdiv_i/op_quotient_q_reg[17]/D
                                0.13         -59.20 f       -59.33  (VIOLATED)
   ibex_top_inst/u_ibex_core/ex_block_i/gen_multdiv_fast.multdiv_i/op_quotient_q_reg[18]/D
                                0.13         -59.20 f       -59.33  (VIOLATED)
   ibex_top_inst/u_ibex_core/ex_block_i/gen_multdiv_fast.multdiv_i/op_quotient_q_reg[19]/D
                                0.13         -59.20 f       -59.33  (VIOLATED)
   ibex_top_inst/u_ibex_core/ex_block_i/gen_multdiv_fast.multdiv_i/md_state_q_reg[1]/D
                                0.13         -59.19 f       -59.32  (VIOLATED)
   ibex_top_inst/u_ibex_core/ex_block_i/gen_multdiv_fast.multdiv_i/op_quotient_q_reg[2]/D
                                0.13         -59.19 f       -59.32  (VIOLATED)
   ibex_top_inst/u_ibex_core/ex_block_i/gen_multdiv_fast.multdiv_i/op_quotient_q_reg[25]/D
                                0.13         -59.19 f       -59.32  (VIOLATED)
   ibex_top_inst/u_ibex_core/ex_block_i/gen_multdiv_fast.multdiv_i/op_quotient_q_reg[3]/D
                                0.13         -59.18 f       -59.31  (VIOLATED)
   ibex_top_inst/u_ibex_core/ex_block_i/gen_multdiv_fast.multdiv_i/op_quotient_q_reg[26]/D
                                0.13         -59.19 f       -59.31  (VIOLATED)
   ibex_top_inst/u_ibex_core/ex_block_i/gen_multdiv_fast.multdiv_i/op_quotient_q_reg[27]/D
                                0.13         -59.19 f       -59.31  (VIOLATED)
   ibex_top_inst/u_ibex_core/ex_block_i/gen_multdiv_fast.multdiv_i/op_quotient_q_reg[29]/D
                                0.13         -59.18 f       -59.31  (VIOLATED)
   ibex_top_inst/u_ibex_core/ex_block_i/gen_multdiv_fast.multdiv_i/op_quotient_q_reg[30]/D
                                0.13         -59.18 f       -59.31  (VIOLATED)
   ibex_top_inst/u_ibex_core/ex_block_i/gen_multdiv_fast.multdiv_i/op_quotient_q_reg[31]/D
                                0.13         -59.18 f       -59.31  (VIOLATED)
   ibex_top_inst/u_ibex_core/ex_block_i/gen_multdiv_fast.multdiv_i/md_state_q_reg[0]/D
                                0.11         -59.20 r       -59.31  (VIOLATED)
   ibex_top_inst/u_ibex_core/if_stage_i/gen_prefetch_buffer.prefetch_buffer_i/rdata_outstanding_q_reg[0]/D
                                0.13         -59.17 f       -59.30  (VIOLATED)
   ibex_top_inst/u_ibex_core/if_stage_i/gen_prefetch_buffer.prefetch_buffer_i/valid_req_q_reg/D
                                0.13         -59.17 f       -59.30  (VIOLATED)
   ibex_top_inst/u_ibex_core/if_stage_i/gen_prefetch_buffer.prefetch_buffer_i/rdata_outstanding_q_reg[1]/D
                                0.13         -59.12 f       -59.25  (VIOLATED)
   ibex_top_inst/u_ibex_core/id_stage_i/controller_i/illegal_insn_q_reg/D
                                0.11         -52.54 r       -52.65  (VIOLATED)
   ibex_top_inst/u_ibex_core/load_store_unit_i/data_we_q_reg/D
                                0.13         -52.50 f       -52.63  (VIOLATED)
   ibex_top_inst/u_ibex_core/id_stage_i/controller_i/exc_req_q_reg/D
                                0.11         -52.52 r       -52.63  (VIOLATED)
   ibex_top_inst/u_ibex_core/ex_block_i/gen_multdiv_fast.multdiv_i/gen_mult_single_cycle.mult_state_q_reg/D
                                0.13         -52.39 f       -52.52  (VIOLATED)
   ibex_top_inst/u_ibex_core/load_store_unit_i/lsu_err_q_reg/D
                                0.13         -52.39 f       -52.52  (VIOLATED)
   ibex_top_inst/u_ibex_core/ex_block_i/gen_multdiv_fast.multdiv_i/div_counter_q_reg[1]/D
                                0.13         -52.38 f       -52.51  (VIOLATED)
   ibex_top_inst/u_ibex_core/ex_block_i/gen_multdiv_fast.multdiv_i/div_counter_q_reg[4]/D
                                0.13         -52.38 f       -52.51  (VIOLATED)
   ibex_top_inst/u_ibex_core/ex_block_i/gen_multdiv_fast.multdiv_i/div_counter_q_reg[0]/D
                                0.13         -52.37 f       -52.50  (VIOLATED)
   ibex_top_inst/u_ibex_core/ex_block_i/gen_multdiv_fast.multdiv_i/div_counter_q_reg[2]/D
                                0.13         -52.37 f       -52.50  (VIOLATED)
   ibex_top_inst/u_ibex_core/ex_block_i/gen_multdiv_fast.multdiv_i/div_counter_q_reg[3]/D
                                0.13         -52.37 f       -52.50  (VIOLATED)
   ibex_top_inst/u_ibex_core/load_store_unit_i/ls_fsm_cs_reg[0]/D
                                0.13         -52.36 f       -52.49  (VIOLATED)
   ibex_top_inst/u_ibex_core/load_store_unit_i/data_sign_ext_q_reg/D
                                0.13         -52.36 f       -52.49  (VIOLATED)
   ibex_top_inst/u_ibex_core/load_store_unit_i/data_type_q_reg[1]/D
                                0.13         -52.36 f       -52.49  (VIOLATED)
   ibex_top_inst/u_ibex_core/id_stage_i/imd_val_q_reg[0][33]/D
                                0.13         -52.35 f       -52.48  (VIOLATED)
   ibex_top_inst/u_ibex_core/load_store_unit_i/data_type_q_reg[0]/D
                                0.13         -52.35 f       -52.48  (VIOLATED)
   ibex_top_inst/gen_regfile_ff.register_file_i/g_rf_flops[31].rf_reg_q_reg[15]/D
                                0.13         -47.82 f       -47.95  (VIOLATED)
   ibex_top_inst/gen_regfile_ff.register_file_i/g_rf_flops[31].rf_reg_q_reg[9]/D
                                0.13         -47.80 f       -47.93  (VIOLATED)
   ibex_top_inst/gen_regfile_ff.register_file_i/g_rf_flops[31].rf_reg_q_reg[12]/D
                                0.13         -47.80 f       -47.92  (VIOLATED)
   ibex_top_inst/gen_regfile_ff.register_file_i/g_rf_flops[31].rf_reg_q_reg[14]/D
                                0.13         -47.80 f       -47.92  (VIOLATED)
   ibex_top_inst/gen_regfile_ff.register_file_i/g_rf_flops[31].rf_reg_q_reg[10]/D
                                0.13         -47.80 f       -47.92  (VIOLATED)
   ibex_top_inst/gen_regfile_ff.register_file_i/g_rf_flops[31].rf_reg_q_reg[13]/D
                                0.13         -47.79 f       -47.92  (VIOLATED)
   ibex_top_inst/gen_regfile_ff.register_file_i/g_rf_flops[31].rf_reg_q_reg[8]/D
                                0.13         -47.79 f       -47.92  (VIOLATED)
   ibex_top_inst/gen_regfile_ff.register_file_i/g_rf_flops[16].rf_reg_q_reg[15]/D
                                0.13         -47.79 f       -47.92  (VIOLATED)
   ibex_top_inst/gen_regfile_ff.register_file_i/g_rf_flops[1].rf_reg_q_reg[15]/D
                                0.13         -47.79 f       -47.92  (VIOLATED)
   ibex_top_inst/gen_regfile_ff.register_file_i/g_rf_flops[2].rf_reg_q_reg[15]/D
                                0.13         -47.79 f       -47.92  (VIOLATED)
   ibex_top_inst/gen_regfile_ff.register_file_i/g_rf_flops[4].rf_reg_q_reg[15]/D
                                0.13         -47.79 f       -47.92  (VIOLATED)
   ibex_top_inst/gen_regfile_ff.register_file_i/g_rf_flops[7].rf_reg_q_reg[15]/D
                                0.13         -47.79 f       -47.92  (VIOLATED)
   ibex_top_inst/gen_regfile_ff.register_file_i/g_rf_flops[8].rf_reg_q_reg[15]/D
                                0.13         -47.79 f       -47.92  (VIOLATED)
   ibex_top_inst/gen_regfile_ff.register_file_i/g_rf_flops[9].rf_reg_q_reg[15]/D
                                0.13         -47.79 f       -47.92  (VIOLATED)
   ibex_top_inst/gen_regfile_ff.register_file_i/g_rf_flops[10].rf_reg_q_reg[15]/D
                                0.13         -47.79 f       -47.92  (VIOLATED)
   ibex_top_inst/gen_regfile_ff.register_file_i/g_rf_flops[12].rf_reg_q_reg[15]/D
                                0.13         -47.79 f       -47.92  (VIOLATED)
   ibex_top_inst/gen_regfile_ff.register_file_i/g_rf_flops[14].rf_reg_q_reg[15]/D
                                0.13         -47.79 f       -47.92  (VIOLATED)
   ibex_top_inst/gen_regfile_ff.register_file_i/g_rf_flops[15].rf_reg_q_reg[15]/D
                                0.13         -47.79 f       -47.92  (VIOLATED)
   ibex_top_inst/gen_regfile_ff.register_file_i/g_rf_flops[17].rf_reg_q_reg[15]/D
                                0.13         -47.79 f       -47.92  (VIOLATED)
   ibex_top_inst/gen_regfile_ff.register_file_i/g_rf_flops[18].rf_reg_q_reg[15]/D
                                0.13         -47.79 f       -47.92  (VIOLATED)
   ibex_top_inst/gen_regfile_ff.register_file_i/g_rf_flops[20].rf_reg_q_reg[15]/D
                                0.13         -47.79 f       -47.92  (VIOLATED)
   ibex_top_inst/gen_regfile_ff.register_file_i/g_rf_flops[22].rf_reg_q_reg[15]/D
                                0.13         -47.79 f       -47.92  (VIOLATED)
   ibex_top_inst/gen_regfile_ff.register_file_i/g_rf_flops[23].rf_reg_q_reg[15]/D
                                0.13         -47.79 f       -47.92  (VIOLATED)
   ibex_top_inst/gen_regfile_ff.register_file_i/g_rf_flops[24].rf_reg_q_reg[15]/D
                                0.13         -47.79 f       -47.92  (VIOLATED)
   ibex_top_inst/gen_regfile_ff.register_file_i/g_rf_flops[25].rf_reg_q_reg[15]/D
                                0.13         -47.79 f       -47.92  (VIOLATED)
   ibex_top_inst/gen_regfile_ff.register_file_i/g_rf_flops[26].rf_reg_q_reg[15]/D
                                0.13         -47.79 f       -47.92  (VIOLATED)
   ibex_top_inst/gen_regfile_ff.register_file_i/g_rf_flops[28].rf_reg_q_reg[15]/D
                                0.13         -47.79 f       -47.92  (VIOLATED)
   ibex_top_inst/gen_regfile_ff.register_file_i/g_rf_flops[30].rf_reg_q_reg[15]/D
                                0.13         -47.79 f       -47.92  (VIOLATED)
   ibex_top_inst/gen_regfile_ff.register_file_i/g_rf_flops[3].rf_reg_q_reg[15]/D
                                0.13         -47.79 f       -47.92  (VIOLATED)
   ibex_top_inst/gen_regfile_ff.register_file_i/g_rf_flops[5].rf_reg_q_reg[15]/D
                                0.13         -47.79 f       -47.92  (VIOLATED)
   ibex_top_inst/gen_regfile_ff.register_file_i/g_rf_flops[6].rf_reg_q_reg[15]/D
                                0.13         -47.79 f       -47.92  (VIOLATED)
   ibex_top_inst/gen_regfile_ff.register_file_i/g_rf_flops[11].rf_reg_q_reg[15]/D
                                0.13         -47.79 f       -47.92  (VIOLATED)
   ibex_top_inst/gen_regfile_ff.register_file_i/g_rf_flops[13].rf_reg_q_reg[15]/D
                                0.13         -47.79 f       -47.92  (VIOLATED)
   ibex_top_inst/gen_regfile_ff.register_file_i/g_rf_flops[19].rf_reg_q_reg[15]/D
                                0.13         -47.79 f       -47.92  (VIOLATED)
   ibex_top_inst/gen_regfile_ff.register_file_i/g_rf_flops[21].rf_reg_q_reg[15]/D
                                0.13         -47.79 f       -47.92  (VIOLATED)
   ibex_top_inst/gen_regfile_ff.register_file_i/g_rf_flops[27].rf_reg_q_reg[15]/D
                                0.13         -47.79 f       -47.92  (VIOLATED)
   ibex_top_inst/gen_regfile_ff.register_file_i/g_rf_flops[29].rf_reg_q_reg[15]/D
                                0.13         -47.79 f       -47.92  (VIOLATED)
   ibex_top_inst/gen_regfile_ff.register_file_i/g_rf_flops[31].rf_reg_q_reg[11]/D
                                0.13         -47.79 f       -47.92  (VIOLATED)
   ibex_top_inst/gen_regfile_ff.register_file_i/g_rf_flops[31].rf_reg_q_reg[31]/D
                                0.13         -47.78 f       -47.90  (VIOLATED)
   ibex_top_inst/gen_regfile_ff.register_file_i/g_rf_flops[1].rf_reg_q_reg[14]/D
                                0.13         -47.76 f       -47.89  (VIOLATED)
   ibex_top_inst/gen_regfile_ff.register_file_i/g_rf_flops[2].rf_reg_q_reg[14]/D
                                0.13         -47.76 f       -47.89  (VIOLATED)
   ibex_top_inst/gen_regfile_ff.register_file_i/g_rf_flops[3].rf_reg_q_reg[14]/D
                                0.13         -47.76 f       -47.89  (VIOLATED)
   ibex_top_inst/gen_regfile_ff.register_file_i/g_rf_flops[4].rf_reg_q_reg[14]/D
                                0.13         -47.76 f       -47.89  (VIOLATED)
   ibex_top_inst/gen_regfile_ff.register_file_i/g_rf_flops[6].rf_reg_q_reg[10]/D
                                0.13         -47.76 f       -47.89  (VIOLATED)
   ibex_top_inst/gen_regfile_ff.register_file_i/g_rf_flops[7].rf_reg_q_reg[12]/D
                                0.13         -47.76 f       -47.89  (VIOLATED)
   ibex_top_inst/gen_regfile_ff.register_file_i/g_rf_flops[8].rf_reg_q_reg[12]/D
                                0.13         -47.76 f       -47.89  (VIOLATED)
   ibex_top_inst/gen_regfile_ff.register_file_i/g_rf_flops[8].rf_reg_q_reg[14]/D
                                0.13         -47.76 f       -47.89  (VIOLATED)
   ibex_top_inst/gen_regfile_ff.register_file_i/g_rf_flops[9].rf_reg_q_reg[12]/D
                                0.13         -47.76 f       -47.89  (VIOLATED)
   ibex_top_inst/gen_regfile_ff.register_file_i/g_rf_flops[10].rf_reg_q_reg[12]/D
                                0.13         -47.76 f       -47.89  (VIOLATED)
   ibex_top_inst/gen_regfile_ff.register_file_i/g_rf_flops[11].rf_reg_q_reg[12]/D
                                0.13         -47.76 f       -47.89  (VIOLATED)
   ibex_top_inst/gen_regfile_ff.register_file_i/g_rf_flops[12].rf_reg_q_reg[12]/D
                                0.13         -47.76 f       -47.89  (VIOLATED)
   ibex_top_inst/gen_regfile_ff.register_file_i/g_rf_flops[13].rf_reg_q_reg[9]/D
                                0.13         -47.76 f       -47.89  (VIOLATED)
   ibex_top_inst/gen_regfile_ff.register_file_i/g_rf_flops[13].rf_reg_q_reg[12]/D
                                0.13         -47.76 f       -47.89  (VIOLATED)
   ibex_top_inst/gen_regfile_ff.register_file_i/g_rf_flops[14].rf_reg_q_reg[12]/D
                                0.13         -47.76 f       -47.89  (VIOLATED)
   ibex_top_inst/gen_regfile_ff.register_file_i/g_rf_flops[21].rf_reg_q_reg[10]/D
                                0.13         -47.76 f       -47.89  (VIOLATED)
   ibex_top_inst/gen_regfile_ff.register_file_i/g_rf_flops[22].rf_reg_q_reg[10]/D
                                0.13         -47.76 f       -47.89  (VIOLATED)
   ibex_top_inst/gen_regfile_ff.register_file_i/g_rf_flops[22].rf_reg_q_reg[12]/D
                                0.13         -47.76 f       -47.89  (VIOLATED)
   ibex_top_inst/gen_regfile_ff.register_file_i/g_rf_flops[23].rf_reg_q_reg[10]/D
                                0.13         -47.76 f       -47.89  (VIOLATED)
   ibex_top_inst/gen_regfile_ff.register_file_i/g_rf_flops[23].rf_reg_q_reg[14]/D
                                0.13         -47.76 f       -47.89  (VIOLATED)
   ibex_top_inst/gen_regfile_ff.register_file_i/g_rf_flops[24].rf_reg_q_reg[10]/D
                                0.13         -47.76 f       -47.89  (VIOLATED)
   ibex_top_inst/gen_regfile_ff.register_file_i/g_rf_flops[25].rf_reg_q_reg[10]/D
                                0.13         -47.76 f       -47.89  (VIOLATED)
   ibex_top_inst/gen_regfile_ff.register_file_i/g_rf_flops[26].rf_reg_q_reg[10]/D
                                0.13         -47.76 f       -47.89  (VIOLATED)
   ibex_top_inst/gen_regfile_ff.register_file_i/g_rf_flops[27].rf_reg_q_reg[10]/D
                                0.13         -47.76 f       -47.89  (VIOLATED)
   ibex_top_inst/gen_regfile_ff.register_file_i/g_rf_flops[28].rf_reg_q_reg[9]/D
                                0.13         -47.76 f       -47.89  (VIOLATED)
   ibex_top_inst/gen_regfile_ff.register_file_i/g_rf_flops[28].rf_reg_q_reg[10]/D
                                0.13         -47.76 f       -47.89  (VIOLATED)
   ibex_top_inst/gen_regfile_ff.register_file_i/g_rf_flops[29].rf_reg_q_reg[9]/D
                                0.13         -47.76 f       -47.89  (VIOLATED)
   ibex_top_inst/gen_regfile_ff.register_file_i/g_rf_flops[30].rf_reg_q_reg[9]/D
                                0.13         -47.76 f       -47.89  (VIOLATED)
   ibex_top_inst/gen_regfile_ff.register_file_i/g_rf_flops[5].rf_reg_q_reg[8]/D
                                0.13         -47.76 f       -47.89  (VIOLATED)
   ibex_top_inst/gen_regfile_ff.register_file_i/g_rf_flops[5].rf_reg_q_reg[13]/D
                                0.13         -47.76 f       -47.89  (VIOLATED)
   ibex_top_inst/gen_regfile_ff.register_file_i/g_rf_flops[6].rf_reg_q_reg[13]/D
                                0.13         -47.76 f       -47.89  (VIOLATED)
   ibex_top_inst/gen_regfile_ff.register_file_i/g_rf_flops[7].rf_reg_q_reg[13]/D
                                0.13         -47.76 f       -47.89  (VIOLATED)
   ibex_top_inst/gen_regfile_ff.register_file_i/g_rf_flops[15].rf_reg_q_reg[13]/D
                                0.13         -47.76 f       -47.89  (VIOLATED)
   ibex_top_inst/gen_regfile_ff.register_file_i/g_rf_flops[30].rf_reg_q_reg[13]/D
                                0.13         -47.76 f       -47.89  (VIOLATED)
   ibex_top_inst/gen_regfile_ff.register_file_i/g_rf_flops[1].rf_reg_q_reg[12]/D
                                0.13         -47.76 f       -47.89  (VIOLATED)
   ibex_top_inst/gen_regfile_ff.register_file_i/g_rf_flops[2].rf_reg_q_reg[12]/D
                                0.13         -47.76 f       -47.89  (VIOLATED)
   ibex_top_inst/gen_regfile_ff.register_file_i/g_rf_flops[4].rf_reg_q_reg[9]/D
                                0.13         -47.76 f       -47.89  (VIOLATED)
   ibex_top_inst/gen_regfile_ff.register_file_i/g_rf_flops[4].rf_reg_q_reg[10]/D
                                0.13         -47.76 f       -47.89  (VIOLATED)
   ibex_top_inst/gen_regfile_ff.register_file_i/g_rf_flops[4].rf_reg_q_reg[12]/D
                                0.13         -47.76 f       -47.89  (VIOLATED)
   ibex_top_inst/gen_regfile_ff.register_file_i/g_rf_flops[6].rf_reg_q_reg[9]/D
                                0.13         -47.76 f       -47.89  (VIOLATED)
   ibex_top_inst/gen_regfile_ff.register_file_i/g_rf_flops[7].rf_reg_q_reg[9]/D
                                0.13         -47.76 f       -47.89  (VIOLATED)
   ibex_top_inst/gen_regfile_ff.register_file_i/g_rf_flops[7].rf_reg_q_reg[10]/D
                                0.13         -47.76 f       -47.89  (VIOLATED)
   ibex_top_inst/gen_regfile_ff.register_file_i/g_rf_flops[7].rf_reg_q_reg[14]/D
                                0.13         -47.76 f       -47.89  (VIOLATED)
   ibex_top_inst/gen_regfile_ff.register_file_i/g_rf_flops[8].rf_reg_q_reg[9]/D
                                0.13         -47.76 f       -47.89  (VIOLATED)
   ibex_top_inst/gen_regfile_ff.register_file_i/g_rf_flops[8].rf_reg_q_reg[10]/D
                                0.13         -47.76 f       -47.89  (VIOLATED)
   ibex_top_inst/gen_regfile_ff.register_file_i/g_rf_flops[9].rf_reg_q_reg[9]/D
                                0.13         -47.76 f       -47.89  (VIOLATED)
   ibex_top_inst/gen_regfile_ff.register_file_i/g_rf_flops[9].rf_reg_q_reg[10]/D
                                0.13         -47.76 f       -47.89  (VIOLATED)
   ibex_top_inst/gen_regfile_ff.register_file_i/g_rf_flops[9].rf_reg_q_reg[14]/D
                                0.13         -47.76 f       -47.89  (VIOLATED)
   ibex_top_inst/gen_regfile_ff.register_file_i/g_rf_flops[10].rf_reg_q_reg[9]/D
                                0.13         -47.76 f       -47.89  (VIOLATED)
   ibex_top_inst/gen_regfile_ff.register_file_i/g_rf_flops[10].rf_reg_q_reg[10]/D
                                0.13         -47.76 f       -47.89  (VIOLATED)
   ibex_top_inst/gen_regfile_ff.register_file_i/g_rf_flops[10].rf_reg_q_reg[14]/D
                                0.13         -47.76 f       -47.89  (VIOLATED)
   ibex_top_inst/gen_regfile_ff.register_file_i/g_rf_flops[12].rf_reg_q_reg[9]/D
                                0.13         -47.76 f       -47.89  (VIOLATED)
   ibex_top_inst/gen_regfile_ff.register_file_i/g_rf_flops[12].rf_reg_q_reg[10]/D
                                0.13         -47.76 f       -47.89  (VIOLATED)
   ibex_top_inst/gen_regfile_ff.register_file_i/g_rf_flops[12].rf_reg_q_reg[14]/D
                                0.13         -47.76 f       -47.89  (VIOLATED)
   ibex_top_inst/gen_regfile_ff.register_file_i/g_rf_flops[14].rf_reg_q_reg[9]/D
                                0.13         -47.76 f       -47.89  (VIOLATED)
   ibex_top_inst/gen_regfile_ff.register_file_i/g_rf_flops[14].rf_reg_q_reg[10]/D
                                0.13         -47.76 f       -47.89  (VIOLATED)
   ibex_top_inst/gen_regfile_ff.register_file_i/g_rf_flops[14].rf_reg_q_reg[14]/D
                                0.13         -47.76 f       -47.89  (VIOLATED)
   ibex_top_inst/gen_regfile_ff.register_file_i/g_rf_flops[15].rf_reg_q_reg[9]/D
                                0.13         -47.76 f       -47.89  (VIOLATED)
   ibex_top_inst/gen_regfile_ff.register_file_i/g_rf_flops[15].rf_reg_q_reg[10]/D
                                0.13         -47.76 f       -47.89  (VIOLATED)
   ibex_top_inst/gen_regfile_ff.register_file_i/g_rf_flops[15].rf_reg_q_reg[12]/D
                                0.13         -47.76 f       -47.89  (VIOLATED)
   ibex_top_inst/gen_regfile_ff.register_file_i/g_rf_flops[15].rf_reg_q_reg[14]/D
                                0.13         -47.76 f       -47.89  (VIOLATED)
   ibex_top_inst/gen_regfile_ff.register_file_i/g_rf_flops[16].rf_reg_q_reg[9]/D
                                0.13         -47.76 f       -47.89  (VIOLATED)
   ibex_top_inst/gen_regfile_ff.register_file_i/g_rf_flops[16].rf_reg_q_reg[10]/D
                                0.13         -47.76 f       -47.89  (VIOLATED)
   ibex_top_inst/gen_regfile_ff.register_file_i/g_rf_flops[16].rf_reg_q_reg[12]/D
                                0.13         -47.76 f       -47.89  (VIOLATED)
   ibex_top_inst/gen_regfile_ff.register_file_i/g_rf_flops[16].rf_reg_q_reg[14]/D
                                0.13         -47.76 f       -47.89  (VIOLATED)
   ibex_top_inst/gen_regfile_ff.register_file_i/g_rf_flops[17].rf_reg_q_reg[9]/D
                                0.13         -47.76 f       -47.89  (VIOLATED)
   ibex_top_inst/gen_regfile_ff.register_file_i/g_rf_flops[17].rf_reg_q_reg[10]/D
                                0.13         -47.76 f       -47.89  (VIOLATED)
   ibex_top_inst/gen_regfile_ff.register_file_i/g_rf_flops[17].rf_reg_q_reg[12]/D
                                0.13         -47.76 f       -47.89  (VIOLATED)
   ibex_top_inst/gen_regfile_ff.register_file_i/g_rf_flops[17].rf_reg_q_reg[14]/D
                                0.13         -47.76 f       -47.89  (VIOLATED)
   ibex_top_inst/gen_regfile_ff.register_file_i/g_rf_flops[18].rf_reg_q_reg[9]/D
                                0.13         -47.76 f       -47.89  (VIOLATED)
   ibex_top_inst/gen_regfile_ff.register_file_i/g_rf_flops[18].rf_reg_q_reg[10]/D
                                0.13         -47.76 f       -47.89  (VIOLATED)
   ibex_top_inst/gen_regfile_ff.register_file_i/g_rf_flops[18].rf_reg_q_reg[12]/D
                                0.13         -47.76 f       -47.89  (VIOLATED)
   ibex_top_inst/gen_regfile_ff.register_file_i/g_rf_flops[18].rf_reg_q_reg[14]/D
                                0.13         -47.76 f       -47.89  (VIOLATED)
   ibex_top_inst/gen_regfile_ff.register_file_i/g_rf_flops[20].rf_reg_q_reg[9]/D
                                0.13         -47.76 f       -47.89  (VIOLATED)
   ibex_top_inst/gen_regfile_ff.register_file_i/g_rf_flops[20].rf_reg_q_reg[10]/D
                                0.13         -47.76 f       -47.89  (VIOLATED)
   ibex_top_inst/gen_regfile_ff.register_file_i/g_rf_flops[20].rf_reg_q_reg[12]/D
                                0.13         -47.76 f       -47.89  (VIOLATED)
   ibex_top_inst/gen_regfile_ff.register_file_i/g_rf_flops[20].rf_reg_q_reg[14]/D
                                0.13         -47.76 f       -47.89  (VIOLATED)
   ibex_top_inst/gen_regfile_ff.register_file_i/g_rf_flops[22].rf_reg_q_reg[9]/D
                                0.13         -47.76 f       -47.89  (VIOLATED)
   ibex_top_inst/gen_regfile_ff.register_file_i/g_rf_flops[22].rf_reg_q_reg[14]/D
                                0.13         -47.76 f       -47.89  (VIOLATED)
   ibex_top_inst/gen_regfile_ff.register_file_i/g_rf_flops[23].rf_reg_q_reg[9]/D
                                0.13         -47.76 f       -47.89  (VIOLATED)
   ibex_top_inst/gen_regfile_ff.register_file_i/g_rf_flops[23].rf_reg_q_reg[12]/D
                                0.13         -47.76 f       -47.89  (VIOLATED)
   ibex_top_inst/gen_regfile_ff.register_file_i/g_rf_flops[24].rf_reg_q_reg[9]/D
                                0.13         -47.76 f       -47.89  (VIOLATED)
   ibex_top_inst/gen_regfile_ff.register_file_i/g_rf_flops[24].rf_reg_q_reg[12]/D
                                0.13         -47.76 f       -47.89  (VIOLATED)
   ibex_top_inst/gen_regfile_ff.register_file_i/g_rf_flops[24].rf_reg_q_reg[14]/D
                                0.13         -47.76 f       -47.89  (VIOLATED)
   ibex_top_inst/gen_regfile_ff.register_file_i/g_rf_flops[25].rf_reg_q_reg[9]/D
                                0.13         -47.76 f       -47.89  (VIOLATED)
   ibex_top_inst/gen_regfile_ff.register_file_i/g_rf_flops[25].rf_reg_q_reg[12]/D
                                0.13         -47.76 f       -47.89  (VIOLATED)
   ibex_top_inst/gen_regfile_ff.register_file_i/g_rf_flops[25].rf_reg_q_reg[14]/D
                                0.13         -47.76 f       -47.89  (VIOLATED)
   ibex_top_inst/gen_regfile_ff.register_file_i/g_rf_flops[26].rf_reg_q_reg[9]/D
                                0.13         -47.76 f       -47.89  (VIOLATED)
   ibex_top_inst/gen_regfile_ff.register_file_i/g_rf_flops[26].rf_reg_q_reg[12]/D
                                0.13         -47.76 f       -47.89  (VIOLATED)
   ibex_top_inst/gen_regfile_ff.register_file_i/g_rf_flops[26].rf_reg_q_reg[14]/D
                                0.13         -47.76 f       -47.89  (VIOLATED)
   ibex_top_inst/gen_regfile_ff.register_file_i/g_rf_flops[28].rf_reg_q_reg[12]/D
                                0.13         -47.76 f       -47.89  (VIOLATED)
   ibex_top_inst/gen_regfile_ff.register_file_i/g_rf_flops[28].rf_reg_q_reg[14]/D
                                0.13         -47.76 f       -47.89  (VIOLATED)
   ibex_top_inst/gen_regfile_ff.register_file_i/g_rf_flops[30].rf_reg_q_reg[10]/D
                                0.13         -47.76 f       -47.89  (VIOLATED)
   ibex_top_inst/gen_regfile_ff.register_file_i/g_rf_flops[30].rf_reg_q_reg[12]/D
                                0.13         -47.76 f       -47.89  (VIOLATED)
   ibex_top_inst/gen_regfile_ff.register_file_i/g_rf_flops[30].rf_reg_q_reg[14]/D
                                0.13         -47.76 f       -47.89  (VIOLATED)
   ibex_top_inst/gen_regfile_ff.register_file_i/g_rf_flops[1].rf_reg_q_reg[9]/D
                                0.13         -47.76 f       -47.89  (VIOLATED)
   ibex_top_inst/gen_regfile_ff.register_file_i/g_rf_flops[1].rf_reg_q_reg[10]/D
                                0.13         -47.76 f       -47.89  (VIOLATED)
   ibex_top_inst/gen_regfile_ff.register_file_i/g_rf_flops[2].rf_reg_q_reg[9]/D
                                0.13         -47.76 f       -47.89  (VIOLATED)
   ibex_top_inst/gen_regfile_ff.register_file_i/g_rf_flops[2].rf_reg_q_reg[10]/D
                                0.13         -47.76 f       -47.89  (VIOLATED)
   ibex_top_inst/gen_regfile_ff.register_file_i/g_rf_flops[3].rf_reg_q_reg[9]/D
                                0.13         -47.76 f       -47.89  (VIOLATED)
   ibex_top_inst/gen_regfile_ff.register_file_i/g_rf_flops[3].rf_reg_q_reg[10]/D
                                0.13         -47.76 f       -47.89  (VIOLATED)
   ibex_top_inst/gen_regfile_ff.register_file_i/g_rf_flops[3].rf_reg_q_reg[12]/D
                                0.13         -47.76 f       -47.89  (VIOLATED)
   ibex_top_inst/gen_regfile_ff.register_file_i/g_rf_flops[5].rf_reg_q_reg[9]/D
                                0.13         -47.76 f       -47.89  (VIOLATED)
   ibex_top_inst/gen_regfile_ff.register_file_i/g_rf_flops[5].rf_reg_q_reg[10]/D
                                0.13         -47.76 f       -47.89  (VIOLATED)
   ibex_top_inst/gen_regfile_ff.register_file_i/g_rf_flops[5].rf_reg_q_reg[12]/D
                                0.13         -47.76 f       -47.89  (VIOLATED)
   ibex_top_inst/gen_regfile_ff.register_file_i/g_rf_flops[5].rf_reg_q_reg[14]/D
                                0.13         -47.76 f       -47.89  (VIOLATED)
   ibex_top_inst/gen_regfile_ff.register_file_i/g_rf_flops[6].rf_reg_q_reg[12]/D
                                0.13         -47.76 f       -47.89  (VIOLATED)
   ibex_top_inst/gen_regfile_ff.register_file_i/g_rf_flops[6].rf_reg_q_reg[14]/D
                                0.13         -47.76 f       -47.89  (VIOLATED)
   ibex_top_inst/gen_regfile_ff.register_file_i/g_rf_flops[11].rf_reg_q_reg[9]/D
                                0.13         -47.76 f       -47.89  (VIOLATED)
   ibex_top_inst/gen_regfile_ff.register_file_i/g_rf_flops[11].rf_reg_q_reg[10]/D
                                0.13         -47.76 f       -47.89  (VIOLATED)
   ibex_top_inst/gen_regfile_ff.register_file_i/g_rf_flops[11].rf_reg_q_reg[14]/D
                                0.13         -47.76 f       -47.89  (VIOLATED)
   ibex_top_inst/gen_regfile_ff.register_file_i/g_rf_flops[13].rf_reg_q_reg[10]/D
                                0.13         -47.76 f       -47.89  (VIOLATED)
   ibex_top_inst/gen_regfile_ff.register_file_i/g_rf_flops[13].rf_reg_q_reg[14]/D
                                0.13         -47.76 f       -47.89  (VIOLATED)
   ibex_top_inst/gen_regfile_ff.register_file_i/g_rf_flops[19].rf_reg_q_reg[9]/D
                                0.13         -47.76 f       -47.89  (VIOLATED)
   ibex_top_inst/gen_regfile_ff.register_file_i/g_rf_flops[19].rf_reg_q_reg[10]/D
                                0.13         -47.76 f       -47.89  (VIOLATED)
   ibex_top_inst/gen_regfile_ff.register_file_i/g_rf_flops[19].rf_reg_q_reg[12]/D
                                0.13         -47.76 f       -47.89  (VIOLATED)
   ibex_top_inst/gen_regfile_ff.register_file_i/g_rf_flops[19].rf_reg_q_reg[14]/D
                                0.13         -47.76 f       -47.89  (VIOLATED)
   ibex_top_inst/gen_regfile_ff.register_file_i/g_rf_flops[21].rf_reg_q_reg[9]/D
                                0.13         -47.76 f       -47.89  (VIOLATED)
   ibex_top_inst/gen_regfile_ff.register_file_i/g_rf_flops[21].rf_reg_q_reg[12]/D
                                0.13         -47.76 f       -47.89  (VIOLATED)
   ibex_top_inst/gen_regfile_ff.register_file_i/g_rf_flops[21].rf_reg_q_reg[14]/D
                                0.13         -47.76 f       -47.89  (VIOLATED)
   ibex_top_inst/gen_regfile_ff.register_file_i/g_rf_flops[27].rf_reg_q_reg[9]/D
                                0.13         -47.76 f       -47.89  (VIOLATED)
   ibex_top_inst/gen_regfile_ff.register_file_i/g_rf_flops[27].rf_reg_q_reg[12]/D
                                0.13         -47.76 f       -47.89  (VIOLATED)
   ibex_top_inst/gen_regfile_ff.register_file_i/g_rf_flops[27].rf_reg_q_reg[14]/D
                                0.13         -47.76 f       -47.89  (VIOLATED)
   ibex_top_inst/gen_regfile_ff.register_file_i/g_rf_flops[29].rf_reg_q_reg[10]/D
                                0.13         -47.76 f       -47.89  (VIOLATED)
   ibex_top_inst/gen_regfile_ff.register_file_i/g_rf_flops[29].rf_reg_q_reg[12]/D
                                0.13         -47.76 f       -47.89  (VIOLATED)
   ibex_top_inst/gen_regfile_ff.register_file_i/g_rf_flops[29].rf_reg_q_reg[14]/D
                                0.13         -47.76 f       -47.89  (VIOLATED)
   ibex_top_inst/gen_regfile_ff.register_file_i/g_rf_flops[1].rf_reg_q_reg[13]/D
                                0.13         -47.76 f       -47.89  (VIOLATED)
   ibex_top_inst/gen_regfile_ff.register_file_i/g_rf_flops[2].rf_reg_q_reg[13]/D
                                0.13         -47.76 f       -47.89  (VIOLATED)
   ibex_top_inst/gen_regfile_ff.register_file_i/g_rf_flops[4].rf_reg_q_reg[8]/D
                                0.13         -47.76 f       -47.89  (VIOLATED)
   ibex_top_inst/gen_regfile_ff.register_file_i/g_rf_flops[4].rf_reg_q_reg[13]/D
                                0.13         -47.76 f       -47.89  (VIOLATED)
   ibex_top_inst/gen_regfile_ff.register_file_i/g_rf_flops[6].rf_reg_q_reg[8]/D
                                0.13         -47.76 f       -47.89  (VIOLATED)
   ibex_top_inst/gen_regfile_ff.register_file_i/g_rf_flops[7].rf_reg_q_reg[8]/D
                                0.13         -47.76 f       -47.89  (VIOLATED)
   ibex_top_inst/gen_regfile_ff.register_file_i/g_rf_flops[8].rf_reg_q_reg[8]/D
                                0.13         -47.76 f       -47.89  (VIOLATED)
   ibex_top_inst/gen_regfile_ff.register_file_i/g_rf_flops[8].rf_reg_q_reg[13]/D
                                0.13         -47.76 f       -47.89  (VIOLATED)
   ibex_top_inst/gen_regfile_ff.register_file_i/g_rf_flops[9].rf_reg_q_reg[8]/D
                                0.13         -47.76 f       -47.89  (VIOLATED)
   ibex_top_inst/gen_regfile_ff.register_file_i/g_rf_flops[9].rf_reg_q_reg[13]/D
                                0.13         -47.76 f       -47.89  (VIOLATED)
   ibex_top_inst/gen_regfile_ff.register_file_i/g_rf_flops[10].rf_reg_q_reg[8]/D
                                0.13         -47.76 f       -47.89  (VIOLATED)
   ibex_top_inst/gen_regfile_ff.register_file_i/g_rf_flops[10].rf_reg_q_reg[13]/D
                                0.13         -47.76 f       -47.89  (VIOLATED)
   ibex_top_inst/gen_regfile_ff.register_file_i/g_rf_flops[12].rf_reg_q_reg[13]/D
                                0.13         -47.76 f       -47.89  (VIOLATED)
   ibex_top_inst/gen_regfile_ff.register_file_i/g_rf_flops[14].rf_reg_q_reg[13]/D
                                0.13         -47.76 f       -47.89  (VIOLATED)
   ibex_top_inst/gen_regfile_ff.register_file_i/g_rf_flops[16].rf_reg_q_reg[13]/D
                                0.13         -47.76 f       -47.89  (VIOLATED)
   ibex_top_inst/gen_regfile_ff.register_file_i/g_rf_flops[17].rf_reg_q_reg[13]/D
                                0.13         -47.76 f       -47.89  (VIOLATED)
   ibex_top_inst/gen_regfile_ff.register_file_i/g_rf_flops[18].rf_reg_q_reg[13]/D
                                0.13         -47.76 f       -47.89  (VIOLATED)
   ibex_top_inst/gen_regfile_ff.register_file_i/g_rf_flops[20].rf_reg_q_reg[13]/D
                                0.13         -47.76 f       -47.89  (VIOLATED)
   ibex_top_inst/gen_regfile_ff.register_file_i/g_rf_flops[22].rf_reg_q_reg[8]/D
                                0.13         -47.76 f       -47.89  (VIOLATED)
   ibex_top_inst/gen_regfile_ff.register_file_i/g_rf_flops[22].rf_reg_q_reg[13]/D
                                0.13         -47.76 f       -47.89  (VIOLATED)
   ibex_top_inst/gen_regfile_ff.register_file_i/g_rf_flops[23].rf_reg_q_reg[8]/D
                                0.13         -47.76 f       -47.89  (VIOLATED)
   ibex_top_inst/gen_regfile_ff.register_file_i/g_rf_flops[23].rf_reg_q_reg[13]/D
                                0.13         -47.76 f       -47.89  (VIOLATED)
   ibex_top_inst/gen_regfile_ff.register_file_i/g_rf_flops[24].rf_reg_q_reg[8]/D
                                0.13         -47.76 f       -47.89  (VIOLATED)
   ibex_top_inst/gen_regfile_ff.register_file_i/g_rf_flops[24].rf_reg_q_reg[13]/D
                                0.13         -47.76 f       -47.89  (VIOLATED)
   ibex_top_inst/gen_regfile_ff.register_file_i/g_rf_flops[25].rf_reg_q_reg[8]/D
                                0.13         -47.76 f       -47.89  (VIOLATED)
   ibex_top_inst/gen_regfile_ff.register_file_i/g_rf_flops[25].rf_reg_q_reg[13]/D
                                0.13         -47.76 f       -47.89  (VIOLATED)
   ibex_top_inst/gen_regfile_ff.register_file_i/g_rf_flops[26].rf_reg_q_reg[8]/D
                                0.13         -47.76 f       -47.89  (VIOLATED)
   ibex_top_inst/gen_regfile_ff.register_file_i/g_rf_flops[26].rf_reg_q_reg[13]/D
                                0.13         -47.76 f       -47.89  (VIOLATED)
   ibex_top_inst/gen_regfile_ff.register_file_i/g_rf_flops[28].rf_reg_q_reg[8]/D
                                0.13         -47.76 f       -47.89  (VIOLATED)
   ibex_top_inst/gen_regfile_ff.register_file_i/g_rf_flops[28].rf_reg_q_reg[13]/D
                                0.13         -47.76 f       -47.89  (VIOLATED)
   ibex_top_inst/gen_regfile_ff.register_file_i/g_rf_flops[30].rf_reg_q_reg[8]/D
                                0.13         -47.76 f       -47.89  (VIOLATED)
   ibex_top_inst/gen_regfile_ff.register_file_i/g_rf_flops[1].rf_reg_q_reg[8]/D
                                0.13         -47.76 f       -47.89  (VIOLATED)
   ibex_top_inst/gen_regfile_ff.register_file_i/g_rf_flops[2].rf_reg_q_reg[8]/D
                                0.13         -47.76 f       -47.89  (VIOLATED)
   ibex_top_inst/gen_regfile_ff.register_file_i/g_rf_flops[3].rf_reg_q_reg[8]/D
                                0.13         -47.76 f       -47.89  (VIOLATED)
   ibex_top_inst/gen_regfile_ff.register_file_i/g_rf_flops[3].rf_reg_q_reg[13]/D
                                0.13         -47.76 f       -47.89  (VIOLATED)
   ibex_top_inst/gen_regfile_ff.register_file_i/g_rf_flops[11].rf_reg_q_reg[13]/D
                                0.13         -47.76 f       -47.89  (VIOLATED)
   ibex_top_inst/gen_regfile_ff.register_file_i/g_rf_flops[13].rf_reg_q_reg[13]/D
                                0.13         -47.76 f       -47.89  (VIOLATED)
   ibex_top_inst/gen_regfile_ff.register_file_i/g_rf_flops[19].rf_reg_q_reg[13]/D
                                0.13         -47.76 f       -47.89  (VIOLATED)
   ibex_top_inst/gen_regfile_ff.register_file_i/g_rf_flops[21].rf_reg_q_reg[8]/D
                                0.13         -47.76 f       -47.89  (VIOLATED)
   ibex_top_inst/gen_regfile_ff.register_file_i/g_rf_flops[21].rf_reg_q_reg[13]/D
                                0.13         -47.76 f       -47.89  (VIOLATED)
   ibex_top_inst/gen_regfile_ff.register_file_i/g_rf_flops[27].rf_reg_q_reg[8]/D
                                0.13         -47.76 f       -47.89  (VIOLATED)
   ibex_top_inst/gen_regfile_ff.register_file_i/g_rf_flops[27].rf_reg_q_reg[13]/D
                                0.13         -47.76 f       -47.89  (VIOLATED)
   ibex_top_inst/gen_regfile_ff.register_file_i/g_rf_flops[29].rf_reg_q_reg[8]/D
                                0.13         -47.76 f       -47.89  (VIOLATED)
   ibex_top_inst/gen_regfile_ff.register_file_i/g_rf_flops[29].rf_reg_q_reg[13]/D
                                0.13         -47.76 f       -47.89  (VIOLATED)
   ibex_top_inst/gen_regfile_ff.register_file_i/g_rf_flops[20].rf_reg_q_reg[8]/D
                                0.13         -47.76 f       -47.89  (VIOLATED)
   ibex_top_inst/gen_regfile_ff.register_file_i/g_rf_flops[12].rf_reg_q_reg[8]/D
                                0.13         -47.76 f       -47.89  (VIOLATED)
   ibex_top_inst/gen_regfile_ff.register_file_i/g_rf_flops[14].rf_reg_q_reg[8]/D
                                0.13         -47.76 f       -47.89  (VIOLATED)
   ibex_top_inst/gen_regfile_ff.register_file_i/g_rf_flops[15].rf_reg_q_reg[8]/D
                                0.13         -47.76 f       -47.89  (VIOLATED)
   ibex_top_inst/gen_regfile_ff.register_file_i/g_rf_flops[16].rf_reg_q_reg[8]/D
                                0.13         -47.76 f       -47.89  (VIOLATED)
   ibex_top_inst/gen_regfile_ff.register_file_i/g_rf_flops[17].rf_reg_q_reg[8]/D
                                0.13         -47.76 f       -47.89  (VIOLATED)
   ibex_top_inst/gen_regfile_ff.register_file_i/g_rf_flops[18].rf_reg_q_reg[8]/D
                                0.13         -47.76 f       -47.89  (VIOLATED)
   ibex_top_inst/gen_regfile_ff.register_file_i/g_rf_flops[11].rf_reg_q_reg[8]/D
                                0.13         -47.76 f       -47.89  (VIOLATED)
   ibex_top_inst/gen_regfile_ff.register_file_i/g_rf_flops[13].rf_reg_q_reg[8]/D
                                0.13         -47.76 f       -47.89  (VIOLATED)
   ibex_top_inst/gen_regfile_ff.register_file_i/g_rf_flops[19].rf_reg_q_reg[8]/D
                                0.13         -47.76 f       -47.89  (VIOLATED)
   ibex_top_inst/gen_regfile_ff.register_file_i/g_rf_flops[14].rf_reg_q_reg[11]/D
                                0.13         -47.75 f       -47.88  (VIOLATED)
   ibex_top_inst/gen_regfile_ff.register_file_i/g_rf_flops[15].rf_reg_q_reg[11]/D
                                0.13         -47.75 f       -47.88  (VIOLATED)
   ibex_top_inst/gen_regfile_ff.register_file_i/g_rf_flops[16].rf_reg_q_reg[11]/D
                                0.13         -47.75 f       -47.88  (VIOLATED)
   ibex_top_inst/gen_regfile_ff.register_file_i/g_rf_flops[17].rf_reg_q_reg[11]/D
                                0.13         -47.75 f       -47.88  (VIOLATED)
   ibex_top_inst/gen_regfile_ff.register_file_i/g_rf_flops[18].rf_reg_q_reg[11]/D
                                0.13         -47.75 f       -47.88  (VIOLATED)
   ibex_top_inst/gen_regfile_ff.register_file_i/g_rf_flops[19].rf_reg_q_reg[11]/D
                                0.13         -47.75 f       -47.88  (VIOLATED)
   ibex_top_inst/gen_regfile_ff.register_file_i/g_rf_flops[20].rf_reg_q_reg[11]/D
                                0.13         -47.75 f       -47.88  (VIOLATED)
   ibex_top_inst/gen_regfile_ff.register_file_i/g_rf_flops[21].rf_reg_q_reg[11]/D
                                0.13         -47.75 f       -47.88  (VIOLATED)
   ibex_top_inst/gen_regfile_ff.register_file_i/g_rf_flops[29].rf_reg_q_reg[11]/D
                                0.13         -47.75 f       -47.88  (VIOLATED)
   ibex_top_inst/gen_regfile_ff.register_file_i/g_rf_flops[4].rf_reg_q_reg[11]/D
                                0.13         -47.75 f       -47.88  (VIOLATED)
   ibex_top_inst/gen_regfile_ff.register_file_i/g_rf_flops[6].rf_reg_q_reg[11]/D
                                0.13         -47.75 f       -47.88  (VIOLATED)
   ibex_top_inst/gen_regfile_ff.register_file_i/g_rf_flops[7].rf_reg_q_reg[11]/D
                                0.13         -47.75 f       -47.88  (VIOLATED)
   ibex_top_inst/gen_regfile_ff.register_file_i/g_rf_flops[8].rf_reg_q_reg[11]/D
                                0.13         -47.75 f       -47.88  (VIOLATED)
   ibex_top_inst/gen_regfile_ff.register_file_i/g_rf_flops[9].rf_reg_q_reg[11]/D
                                0.13         -47.75 f       -47.88  (VIOLATED)
   ibex_top_inst/gen_regfile_ff.register_file_i/g_rf_flops[10].rf_reg_q_reg[11]/D
                                0.13         -47.75 f       -47.88  (VIOLATED)
   ibex_top_inst/gen_regfile_ff.register_file_i/g_rf_flops[12].rf_reg_q_reg[11]/D
                                0.13         -47.75 f       -47.88  (VIOLATED)
   ibex_top_inst/gen_regfile_ff.register_file_i/g_rf_flops[22].rf_reg_q_reg[11]/D
                                0.13         -47.75 f       -47.88  (VIOLATED)
   ibex_top_inst/gen_regfile_ff.register_file_i/g_rf_flops[23].rf_reg_q_reg[11]/D
                                0.13         -47.75 f       -47.88  (VIOLATED)
   ibex_top_inst/gen_regfile_ff.register_file_i/g_rf_flops[24].rf_reg_q_reg[11]/D
                                0.13         -47.75 f       -47.88  (VIOLATED)
   ibex_top_inst/gen_regfile_ff.register_file_i/g_rf_flops[25].rf_reg_q_reg[11]/D
                                0.13         -47.75 f       -47.88  (VIOLATED)
   ibex_top_inst/gen_regfile_ff.register_file_i/g_rf_flops[26].rf_reg_q_reg[11]/D
                                0.13         -47.75 f       -47.88  (VIOLATED)
   ibex_top_inst/gen_regfile_ff.register_file_i/g_rf_flops[28].rf_reg_q_reg[11]/D
                                0.13         -47.75 f       -47.88  (VIOLATED)
   ibex_top_inst/gen_regfile_ff.register_file_i/g_rf_flops[30].rf_reg_q_reg[11]/D
                                0.13         -47.75 f       -47.88  (VIOLATED)
   ibex_top_inst/gen_regfile_ff.register_file_i/g_rf_flops[1].rf_reg_q_reg[11]/D
                                0.13         -47.75 f       -47.88  (VIOLATED)
   ibex_top_inst/gen_regfile_ff.register_file_i/g_rf_flops[2].rf_reg_q_reg[11]/D
                                0.13         -47.75 f       -47.88  (VIOLATED)
   ibex_top_inst/gen_regfile_ff.register_file_i/g_rf_flops[3].rf_reg_q_reg[11]/D
                                0.13         -47.75 f       -47.88  (VIOLATED)
   ibex_top_inst/gen_regfile_ff.register_file_i/g_rf_flops[5].rf_reg_q_reg[11]/D
                                0.13         -47.75 f       -47.88  (VIOLATED)
   ibex_top_inst/gen_regfile_ff.register_file_i/g_rf_flops[11].rf_reg_q_reg[11]/D
                                0.13         -47.75 f       -47.88  (VIOLATED)
   ibex_top_inst/gen_regfile_ff.register_file_i/g_rf_flops[13].rf_reg_q_reg[11]/D
                                0.13         -47.75 f       -47.88  (VIOLATED)
   ibex_top_inst/gen_regfile_ff.register_file_i/g_rf_flops[27].rf_reg_q_reg[11]/D
                                0.13         -47.75 f       -47.88  (VIOLATED)
   ibex_top_inst/gen_regfile_ff.register_file_i/g_rf_flops[1].rf_reg_q_reg[31]/D
                                0.13         -47.74 f       -47.87  (VIOLATED)
   ibex_top_inst/gen_regfile_ff.register_file_i/g_rf_flops[9].rf_reg_q_reg[31]/D
                                0.13         -47.74 f       -47.87  (VIOLATED)
   ibex_top_inst/gen_regfile_ff.register_file_i/g_rf_flops[24].rf_reg_q_reg[31]/D
                                0.13         -47.74 f       -47.87  (VIOLATED)
   ibex_top_inst/gen_regfile_ff.register_file_i/g_rf_flops[2].rf_reg_q_reg[31]/D
                                0.13         -47.74 f       -47.87  (VIOLATED)
   ibex_top_inst/gen_regfile_ff.register_file_i/g_rf_flops[4].rf_reg_q_reg[31]/D
                                0.13         -47.74 f       -47.87  (VIOLATED)
   ibex_top_inst/gen_regfile_ff.register_file_i/g_rf_flops[6].rf_reg_q_reg[31]/D
                                0.13         -47.74 f       -47.87  (VIOLATED)
   ibex_top_inst/gen_regfile_ff.register_file_i/g_rf_flops[7].rf_reg_q_reg[31]/D
                                0.13         -47.74 f       -47.87  (VIOLATED)
   ibex_top_inst/gen_regfile_ff.register_file_i/g_rf_flops[8].rf_reg_q_reg[31]/D
                                0.13         -47.74 f       -47.87  (VIOLATED)
   ibex_top_inst/gen_regfile_ff.register_file_i/g_rf_flops[12].rf_reg_q_reg[31]/D
                                0.13         -47.74 f       -47.87  (VIOLATED)
   ibex_top_inst/gen_regfile_ff.register_file_i/g_rf_flops[14].rf_reg_q_reg[31]/D
                                0.13         -47.74 f       -47.87  (VIOLATED)
   ibex_top_inst/gen_regfile_ff.register_file_i/g_rf_flops[15].rf_reg_q_reg[31]/D
                                0.13         -47.74 f       -47.87  (VIOLATED)
   ibex_top_inst/gen_regfile_ff.register_file_i/g_rf_flops[16].rf_reg_q_reg[31]/D
                                0.13         -47.74 f       -47.87  (VIOLATED)
   ibex_top_inst/gen_regfile_ff.register_file_i/g_rf_flops[18].rf_reg_q_reg[31]/D
                                0.13         -47.74 f       -47.87  (VIOLATED)
   ibex_top_inst/gen_regfile_ff.register_file_i/g_rf_flops[20].rf_reg_q_reg[31]/D
                                0.13         -47.74 f       -47.87  (VIOLATED)
   ibex_top_inst/gen_regfile_ff.register_file_i/g_rf_flops[22].rf_reg_q_reg[31]/D
                                0.13         -47.74 f       -47.87  (VIOLATED)
   ibex_top_inst/gen_regfile_ff.register_file_i/g_rf_flops[23].rf_reg_q_reg[31]/D
                                0.13         -47.74 f       -47.87  (VIOLATED)
   ibex_top_inst/gen_regfile_ff.register_file_i/g_rf_flops[25].rf_reg_q_reg[31]/D
                                0.13         -47.74 f       -47.87  (VIOLATED)
   ibex_top_inst/gen_regfile_ff.register_file_i/g_rf_flops[26].rf_reg_q_reg[31]/D
                                0.13         -47.74 f       -47.87  (VIOLATED)
   ibex_top_inst/gen_regfile_ff.register_file_i/g_rf_flops[28].rf_reg_q_reg[31]/D
                                0.13         -47.74 f       -47.87  (VIOLATED)
   ibex_top_inst/gen_regfile_ff.register_file_i/g_rf_flops[30].rf_reg_q_reg[31]/D
                                0.13         -47.74 f       -47.87  (VIOLATED)
   ibex_top_inst/gen_regfile_ff.register_file_i/g_rf_flops[3].rf_reg_q_reg[31]/D
                                0.13         -47.74 f       -47.87  (VIOLATED)
   ibex_top_inst/gen_regfile_ff.register_file_i/g_rf_flops[5].rf_reg_q_reg[31]/D
                                0.13         -47.74 f       -47.87  (VIOLATED)
   ibex_top_inst/gen_regfile_ff.register_file_i/g_rf_flops[10].rf_reg_q_reg[31]/D
                                0.13         -47.74 f       -47.87  (VIOLATED)
   ibex_top_inst/gen_regfile_ff.register_file_i/g_rf_flops[11].rf_reg_q_reg[31]/D
                                0.13         -47.74 f       -47.87  (VIOLATED)
   ibex_top_inst/gen_regfile_ff.register_file_i/g_rf_flops[13].rf_reg_q_reg[31]/D
                                0.13         -47.74 f       -47.87  (VIOLATED)
   ibex_top_inst/gen_regfile_ff.register_file_i/g_rf_flops[17].rf_reg_q_reg[31]/D
                                0.13         -47.74 f       -47.87  (VIOLATED)
   ibex_top_inst/gen_regfile_ff.register_file_i/g_rf_flops[19].rf_reg_q_reg[31]/D
                                0.13         -47.74 f       -47.87  (VIOLATED)
   ibex_top_inst/gen_regfile_ff.register_file_i/g_rf_flops[21].rf_reg_q_reg[31]/D
                                0.13         -47.74 f       -47.87  (VIOLATED)
   ibex_top_inst/gen_regfile_ff.register_file_i/g_rf_flops[27].rf_reg_q_reg[31]/D
                                0.13         -47.74 f       -47.87  (VIOLATED)
   ibex_top_inst/gen_regfile_ff.register_file_i/g_rf_flops[29].rf_reg_q_reg[31]/D
                                0.13         -47.74 f       -47.87  (VIOLATED)
   ibex_top_inst/gen_regfile_ff.register_file_i/g_rf_flops[31].rf_reg_q_reg[25]/D
                                0.13         -47.73 f       -47.86  (VIOLATED)
   ibex_top_inst/gen_regfile_ff.register_file_i/g_rf_flops[31].rf_reg_q_reg[30]/D
                                0.13         -47.73 f       -47.86  (VIOLATED)
   ibex_top_inst/gen_regfile_ff.register_file_i/g_rf_flops[31].rf_reg_q_reg[16]/D
                                0.13         -47.73 f       -47.86  (VIOLATED)
   ibex_top_inst/gen_regfile_ff.register_file_i/g_rf_flops[31].rf_reg_q_reg[19]/D
                                0.13         -47.73 f       -47.86  (VIOLATED)
   ibex_top_inst/gen_regfile_ff.register_file_i/g_rf_flops[31].rf_reg_q_reg[21]/D
                                0.13         -47.73 f       -47.86  (VIOLATED)
   ibex_top_inst/gen_regfile_ff.register_file_i/g_rf_flops[31].rf_reg_q_reg[23]/D
                                0.13         -47.73 f       -47.86  (VIOLATED)
   ibex_top_inst/gen_regfile_ff.register_file_i/g_rf_flops[31].rf_reg_q_reg[22]/D
                                0.13         -47.73 f       -47.86  (VIOLATED)
   ibex_top_inst/gen_regfile_ff.register_file_i/g_rf_flops[31].rf_reg_q_reg[29]/D
                                0.13         -47.73 f       -47.86  (VIOLATED)
   ibex_top_inst/gen_regfile_ff.register_file_i/g_rf_flops[31].rf_reg_q_reg[17]/D
                                0.13         -47.73 f       -47.86  (VIOLATED)
   ibex_top_inst/gen_regfile_ff.register_file_i/g_rf_flops[31].rf_reg_q_reg[18]/D
                                0.13         -47.73 f       -47.86  (VIOLATED)
   ibex_top_inst/gen_regfile_ff.register_file_i/g_rf_flops[31].rf_reg_q_reg[24]/D
                                0.13         -47.73 f       -47.86  (VIOLATED)
   ibex_top_inst/gen_regfile_ff.register_file_i/g_rf_flops[31].rf_reg_q_reg[26]/D
                                0.13         -47.73 f       -47.86  (VIOLATED)
   ibex_top_inst/gen_regfile_ff.register_file_i/g_rf_flops[31].rf_reg_q_reg[27]/D
                                0.13         -47.73 f       -47.86  (VIOLATED)
   ibex_top_inst/gen_regfile_ff.register_file_i/g_rf_flops[31].rf_reg_q_reg[28]/D
                                0.13         -47.73 f       -47.86  (VIOLATED)
   ibex_top_inst/gen_regfile_ff.register_file_i/g_rf_flops[23].rf_reg_q_reg[20]/D
                                0.13         -47.73 f       -47.86  (VIOLATED)
   ibex_top_inst/gen_regfile_ff.register_file_i/g_rf_flops[25].rf_reg_q_reg[20]/D
                                0.13         -47.73 f       -47.86  (VIOLATED)
   ibex_top_inst/gen_regfile_ff.register_file_i/g_rf_flops[31].rf_reg_q_reg[20]/D
                                0.13         -47.73 f       -47.86  (VIOLATED)
   ibex_top_inst/gen_regfile_ff.register_file_i/g_rf_flops[21].rf_reg_q_reg[20]/D
                                0.13         -47.73 f       -47.86  (VIOLATED)
   ibex_top_inst/gen_regfile_ff.register_file_i/g_rf_flops[27].rf_reg_q_reg[20]/D
                                0.13         -47.73 f       -47.86  (VIOLATED)
   ibex_top_inst/gen_regfile_ff.register_file_i/g_rf_flops[29].rf_reg_q_reg[20]/D
                                0.13         -47.73 f       -47.86  (VIOLATED)
   ibex_top_inst/gen_regfile_ff.register_file_i/g_rf_flops[1].rf_reg_q_reg[16]/D
                                0.13         -47.70 f       -47.83  (VIOLATED)
   ibex_top_inst/gen_regfile_ff.register_file_i/g_rf_flops[5].rf_reg_q_reg[23]/D
                                0.13         -47.70 f       -47.83  (VIOLATED)
   ibex_top_inst/gen_regfile_ff.register_file_i/g_rf_flops[9].rf_reg_q_reg[16]/D
                                0.13         -47.70 f       -47.83  (VIOLATED)
   ibex_top_inst/gen_regfile_ff.register_file_i/g_rf_flops[20].rf_reg_q_reg[23]/D
                                0.13         -47.70 f       -47.83  (VIOLATED)
   ibex_top_inst/gen_regfile_ff.register_file_i/g_rf_flops[24].rf_reg_q_reg[16]/D
                                0.13         -47.70 f       -47.83  (VIOLATED)
   ibex_top_inst/gen_regfile_ff.register_file_i/g_rf_flops[4].rf_reg_q_reg[22]/D
                                0.13         -47.70 f       -47.83  (VIOLATED)
   ibex_top_inst/gen_regfile_ff.register_file_i/g_rf_flops[6].rf_reg_q_reg[25]/D
                                0.13         -47.70 f       -47.83  (VIOLATED)
   ibex_top_inst/gen_regfile_ff.register_file_i/g_rf_flops[6].rf_reg_q_reg[29]/D
                                0.13         -47.70 f       -47.83  (VIOLATED)
   ibex_top_inst/gen_regfile_ff.register_file_i/g_rf_flops[7].rf_reg_q_reg[29]/D
                                0.13         -47.70 f       -47.83  (VIOLATED)
   ibex_top_inst/gen_regfile_ff.register_file_i/g_rf_flops[8].rf_reg_q_reg[29]/D
                                0.13         -47.70 f       -47.83  (VIOLATED)
   ibex_top_inst/gen_regfile_ff.register_file_i/g_rf_flops[12].rf_reg_q_reg[22]/D
                                0.13         -47.70 f       -47.83  (VIOLATED)
   ibex_top_inst/gen_regfile_ff.register_file_i/g_rf_flops[18].rf_reg_q_reg[19]/D
                                0.13         -47.70 f       -47.83  (VIOLATED)
   ibex_top_inst/gen_regfile_ff.register_file_i/g_rf_flops[21].rf_reg_q_reg[25]/D
                                0.13         -47.70 f       -47.83  (VIOLATED)
   ibex_top_inst/gen_regfile_ff.register_file_i/g_rf_flops[23].rf_reg_q_reg[29]/D
                                0.13         -47.70 f       -47.83  (VIOLATED)
   ibex_top_inst/gen_regfile_ff.register_file_i/g_rf_flops[27].rf_reg_q_reg[22]/D
                                0.13         -47.70 f       -47.83  (VIOLATED)
   ibex_top_inst/gen_regfile_ff.register_file_i/g_rf_flops[29].rf_reg_q_reg[25]/D
                                0.13         -47.70 f       -47.83  (VIOLATED)
   ibex_top_inst/gen_regfile_ff.register_file_i/g_rf_flops[30].rf_reg_q_reg[25]/D
                                0.13         -47.70 f       -47.83  (VIOLATED)
   ibex_top_inst/gen_regfile_ff.register_file_i/g_rf_flops[13].rf_reg_q_reg[24]/D
                                0.13         -47.70 f       -47.83  (VIOLATED)
   ibex_top_inst/gen_regfile_ff.register_file_i/g_rf_flops[14].rf_reg_q_reg[26]/D
                                0.13         -47.70 f       -47.83  (VIOLATED)
   ibex_top_inst/gen_regfile_ff.register_file_i/g_rf_flops[22].rf_reg_q_reg[26]/D
                                0.13         -47.70 f       -47.83  (VIOLATED)
   ibex_top_inst/gen_regfile_ff.register_file_i/g_rf_flops[23].rf_reg_q_reg[26]/D
                                0.13         -47.70 f       -47.83  (VIOLATED)
   ibex_top_inst/gen_regfile_ff.register_file_i/g_rf_flops[24].rf_reg_q_reg[26]/D
                                0.13         -47.70 f       -47.83  (VIOLATED)
   ibex_top_inst/gen_regfile_ff.register_file_i/g_rf_flops[25].rf_reg_q_reg[26]/D
                                0.13         -47.70 f       -47.83  (VIOLATED)
   ibex_top_inst/gen_regfile_ff.register_file_i/g_rf_flops[26].rf_reg_q_reg[26]/D
                                0.13         -47.70 f       -47.83  (VIOLATED)
   ibex_top_inst/gen_regfile_ff.register_file_i/g_rf_flops[27].rf_reg_q_reg[26]/D
                                0.13         -47.70 f       -47.83  (VIOLATED)
   ibex_top_inst/gen_regfile_ff.register_file_i/g_rf_flops[28].rf_reg_q_reg[24]/D
                                0.13         -47.70 f       -47.83  (VIOLATED)
   ibex_top_inst/gen_regfile_ff.register_file_i/g_rf_flops[28].rf_reg_q_reg[26]/D
                                0.13         -47.70 f       -47.83  (VIOLATED)
   ibex_top_inst/gen_regfile_ff.register_file_i/g_rf_flops[29].rf_reg_q_reg[26]/D
                                0.13         -47.70 f       -47.83  (VIOLATED)
   ibex_top_inst/gen_regfile_ff.register_file_i/g_rf_flops[2].rf_reg_q_reg[18]/D
                                0.13         -47.70 f       -47.83  (VIOLATED)
   ibex_top_inst/gen_regfile_ff.register_file_i/g_rf_flops[7].rf_reg_q_reg[27]/D
                                0.13         -47.70 f       -47.83  (VIOLATED)
   ibex_top_inst/gen_regfile_ff.register_file_i/g_rf_flops[8].rf_reg_q_reg[28]/D
                                0.13         -47.70 f       -47.83  (VIOLATED)
   ibex_top_inst/gen_regfile_ff.register_file_i/g_rf_flops[9].rf_reg_q_reg[28]/D
                                0.13         -47.70 f       -47.83  (VIOLATED)
   ibex_top_inst/gen_regfile_ff.register_file_i/g_rf_flops[10].rf_reg_q_reg[18]/D
                                0.13         -47.70 f       -47.83  (VIOLATED)
   ibex_top_inst/gen_regfile_ff.register_file_i/g_rf_flops[10].rf_reg_q_reg[28]/D
                                0.13         -47.70 f       -47.83  (VIOLATED)
   ibex_top_inst/gen_regfile_ff.register_file_i/g_rf_flops[11].rf_reg_q_reg[28]/D
                                0.13         -47.70 f       -47.83  (VIOLATED)
   ibex_top_inst/gen_regfile_ff.register_file_i/g_rf_flops[12].rf_reg_q_reg[28]/D
                                0.13         -47.70 f       -47.83  (VIOLATED)
   ibex_top_inst/gen_regfile_ff.register_file_i/g_rf_flops[13].rf_reg_q_reg[28]/D
                                0.13         -47.70 f       -47.83  (VIOLATED)
   ibex_top_inst/gen_regfile_ff.register_file_i/g_rf_flops[14].rf_reg_q_reg[28]/D
                                0.13         -47.70 f       -47.83  (VIOLATED)
   ibex_top_inst/gen_regfile_ff.register_file_i/g_rf_flops[15].rf_reg_q_reg[27]/D
                                0.13         -47.70 f       -47.83  (VIOLATED)
   ibex_top_inst/gen_regfile_ff.register_file_i/g_rf_flops[15].rf_reg_q_reg[28]/D
                                0.13         -47.70 f       -47.83  (VIOLATED)
   ibex_top_inst/gen_regfile_ff.register_file_i/g_rf_flops[16].rf_reg_q_reg[27]/D
                                0.13         -47.70 f       -47.83  (VIOLATED)
   ibex_top_inst/gen_regfile_ff.register_file_i/g_rf_flops[17].rf_reg_q_reg[17]/D
                                0.13         -47.70 f       -47.83  (VIOLATED)
   ibex_top_inst/gen_regfile_ff.register_file_i/g_rf_flops[17].rf_reg_q_reg[27]/D
                                0.13         -47.70 f       -47.83  (VIOLATED)
   ibex_top_inst/gen_regfile_ff.register_file_i/g_rf_flops[18].rf_reg_q_reg[27]/D
                                0.13         -47.70 f       -47.83  (VIOLATED)
   ibex_top_inst/gen_regfile_ff.register_file_i/g_rf_flops[19].rf_reg_q_reg[27]/D
                                0.13         -47.70 f       -47.83  (VIOLATED)
   ibex_top_inst/gen_regfile_ff.register_file_i/g_rf_flops[20].rf_reg_q_reg[27]/D
                                0.13         -47.70 f       -47.83  (VIOLATED)
   ibex_top_inst/gen_regfile_ff.register_file_i/g_rf_flops[21].rf_reg_q_reg[27]/D
                                0.13         -47.70 f       -47.83  (VIOLATED)
   ibex_top_inst/gen_regfile_ff.register_file_i/g_rf_flops[22].rf_reg_q_reg[27]/D
                                0.13         -47.70 f       -47.83  (VIOLATED)
   ibex_top_inst/gen_regfile_ff.register_file_i/g_rf_flops[25].rf_reg_q_reg[18]/D
                                0.13         -47.70 f       -47.83  (VIOLATED)
   ibex_top_inst/gen_regfile_ff.register_file_i/g_rf_flops[30].rf_reg_q_reg[28]/D
                                0.13         -47.70 f       -47.83  (VIOLATED)
   ibex_top_inst/gen_regfile_ff.register_file_i/g_rf_flops[1].rf_reg_q_reg[30]/D
                                0.13         -47.70 f       -47.83  (VIOLATED)
   ibex_top_inst/gen_regfile_ff.register_file_i/g_rf_flops[2].rf_reg_q_reg[30]/D
                                0.13         -47.70 f       -47.83  (VIOLATED)
   ibex_top_inst/gen_regfile_ff.register_file_i/g_rf_flops[3].rf_reg_q_reg[30]/D
                                0.13         -47.70 f       -47.83  (VIOLATED)
   ibex_top_inst/gen_regfile_ff.register_file_i/g_rf_flops[4].rf_reg_q_reg[30]/D
                                0.13         -47.70 f       -47.83  (VIOLATED)
   ibex_top_inst/gen_regfile_ff.register_file_i/g_rf_flops[5].rf_reg_q_reg[30]/D
                                0.13         -47.70 f       -47.83  (VIOLATED)
   ibex_top_inst/gen_regfile_ff.register_file_i/g_rf_flops[16].rf_reg_q_reg[30]/D
                                0.13         -47.70 f       -47.83  (VIOLATED)
   ibex_top_inst/gen_regfile_ff.register_file_i/g_rf_flops[26].rf_reg_q_reg[20]/D
                                0.13         -47.70 f       -47.83  (VIOLATED)
   ibex_top_inst/gen_regfile_ff.register_file_i/g_rf_flops[5].rf_reg_q_reg[27]/D
                                0.13         -47.70 f       -47.83  (VIOLATED)
   ibex_top_inst/gen_regfile_ff.register_file_i/g_rf_flops[1].rf_reg_q_reg[23]/D
                                0.13         -47.70 f       -47.83  (VIOLATED)
   ibex_top_inst/gen_regfile_ff.register_file_i/g_rf_flops[2].rf_reg_q_reg[16]/D
                                0.13         -47.70 f       -47.83  (VIOLATED)
   ibex_top_inst/gen_regfile_ff.register_file_i/g_rf_flops[2].rf_reg_q_reg[23]/D
                                0.13         -47.70 f       -47.83  (VIOLATED)
   ibex_top_inst/gen_regfile_ff.register_file_i/g_rf_flops[4].rf_reg_q_reg[16]/D
                                0.13         -47.70 f       -47.83  (VIOLATED)
   ibex_top_inst/gen_regfile_ff.register_file_i/g_rf_flops[4].rf_reg_q_reg[23]/D
                                0.13         -47.70 f       -47.83  (VIOLATED)
   ibex_top_inst/gen_regfile_ff.register_file_i/g_rf_flops[6].rf_reg_q_reg[23]/D
                                0.13         -47.70 f       -47.83  (VIOLATED)
   ibex_top_inst/gen_regfile_ff.register_file_i/g_rf_flops[7].rf_reg_q_reg[16]/D
                                0.13         -47.70 f       -47.83  (VIOLATED)
   ibex_top_inst/gen_regfile_ff.register_file_i/g_rf_flops[7].rf_reg_q_reg[23]/D
                                0.13         -47.70 f       -47.83  (VIOLATED)
   ibex_top_inst/gen_regfile_ff.register_file_i/g_rf_flops[8].rf_reg_q_reg[16]/D
                                0.13         -47.70 f       -47.83  (VIOLATED)
   ibex_top_inst/gen_regfile_ff.register_file_i/g_rf_flops[8].rf_reg_q_reg[23]/D
                                0.13         -47.70 f       -47.83  (VIOLATED)
   ibex_top_inst/gen_regfile_ff.register_file_i/g_rf_flops[9].rf_reg_q_reg[23]/D
                                0.13         -47.70 f       -47.83  (VIOLATED)
   ibex_top_inst/gen_regfile_ff.register_file_i/g_rf_flops[10].rf_reg_q_reg[16]/D
                                0.13         -47.70 f       -47.83  (VIOLATED)
   ibex_top_inst/gen_regfile_ff.register_file_i/g_rf_flops[12].rf_reg_q_reg[16]/D
                                0.13         -47.70 f       -47.83  (VIOLATED)
   ibex_top_inst/gen_regfile_ff.register_file_i/g_rf_flops[12].rf_reg_q_reg[23]/D
                                0.13         -47.70 f       -47.83  (VIOLATED)
   ibex_top_inst/gen_regfile_ff.register_file_i/g_rf_flops[14].rf_reg_q_reg[16]/D
                                0.13         -47.70 f       -47.83  (VIOLATED)
   ibex_top_inst/gen_regfile_ff.register_file_i/g_rf_flops[14].rf_reg_q_reg[23]/D
                                0.13         -47.70 f       -47.83  (VIOLATED)
   ibex_top_inst/gen_regfile_ff.register_file_i/g_rf_flops[15].rf_reg_q_reg[16]/D
                                0.13         -47.70 f       -47.83  (VIOLATED)
   ibex_top_inst/gen_regfile_ff.register_file_i/g_rf_flops[15].rf_reg_q_reg[23]/D
                                0.13         -47.70 f       -47.83  (VIOLATED)
   ibex_top_inst/gen_regfile_ff.register_file_i/g_rf_flops[16].rf_reg_q_reg[16]/D
                                0.13         -47.70 f       -47.83  (VIOLATED)
   ibex_top_inst/gen_regfile_ff.register_file_i/g_rf_flops[16].rf_reg_q_reg[23]/D
                                0.13         -47.70 f       -47.83  (VIOLATED)
   ibex_top_inst/gen_regfile_ff.register_file_i/g_rf_flops[17].rf_reg_q_reg[16]/D
                                0.13         -47.70 f       -47.83  (VIOLATED)
   ibex_top_inst/gen_regfile_ff.register_file_i/g_rf_flops[18].rf_reg_q_reg[16]/D
                                0.13         -47.70 f       -47.83  (VIOLATED)
   ibex_top_inst/gen_regfile_ff.register_file_i/g_rf_flops[18].rf_reg_q_reg[23]/D
                                0.13         -47.70 f       -47.83  (VIOLATED)
   ibex_top_inst/gen_regfile_ff.register_file_i/g_rf_flops[20].rf_reg_q_reg[16]/D
                                0.13         -47.70 f       -47.83  (VIOLATED)
   ibex_top_inst/gen_regfile_ff.register_file_i/g_rf_flops[22].rf_reg_q_reg[16]/D
                                0.13         -47.70 f       -47.83  (VIOLATED)
   ibex_top_inst/gen_regfile_ff.register_file_i/g_rf_flops[22].rf_reg_q_reg[23]/D
                                0.13         -47.70 f       -47.83  (VIOLATED)
   ibex_top_inst/gen_regfile_ff.register_file_i/g_rf_flops[23].rf_reg_q_reg[16]/D
                                0.13         -47.70 f       -47.83  (VIOLATED)
   ibex_top_inst/gen_regfile_ff.register_file_i/g_rf_flops[23].rf_reg_q_reg[23]/D
                                0.13         -47.70 f       -47.83  (VIOLATED)
   ibex_top_inst/gen_regfile_ff.register_file_i/g_rf_flops[24].rf_reg_q_reg[23]/D
                                0.13         -47.70 f       -47.83  (VIOLATED)
   ibex_top_inst/gen_regfile_ff.register_file_i/g_rf_flops[25].rf_reg_q_reg[16]/D
                                0.13         -47.70 f       -47.83  (VIOLATED)
   ibex_top_inst/gen_regfile_ff.register_file_i/g_rf_flops[25].rf_reg_q_reg[23]/D
                                0.13         -47.70 f       -47.83  (VIOLATED)
   ibex_top_inst/gen_regfile_ff.register_file_i/g_rf_flops[26].rf_reg_q_reg[16]/D
                                0.13         -47.70 f       -47.83  (VIOLATED)
   ibex_top_inst/gen_regfile_ff.register_file_i/g_rf_flops[26].rf_reg_q_reg[23]/D
                                0.13         -47.70 f       -47.83  (VIOLATED)
   ibex_top_inst/gen_regfile_ff.register_file_i/g_rf_flops[28].rf_reg_q_reg[16]/D
                                0.13         -47.70 f       -47.83  (VIOLATED)
   ibex_top_inst/gen_regfile_ff.register_file_i/g_rf_flops[28].rf_reg_q_reg[23]/D
                                0.13         -47.70 f       -47.83  (VIOLATED)
   ibex_top_inst/gen_regfile_ff.register_file_i/g_rf_flops[30].rf_reg_q_reg[16]/D
                                0.13         -47.70 f       -47.83  (VIOLATED)
   ibex_top_inst/gen_regfile_ff.register_file_i/g_rf_flops[30].rf_reg_q_reg[23]/D
                                0.13         -47.70 f       -47.83  (VIOLATED)
   ibex_top_inst/gen_regfile_ff.register_file_i/g_rf_flops[1].rf_reg_q_reg[19]/D
                                0.13         -47.70 f       -47.83  (VIOLATED)
   ibex_top_inst/gen_regfile_ff.register_file_i/g_rf_flops[1].rf_reg_q_reg[21]/D
                                0.13         -47.70 f       -47.83  (VIOLATED)
   ibex_top_inst/gen_regfile_ff.register_file_i/g_rf_flops[1].rf_reg_q_reg[22]/D
                                0.13         -47.70 f       -47.83  (VIOLATED)
   ibex_top_inst/gen_regfile_ff.register_file_i/g_rf_flops[1].rf_reg_q_reg[25]/D
                                0.13         -47.70 f       -47.83  (VIOLATED)
   ibex_top_inst/gen_regfile_ff.register_file_i/g_rf_flops[1].rf_reg_q_reg[29]/D
                                0.13         -47.70 f       -47.83  (VIOLATED)
   ibex_top_inst/gen_regfile_ff.register_file_i/g_rf_flops[2].rf_reg_q_reg[19]/D
                                0.13         -47.70 f       -47.83  (VIOLATED)
   ibex_top_inst/gen_regfile_ff.register_file_i/g_rf_flops[2].rf_reg_q_reg[21]/D
                                0.13         -47.70 f       -47.83  (VIOLATED)
   ibex_top_inst/gen_regfile_ff.register_file_i/g_rf_flops[2].rf_reg_q_reg[22]/D
                                0.13         -47.70 f       -47.83  (VIOLATED)
   ibex_top_inst/gen_regfile_ff.register_file_i/g_rf_flops[2].rf_reg_q_reg[25]/D
                                0.13         -47.70 f       -47.83  (VIOLATED)
   ibex_top_inst/gen_regfile_ff.register_file_i/g_rf_flops[2].rf_reg_q_reg[29]/D
                                0.13         -47.70 f       -47.83  (VIOLATED)
   ibex_top_inst/gen_regfile_ff.register_file_i/g_rf_flops[4].rf_reg_q_reg[19]/D
                                0.13         -47.70 f       -47.83  (VIOLATED)
   ibex_top_inst/gen_regfile_ff.register_file_i/g_rf_flops[4].rf_reg_q_reg[21]/D
                                0.13         -47.70 f       -47.83  (VIOLATED)
   ibex_top_inst/gen_regfile_ff.register_file_i/g_rf_flops[4].rf_reg_q_reg[25]/D
                                0.13         -47.70 f       -47.83  (VIOLATED)
   ibex_top_inst/gen_regfile_ff.register_file_i/g_rf_flops[4].rf_reg_q_reg[29]/D
                                0.13         -47.70 f       -47.83  (VIOLATED)
   ibex_top_inst/gen_regfile_ff.register_file_i/g_rf_flops[6].rf_reg_q_reg[22]/D
                                0.13         -47.70 f       -47.83  (VIOLATED)
   ibex_top_inst/gen_regfile_ff.register_file_i/g_rf_flops[7].rf_reg_q_reg[19]/D
                                0.13         -47.70 f       -47.83  (VIOLATED)
   ibex_top_inst/gen_regfile_ff.register_file_i/g_rf_flops[7].rf_reg_q_reg[21]/D
                                0.13         -47.70 f       -47.83  (VIOLATED)
   ibex_top_inst/gen_regfile_ff.register_file_i/g_rf_flops[7].rf_reg_q_reg[22]/D
                                0.13         -47.70 f       -47.83  (VIOLATED)
   ibex_top_inst/gen_regfile_ff.register_file_i/g_rf_flops[7].rf_reg_q_reg[25]/D
                                0.13         -47.70 f       -47.83  (VIOLATED)
   ibex_top_inst/gen_regfile_ff.register_file_i/g_rf_flops[8].rf_reg_q_reg[19]/D
                                0.13         -47.70 f       -47.83  (VIOLATED)
   ibex_top_inst/gen_regfile_ff.register_file_i/g_rf_flops[8].rf_reg_q_reg[21]/D
                                0.13         -47.70 f       -47.83  (VIOLATED)
   ibex_top_inst/gen_regfile_ff.register_file_i/g_rf_flops[8].rf_reg_q_reg[22]/D
                                0.13         -47.70 f       -47.83  (VIOLATED)
   ibex_top_inst/gen_regfile_ff.register_file_i/g_rf_flops[8].rf_reg_q_reg[25]/D
                                0.13         -47.70 f       -47.83  (VIOLATED)
   ibex_top_inst/gen_regfile_ff.register_file_i/g_rf_flops[9].rf_reg_q_reg[19]/D
                                0.13         -47.70 f       -47.83  (VIOLATED)
   ibex_top_inst/gen_regfile_ff.register_file_i/g_rf_flops[9].rf_reg_q_reg[21]/D
                                0.13         -47.70 f       -47.83  (VIOLATED)
   ibex_top_inst/gen_regfile_ff.register_file_i/g_rf_flops[9].rf_reg_q_reg[22]/D
                                0.13         -47.70 f       -47.83  (VIOLATED)
   ibex_top_inst/gen_regfile_ff.register_file_i/g_rf_flops[9].rf_reg_q_reg[25]/D
                                0.13         -47.70 f       -47.83  (VIOLATED)
   ibex_top_inst/gen_regfile_ff.register_file_i/g_rf_flops[9].rf_reg_q_reg[29]/D
                                0.13         -47.70 f       -47.83  (VIOLATED)
   ibex_top_inst/gen_regfile_ff.register_file_i/g_rf_flops[10].rf_reg_q_reg[19]/D
                                0.13         -47.70 f       -47.83  (VIOLATED)
   ibex_top_inst/gen_regfile_ff.register_file_i/g_rf_flops[10].rf_reg_q_reg[21]/D
                                0.13         -47.70 f       -47.83  (VIOLATED)
   ibex_top_inst/gen_regfile_ff.register_file_i/g_rf_flops[12].rf_reg_q_reg[19]/D
                                0.13         -47.70 f       -47.83  (VIOLATED)
   ibex_top_inst/gen_regfile_ff.register_file_i/g_rf_flops[12].rf_reg_q_reg[25]/D
                                0.13         -47.70 f       -47.83  (VIOLATED)
   ibex_top_inst/gen_regfile_ff.register_file_i/g_rf_flops[12].rf_reg_q_reg[29]/D
                                0.13         -47.70 f       -47.83  (VIOLATED)
   ibex_top_inst/gen_regfile_ff.register_file_i/g_rf_flops[14].rf_reg_q_reg[19]/D
                                0.13         -47.70 f       -47.83  (VIOLATED)
   ibex_top_inst/gen_regfile_ff.register_file_i/g_rf_flops[14].rf_reg_q_reg[22]/D
                                0.13         -47.70 f       -47.83  (VIOLATED)
   ibex_top_inst/gen_regfile_ff.register_file_i/g_rf_flops[14].rf_reg_q_reg[25]/D
                                0.13         -47.70 f       -47.83  (VIOLATED)
   ibex_top_inst/gen_regfile_ff.register_file_i/g_rf_flops[14].rf_reg_q_reg[29]/D
                                0.13         -47.70 f       -47.83  (VIOLATED)
   ibex_top_inst/gen_regfile_ff.register_file_i/g_rf_flops[15].rf_reg_q_reg[19]/D
                                0.13         -47.70 f       -47.83  (VIOLATED)
   ibex_top_inst/gen_regfile_ff.register_file_i/g_rf_flops[15].rf_reg_q_reg[22]/D
                                0.13         -47.70 f       -47.83  (VIOLATED)
   ibex_top_inst/gen_regfile_ff.register_file_i/g_rf_flops[15].rf_reg_q_reg[25]/D
                                0.13         -47.70 f       -47.83  (VIOLATED)
   ibex_top_inst/gen_regfile_ff.register_file_i/g_rf_flops[15].rf_reg_q_reg[29]/D
                                0.13         -47.70 f       -47.83  (VIOLATED)
   ibex_top_inst/gen_regfile_ff.register_file_i/g_rf_flops[16].rf_reg_q_reg[19]/D
                                0.13         -47.70 f       -47.83  (VIOLATED)
   ibex_top_inst/gen_regfile_ff.register_file_i/g_rf_flops[16].rf_reg_q_reg[22]/D
                                0.13         -47.70 f       -47.83  (VIOLATED)
   ibex_top_inst/gen_regfile_ff.register_file_i/g_rf_flops[16].rf_reg_q_reg[25]/D
                                0.13         -47.70 f       -47.83  (VIOLATED)
   ibex_top_inst/gen_regfile_ff.register_file_i/g_rf_flops[16].rf_reg_q_reg[29]/D
                                0.13         -47.70 f       -47.83  (VIOLATED)
   ibex_top_inst/gen_regfile_ff.register_file_i/g_rf_flops[17].rf_reg_q_reg[19]/D
                                0.13         -47.70 f       -47.83  (VIOLATED)
   ibex_top_inst/gen_regfile_ff.register_file_i/g_rf_flops[18].rf_reg_q_reg[22]/D
                                0.13         -47.70 f       -47.83  (VIOLATED)
   ibex_top_inst/gen_regfile_ff.register_file_i/g_rf_flops[18].rf_reg_q_reg[25]/D
                                0.13         -47.70 f       -47.83  (VIOLATED)
   ibex_top_inst/gen_regfile_ff.register_file_i/g_rf_flops[18].rf_reg_q_reg[29]/D
                                0.13         -47.70 f       -47.83  (VIOLATED)
   ibex_top_inst/gen_regfile_ff.register_file_i/g_rf_flops[20].rf_reg_q_reg[19]/D
                                0.13         -47.70 f       -47.83  (VIOLATED)
   ibex_top_inst/gen_regfile_ff.register_file_i/g_rf_flops[20].rf_reg_q_reg[22]/D
                                0.13         -47.70 f       -47.83  (VIOLATED)
   ibex_top_inst/gen_regfile_ff.register_file_i/g_rf_flops[20].rf_reg_q_reg[25]/D
                                0.13         -47.70 f       -47.83  (VIOLATED)
   ibex_top_inst/gen_regfile_ff.register_file_i/g_rf_flops[20].rf_reg_q_reg[29]/D
                                0.13         -47.70 f       -47.83  (VIOLATED)
   ibex_top_inst/gen_regfile_ff.register_file_i/g_rf_flops[22].rf_reg_q_reg[21]/D
                                0.13         -47.70 f       -47.83  (VIOLATED)
   ibex_top_inst/gen_regfile_ff.register_file_i/g_rf_flops[22].rf_reg_q_reg[22]/D
                                0.13         -47.70 f       -47.83  (VIOLATED)
   ibex_top_inst/gen_regfile_ff.register_file_i/g_rf_flops[22].rf_reg_q_reg[25]/D
                                0.13         -47.70 f       -47.83  (VIOLATED)
   ibex_top_inst/gen_regfile_ff.register_file_i/g_rf_flops[22].rf_reg_q_reg[29]/D
                                0.13         -47.70 f       -47.83  (VIOLATED)
   ibex_top_inst/gen_regfile_ff.register_file_i/g_rf_flops[23].rf_reg_q_reg[21]/D
                                0.13         -47.70 f       -47.83  (VIOLATED)
   ibex_top_inst/gen_regfile_ff.register_file_i/g_rf_flops[23].rf_reg_q_reg[22]/D
                                0.13         -47.70 f       -47.83  (VIOLATED)
   ibex_top_inst/gen_regfile_ff.register_file_i/g_rf_flops[23].rf_reg_q_reg[25]/D
                                0.13         -47.70 f       -47.83  (VIOLATED)
   ibex_top_inst/gen_regfile_ff.register_file_i/g_rf_flops[24].rf_reg_q_reg[21]/D
                                0.13         -47.70 f       -47.83  (VIOLATED)
   ibex_top_inst/gen_regfile_ff.register_file_i/g_rf_flops[24].rf_reg_q_reg[22]/D
                                0.13         -47.70 f       -47.83  (VIOLATED)
   ibex_top_inst/gen_regfile_ff.register_file_i/g_rf_flops[24].rf_reg_q_reg[25]/D
                                0.13         -47.70 f       -47.83  (VIOLATED)
   ibex_top_inst/gen_regfile_ff.register_file_i/g_rf_flops[24].rf_reg_q_reg[29]/D
                                0.13         -47.70 f       -47.83  (VIOLATED)
   ibex_top_inst/gen_regfile_ff.register_file_i/g_rf_flops[25].rf_reg_q_reg[21]/D
                                0.13         -47.70 f       -47.83  (VIOLATED)
   ibex_top_inst/gen_regfile_ff.register_file_i/g_rf_flops[25].rf_reg_q_reg[22]/D
                                0.13         -47.70 f       -47.83  (VIOLATED)
   ibex_top_inst/gen_regfile_ff.register_file_i/g_rf_flops[25].rf_reg_q_reg[25]/D
                                0.13         -47.70 f       -47.83  (VIOLATED)
   ibex_top_inst/gen_regfile_ff.register_file_i/g_rf_flops[25].rf_reg_q_reg[29]/D
                                0.13         -47.70 f       -47.83  (VIOLATED)
   ibex_top_inst/gen_regfile_ff.register_file_i/g_rf_flops[26].rf_reg_q_reg[21]/D
                                0.13         -47.70 f       -47.83  (VIOLATED)
   ibex_top_inst/gen_regfile_ff.register_file_i/g_rf_flops[26].rf_reg_q_reg[22]/D
                                0.13         -47.70 f       -47.83  (VIOLATED)
   ibex_top_inst/gen_regfile_ff.register_file_i/g_rf_flops[26].rf_reg_q_reg[25]/D
                                0.13         -47.70 f       -47.83  (VIOLATED)
   ibex_top_inst/gen_regfile_ff.register_file_i/g_rf_flops[26].rf_reg_q_reg[29]/D
                                0.13         -47.70 f       -47.83  (VIOLATED)
   ibex_top_inst/gen_regfile_ff.register_file_i/g_rf_flops[28].rf_reg_q_reg[21]/D
                                0.13         -47.70 f       -47.83  (VIOLATED)
   ibex_top_inst/gen_regfile_ff.register_file_i/g_rf_flops[28].rf_reg_q_reg[22]/D
                                0.13         -47.70 f       -47.83  (VIOLATED)
   ibex_top_inst/gen_regfile_ff.register_file_i/g_rf_flops[28].rf_reg_q_reg[25]/D
                                0.13         -47.70 f       -47.83  (VIOLATED)
   ibex_top_inst/gen_regfile_ff.register_file_i/g_rf_flops[28].rf_reg_q_reg[29]/D
                                0.13         -47.70 f       -47.83  (VIOLATED)
   ibex_top_inst/gen_regfile_ff.register_file_i/g_rf_flops[30].rf_reg_q_reg[21]/D
                                0.13         -47.70 f       -47.83  (VIOLATED)
   ibex_top_inst/gen_regfile_ff.register_file_i/g_rf_flops[30].rf_reg_q_reg[22]/D
                                0.13         -47.70 f       -47.83  (VIOLATED)
   ibex_top_inst/gen_regfile_ff.register_file_i/g_rf_flops[30].rf_reg_q_reg[29]/D
                                0.13         -47.70 f       -47.83  (VIOLATED)
   ibex_top_inst/gen_regfile_ff.register_file_i/g_rf_flops[3].rf_reg_q_reg[16]/D
                                0.13         -47.70 f       -47.83  (VIOLATED)
   ibex_top_inst/gen_regfile_ff.register_file_i/g_rf_flops[3].rf_reg_q_reg[23]/D
                                0.13         -47.70 f       -47.83  (VIOLATED)
   ibex_top_inst/gen_regfile_ff.register_file_i/g_rf_flops[5].rf_reg_q_reg[16]/D
                                0.13         -47.70 f       -47.83  (VIOLATED)
   ibex_top_inst/gen_regfile_ff.register_file_i/g_rf_flops[6].rf_reg_q_reg[16]/D
                                0.13         -47.70 f       -47.83  (VIOLATED)
   ibex_top_inst/gen_regfile_ff.register_file_i/g_rf_flops[10].rf_reg_q_reg[23]/D
                                0.13         -47.70 f       -47.83  (VIOLATED)
   ibex_top_inst/gen_regfile_ff.register_file_i/g_rf_flops[11].rf_reg_q_reg[16]/D
                                0.13         -47.70 f       -47.83  (VIOLATED)
   ibex_top_inst/gen_regfile_ff.register_file_i/g_rf_flops[11].rf_reg_q_reg[23]/D
                                0.13         -47.70 f       -47.83  (VIOLATED)
   ibex_top_inst/gen_regfile_ff.register_file_i/g_rf_flops[13].rf_reg_q_reg[16]/D
                                0.13         -47.70 f       -47.83  (VIOLATED)
   ibex_top_inst/gen_regfile_ff.register_file_i/g_rf_flops[13].rf_reg_q_reg[23]/D
                                0.13         -47.70 f       -47.83  (VIOLATED)
   ibex_top_inst/gen_regfile_ff.register_file_i/g_rf_flops[17].rf_reg_q_reg[23]/D
                                0.13         -47.70 f       -47.83  (VIOLATED)
   ibex_top_inst/gen_regfile_ff.register_file_i/g_rf_flops[19].rf_reg_q_reg[16]/D
                                0.13         -47.70 f       -47.83  (VIOLATED)
   ibex_top_inst/gen_regfile_ff.register_file_i/g_rf_flops[19].rf_reg_q_reg[23]/D
                                0.13         -47.70 f       -47.83  (VIOLATED)
   ibex_top_inst/gen_regfile_ff.register_file_i/g_rf_flops[21].rf_reg_q_reg[16]/D
                                0.13         -47.70 f       -47.83  (VIOLATED)
   ibex_top_inst/gen_regfile_ff.register_file_i/g_rf_flops[21].rf_reg_q_reg[23]/D
                                0.13         -47.70 f       -47.83  (VIOLATED)
   ibex_top_inst/gen_regfile_ff.register_file_i/g_rf_flops[27].rf_reg_q_reg[16]/D
                                0.13         -47.70 f       -47.83  (VIOLATED)
   ibex_top_inst/gen_regfile_ff.register_file_i/g_rf_flops[27].rf_reg_q_reg[23]/D
                                0.13         -47.70 f       -47.83  (VIOLATED)
   ibex_top_inst/gen_regfile_ff.register_file_i/g_rf_flops[29].rf_reg_q_reg[16]/D
                                0.13         -47.70 f       -47.83  (VIOLATED)
   ibex_top_inst/gen_regfile_ff.register_file_i/g_rf_flops[29].rf_reg_q_reg[23]/D
                                0.13         -47.70 f       -47.83  (VIOLATED)
   ibex_top_inst/gen_regfile_ff.register_file_i/g_rf_flops[3].rf_reg_q_reg[19]/D
                                0.13         -47.70 f       -47.83  (VIOLATED)
   ibex_top_inst/gen_regfile_ff.register_file_i/g_rf_flops[3].rf_reg_q_reg[21]/D
                                0.13         -47.70 f       -47.83  (VIOLATED)
   ibex_top_inst/gen_regfile_ff.register_file_i/g_rf_flops[3].rf_reg_q_reg[22]/D
                                0.13         -47.70 f       -47.83  (VIOLATED)
   ibex_top_inst/gen_regfile_ff.register_file_i/g_rf_flops[3].rf_reg_q_reg[25]/D
                                0.13         -47.70 f       -47.83  (VIOLATED)
   ibex_top_inst/gen_regfile_ff.register_file_i/g_rf_flops[3].rf_reg_q_reg[29]/D
                                0.13         -47.70 f       -47.83  (VIOLATED)
   ibex_top_inst/gen_regfile_ff.register_file_i/g_rf_flops[5].rf_reg_q_reg[19]/D
                                0.13         -47.70 f       -47.83  (VIOLATED)
   ibex_top_inst/gen_regfile_ff.register_file_i/g_rf_flops[5].rf_reg_q_reg[21]/D
                                0.13         -47.70 f       -47.83  (VIOLATED)
   ibex_top_inst/gen_regfile_ff.register_file_i/g_rf_flops[5].rf_reg_q_reg[22]/D
                                0.13         -47.70 f       -47.83  (VIOLATED)
   ibex_top_inst/gen_regfile_ff.register_file_i/g_rf_flops[5].rf_reg_q_reg[25]/D
                                0.13         -47.70 f       -47.83  (VIOLATED)
   ibex_top_inst/gen_regfile_ff.register_file_i/g_rf_flops[5].rf_reg_q_reg[29]/D
                                0.13         -47.70 f       -47.83  (VIOLATED)
   ibex_top_inst/gen_regfile_ff.register_file_i/g_rf_flops[6].rf_reg_q_reg[19]/D
                                0.13         -47.70 f       -47.83  (VIOLATED)
   ibex_top_inst/gen_regfile_ff.register_file_i/g_rf_flops[6].rf_reg_q_reg[21]/D
                                0.13         -47.70 f       -47.83  (VIOLATED)
   ibex_top_inst/gen_regfile_ff.register_file_i/g_rf_flops[10].rf_reg_q_reg[22]/D
                                0.13         -47.70 f       -47.83  (VIOLATED)
   ibex_top_inst/gen_regfile_ff.register_file_i/g_rf_flops[10].rf_reg_q_reg[25]/D
                                0.13         -47.70 f       -47.83  (VIOLATED)
   ibex_top_inst/gen_regfile_ff.register_file_i/g_rf_flops[10].rf_reg_q_reg[29]/D
                                0.13         -47.70 f       -47.83  (VIOLATED)
   ibex_top_inst/gen_regfile_ff.register_file_i/g_rf_flops[11].rf_reg_q_reg[19]/D
                                0.13         -47.70 f       -47.83  (VIOLATED)
   ibex_top_inst/gen_regfile_ff.register_file_i/g_rf_flops[11].rf_reg_q_reg[22]/D
                                0.13         -47.70 f       -47.83  (VIOLATED)
   ibex_top_inst/gen_regfile_ff.register_file_i/g_rf_flops[11].rf_reg_q_reg[25]/D
                                0.13         -47.70 f       -47.83  (VIOLATED)
   ibex_top_inst/gen_regfile_ff.register_file_i/g_rf_flops[11].rf_reg_q_reg[29]/D
                                0.13         -47.70 f       -47.83  (VIOLATED)
   ibex_top_inst/gen_regfile_ff.register_file_i/g_rf_flops[13].rf_reg_q_reg[19]/D
                                0.13         -47.70 f       -47.83  (VIOLATED)
   ibex_top_inst/gen_regfile_ff.register_file_i/g_rf_flops[13].rf_reg_q_reg[22]/D
                                0.13         -47.70 f       -47.83  (VIOLATED)
   ibex_top_inst/gen_regfile_ff.register_file_i/g_rf_flops[13].rf_reg_q_reg[25]/D
                                0.13         -47.70 f       -47.83  (VIOLATED)
   ibex_top_inst/gen_regfile_ff.register_file_i/g_rf_flops[13].rf_reg_q_reg[29]/D
                                0.13         -47.70 f       -47.83  (VIOLATED)
   ibex_top_inst/gen_regfile_ff.register_file_i/g_rf_flops[17].rf_reg_q_reg[22]/D
                                0.13         -47.70 f       -47.83  (VIOLATED)
   ibex_top_inst/gen_regfile_ff.register_file_i/g_rf_flops[17].rf_reg_q_reg[25]/D
                                0.13         -47.70 f       -47.83  (VIOLATED)
   ibex_top_inst/gen_regfile_ff.register_file_i/g_rf_flops[17].rf_reg_q_reg[29]/D
                                0.13         -47.70 f       -47.83  (VIOLATED)
   ibex_top_inst/gen_regfile_ff.register_file_i/g_rf_flops[19].rf_reg_q_reg[19]/D
                                0.13         -47.70 f       -47.83  (VIOLATED)
   ibex_top_inst/gen_regfile_ff.register_file_i/g_rf_flops[19].rf_reg_q_reg[22]/D
                                0.13         -47.70 f       -47.83  (VIOLATED)
   ibex_top_inst/gen_regfile_ff.register_file_i/g_rf_flops[19].rf_reg_q_reg[25]/D
                                0.13         -47.70 f       -47.83  (VIOLATED)
   ibex_top_inst/gen_regfile_ff.register_file_i/g_rf_flops[19].rf_reg_q_reg[29]/D
                                0.13         -47.70 f       -47.83  (VIOLATED)
   ibex_top_inst/gen_regfile_ff.register_file_i/g_rf_flops[21].rf_reg_q_reg[21]/D
                                0.13         -47.70 f       -47.83  (VIOLATED)
   ibex_top_inst/gen_regfile_ff.register_file_i/g_rf_flops[21].rf_reg_q_reg[22]/D
                                0.13         -47.70 f       -47.83  (VIOLATED)
   ibex_top_inst/gen_regfile_ff.register_file_i/g_rf_flops[21].rf_reg_q_reg[29]/D
                                0.13         -47.70 f       -47.83  (VIOLATED)
   ibex_top_inst/gen_regfile_ff.register_file_i/g_rf_flops[27].rf_reg_q_reg[21]/D
                                0.13         -47.70 f       -47.83  (VIOLATED)
   ibex_top_inst/gen_regfile_ff.register_file_i/g_rf_flops[27].rf_reg_q_reg[25]/D
                                0.13         -47.70 f       -47.83  (VIOLATED)
   ibex_top_inst/gen_regfile_ff.register_file_i/g_rf_flops[27].rf_reg_q_reg[29]/D
                                0.13         -47.70 f       -47.83  (VIOLATED)
   ibex_top_inst/gen_regfile_ff.register_file_i/g_rf_flops[29].rf_reg_q_reg[21]/D
                                0.13         -47.70 f       -47.83  (VIOLATED)
   ibex_top_inst/gen_regfile_ff.register_file_i/g_rf_flops[29].rf_reg_q_reg[22]/D
                                0.13         -47.70 f       -47.83  (VIOLATED)
   ibex_top_inst/gen_regfile_ff.register_file_i/g_rf_flops[29].rf_reg_q_reg[29]/D
                                0.13         -47.70 f       -47.83  (VIOLATED)
   ibex_top_inst/gen_regfile_ff.register_file_i/g_rf_flops[1].rf_reg_q_reg[26]/D
                                0.13         -47.70 f       -47.83  (VIOLATED)
   ibex_top_inst/gen_regfile_ff.register_file_i/g_rf_flops[2].rf_reg_q_reg[26]/D
                                0.13         -47.70 f       -47.83  (VIOLATED)
   ibex_top_inst/gen_regfile_ff.register_file_i/g_rf_flops[4].rf_reg_q_reg[26]/D
                                0.13         -47.70 f       -47.83  (VIOLATED)
   ibex_top_inst/gen_regfile_ff.register_file_i/g_rf_flops[6].rf_reg_q_reg[26]/D
                                0.13         -47.70 f       -47.83  (VIOLATED)
   ibex_top_inst/gen_regfile_ff.register_file_i/g_rf_flops[7].rf_reg_q_reg[26]/D
                                0.13         -47.70 f       -47.83  (VIOLATED)
   ibex_top_inst/gen_regfile_ff.register_file_i/g_rf_flops[8].rf_reg_q_reg[26]/D
                                0.13         -47.70 f       -47.83  (VIOLATED)
   ibex_top_inst/gen_regfile_ff.register_file_i/g_rf_flops[9].rf_reg_q_reg[26]/D
                                0.13         -47.70 f       -47.83  (VIOLATED)
   ibex_top_inst/gen_regfile_ff.register_file_i/g_rf_flops[12].rf_reg_q_reg[24]/D
                                0.13         -47.70 f       -47.83  (VIOLATED)
   ibex_top_inst/gen_regfile_ff.register_file_i/g_rf_flops[12].rf_reg_q_reg[26]/D
                                0.13         -47.70 f       -47.83  (VIOLATED)
   ibex_top_inst/gen_regfile_ff.register_file_i/g_rf_flops[14].rf_reg_q_reg[24]/D
                                0.13         -47.70 f       -47.83  (VIOLATED)
   ibex_top_inst/gen_regfile_ff.register_file_i/g_rf_flops[15].rf_reg_q_reg[24]/D
                                0.13         -47.70 f       -47.83  (VIOLATED)
   ibex_top_inst/gen_regfile_ff.register_file_i/g_rf_flops[15].rf_reg_q_reg[26]/D
                                0.13         -47.70 f       -47.83  (VIOLATED)
   ibex_top_inst/gen_regfile_ff.register_file_i/g_rf_flops[16].rf_reg_q_reg[24]/D
                                0.13         -47.70 f       -47.83  (VIOLATED)
   ibex_top_inst/gen_regfile_ff.register_file_i/g_rf_flops[16].rf_reg_q_reg[26]/D
                                0.13         -47.70 f       -47.83  (VIOLATED)
   ibex_top_inst/gen_regfile_ff.register_file_i/g_rf_flops[18].rf_reg_q_reg[24]/D
                                0.13         -47.70 f       -47.83  (VIOLATED)
   ibex_top_inst/gen_regfile_ff.register_file_i/g_rf_flops[18].rf_reg_q_reg[26]/D
                                0.13         -47.70 f       -47.83  (VIOLATED)
   ibex_top_inst/gen_regfile_ff.register_file_i/g_rf_flops[20].rf_reg_q_reg[24]/D
                                0.13         -47.70 f       -47.83  (VIOLATED)
   ibex_top_inst/gen_regfile_ff.register_file_i/g_rf_flops[20].rf_reg_q_reg[26]/D
                                0.13         -47.70 f       -47.83  (VIOLATED)
   ibex_top_inst/gen_regfile_ff.register_file_i/g_rf_flops[22].rf_reg_q_reg[24]/D
                                0.13         -47.70 f       -47.83  (VIOLATED)
   ibex_top_inst/gen_regfile_ff.register_file_i/g_rf_flops[23].rf_reg_q_reg[24]/D
                                0.13         -47.70 f       -47.83  (VIOLATED)
   ibex_top_inst/gen_regfile_ff.register_file_i/g_rf_flops[24].rf_reg_q_reg[24]/D
                                0.13         -47.70 f       -47.83  (VIOLATED)
   ibex_top_inst/gen_regfile_ff.register_file_i/g_rf_flops[25].rf_reg_q_reg[24]/D
                                0.13         -47.70 f       -47.83  (VIOLATED)
   ibex_top_inst/gen_regfile_ff.register_file_i/g_rf_flops[26].rf_reg_q_reg[24]/D
                                0.13         -47.70 f       -47.83  (VIOLATED)
   ibex_top_inst/gen_regfile_ff.register_file_i/g_rf_flops[30].rf_reg_q_reg[24]/D
                                0.13         -47.70 f       -47.83  (VIOLATED)
   ibex_top_inst/gen_regfile_ff.register_file_i/g_rf_flops[30].rf_reg_q_reg[26]/D
                                0.13         -47.70 f       -47.83  (VIOLATED)
   ibex_top_inst/gen_regfile_ff.register_file_i/g_rf_flops[1].rf_reg_q_reg[17]/D
                                0.13         -47.70 f       -47.83  (VIOLATED)
   ibex_top_inst/gen_regfile_ff.register_file_i/g_rf_flops[1].rf_reg_q_reg[18]/D
                                0.13         -47.70 f       -47.83  (VIOLATED)
   ibex_top_inst/gen_regfile_ff.register_file_i/g_rf_flops[1].rf_reg_q_reg[27]/D
                                0.13         -47.70 f       -47.83  (VIOLATED)
   ibex_top_inst/gen_regfile_ff.register_file_i/g_rf_flops[1].rf_reg_q_reg[28]/D
                                0.13         -47.70 f       -47.83  (VIOLATED)
   ibex_top_inst/gen_regfile_ff.register_file_i/g_rf_flops[2].rf_reg_q_reg[17]/D
                                0.13         -47.70 f       -47.83  (VIOLATED)
   ibex_top_inst/gen_regfile_ff.register_file_i/g_rf_flops[2].rf_reg_q_reg[27]/D
                                0.13         -47.70 f       -47.83  (VIOLATED)
   ibex_top_inst/gen_regfile_ff.register_file_i/g_rf_flops[2].rf_reg_q_reg[28]/D
                                0.13         -47.70 f       -47.83  (VIOLATED)
   ibex_top_inst/gen_regfile_ff.register_file_i/g_rf_flops[4].rf_reg_q_reg[17]/D
                                0.13         -47.70 f       -47.83  (VIOLATED)
   ibex_top_inst/gen_regfile_ff.register_file_i/g_rf_flops[4].rf_reg_q_reg[18]/D
                                0.13         -47.70 f       -47.83  (VIOLATED)
   ibex_top_inst/gen_regfile_ff.register_file_i/g_rf_flops[4].rf_reg_q_reg[27]/D
                                0.13         -47.70 f       -47.83  (VIOLATED)
   ibex_top_inst/gen_regfile_ff.register_file_i/g_rf_flops[4].rf_reg_q_reg[28]/D
                                0.13         -47.70 f       -47.83  (VIOLATED)
   ibex_top_inst/gen_regfile_ff.register_file_i/g_rf_flops[6].rf_reg_q_reg[27]/D
                                0.13         -47.70 f       -47.83  (VIOLATED)
   ibex_top_inst/gen_regfile_ff.register_file_i/g_rf_flops[6].rf_reg_q_reg[28]/D
                                0.13         -47.70 f       -47.83  (VIOLATED)
   ibex_top_inst/gen_regfile_ff.register_file_i/g_rf_flops[7].rf_reg_q_reg[17]/D
                                0.13         -47.70 f       -47.83  (VIOLATED)
   ibex_top_inst/gen_regfile_ff.register_file_i/g_rf_flops[7].rf_reg_q_reg[18]/D
                                0.13         -47.70 f       -47.83  (VIOLATED)
   ibex_top_inst/gen_regfile_ff.register_file_i/g_rf_flops[7].rf_reg_q_reg[28]/D
                                0.13         -47.70 f       -47.83  (VIOLATED)
   ibex_top_inst/gen_regfile_ff.register_file_i/g_rf_flops[8].rf_reg_q_reg[17]/D
                                0.13         -47.70 f       -47.83  (VIOLATED)
   ibex_top_inst/gen_regfile_ff.register_file_i/g_rf_flops[8].rf_reg_q_reg[18]/D
                                0.13         -47.70 f       -47.83  (VIOLATED)
   ibex_top_inst/gen_regfile_ff.register_file_i/g_rf_flops[8].rf_reg_q_reg[27]/D
                                0.13         -47.70 f       -47.83  (VIOLATED)
   ibex_top_inst/gen_regfile_ff.register_file_i/g_rf_flops[9].rf_reg_q_reg[17]/D
                                0.13         -47.70 f       -47.83  (VIOLATED)
   ibex_top_inst/gen_regfile_ff.register_file_i/g_rf_flops[9].rf_reg_q_reg[18]/D
                                0.13         -47.70 f       -47.83  (VIOLATED)
   ibex_top_inst/gen_regfile_ff.register_file_i/g_rf_flops[9].rf_reg_q_reg[27]/D
                                0.13         -47.70 f       -47.83  (VIOLATED)
   ibex_top_inst/gen_regfile_ff.register_file_i/g_rf_flops[10].rf_reg_q_reg[17]/D
                                0.13         -47.70 f       -47.83  (VIOLATED)
   ibex_top_inst/gen_regfile_ff.register_file_i/g_rf_flops[12].rf_reg_q_reg[17]/D
                                0.13         -47.70 f       -47.83  (VIOLATED)
   ibex_top_inst/gen_regfile_ff.register_file_i/g_rf_flops[12].rf_reg_q_reg[18]/D
                                0.13         -47.70 f       -47.83  (VIOLATED)
   ibex_top_inst/gen_regfile_ff.register_file_i/g_rf_flops[12].rf_reg_q_reg[27]/D
                                0.13         -47.70 f       -47.83  (VIOLATED)
   ibex_top_inst/gen_regfile_ff.register_file_i/g_rf_flops[14].rf_reg_q_reg[17]/D
                                0.13         -47.70 f       -47.83  (VIOLATED)
   ibex_top_inst/gen_regfile_ff.register_file_i/g_rf_flops[14].rf_reg_q_reg[18]/D
                                0.13         -47.70 f       -47.83  (VIOLATED)
   ibex_top_inst/gen_regfile_ff.register_file_i/g_rf_flops[14].rf_reg_q_reg[27]/D
                                0.13         -47.70 f       -47.83  (VIOLATED)
   ibex_top_inst/gen_regfile_ff.register_file_i/g_rf_flops[15].rf_reg_q_reg[17]/D
                                0.13         -47.70 f       -47.83  (VIOLATED)
   ibex_top_inst/gen_regfile_ff.register_file_i/g_rf_flops[15].rf_reg_q_reg[18]/D
                                0.13         -47.70 f       -47.83  (VIOLATED)
   ibex_top_inst/gen_regfile_ff.register_file_i/g_rf_flops[16].rf_reg_q_reg[17]/D
                                0.13         -47.70 f       -47.83  (VIOLATED)
   ibex_top_inst/gen_regfile_ff.register_file_i/g_rf_flops[16].rf_reg_q_reg[18]/D
                                0.13         -47.70 f       -47.83  (VIOLATED)
   ibex_top_inst/gen_regfile_ff.register_file_i/g_rf_flops[16].rf_reg_q_reg[28]/D
                                0.13         -47.70 f       -47.83  (VIOLATED)
   ibex_top_inst/gen_regfile_ff.register_file_i/g_rf_flops[17].rf_reg_q_reg[18]/D
                                0.13         -47.70 f       -47.83  (VIOLATED)
   ibex_top_inst/gen_regfile_ff.register_file_i/g_rf_flops[18].rf_reg_q_reg[17]/D
                                0.13         -47.70 f       -47.83  (VIOLATED)
   ibex_top_inst/gen_regfile_ff.register_file_i/g_rf_flops[18].rf_reg_q_reg[18]/D
                                0.13         -47.70 f       -47.83  (VIOLATED)
   ibex_top_inst/gen_regfile_ff.register_file_i/g_rf_flops[18].rf_reg_q_reg[28]/D
                                0.13         -47.70 f       -47.83  (VIOLATED)
   ibex_top_inst/gen_regfile_ff.register_file_i/g_rf_flops[20].rf_reg_q_reg[17]/D
                                0.13         -47.70 f       -47.83  (VIOLATED)
   ibex_top_inst/gen_regfile_ff.register_file_i/g_rf_flops[20].rf_reg_q_reg[18]/D
                                0.13         -47.70 f       -47.83  (VIOLATED)
   ibex_top_inst/gen_regfile_ff.register_file_i/g_rf_flops[20].rf_reg_q_reg[28]/D
                                0.13         -47.70 f       -47.83  (VIOLATED)
   ibex_top_inst/gen_regfile_ff.register_file_i/g_rf_flops[22].rf_reg_q_reg[17]/D
                                0.13         -47.70 f       -47.83  (VIOLATED)
   ibex_top_inst/gen_regfile_ff.register_file_i/g_rf_flops[22].rf_reg_q_reg[18]/D
                                0.13         -47.70 f       -47.83  (VIOLATED)
   ibex_top_inst/gen_regfile_ff.register_file_i/g_rf_flops[22].rf_reg_q_reg[28]/D
                                0.13         -47.70 f       -47.83  (VIOLATED)
   ibex_top_inst/gen_regfile_ff.register_file_i/g_rf_flops[23].rf_reg_q_reg[17]/D
                                0.13         -47.70 f       -47.83  (VIOLATED)
   ibex_top_inst/gen_regfile_ff.register_file_i/g_rf_flops[23].rf_reg_q_reg[18]/D
                                0.13         -47.70 f       -47.83  (VIOLATED)
   ibex_top_inst/gen_regfile_ff.register_file_i/g_rf_flops[23].rf_reg_q_reg[27]/D
                                0.13         -47.70 f       -47.83  (VIOLATED)
   ibex_top_inst/gen_regfile_ff.register_file_i/g_rf_flops[23].rf_reg_q_reg[28]/D
                                0.13         -47.70 f       -47.83  (VIOLATED)
   ibex_top_inst/gen_regfile_ff.register_file_i/g_rf_flops[24].rf_reg_q_reg[17]/D
                                0.13         -47.70 f       -47.83  (VIOLATED)
   ibex_top_inst/gen_regfile_ff.register_file_i/g_rf_flops[24].rf_reg_q_reg[18]/D
                                0.13         -47.70 f       -47.83  (VIOLATED)
   ibex_top_inst/gen_regfile_ff.register_file_i/g_rf_flops[24].rf_reg_q_reg[27]/D
                                0.13         -47.70 f       -47.83  (VIOLATED)
   ibex_top_inst/gen_regfile_ff.register_file_i/g_rf_flops[24].rf_reg_q_reg[28]/D
                                0.13         -47.70 f       -47.83  (VIOLATED)
   ibex_top_inst/gen_regfile_ff.register_file_i/g_rf_flops[25].rf_reg_q_reg[17]/D
                                0.13         -47.70 f       -47.83  (VIOLATED)
   ibex_top_inst/gen_regfile_ff.register_file_i/g_rf_flops[25].rf_reg_q_reg[27]/D
                                0.13         -47.70 f       -47.83  (VIOLATED)
   ibex_top_inst/gen_regfile_ff.register_file_i/g_rf_flops[25].rf_reg_q_reg[28]/D
                                0.13         -47.70 f       -47.83  (VIOLATED)
   ibex_top_inst/gen_regfile_ff.register_file_i/g_rf_flops[26].rf_reg_q_reg[17]/D
                                0.13         -47.70 f       -47.83  (VIOLATED)
   ibex_top_inst/gen_regfile_ff.register_file_i/g_rf_flops[26].rf_reg_q_reg[18]/D
                                0.13         -47.70 f       -47.83  (VIOLATED)
   ibex_top_inst/gen_regfile_ff.register_file_i/g_rf_flops[26].rf_reg_q_reg[27]/D
                                0.13         -47.70 f       -47.83  (VIOLATED)
   ibex_top_inst/gen_regfile_ff.register_file_i/g_rf_flops[26].rf_reg_q_reg[28]/D
                                0.13         -47.70 f       -47.83  (VIOLATED)
   ibex_top_inst/gen_regfile_ff.register_file_i/g_rf_flops[28].rf_reg_q_reg[17]/D
                                0.13         -47.70 f       -47.83  (VIOLATED)
   ibex_top_inst/gen_regfile_ff.register_file_i/g_rf_flops[28].rf_reg_q_reg[18]/D
                                0.13         -47.70 f       -47.83  (VIOLATED)
   ibex_top_inst/gen_regfile_ff.register_file_i/g_rf_flops[28].rf_reg_q_reg[27]/D
                                0.13         -47.70 f       -47.83  (VIOLATED)
   ibex_top_inst/gen_regfile_ff.register_file_i/g_rf_flops[28].rf_reg_q_reg[28]/D
                                0.13         -47.70 f       -47.83  (VIOLATED)
   ibex_top_inst/gen_regfile_ff.register_file_i/g_rf_flops[30].rf_reg_q_reg[17]/D
                                0.13         -47.70 f       -47.83  (VIOLATED)
   ibex_top_inst/gen_regfile_ff.register_file_i/g_rf_flops[30].rf_reg_q_reg[18]/D
                                0.13         -47.70 f       -47.83  (VIOLATED)
   ibex_top_inst/gen_regfile_ff.register_file_i/g_rf_flops[30].rf_reg_q_reg[27]/D
                                0.13         -47.70 f       -47.83  (VIOLATED)
   ibex_top_inst/gen_regfile_ff.register_file_i/g_rf_flops[6].rf_reg_q_reg[30]/D
                                0.13         -47.70 f       -47.83  (VIOLATED)
   ibex_top_inst/gen_regfile_ff.register_file_i/g_rf_flops[7].rf_reg_q_reg[30]/D
                                0.13         -47.70 f       -47.83  (VIOLATED)
   ibex_top_inst/gen_regfile_ff.register_file_i/g_rf_flops[8].rf_reg_q_reg[30]/D
                                0.13         -47.70 f       -47.83  (VIOLATED)
   ibex_top_inst/gen_regfile_ff.register_file_i/g_rf_flops[9].rf_reg_q_reg[30]/D
                                0.13         -47.70 f       -47.83  (VIOLATED)
   ibex_top_inst/gen_regfile_ff.register_file_i/g_rf_flops[12].rf_reg_q_reg[30]/D
                                0.13         -47.70 f       -47.83  (VIOLATED)
   ibex_top_inst/gen_regfile_ff.register_file_i/g_rf_flops[14].rf_reg_q_reg[30]/D
                                0.13         -47.70 f       -47.83  (VIOLATED)
   ibex_top_inst/gen_regfile_ff.register_file_i/g_rf_flops[15].rf_reg_q_reg[30]/D
                                0.13         -47.70 f       -47.83  (VIOLATED)
   ibex_top_inst/gen_regfile_ff.register_file_i/g_rf_flops[18].rf_reg_q_reg[30]/D
                                0.13         -47.70 f       -47.83  (VIOLATED)
   ibex_top_inst/gen_regfile_ff.register_file_i/g_rf_flops[20].rf_reg_q_reg[30]/D
                                0.13         -47.70 f       -47.83  (VIOLATED)
   ibex_top_inst/gen_regfile_ff.register_file_i/g_rf_flops[22].rf_reg_q_reg[30]/D
                                0.13         -47.70 f       -47.83  (VIOLATED)
   ibex_top_inst/gen_regfile_ff.register_file_i/g_rf_flops[23].rf_reg_q_reg[30]/D
                                0.13         -47.70 f       -47.83  (VIOLATED)
   ibex_top_inst/gen_regfile_ff.register_file_i/g_rf_flops[24].rf_reg_q_reg[30]/D
                                0.13         -47.70 f       -47.83  (VIOLATED)
   ibex_top_inst/gen_regfile_ff.register_file_i/g_rf_flops[25].rf_reg_q_reg[30]/D
                                0.13         -47.70 f       -47.83  (VIOLATED)
   ibex_top_inst/gen_regfile_ff.register_file_i/g_rf_flops[26].rf_reg_q_reg[30]/D
                                0.13         -47.70 f       -47.83  (VIOLATED)
   ibex_top_inst/gen_regfile_ff.register_file_i/g_rf_flops[28].rf_reg_q_reg[30]/D
                                0.13         -47.70 f       -47.83  (VIOLATED)
   ibex_top_inst/gen_regfile_ff.register_file_i/g_rf_flops[30].rf_reg_q_reg[30]/D
                                0.13         -47.70 f       -47.83  (VIOLATED)
   ibex_top_inst/gen_regfile_ff.register_file_i/g_rf_flops[3].rf_reg_q_reg[26]/D
                                0.13         -47.70 f       -47.83  (VIOLATED)
   ibex_top_inst/gen_regfile_ff.register_file_i/g_rf_flops[5].rf_reg_q_reg[26]/D
                                0.13         -47.70 f       -47.83  (VIOLATED)
   ibex_top_inst/gen_regfile_ff.register_file_i/g_rf_flops[10].rf_reg_q_reg[26]/D
                                0.13         -47.70 f       -47.83  (VIOLATED)
   ibex_top_inst/gen_regfile_ff.register_file_i/g_rf_flops[11].rf_reg_q_reg[24]/D
                                0.13         -47.70 f       -47.83  (VIOLATED)
   ibex_top_inst/gen_regfile_ff.register_file_i/g_rf_flops[11].rf_reg_q_reg[26]/D
                                0.13         -47.70 f       -47.83  (VIOLATED)
   ibex_top_inst/gen_regfile_ff.register_file_i/g_rf_flops[13].rf_reg_q_reg[26]/D
                                0.13         -47.70 f       -47.83  (VIOLATED)
   ibex_top_inst/gen_regfile_ff.register_file_i/g_rf_flops[17].rf_reg_q_reg[24]/D
                                0.13         -47.70 f       -47.83  (VIOLATED)
   ibex_top_inst/gen_regfile_ff.register_file_i/g_rf_flops[17].rf_reg_q_reg[26]/D
                                0.13         -47.70 f       -47.83  (VIOLATED)
   ibex_top_inst/gen_regfile_ff.register_file_i/g_rf_flops[19].rf_reg_q_reg[24]/D
                                0.13         -47.70 f       -47.83  (VIOLATED)
   ibex_top_inst/gen_regfile_ff.register_file_i/g_rf_flops[19].rf_reg_q_reg[26]/D
                                0.13         -47.70 f       -47.83  (VIOLATED)
   ibex_top_inst/gen_regfile_ff.register_file_i/g_rf_flops[21].rf_reg_q_reg[24]/D
                                0.13         -47.70 f       -47.83  (VIOLATED)
   ibex_top_inst/gen_regfile_ff.register_file_i/g_rf_flops[21].rf_reg_q_reg[26]/D
                                0.13         -47.70 f       -47.83  (VIOLATED)
   ibex_top_inst/gen_regfile_ff.register_file_i/g_rf_flops[27].rf_reg_q_reg[24]/D
                                0.13         -47.70 f       -47.83  (VIOLATED)
   ibex_top_inst/gen_regfile_ff.register_file_i/g_rf_flops[29].rf_reg_q_reg[24]/D
                                0.13         -47.70 f       -47.83  (VIOLATED)
   ibex_top_inst/gen_regfile_ff.register_file_i/g_rf_flops[3].rf_reg_q_reg[17]/D
                                0.13         -47.70 f       -47.83  (VIOLATED)
   ibex_top_inst/gen_regfile_ff.register_file_i/g_rf_flops[3].rf_reg_q_reg[18]/D
                                0.13         -47.70 f       -47.83  (VIOLATED)
   ibex_top_inst/gen_regfile_ff.register_file_i/g_rf_flops[3].rf_reg_q_reg[27]/D
                                0.13         -47.70 f       -47.83  (VIOLATED)
   ibex_top_inst/gen_regfile_ff.register_file_i/g_rf_flops[3].rf_reg_q_reg[28]/D
                                0.13         -47.70 f       -47.83  (VIOLATED)
   ibex_top_inst/gen_regfile_ff.register_file_i/g_rf_flops[5].rf_reg_q_reg[17]/D
                                0.13         -47.70 f       -47.83  (VIOLATED)
   ibex_top_inst/gen_regfile_ff.register_file_i/g_rf_flops[5].rf_reg_q_reg[18]/D
                                0.13         -47.70 f       -47.83  (VIOLATED)
   ibex_top_inst/gen_regfile_ff.register_file_i/g_rf_flops[5].rf_reg_q_reg[28]/D
                                0.13         -47.70 f       -47.83  (VIOLATED)
   ibex_top_inst/gen_regfile_ff.register_file_i/g_rf_flops[6].rf_reg_q_reg[17]/D
                                0.13         -47.70 f       -47.83  (VIOLATED)
   ibex_top_inst/gen_regfile_ff.register_file_i/g_rf_flops[6].rf_reg_q_reg[18]/D
                                0.13         -47.70 f       -47.83  (VIOLATED)
   ibex_top_inst/gen_regfile_ff.register_file_i/g_rf_flops[10].rf_reg_q_reg[27]/D
                                0.13         -47.70 f       -47.83  (VIOLATED)
   ibex_top_inst/gen_regfile_ff.register_file_i/g_rf_flops[11].rf_reg_q_reg[17]/D
                                0.13         -47.70 f       -47.83  (VIOLATED)
   ibex_top_inst/gen_regfile_ff.register_file_i/g_rf_flops[11].rf_reg_q_reg[18]/D
                                0.13         -47.70 f       -47.83  (VIOLATED)
   ibex_top_inst/gen_regfile_ff.register_file_i/g_rf_flops[11].rf_reg_q_reg[27]/D
                                0.13         -47.70 f       -47.83  (VIOLATED)
   ibex_top_inst/gen_regfile_ff.register_file_i/g_rf_flops[13].rf_reg_q_reg[17]/D
                                0.13         -47.70 f       -47.83  (VIOLATED)
   ibex_top_inst/gen_regfile_ff.register_file_i/g_rf_flops[13].rf_reg_q_reg[18]/D
                                0.13         -47.70 f       -47.83  (VIOLATED)
   ibex_top_inst/gen_regfile_ff.register_file_i/g_rf_flops[13].rf_reg_q_reg[27]/D
                                0.13         -47.70 f       -47.83  (VIOLATED)
   ibex_top_inst/gen_regfile_ff.register_file_i/g_rf_flops[17].rf_reg_q_reg[28]/D
                                0.13         -47.70 f       -47.83  (VIOLATED)
   ibex_top_inst/gen_regfile_ff.register_file_i/g_rf_flops[19].rf_reg_q_reg[17]/D
                                0.13         -47.70 f       -47.83  (VIOLATED)
   ibex_top_inst/gen_regfile_ff.register_file_i/g_rf_flops[19].rf_reg_q_reg[18]/D
                                0.13         -47.70 f       -47.83  (VIOLATED)
   ibex_top_inst/gen_regfile_ff.register_file_i/g_rf_flops[19].rf_reg_q_reg[28]/D
                                0.13         -47.70 f       -47.83  (VIOLATED)
   ibex_top_inst/gen_regfile_ff.register_file_i/g_rf_flops[21].rf_reg_q_reg[17]/D
                                0.13         -47.70 f       -47.83  (VIOLATED)
   ibex_top_inst/gen_regfile_ff.register_file_i/g_rf_flops[21].rf_reg_q_reg[18]/D
                                0.13         -47.70 f       -47.83  (VIOLATED)
   ibex_top_inst/gen_regfile_ff.register_file_i/g_rf_flops[21].rf_reg_q_reg[28]/D
                                0.13         -47.70 f       -47.83  (VIOLATED)
   ibex_top_inst/gen_regfile_ff.register_file_i/g_rf_flops[27].rf_reg_q_reg[17]/D
                                0.13         -47.70 f       -47.83  (VIOLATED)
   ibex_top_inst/gen_regfile_ff.register_file_i/g_rf_flops[27].rf_reg_q_reg[18]/D
                                0.13         -47.70 f       -47.83  (VIOLATED)
   ibex_top_inst/gen_regfile_ff.register_file_i/g_rf_flops[27].rf_reg_q_reg[27]/D
                                0.13         -47.70 f       -47.83  (VIOLATED)
   ibex_top_inst/gen_regfile_ff.register_file_i/g_rf_flops[27].rf_reg_q_reg[28]/D
                                0.13         -47.70 f       -47.83  (VIOLATED)
   ibex_top_inst/gen_regfile_ff.register_file_i/g_rf_flops[29].rf_reg_q_reg[17]/D
                                0.13         -47.70 f       -47.83  (VIOLATED)
   ibex_top_inst/gen_regfile_ff.register_file_i/g_rf_flops[29].rf_reg_q_reg[18]/D
                                0.13         -47.70 f       -47.83  (VIOLATED)
   ibex_top_inst/gen_regfile_ff.register_file_i/g_rf_flops[29].rf_reg_q_reg[27]/D
                                0.13         -47.70 f       -47.83  (VIOLATED)
   ibex_top_inst/gen_regfile_ff.register_file_i/g_rf_flops[29].rf_reg_q_reg[28]/D
                                0.13         -47.70 f       -47.83  (VIOLATED)
   ibex_top_inst/gen_regfile_ff.register_file_i/g_rf_flops[10].rf_reg_q_reg[30]/D
                                0.13         -47.70 f       -47.83  (VIOLATED)
   ibex_top_inst/gen_regfile_ff.register_file_i/g_rf_flops[11].rf_reg_q_reg[30]/D
                                0.13         -47.70 f       -47.83  (VIOLATED)
   ibex_top_inst/gen_regfile_ff.register_file_i/g_rf_flops[13].rf_reg_q_reg[30]/D
                                0.13         -47.70 f       -47.83  (VIOLATED)
   ibex_top_inst/gen_regfile_ff.register_file_i/g_rf_flops[17].rf_reg_q_reg[30]/D
                                0.13         -47.70 f       -47.83  (VIOLATED)
   ibex_top_inst/gen_regfile_ff.register_file_i/g_rf_flops[19].rf_reg_q_reg[30]/D
                                0.13         -47.70 f       -47.83  (VIOLATED)
   ibex_top_inst/gen_regfile_ff.register_file_i/g_rf_flops[21].rf_reg_q_reg[30]/D
                                0.13         -47.70 f       -47.83  (VIOLATED)
   ibex_top_inst/gen_regfile_ff.register_file_i/g_rf_flops[27].rf_reg_q_reg[30]/D
                                0.13         -47.70 f       -47.83  (VIOLATED)
   ibex_top_inst/gen_regfile_ff.register_file_i/g_rf_flops[29].rf_reg_q_reg[30]/D
                                0.13         -47.70 f       -47.83  (VIOLATED)
   ibex_top_inst/gen_regfile_ff.register_file_i/g_rf_flops[22].rf_reg_q_reg[20]/D
                                0.13         -47.70 f       -47.83  (VIOLATED)
   ibex_top_inst/gen_regfile_ff.register_file_i/g_rf_flops[24].rf_reg_q_reg[20]/D
                                0.13         -47.70 f       -47.83  (VIOLATED)
   ibex_top_inst/gen_regfile_ff.register_file_i/g_rf_flops[28].rf_reg_q_reg[20]/D
                                0.13         -47.70 f       -47.83  (VIOLATED)
   ibex_top_inst/gen_regfile_ff.register_file_i/g_rf_flops[30].rf_reg_q_reg[20]/D
                                0.13         -47.70 f       -47.83  (VIOLATED)
   ibex_top_inst/gen_regfile_ff.register_file_i/g_rf_flops[19].rf_reg_q_reg[21]/D
                                0.13         -47.70 f       -47.83  (VIOLATED)
   ibex_top_inst/gen_regfile_ff.register_file_i/g_rf_flops[12].rf_reg_q_reg[21]/D
                                0.13         -47.70 f       -47.83  (VIOLATED)
   ibex_top_inst/gen_regfile_ff.register_file_i/g_rf_flops[14].rf_reg_q_reg[21]/D
                                0.13         -47.70 f       -47.83  (VIOLATED)
   ibex_top_inst/gen_regfile_ff.register_file_i/g_rf_flops[15].rf_reg_q_reg[21]/D
                                0.13         -47.70 f       -47.83  (VIOLATED)
   ibex_top_inst/gen_regfile_ff.register_file_i/g_rf_flops[16].rf_reg_q_reg[21]/D
                                0.13         -47.70 f       -47.83  (VIOLATED)
   ibex_top_inst/gen_regfile_ff.register_file_i/g_rf_flops[17].rf_reg_q_reg[21]/D
                                0.13         -47.70 f       -47.83  (VIOLATED)
   ibex_top_inst/gen_regfile_ff.register_file_i/g_rf_flops[18].rf_reg_q_reg[21]/D
                                0.13         -47.70 f       -47.83  (VIOLATED)
   ibex_top_inst/gen_regfile_ff.register_file_i/g_rf_flops[20].rf_reg_q_reg[21]/D
                                0.13         -47.70 f       -47.83  (VIOLATED)
   ibex_top_inst/gen_regfile_ff.register_file_i/g_rf_flops[22].rf_reg_q_reg[19]/D
                                0.13         -47.70 f       -47.83  (VIOLATED)
   ibex_top_inst/gen_regfile_ff.register_file_i/g_rf_flops[23].rf_reg_q_reg[19]/D
                                0.13         -47.70 f       -47.83  (VIOLATED)
   ibex_top_inst/gen_regfile_ff.register_file_i/g_rf_flops[24].rf_reg_q_reg[19]/D
                                0.13         -47.70 f       -47.83  (VIOLATED)
   ibex_top_inst/gen_regfile_ff.register_file_i/g_rf_flops[25].rf_reg_q_reg[19]/D
                                0.13         -47.70 f       -47.83  (VIOLATED)
   ibex_top_inst/gen_regfile_ff.register_file_i/g_rf_flops[26].rf_reg_q_reg[19]/D
                                0.13         -47.70 f       -47.83  (VIOLATED)
   ibex_top_inst/gen_regfile_ff.register_file_i/g_rf_flops[28].rf_reg_q_reg[19]/D
                                0.13         -47.70 f       -47.83  (VIOLATED)
   ibex_top_inst/gen_regfile_ff.register_file_i/g_rf_flops[30].rf_reg_q_reg[19]/D
                                0.13         -47.70 f       -47.83  (VIOLATED)
   ibex_top_inst/gen_regfile_ff.register_file_i/g_rf_flops[11].rf_reg_q_reg[21]/D
                                0.13         -47.70 f       -47.83  (VIOLATED)
   ibex_top_inst/gen_regfile_ff.register_file_i/g_rf_flops[13].rf_reg_q_reg[21]/D
                                0.13         -47.70 f       -47.83  (VIOLATED)
   ibex_top_inst/gen_regfile_ff.register_file_i/g_rf_flops[21].rf_reg_q_reg[19]/D
                                0.13         -47.70 f       -47.83  (VIOLATED)
   ibex_top_inst/gen_regfile_ff.register_file_i/g_rf_flops[27].rf_reg_q_reg[19]/D
                                0.13         -47.70 f       -47.83  (VIOLATED)
   ibex_top_inst/gen_regfile_ff.register_file_i/g_rf_flops[29].rf_reg_q_reg[19]/D
                                0.13         -47.70 f       -47.83  (VIOLATED)
   ibex_top_inst/gen_regfile_ff.register_file_i/g_rf_flops[1].rf_reg_q_reg[24]/D
                                0.13         -47.70 f       -47.83  (VIOLATED)
   ibex_top_inst/gen_regfile_ff.register_file_i/g_rf_flops[2].rf_reg_q_reg[24]/D
                                0.13         -47.70 f       -47.83  (VIOLATED)
   ibex_top_inst/gen_regfile_ff.register_file_i/g_rf_flops[4].rf_reg_q_reg[24]/D
                                0.13         -47.70 f       -47.83  (VIOLATED)
   ibex_top_inst/gen_regfile_ff.register_file_i/g_rf_flops[6].rf_reg_q_reg[24]/D
                                0.13         -47.70 f       -47.83  (VIOLATED)
   ibex_top_inst/gen_regfile_ff.register_file_i/g_rf_flops[7].rf_reg_q_reg[24]/D
                                0.13         -47.70 f       -47.83  (VIOLATED)
   ibex_top_inst/gen_regfile_ff.register_file_i/g_rf_flops[8].rf_reg_q_reg[24]/D
                                0.13         -47.70 f       -47.83  (VIOLATED)
   ibex_top_inst/gen_regfile_ff.register_file_i/g_rf_flops[9].rf_reg_q_reg[24]/D
                                0.13         -47.70 f       -47.83  (VIOLATED)
   ibex_top_inst/gen_regfile_ff.register_file_i/g_rf_flops[3].rf_reg_q_reg[24]/D
                                0.13         -47.70 f       -47.83  (VIOLATED)
   ibex_top_inst/gen_regfile_ff.register_file_i/g_rf_flops[5].rf_reg_q_reg[24]/D
                                0.13         -47.70 f       -47.83  (VIOLATED)
   ibex_top_inst/gen_regfile_ff.register_file_i/g_rf_flops[10].rf_reg_q_reg[24]/D
                                0.13         -47.70 f       -47.83  (VIOLATED)
   ibex_top_inst/gen_regfile_ff.register_file_i/g_rf_flops[3].rf_reg_q_reg[20]/D
                                0.13         -47.67 f       -47.80  (VIOLATED)
   ibex_top_inst/gen_regfile_ff.register_file_i/g_rf_flops[11].rf_reg_q_reg[20]/D
                                0.13         -47.67 f       -47.80  (VIOLATED)
   ibex_top_inst/gen_regfile_ff.register_file_i/g_rf_flops[1].rf_reg_q_reg[20]/D
                                0.13         -47.67 f       -47.80  (VIOLATED)
   ibex_top_inst/gen_regfile_ff.register_file_i/g_rf_flops[2].rf_reg_q_reg[20]/D
                                0.13         -47.67 f       -47.80  (VIOLATED)
   ibex_top_inst/gen_regfile_ff.register_file_i/g_rf_flops[4].rf_reg_q_reg[20]/D
                                0.13         -47.67 f       -47.80  (VIOLATED)
   ibex_top_inst/gen_regfile_ff.register_file_i/g_rf_flops[7].rf_reg_q_reg[20]/D
                                0.13         -47.67 f       -47.80  (VIOLATED)
   ibex_top_inst/gen_regfile_ff.register_file_i/g_rf_flops[8].rf_reg_q_reg[20]/D
                                0.13         -47.67 f       -47.80  (VIOLATED)
   ibex_top_inst/gen_regfile_ff.register_file_i/g_rf_flops[9].rf_reg_q_reg[20]/D
                                0.13         -47.67 f       -47.80  (VIOLATED)
   ibex_top_inst/gen_regfile_ff.register_file_i/g_rf_flops[10].rf_reg_q_reg[20]/D
                                0.13         -47.67 f       -47.80  (VIOLATED)
   ibex_top_inst/gen_regfile_ff.register_file_i/g_rf_flops[12].rf_reg_q_reg[20]/D
                                0.13         -47.67 f       -47.80  (VIOLATED)
   ibex_top_inst/gen_regfile_ff.register_file_i/g_rf_flops[14].rf_reg_q_reg[20]/D
                                0.13         -47.67 f       -47.80  (VIOLATED)
   ibex_top_inst/gen_regfile_ff.register_file_i/g_rf_flops[15].rf_reg_q_reg[20]/D
                                0.13         -47.67 f       -47.80  (VIOLATED)
   ibex_top_inst/gen_regfile_ff.register_file_i/g_rf_flops[16].rf_reg_q_reg[20]/D
                                0.13         -47.67 f       -47.80  (VIOLATED)
   ibex_top_inst/gen_regfile_ff.register_file_i/g_rf_flops[17].rf_reg_q_reg[20]/D
                                0.13         -47.67 f       -47.80  (VIOLATED)
   ibex_top_inst/gen_regfile_ff.register_file_i/g_rf_flops[18].rf_reg_q_reg[20]/D
                                0.13         -47.67 f       -47.80  (VIOLATED)
   ibex_top_inst/gen_regfile_ff.register_file_i/g_rf_flops[20].rf_reg_q_reg[20]/D
                                0.13         -47.67 f       -47.80  (VIOLATED)
   ibex_top_inst/gen_regfile_ff.register_file_i/g_rf_flops[5].rf_reg_q_reg[20]/D
                                0.13         -47.67 f       -47.80  (VIOLATED)
   ibex_top_inst/gen_regfile_ff.register_file_i/g_rf_flops[6].rf_reg_q_reg[20]/D
                                0.13         -47.67 f       -47.80  (VIOLATED)
   ibex_top_inst/gen_regfile_ff.register_file_i/g_rf_flops[13].rf_reg_q_reg[20]/D
                                0.13         -47.67 f       -47.80  (VIOLATED)
   ibex_top_inst/gen_regfile_ff.register_file_i/g_rf_flops[19].rf_reg_q_reg[20]/D
                                0.13         -47.67 f       -47.80  (VIOLATED)
   ibex_top_inst/gen_regfile_ff.register_file_i/g_rf_flops[22].rf_reg_q_reg[3]/D
                                0.13         -44.21 f       -44.34  (VIOLATED)
   ibex_top_inst/gen_regfile_ff.register_file_i/g_rf_flops[23].rf_reg_q_reg[3]/D
                                0.13         -44.21 f       -44.34  (VIOLATED)
   ibex_top_inst/gen_regfile_ff.register_file_i/g_rf_flops[21].rf_reg_q_reg[3]/D
                                0.13         -44.21 f       -44.34  (VIOLATED)
   ibex_top_inst/gen_regfile_ff.register_file_i/g_rf_flops[21].rf_reg_q_reg[1]/D
                                0.13         -44.20 f       -44.32  (VIOLATED)
   ibex_top_inst/gen_regfile_ff.register_file_i/g_rf_flops[22].rf_reg_q_reg[1]/D
                                0.13         -44.20 f       -44.32  (VIOLATED)
   ibex_top_inst/gen_regfile_ff.register_file_i/g_rf_flops[23].rf_reg_q_reg[1]/D
                                0.13         -44.20 f       -44.32  (VIOLATED)
   ibex_top_inst/gen_regfile_ff.register_file_i/g_rf_flops[22].rf_reg_q_reg[4]/D
                                0.13         -44.19 f       -44.32  (VIOLATED)
   ibex_top_inst/gen_regfile_ff.register_file_i/g_rf_flops[24].rf_reg_q_reg[4]/D
                                0.13         -44.19 f       -44.32  (VIOLATED)
   ibex_top_inst/gen_regfile_ff.register_file_i/g_rf_flops[26].rf_reg_q_reg[4]/D
                                0.13         -44.19 f       -44.32  (VIOLATED)
   ibex_top_inst/gen_regfile_ff.register_file_i/g_rf_flops[28].rf_reg_q_reg[4]/D
                                0.13         -44.19 f       -44.32  (VIOLATED)
   ibex_top_inst/gen_regfile_ff.register_file_i/g_rf_flops[30].rf_reg_q_reg[4]/D
                                0.13         -44.19 f       -44.32  (VIOLATED)
   ibex_top_inst/gen_regfile_ff.register_file_i/g_rf_flops[31].rf_reg_q_reg[4]/D
                                0.13         -44.19 f       -44.32  (VIOLATED)
   ibex_top_inst/gen_regfile_ff.register_file_i/g_rf_flops[25].rf_reg_q_reg[3]/D
                                0.13         -44.18 f       -44.31  (VIOLATED)
   ibex_top_inst/gen_regfile_ff.register_file_i/g_rf_flops[24].rf_reg_q_reg[3]/D
                                0.13         -44.18 f       -44.30  (VIOLATED)
   ibex_top_inst/gen_regfile_ff.register_file_i/g_rf_flops[26].rf_reg_q_reg[3]/D
                                0.13         -44.18 f       -44.30  (VIOLATED)
   ibex_top_inst/gen_regfile_ff.register_file_i/g_rf_flops[28].rf_reg_q_reg[3]/D
                                0.13         -44.18 f       -44.30  (VIOLATED)
   ibex_top_inst/gen_regfile_ff.register_file_i/g_rf_flops[30].rf_reg_q_reg[3]/D
                                0.13         -44.18 f       -44.30  (VIOLATED)
   ibex_top_inst/gen_regfile_ff.register_file_i/g_rf_flops[27].rf_reg_q_reg[3]/D
                                0.13         -44.18 f       -44.30  (VIOLATED)
   ibex_top_inst/gen_regfile_ff.register_file_i/g_rf_flops[29].rf_reg_q_reg[3]/D
                                0.13         -44.18 f       -44.30  (VIOLATED)
   ibex_top_inst/gen_regfile_ff.register_file_i/g_rf_flops[31].rf_reg_q_reg[3]/D
                                0.13         -44.18 f       -44.30  (VIOLATED)
   ibex_top_inst/gen_regfile_ff.register_file_i/g_rf_flops[24].rf_reg_q_reg[1]/D
                                0.13         -44.16 f       -44.29  (VIOLATED)
   ibex_top_inst/gen_regfile_ff.register_file_i/g_rf_flops[31].rf_reg_q_reg[1]/D
                                0.13         -44.16 f       -44.29  (VIOLATED)
   ibex_top_inst/gen_regfile_ff.register_file_i/g_rf_flops[25].rf_reg_q_reg[1]/D
                                0.13         -44.16 f       -44.29  (VIOLATED)
   ibex_top_inst/gen_regfile_ff.register_file_i/g_rf_flops[26].rf_reg_q_reg[1]/D
                                0.13         -44.16 f       -44.29  (VIOLATED)
   ibex_top_inst/gen_regfile_ff.register_file_i/g_rf_flops[27].rf_reg_q_reg[1]/D
                                0.13         -44.16 f       -44.29  (VIOLATED)
   ibex_top_inst/gen_regfile_ff.register_file_i/g_rf_flops[28].rf_reg_q_reg[1]/D
                                0.13         -44.16 f       -44.29  (VIOLATED)
   ibex_top_inst/gen_regfile_ff.register_file_i/g_rf_flops[29].rf_reg_q_reg[1]/D
                                0.13         -44.16 f       -44.29  (VIOLATED)
   ibex_top_inst/gen_regfile_ff.register_file_i/g_rf_flops[30].rf_reg_q_reg[1]/D
                                0.13         -44.16 f       -44.29  (VIOLATED)
   ibex_top_inst/gen_regfile_ff.register_file_i/g_rf_flops[23].rf_reg_q_reg[4]/D
                                0.13         -44.16 f       -44.29  (VIOLATED)
   ibex_top_inst/gen_regfile_ff.register_file_i/g_rf_flops[25].rf_reg_q_reg[4]/D
                                0.13         -44.16 f       -44.29  (VIOLATED)
   ibex_top_inst/gen_regfile_ff.register_file_i/g_rf_flops[21].rf_reg_q_reg[4]/D
                                0.13         -44.16 f       -44.29  (VIOLATED)
   ibex_top_inst/gen_regfile_ff.register_file_i/g_rf_flops[27].rf_reg_q_reg[4]/D
                                0.13         -44.16 f       -44.29  (VIOLATED)
   ibex_top_inst/gen_regfile_ff.register_file_i/g_rf_flops[29].rf_reg_q_reg[4]/D
                                0.13         -44.16 f       -44.29  (VIOLATED)
   ibex_top_inst/gen_regfile_ff.register_file_i/g_rf_flops[2].rf_reg_q_reg[3]/D
                                0.13         -44.14 f       -44.27  (VIOLATED)
   ibex_top_inst/gen_regfile_ff.register_file_i/g_rf_flops[10].rf_reg_q_reg[3]/D
                                0.13         -44.14 f       -44.27  (VIOLATED)
   ibex_top_inst/gen_regfile_ff.register_file_i/g_rf_flops[4].rf_reg_q_reg[3]/D
                                0.13         -44.14 f       -44.27  (VIOLATED)
   ibex_top_inst/gen_regfile_ff.register_file_i/g_rf_flops[6].rf_reg_q_reg[3]/D
                                0.13         -44.14 f       -44.27  (VIOLATED)
   ibex_top_inst/gen_regfile_ff.register_file_i/g_rf_flops[7].rf_reg_q_reg[3]/D
                                0.13         -44.14 f       -44.27  (VIOLATED)
   ibex_top_inst/gen_regfile_ff.register_file_i/g_rf_flops[8].rf_reg_q_reg[3]/D
                                0.13         -44.14 f       -44.27  (VIOLATED)
   ibex_top_inst/gen_regfile_ff.register_file_i/g_rf_flops[9].rf_reg_q_reg[3]/D
                                0.13         -44.14 f       -44.27  (VIOLATED)
   ibex_top_inst/gen_regfile_ff.register_file_i/g_rf_flops[12].rf_reg_q_reg[3]/D
                                0.13         -44.14 f       -44.27  (VIOLATED)
   ibex_top_inst/gen_regfile_ff.register_file_i/g_rf_flops[14].rf_reg_q_reg[3]/D
                                0.13         -44.14 f       -44.27  (VIOLATED)
   ibex_top_inst/gen_regfile_ff.register_file_i/g_rf_flops[15].rf_reg_q_reg[3]/D
                                0.13         -44.14 f       -44.27  (VIOLATED)
   ibex_top_inst/gen_regfile_ff.register_file_i/g_rf_flops[16].rf_reg_q_reg[3]/D
                                0.13         -44.14 f       -44.27  (VIOLATED)
   ibex_top_inst/gen_regfile_ff.register_file_i/g_rf_flops[17].rf_reg_q_reg[3]/D
                                0.13         -44.14 f       -44.27  (VIOLATED)
   ibex_top_inst/gen_regfile_ff.register_file_i/g_rf_flops[18].rf_reg_q_reg[3]/D
                                0.13         -44.14 f       -44.27  (VIOLATED)
   ibex_top_inst/gen_regfile_ff.register_file_i/g_rf_flops[20].rf_reg_q_reg[3]/D
                                0.13         -44.14 f       -44.27  (VIOLATED)
   ibex_top_inst/gen_regfile_ff.register_file_i/g_rf_flops[1].rf_reg_q_reg[3]/D
                                0.13         -44.14 f       -44.27  (VIOLATED)
   ibex_top_inst/gen_regfile_ff.register_file_i/g_rf_flops[3].rf_reg_q_reg[3]/D
                                0.13         -44.14 f       -44.27  (VIOLATED)
   ibex_top_inst/gen_regfile_ff.register_file_i/g_rf_flops[5].rf_reg_q_reg[3]/D
                                0.13         -44.14 f       -44.27  (VIOLATED)
   ibex_top_inst/gen_regfile_ff.register_file_i/g_rf_flops[11].rf_reg_q_reg[3]/D
                                0.13         -44.14 f       -44.27  (VIOLATED)
   ibex_top_inst/gen_regfile_ff.register_file_i/g_rf_flops[13].rf_reg_q_reg[3]/D
                                0.13         -44.14 f       -44.27  (VIOLATED)
   ibex_top_inst/gen_regfile_ff.register_file_i/g_rf_flops[19].rf_reg_q_reg[3]/D
                                0.13         -44.14 f       -44.27  (VIOLATED)
   ibex_top_inst/gen_regfile_ff.register_file_i/g_rf_flops[1].rf_reg_q_reg[1]/D
                                0.13         -44.13 f       -44.26  (VIOLATED)
   ibex_top_inst/gen_regfile_ff.register_file_i/g_rf_flops[9].rf_reg_q_reg[1]/D
                                0.13         -44.13 f       -44.26  (VIOLATED)
   ibex_top_inst/gen_regfile_ff.register_file_i/g_rf_flops[2].rf_reg_q_reg[1]/D
                                0.13         -44.13 f       -44.26  (VIOLATED)
   ibex_top_inst/gen_regfile_ff.register_file_i/g_rf_flops[3].rf_reg_q_reg[1]/D
                                0.13         -44.13 f       -44.26  (VIOLATED)
   ibex_top_inst/gen_regfile_ff.register_file_i/g_rf_flops[4].rf_reg_q_reg[1]/D
                                0.13         -44.13 f       -44.26  (VIOLATED)
   ibex_top_inst/gen_regfile_ff.register_file_i/g_rf_flops[5].rf_reg_q_reg[1]/D
                                0.13         -44.13 f       -44.26  (VIOLATED)
   ibex_top_inst/gen_regfile_ff.register_file_i/g_rf_flops[6].rf_reg_q_reg[1]/D
                                0.13         -44.13 f       -44.26  (VIOLATED)
   ibex_top_inst/gen_regfile_ff.register_file_i/g_rf_flops[7].rf_reg_q_reg[1]/D
                                0.13         -44.13 f       -44.26  (VIOLATED)
   ibex_top_inst/gen_regfile_ff.register_file_i/g_rf_flops[8].rf_reg_q_reg[1]/D
                                0.13         -44.13 f       -44.26  (VIOLATED)
   ibex_top_inst/gen_regfile_ff.register_file_i/g_rf_flops[10].rf_reg_q_reg[1]/D
                                0.13         -44.13 f       -44.26  (VIOLATED)
   ibex_top_inst/gen_regfile_ff.register_file_i/g_rf_flops[11].rf_reg_q_reg[1]/D
                                0.13         -44.13 f       -44.26  (VIOLATED)
   ibex_top_inst/gen_regfile_ff.register_file_i/g_rf_flops[12].rf_reg_q_reg[1]/D
                                0.13         -44.13 f       -44.26  (VIOLATED)
   ibex_top_inst/gen_regfile_ff.register_file_i/g_rf_flops[13].rf_reg_q_reg[1]/D
                                0.13         -44.13 f       -44.26  (VIOLATED)
   ibex_top_inst/gen_regfile_ff.register_file_i/g_rf_flops[14].rf_reg_q_reg[1]/D
                                0.13         -44.13 f       -44.26  (VIOLATED)
   ibex_top_inst/gen_regfile_ff.register_file_i/g_rf_flops[15].rf_reg_q_reg[1]/D
                                0.13         -44.13 f       -44.26  (VIOLATED)
   ibex_top_inst/gen_regfile_ff.register_file_i/g_rf_flops[16].rf_reg_q_reg[1]/D
                                0.13         -44.13 f       -44.26  (VIOLATED)
   ibex_top_inst/gen_regfile_ff.register_file_i/g_rf_flops[17].rf_reg_q_reg[1]/D
                                0.13         -44.13 f       -44.26  (VIOLATED)
   ibex_top_inst/gen_regfile_ff.register_file_i/g_rf_flops[18].rf_reg_q_reg[1]/D
                                0.13         -44.13 f       -44.26  (VIOLATED)
   ibex_top_inst/gen_regfile_ff.register_file_i/g_rf_flops[19].rf_reg_q_reg[1]/D
                                0.13         -44.13 f       -44.26  (VIOLATED)
   ibex_top_inst/gen_regfile_ff.register_file_i/g_rf_flops[20].rf_reg_q_reg[1]/D
                                0.13         -44.13 f       -44.26  (VIOLATED)
   ibex_top_inst/gen_regfile_ff.register_file_i/g_rf_flops[18].rf_reg_q_reg[4]/D
                                0.13         -44.13 f       -44.26  (VIOLATED)
   ibex_top_inst/gen_regfile_ff.register_file_i/g_rf_flops[4].rf_reg_q_reg[4]/D
                                0.13         -44.13 f       -44.26  (VIOLATED)
   ibex_top_inst/gen_regfile_ff.register_file_i/g_rf_flops[6].rf_reg_q_reg[4]/D
                                0.13         -44.13 f       -44.26  (VIOLATED)
   ibex_top_inst/gen_regfile_ff.register_file_i/g_rf_flops[7].rf_reg_q_reg[4]/D
                                0.13         -44.13 f       -44.26  (VIOLATED)
   ibex_top_inst/gen_regfile_ff.register_file_i/g_rf_flops[8].rf_reg_q_reg[4]/D
                                0.13         -44.13 f       -44.26  (VIOLATED)
   ibex_top_inst/gen_regfile_ff.register_file_i/g_rf_flops[9].rf_reg_q_reg[4]/D
                                0.13         -44.13 f       -44.26  (VIOLATED)
   ibex_top_inst/gen_regfile_ff.register_file_i/g_rf_flops[10].rf_reg_q_reg[4]/D
                                0.13         -44.13 f       -44.26  (VIOLATED)
   ibex_top_inst/gen_regfile_ff.register_file_i/g_rf_flops[12].rf_reg_q_reg[4]/D
                                0.13         -44.13 f       -44.26  (VIOLATED)
   ibex_top_inst/gen_regfile_ff.register_file_i/g_rf_flops[14].rf_reg_q_reg[4]/D
                                0.13         -44.13 f       -44.26  (VIOLATED)
   ibex_top_inst/gen_regfile_ff.register_file_i/g_rf_flops[15].rf_reg_q_reg[4]/D
                                0.13         -44.13 f       -44.26  (VIOLATED)
   ibex_top_inst/gen_regfile_ff.register_file_i/g_rf_flops[16].rf_reg_q_reg[4]/D
                                0.13         -44.13 f       -44.26  (VIOLATED)
   ibex_top_inst/gen_regfile_ff.register_file_i/g_rf_flops[17].rf_reg_q_reg[4]/D
                                0.13         -44.13 f       -44.26  (VIOLATED)
   ibex_top_inst/gen_regfile_ff.register_file_i/g_rf_flops[20].rf_reg_q_reg[4]/D
                                0.13         -44.13 f       -44.26  (VIOLATED)
   ibex_top_inst/gen_regfile_ff.register_file_i/g_rf_flops[1].rf_reg_q_reg[4]/D
                                0.13         -44.13 f       -44.26  (VIOLATED)
   ibex_top_inst/gen_regfile_ff.register_file_i/g_rf_flops[2].rf_reg_q_reg[4]/D
                                0.13         -44.13 f       -44.26  (VIOLATED)
   ibex_top_inst/gen_regfile_ff.register_file_i/g_rf_flops[3].rf_reg_q_reg[4]/D
                                0.13         -44.13 f       -44.26  (VIOLATED)
   ibex_top_inst/gen_regfile_ff.register_file_i/g_rf_flops[5].rf_reg_q_reg[4]/D
                                0.13         -44.13 f       -44.26  (VIOLATED)
   ibex_top_inst/gen_regfile_ff.register_file_i/g_rf_flops[11].rf_reg_q_reg[4]/D
                                0.13         -44.13 f       -44.26  (VIOLATED)
   ibex_top_inst/gen_regfile_ff.register_file_i/g_rf_flops[13].rf_reg_q_reg[4]/D
                                0.13         -44.13 f       -44.26  (VIOLATED)
   ibex_top_inst/gen_regfile_ff.register_file_i/g_rf_flops[19].rf_reg_q_reg[4]/D
                                0.13         -44.13 f       -44.26  (VIOLATED)
   ibex_top_inst/u_ibex_core/id_stage_i/controller_i/debug_cause_q_reg[1]/D
                                0.13         -25.68 f       -25.81  (VIOLATED)
   ibex_top_inst/u_ibex_core/id_stage_i/controller_i/debug_cause_q_reg[2]/D
                                0.13         -25.68 f       -25.81  (VIOLATED)
   ibex_top_inst/u_ibex_core/id_stage_i/controller_i/debug_cause_q_reg[0]/D
                                0.11         -25.69 r       -25.80  (VIOLATED)
   ibex_top_inst/u_ibex_core/cs_registers_i/priv_lvl_q_reg[0]/D
                                0.12         -25.61 f       -25.74  (VIOLATED)
   ibex_top_inst/u_ibex_core/cs_registers_i/priv_lvl_q_reg[1]/D
                                0.12         -25.59 f       -25.72  (VIOLATED)
   ibex_top_inst/u_ibex_core/cs_registers_i/u_dcsr_csr/rdata_q_reg[6]/D
                                0.13         -25.56 f       -25.70  (VIOLATED)
   ibex_top_inst/u_ibex_core/cs_registers_i/u_dcsr_csr/rdata_q_reg[7]/D
                                0.13         -25.56 f       -25.70  (VIOLATED)
   ibex_top_inst/u_ibex_core/cs_registers_i/u_dcsr_csr/rdata_q_reg[8]/D
                                0.13         -25.56 f       -25.70  (VIOLATED)
   ibex_top_inst/u_ibex_core/cs_registers_i/u_mstack_cause_csr/rdata_q_reg[5]/D
                                0.13         -25.55 f       -25.68  (VIOLATED)
   ibex_top_inst/u_ibex_core/cs_registers_i/u_mstack_epc_csr/rdata_q_reg[13]/D
                                0.13         -25.55 f       -25.68  (VIOLATED)
   ibex_top_inst/u_ibex_core/cs_registers_i/u_mstack_epc_csr/rdata_q_reg[15]/D
                                0.13         -25.55 f       -25.68  (VIOLATED)
   ibex_top_inst/u_ibex_core/cs_registers_i/u_mstack_epc_csr/rdata_q_reg[16]/D
                                0.13         -25.55 f       -25.68  (VIOLATED)
   ibex_top_inst/u_ibex_core/cs_registers_i/u_mstack_epc_csr/rdata_q_reg[17]/D
                                0.13         -25.55 f       -25.68  (VIOLATED)
   ibex_top_inst/u_ibex_core/cs_registers_i/u_mstack_epc_csr/rdata_q_reg[18]/D
                                0.13         -25.55 f       -25.68  (VIOLATED)
   ibex_top_inst/u_ibex_core/cs_registers_i/u_mstack_epc_csr/rdata_q_reg[19]/D
                                0.13         -25.55 f       -25.68  (VIOLATED)
   ibex_top_inst/u_ibex_core/cs_registers_i/u_mstack_csr/rdata_q_reg[2]/D
                                0.12         -25.48 f       -25.60  (VIOLATED)
   ibex_top_inst/u_ibex_core/cs_registers_i/u_mstack_cause_csr/rdata_q_reg[6]/D
                                0.13         -25.47 f       -25.60  (VIOLATED)
   ibex_top_inst/u_ibex_core/cs_registers_i/u_mstack_epc_csr/rdata_q_reg[11]/D
                                0.13         -25.47 f       -25.60  (VIOLATED)
   ibex_top_inst/u_ibex_core/cs_registers_i/u_mstack_epc_csr/rdata_q_reg[12]/D
                                0.13         -25.47 f       -25.60  (VIOLATED)
   ibex_top_inst/u_ibex_core/cs_registers_i/u_mstack_cause_csr/rdata_q_reg[0]/D
                                0.13         -25.46 f       -25.59  (VIOLATED)
   ibex_top_inst/u_ibex_core/cs_registers_i/u_mstack_cause_csr/rdata_q_reg[1]/D
                                0.13         -25.46 f       -25.59  (VIOLATED)
   ibex_top_inst/u_ibex_core/cs_registers_i/u_mstack_cause_csr/rdata_q_reg[2]/D
                                0.13         -25.46 f       -25.59  (VIOLATED)
   ibex_top_inst/u_ibex_core/cs_registers_i/u_mstack_cause_csr/rdata_q_reg[3]/D
                                0.13         -25.46 f       -25.59  (VIOLATED)
   ibex_top_inst/u_ibex_core/cs_registers_i/u_mstack_cause_csr/rdata_q_reg[4]/D
                                0.13         -25.46 f       -25.59  (VIOLATED)
   ibex_top_inst/u_ibex_core/cs_registers_i/u_mstack_csr/rdata_q_reg[0]/D
                                0.13         -25.46 f       -25.59  (VIOLATED)
   ibex_top_inst/u_ibex_core/cs_registers_i/u_mstack_csr/rdata_q_reg[1]/D
                                0.13         -25.46 f       -25.59  (VIOLATED)
   ibex_top_inst/u_ibex_core/cs_registers_i/u_mstack_epc_csr/rdata_q_reg[1]/D
                                0.13         -25.46 f       -25.59  (VIOLATED)
   ibex_top_inst/u_ibex_core/cs_registers_i/u_mstack_epc_csr/rdata_q_reg[2]/D
                                0.13         -25.46 f       -25.59  (VIOLATED)
   ibex_top_inst/u_ibex_core/cs_registers_i/u_mstack_epc_csr/rdata_q_reg[3]/D
                                0.13         -25.46 f       -25.59  (VIOLATED)
   ibex_top_inst/u_ibex_core/cs_registers_i/u_mstack_epc_csr/rdata_q_reg[4]/D
                                0.13         -25.46 f       -25.59  (VIOLATED)
   ibex_top_inst/u_ibex_core/cs_registers_i/u_mstack_epc_csr/rdata_q_reg[5]/D
                                0.13         -25.46 f       -25.59  (VIOLATED)
   ibex_top_inst/u_ibex_core/cs_registers_i/u_mstack_epc_csr/rdata_q_reg[6]/D
                                0.13         -25.46 f       -25.59  (VIOLATED)
   ibex_top_inst/u_ibex_core/cs_registers_i/u_mstack_epc_csr/rdata_q_reg[7]/D
                                0.13         -25.46 f       -25.59  (VIOLATED)
   ibex_top_inst/u_ibex_core/cs_registers_i/u_mstack_epc_csr/rdata_q_reg[8]/D
                                0.13         -25.46 f       -25.59  (VIOLATED)
   ibex_top_inst/u_ibex_core/cs_registers_i/u_mstack_epc_csr/rdata_q_reg[9]/D
                                0.13         -25.46 f       -25.59  (VIOLATED)
   ibex_top_inst/u_ibex_core/cs_registers_i/u_mstack_epc_csr/rdata_q_reg[10]/D
                                0.13         -25.46 f       -25.59  (VIOLATED)
   ibex_top_inst/u_ibex_core/cs_registers_i/u_mstack_epc_csr/rdata_q_reg[14]/D
                                0.13         -25.46 f       -25.59  (VIOLATED)
   ibex_top_inst/u_ibex_core/cs_registers_i/u_mstack_epc_csr/rdata_q_reg[20]/D
                                0.13         -25.46 f       -25.59  (VIOLATED)
   ibex_top_inst/u_ibex_core/cs_registers_i/u_mstack_epc_csr/rdata_q_reg[21]/D
                                0.13         -25.46 f       -25.59  (VIOLATED)
   ibex_top_inst/u_ibex_core/cs_registers_i/u_mstack_epc_csr/rdata_q_reg[22]/D
                                0.13         -25.46 f       -25.59  (VIOLATED)
   ibex_top_inst/u_ibex_core/cs_registers_i/u_mstack_epc_csr/rdata_q_reg[23]/D
                                0.13         -25.46 f       -25.59  (VIOLATED)
   ibex_top_inst/u_ibex_core/cs_registers_i/u_mstack_epc_csr/rdata_q_reg[24]/D
                                0.13         -25.46 f       -25.59  (VIOLATED)
   ibex_top_inst/u_ibex_core/cs_registers_i/u_mstack_epc_csr/rdata_q_reg[25]/D
                                0.13         -25.46 f       -25.59  (VIOLATED)
   ibex_top_inst/u_ibex_core/cs_registers_i/u_mstack_epc_csr/rdata_q_reg[26]/D
                                0.13         -25.46 f       -25.59  (VIOLATED)
   ibex_top_inst/u_ibex_core/cs_registers_i/u_mstack_epc_csr/rdata_q_reg[27]/D
                                0.13         -25.46 f       -25.59  (VIOLATED)
   ibex_top_inst/u_ibex_core/cs_registers_i/u_mstack_epc_csr/rdata_q_reg[28]/D
                                0.13         -25.46 f       -25.59  (VIOLATED)
   ibex_top_inst/u_ibex_core/cs_registers_i/u_mstack_epc_csr/rdata_q_reg[29]/D
                                0.13         -25.46 f       -25.59  (VIOLATED)
   ibex_top_inst/u_ibex_core/cs_registers_i/u_mstack_epc_csr/rdata_q_reg[30]/D
                                0.13         -25.46 f       -25.59  (VIOLATED)
   ibex_top_inst/u_ibex_core/cs_registers_i/u_mstack_epc_csr/rdata_q_reg[31]/D
                                0.13         -25.46 f       -25.59  (VIOLATED)
   ibex_top_inst/u_ibex_core/if_stage_i/gen_prefetch_buffer.prefetch_buffer_i/fifo_i/rdata_q_reg[2][0]/D
                                0.12           0.09 f        -0.03  (VIOLATED)
   ibex_top_inst/u_ibex_core/if_stage_i/gen_prefetch_buffer.prefetch_buffer_i/fifo_i/err_q_reg[2]/D
                                0.12           0.09 f        -0.03  (VIOLATED)
   ibex_top_inst/u_ibex_core/if_stage_i/gen_prefetch_buffer.prefetch_buffer_i/fifo_i/rdata_q_reg[2][4]/D
                                0.12           0.09 f        -0.03  (VIOLATED)
   ibex_top_inst/u_ibex_core/if_stage_i/gen_prefetch_buffer.prefetch_buffer_i/fifo_i/rdata_q_reg[2][5]/D
                                0.12           0.09 f        -0.03  (VIOLATED)
   ibex_top_inst/u_ibex_core/if_stage_i/gen_prefetch_buffer.prefetch_buffer_i/fifo_i/rdata_q_reg[2][6]/D
                                0.12           0.09 f        -0.03  (VIOLATED)
   ibex_top_inst/u_ibex_core/if_stage_i/gen_prefetch_buffer.prefetch_buffer_i/fifo_i/rdata_q_reg[2][7]/D
                                0.12           0.09 f        -0.03  (VIOLATED)
   ibex_top_inst/u_ibex_core/if_stage_i/gen_prefetch_buffer.prefetch_buffer_i/fifo_i/rdata_q_reg[2][8]/D
                                0.12           0.09 f        -0.03  (VIOLATED)
   ibex_top_inst/u_ibex_core/if_stage_i/gen_prefetch_buffer.prefetch_buffer_i/fifo_i/rdata_q_reg[2][9]/D
                                0.12           0.09 f        -0.03  (VIOLATED)
   ibex_top_inst/u_ibex_core/if_stage_i/gen_prefetch_buffer.prefetch_buffer_i/fifo_i/rdata_q_reg[2][10]/D
                                0.12           0.09 f        -0.03  (VIOLATED)
   ibex_top_inst/u_ibex_core/if_stage_i/gen_prefetch_buffer.prefetch_buffer_i/fifo_i/rdata_q_reg[2][11]/D
                                0.12           0.09 f        -0.03  (VIOLATED)
   ibex_top_inst/u_ibex_core/if_stage_i/gen_prefetch_buffer.prefetch_buffer_i/fifo_i/rdata_q_reg[2][12]/D
                                0.12           0.09 f        -0.03  (VIOLATED)
   ibex_top_inst/u_ibex_core/if_stage_i/gen_prefetch_buffer.prefetch_buffer_i/fifo_i/rdata_q_reg[2][13]/D
                                0.12           0.09 f        -0.03  (VIOLATED)
   ibex_top_inst/u_ibex_core/if_stage_i/gen_prefetch_buffer.prefetch_buffer_i/fifo_i/rdata_q_reg[2][14]/D
                                0.12           0.09 f        -0.03  (VIOLATED)
   ibex_top_inst/u_ibex_core/if_stage_i/gen_prefetch_buffer.prefetch_buffer_i/fifo_i/rdata_q_reg[2][15]/D
                                0.12           0.09 f        -0.03  (VIOLATED)
   ibex_top_inst/u_ibex_core/if_stage_i/gen_prefetch_buffer.prefetch_buffer_i/fifo_i/rdata_q_reg[2][16]/D
                                0.12           0.09 f        -0.03  (VIOLATED)
   ibex_top_inst/u_ibex_core/if_stage_i/gen_prefetch_buffer.prefetch_buffer_i/fifo_i/rdata_q_reg[2][17]/D
                                0.12           0.09 f        -0.03  (VIOLATED)
   ibex_top_inst/u_ibex_core/if_stage_i/gen_prefetch_buffer.prefetch_buffer_i/fifo_i/rdata_q_reg[2][18]/D
                                0.12           0.09 f        -0.03  (VIOLATED)
   ibex_top_inst/u_ibex_core/if_stage_i/gen_prefetch_buffer.prefetch_buffer_i/fifo_i/rdata_q_reg[2][19]/D
                                0.12           0.09 f        -0.03  (VIOLATED)
   ibex_top_inst/u_ibex_core/if_stage_i/gen_prefetch_buffer.prefetch_buffer_i/fifo_i/rdata_q_reg[2][20]/D
                                0.12           0.09 f        -0.03  (VIOLATED)
   ibex_top_inst/u_ibex_core/if_stage_i/gen_prefetch_buffer.prefetch_buffer_i/fifo_i/rdata_q_reg[2][21]/D
                                0.12           0.09 f        -0.03  (VIOLATED)
   ibex_top_inst/u_ibex_core/if_stage_i/gen_prefetch_buffer.prefetch_buffer_i/fifo_i/rdata_q_reg[2][22]/D
                                0.12           0.09 f        -0.03  (VIOLATED)
   ibex_top_inst/u_ibex_core/if_stage_i/gen_prefetch_buffer.prefetch_buffer_i/fifo_i/rdata_q_reg[2][23]/D
                                0.12           0.09 f        -0.03  (VIOLATED)
   ibex_top_inst/u_ibex_core/if_stage_i/gen_prefetch_buffer.prefetch_buffer_i/fifo_i/rdata_q_reg[2][24]/D
                                0.12           0.09 f        -0.03  (VIOLATED)
   ibex_top_inst/u_ibex_core/if_stage_i/gen_prefetch_buffer.prefetch_buffer_i/fifo_i/rdata_q_reg[2][25]/D
                                0.12           0.09 f        -0.03  (VIOLATED)
   ibex_top_inst/u_ibex_core/if_stage_i/gen_prefetch_buffer.prefetch_buffer_i/fifo_i/rdata_q_reg[2][26]/D
                                0.12           0.09 f        -0.03  (VIOLATED)
   ibex_top_inst/u_ibex_core/if_stage_i/gen_prefetch_buffer.prefetch_buffer_i/fifo_i/rdata_q_reg[2][27]/D
                                0.12           0.09 f        -0.03  (VIOLATED)
   ibex_top_inst/u_ibex_core/if_stage_i/gen_prefetch_buffer.prefetch_buffer_i/fifo_i/rdata_q_reg[2][28]/D
                                0.12           0.09 f        -0.03  (VIOLATED)
   ibex_top_inst/u_ibex_core/if_stage_i/gen_prefetch_buffer.prefetch_buffer_i/fifo_i/rdata_q_reg[2][29]/D
                                0.12           0.09 f        -0.03  (VIOLATED)
   ibex_top_inst/u_ibex_core/if_stage_i/gen_prefetch_buffer.prefetch_buffer_i/fifo_i/rdata_q_reg[2][30]/D
                                0.12           0.09 f        -0.03  (VIOLATED)
   ibex_top_inst/u_ibex_core/if_stage_i/gen_prefetch_buffer.prefetch_buffer_i/fifo_i/rdata_q_reg[2][31]/D
                                0.12           0.09 f        -0.03  (VIOLATED)
   ibex_top_inst/u_ibex_core/if_stage_i/gen_prefetch_buffer.prefetch_buffer_i/fifo_i/rdata_q_reg[2][1]/D
                                0.12           0.09 f        -0.03  (VIOLATED)
   ibex_top_inst/u_ibex_core/if_stage_i/gen_prefetch_buffer.prefetch_buffer_i/fifo_i/rdata_q_reg[2][2]/D
                                0.12           0.09 f        -0.03  (VIOLATED)
   ibex_top_inst/u_ibex_core/if_stage_i/gen_prefetch_buffer.prefetch_buffer_i/fifo_i/rdata_q_reg[2][3]/D
                                0.12           0.09 f        -0.03  (VIOLATED)
   ibex_top_inst/u_ibex_core/id_stage_i/controller_i/store_err_q_reg/D
                                0.13           0.11 f        -0.02  (VIOLATED)
   ibex_top_inst/u_ibex_core/id_stage_i/controller_i/load_err_q_reg/D
                                0.13           0.11 f        -0.02  (VIOLATED)
   ibex_top_inst/u_ibex_core/load_store_unit_i/rdata_q_reg[8]/D
                                0.13           0.11 f        -0.02  (VIOLATED)
   ibex_top_inst/u_ibex_core/load_store_unit_i/rdata_q_reg[13]/D
                                0.13           0.11 f        -0.02  (VIOLATED)
   ibex_top_inst/u_ibex_core/load_store_unit_i/rdata_q_reg[14]/D
                                0.13           0.11 f        -0.02  (VIOLATED)
   ibex_top_inst/u_ibex_core/load_store_unit_i/rdata_q_reg[15]/D
                                0.13           0.11 f        -0.02  (VIOLATED)
   ibex_top_inst/u_ibex_core/load_store_unit_i/rdata_q_reg[9]/D
                                0.13           0.11 f        -0.02  (VIOLATED)
   ibex_top_inst/u_ibex_core/load_store_unit_i/rdata_q_reg[10]/D
                                0.13           0.11 f        -0.02  (VIOLATED)
   ibex_top_inst/u_ibex_core/load_store_unit_i/rdata_q_reg[11]/D
                                0.13           0.11 f        -0.02  (VIOLATED)
   ibex_top_inst/u_ibex_core/load_store_unit_i/rdata_q_reg[12]/D
                                0.13           0.11 f        -0.02  (VIOLATED)
   ibex_top_inst/u_ibex_core/id_stage_i/controller_i/do_single_step_q_reg/D
                                0.13           0.11 f        -0.02  (VIOLATED)
   ibex_top_inst/u_ibex_core/load_store_unit_i/rdata_q_reg[16]/D
                                0.13           0.11 f        -0.02  (VIOLATED)
   ibex_top_inst/u_ibex_core/load_store_unit_i/rdata_q_reg[17]/D
                                0.13           0.11 f        -0.02  (VIOLATED)
   ibex_top_inst/u_ibex_core/load_store_unit_i/rdata_q_reg[18]/D
                                0.13           0.11 f        -0.02  (VIOLATED)
   ibex_top_inst/u_ibex_core/load_store_unit_i/rdata_q_reg[20]/D
                                0.13           0.11 f        -0.02  (VIOLATED)
   ibex_top_inst/u_ibex_core/load_store_unit_i/rdata_q_reg[21]/D
                                0.13           0.11 f        -0.02  (VIOLATED)
   ibex_top_inst/u_ibex_core/load_store_unit_i/rdata_q_reg[22]/D
                                0.13           0.11 f        -0.02  (VIOLATED)
   ibex_top_inst/u_ibex_core/load_store_unit_i/rdata_q_reg[23]/D
                                0.13           0.11 f        -0.02  (VIOLATED)
   ibex_top_inst/gen_regfile_ff.register_file_i/g_rf_flops[3].rf_reg_q_reg[5]/D
                                0.13           0.11 f        -0.02  (VIOLATED)
   ibex_top_inst/gen_regfile_ff.register_file_i/g_rf_flops[11].rf_reg_q_reg[5]/D
                                0.13           0.11 f        -0.02  (VIOLATED)
   ibex_top_inst/gen_regfile_ff.register_file_i/g_rf_flops[19].rf_reg_q_reg[6]/D
                                0.13           0.11 f        -0.02  (VIOLATED)
   ibex_top_inst/gen_regfile_ff.register_file_i/g_rf_flops[27].rf_reg_q_reg[7]/D
                                0.13           0.11 f        -0.02  (VIOLATED)
   ibex_top_inst/gen_regfile_ff.register_file_i/g_rf_flops[16].rf_reg_q_reg[0]/D
                                0.13           0.11 f        -0.02  (VIOLATED)
   ibex_top_inst/gen_regfile_ff.register_file_i/g_rf_flops[31].rf_reg_q_reg[0]/D
                                0.13           0.11 f        -0.02  (VIOLATED)
   ibex_top_inst/gen_regfile_ff.register_file_i/g_rf_flops[4].rf_reg_q_reg[7]/D
                                0.13           0.11 f        -0.02  (VIOLATED)
   ibex_top_inst/gen_regfile_ff.register_file_i/g_rf_flops[12].rf_reg_q_reg[7]/D
                                0.13           0.11 f        -0.02  (VIOLATED)
   ibex_top_inst/gen_regfile_ff.register_file_i/g_rf_flops[17].rf_reg_q_reg[2]/D
                                0.13           0.11 f        -0.02  (VIOLATED)
   ibex_top_inst/gen_regfile_ff.register_file_i/g_rf_flops[26].rf_reg_q_reg[5]/D
                                0.13           0.11 f        -0.02  (VIOLATED)
   ibex_top_inst/u_ibex_core/load_store_unit_i/rdata_q_reg[19]/D
                                0.13           0.11 f        -0.02  (VIOLATED)
   ibex_top_inst/gen_regfile_ff.register_file_i/g_rf_flops[8].rf_reg_q_reg[2]/D
                                0.13           0.11 f        -0.02  (VIOLATED)
   ibex_top_inst/gen_regfile_ff.register_file_i/g_rf_flops[8].rf_reg_q_reg[5]/D
                                0.13           0.11 f        -0.02  (VIOLATED)
   ibex_top_inst/gen_regfile_ff.register_file_i/g_rf_flops[8].rf_reg_q_reg[6]/D
                                0.13           0.11 f        -0.02  (VIOLATED)
   ibex_top_inst/gen_regfile_ff.register_file_i/g_rf_flops[8].rf_reg_q_reg[7]/D
                                0.13           0.11 f        -0.02  (VIOLATED)
   ibex_top_inst/gen_regfile_ff.register_file_i/g_rf_flops[9].rf_reg_q_reg[2]/D
                                0.13           0.11 f        -0.02  (VIOLATED)
   ibex_top_inst/gen_regfile_ff.register_file_i/g_rf_flops[9].rf_reg_q_reg[5]/D
                                0.13           0.11 f        -0.02  (VIOLATED)
   ibex_top_inst/gen_regfile_ff.register_file_i/g_rf_flops[9].rf_reg_q_reg[6]/D
                                0.13           0.11 f        -0.02  (VIOLATED)
   ibex_top_inst/gen_regfile_ff.register_file_i/g_rf_flops[9].rf_reg_q_reg[7]/D
                                0.13           0.11 f        -0.02  (VIOLATED)
   ibex_top_inst/gen_regfile_ff.register_file_i/g_rf_flops[10].rf_reg_q_reg[2]/D
                                0.13           0.11 f        -0.02  (VIOLATED)
   ibex_top_inst/gen_regfile_ff.register_file_i/g_rf_flops[10].rf_reg_q_reg[5]/D
                                0.13           0.11 f        -0.02  (VIOLATED)
   ibex_top_inst/gen_regfile_ff.register_file_i/g_rf_flops[10].rf_reg_q_reg[6]/D
                                0.13           0.11 f        -0.02  (VIOLATED)
   ibex_top_inst/gen_regfile_ff.register_file_i/g_rf_flops[10].rf_reg_q_reg[7]/D
                                0.13           0.11 f        -0.02  (VIOLATED)
   ibex_top_inst/gen_regfile_ff.register_file_i/g_rf_flops[12].rf_reg_q_reg[2]/D
                                0.13           0.11 f        -0.02  (VIOLATED)
   ibex_top_inst/gen_regfile_ff.register_file_i/g_rf_flops[12].rf_reg_q_reg[5]/D
                                0.13           0.11 f        -0.02  (VIOLATED)
   ibex_top_inst/gen_regfile_ff.register_file_i/g_rf_flops[12].rf_reg_q_reg[6]/D
                                0.13           0.11 f        -0.02  (VIOLATED)
   ibex_top_inst/gen_regfile_ff.register_file_i/g_rf_flops[14].rf_reg_q_reg[2]/D
                                0.13           0.11 f        -0.02  (VIOLATED)
   ibex_top_inst/gen_regfile_ff.register_file_i/g_rf_flops[14].rf_reg_q_reg[5]/D
                                0.13           0.11 f        -0.02  (VIOLATED)
   ibex_top_inst/gen_regfile_ff.register_file_i/g_rf_flops[14].rf_reg_q_reg[6]/D
                                0.13           0.11 f        -0.02  (VIOLATED)
   ibex_top_inst/gen_regfile_ff.register_file_i/g_rf_flops[14].rf_reg_q_reg[7]/D
                                0.13           0.11 f        -0.02  (VIOLATED)
   ibex_top_inst/gen_regfile_ff.register_file_i/g_rf_flops[15].rf_reg_q_reg[2]/D
                                0.13           0.11 f        -0.02  (VIOLATED)
   ibex_top_inst/gen_regfile_ff.register_file_i/g_rf_flops[15].rf_reg_q_reg[5]/D
                                0.13           0.11 f        -0.02  (VIOLATED)
   ibex_top_inst/gen_regfile_ff.register_file_i/g_rf_flops[15].rf_reg_q_reg[6]/D
                                0.13           0.11 f        -0.02  (VIOLATED)
   ibex_top_inst/gen_regfile_ff.register_file_i/g_rf_flops[15].rf_reg_q_reg[7]/D
                                0.13           0.11 f        -0.02  (VIOLATED)
   ibex_top_inst/gen_regfile_ff.register_file_i/g_rf_flops[16].rf_reg_q_reg[2]/D
                                0.13           0.11 f        -0.02  (VIOLATED)
   ibex_top_inst/gen_regfile_ff.register_file_i/g_rf_flops[16].rf_reg_q_reg[5]/D
                                0.13           0.11 f        -0.02  (VIOLATED)
   ibex_top_inst/gen_regfile_ff.register_file_i/g_rf_flops[16].rf_reg_q_reg[6]/D
                                0.13           0.11 f        -0.02  (VIOLATED)
   ibex_top_inst/gen_regfile_ff.register_file_i/g_rf_flops[16].rf_reg_q_reg[7]/D
                                0.13           0.11 f        -0.02  (VIOLATED)
   ibex_top_inst/gen_regfile_ff.register_file_i/g_rf_flops[17].rf_reg_q_reg[5]/D
                                0.13           0.11 f        -0.02  (VIOLATED)
   ibex_top_inst/gen_regfile_ff.register_file_i/g_rf_flops[17].rf_reg_q_reg[6]/D
                                0.13           0.11 f        -0.02  (VIOLATED)
   ibex_top_inst/gen_regfile_ff.register_file_i/g_rf_flops[17].rf_reg_q_reg[7]/D
                                0.13           0.11 f        -0.02  (VIOLATED)
   ibex_top_inst/gen_regfile_ff.register_file_i/g_rf_flops[18].rf_reg_q_reg[2]/D
                                0.13           0.11 f        -0.02  (VIOLATED)
   ibex_top_inst/gen_regfile_ff.register_file_i/g_rf_flops[18].rf_reg_q_reg[5]/D
                                0.13           0.11 f        -0.02  (VIOLATED)
   ibex_top_inst/gen_regfile_ff.register_file_i/g_rf_flops[18].rf_reg_q_reg[6]/D
                                0.13           0.11 f        -0.02  (VIOLATED)
   ibex_top_inst/gen_regfile_ff.register_file_i/g_rf_flops[18].rf_reg_q_reg[7]/D
                                0.13           0.11 f        -0.02  (VIOLATED)
   ibex_top_inst/gen_regfile_ff.register_file_i/g_rf_flops[20].rf_reg_q_reg[2]/D
                                0.13           0.11 f        -0.02  (VIOLATED)
   ibex_top_inst/gen_regfile_ff.register_file_i/g_rf_flops[20].rf_reg_q_reg[5]/D
                                0.13           0.11 f        -0.02  (VIOLATED)
   ibex_top_inst/gen_regfile_ff.register_file_i/g_rf_flops[20].rf_reg_q_reg[6]/D
                                0.13           0.11 f        -0.02  (VIOLATED)
   ibex_top_inst/gen_regfile_ff.register_file_i/g_rf_flops[20].rf_reg_q_reg[7]/D
                                0.13           0.11 f        -0.02  (VIOLATED)
   ibex_top_inst/gen_regfile_ff.register_file_i/g_rf_flops[22].rf_reg_q_reg[2]/D
                                0.13           0.11 f        -0.02  (VIOLATED)
   ibex_top_inst/gen_regfile_ff.register_file_i/g_rf_flops[22].rf_reg_q_reg[5]/D
                                0.13           0.11 f        -0.02  (VIOLATED)
   ibex_top_inst/gen_regfile_ff.register_file_i/g_rf_flops[22].rf_reg_q_reg[6]/D
                                0.13           0.11 f        -0.02  (VIOLATED)
   ibex_top_inst/gen_regfile_ff.register_file_i/g_rf_flops[22].rf_reg_q_reg[7]/D
                                0.13           0.11 f        -0.02  (VIOLATED)
   ibex_top_inst/gen_regfile_ff.register_file_i/g_rf_flops[23].rf_reg_q_reg[2]/D
                                0.13           0.11 f        -0.02  (VIOLATED)
   ibex_top_inst/gen_regfile_ff.register_file_i/g_rf_flops[23].rf_reg_q_reg[5]/D
                                0.13           0.11 f        -0.02  (VIOLATED)
   ibex_top_inst/gen_regfile_ff.register_file_i/g_rf_flops[23].rf_reg_q_reg[6]/D
                                0.13           0.11 f        -0.02  (VIOLATED)
   ibex_top_inst/gen_regfile_ff.register_file_i/g_rf_flops[23].rf_reg_q_reg[7]/D
                                0.13           0.11 f        -0.02  (VIOLATED)
   ibex_top_inst/gen_regfile_ff.register_file_i/g_rf_flops[24].rf_reg_q_reg[2]/D
                                0.13           0.11 f        -0.02  (VIOLATED)
   ibex_top_inst/gen_regfile_ff.register_file_i/g_rf_flops[24].rf_reg_q_reg[5]/D
                                0.13           0.11 f        -0.02  (VIOLATED)
   ibex_top_inst/gen_regfile_ff.register_file_i/g_rf_flops[24].rf_reg_q_reg[6]/D
                                0.13           0.11 f        -0.02  (VIOLATED)
   ibex_top_inst/gen_regfile_ff.register_file_i/g_rf_flops[24].rf_reg_q_reg[7]/D
                                0.13           0.11 f        -0.02  (VIOLATED)
   ibex_top_inst/gen_regfile_ff.register_file_i/g_rf_flops[25].rf_reg_q_reg[2]/D
                                0.13           0.11 f        -0.02  (VIOLATED)
   ibex_top_inst/gen_regfile_ff.register_file_i/g_rf_flops[25].rf_reg_q_reg[5]/D
                                0.13           0.11 f        -0.02  (VIOLATED)
   ibex_top_inst/gen_regfile_ff.register_file_i/g_rf_flops[25].rf_reg_q_reg[6]/D
                                0.13           0.11 f        -0.02  (VIOLATED)
   ibex_top_inst/gen_regfile_ff.register_file_i/g_rf_flops[25].rf_reg_q_reg[7]/D
                                0.13           0.11 f        -0.02  (VIOLATED)
   ibex_top_inst/gen_regfile_ff.register_file_i/g_rf_flops[26].rf_reg_q_reg[2]/D
                                0.13           0.11 f        -0.02  (VIOLATED)
   ibex_top_inst/gen_regfile_ff.register_file_i/g_rf_flops[26].rf_reg_q_reg[6]/D
                                0.13           0.11 f        -0.02  (VIOLATED)
   ibex_top_inst/gen_regfile_ff.register_file_i/g_rf_flops[26].rf_reg_q_reg[7]/D
                                0.13           0.11 f        -0.02  (VIOLATED)
   ibex_top_inst/gen_regfile_ff.register_file_i/g_rf_flops[28].rf_reg_q_reg[2]/D
                                0.13           0.11 f        -0.02  (VIOLATED)
   ibex_top_inst/gen_regfile_ff.register_file_i/g_rf_flops[28].rf_reg_q_reg[5]/D
                                0.13           0.11 f        -0.02  (VIOLATED)
   ibex_top_inst/gen_regfile_ff.register_file_i/g_rf_flops[28].rf_reg_q_reg[6]/D
                                0.13           0.11 f        -0.02  (VIOLATED)
   ibex_top_inst/gen_regfile_ff.register_file_i/g_rf_flops[28].rf_reg_q_reg[7]/D
                                0.13           0.11 f        -0.02  (VIOLATED)
   ibex_top_inst/gen_regfile_ff.register_file_i/g_rf_flops[30].rf_reg_q_reg[2]/D
                                0.13           0.11 f        -0.02  (VIOLATED)
   ibex_top_inst/gen_regfile_ff.register_file_i/g_rf_flops[30].rf_reg_q_reg[5]/D
                                0.13           0.11 f        -0.02  (VIOLATED)
   ibex_top_inst/gen_regfile_ff.register_file_i/g_rf_flops[30].rf_reg_q_reg[6]/D
                                0.13           0.11 f        -0.02  (VIOLATED)
   ibex_top_inst/gen_regfile_ff.register_file_i/g_rf_flops[30].rf_reg_q_reg[7]/D
                                0.13           0.11 f        -0.02  (VIOLATED)
   ibex_top_inst/gen_regfile_ff.register_file_i/g_rf_flops[4].rf_reg_q_reg[2]/D
                                0.13           0.11 f        -0.02  (VIOLATED)
   ibex_top_inst/gen_regfile_ff.register_file_i/g_rf_flops[4].rf_reg_q_reg[5]/D
                                0.13           0.11 f        -0.02  (VIOLATED)
   ibex_top_inst/gen_regfile_ff.register_file_i/g_rf_flops[4].rf_reg_q_reg[6]/D
                                0.13           0.11 f        -0.02  (VIOLATED)
   ibex_top_inst/gen_regfile_ff.register_file_i/g_rf_flops[6].rf_reg_q_reg[2]/D
                                0.13           0.11 f        -0.02  (VIOLATED)
   ibex_top_inst/gen_regfile_ff.register_file_i/g_rf_flops[6].rf_reg_q_reg[5]/D
                                0.13           0.11 f        -0.02  (VIOLATED)
   ibex_top_inst/gen_regfile_ff.register_file_i/g_rf_flops[6].rf_reg_q_reg[6]/D
                                0.13           0.11 f        -0.02  (VIOLATED)
   ibex_top_inst/gen_regfile_ff.register_file_i/g_rf_flops[6].rf_reg_q_reg[7]/D
                                0.13           0.11 f        -0.02  (VIOLATED)
   ibex_top_inst/gen_regfile_ff.register_file_i/g_rf_flops[7].rf_reg_q_reg[2]/D
                                0.13           0.11 f        -0.02  (VIOLATED)
   ibex_top_inst/gen_regfile_ff.register_file_i/g_rf_flops[7].rf_reg_q_reg[5]/D
                                0.13           0.11 f        -0.02  (VIOLATED)
   ibex_top_inst/gen_regfile_ff.register_file_i/g_rf_flops[7].rf_reg_q_reg[6]/D
                                0.13           0.11 f        -0.02  (VIOLATED)
   ibex_top_inst/gen_regfile_ff.register_file_i/g_rf_flops[7].rf_reg_q_reg[7]/D
                                0.13           0.11 f        -0.02  (VIOLATED)
   ibex_top_inst/gen_regfile_ff.register_file_i/g_rf_flops[8].rf_reg_q_reg[0]/D
                                0.13           0.11 f        -0.02  (VIOLATED)
   ibex_top_inst/gen_regfile_ff.register_file_i/g_rf_flops[24].rf_reg_q_reg[0]/D
                                0.13           0.11 f        -0.02  (VIOLATED)
   ibex_top_inst/gen_regfile_ff.register_file_i/g_rf_flops[1].rf_reg_q_reg[0]/D
                                0.13           0.11 f        -0.02  (VIOLATED)
   ibex_top_inst/gen_regfile_ff.register_file_i/g_rf_flops[9].rf_reg_q_reg[0]/D
                                0.13           0.11 f        -0.02  (VIOLATED)
   ibex_top_inst/gen_regfile_ff.register_file_i/g_rf_flops[10].rf_reg_q_reg[0]/D
                                0.13           0.11 f        -0.02  (VIOLATED)
   ibex_top_inst/gen_regfile_ff.register_file_i/g_rf_flops[11].rf_reg_q_reg[0]/D
                                0.13           0.11 f        -0.02  (VIOLATED)
   ibex_top_inst/gen_regfile_ff.register_file_i/g_rf_flops[12].rf_reg_q_reg[0]/D
                                0.13           0.11 f        -0.02  (VIOLATED)
   ibex_top_inst/gen_regfile_ff.register_file_i/g_rf_flops[13].rf_reg_q_reg[0]/D
                                0.13           0.11 f        -0.02  (VIOLATED)
   ibex_top_inst/gen_regfile_ff.register_file_i/g_rf_flops[15].rf_reg_q_reg[0]/D
                                0.13           0.11 f        -0.02  (VIOLATED)
   ibex_top_inst/gen_regfile_ff.register_file_i/g_rf_flops[17].rf_reg_q_reg[0]/D
                                0.13           0.11 f        -0.02  (VIOLATED)
   ibex_top_inst/gen_regfile_ff.register_file_i/g_rf_flops[18].rf_reg_q_reg[0]/D
                                0.13           0.11 f        -0.02  (VIOLATED)
   ibex_top_inst/gen_regfile_ff.register_file_i/g_rf_flops[19].rf_reg_q_reg[0]/D
                                0.13           0.11 f        -0.02  (VIOLATED)
   ibex_top_inst/gen_regfile_ff.register_file_i/g_rf_flops[20].rf_reg_q_reg[0]/D
                                0.13           0.11 f        -0.02  (VIOLATED)
   ibex_top_inst/gen_regfile_ff.register_file_i/g_rf_flops[21].rf_reg_q_reg[0]/D
                                0.13           0.11 f        -0.02  (VIOLATED)
   ibex_top_inst/gen_regfile_ff.register_file_i/g_rf_flops[23].rf_reg_q_reg[0]/D
                                0.13           0.11 f        -0.02  (VIOLATED)
   ibex_top_inst/gen_regfile_ff.register_file_i/g_rf_flops[25].rf_reg_q_reg[0]/D
                                0.13           0.11 f        -0.02  (VIOLATED)
   ibex_top_inst/gen_regfile_ff.register_file_i/g_rf_flops[26].rf_reg_q_reg[0]/D
                                0.13           0.11 f        -0.02  (VIOLATED)
   ibex_top_inst/gen_regfile_ff.register_file_i/g_rf_flops[27].rf_reg_q_reg[0]/D
                                0.13           0.11 f        -0.02  (VIOLATED)
   ibex_top_inst/gen_regfile_ff.register_file_i/g_rf_flops[28].rf_reg_q_reg[0]/D
                                0.13           0.11 f        -0.02  (VIOLATED)
   ibex_top_inst/gen_regfile_ff.register_file_i/g_rf_flops[29].rf_reg_q_reg[0]/D
                                0.13           0.11 f        -0.02  (VIOLATED)
   ibex_top_inst/gen_regfile_ff.register_file_i/g_rf_flops[14].rf_reg_q_reg[0]/D
                                0.13           0.11 f        -0.02  (VIOLATED)
   ibex_top_inst/gen_regfile_ff.register_file_i/g_rf_flops[22].rf_reg_q_reg[0]/D
                                0.13           0.11 f        -0.02  (VIOLATED)
   ibex_top_inst/gen_regfile_ff.register_file_i/g_rf_flops[30].rf_reg_q_reg[0]/D
                                0.13           0.11 f        -0.02  (VIOLATED)
   ibex_top_inst/gen_regfile_ff.register_file_i/g_rf_flops[3].rf_reg_q_reg[0]/D
                                0.13           0.11 f        -0.02  (VIOLATED)
   ibex_top_inst/gen_regfile_ff.register_file_i/g_rf_flops[5].rf_reg_q_reg[0]/D
                                0.13           0.11 f        -0.02  (VIOLATED)
   ibex_top_inst/gen_regfile_ff.register_file_i/g_rf_flops[7].rf_reg_q_reg[0]/D
                                0.13           0.11 f        -0.02  (VIOLATED)
   ibex_top_inst/gen_regfile_ff.register_file_i/g_rf_flops[2].rf_reg_q_reg[0]/D
                                0.13           0.11 f        -0.02  (VIOLATED)
   ibex_top_inst/gen_regfile_ff.register_file_i/g_rf_flops[4].rf_reg_q_reg[0]/D
                                0.13           0.11 f        -0.02  (VIOLATED)
   ibex_top_inst/gen_regfile_ff.register_file_i/g_rf_flops[6].rf_reg_q_reg[0]/D
                                0.13           0.11 f        -0.02  (VIOLATED)
   ibex_top_inst/gen_regfile_ff.register_file_i/g_rf_flops[1].rf_reg_q_reg[2]/D
                                0.13           0.11 f        -0.02  (VIOLATED)
   ibex_top_inst/gen_regfile_ff.register_file_i/g_rf_flops[1].rf_reg_q_reg[5]/D
                                0.13           0.11 f        -0.02  (VIOLATED)
   ibex_top_inst/gen_regfile_ff.register_file_i/g_rf_flops[1].rf_reg_q_reg[6]/D
                                0.13           0.11 f        -0.02  (VIOLATED)
   ibex_top_inst/gen_regfile_ff.register_file_i/g_rf_flops[1].rf_reg_q_reg[7]/D
                                0.13           0.11 f        -0.02  (VIOLATED)
   ibex_top_inst/gen_regfile_ff.register_file_i/g_rf_flops[11].rf_reg_q_reg[2]/D
                                0.13           0.11 f        -0.02  (VIOLATED)
   ibex_top_inst/gen_regfile_ff.register_file_i/g_rf_flops[11].rf_reg_q_reg[6]/D
                                0.13           0.11 f        -0.02  (VIOLATED)
   ibex_top_inst/gen_regfile_ff.register_file_i/g_rf_flops[11].rf_reg_q_reg[7]/D
                                0.13           0.11 f        -0.02  (VIOLATED)
   ibex_top_inst/gen_regfile_ff.register_file_i/g_rf_flops[13].rf_reg_q_reg[2]/D
                                0.13           0.11 f        -0.02  (VIOLATED)
   ibex_top_inst/gen_regfile_ff.register_file_i/g_rf_flops[13].rf_reg_q_reg[5]/D
                                0.13           0.11 f        -0.02  (VIOLATED)
   ibex_top_inst/gen_regfile_ff.register_file_i/g_rf_flops[13].rf_reg_q_reg[6]/D
                                0.13           0.11 f        -0.02  (VIOLATED)
   ibex_top_inst/gen_regfile_ff.register_file_i/g_rf_flops[13].rf_reg_q_reg[7]/D
                                0.13           0.11 f        -0.02  (VIOLATED)
   ibex_top_inst/gen_regfile_ff.register_file_i/g_rf_flops[19].rf_reg_q_reg[2]/D
                                0.13           0.11 f        -0.02  (VIOLATED)
   ibex_top_inst/gen_regfile_ff.register_file_i/g_rf_flops[19].rf_reg_q_reg[5]/D
                                0.13           0.11 f        -0.02  (VIOLATED)
   ibex_top_inst/gen_regfile_ff.register_file_i/g_rf_flops[19].rf_reg_q_reg[7]/D
                                0.13           0.11 f        -0.02  (VIOLATED)
   ibex_top_inst/gen_regfile_ff.register_file_i/g_rf_flops[21].rf_reg_q_reg[2]/D
                                0.13           0.11 f        -0.02  (VIOLATED)
   ibex_top_inst/gen_regfile_ff.register_file_i/g_rf_flops[21].rf_reg_q_reg[5]/D
                                0.13           0.11 f        -0.02  (VIOLATED)
   ibex_top_inst/gen_regfile_ff.register_file_i/g_rf_flops[21].rf_reg_q_reg[6]/D
                                0.13           0.11 f        -0.02  (VIOLATED)
   ibex_top_inst/gen_regfile_ff.register_file_i/g_rf_flops[21].rf_reg_q_reg[7]/D
                                0.13           0.11 f        -0.02  (VIOLATED)
   ibex_top_inst/gen_regfile_ff.register_file_i/g_rf_flops[27].rf_reg_q_reg[2]/D
                                0.13           0.11 f        -0.02  (VIOLATED)
   ibex_top_inst/gen_regfile_ff.register_file_i/g_rf_flops[27].rf_reg_q_reg[5]/D
                                0.13           0.11 f        -0.02  (VIOLATED)
   ibex_top_inst/gen_regfile_ff.register_file_i/g_rf_flops[27].rf_reg_q_reg[6]/D
                                0.13           0.11 f        -0.02  (VIOLATED)
   ibex_top_inst/gen_regfile_ff.register_file_i/g_rf_flops[29].rf_reg_q_reg[2]/D
                                0.13           0.11 f        -0.02  (VIOLATED)
   ibex_top_inst/gen_regfile_ff.register_file_i/g_rf_flops[29].rf_reg_q_reg[5]/D
                                0.13           0.11 f        -0.02  (VIOLATED)
   ibex_top_inst/gen_regfile_ff.register_file_i/g_rf_flops[29].rf_reg_q_reg[6]/D
                                0.13           0.11 f        -0.02  (VIOLATED)
   ibex_top_inst/gen_regfile_ff.register_file_i/g_rf_flops[29].rf_reg_q_reg[7]/D
                                0.13           0.11 f        -0.02  (VIOLATED)
   ibex_top_inst/gen_regfile_ff.register_file_i/g_rf_flops[31].rf_reg_q_reg[2]/D
                                0.13           0.11 f        -0.02  (VIOLATED)
   ibex_top_inst/gen_regfile_ff.register_file_i/g_rf_flops[31].rf_reg_q_reg[5]/D
                                0.13           0.11 f        -0.02  (VIOLATED)
   ibex_top_inst/gen_regfile_ff.register_file_i/g_rf_flops[31].rf_reg_q_reg[6]/D
                                0.13           0.11 f        -0.02  (VIOLATED)
   ibex_top_inst/gen_regfile_ff.register_file_i/g_rf_flops[31].rf_reg_q_reg[7]/D
                                0.13           0.11 f        -0.02  (VIOLATED)
   ibex_top_inst/gen_regfile_ff.register_file_i/g_rf_flops[3].rf_reg_q_reg[2]/D
                                0.13           0.11 f        -0.02  (VIOLATED)
   ibex_top_inst/gen_regfile_ff.register_file_i/g_rf_flops[3].rf_reg_q_reg[6]/D
                                0.13           0.11 f        -0.02  (VIOLATED)
   ibex_top_inst/gen_regfile_ff.register_file_i/g_rf_flops[3].rf_reg_q_reg[7]/D
                                0.13           0.11 f        -0.02  (VIOLATED)
   ibex_top_inst/gen_regfile_ff.register_file_i/g_rf_flops[5].rf_reg_q_reg[2]/D
                                0.13           0.11 f        -0.02  (VIOLATED)
   ibex_top_inst/gen_regfile_ff.register_file_i/g_rf_flops[5].rf_reg_q_reg[5]/D
                                0.13           0.11 f        -0.02  (VIOLATED)
   ibex_top_inst/gen_regfile_ff.register_file_i/g_rf_flops[5].rf_reg_q_reg[6]/D
                                0.13           0.11 f        -0.02  (VIOLATED)
   ibex_top_inst/gen_regfile_ff.register_file_i/g_rf_flops[5].rf_reg_q_reg[7]/D
                                0.13           0.11 f        -0.02  (VIOLATED)
   ibex_top_inst/gen_regfile_ff.register_file_i/g_rf_flops[2].rf_reg_q_reg[2]/D
                                0.13           0.11 f        -0.02  (VIOLATED)
   ibex_top_inst/gen_regfile_ff.register_file_i/g_rf_flops[2].rf_reg_q_reg[5]/D
                                0.13           0.11 f        -0.02  (VIOLATED)
   ibex_top_inst/gen_regfile_ff.register_file_i/g_rf_flops[2].rf_reg_q_reg[6]/D
                                0.13           0.11 f        -0.02  (VIOLATED)
   ibex_top_inst/gen_regfile_ff.register_file_i/g_rf_flops[2].rf_reg_q_reg[7]/D
                                0.13           0.11 f        -0.02  (VIOLATED)
   ibex_top_inst/u_ibex_core/load_store_unit_i/rdata_q_reg[31]/D
                                0.13           0.11 f        -0.02  (VIOLATED)
   ibex_top_inst/u_ibex_core/load_store_unit_i/rdata_q_reg[24]/D
                                0.13           0.11 f        -0.02  (VIOLATED)
   ibex_top_inst/u_ibex_core/load_store_unit_i/rdata_q_reg[25]/D
                                0.13           0.11 f        -0.02  (VIOLATED)
   ibex_top_inst/u_ibex_core/load_store_unit_i/rdata_q_reg[26]/D
                                0.13           0.11 f        -0.02  (VIOLATED)
   ibex_top_inst/u_ibex_core/load_store_unit_i/rdata_q_reg[27]/D
                                0.13           0.11 f        -0.02  (VIOLATED)
   ibex_top_inst/u_ibex_core/load_store_unit_i/rdata_q_reg[28]/D
                                0.13           0.11 f        -0.02  (VIOLATED)
   ibex_top_inst/u_ibex_core/load_store_unit_i/rdata_q_reg[29]/D
                                0.13           0.11 f        -0.02  (VIOLATED)
   ibex_top_inst/u_ibex_core/load_store_unit_i/rdata_q_reg[30]/D
                                0.13           0.11 f        -0.02  (VIOLATED)
   ibex_top_inst/u_ibex_core/id_stage_i/controller_i/nmi_mode_q_reg/D
                                0.13           0.11 f        -0.01  (VIOLATED)
   ibex_top_inst/u_ibex_core/load_store_unit_i/ls_fsm_cs_reg[2]/D
                                0.13           0.13 f         0.00  (VIOLATED: increase significant digits)


   max_transition

                             Required        Actual
   Net                      Transition     Transition        Slack
   -----------------------------------------------------------------
   rst_ni (dont_touch)          2.00           3.16          -1.16  (VIOLATED)
       PIN :   ibex_top_inst/u_ibex_core/cs_registers_i/u_mepc_csr/rdata_q_reg[31]/RD
                                2.00           3.16          -1.16  (VIOLATED)
       PIN :   ibex_top_inst/u_ibex_core/cs_registers_i/u_mepc_csr/rdata_q_reg[3]/RD
                                2.00           3.16          -1.16  (VIOLATED)
       PIN :   ibex_top_inst/u_ibex_core/cs_registers_i/u_mepc_csr/rdata_q_reg[26]/RD
                                2.00           3.16          -1.16  (VIOLATED)
       PIN :   ibex_top_inst/u_ibex_core/cs_registers_i/u_mtvec_csr/rdata_q_reg[30]/RD
                                2.00           3.16          -1.16  (VIOLATED)
       PIN :   ibex_top_inst/u_ibex_core/cs_registers_i/u_mie_csr/rdata_q_reg[16]/RD
                                2.00           3.16          -1.16  (VIOLATED)
       PIN :   ibex_top_inst/u_ibex_core/cs_registers_i/u_mtvec_csr/rdata_q_reg[23]/RD
                                2.00           3.16          -1.16  (VIOLATED)
       PIN :   ibex_top_inst/u_ibex_core/cs_registers_i/u_mtvec_csr/rdata_q_reg[15]/RD
                                2.00           3.16          -1.16  (VIOLATED)
       PIN :   ibex_top_inst/u_ibex_core/cs_registers_i/u_mcause_csr/rdata_q_reg[5]/RD
                                2.00           3.16          -1.16  (VIOLATED)
       PIN :   ibex_top_inst/u_ibex_core/cs_registers_i/u_mepc_csr/rdata_q_reg[30]/RD
                                2.00           3.16          -1.16  (VIOLATED)
       PIN :   ibex_top_inst/u_ibex_core/cs_registers_i/u_mstack_cause_csr/rdata_q_reg[5]/RD
                                2.00           3.16          -1.16  (VIOLATED)
       PIN :   ibex_top_inst/u_ibex_core/cs_registers_i/u_mstack_epc_csr/rdata_q_reg[31]/RD
                                2.00           3.16          -1.16  (VIOLATED)
       PIN :   ibex_top_inst/u_ibex_core/cs_registers_i/mcycle_counter_i/counter_q_reg[63]/RD
                                2.00           3.16          -1.16  (VIOLATED)
       PIN :   ibex_top_inst/u_ibex_core/cs_registers_i/mcycle_counter_i/counter_q_reg[31]/RD
                                2.00           3.16          -1.16  (VIOLATED)
       PIN :   ibex_top_inst/u_ibex_core/cs_registers_i/minstret_counter_i/counter_q_reg[63]/RD
                                2.00           3.16          -1.16  (VIOLATED)
       PIN :   ibex_top_inst/u_ibex_core/cs_registers_i/minstret_counter_i/counter_q_reg[31]/RD
                                2.00           3.16          -1.16  (VIOLATED)
       PIN :   ibex_top_inst/u_ibex_core/cs_registers_i/u_depc_csr/rdata_q_reg[31]/RD
                                2.00           3.16          -1.16  (VIOLATED)
       PIN :   ibex_top_inst/u_ibex_core/cs_registers_i/u_mtval_csr/rdata_q_reg[31]/RD
                                2.00           3.16          -1.16  (VIOLATED)
       PIN :   ibex_top_inst/u_ibex_core/cs_registers_i/u_mscratch_csr/rdata_q_reg[31]/RD
                                2.00           3.16          -1.16  (VIOLATED)
       PIN :   ibex_top_inst/u_ibex_core/cs_registers_i/u_dscratch0_csr/rdata_q_reg[31]/RD
                                2.00           3.16          -1.16  (VIOLATED)
       PIN :   ibex_top_inst/u_ibex_core/cs_registers_i/u_dscratch1_csr/rdata_q_reg[31]/RD
                                2.00           3.16          -1.16  (VIOLATED)
       PIN :   ibex_top_inst/u_ibex_core/cs_registers_i/mcycle_counter_i/counter_q_reg[62]/RD
                                2.00           3.16          -1.16  (VIOLATED)
       PIN :   ibex_top_inst/u_ibex_core/cs_registers_i/mcycle_counter_i/counter_q_reg[30]/RD
                                2.00           3.16          -1.16  (VIOLATED)
       PIN :   ibex_top_inst/u_ibex_core/cs_registers_i/minstret_counter_i/counter_q_reg[62]/RD
                                2.00           3.16          -1.16  (VIOLATED)
       PIN :   ibex_top_inst/u_ibex_core/cs_registers_i/minstret_counter_i/counter_q_reg[30]/RD
                                2.00           3.16          -1.16  (VIOLATED)
       PIN :   ibex_top_inst/u_ibex_core/cs_registers_i/u_mtval_csr/rdata_q_reg[30]/RD
                                2.00           3.16          -1.16  (VIOLATED)
       PIN :   ibex_top_inst/u_ibex_core/cs_registers_i/u_mstack_epc_csr/rdata_q_reg[30]/RD
                                2.00           3.16          -1.16  (VIOLATED)
       PIN :   ibex_top_inst/u_ibex_core/cs_registers_i/u_mscratch_csr/rdata_q_reg[30]/RD
                                2.00           3.16          -1.16  (VIOLATED)
       PIN :   ibex_top_inst/u_ibex_core/cs_registers_i/u_dscratch0_csr/rdata_q_reg[30]/RD
                                2.00           3.16          -1.16  (VIOLATED)
       PIN :   ibex_top_inst/u_ibex_core/cs_registers_i/u_dscratch1_csr/rdata_q_reg[30]/RD
                                2.00           3.16          -1.16  (VIOLATED)
       PIN :   ibex_top_inst/u_ibex_core/cs_registers_i/mcycle_counter_i/counter_q_reg[52]/RD
                                2.00           3.16          -1.16  (VIOLATED)
       PIN :   ibex_top_inst/u_ibex_core/cs_registers_i/minstret_counter_i/counter_q_reg[52]/RD
                                2.00           3.16          -1.16  (VIOLATED)
       PIN :   ibex_top_inst/u_ibex_core/cs_registers_i/minstret_counter_i/counter_q_reg[20]/RD
                                2.00           3.16          -1.16  (VIOLATED)
       PIN :   ibex_top_inst/u_ibex_core/cs_registers_i/u_depc_csr/rdata_q_reg[20]/RD
                                2.00           3.16          -1.16  (VIOLATED)
       PIN :   ibex_top_inst/u_ibex_core/cs_registers_i/u_mtval_csr/rdata_q_reg[20]/RD
                                2.00           3.16          -1.16  (VIOLATED)
       PIN :   ibex_top_inst/u_ibex_core/cs_registers_i/u_mstack_epc_csr/rdata_q_reg[20]/RD
                                2.00           3.16          -1.16  (VIOLATED)
       PIN :   ibex_top_inst/u_ibex_core/cs_registers_i/u_dscratch0_csr/rdata_q_reg[20]/RD
                                2.00           3.16          -1.16  (VIOLATED)
       PIN :   ibex_top_inst/u_ibex_core/cs_registers_i/u_dscratch1_csr/rdata_q_reg[20]/RD
                                2.00           3.16          -1.16  (VIOLATED)
       PIN :   ibex_top_inst/u_ibex_core/cs_registers_i/u_mtvec_csr/rdata_q_reg[12]/RD
                                2.00           3.16          -1.16  (VIOLATED)
       PIN :   ibex_top_inst/u_ibex_core/cs_registers_i/mcycle_counter_i/counter_q_reg[44]/RD
                                2.00           3.16          -1.16  (VIOLATED)
       PIN :   ibex_top_inst/u_ibex_core/cs_registers_i/minstret_counter_i/counter_q_reg[44]/RD
                                2.00           3.16          -1.16  (VIOLATED)
       PIN :   ibex_top_inst/u_ibex_core/cs_registers_i/minstret_counter_i/counter_q_reg[12]/RD
                                2.00           3.16          -1.16  (VIOLATED)
       PIN :   ibex_top_inst/u_ibex_core/cs_registers_i/u_mstack_csr/rdata_q_reg[1]/RD
                                2.00           3.16          -1.16  (VIOLATED)
       PIN :   ibex_top_inst/u_ibex_core/cs_registers_i/u_mtvec_csr/rdata_q_reg[17]/RD
                                2.00           3.16          -1.16  (VIOLATED)
       PIN :   ibex_top_inst/u_ibex_core/cs_registers_i/mcycle_counter_i/counter_q_reg[17]/RD
                                2.00           3.16          -1.16  (VIOLATED)
       PIN :   ibex_top_inst/u_ibex_core/cs_registers_i/minstret_counter_i/counter_q_reg[49]/RD
                                2.00           3.16          -1.16  (VIOLATED)
       PIN :   ibex_top_inst/u_ibex_core/cs_registers_i/minstret_counter_i/counter_q_reg[17]/RD
                                2.00           3.16          -1.16  (VIOLATED)
       PIN :   ibex_top_inst/u_ibex_core/cs_registers_i/u_mtval_csr/rdata_q_reg[17]/RD
                                2.00           3.16          -1.16  (VIOLATED)
       PIN :   ibex_top_inst/u_ibex_core/cs_registers_i/u_mstack_epc_csr/rdata_q_reg[17]/RD
                                2.00           3.16          -1.16  (VIOLATED)
       PIN :   ibex_top_inst/u_ibex_core/cs_registers_i/u_mscratch_csr/rdata_q_reg[17]/RD
                                2.00           3.16          -1.16  (VIOLATED)
       PIN :   ibex_top_inst/u_ibex_core/cs_registers_i/u_dscratch0_csr/rdata_q_reg[17]/RD
                                2.00           3.16          -1.16  (VIOLATED)
       PIN :   ibex_top_inst/u_ibex_core/cs_registers_i/u_dscratch1_csr/rdata_q_reg[17]/RD
                                2.00           3.16          -1.16  (VIOLATED)
       PIN :   ibex_top_inst/u_ibex_core/cs_registers_i/u_mstatus_csr/rdata_q_reg[1]/RD
                                2.00           3.16          -1.16  (VIOLATED)
       PIN :   ibex_top_inst/u_ibex_core/cs_registers_i/minstret_counter_i/counter_q_reg[36]/RD
                                2.00           3.16          -1.16  (VIOLATED)
       PIN :   ibex_top_inst/u_ibex_core/cs_registers_i/minstret_counter_i/counter_q_reg[4]/RD
                                2.00           3.16          -1.16  (VIOLATED)
       PIN :   ibex_top_inst/u_ibex_core/cs_registers_i/u_depc_csr/rdata_q_reg[4]/RD
                                2.00           3.16          -1.16  (VIOLATED)
       PIN :   ibex_top_inst/u_ibex_core/cs_registers_i/u_mtval_csr/rdata_q_reg[4]/RD
                                2.00           3.16          -1.16  (VIOLATED)
       PIN :   ibex_top_inst/u_ibex_core/cs_registers_i/u_mstack_epc_csr/rdata_q_reg[4]/RD
                                2.00           3.16          -1.16  (VIOLATED)
       PIN :   ibex_top_inst/u_ibex_core/cs_registers_i/u_dscratch0_csr/rdata_q_reg[4]/RD
                                2.00           3.16          -1.16  (VIOLATED)
       PIN :   ibex_top_inst/u_ibex_core/cs_registers_i/u_dscratch1_csr/rdata_q_reg[4]/RD
                                2.00           3.16          -1.16  (VIOLATED)
       PIN :   ibex_top_inst/u_ibex_core/cs_registers_i/u_mstack_cause_csr/rdata_q_reg[4]/RD
                                2.00           3.16          -1.16  (VIOLATED)
       PIN :   ibex_top_inst/u_ibex_core/cs_registers_i/u_mcause_csr/rdata_q_reg[4]/RD
                                2.00           3.16          -1.16  (VIOLATED)
       PIN :   ibex_top_inst/u_ibex_core/cs_registers_i/mcycle_counter_i/counter_q_reg[35]/RD
                                2.00           3.16          -1.16  (VIOLATED)
       PIN :   ibex_top_inst/u_ibex_core/cs_registers_i/minstret_counter_i/counter_q_reg[35]/RD
                                2.00           3.16          -1.16  (VIOLATED)
       PIN :   ibex_top_inst/u_ibex_core/cs_registers_i/minstret_counter_i/counter_q_reg[3]/RD
                                2.00           3.16          -1.16  (VIOLATED)
       PIN :   ibex_top_inst/u_ibex_core/cs_registers_i/u_depc_csr/rdata_q_reg[3]/RD
                                2.00           3.16          -1.16  (VIOLATED)
       PIN :   ibex_top_inst/u_ibex_core/cs_registers_i/u_mtval_csr/rdata_q_reg[3]/RD
                                2.00           3.16          -1.16  (VIOLATED)
       PIN :   ibex_top_inst/u_ibex_core/cs_registers_i/u_mstack_epc_csr/rdata_q_reg[3]/RD
                                2.00           3.16          -1.16  (VIOLATED)
       PIN :   ibex_top_inst/u_ibex_core/cs_registers_i/u_mscratch_csr/rdata_q_reg[3]/RD
                                2.00           3.16          -1.16  (VIOLATED)
       PIN :   ibex_top_inst/u_ibex_core/cs_registers_i/u_dscratch0_csr/rdata_q_reg[3]/RD
                                2.00           3.16          -1.16  (VIOLATED)
       PIN :   ibex_top_inst/u_ibex_core/cs_registers_i/u_dscratch1_csr/rdata_q_reg[3]/RD
                                2.00           3.16          -1.16  (VIOLATED)
       PIN :   ibex_top_inst/u_ibex_core/cs_registers_i/mcycle_counter_i/counter_q_reg[7]/RD
                                2.00           3.16          -1.16  (VIOLATED)
       PIN :   ibex_top_inst/u_ibex_core/cs_registers_i/minstret_counter_i/counter_q_reg[39]/RD
                                2.00           3.16          -1.16  (VIOLATED)
       PIN :   ibex_top_inst/u_ibex_core/cs_registers_i/minstret_counter_i/counter_q_reg[7]/RD
                                2.00           3.16          -1.16  (VIOLATED)
       PIN :   ibex_top_inst/u_ibex_core/cs_registers_i/u_cpuctrlsts_part_csr/rdata_q_reg[7]/RD
                                2.00           3.16          -1.16  (VIOLATED)
       PIN :   ibex_top_inst/u_ibex_core/cs_registers_i/u_depc_csr/rdata_q_reg[7]/RD
                                2.00           3.16          -1.16  (VIOLATED)
       PIN :   ibex_top_inst/u_ibex_core/cs_registers_i/u_mtval_csr/rdata_q_reg[7]/RD
                                2.00           3.16          -1.16  (VIOLATED)
       PIN :   ibex_top_inst/u_ibex_core/cs_registers_i/u_mstack_epc_csr/rdata_q_reg[7]/RD
                                2.00           3.16          -1.16  (VIOLATED)
       PIN :   ibex_top_inst/u_ibex_core/cs_registers_i/u_mscratch_csr/rdata_q_reg[7]/RD
                                2.00           3.16          -1.16  (VIOLATED)
       PIN :   ibex_top_inst/u_ibex_core/cs_registers_i/u_dscratch0_csr/rdata_q_reg[7]/RD
                                2.00           3.16          -1.16  (VIOLATED)
       PIN :   ibex_top_inst/u_ibex_core/cs_registers_i/u_dscratch1_csr/rdata_q_reg[7]/RD
                                2.00           3.16          -1.16  (VIOLATED)
       PIN :   ibex_top_inst/u_ibex_core/cs_registers_i/u_mstack_cause_csr/rdata_q_reg[3]/RD
                                2.00           3.16          -1.16  (VIOLATED)
       PIN :   ibex_top_inst/u_ibex_core/cs_registers_i/mcycle_counter_i/counter_q_reg[34]/RD
                                2.00           3.16          -1.16  (VIOLATED)
       PIN :   ibex_top_inst/u_ibex_core/cs_registers_i/minstret_counter_i/counter_q_reg[34]/RD
                                2.00           3.16          -1.16  (VIOLATED)
       PIN :   ibex_top_inst/u_ibex_core/cs_registers_i/minstret_counter_i/counter_q_reg[2]/RD
                                2.00           3.16          -1.16  (VIOLATED)
       PIN :   ibex_top_inst/u_ibex_core/cs_registers_i/u_depc_csr/rdata_q_reg[2]/RD
                                2.00           3.16          -1.16  (VIOLATED)
       PIN :   ibex_top_inst/u_ibex_core/cs_registers_i/u_mtval_csr/rdata_q_reg[2]/RD
                                2.00           3.16          -1.16  (VIOLATED)
       PIN :   ibex_top_inst/u_ibex_core/cs_registers_i/u_mstack_epc_csr/rdata_q_reg[2]/RD
                                2.00           3.16          -1.16  (VIOLATED)
       PIN :   ibex_top_inst/u_ibex_core/cs_registers_i/u_mscratch_csr/rdata_q_reg[2]/RD
                                2.00           3.16          -1.16  (VIOLATED)
       PIN :   ibex_top_inst/u_ibex_core/cs_registers_i/u_dscratch0_csr/rdata_q_reg[2]/RD
                                2.00           3.16          -1.16  (VIOLATED)
       PIN :   ibex_top_inst/u_ibex_core/cs_registers_i/u_dscratch1_csr/rdata_q_reg[2]/RD
                                2.00           3.16          -1.16  (VIOLATED)
       PIN :   ibex_top_inst/u_ibex_core/cs_registers_i/mcycle_counter_i/counter_q_reg[61]/RD
                                2.00           3.16          -1.16  (VIOLATED)
       PIN :   ibex_top_inst/u_ibex_core/cs_registers_i/mcycle_counter_i/counter_q_reg[29]/RD
                                2.00           3.16          -1.16  (VIOLATED)
       PIN :   ibex_top_inst/u_ibex_core/cs_registers_i/minstret_counter_i/counter_q_reg[29]/RD
                                2.00           3.16          -1.16  (VIOLATED)
       PIN :   ibex_top_inst/u_ibex_core/cs_registers_i/u_depc_csr/rdata_q_reg[29]/RD
                                2.00           3.16          -1.16  (VIOLATED)
       PIN :   ibex_top_inst/u_ibex_core/cs_registers_i/u_mtval_csr/rdata_q_reg[29]/RD
                                2.00           3.16          -1.16  (VIOLATED)
       PIN :   ibex_top_inst/u_ibex_core/cs_registers_i/u_mstack_epc_csr/rdata_q_reg[29]/RD
                                2.00           3.16          -1.16  (VIOLATED)
       PIN :   ibex_top_inst/u_ibex_core/cs_registers_i/u_mscratch_csr/rdata_q_reg[29]/RD
                                2.00           3.16          -1.16  (VIOLATED)
       PIN :   ibex_top_inst/u_ibex_core/cs_registers_i/u_dscratch0_csr/rdata_q_reg[29]/RD
                                2.00           3.16          -1.16  (VIOLATED)
       PIN :   ibex_top_inst/u_ibex_core/cs_registers_i/u_dscratch1_csr/rdata_q_reg[29]/RD
                                2.00           3.16          -1.16  (VIOLATED)
       PIN :   ibex_top_inst/u_ibex_core/cs_registers_i/mcycle_counter_i/counter_q_reg[60]/RD
                                2.00           3.16          -1.16  (VIOLATED)
       PIN :   ibex_top_inst/u_ibex_core/cs_registers_i/mcycle_counter_i/counter_q_reg[28]/RD
                                2.00           3.16          -1.16  (VIOLATED)
       PIN :   ibex_top_inst/u_ibex_core/cs_registers_i/minstret_counter_i/counter_q_reg[60]/RD
                                2.00           3.16          -1.16  (VIOLATED)
       PIN :   ibex_top_inst/u_ibex_core/cs_registers_i/minstret_counter_i/counter_q_reg[28]/RD
                                2.00           3.16          -1.16  (VIOLATED)
       PIN :   ibex_top_inst/u_ibex_core/cs_registers_i/u_depc_csr/rdata_q_reg[28]/RD
                                2.00           3.16          -1.16  (VIOLATED)
       PIN :   ibex_top_inst/u_ibex_core/cs_registers_i/u_mstack_epc_csr/rdata_q_reg[28]/RD
                                2.00           3.16          -1.16  (VIOLATED)
       PIN :   ibex_top_inst/u_ibex_core/cs_registers_i/u_mscratch_csr/rdata_q_reg[28]/RD
                                2.00           3.16          -1.16  (VIOLATED)
       PIN :   ibex_top_inst/u_ibex_core/cs_registers_i/u_dscratch0_csr/rdata_q_reg[28]/RD
                                2.00           3.16          -1.16  (VIOLATED)
       PIN :   ibex_top_inst/u_ibex_core/cs_registers_i/u_dscratch1_csr/rdata_q_reg[28]/RD
                                2.00           3.16          -1.16  (VIOLATED)
       PIN :   ibex_top_inst/u_ibex_core/cs_registers_i/mcycle_counter_i/counter_q_reg[59]/RD
                                2.00           3.16          -1.16  (VIOLATED)
       PIN :   ibex_top_inst/u_ibex_core/cs_registers_i/mcycle_counter_i/counter_q_reg[27]/RD
                                2.00           3.16          -1.16  (VIOLATED)
       PIN :   ibex_top_inst/u_ibex_core/cs_registers_i/minstret_counter_i/counter_q_reg[59]/RD
                                2.00           3.16          -1.16  (VIOLATED)
       PIN :   ibex_top_inst/u_ibex_core/cs_registers_i/minstret_counter_i/counter_q_reg[27]/RD
                                2.00           3.16          -1.16  (VIOLATED)
       PIN :   ibex_top_inst/u_ibex_core/cs_registers_i/u_depc_csr/rdata_q_reg[27]/RD
                                2.00           3.16          -1.16  (VIOLATED)
       PIN :   ibex_top_inst/u_ibex_core/cs_registers_i/u_mtval_csr/rdata_q_reg[27]/RD
                                2.00           3.16          -1.16  (VIOLATED)
       PIN :   ibex_top_inst/u_ibex_core/cs_registers_i/u_mstack_epc_csr/rdata_q_reg[27]/RD
                                2.00           3.16          -1.16  (VIOLATED)
       PIN :   ibex_top_inst/u_ibex_core/cs_registers_i/u_mscratch_csr/rdata_q_reg[27]/RD
                                2.00           3.16          -1.16  (VIOLATED)
       PIN :   ibex_top_inst/u_ibex_core/cs_registers_i/u_dscratch1_csr/rdata_q_reg[27]/RD
                                2.00           3.16          -1.16  (VIOLATED)
       PIN :   ibex_top_inst/u_ibex_core/cs_registers_i/mcycle_counter_i/counter_q_reg[58]/RD
                                2.00           3.16          -1.16  (VIOLATED)
       PIN :   ibex_top_inst/u_ibex_core/cs_registers_i/mcycle_counter_i/counter_q_reg[26]/RD
                                2.00           3.16          -1.16  (VIOLATED)
       PIN :   ibex_top_inst/u_ibex_core/cs_registers_i/minstret_counter_i/counter_q_reg[58]/RD
                                2.00           3.16          -1.16  (VIOLATED)
       PIN :   ibex_top_inst/u_ibex_core/cs_registers_i/minstret_counter_i/counter_q_reg[26]/RD
                                2.00           3.16          -1.16  (VIOLATED)
       PIN :   ibex_top_inst/u_ibex_core/cs_registers_i/u_depc_csr/rdata_q_reg[26]/RD
                                2.00           3.16          -1.16  (VIOLATED)
       PIN :   ibex_top_inst/u_ibex_core/cs_registers_i/u_mtval_csr/rdata_q_reg[26]/RD
                                2.00           3.16          -1.16  (VIOLATED)
       PIN :   ibex_top_inst/u_ibex_core/cs_registers_i/u_mstack_epc_csr/rdata_q_reg[26]/RD
                                2.00           3.16          -1.16  (VIOLATED)
       PIN :   ibex_top_inst/u_ibex_core/cs_registers_i/u_mscratch_csr/rdata_q_reg[26]/RD
                                2.00           3.16          -1.16  (VIOLATED)
       PIN :   ibex_top_inst/u_ibex_core/cs_registers_i/u_dscratch0_csr/rdata_q_reg[26]/RD
                                2.00           3.16          -1.16  (VIOLATED)
       PIN :   ibex_top_inst/u_ibex_core/cs_registers_i/u_dscratch1_csr/rdata_q_reg[26]/RD
                                2.00           3.16          -1.16  (VIOLATED)
       PIN :   ibex_top_inst/u_ibex_core/cs_registers_i/mcycle_counter_i/counter_q_reg[57]/RD
                                2.00           3.16          -1.16  (VIOLATED)
       PIN :   ibex_top_inst/u_ibex_core/cs_registers_i/mcycle_counter_i/counter_q_reg[25]/RD
                                2.00           3.16          -1.16  (VIOLATED)
       PIN :   ibex_top_inst/u_ibex_core/cs_registers_i/minstret_counter_i/counter_q_reg[57]/RD
                                2.00           3.16          -1.16  (VIOLATED)
       PIN :   ibex_top_inst/u_ibex_core/cs_registers_i/minstret_counter_i/counter_q_reg[25]/RD
                                2.00           3.16          -1.16  (VIOLATED)
       PIN :   ibex_top_inst/u_ibex_core/cs_registers_i/u_depc_csr/rdata_q_reg[25]/RD
                                2.00           3.16          -1.16  (VIOLATED)
       PIN :   ibex_top_inst/u_ibex_core/cs_registers_i/u_mtval_csr/rdata_q_reg[25]/RD
                                2.00           3.16          -1.16  (VIOLATED)
       PIN :   ibex_top_inst/u_ibex_core/cs_registers_i/u_mstack_epc_csr/rdata_q_reg[25]/RD
                                2.00           3.16          -1.16  (VIOLATED)
       PIN :   ibex_top_inst/u_ibex_core/cs_registers_i/u_mscratch_csr/rdata_q_reg[25]/RD
                                2.00           3.16          -1.16  (VIOLATED)
       PIN :   ibex_top_inst/u_ibex_core/cs_registers_i/u_dscratch0_csr/rdata_q_reg[25]/RD
                                2.00           3.16          -1.16  (VIOLATED)
       PIN :   ibex_top_inst/u_ibex_core/cs_registers_i/u_dscratch1_csr/rdata_q_reg[25]/RD
                                2.00           3.16          -1.16  (VIOLATED)
       PIN :   ibex_top_inst/u_ibex_core/cs_registers_i/mcycle_counter_i/counter_q_reg[56]/RD
                                2.00           3.16          -1.16  (VIOLATED)
       PIN :   ibex_top_inst/u_ibex_core/cs_registers_i/mcycle_counter_i/counter_q_reg[24]/RD
                                2.00           3.16          -1.16  (VIOLATED)
       PIN :   ibex_top_inst/u_ibex_core/cs_registers_i/minstret_counter_i/counter_q_reg[24]/RD
                                2.00           3.16          -1.16  (VIOLATED)
       PIN :   ibex_top_inst/u_ibex_core/cs_registers_i/u_depc_csr/rdata_q_reg[24]/RD
                                2.00           3.16          -1.16  (VIOLATED)
       PIN :   ibex_top_inst/u_ibex_core/cs_registers_i/u_mtval_csr/rdata_q_reg[24]/RD
                                2.00           3.16          -1.16  (VIOLATED)
       PIN :   ibex_top_inst/u_ibex_core/cs_registers_i/u_mstack_epc_csr/rdata_q_reg[24]/RD
                                2.00           3.16          -1.16  (VIOLATED)
       PIN :   ibex_top_inst/u_ibex_core/cs_registers_i/u_mscratch_csr/rdata_q_reg[24]/RD
                                2.00           3.16          -1.16  (VIOLATED)
       PIN :   ibex_top_inst/u_ibex_core/cs_registers_i/u_dscratch0_csr/rdata_q_reg[24]/RD
                                2.00           3.16          -1.16  (VIOLATED)
       PIN :   ibex_top_inst/u_ibex_core/cs_registers_i/u_dscratch1_csr/rdata_q_reg[24]/RD
                                2.00           3.16          -1.16  (VIOLATED)
       PIN :   ibex_top_inst/u_ibex_core/cs_registers_i/mcycle_counter_i/counter_q_reg[55]/RD
                                2.00           3.16          -1.16  (VIOLATED)
       PIN :   ibex_top_inst/u_ibex_core/cs_registers_i/minstret_counter_i/counter_q_reg[55]/RD
                                2.00           3.16          -1.16  (VIOLATED)
       PIN :   ibex_top_inst/u_ibex_core/cs_registers_i/minstret_counter_i/counter_q_reg[23]/RD
                                2.00           3.16          -1.16  (VIOLATED)
       PIN :   ibex_top_inst/u_ibex_core/cs_registers_i/u_depc_csr/rdata_q_reg[23]/RD
                                2.00           3.16          -1.16  (VIOLATED)
       PIN :   ibex_top_inst/u_ibex_core/cs_registers_i/u_mstack_epc_csr/rdata_q_reg[23]/RD
                                2.00           3.16          -1.16  (VIOLATED)
       PIN :   ibex_top_inst/u_ibex_core/cs_registers_i/u_mscratch_csr/rdata_q_reg[23]/RD
                                2.00           3.16          -1.16  (VIOLATED)
       PIN :   ibex_top_inst/u_ibex_core/cs_registers_i/u_dscratch0_csr/rdata_q_reg[23]/RD
                                2.00           3.16          -1.16  (VIOLATED)
       PIN :   ibex_top_inst/u_ibex_core/cs_registers_i/u_dscratch1_csr/rdata_q_reg[23]/RD
                                2.00           3.16          -1.16  (VIOLATED)
       PIN :   ibex_top_inst/u_ibex_core/cs_registers_i/mcycle_counter_i/counter_q_reg[54]/RD
                                2.00           3.16          -1.16  (VIOLATED)
       PIN :   ibex_top_inst/u_ibex_core/cs_registers_i/mcycle_counter_i/counter_q_reg[22]/RD
                                2.00           3.16          -1.16  (VIOLATED)
       PIN :   ibex_top_inst/u_ibex_core/cs_registers_i/minstret_counter_i/counter_q_reg[54]/RD
                                2.00           3.16          -1.16  (VIOLATED)
       PIN :   ibex_top_inst/u_ibex_core/cs_registers_i/minstret_counter_i/counter_q_reg[22]/RD
                                2.00           3.16          -1.16  (VIOLATED)
       PIN :   ibex_top_inst/u_ibex_core/cs_registers_i/u_depc_csr/rdata_q_reg[22]/RD
                                2.00           3.16          -1.16  (VIOLATED)
       PIN :   ibex_top_inst/u_ibex_core/cs_registers_i/u_mtval_csr/rdata_q_reg[22]/RD
                                2.00           3.16          -1.16  (VIOLATED)
       PIN :   ibex_top_inst/u_ibex_core/cs_registers_i/u_mstack_epc_csr/rdata_q_reg[22]/RD
                                2.00           3.16          -1.16  (VIOLATED)
       PIN :   ibex_top_inst/u_ibex_core/cs_registers_i/u_mscratch_csr/rdata_q_reg[22]/RD
                                2.00           3.16          -1.16  (VIOLATED)
       PIN :   ibex_top_inst/u_ibex_core/cs_registers_i/u_dscratch1_csr/rdata_q_reg[22]/RD
                                2.00           3.16          -1.16  (VIOLATED)
       PIN :   ibex_top_inst/u_ibex_core/cs_registers_i/minstret_counter_i/counter_q_reg[53]/RD
                                2.00           3.16          -1.16  (VIOLATED)
       PIN :   ibex_top_inst/u_ibex_core/cs_registers_i/minstret_counter_i/counter_q_reg[21]/RD
                                2.00           3.16          -1.16  (VIOLATED)
       PIN :   ibex_top_inst/u_ibex_core/cs_registers_i/u_depc_csr/rdata_q_reg[21]/RD
                                2.00           3.16          -1.16  (VIOLATED)
       PIN :   ibex_top_inst/u_ibex_core/cs_registers_i/u_mtval_csr/rdata_q_reg[21]/RD
                                2.00           3.16          -1.16  (VIOLATED)
       PIN :   ibex_top_inst/u_ibex_core/cs_registers_i/u_mstack_epc_csr/rdata_q_reg[21]/RD
                                2.00           3.16          -1.16  (VIOLATED)
       PIN :   ibex_top_inst/u_ibex_core/cs_registers_i/u_mscratch_csr/rdata_q_reg[21]/RD
                                2.00           3.16          -1.16  (VIOLATED)
       PIN :   ibex_top_inst/u_ibex_core/cs_registers_i/u_dscratch0_csr/rdata_q_reg[21]/RD
                                2.00           3.16          -1.16  (VIOLATED)
       PIN :   ibex_top_inst/u_ibex_core/cs_registers_i/u_dscratch1_csr/rdata_q_reg[21]/RD
                                2.00           3.16          -1.16  (VIOLATED)
       PIN :   ibex_top_inst/u_ibex_core/cs_registers_i/mcycle_counter_i/counter_q_reg[19]/RD
                                2.00           3.16          -1.16  (VIOLATED)
       PIN :   ibex_top_inst/u_ibex_core/cs_registers_i/minstret_counter_i/counter_q_reg[51]/RD
                                2.00           3.16          -1.16  (VIOLATED)
       PIN :   ibex_top_inst/u_ibex_core/cs_registers_i/minstret_counter_i/counter_q_reg[19]/RD
                                2.00           3.16          -1.16  (VIOLATED)
       PIN :   ibex_top_inst/u_ibex_core/cs_registers_i/u_depc_csr/rdata_q_reg[19]/RD
                                2.00           3.16          -1.16  (VIOLATED)
       PIN :   ibex_top_inst/u_ibex_core/cs_registers_i/u_mtval_csr/rdata_q_reg[19]/RD
                                2.00           3.16          -1.16  (VIOLATED)
       PIN :   ibex_top_inst/u_ibex_core/cs_registers_i/u_mstack_epc_csr/rdata_q_reg[19]/RD
                                2.00           3.16          -1.16  (VIOLATED)
       PIN :   ibex_top_inst/u_ibex_core/cs_registers_i/u_mscratch_csr/rdata_q_reg[19]/RD
                                2.00           3.16          -1.16  (VIOLATED)
       PIN :   ibex_top_inst/u_ibex_core/cs_registers_i/u_dscratch0_csr/rdata_q_reg[19]/RD
                                2.00           3.16          -1.16  (VIOLATED)
       PIN :   ibex_top_inst/u_ibex_core/cs_registers_i/u_dscratch1_csr/rdata_q_reg[19]/RD
                                2.00           3.16          -1.16  (VIOLATED)
       PIN :   ibex_top_inst/u_ibex_core/cs_registers_i/mcycle_counter_i/counter_q_reg[50]/RD
                                2.00           3.16          -1.16  (VIOLATED)
       PIN :   ibex_top_inst/u_ibex_core/cs_registers_i/minstret_counter_i/counter_q_reg[50]/RD
                                2.00           3.16          -1.16  (VIOLATED)
       PIN :   ibex_top_inst/u_ibex_core/cs_registers_i/minstret_counter_i/counter_q_reg[18]/RD
                                2.00           3.16          -1.16  (VIOLATED)
       PIN :   ibex_top_inst/u_ibex_core/cs_registers_i/u_depc_csr/rdata_q_reg[18]/RD
                                2.00           3.16          -1.16  (VIOLATED)
       PIN :   ibex_top_inst/u_ibex_core/cs_registers_i/u_mtval_csr/rdata_q_reg[18]/RD
                                2.00           3.16          -1.16  (VIOLATED)
       PIN :   ibex_top_inst/u_ibex_core/cs_registers_i/u_mstack_epc_csr/rdata_q_reg[18]/RD
                                2.00           3.16          -1.16  (VIOLATED)
       PIN :   ibex_top_inst/u_ibex_core/cs_registers_i/u_mscratch_csr/rdata_q_reg[18]/RD
                                2.00           3.16          -1.16  (VIOLATED)
       PIN :   ibex_top_inst/u_ibex_core/cs_registers_i/u_dscratch0_csr/rdata_q_reg[18]/RD
                                2.00           3.16          -1.16  (VIOLATED)
       PIN :   ibex_top_inst/u_ibex_core/cs_registers_i/u_dscratch1_csr/rdata_q_reg[18]/RD
                                2.00           3.16          -1.16  (VIOLATED)
       PIN :   ibex_top_inst/u_ibex_core/cs_registers_i/u_mtvec_csr/rdata_q_reg[16]/RD
                                2.00           3.16          -1.16  (VIOLATED)
       PIN :   ibex_top_inst/u_ibex_core/cs_registers_i/mcycle_counter_i/counter_q_reg[48]/RD
                                2.00           3.16          -1.16  (VIOLATED)
       PIN :   ibex_top_inst/u_ibex_core/cs_registers_i/mcycle_counter_i/counter_q_reg[16]/RD
                                2.00           3.16          -1.16  (VIOLATED)
       PIN :   ibex_top_inst/u_ibex_core/cs_registers_i/minstret_counter_i/counter_q_reg[48]/RD
                                2.00           3.16          -1.16  (VIOLATED)
       PIN :   ibex_top_inst/u_ibex_core/cs_registers_i/minstret_counter_i/counter_q_reg[16]/RD
                                2.00           3.16          -1.16  (VIOLATED)
       PIN :   ibex_top_inst/u_ibex_core/cs_registers_i/u_mtval_csr/rdata_q_reg[16]/RD
                                2.00           3.16          -1.16  (VIOLATED)
       PIN :   ibex_top_inst/u_ibex_core/cs_registers_i/u_mstack_epc_csr/rdata_q_reg[16]/RD
                                2.00           3.16          -1.16  (VIOLATED)
       PIN :   ibex_top_inst/u_ibex_core/cs_registers_i/u_mscratch_csr/rdata_q_reg[16]/RD
                                2.00           3.16          -1.16  (VIOLATED)
       PIN :   ibex_top_inst/u_ibex_core/cs_registers_i/u_dscratch0_csr/rdata_q_reg[16]/RD
                                2.00           3.16          -1.16  (VIOLATED)
       PIN :   ibex_top_inst/u_ibex_core/cs_registers_i/u_dscratch1_csr/rdata_q_reg[16]/RD
                                2.00           3.16          -1.16  (VIOLATED)
       PIN :   ibex_top_inst/u_ibex_core/cs_registers_i/mcycle_counter_i/counter_q_reg[47]/RD
                                2.00           3.16          -1.16  (VIOLATED)
       PIN :   ibex_top_inst/u_ibex_core/cs_registers_i/mcycle_counter_i/counter_q_reg[15]/RD
                                2.00           3.16          -1.16  (VIOLATED)
       PIN :   ibex_top_inst/u_ibex_core/cs_registers_i/minstret_counter_i/counter_q_reg[47]/RD
                                2.00           3.16          -1.16  (VIOLATED)
       PIN :   ibex_top_inst/u_ibex_core/cs_registers_i/minstret_counter_i/counter_q_reg[15]/RD
                                2.00           3.16          -1.16  (VIOLATED)
       PIN :   ibex_top_inst/u_ibex_core/cs_registers_i/u_depc_csr/rdata_q_reg[15]/RD
                                2.00           3.16          -1.16  (VIOLATED)
       PIN :   ibex_top_inst/u_ibex_core/cs_registers_i/u_mtval_csr/rdata_q_reg[15]/RD
                                2.00           3.16          -1.16  (VIOLATED)
       PIN :   ibex_top_inst/u_ibex_core/cs_registers_i/u_mscratch_csr/rdata_q_reg[15]/RD
                                2.00           3.16          -1.16  (VIOLATED)
       PIN :   ibex_top_inst/u_ibex_core/cs_registers_i/u_dscratch0_csr/rdata_q_reg[15]/RD
                                2.00           3.16          -1.16  (VIOLATED)
       PIN :   ibex_top_inst/u_ibex_core/cs_registers_i/u_dscratch1_csr/rdata_q_reg[15]/RD
                                2.00           3.16          -1.16  (VIOLATED)
       PIN :   ibex_top_inst/u_ibex_core/cs_registers_i/mcycle_counter_i/counter_q_reg[46]/RD
                                2.00           3.16          -1.16  (VIOLATED)
       PIN :   ibex_top_inst/u_ibex_core/cs_registers_i/mcycle_counter_i/counter_q_reg[14]/RD
                                2.00           3.16          -1.16  (VIOLATED)
       PIN :   ibex_top_inst/u_ibex_core/cs_registers_i/minstret_counter_i/counter_q_reg[46]/RD
                                2.00           3.16          -1.16  (VIOLATED)
       PIN :   ibex_top_inst/u_ibex_core/cs_registers_i/minstret_counter_i/counter_q_reg[14]/RD
                                2.00           3.16          -1.16  (VIOLATED)
       PIN :   ibex_top_inst/u_ibex_core/cs_registers_i/u_depc_csr/rdata_q_reg[14]/RD
                                2.00           3.16          -1.16  (VIOLATED)
       PIN :   ibex_top_inst/u_ibex_core/cs_registers_i/u_mtval_csr/rdata_q_reg[14]/RD
                                2.00           3.16          -1.16  (VIOLATED)
       PIN :   ibex_top_inst/u_ibex_core/cs_registers_i/u_mstack_epc_csr/rdata_q_reg[14]/RD
                                2.00           3.16          -1.16  (VIOLATED)
       PIN :   ibex_top_inst/u_ibex_core/cs_registers_i/u_mscratch_csr/rdata_q_reg[14]/RD
                                2.00           3.16          -1.16  (VIOLATED)
       PIN :   ibex_top_inst/u_ibex_core/cs_registers_i/u_dscratch0_csr/rdata_q_reg[14]/RD
                                2.00           3.16          -1.16  (VIOLATED)
       PIN :   ibex_top_inst/u_ibex_core/cs_registers_i/u_dscratch1_csr/rdata_q_reg[14]/RD
                                2.00           3.16          -1.16  (VIOLATED)
       PIN :   ibex_top_inst/u_ibex_core/cs_registers_i/mcycle_counter_i/counter_q_reg[45]/RD
                                2.00           3.16          -1.16  (VIOLATED)
       PIN :   ibex_top_inst/u_ibex_core/cs_registers_i/mcycle_counter_i/counter_q_reg[13]/RD
                                2.00           3.16          -1.16  (VIOLATED)
       PIN :   ibex_top_inst/u_ibex_core/cs_registers_i/minstret_counter_i/counter_q_reg[45]/RD
                                2.00           3.16          -1.16  (VIOLATED)
       PIN :   ibex_top_inst/u_ibex_core/cs_registers_i/minstret_counter_i/counter_q_reg[13]/RD
                                2.00           3.16          -1.16  (VIOLATED)
       PIN :   ibex_top_inst/u_ibex_core/cs_registers_i/u_depc_csr/rdata_q_reg[13]/RD
                                2.00           3.16          -1.16  (VIOLATED)
       PIN :   ibex_top_inst/u_ibex_core/cs_registers_i/u_mtval_csr/rdata_q_reg[13]/RD
                                2.00           3.16          -1.16  (VIOLATED)
       PIN :   ibex_top_inst/u_ibex_core/cs_registers_i/u_mstack_epc_csr/rdata_q_reg[13]/RD
                                2.00           3.16          -1.16  (VIOLATED)
       PIN :   ibex_top_inst/u_ibex_core/cs_registers_i/u_mscratch_csr/rdata_q_reg[13]/RD
                                2.00           3.16          -1.16  (VIOLATED)
       PIN :   ibex_top_inst/u_ibex_core/cs_registers_i/u_dscratch0_csr/rdata_q_reg[13]/RD
                                2.00           3.16          -1.16  (VIOLATED)
       PIN :   ibex_top_inst/u_ibex_core/cs_registers_i/u_dscratch1_csr/rdata_q_reg[13]/RD
                                2.00           3.16          -1.16  (VIOLATED)
       PIN :   ibex_top_inst/u_ibex_core/cs_registers_i/mcycle_counter_i/counter_q_reg[11]/RD
                                2.00           3.16          -1.16  (VIOLATED)
       PIN :   ibex_top_inst/u_ibex_core/cs_registers_i/minstret_counter_i/counter_q_reg[11]/RD
                                2.00           3.16          -1.16  (VIOLATED)
       PIN :   ibex_top_inst/u_ibex_core/cs_registers_i/u_depc_csr/rdata_q_reg[11]/RD
                                2.00           3.16          -1.16  (VIOLATED)
       PIN :   ibex_top_inst/u_ibex_core/cs_registers_i/u_mtval_csr/rdata_q_reg[11]/RD
                                2.00           3.16          -1.16  (VIOLATED)
       PIN :   ibex_top_inst/u_ibex_core/cs_registers_i/u_mstack_epc_csr/rdata_q_reg[11]/RD
                                2.00           3.16          -1.16  (VIOLATED)
       PIN :   ibex_top_inst/u_ibex_core/cs_registers_i/u_mscratch_csr/rdata_q_reg[11]/RD
                                2.00           3.16          -1.16  (VIOLATED)
       PIN :   ibex_top_inst/u_ibex_core/cs_registers_i/u_dscratch0_csr/rdata_q_reg[11]/RD
                                2.00           3.16          -1.16  (VIOLATED)
       PIN :   ibex_top_inst/u_ibex_core/cs_registers_i/u_dscratch1_csr/rdata_q_reg[11]/RD
                                2.00           3.16          -1.16  (VIOLATED)
       PIN :   ibex_top_inst/u_ibex_core/cs_registers_i/u_mtvec_csr/rdata_q_reg[10]/RD
                                2.00           3.16          -1.16  (VIOLATED)
       PIN :   ibex_top_inst/u_ibex_core/cs_registers_i/mcycle_counter_i/counter_q_reg[42]/RD
                                2.00           3.16          -1.16  (VIOLATED)
       PIN :   ibex_top_inst/u_ibex_core/cs_registers_i/mcycle_counter_i/counter_q_reg[10]/RD
                                2.00           3.16          -1.16  (VIOLATED)
       PIN :   ibex_top_inst/u_ibex_core/cs_registers_i/minstret_counter_i/counter_q_reg[42]/RD
                                2.00           3.16          -1.16  (VIOLATED)
       PIN :   ibex_top_inst/u_ibex_core/cs_registers_i/minstret_counter_i/counter_q_reg[10]/RD
                                2.00           3.16          -1.16  (VIOLATED)
       PIN :   ibex_top_inst/u_ibex_core/cs_registers_i/u_depc_csr/rdata_q_reg[10]/RD
                                2.00           3.16          -1.16  (VIOLATED)
       PIN :   ibex_top_inst/u_ibex_core/cs_registers_i/u_mstack_epc_csr/rdata_q_reg[10]/RD
                                2.00           3.16          -1.16  (VIOLATED)
       PIN :   ibex_top_inst/u_ibex_core/cs_registers_i/u_mscratch_csr/rdata_q_reg[10]/RD
                                2.00           3.16          -1.16  (VIOLATED)
       PIN :   ibex_top_inst/u_ibex_core/cs_registers_i/u_dscratch0_csr/rdata_q_reg[10]/RD
                                2.00           3.16          -1.16  (VIOLATED)
       PIN :   ibex_top_inst/u_ibex_core/cs_registers_i/u_dscratch1_csr/rdata_q_reg[10]/RD
                                2.00           3.16          -1.16  (VIOLATED)
       PIN :   ibex_top_inst/u_ibex_core/cs_registers_i/mcycle_counter_i/counter_q_reg[41]/RD
                                2.00           3.16          -1.16  (VIOLATED)
       PIN :   ibex_top_inst/u_ibex_core/cs_registers_i/mcycle_counter_i/counter_q_reg[9]/RD
                                2.00           3.16          -1.16  (VIOLATED)
       PIN :   ibex_top_inst/u_ibex_core/cs_registers_i/minstret_counter_i/counter_q_reg[41]/RD
                                2.00           3.16          -1.16  (VIOLATED)
       PIN :   ibex_top_inst/u_ibex_core/cs_registers_i/minstret_counter_i/counter_q_reg[9]/RD
                                2.00           3.16          -1.16  (VIOLATED)
       PIN :   ibex_top_inst/u_ibex_core/cs_registers_i/u_depc_csr/rdata_q_reg[9]/RD
                                2.00           3.16          -1.16  (VIOLATED)
       PIN :   ibex_top_inst/u_ibex_core/cs_registers_i/u_mtval_csr/rdata_q_reg[9]/RD
                                2.00           3.16          -1.16  (VIOLATED)
       PIN :   ibex_top_inst/u_ibex_core/cs_registers_i/u_mstack_epc_csr/rdata_q_reg[9]/RD
                                2.00           3.16          -1.16  (VIOLATED)
       PIN :   ibex_top_inst/u_ibex_core/cs_registers_i/u_mscratch_csr/rdata_q_reg[9]/RD
                                2.00           3.16          -1.16  (VIOLATED)
       PIN :   ibex_top_inst/u_ibex_core/cs_registers_i/u_dscratch0_csr/rdata_q_reg[9]/RD
                                2.00           3.16          -1.16  (VIOLATED)
       PIN :   ibex_top_inst/u_ibex_core/cs_registers_i/u_mtvec_csr/rdata_q_reg[8]/RD
                                2.00           3.16          -1.16  (VIOLATED)
       PIN :   ibex_top_inst/u_ibex_core/cs_registers_i/mcycle_counter_i/counter_q_reg[8]/RD
                                2.00           3.16          -1.16  (VIOLATED)
       PIN :   ibex_top_inst/u_ibex_core/cs_registers_i/minstret_counter_i/counter_q_reg[40]/RD
                                2.00           3.16          -1.16  (VIOLATED)
       PIN :   ibex_top_inst/u_ibex_core/cs_registers_i/minstret_counter_i/counter_q_reg[8]/RD
                                2.00           3.16          -1.16  (VIOLATED)
       PIN :   ibex_top_inst/u_ibex_core/cs_registers_i/u_depc_csr/rdata_q_reg[8]/RD
                                2.00           3.16          -1.16  (VIOLATED)
       PIN :   ibex_top_inst/u_ibex_core/cs_registers_i/u_mtval_csr/rdata_q_reg[8]/RD
                                2.00           3.16          -1.16  (VIOLATED)
       PIN :   ibex_top_inst/u_ibex_core/cs_registers_i/u_mstack_epc_csr/rdata_q_reg[8]/RD
                                2.00           3.16          -1.16  (VIOLATED)
       PIN :   ibex_top_inst/u_ibex_core/cs_registers_i/u_mscratch_csr/rdata_q_reg[8]/RD
                                2.00           3.16          -1.16  (VIOLATED)
       PIN :   ibex_top_inst/u_ibex_core/cs_registers_i/u_dscratch0_csr/rdata_q_reg[8]/RD
                                2.00           3.16          -1.16  (VIOLATED)
       PIN :   ibex_top_inst/u_ibex_core/cs_registers_i/u_dscratch1_csr/rdata_q_reg[8]/RD
                                2.00           3.16          -1.16  (VIOLATED)
       PIN :   ibex_top_inst/u_ibex_core/cs_registers_i/mcycle_counter_i/counter_q_reg[38]/RD
                                2.00           3.16          -1.16  (VIOLATED)
       PIN :   ibex_top_inst/u_ibex_core/cs_registers_i/minstret_counter_i/counter_q_reg[38]/RD
                                2.00           3.16          -1.16  (VIOLATED)
       PIN :   ibex_top_inst/u_ibex_core/cs_registers_i/u_depc_csr/rdata_q_reg[6]/RD
                                2.00           3.16          -1.16  (VIOLATED)
       PIN :   ibex_top_inst/u_ibex_core/cs_registers_i/u_mtval_csr/rdata_q_reg[6]/RD
                                2.00           3.16          -1.16  (VIOLATED)
       PIN :   ibex_top_inst/u_ibex_core/cs_registers_i/u_mstack_epc_csr/rdata_q_reg[6]/RD
                                2.00           3.16          -1.16  (VIOLATED)
       PIN :   ibex_top_inst/u_ibex_core/cs_registers_i/u_mscratch_csr/rdata_q_reg[6]/RD
                                2.00           3.16          -1.16  (VIOLATED)
       PIN :   ibex_top_inst/u_ibex_core/cs_registers_i/u_dscratch0_csr/rdata_q_reg[6]/RD
                                2.00           3.16          -1.16  (VIOLATED)
       PIN :   ibex_top_inst/u_ibex_core/cs_registers_i/u_dscratch1_csr/rdata_q_reg[6]/RD
                                2.00           3.16          -1.16  (VIOLATED)
       PIN :   ibex_top_inst/u_ibex_core/cs_registers_i/u_cpuctrlsts_part_csr/rdata_q_reg[6]/RD
                                2.00           3.16          -1.16  (VIOLATED)
       PIN :   ibex_top_inst/u_ibex_core/cs_registers_i/mcycle_counter_i/counter_q_reg[37]/RD
                                2.00           3.16          -1.16  (VIOLATED)
       PIN :   ibex_top_inst/u_ibex_core/cs_registers_i/mcycle_counter_i/counter_q_reg[5]/RD
                                2.00           3.16          -1.16  (VIOLATED)
       PIN :   ibex_top_inst/u_ibex_core/cs_registers_i/minstret_counter_i/counter_q_reg[37]/RD
                                2.00           3.16          -1.16  (VIOLATED)
       PIN :   ibex_top_inst/u_ibex_core/cs_registers_i/minstret_counter_i/counter_q_reg[5]/RD
                                2.00           3.16          -1.16  (VIOLATED)
       PIN :   ibex_top_inst/u_ibex_core/cs_registers_i/u_depc_csr/rdata_q_reg[5]/RD
                                2.00           3.16          -1.16  (VIOLATED)
       PIN :   ibex_top_inst/u_ibex_core/cs_registers_i/u_mtval_csr/rdata_q_reg[5]/RD
                                2.00           3.16          -1.16  (VIOLATED)
       PIN :   ibex_top_inst/u_ibex_core/cs_registers_i/u_mstack_epc_csr/rdata_q_reg[5]/RD
                                2.00           3.16          -1.16  (VIOLATED)
       PIN :   ibex_top_inst/u_ibex_core/cs_registers_i/u_dscratch0_csr/rdata_q_reg[5]/RD
                                2.00           3.16          -1.16  (VIOLATED)
       PIN :   ibex_top_inst/u_ibex_core/cs_registers_i/u_dscratch1_csr/rdata_q_reg[5]/RD
                                2.00           3.16          -1.16  (VIOLATED)
       PIN :   ibex_top_inst/u_ibex_core/cs_registers_i/mcycle_counter_i/counter_q_reg[1]/RD
                                2.00           3.16          -1.16  (VIOLATED)
       PIN :   ibex_top_inst/u_ibex_core/cs_registers_i/minstret_counter_i/counter_q_reg[33]/RD
                                2.00           3.16          -1.16  (VIOLATED)
       PIN :   ibex_top_inst/u_ibex_core/cs_registers_i/minstret_counter_i/counter_q_reg[1]/RD
                                2.00           3.16          -1.16  (VIOLATED)
       PIN :   ibex_top_inst/u_ibex_core/cs_registers_i/mcycle_counter_i/counter_q_reg[32]/RD
                                2.00           3.16          -1.16  (VIOLATED)
       PIN :   ibex_top_inst/u_ibex_core/cs_registers_i/mcycle_counter_i/counter_q_reg[0]/RD
                                2.00           3.16          -1.16  (VIOLATED)
       PIN :   ibex_top_inst/u_ibex_core/cs_registers_i/minstret_counter_i/counter_q_reg[32]/RD
                                2.00           3.16          -1.16  (VIOLATED)
       PIN :   ibex_top_inst/u_ibex_core/cs_registers_i/minstret_counter_i/counter_q_reg[0]/RD
                                2.00           3.16          -1.16  (VIOLATED)
       PIN :   ibex_top_inst/u_ibex_core/cs_registers_i/u_mtval_csr/rdata_q_reg[0]/RD
                                2.00           3.16          -1.16  (VIOLATED)
       PIN :   ibex_top_inst/u_ibex_core/cs_registers_i/u_mstack_cause_csr/rdata_q_reg[0]/RD
                                2.00           3.16          -1.16  (VIOLATED)
       PIN :   ibex_top_inst/u_ibex_core/cs_registers_i/u_mcause_csr/rdata_q_reg[0]/RD
                                2.00           3.16          -1.16  (VIOLATED)
       PIN :   ibex_top_inst/u_ibex_core/cs_registers_i/u_mscratch_csr/rdata_q_reg[0]/RD
                                2.00           3.16          -1.16  (VIOLATED)
       PIN :   ibex_top_inst/u_ibex_core/cs_registers_i/u_dscratch1_csr/rdata_q_reg[0]/RD
                                2.00           3.16          -1.16  (VIOLATED)
       PIN :   ibex_top_inst/u_ibex_core/cs_registers_i/u_mstack_csr/rdata_q_reg[0]/RD
                                2.00           3.16          -1.16  (VIOLATED)
       PIN :   ibex_top_inst/u_ibex_core/cs_registers_i/u_mstatus_csr/rdata_q_reg[2]/RD
                                2.00           3.16          -1.16  (VIOLATED)
       PIN :   ibex_top_inst/u_ibex_core/cs_registers_i/u_depc_csr/rdata_q_reg[1]/RD
                                2.00           3.16          -1.16  (VIOLATED)
       PIN :   ibex_top_inst/u_ibex_core/cs_registers_i/u_mtval_csr/rdata_q_reg[1]/RD
                                2.00           3.16          -1.16  (VIOLATED)
       PIN :   ibex_top_inst/u_ibex_core/cs_registers_i/u_mstack_epc_csr/rdata_q_reg[1]/RD
                                2.00           3.16          -1.16  (VIOLATED)
       PIN :   ibex_top_inst/u_ibex_core/cs_registers_i/u_mstack_cause_csr/rdata_q_reg[1]/RD
                                2.00           3.16          -1.16  (VIOLATED)
       PIN :   ibex_top_inst/u_ibex_core/cs_registers_i/u_mcause_csr/rdata_q_reg[1]/RD
                                2.00           3.16          -1.16  (VIOLATED)
       PIN :   ibex_top_inst/u_ibex_core/cs_registers_i/u_mscratch_csr/rdata_q_reg[1]/RD
                                2.00           3.16          -1.16  (VIOLATED)
       PIN :   ibex_top_inst/u_ibex_core/cs_registers_i/u_dscratch0_csr/rdata_q_reg[1]/RD
                                2.00           3.16          -1.16  (VIOLATED)
       PIN :   ibex_top_inst/u_ibex_core/cs_registers_i/u_dscratch1_csr/rdata_q_reg[1]/RD
                                2.00           3.16          -1.16  (VIOLATED)
       PIN :   ibex_top_inst/u_ibex_core/cs_registers_i/mcountinhibit_q_reg[2]/RD
                                2.00           3.16          -1.16  (VIOLATED)
       PIN :   ibex_top_inst/u_ibex_core/cs_registers_i/u_mstack_cause_csr/rdata_q_reg[2]/RD
                                2.00           3.16          -1.16  (VIOLATED)
       PIN :   ibex_top_inst/u_ibex_core/cs_registers_i/u_mstack_epc_csr/rdata_q_reg[12]/RD
                                2.00           3.16          -1.16  (VIOLATED)
       PIN :   ibex_top_inst/u_ibex_core/cs_registers_i/u_dcsr_csr/rdata_q_reg[8]/RD
                                2.00           3.16          -1.16  (VIOLATED)
       PIN :   ibex_top_inst/u_ibex_core/cs_registers_i/u_dcsr_csr/rdata_q_reg[7]/RD
                                2.00           3.16          -1.16  (VIOLATED)
       PIN :   ibex_top_inst/u_ibex_core/cs_registers_i/u_dcsr_csr/rdata_q_reg[6]/RD
                                2.00           3.16          -1.16  (VIOLATED)
       PIN :   ibex_top_inst/u_ibex_core/cs_registers_i/u_depc_csr/rdata_q_reg[12]/RD
                                2.00           3.16          -1.16  (VIOLATED)
       PIN :   ibex_top_inst/u_ibex_core/cs_registers_i/u_mtval_csr/rdata_q_reg[12]/RD
                                2.00           3.16          -1.16  (VIOLATED)
       PIN :   ibex_top_inst/u_ibex_core/cs_registers_i/u_mscratch_csr/rdata_q_reg[12]/RD
                                2.00           3.16          -1.16  (VIOLATED)
       PIN :   ibex_top_inst/u_ibex_core/cs_registers_i/u_dscratch0_csr/rdata_q_reg[12]/RD
                                2.00           3.16          -1.16  (VIOLATED)
       PIN :   ibex_top_inst/u_ibex_core/cs_registers_i/u_dscratch1_csr/rdata_q_reg[12]/RD
                                2.00           3.16          -1.16  (VIOLATED)
       PIN :   ibex_top_inst/u_ibex_core/cs_registers_i/u_mstatus_csr/rdata_q_reg[3]/RD
                                2.00           3.16          -1.16  (VIOLATED)
       PIN :   ibex_top_inst/u_ibex_core/cs_registers_i/u_mstack_cause_csr/rdata_q_reg[6]/RD
                                2.00           3.16          -1.16  (VIOLATED)
       PIN :   ibex_top_inst/u_ibex_core/cs_registers_i/U1365/A
                                2.00           3.16          -1.16  (VIOLATED)
       PIN :   ibex_top_inst/u_ibex_core/cs_registers_i/u_mtvec_csr/rdata_q_reg[31]/RD
                                2.00           3.16          -1.16  (VIOLATED)
       PIN :   ibex_top_inst/u_ibex_core/cs_registers_i/u_depc_csr/rdata_q_reg[30]/RD
                                2.00           3.16          -1.16  (VIOLATED)
       PIN :   ibex_top_inst/u_ibex_core/cs_registers_i/u_mscratch_csr/rdata_q_reg[20]/RD
                                2.00           3.16          -1.16  (VIOLATED)
       PIN :   ibex_top_inst/u_ibex_core/cs_registers_i/u_depc_csr/rdata_q_reg[17]/RD
                                2.00           3.16          -1.16  (VIOLATED)
       PIN :   ibex_top_inst/u_ibex_core/cs_registers_i/u_mscratch_csr/rdata_q_reg[4]/RD
                                2.00           3.16          -1.16  (VIOLATED)
       PIN :   ibex_top_inst/u_ibex_core/cs_registers_i/u_mie_csr/rdata_q_reg[17]/RD
                                2.00           3.16          -1.16  (VIOLATED)
       PIN :   ibex_top_inst/u_ibex_core/cs_registers_i/u_mcause_csr/rdata_q_reg[3]/RD
                                2.00           3.16          -1.16  (VIOLATED)
       PIN :   ibex_top_inst/u_ibex_core/cs_registers_i/minstret_counter_i/counter_q_reg[61]/RD
                                2.00           3.16          -1.16  (VIOLATED)
       PIN :   ibex_top_inst/u_ibex_core/cs_registers_i/u_mtval_csr/rdata_q_reg[28]/RD
                                2.00           3.16          -1.16  (VIOLATED)
       PIN :   ibex_top_inst/u_ibex_core/cs_registers_i/u_dscratch0_csr/rdata_q_reg[27]/RD
                                2.00           3.16          -1.16  (VIOLATED)
       PIN :   ibex_top_inst/u_ibex_core/cs_registers_i/u_mtvec_csr/rdata_q_reg[25]/RD
                                2.00           3.16          -1.16  (VIOLATED)
       PIN :   ibex_top_inst/u_ibex_core/cs_registers_i/minstret_counter_i/counter_q_reg[56]/RD
                                2.00           3.16          -1.16  (VIOLATED)
       PIN :   ibex_top_inst/u_ibex_core/cs_registers_i/u_mtval_csr/rdata_q_reg[23]/RD
                                2.00           3.16          -1.16  (VIOLATED)
       PIN :   ibex_top_inst/u_ibex_core/cs_registers_i/u_dscratch0_csr/rdata_q_reg[22]/RD
                                2.00           3.16          -1.16  (VIOLATED)
       PIN :   ibex_top_inst/u_ibex_core/cs_registers_i/u_mstatus_csr/rdata_q_reg[0]/RD
                                2.00           3.16          -1.16  (VIOLATED)
       PIN :   ibex_top_inst/u_ibex_core/cs_registers_i/mcycle_counter_i/counter_q_reg[18]/RD
                                2.00           3.16          -1.16  (VIOLATED)
       PIN :   ibex_top_inst/u_ibex_core/cs_registers_i/u_depc_csr/rdata_q_reg[16]/RD
                                2.00           3.16          -1.16  (VIOLATED)
       PIN :   ibex_top_inst/u_ibex_core/cs_registers_i/u_mstack_epc_csr/rdata_q_reg[15]/RD
                                2.00           3.16          -1.16  (VIOLATED)
       PIN :   ibex_top_inst/u_ibex_core/cs_registers_i/u_mtvec_csr/rdata_q_reg[13]/RD
                                2.00           3.16          -1.16  (VIOLATED)
       PIN :   ibex_top_inst/u_ibex_core/cs_registers_i/minstret_counter_i/counter_q_reg[43]/RD
                                2.00           3.16          -1.16  (VIOLATED)
       PIN :   ibex_top_inst/u_ibex_core/cs_registers_i/u_mtval_csr/rdata_q_reg[10]/RD
                                2.00           3.16          -1.16  (VIOLATED)
       PIN :   ibex_top_inst/u_ibex_core/cs_registers_i/u_dscratch1_csr/rdata_q_reg[9]/RD
                                2.00           3.16          -1.16  (VIOLATED)
       PIN :   ibex_top_inst/u_ibex_core/cs_registers_i/minstret_counter_i/counter_q_reg[6]/RD
                                2.00           3.16          -1.16  (VIOLATED)
       PIN :   ibex_top_inst/u_ibex_core/cs_registers_i/u_mscratch_csr/rdata_q_reg[5]/RD
                                2.00           3.16          -1.16  (VIOLATED)
       PIN :   ibex_top_inst/u_ibex_core/cs_registers_i/u_dscratch0_csr/rdata_q_reg[0]/RD
                                2.00           3.16          -1.16  (VIOLATED)
       PIN :   ibex_top_inst/u_ibex_core/cs_registers_i/u_mcause_csr/rdata_q_reg[2]/RD
                                2.00           3.16          -1.16  (VIOLATED)
       PIN :   ibex_top_inst/u_ibex_core/cs_registers_i/u_dcsr_csr/rdata_q_reg[13]/RD
                                2.00           3.16          -1.16  (VIOLATED)
       PIN :   ibex_top_inst/u_ibex_core/cs_registers_i/u_dcsr_csr/rdata_q_reg[12]/RD
                                2.00           3.16          -1.16  (VIOLATED)
       PIN :   ibex_top_inst/u_ibex_core/cs_registers_i/u_dcsr_csr/rdata_q_reg[2]/RD
                                2.00           3.16          -1.16  (VIOLATED)
       PIN :   ibex_top_inst/u_ibex_core/cs_registers_i/mcycle_counter_i/counter_q_reg[21]/RD
                                2.00           3.16          -1.16  (VIOLATED)
       PIN :   ibex_top_inst/u_ibex_core/cs_registers_i/mcycle_counter_i/counter_q_reg[20]/RD
                                2.00           3.16          -1.16  (VIOLATED)
       PIN :   ibex_top_inst/u_ibex_core/cs_registers_i/u_dcsr_csr/rdata_q_reg[15]/RD
                                2.00           3.16          -1.16  (VIOLATED)
       PIN :   ibex_top_inst/u_ibex_core/cs_registers_i/u_mcause_csr/rdata_q_reg[6]/RD
                                2.00           3.16          -1.16  (VIOLATED)
       PIN :   ibex_top_inst/u_ibex_core/cs_registers_i/u_mepc_csr/rdata_q_reg[29]/RD
                                2.00           3.16          -1.16  (VIOLATED)
       PIN :   ibex_top_inst/u_ibex_core/cs_registers_i/u_mepc_csr/rdata_q_reg[28]/RD
                                2.00           3.16          -1.16  (VIOLATED)
       PIN :   ibex_top_inst/u_ibex_core/cs_registers_i/u_mepc_csr/rdata_q_reg[27]/RD
                                2.00           3.16          -1.16  (VIOLATED)
       PIN :   ibex_top_inst/u_ibex_core/cs_registers_i/u_mepc_csr/rdata_q_reg[25]/RD
                                2.00           3.16          -1.16  (VIOLATED)
       PIN :   ibex_top_inst/u_ibex_core/cs_registers_i/u_mepc_csr/rdata_q_reg[14]/RD
                                2.00           3.16          -1.16  (VIOLATED)
       PIN :   ibex_top_inst/u_ibex_core/cs_registers_i/u_mepc_csr/rdata_q_reg[21]/RD
                                2.00           3.16          -1.16  (VIOLATED)
       PIN :   ibex_top_inst/u_ibex_core/cs_registers_i/u_mepc_csr/rdata_q_reg[7]/RD
                                2.00           3.16          -1.16  (VIOLATED)
       PIN :   ibex_top_inst/u_ibex_core/cs_registers_i/u_mepc_csr/rdata_q_reg[6]/RD
                                2.00           3.16          -1.16  (VIOLATED)
       PIN :   ibex_top_inst/u_ibex_core/cs_registers_i/u_mepc_csr/rdata_q_reg[4]/RD
                                2.00           3.16          -1.16  (VIOLATED)
       PIN :   ibex_top_inst/u_ibex_core/cs_registers_i/u_mepc_csr/rdata_q_reg[5]/RD
                                2.00           3.16          -1.16  (VIOLATED)
       PIN :   ibex_top_inst/u_ibex_core/cs_registers_i/u_mepc_csr/rdata_q_reg[2]/RD
                                2.00           3.16          -1.16  (VIOLATED)
       PIN :   ibex_top_inst/u_ibex_core/cs_registers_i/u_mepc_csr/rdata_q_reg[1]/RD
                                2.00           3.16          -1.16  (VIOLATED)
       PIN :   ibex_top_inst/u_ibex_core/cs_registers_i/u_mepc_csr/rdata_q_reg[20]/RD
                                2.00           3.16          -1.16  (VIOLATED)
       PIN :   ibex_top_inst/u_ibex_core/cs_registers_i/u_mepc_csr/rdata_q_reg[11]/RD
                                2.00           3.16          -1.16  (VIOLATED)
       PIN :   ibex_top_inst/u_ibex_core/cs_registers_i/u_mepc_csr/rdata_q_reg[9]/RD
                                2.00           3.16          -1.16  (VIOLATED)
       PIN :   ibex_top_inst/u_ibex_core/cs_registers_i/u_mepc_csr/rdata_q_reg[10]/RD
                                2.00           3.16          -1.16  (VIOLATED)
       PIN :   ibex_top_inst/u_ibex_core/cs_registers_i/u_mepc_csr/rdata_q_reg[17]/RD
                                2.00           3.16          -1.16  (VIOLATED)
       PIN :   ibex_top_inst/u_ibex_core/cs_registers_i/u_mepc_csr/rdata_q_reg[23]/RD
                                2.00           3.16          -1.16  (VIOLATED)
       PIN :   ibex_top_inst/u_ibex_core/cs_registers_i/u_mepc_csr/rdata_q_reg[22]/RD
                                2.00           3.16          -1.16  (VIOLATED)
       PIN :   ibex_top_inst/u_ibex_core/cs_registers_i/u_mepc_csr/rdata_q_reg[15]/RD
                                2.00           3.16          -1.16  (VIOLATED)
       PIN :   ibex_top_inst/u_ibex_core/cs_registers_i/u_mepc_csr/rdata_q_reg[8]/RD
                                2.00           3.16          -1.16  (VIOLATED)
       PIN :   ibex_top_inst/u_ibex_core/cs_registers_i/u_mepc_csr/rdata_q_reg[12]/RD
                                2.00           3.16          -1.16  (VIOLATED)
       PIN :   ibex_top_inst/u_ibex_core/cs_registers_i/u_mepc_csr/rdata_q_reg[24]/RD
                                2.00           3.16          -1.16  (VIOLATED)
       PIN :   ibex_top_inst/u_ibex_core/cs_registers_i/u_mepc_csr/rdata_q_reg[19]/RD
                                2.00           3.16          -1.16  (VIOLATED)
       PIN :   ibex_top_inst/u_ibex_core/cs_registers_i/u_mepc_csr/rdata_q_reg[18]/RD
                                2.00           3.16          -1.16  (VIOLATED)
       PIN :   ibex_top_inst/u_ibex_core/cs_registers_i/u_mepc_csr/rdata_q_reg[16]/RD
                                2.00           3.16          -1.16  (VIOLATED)
       PIN :   ibex_top_inst/u_ibex_core/cs_registers_i/u_mepc_csr/rdata_q_reg[13]/RD
                                2.00           3.16          -1.16  (VIOLATED)
       PIN :   ibex_top_inst/u_ibex_core/cs_registers_i/mcountinhibit_q_reg[0]/RD
                                2.00           3.16          -1.16  (VIOLATED)
       PIN :   ibex_top_inst/u_ibex_core/cs_registers_i/mcycle_counter_i/counter_q_reg[33]/RD
                                2.00           3.16          -1.16  (VIOLATED)
       PIN :   ibex_top_inst/u_ibex_core/cs_registers_i/mcycle_counter_i/counter_q_reg[6]/RD
                                2.00           3.16          -1.16  (VIOLATED)
       PIN :   ibex_top_inst/u_ibex_core/cs_registers_i/mcycle_counter_i/counter_q_reg[40]/RD
                                2.00           3.16          -1.16  (VIOLATED)
       PIN :   ibex_top_inst/u_ibex_core/cs_registers_i/u_mtvec_csr/rdata_q_reg[9]/RD
                                2.00           3.16          -1.16  (VIOLATED)
       PIN :   ibex_top_inst/u_ibex_core/cs_registers_i/u_mie_csr/rdata_q_reg[15]/RD
                                2.00           3.16          -1.16  (VIOLATED)
       PIN :   ibex_top_inst/u_ibex_core/cs_registers_i/mcycle_counter_i/counter_q_reg[43]/RD
                                2.00           3.16          -1.16  (VIOLATED)
       PIN :   ibex_top_inst/u_ibex_core/cs_registers_i/u_mtvec_csr/rdata_q_reg[11]/RD
                                2.00           3.16          -1.16  (VIOLATED)
       PIN :   ibex_top_inst/u_ibex_core/cs_registers_i/u_mtvec_csr/rdata_q_reg[14]/RD
                                2.00           3.16          -1.16  (VIOLATED)
       PIN :   ibex_top_inst/u_ibex_core/cs_registers_i/u_mie_csr/rdata_q_reg[0]/RD
                                2.00           3.16          -1.16  (VIOLATED)
       PIN :   ibex_top_inst/u_ibex_core/cs_registers_i/u_mie_csr/rdata_q_reg[2]/RD
                                2.00           3.16          -1.16  (VIOLATED)
       PIN :   ibex_top_inst/u_ibex_core/cs_registers_i/u_mtvec_csr/rdata_q_reg[18]/RD
                                2.00           3.16          -1.16  (VIOLATED)
       PIN :   ibex_top_inst/u_ibex_core/cs_registers_i/u_mie_csr/rdata_q_reg[3]/RD
                                2.00           3.16          -1.16  (VIOLATED)
       PIN :   ibex_top_inst/u_ibex_core/cs_registers_i/mcycle_counter_i/counter_q_reg[51]/RD
                                2.00           3.16          -1.16  (VIOLATED)
       PIN :   ibex_top_inst/u_ibex_core/cs_registers_i/u_mtvec_csr/rdata_q_reg[19]/RD
                                2.00           3.16          -1.16  (VIOLATED)
       PIN :   ibex_top_inst/u_ibex_core/cs_registers_i/u_mie_csr/rdata_q_reg[5]/RD
                                2.00           3.16          -1.16  (VIOLATED)
       PIN :   ibex_top_inst/u_ibex_core/cs_registers_i/mcycle_counter_i/counter_q_reg[53]/RD
                                2.00           3.16          -1.16  (VIOLATED)
       PIN :   ibex_top_inst/u_ibex_core/cs_registers_i/u_mtvec_csr/rdata_q_reg[21]/RD
                                2.00           3.16          -1.16  (VIOLATED)
       PIN :   ibex_top_inst/u_ibex_core/cs_registers_i/u_mie_csr/rdata_q_reg[6]/RD
                                2.00           3.16          -1.16  (VIOLATED)
       PIN :   ibex_top_inst/u_ibex_core/cs_registers_i/u_mtvec_csr/rdata_q_reg[22]/RD
                                2.00           3.16          -1.16  (VIOLATED)
       PIN :   ibex_top_inst/u_ibex_core/cs_registers_i/u_mie_csr/rdata_q_reg[7]/RD
                                2.00           3.16          -1.16  (VIOLATED)
       PIN :   ibex_top_inst/u_ibex_core/cs_registers_i/mcycle_counter_i/counter_q_reg[23]/RD
                                2.00           3.16          -1.16  (VIOLATED)
       PIN :   ibex_top_inst/u_ibex_core/cs_registers_i/u_mie_csr/rdata_q_reg[8]/RD
                                2.00           3.16          -1.16  (VIOLATED)
       PIN :   ibex_top_inst/u_ibex_core/cs_registers_i/u_mtvec_csr/rdata_q_reg[24]/RD
                                2.00           3.16          -1.16  (VIOLATED)
       PIN :   ibex_top_inst/u_ibex_core/cs_registers_i/u_mie_csr/rdata_q_reg[9]/RD
                                2.00           3.16          -1.16  (VIOLATED)
       PIN :   ibex_top_inst/u_ibex_core/cs_registers_i/u_mie_csr/rdata_q_reg[10]/RD
                                2.00           3.16          -1.16  (VIOLATED)
       PIN :   ibex_top_inst/u_ibex_core/cs_registers_i/u_mtvec_csr/rdata_q_reg[26]/RD
                                2.00           3.16          -1.16  (VIOLATED)
       PIN :   ibex_top_inst/u_ibex_core/cs_registers_i/u_mie_csr/rdata_q_reg[11]/RD
                                2.00           3.16          -1.16  (VIOLATED)
       PIN :   ibex_top_inst/u_ibex_core/cs_registers_i/u_mtvec_csr/rdata_q_reg[27]/RD
                                2.00           3.16          -1.16  (VIOLATED)
       PIN :   ibex_top_inst/u_ibex_core/cs_registers_i/u_mie_csr/rdata_q_reg[12]/RD
                                2.00           3.16          -1.16  (VIOLATED)
       PIN :   ibex_top_inst/u_ibex_core/cs_registers_i/u_mtvec_csr/rdata_q_reg[28]/RD
                                2.00           3.16          -1.16  (VIOLATED)
       PIN :   ibex_top_inst/u_ibex_core/cs_registers_i/u_mie_csr/rdata_q_reg[13]/RD
                                2.00           3.16          -1.16  (VIOLATED)
       PIN :   ibex_top_inst/u_ibex_core/cs_registers_i/u_mtvec_csr/rdata_q_reg[29]/RD
                                2.00           3.16          -1.16  (VIOLATED)
       PIN :   ibex_top_inst/u_ibex_core/cs_registers_i/mcycle_counter_i/counter_q_reg[2]/RD
                                2.00           3.16          -1.16  (VIOLATED)
       PIN :   ibex_top_inst/u_ibex_core/cs_registers_i/u_mstatus_csr/rdata_q_reg[5]/RD
                                2.00           3.16          -1.16  (VIOLATED)
       PIN :   ibex_top_inst/u_ibex_core/cs_registers_i/mcycle_counter_i/counter_q_reg[39]/RD
                                2.00           3.16          -1.16  (VIOLATED)
       PIN :   ibex_top_inst/u_ibex_core/cs_registers_i/mcycle_counter_i/counter_q_reg[3]/RD
                                2.00           3.16          -1.16  (VIOLATED)
       PIN :   ibex_top_inst/u_ibex_core/cs_registers_i/mcycle_counter_i/counter_q_reg[4]/RD
                                2.00           3.16          -1.16  (VIOLATED)
       PIN :   ibex_top_inst/u_ibex_core/cs_registers_i/mcycle_counter_i/counter_q_reg[36]/RD
                                2.00           3.16          -1.16  (VIOLATED)
       PIN :   ibex_top_inst/u_ibex_core/cs_registers_i/u_mie_csr/rdata_q_reg[1]/RD
                                2.00           3.16          -1.16  (VIOLATED)
       PIN :   ibex_top_inst/u_ibex_core/cs_registers_i/mcycle_counter_i/counter_q_reg[49]/RD
                                2.00           3.16          -1.16  (VIOLATED)
       PIN :   ibex_top_inst/u_ibex_core/cs_registers_i/mcycle_counter_i/counter_q_reg[12]/RD
                                2.00           3.16          -1.16  (VIOLATED)
       PIN :   ibex_top_inst/u_ibex_core/cs_registers_i/u_mie_csr/rdata_q_reg[4]/RD
                                2.00           3.16          -1.16  (VIOLATED)
       PIN :   ibex_top_inst/u_ibex_core/cs_registers_i/u_mtvec_csr/rdata_q_reg[20]/RD
                                2.00           3.16          -1.16  (VIOLATED)
       PIN :   ibex_top_inst/u_ibex_core/cs_registers_i/u_mie_csr/rdata_q_reg[14]/RD
                                2.00           3.16          -1.16  (VIOLATED)
       PIN :   ibex_top_inst/u_ibex_core/load_store_unit_i/ls_fsm_cs_reg[1]/RD
                                2.00           3.16          -1.16  (VIOLATED)
       PIN :   ibex_top_inst/u_ibex_core/ex_block_i/gen_multdiv_fast.multdiv_i/md_state_q_reg[0]/RD
                                2.00           3.16          -1.16  (VIOLATED)
       PIN :   ibex_top_inst/u_ibex_core/ex_block_i/gen_multdiv_fast.multdiv_i/op_quotient_q_reg[19]/RD
                                2.00           3.16          -1.16  (VIOLATED)
       PIN :   ibex_top_inst/u_ibex_core/load_store_unit_i/data_type_q_reg[0]/RD
                                2.00           3.16          -1.16  (VIOLATED)
       PIN :   ibex_top_inst/u_ibex_core/id_stage_i/imd_val_q_reg[1][1]/RD
                                2.00           3.16          -1.16  (VIOLATED)
       PIN :   ibex_top_inst/u_ibex_core/load_store_unit_i/ls_fsm_cs_reg[2]/RD
                                2.00           3.16          -1.16  (VIOLATED)
       PIN :   ibex_top_inst/u_ibex_core/ex_block_i/gen_multdiv_fast.multdiv_i/op_quotient_q_reg[30]/RD
                                2.00           3.16          -1.16  (VIOLATED)
       PIN :   ibex_top_inst/u_ibex_core/ex_block_i/gen_multdiv_fast.multdiv_i/op_quotient_q_reg[29]/RD
                                2.00           3.16          -1.16  (VIOLATED)
       PIN :   ibex_top_inst/u_ibex_core/ex_block_i/gen_multdiv_fast.multdiv_i/op_quotient_q_reg[28]/RD
                                2.00           3.16          -1.16  (VIOLATED)
       PIN :   ibex_top_inst/u_ibex_core/ex_block_i/gen_multdiv_fast.multdiv_i/op_quotient_q_reg[25]/RD
                                2.00           3.16          -1.16  (VIOLATED)
       PIN :   ibex_top_inst/u_ibex_core/ex_block_i/gen_multdiv_fast.multdiv_i/op_quotient_q_reg[23]/RD
                                2.00           3.16          -1.16  (VIOLATED)
       PIN :   ibex_top_inst/u_ibex_core/ex_block_i/gen_multdiv_fast.multdiv_i/op_quotient_q_reg[22]/RD
                                2.00           3.16          -1.16  (VIOLATED)
       PIN :   ibex_top_inst/u_ibex_core/ex_block_i/gen_multdiv_fast.multdiv_i/op_quotient_q_reg[21]/RD
                                2.00           3.16          -1.16  (VIOLATED)
       PIN :   ibex_top_inst/u_ibex_core/ex_block_i/gen_multdiv_fast.multdiv_i/op_quotient_q_reg[18]/RD
                                2.00           3.16          -1.16  (VIOLATED)
       PIN :   ibex_top_inst/u_ibex_core/ex_block_i/gen_multdiv_fast.multdiv_i/op_quotient_q_reg[17]/RD
                                2.00           3.16          -1.16  (VIOLATED)
       PIN :   ibex_top_inst/u_ibex_core/ex_block_i/gen_multdiv_fast.multdiv_i/op_quotient_q_reg[15]/RD
                                2.00           3.16          -1.16  (VIOLATED)
       PIN :   ibex_top_inst/u_ibex_core/ex_block_i/gen_multdiv_fast.multdiv_i/op_quotient_q_reg[14]/RD
                                2.00           3.16          -1.16  (VIOLATED)
       PIN :   ibex_top_inst/u_ibex_core/ex_block_i/gen_multdiv_fast.multdiv_i/op_quotient_q_reg[13]/RD
                                2.00           3.16          -1.16  (VIOLATED)
       PIN :   ibex_top_inst/u_ibex_core/ex_block_i/gen_multdiv_fast.multdiv_i/op_quotient_q_reg[12]/RD
                                2.00           3.16          -1.16  (VIOLATED)
       PIN :   ibex_top_inst/u_ibex_core/ex_block_i/gen_multdiv_fast.multdiv_i/op_quotient_q_reg[9]/RD
                                2.00           3.16          -1.16  (VIOLATED)
       PIN :   ibex_top_inst/u_ibex_core/ex_block_i/gen_multdiv_fast.multdiv_i/op_quotient_q_reg[8]/RD
                                2.00           3.16          -1.16  (VIOLATED)
       PIN :   ibex_top_inst/u_ibex_core/ex_block_i/gen_multdiv_fast.multdiv_i/op_quotient_q_reg[3]/RD
                                2.00           3.16          -1.16  (VIOLATED)
       PIN :   ibex_top_inst/u_ibex_core/ex_block_i/gen_multdiv_fast.multdiv_i/op_quotient_q_reg[0]/RD
                                2.00           3.16          -1.16  (VIOLATED)
       PIN :   ibex_top_inst/u_ibex_core/ex_block_i/gen_multdiv_fast.multdiv_i/div_counter_q_reg[3]/RD
                                2.00           3.16          -1.16  (VIOLATED)
       PIN :   ibex_top_inst/u_ibex_core/ex_block_i/gen_multdiv_fast.multdiv_i/div_counter_q_reg[1]/RD
                                2.00           3.16          -1.16  (VIOLATED)
       PIN :   ibex_top_inst/u_ibex_core/ex_block_i/gen_multdiv_fast.multdiv_i/div_counter_q_reg[4]/RD
                                2.00           3.16          -1.16  (VIOLATED)
       PIN :   ibex_top_inst/u_ibex_core/ex_block_i/gen_multdiv_fast.multdiv_i/div_counter_q_reg[0]/RD
                                2.00           3.16          -1.16  (VIOLATED)
       PIN :   ibex_top_inst/u_ibex_core/ex_block_i/gen_multdiv_fast.multdiv_i/div_by_zero_q_reg/RD
                                2.00           3.16          -1.16  (VIOLATED)
       PIN :   ibex_top_inst/u_ibex_core/ex_block_i/gen_multdiv_fast.multdiv_i/op_numerator_q_reg[31]/RD
                                2.00           3.16          -1.16  (VIOLATED)
       PIN :   ibex_top_inst/u_ibex_core/ex_block_i/gen_multdiv_fast.multdiv_i/op_numerator_q_reg[30]/RD
                                2.00           3.16          -1.16  (VIOLATED)
       PIN :   ibex_top_inst/u_ibex_core/ex_block_i/gen_multdiv_fast.multdiv_i/op_numerator_q_reg[29]/RD
                                2.00           3.16          -1.16  (VIOLATED)
       PIN :   ibex_top_inst/u_ibex_core/ex_block_i/gen_multdiv_fast.multdiv_i/op_numerator_q_reg[28]/RD
                                2.00           3.16          -1.16  (VIOLATED)
       PIN :   ibex_top_inst/u_ibex_core/ex_block_i/gen_multdiv_fast.multdiv_i/op_numerator_q_reg[27]/RD
                                2.00           3.16          -1.16  (VIOLATED)
       PIN :   ibex_top_inst/u_ibex_core/ex_block_i/gen_multdiv_fast.multdiv_i/op_numerator_q_reg[26]/RD
                                2.00           3.16          -1.16  (VIOLATED)
       PIN :   ibex_top_inst/u_ibex_core/ex_block_i/gen_multdiv_fast.multdiv_i/op_numerator_q_reg[25]/RD
                                2.00           3.16          -1.16  (VIOLATED)
       PIN :   ibex_top_inst/u_ibex_core/ex_block_i/gen_multdiv_fast.multdiv_i/op_numerator_q_reg[24]/RD
                                2.00           3.16          -1.16  (VIOLATED)
       PIN :   ibex_top_inst/u_ibex_core/ex_block_i/gen_multdiv_fast.multdiv_i/op_numerator_q_reg[22]/RD
                                2.00           3.16          -1.16  (VIOLATED)
       PIN :   ibex_top_inst/u_ibex_core/ex_block_i/gen_multdiv_fast.multdiv_i/op_numerator_q_reg[21]/RD
                                2.00           3.16          -1.16  (VIOLATED)
       PIN :   ibex_top_inst/u_ibex_core/ex_block_i/gen_multdiv_fast.multdiv_i/op_numerator_q_reg[20]/RD
                                2.00           3.16          -1.16  (VIOLATED)
       PIN :   ibex_top_inst/u_ibex_core/ex_block_i/gen_multdiv_fast.multdiv_i/op_numerator_q_reg[19]/RD
                                2.00           3.16          -1.16  (VIOLATED)
       PIN :   ibex_top_inst/u_ibex_core/ex_block_i/gen_multdiv_fast.multdiv_i/op_numerator_q_reg[18]/RD
                                2.00           3.16          -1.16  (VIOLATED)
       PIN :   ibex_top_inst/u_ibex_core/ex_block_i/gen_multdiv_fast.multdiv_i/op_numerator_q_reg[17]/RD
                                2.00           3.16          -1.16  (VIOLATED)
       PIN :   ibex_top_inst/u_ibex_core/ex_block_i/gen_multdiv_fast.multdiv_i/op_numerator_q_reg[16]/RD
                                2.00           3.16          -1.16  (VIOLATED)
       PIN :   ibex_top_inst/u_ibex_core/ex_block_i/gen_multdiv_fast.multdiv_i/op_numerator_q_reg[15]/RD
                                2.00           3.16          -1.16  (VIOLATED)
       PIN :   ibex_top_inst/u_ibex_core/ex_block_i/gen_multdiv_fast.multdiv_i/op_numerator_q_reg[14]/RD
                                2.00           3.16          -1.16  (VIOLATED)
       PIN :   ibex_top_inst/u_ibex_core/ex_block_i/gen_multdiv_fast.multdiv_i/op_numerator_q_reg[13]/RD
                                2.00           3.16          -1.16  (VIOLATED)
       PIN :   ibex_top_inst/u_ibex_core/ex_block_i/gen_multdiv_fast.multdiv_i/op_numerator_q_reg[12]/RD
                                2.00           3.16          -1.16  (VIOLATED)
       PIN :   ibex_top_inst/u_ibex_core/ex_block_i/gen_multdiv_fast.multdiv_i/op_numerator_q_reg[11]/RD
                                2.00           3.16          -1.16  (VIOLATED)
       PIN :   ibex_top_inst/u_ibex_core/ex_block_i/gen_multdiv_fast.multdiv_i/op_numerator_q_reg[10]/RD
                                2.00           3.16          -1.16  (VIOLATED)
       PIN :   ibex_top_inst/u_ibex_core/ex_block_i/gen_multdiv_fast.multdiv_i/op_numerator_q_reg[9]/RD
                                2.00           3.16          -1.16  (VIOLATED)
       PIN :   ibex_top_inst/u_ibex_core/ex_block_i/gen_multdiv_fast.multdiv_i/op_numerator_q_reg[7]/RD
                                2.00           3.16          -1.16  (VIOLATED)
       PIN :   ibex_top_inst/u_ibex_core/ex_block_i/gen_multdiv_fast.multdiv_i/op_numerator_q_reg[6]/RD
                                2.00           3.16          -1.16  (VIOLATED)
       PIN :   ibex_top_inst/u_ibex_core/ex_block_i/gen_multdiv_fast.multdiv_i/op_numerator_q_reg[5]/RD
                                2.00           3.16          -1.16  (VIOLATED)
       PIN :   ibex_top_inst/u_ibex_core/ex_block_i/gen_multdiv_fast.multdiv_i/op_numerator_q_reg[4]/RD
                                2.00           3.16          -1.16  (VIOLATED)
       PIN :   ibex_top_inst/u_ibex_core/ex_block_i/gen_multdiv_fast.multdiv_i/op_numerator_q_reg[3]/RD
                                2.00           3.16          -1.16  (VIOLATED)
       PIN :   ibex_top_inst/u_ibex_core/ex_block_i/gen_multdiv_fast.multdiv_i/op_numerator_q_reg[2]/RD
                                2.00           3.16          -1.16  (VIOLATED)
       PIN :   ibex_top_inst/u_ibex_core/ex_block_i/gen_multdiv_fast.multdiv_i/op_numerator_q_reg[1]/RD
                                2.00           3.16          -1.16  (VIOLATED)
       PIN :   ibex_top_inst/u_ibex_core/load_store_unit_i/data_type_q_reg[1]/RD
                                2.00           3.16          -1.16  (VIOLATED)
       PIN :   ibex_top_inst/u_ibex_core/load_store_unit_i/data_we_q_reg/RD
                                2.00           3.16          -1.16  (VIOLATED)
       PIN :   ibex_top_inst/u_ibex_core/id_stage_i/imd_val_q_reg[1][30]/RD
                                2.00           3.16          -1.16  (VIOLATED)
       PIN :   ibex_top_inst/u_ibex_core/id_stage_i/imd_val_q_reg[1][29]/RD
                                2.00           3.16          -1.16  (VIOLATED)
       PIN :   ibex_top_inst/u_ibex_core/id_stage_i/imd_val_q_reg[1][28]/RD
                                2.00           3.16          -1.16  (VIOLATED)
       PIN :   ibex_top_inst/u_ibex_core/id_stage_i/imd_val_q_reg[1][27]/RD
                                2.00           3.16          -1.16  (VIOLATED)
       PIN :   ibex_top_inst/u_ibex_core/id_stage_i/imd_val_q_reg[1][26]/RD
                                2.00           3.16          -1.16  (VIOLATED)
       PIN :   ibex_top_inst/u_ibex_core/id_stage_i/imd_val_q_reg[1][25]/RD
                                2.00           3.16          -1.16  (VIOLATED)
       PIN :   ibex_top_inst/u_ibex_core/id_stage_i/imd_val_q_reg[1][23]/RD
                                2.00           3.16          -1.16  (VIOLATED)
       PIN :   ibex_top_inst/u_ibex_core/id_stage_i/imd_val_q_reg[1][22]/RD
                                2.00           3.16          -1.16  (VIOLATED)
       PIN :   ibex_top_inst/u_ibex_core/id_stage_i/imd_val_q_reg[1][21]/RD
                                2.00           3.16          -1.16  (VIOLATED)
       PIN :   ibex_top_inst/u_ibex_core/id_stage_i/imd_val_q_reg[1][20]/RD
                                2.00           3.16          -1.16  (VIOLATED)
       PIN :   ibex_top_inst/u_ibex_core/id_stage_i/imd_val_q_reg[1][19]/RD
                                2.00           3.16          -1.16  (VIOLATED)
       PIN :   ibex_top_inst/u_ibex_core/id_stage_i/imd_val_q_reg[1][18]/RD
                                2.00           3.16          -1.16  (VIOLATED)
       PIN :   ibex_top_inst/u_ibex_core/id_stage_i/imd_val_q_reg[1][17]/RD
                                2.00           3.16          -1.16  (VIOLATED)
       PIN :   ibex_top_inst/u_ibex_core/id_stage_i/imd_val_q_reg[1][16]/RD
                                2.00           3.16          -1.16  (VIOLATED)
       PIN :   ibex_top_inst/u_ibex_core/id_stage_i/imd_val_q_reg[1][15]/RD
                                2.00           3.16          -1.16  (VIOLATED)
       PIN :   ibex_top_inst/u_ibex_core/id_stage_i/imd_val_q_reg[1][14]/RD
                                2.00           3.16          -1.16  (VIOLATED)
       PIN :   ibex_top_inst/u_ibex_core/id_stage_i/imd_val_q_reg[1][13]/RD
                                2.00           3.16          -1.16  (VIOLATED)
       PIN :   ibex_top_inst/u_ibex_core/id_stage_i/imd_val_q_reg[1][12]/RD
                                2.00           3.16          -1.16  (VIOLATED)
       PIN :   ibex_top_inst/u_ibex_core/id_stage_i/imd_val_q_reg[1][11]/RD
                                2.00           3.16          -1.16  (VIOLATED)
       PIN :   ibex_top_inst/u_ibex_core/id_stage_i/imd_val_q_reg[1][10]/RD
                                2.00           3.16          -1.16  (VIOLATED)
       PIN :   ibex_top_inst/u_ibex_core/id_stage_i/imd_val_q_reg[1][8]/RD
                                2.00           3.16          -1.16  (VIOLATED)
       PIN :   ibex_top_inst/u_ibex_core/id_stage_i/imd_val_q_reg[1][7]/RD
                                2.00           3.16          -1.16  (VIOLATED)
       PIN :   ibex_top_inst/u_ibex_core/id_stage_i/imd_val_q_reg[1][6]/RD
                                2.00           3.16          -1.16  (VIOLATED)
       PIN :   ibex_top_inst/u_ibex_core/id_stage_i/imd_val_q_reg[1][5]/RD
                                2.00           3.16          -1.16  (VIOLATED)
       PIN :   ibex_top_inst/u_ibex_core/id_stage_i/imd_val_q_reg[1][4]/RD
                                2.00           3.16          -1.16  (VIOLATED)
       PIN :   ibex_top_inst/u_ibex_core/id_stage_i/imd_val_q_reg[1][3]/RD
                                2.00           3.16          -1.16  (VIOLATED)
       PIN :   ibex_top_inst/u_ibex_core/id_stage_i/imd_val_q_reg[1][2]/RD
                                2.00           3.16          -1.16  (VIOLATED)
       PIN :   ibex_top_inst/u_ibex_core/id_stage_i/branch_jump_set_done_q_reg/RD
                                2.00           3.16          -1.16  (VIOLATED)
       PIN :   ibex_top_inst/u_ibex_core/id_stage_i/controller_i/enter_debug_mode_prio_q_reg/RD
                                2.00           3.16          -1.16  (VIOLATED)
       PIN :   ibex_top_inst/u_ibex_core/id_stage_i/controller_i/debug_cause_q_reg[2]/RD
                                2.00           3.16          -1.16  (VIOLATED)
       PIN :   ibex_top_inst/u_ibex_core/id_stage_i/controller_i/debug_cause_q_reg[1]/RD
                                2.00           3.16          -1.16  (VIOLATED)
       PIN :   ibex_top_inst/u_ibex_core/load_store_unit_i/rdata_q_reg[9]/RD
                                2.00           3.16          -1.16  (VIOLATED)
       PIN :   ibex_top_inst/u_ibex_core/load_store_unit_i/rdata_q_reg[10]/RD
                                2.00           3.16          -1.16  (VIOLATED)
       PIN :   ibex_top_inst/u_ibex_core/load_store_unit_i/rdata_q_reg[11]/RD
                                2.00           3.16          -1.16  (VIOLATED)
       PIN :   ibex_top_inst/u_ibex_core/load_store_unit_i/rdata_q_reg[12]/RD
                                2.00           3.16          -1.16  (VIOLATED)
       PIN :   ibex_top_inst/u_ibex_core/load_store_unit_i/rdata_q_reg[13]/RD
                                2.00           3.16          -1.16  (VIOLATED)
       PIN :   ibex_top_inst/u_ibex_core/load_store_unit_i/rdata_q_reg[15]/RD
                                2.00           3.16          -1.16  (VIOLATED)
       PIN :   ibex_top_inst/u_ibex_core/load_store_unit_i/rdata_q_reg[16]/RD
                                2.00           3.16          -1.16  (VIOLATED)
       PIN :   ibex_top_inst/u_ibex_core/load_store_unit_i/rdata_q_reg[17]/RD
                                2.00           3.16          -1.16  (VIOLATED)
       PIN :   ibex_top_inst/u_ibex_core/load_store_unit_i/rdata_q_reg[18]/RD
                                2.00           3.16          -1.16  (VIOLATED)
       PIN :   ibex_top_inst/u_ibex_core/load_store_unit_i/rdata_q_reg[19]/RD
                                2.00           3.16          -1.16  (VIOLATED)
       PIN :   ibex_top_inst/u_ibex_core/load_store_unit_i/rdata_q_reg[20]/RD
                                2.00           3.16          -1.16  (VIOLATED)
       PIN :   ibex_top_inst/u_ibex_core/load_store_unit_i/rdata_q_reg[21]/RD
                                2.00           3.16          -1.16  (VIOLATED)
       PIN :   ibex_top_inst/u_ibex_core/load_store_unit_i/rdata_q_reg[22]/RD
                                2.00           3.16          -1.16  (VIOLATED)
       PIN :   ibex_top_inst/u_ibex_core/load_store_unit_i/rdata_q_reg[23]/RD
                                2.00           3.16          -1.16  (VIOLATED)
       PIN :   ibex_top_inst/u_ibex_core/load_store_unit_i/rdata_q_reg[24]/RD
                                2.00           3.16          -1.16  (VIOLATED)
       PIN :   ibex_top_inst/u_ibex_core/load_store_unit_i/rdata_q_reg[25]/RD
                                2.00           3.16          -1.16  (VIOLATED)
       PIN :   ibex_top_inst/u_ibex_core/load_store_unit_i/rdata_q_reg[26]/RD
                                2.00           3.16          -1.16  (VIOLATED)
       PIN :   ibex_top_inst/u_ibex_core/load_store_unit_i/rdata_q_reg[27]/RD
                                2.00           3.16          -1.16  (VIOLATED)
       PIN :   ibex_top_inst/u_ibex_core/load_store_unit_i/rdata_q_reg[28]/RD
                                2.00           3.16          -1.16  (VIOLATED)
       PIN :   ibex_top_inst/u_ibex_core/load_store_unit_i/rdata_q_reg[30]/RD
                                2.00           3.16          -1.16  (VIOLATED)
       PIN :   ibex_top_inst/u_ibex_core/load_store_unit_i/rdata_q_reg[31]/RD
                                2.00           3.16          -1.16  (VIOLATED)
       PIN :   ibex_top_inst/u_ibex_core/load_store_unit_i/rdata_q_reg[8]/RD
                                2.00           3.16          -1.16  (VIOLATED)
       PIN :   ibex_top_inst/u_ibex_core/id_stage_i/controller_i/exc_req_q_reg/RD
                                2.00           3.16          -1.16  (VIOLATED)
       PIN :   ibex_top_inst/u_ibex_core/id_stage_i/controller_i/illegal_insn_q_reg/RD
                                2.00           3.16          -1.16  (VIOLATED)
       PIN :   ibex_top_inst/u_ibex_core/if_stage_i/gen_prefetch_buffer.prefetch_buffer_i/branch_discard_q_reg[1]/RD
                                2.00           3.16          -1.16  (VIOLATED)
       PIN :   ibex_top_inst/u_ibex_core/if_stage_i/gen_prefetch_buffer.prefetch_buffer_i/discard_req_q_reg/RD
                                2.00           3.16          -1.16  (VIOLATED)
       PIN :   ibex_top_inst/u_ibex_core/if_stage_i/gen_prefetch_buffer.prefetch_buffer_i/valid_req_q_reg/RD
                                2.00           3.16          -1.16  (VIOLATED)
       PIN :   ibex_top_inst/u_ibex_core/if_stage_i/gen_prefetch_buffer.prefetch_buffer_i/rdata_outstanding_q_reg[1]/RD
                                2.00           3.16          -1.16  (VIOLATED)
       PIN :   ibex_top_inst/u_ibex_core/ex_block_i/gen_multdiv_fast.multdiv_i/div_counter_q_reg[2]/RD
                                2.00           3.16          -1.16  (VIOLATED)
       PIN :   ibex_top_inst/u_ibex_core/if_stage_i/gen_prefetch_buffer.prefetch_buffer_i/fifo_i/valid_q_reg[0]/RD
                                2.00           3.16          -1.16  (VIOLATED)
       PIN :   ibex_top_inst/u_ibex_core/ex_block_i/gen_multdiv_fast.multdiv_i/md_state_q_reg[1]/RD
                                2.00           3.16          -1.16  (VIOLATED)
       PIN :   ibex_top_inst/u_ibex_core/ex_block_i/gen_multdiv_fast.multdiv_i/gen_mult_single_cycle.mult_state_q_reg/RD
                                2.00           3.16          -1.16  (VIOLATED)
       PIN :   ibex_top_inst/u_ibex_core/load_store_unit_i/ls_fsm_cs_reg[0]/RD
                                2.00           3.16          -1.16  (VIOLATED)
       PIN :   ibex_top_inst/u_ibex_core/if_stage_i/gen_prefetch_buffer.prefetch_buffer_i/fifo_i/valid_q_reg[2]/RD
                                2.00           3.16          -1.16  (VIOLATED)
       PIN :   ibex_top_inst/u_ibex_core/ex_block_i/gen_multdiv_fast.multdiv_i/op_quotient_q_reg[31]/RD
                                2.00           3.16          -1.16  (VIOLATED)
       PIN :   ibex_top_inst/u_ibex_core/ex_block_i/gen_multdiv_fast.multdiv_i/op_quotient_q_reg[16]/RD
                                2.00           3.16          -1.16  (VIOLATED)
       PIN :   ibex_top_inst/u_ibex_core/ex_block_i/gen_multdiv_fast.multdiv_i/op_quotient_q_reg[1]/RD
                                2.00           3.16          -1.16  (VIOLATED)
       PIN :   ibex_top_inst/u_ibex_core/ex_block_i/gen_multdiv_fast.multdiv_i/op_numerator_q_reg[23]/RD
                                2.00           3.16          -1.16  (VIOLATED)
       PIN :   ibex_top_inst/u_ibex_core/ex_block_i/gen_multdiv_fast.multdiv_i/op_numerator_q_reg[8]/RD
                                2.00           3.16          -1.16  (VIOLATED)
       PIN :   ibex_top_inst/u_ibex_core/load_store_unit_i/rdata_offset_q_reg[1]/RD
                                2.00           3.16          -1.16  (VIOLATED)
       PIN :   ibex_top_inst/u_ibex_core/load_store_unit_i/rdata_offset_q_reg[0]/RD
                                2.00           3.16          -1.16  (VIOLATED)
       PIN :   ibex_top_inst/u_ibex_core/id_stage_i/imd_val_q_reg[1][31]/RD
                                2.00           3.16          -1.16  (VIOLATED)
       PIN :   ibex_top_inst/u_ibex_core/id_stage_i/imd_val_q_reg[1][24]/RD
                                2.00           3.16          -1.16  (VIOLATED)
       PIN :   ibex_top_inst/u_ibex_core/id_stage_i/imd_val_q_reg[1][9]/RD
                                2.00           3.16          -1.16  (VIOLATED)
       PIN :   ibex_top_inst/u_ibex_core/id_stage_i/controller_i/do_single_step_q_reg/RD
                                2.00           3.16          -1.16  (VIOLATED)
       PIN :   ibex_top_inst/u_ibex_core/load_store_unit_i/rdata_q_reg[14]/RD
                                2.00           3.16          -1.16  (VIOLATED)
       PIN :   ibex_top_inst/u_ibex_core/load_store_unit_i/rdata_q_reg[29]/RD
                                2.00           3.16          -1.16  (VIOLATED)
       PIN :   ibex_top_inst/u_ibex_core/if_stage_i/gen_prefetch_buffer.prefetch_buffer_i/rdata_outstanding_q_reg[0]/RD
                                2.00           3.16          -1.16  (VIOLATED)
       PIN :   ibex_top_inst/u_ibex_core/id_stage_i/imd_val_q_reg[0][1]/RD
                                2.00           3.16          -1.16  (VIOLATED)
       PIN :   ibex_top_inst/u_ibex_core/id_stage_i/controller_i/ctrl_fsm_cs_reg[0]/RD
                                2.00           3.16          -1.16  (VIOLATED)
       PIN :   ibex_top_inst/u_ibex_core/if_stage_i/instr_valid_id_q_reg/RD
                                2.00           3.16          -1.16  (VIOLATED)
       PIN :   ibex_top_inst/u_ibex_core/if_stage_i/gen_prefetch_buffer.prefetch_buffer_i/fifo_i/valid_q_reg[1]/RD
                                2.00           3.16          -1.16  (VIOLATED)
       PIN :   ibex_top_inst/u_ibex_core/id_stage_i/controller_i/ctrl_fsm_cs_reg[1]/RD
                                2.00           3.16          -1.16  (VIOLATED)
       PIN :   ibex_top_inst/u_ibex_core/wb_stage_i/g_writeback_stage.wb_valid_q_reg/RD
                                2.00           3.16          -1.16  (VIOLATED)
       PIN :   ibex_top_inst/u_ibex_core/id_stage_i/controller_i/debug_mode_q_reg/RD
                                2.00           3.16          -1.16  (VIOLATED)
       PIN :   ibex_top_inst/u_ibex_core/load_store_unit_i/data_sign_ext_q_reg/RD
                                2.00           3.16          -1.16  (VIOLATED)
       PIN :   ibex_top_inst/u_ibex_core/load_store_unit_i/addr_last_q_reg[3]/RD
                                2.00           3.16          -1.16  (VIOLATED)
       PIN :   ibex_top_inst/u_ibex_core/load_store_unit_i/addr_last_q_reg[2]/RD
                                2.00           3.16          -1.16  (VIOLATED)
       PIN :   ibex_top_inst/u_ibex_core/load_store_unit_i/addr_last_q_reg[31]/RD
                                2.00           3.16          -1.16  (VIOLATED)
       PIN :   ibex_top_inst/u_ibex_core/load_store_unit_i/addr_last_q_reg[30]/RD
                                2.00           3.16          -1.16  (VIOLATED)
       PIN :   ibex_top_inst/u_ibex_core/load_store_unit_i/addr_last_q_reg[29]/RD
                                2.00           3.16          -1.16  (VIOLATED)
       PIN :   ibex_top_inst/u_ibex_core/load_store_unit_i/addr_last_q_reg[28]/RD
                                2.00           3.16          -1.16  (VIOLATED)
       PIN :   ibex_top_inst/u_ibex_core/load_store_unit_i/addr_last_q_reg[27]/RD
                                2.00           3.16          -1.16  (VIOLATED)
       PIN :   ibex_top_inst/u_ibex_core/load_store_unit_i/addr_last_q_reg[26]/RD
                                2.00           3.16          -1.16  (VIOLATED)
       PIN :   ibex_top_inst/u_ibex_core/load_store_unit_i/addr_last_q_reg[25]/RD
                                2.00           3.16          -1.16  (VIOLATED)
       PIN :   ibex_top_inst/u_ibex_core/load_store_unit_i/addr_last_q_reg[24]/RD
                                2.00           3.16          -1.16  (VIOLATED)
       PIN :   ibex_top_inst/u_ibex_core/load_store_unit_i/addr_last_q_reg[23]/RD
                                2.00           3.16          -1.16  (VIOLATED)
       PIN :   ibex_top_inst/u_ibex_core/load_store_unit_i/addr_last_q_reg[22]/RD
                                2.00           3.16          -1.16  (VIOLATED)
       PIN :   ibex_top_inst/u_ibex_core/load_store_unit_i/addr_last_q_reg[21]/RD
                                2.00           3.16          -1.16  (VIOLATED)
       PIN :   ibex_top_inst/u_ibex_core/load_store_unit_i/addr_last_q_reg[20]/RD
                                2.00           3.16          -1.16  (VIOLATED)
       PIN :   ibex_top_inst/u_ibex_core/load_store_unit_i/addr_last_q_reg[19]/RD
                                2.00           3.16          -1.16  (VIOLATED)
       PIN :   ibex_top_inst/u_ibex_core/load_store_unit_i/addr_last_q_reg[18]/RD
                                2.00           3.16          -1.16  (VIOLATED)
       PIN :   ibex_top_inst/u_ibex_core/load_store_unit_i/addr_last_q_reg[17]/RD
                                2.00           3.16          -1.16  (VIOLATED)
       PIN :   ibex_top_inst/u_ibex_core/load_store_unit_i/addr_last_q_reg[16]/RD
                                2.00           3.16          -1.16  (VIOLATED)
       PIN :   ibex_top_inst/u_ibex_core/load_store_unit_i/addr_last_q_reg[15]/RD
                                2.00           3.16          -1.16  (VIOLATED)
       PIN :   ibex_top_inst/u_ibex_core/load_store_unit_i/addr_last_q_reg[14]/RD
                                2.00           3.16          -1.16  (VIOLATED)
       PIN :   ibex_top_inst/u_ibex_core/load_store_unit_i/addr_last_q_reg[13]/RD
                                2.00           3.16          -1.16  (VIOLATED)
       PIN :   ibex_top_inst/u_ibex_core/load_store_unit_i/addr_last_q_reg[12]/RD
                                2.00           3.16          -1.16  (VIOLATED)
       PIN :   ibex_top_inst/u_ibex_core/load_store_unit_i/addr_last_q_reg[11]/RD
                                2.00           3.16          -1.16  (VIOLATED)
       PIN :   ibex_top_inst/u_ibex_core/load_store_unit_i/addr_last_q_reg[10]/RD
                                2.00           3.16          -1.16  (VIOLATED)
       PIN :   ibex_top_inst/u_ibex_core/load_store_unit_i/addr_last_q_reg[9]/RD
                                2.00           3.16          -1.16  (VIOLATED)
       PIN :   ibex_top_inst/u_ibex_core/load_store_unit_i/addr_last_q_reg[8]/RD
                                2.00           3.16          -1.16  (VIOLATED)
       PIN :   ibex_top_inst/u_ibex_core/load_store_unit_i/addr_last_q_reg[7]/RD
                                2.00           3.16          -1.16  (VIOLATED)
       PIN :   ibex_top_inst/u_ibex_core/load_store_unit_i/addr_last_q_reg[6]/RD
                                2.00           3.16          -1.16  (VIOLATED)
       PIN :   ibex_top_inst/u_ibex_core/load_store_unit_i/addr_last_q_reg[5]/RD
                                2.00           3.16          -1.16  (VIOLATED)
       PIN :   ibex_top_inst/u_ibex_core/load_store_unit_i/addr_last_q_reg[4]/RD
                                2.00           3.16          -1.16  (VIOLATED)
       PIN :   ibex_top_inst/u_ibex_core/id_stage_i/imd_val_q_reg[0][14]/RD
                                2.00           3.16          -1.16  (VIOLATED)
       PIN :   ibex_top_inst/u_ibex_core/id_stage_i/imd_val_q_reg[0][13]/RD
                                2.00           3.16          -1.16  (VIOLATED)
       PIN :   ibex_top_inst/u_ibex_core/id_stage_i/imd_val_q_reg[0][12]/RD
                                2.00           3.16          -1.16  (VIOLATED)
       PIN :   ibex_top_inst/u_ibex_core/id_stage_i/imd_val_q_reg[0][11]/RD
                                2.00           3.16          -1.16  (VIOLATED)
       PIN :   ibex_top_inst/u_ibex_core/id_stage_i/imd_val_q_reg[0][10]/RD
                                2.00           3.16          -1.16  (VIOLATED)
       PIN :   ibex_top_inst/u_ibex_core/id_stage_i/imd_val_q_reg[0][9]/RD
                                2.00           3.16          -1.16  (VIOLATED)
       PIN :   ibex_top_inst/u_ibex_core/id_stage_i/imd_val_q_reg[0][8]/RD
                                2.00           3.16          -1.16  (VIOLATED)
       PIN :   ibex_top_inst/u_ibex_core/id_stage_i/imd_val_q_reg[0][7]/RD
                                2.00           3.16          -1.16  (VIOLATED)
       PIN :   ibex_top_inst/u_ibex_core/id_stage_i/imd_val_q_reg[0][6]/RD
                                2.00           3.16          -1.16  (VIOLATED)
       PIN :   ibex_top_inst/u_ibex_core/id_stage_i/imd_val_q_reg[0][5]/RD
                                2.00           3.16          -1.16  (VIOLATED)
       PIN :   ibex_top_inst/u_ibex_core/id_stage_i/imd_val_q_reg[0][4]/RD
                                2.00           3.16          -1.16  (VIOLATED)
       PIN :   ibex_top_inst/u_ibex_core/id_stage_i/imd_val_q_reg[0][3]/RD
                                2.00           3.16          -1.16  (VIOLATED)
       PIN :   ibex_top_inst/u_ibex_core/id_stage_i/imd_val_q_reg[0][2]/RD
                                2.00           3.16          -1.16  (VIOLATED)
       PIN :   ibex_top_inst/u_ibex_core/id_stage_i/imd_val_q_reg[0][16]/RD
                                2.00           3.16          -1.16  (VIOLATED)
       PIN :   ibex_top_inst/u_ibex_core/id_stage_i/imd_val_q_reg[0][17]/RD
                                2.00           3.16          -1.16  (VIOLATED)
       PIN :   ibex_top_inst/u_ibex_core/id_stage_i/imd_val_q_reg[0][18]/RD
                                2.00           3.16          -1.16  (VIOLATED)
       PIN :   ibex_top_inst/u_ibex_core/id_stage_i/imd_val_q_reg[0][19]/RD
                                2.00           3.16          -1.16  (VIOLATED)
       PIN :   ibex_top_inst/u_ibex_core/id_stage_i/imd_val_q_reg[0][20]/RD
                                2.00           3.16          -1.16  (VIOLATED)
       PIN :   ibex_top_inst/u_ibex_core/id_stage_i/imd_val_q_reg[0][21]/RD
                                2.00           3.16          -1.16  (VIOLATED)
       PIN :   ibex_top_inst/u_ibex_core/id_stage_i/imd_val_q_reg[0][22]/RD
                                2.00           3.16          -1.16  (VIOLATED)
       PIN :   ibex_top_inst/u_ibex_core/id_stage_i/imd_val_q_reg[0][23]/RD
                                2.00           3.16          -1.16  (VIOLATED)
       PIN :   ibex_top_inst/u_ibex_core/id_stage_i/imd_val_q_reg[0][24]/RD
                                2.00           3.16          -1.16  (VIOLATED)
       PIN :   ibex_top_inst/u_ibex_core/id_stage_i/imd_val_q_reg[0][25]/RD
                                2.00           3.16          -1.16  (VIOLATED)
       PIN :   ibex_top_inst/u_ibex_core/id_stage_i/imd_val_q_reg[0][26]/RD
                                2.00           3.16          -1.16  (VIOLATED)
       PIN :   ibex_top_inst/u_ibex_core/id_stage_i/imd_val_q_reg[0][27]/RD
                                2.00           3.16          -1.16  (VIOLATED)
       PIN :   ibex_top_inst/u_ibex_core/id_stage_i/imd_val_q_reg[0][28]/RD
                                2.00           3.16          -1.16  (VIOLATED)
       PIN :   ibex_top_inst/u_ibex_core/id_stage_i/imd_val_q_reg[0][29]/RD
                                2.00           3.16          -1.16  (VIOLATED)
       PIN :   ibex_top_inst/u_ibex_core/id_stage_i/imd_val_q_reg[0][30]/RD
                                2.00           3.16          -1.16  (VIOLATED)
       PIN :   ibex_top_inst/u_ibex_core/id_stage_i/imd_val_q_reg[0][32]/RD
                                2.00           3.16          -1.16  (VIOLATED)
       PIN :   ibex_top_inst/u_ibex_core/id_stage_i/imd_val_q_reg[0][15]/RD
                                2.00           3.16          -1.16  (VIOLATED)
       PIN :   ibex_top_inst/u_ibex_core/id_stage_i/imd_val_q_reg[0][31]/RD
                                2.00           3.16          -1.16  (VIOLATED)
       PIN :   ibex_top_inst/u_ibex_core/id_stage_i/imd_val_q_reg[0][33]/RD
                                2.00           3.16          -1.16  (VIOLATED)
       PIN :   ibex_top_inst/u_ibex_core/ex_block_i/gen_multdiv_fast.multdiv_i/op_quotient_q_reg[7]/RD
                                2.00           3.16          -1.16  (VIOLATED)
       PIN :   ibex_top_inst/u_ibex_core/ex_block_i/gen_multdiv_fast.multdiv_i/op_quotient_q_reg[10]/RD
                                2.00           3.16          -1.16  (VIOLATED)
       PIN :   ibex_top_inst/u_ibex_core/ex_block_i/gen_multdiv_fast.multdiv_i/op_quotient_q_reg[6]/RD
                                2.00           3.16          -1.16  (VIOLATED)
       PIN :   ibex_top_inst/u_ibex_core/ex_block_i/gen_multdiv_fast.multdiv_i/op_quotient_q_reg[5]/RD
                                2.00           3.16          -1.16  (VIOLATED)
       PIN :   ibex_top_inst/u_ibex_core/ex_block_i/gen_multdiv_fast.multdiv_i/op_numerator_q_reg[0]/RD
                                2.00           3.16          -1.16  (VIOLATED)
       PIN :   ibex_top_inst/u_ibex_core/ex_block_i/gen_multdiv_fast.multdiv_i/op_quotient_q_reg[26]/RD
                                2.00           3.16          -1.16  (VIOLATED)
       PIN :   ibex_top_inst/u_ibex_core/ex_block_i/gen_multdiv_fast.multdiv_i/op_quotient_q_reg[4]/RD
                                2.00           3.16          -1.16  (VIOLATED)
       PIN :   ibex_top_inst/u_ibex_core/ex_block_i/gen_multdiv_fast.multdiv_i/op_quotient_q_reg[2]/RD
                                2.00           3.16          -1.16  (VIOLATED)
       PIN :   ibex_top_inst/u_ibex_core/ex_block_i/gen_multdiv_fast.multdiv_i/op_quotient_q_reg[27]/RD
                                2.00           3.16          -1.16  (VIOLATED)
       PIN :   ibex_top_inst/u_ibex_core/ex_block_i/gen_multdiv_fast.multdiv_i/op_quotient_q_reg[24]/RD
                                2.00           3.16          -1.16  (VIOLATED)
       PIN :   ibex_top_inst/u_ibex_core/ex_block_i/gen_multdiv_fast.multdiv_i/op_quotient_q_reg[20]/RD
                                2.00           3.16          -1.16  (VIOLATED)
       PIN :   ibex_top_inst/u_ibex_core/ex_block_i/gen_multdiv_fast.multdiv_i/op_quotient_q_reg[11]/RD
                                2.00           3.16          -1.16  (VIOLATED)
       PIN :   ibex_top_inst/u_ibex_core/id_stage_i/controller_i/debug_cause_q_reg[0]/RD
                                2.00           3.16          -1.16  (VIOLATED)
       PIN :   ibex_top_inst/core_busy_q_reg[0]/RD
                                2.00           3.16          -1.16  (VIOLATED)
       PIN :   ibex_top_inst/u_ibex_core/ex_block_i/gen_multdiv_fast.multdiv_i/md_state_q_reg[2]/RD
                                2.00           3.16          -1.16  (VIOLATED)
       PIN :   ibex_top_inst/u_ibex_core/id_stage_i/controller_i/ctrl_fsm_cs_reg[2]/RD
                                2.00           3.16          -1.16  (VIOLATED)
       PIN :   ibex_top_inst/u_ibex_core/id_stage_i/controller_i/ctrl_fsm_cs_reg[3]/RD
                                2.00           3.16          -1.16  (VIOLATED)
       PIN :   ibex_top_inst/u_ibex_core/if_stage_i/gen_prefetch_buffer.prefetch_buffer_i/branch_discard_q_reg[0]/RD
                                2.00           3.16          -1.16  (VIOLATED)
       PIN :   ibex_top_inst/u_ibex_core/load_store_unit_i/handle_misaligned_q_reg/RD
                                2.00           3.16          -1.16  (VIOLATED)
       PIN :   ibex_top_inst/u_ibex_core/load_store_unit_i/lsu_err_q_reg/RD
                                2.00           3.16          -1.16  (VIOLATED)
       PIN :   ibex_top_inst/u_ibex_core/id_stage_i/controller_i/load_err_q_reg/RD
                                2.00           3.16          -1.16  (VIOLATED)
       PIN :   ibex_top_inst/u_ibex_core/id_stage_i/controller_i/store_err_q_reg/RD
                                2.00           3.16          -1.16  (VIOLATED)
       PIN :   ibex_top_inst/u_ibex_core/load_store_unit_i/addr_last_q_reg[0]/RD
                                2.00           3.16          -1.16  (VIOLATED)
       PIN :   ibex_top_inst/u_ibex_core/load_store_unit_i/addr_last_q_reg[1]/RD
                                2.00           3.16          -1.16  (VIOLATED)
       PIN :   ibex_top_inst/u_ibex_core/id_stage_i/controller_i/nmi_mode_q_reg/RD
                                2.00           3.16          -1.16  (VIOLATED)
       PIN :   ibex_top_inst/u_ibex_core/id_stage_i/id_fsm_q_reg/RD
                                2.00           3.16          -1.16  (VIOLATED)
       PIN :   ibex_top_inst/u_ibex_core/id_stage_i/imd_val_q_reg[1][0]/RD
                                2.00           3.16          -1.16  (VIOLATED)
       PIN :   ibex_top_inst/u_ibex_core/id_stage_i/imd_val_q_reg[0][0]/RD
                                2.00           3.16          -1.16  (VIOLATED)
       PORT :  rst_ni           2.00           3.16          -1.16  (VIOLATED)
       PIN :   ibex_top_inst/gen_regfile_ff.register_file_i/g_rf_flops[31].rf_reg_q_reg[1]/RD
                                2.00           3.16          -1.16  (VIOLATED)
       PIN :   ibex_top_inst/gen_regfile_ff.register_file_i/g_rf_flops[31].rf_reg_q_reg[9]/RD
                                2.00           3.16          -1.16  (VIOLATED)
       PIN :   ibex_top_inst/gen_regfile_ff.register_file_i/g_rf_flops[31].rf_reg_q_reg[25]/RD
                                2.00           3.16          -1.16  (VIOLATED)
       PIN :   ibex_top_inst/gen_regfile_ff.register_file_i/g_rf_flops[30].rf_reg_q_reg[9]/RD
                                2.00           3.16          -1.16  (VIOLATED)
       PIN :   ibex_top_inst/gen_regfile_ff.register_file_i/g_rf_flops[30].rf_reg_q_reg[25]/RD
                                2.00           3.16          -1.16  (VIOLATED)
       PIN :   ibex_top_inst/gen_regfile_ff.register_file_i/g_rf_flops[29].rf_reg_q_reg[9]/RD
                                2.00           3.16          -1.16  (VIOLATED)
       PIN :   ibex_top_inst/gen_regfile_ff.register_file_i/g_rf_flops[29].rf_reg_q_reg[25]/RD
                                2.00           3.16          -1.16  (VIOLATED)
       PIN :   ibex_top_inst/gen_regfile_ff.register_file_i/g_rf_flops[28].rf_reg_q_reg[10]/RD
                                2.00           3.16          -1.16  (VIOLATED)
       PIN :   ibex_top_inst/gen_regfile_ff.register_file_i/g_rf_flops[28].rf_reg_q_reg[26]/RD
                                2.00           3.16          -1.16  (VIOLATED)
       PIN :   ibex_top_inst/gen_regfile_ff.register_file_i/g_rf_flops[27].rf_reg_q_reg[10]/RD
                                2.00           3.16          -1.16  (VIOLATED)
       PIN :   ibex_top_inst/gen_regfile_ff.register_file_i/g_rf_flops[27].rf_reg_q_reg[26]/RD
                                2.00           3.16          -1.16  (VIOLATED)
       PIN :   ibex_top_inst/gen_regfile_ff.register_file_i/g_rf_flops[26].rf_reg_q_reg[10]/RD
                                2.00           3.16          -1.16  (VIOLATED)
       PIN :   ibex_top_inst/gen_regfile_ff.register_file_i/g_rf_flops[26].rf_reg_q_reg[26]/RD
                                2.00           3.16          -1.16  (VIOLATED)
       PIN :   ibex_top_inst/gen_regfile_ff.register_file_i/g_rf_flops[25].rf_reg_q_reg[10]/RD
                                2.00           3.16          -1.16  (VIOLATED)
       PIN :   ibex_top_inst/gen_regfile_ff.register_file_i/g_rf_flops[25].rf_reg_q_reg[26]/RD
                                2.00           3.16          -1.16  (VIOLATED)
       PIN :   ibex_top_inst/gen_regfile_ff.register_file_i/g_rf_flops[24].rf_reg_q_reg[10]/RD
                                2.00           3.16          -1.16  (VIOLATED)
       PIN :   ibex_top_inst/gen_regfile_ff.register_file_i/g_rf_flops[24].rf_reg_q_reg[26]/RD
                                2.00           3.16          -1.16  (VIOLATED)
       PIN :   ibex_top_inst/gen_regfile_ff.register_file_i/g_rf_flops[23].rf_reg_q_reg[10]/RD
                                2.00           3.16          -1.16  (VIOLATED)
       PIN :   ibex_top_inst/gen_regfile_ff.register_file_i/g_rf_flops[23].rf_reg_q_reg[26]/RD
                                2.00           3.16          -1.16  (VIOLATED)
       PIN :   ibex_top_inst/gen_regfile_ff.register_file_i/g_rf_flops[22].rf_reg_q_reg[10]/RD
                                2.00           3.16          -1.16  (VIOLATED)
       PIN :   ibex_top_inst/gen_regfile_ff.register_file_i/g_rf_flops[22].rf_reg_q_reg[26]/RD
                                2.00           3.16          -1.16  (VIOLATED)
       PIN :   ibex_top_inst/gen_regfile_ff.register_file_i/g_rf_flops[21].rf_reg_q_reg[11]/RD
                                2.00           3.16          -1.16  (VIOLATED)
       PIN :   ibex_top_inst/gen_regfile_ff.register_file_i/g_rf_flops[21].rf_reg_q_reg[27]/RD
                                2.00           3.16          -1.16  (VIOLATED)
       PIN :   ibex_top_inst/gen_regfile_ff.register_file_i/g_rf_flops[20].rf_reg_q_reg[11]/RD
                                2.00           3.16          -1.16  (VIOLATED)
       PIN :   ibex_top_inst/gen_regfile_ff.register_file_i/g_rf_flops[20].rf_reg_q_reg[27]/RD
                                2.00           3.16          -1.16  (VIOLATED)
       PIN :   ibex_top_inst/gen_regfile_ff.register_file_i/g_rf_flops[19].rf_reg_q_reg[11]/RD
                                2.00           3.16          -1.16  (VIOLATED)
       PIN :   ibex_top_inst/gen_regfile_ff.register_file_i/g_rf_flops[19].rf_reg_q_reg[27]/RD
                                2.00           3.16          -1.16  (VIOLATED)
       PIN :   ibex_top_inst/gen_regfile_ff.register_file_i/g_rf_flops[18].rf_reg_q_reg[11]/RD
                                2.00           3.16          -1.16  (VIOLATED)
       PIN :   ibex_top_inst/gen_regfile_ff.register_file_i/g_rf_flops[18].rf_reg_q_reg[27]/RD
                                2.00           3.16          -1.16  (VIOLATED)
       PIN :   ibex_top_inst/gen_regfile_ff.register_file_i/g_rf_flops[17].rf_reg_q_reg[11]/RD
                                2.00           3.16          -1.16  (VIOLATED)
       PIN :   ibex_top_inst/gen_regfile_ff.register_file_i/g_rf_flops[17].rf_reg_q_reg[27]/RD
                                2.00           3.16          -1.16  (VIOLATED)
       PIN :   ibex_top_inst/gen_regfile_ff.register_file_i/g_rf_flops[16].rf_reg_q_reg[11]/RD
                                2.00           3.16          -1.16  (VIOLATED)
       PIN :   ibex_top_inst/gen_regfile_ff.register_file_i/g_rf_flops[16].rf_reg_q_reg[27]/RD
                                2.00           3.16          -1.16  (VIOLATED)
       PIN :   ibex_top_inst/gen_regfile_ff.register_file_i/g_rf_flops[15].rf_reg_q_reg[11]/RD
                                2.00           3.16          -1.16  (VIOLATED)
       PIN :   ibex_top_inst/gen_regfile_ff.register_file_i/g_rf_flops[15].rf_reg_q_reg[27]/RD
                                2.00           3.16          -1.16  (VIOLATED)
       PIN :   ibex_top_inst/gen_regfile_ff.register_file_i/g_rf_flops[14].rf_reg_q_reg[12]/RD
                                2.00           3.16          -1.16  (VIOLATED)
       PIN :   ibex_top_inst/gen_regfile_ff.register_file_i/g_rf_flops[14].rf_reg_q_reg[28]/RD
                                2.00           3.16          -1.16  (VIOLATED)
       PIN :   ibex_top_inst/gen_regfile_ff.register_file_i/g_rf_flops[13].rf_reg_q_reg[12]/RD
                                2.00           3.16          -1.16  (VIOLATED)
       PIN :   ibex_top_inst/gen_regfile_ff.register_file_i/g_rf_flops[13].rf_reg_q_reg[28]/RD
                                2.00           3.16          -1.16  (VIOLATED)
       PIN :   ibex_top_inst/gen_regfile_ff.register_file_i/g_rf_flops[12].rf_reg_q_reg[12]/RD
                                2.00           3.16          -1.16  (VIOLATED)
       PIN :   ibex_top_inst/gen_regfile_ff.register_file_i/g_rf_flops[12].rf_reg_q_reg[28]/RD
                                2.00           3.16          -1.16  (VIOLATED)
       PIN :   ibex_top_inst/gen_regfile_ff.register_file_i/g_rf_flops[11].rf_reg_q_reg[12]/RD
                                2.00           3.16          -1.16  (VIOLATED)
       PIN :   ibex_top_inst/gen_regfile_ff.register_file_i/g_rf_flops[11].rf_reg_q_reg[28]/RD
                                2.00           3.16          -1.16  (VIOLATED)
       PIN :   ibex_top_inst/gen_regfile_ff.register_file_i/g_rf_flops[10].rf_reg_q_reg[12]/RD
                                2.00           3.16          -1.16  (VIOLATED)
       PIN :   ibex_top_inst/gen_regfile_ff.register_file_i/g_rf_flops[10].rf_reg_q_reg[28]/RD
                                2.00           3.16          -1.16  (VIOLATED)
       PIN :   ibex_top_inst/gen_regfile_ff.register_file_i/g_rf_flops[9].rf_reg_q_reg[12]/RD
                                2.00           3.16          -1.16  (VIOLATED)
       PIN :   ibex_top_inst/gen_regfile_ff.register_file_i/g_rf_flops[9].rf_reg_q_reg[28]/RD
                                2.00           3.16          -1.16  (VIOLATED)
       PIN :   ibex_top_inst/gen_regfile_ff.register_file_i/g_rf_flops[8].rf_reg_q_reg[12]/RD
                                2.00           3.16          -1.16  (VIOLATED)
       PIN :   ibex_top_inst/gen_regfile_ff.register_file_i/g_rf_flops[8].rf_reg_q_reg[28]/RD
                                2.00           3.16          -1.16  (VIOLATED)
       PIN :   ibex_top_inst/gen_regfile_ff.register_file_i/g_rf_flops[7].rf_reg_q_reg[13]/RD
                                2.00           3.16          -1.16  (VIOLATED)
       PIN :   ibex_top_inst/gen_regfile_ff.register_file_i/g_rf_flops[7].rf_reg_q_reg[29]/RD
                                2.00           3.16          -1.16  (VIOLATED)
       PIN :   ibex_top_inst/gen_regfile_ff.register_file_i/g_rf_flops[6].rf_reg_q_reg[13]/RD
                                2.00           3.16          -1.16  (VIOLATED)
       PIN :   ibex_top_inst/gen_regfile_ff.register_file_i/g_rf_flops[6].rf_reg_q_reg[29]/RD
                                2.00           3.16          -1.16  (VIOLATED)
       PIN :   ibex_top_inst/gen_regfile_ff.register_file_i/g_rf_flops[5].rf_reg_q_reg[13]/RD
                                2.00           3.16          -1.16  (VIOLATED)
       PIN :   ibex_top_inst/gen_regfile_ff.register_file_i/g_rf_flops[5].rf_reg_q_reg[30]/RD
                                2.00           3.16          -1.16  (VIOLATED)
       PIN :   ibex_top_inst/gen_regfile_ff.register_file_i/g_rf_flops[4].rf_reg_q_reg[14]/RD
                                2.00           3.16          -1.16  (VIOLATED)
       PIN :   ibex_top_inst/gen_regfile_ff.register_file_i/g_rf_flops[4].rf_reg_q_reg[30]/RD
                                2.00           3.16          -1.16  (VIOLATED)
       PIN :   ibex_top_inst/gen_regfile_ff.register_file_i/g_rf_flops[3].rf_reg_q_reg[14]/RD
                                2.00           3.16          -1.16  (VIOLATED)
       PIN :   ibex_top_inst/gen_regfile_ff.register_file_i/g_rf_flops[3].rf_reg_q_reg[30]/RD
                                2.00           3.16          -1.16  (VIOLATED)
       PIN :   ibex_top_inst/gen_regfile_ff.register_file_i/g_rf_flops[2].rf_reg_q_reg[14]/RD
                                2.00           3.16          -1.16  (VIOLATED)
       PIN :   ibex_top_inst/gen_regfile_ff.register_file_i/g_rf_flops[2].rf_reg_q_reg[30]/RD
                                2.00           3.16          -1.16  (VIOLATED)
       PIN :   ibex_top_inst/gen_regfile_ff.register_file_i/g_rf_flops[1].rf_reg_q_reg[14]/RD
                                2.00           3.16          -1.16  (VIOLATED)
       PIN :   ibex_top_inst/gen_regfile_ff.register_file_i/g_rf_flops[1].rf_reg_q_reg[30]/RD
                                2.00           3.16          -1.16  (VIOLATED)
       PIN :   ibex_top_inst/gen_regfile_ff.register_file_i/g_rf_flops[5].rf_reg_q_reg[27]/RD
                                2.00           3.16          -1.16  (VIOLATED)
       PIN :   ibex_top_inst/gen_regfile_ff.register_file_i/g_rf_flops[31].rf_reg_q_reg[0]/RD
                                2.00           3.16          -1.16  (VIOLATED)
       PIN :   ibex_top_inst/gen_regfile_ff.register_file_i/g_rf_flops[31].rf_reg_q_reg[15]/RD
                                2.00           3.16          -1.16  (VIOLATED)
       PIN :   ibex_top_inst/gen_regfile_ff.register_file_i/g_rf_flops[31].rf_reg_q_reg[30]/RD
                                2.00           3.16          -1.16  (VIOLATED)
       PIN :   ibex_top_inst/gen_regfile_ff.register_file_i/g_rf_flops[30].rf_reg_q_reg[13]/RD
                                2.00           3.16          -1.16  (VIOLATED)
       PIN :   ibex_top_inst/gen_regfile_ff.register_file_i/g_rf_flops[30].rf_reg_q_reg[28]/RD
                                2.00           3.16          -1.16  (VIOLATED)
       PIN :   ibex_top_inst/gen_regfile_ff.register_file_i/g_rf_flops[29].rf_reg_q_reg[11]/RD
                                2.00           3.16          -1.16  (VIOLATED)
       PIN :   ibex_top_inst/gen_regfile_ff.register_file_i/g_rf_flops[29].rf_reg_q_reg[26]/RD
                                2.00           3.16          -1.16  (VIOLATED)
       PIN :   ibex_top_inst/gen_regfile_ff.register_file_i/g_rf_flops[28].rf_reg_q_reg[9]/RD
                                2.00           3.16          -1.16  (VIOLATED)
       PIN :   ibex_top_inst/gen_regfile_ff.register_file_i/g_rf_flops[28].rf_reg_q_reg[24]/RD
                                2.00           3.16          -1.16  (VIOLATED)
       PIN :   ibex_top_inst/gen_regfile_ff.register_file_i/g_rf_flops[27].rf_reg_q_reg[7]/RD
                                2.00           3.16          -1.16  (VIOLATED)
       PIN :   ibex_top_inst/gen_regfile_ff.register_file_i/g_rf_flops[27].rf_reg_q_reg[22]/RD
                                2.00           3.16          -1.16  (VIOLATED)
       PIN :   ibex_top_inst/gen_regfile_ff.register_file_i/g_rf_flops[26].rf_reg_q_reg[5]/RD
                                2.00           3.16          -1.16  (VIOLATED)
       PIN :   ibex_top_inst/gen_regfile_ff.register_file_i/g_rf_flops[26].rf_reg_q_reg[20]/RD
                                2.00           3.16          -1.16  (VIOLATED)
       PIN :   ibex_top_inst/gen_regfile_ff.register_file_i/g_rf_flops[25].rf_reg_q_reg[3]/RD
                                2.00           3.16          -1.16  (VIOLATED)
       PIN :   ibex_top_inst/gen_regfile_ff.register_file_i/g_rf_flops[25].rf_reg_q_reg[18]/RD
                                2.00           3.16          -1.16  (VIOLATED)
       PIN :   ibex_top_inst/gen_regfile_ff.register_file_i/g_rf_flops[24].rf_reg_q_reg[1]/RD
                                2.00           3.16          -1.16  (VIOLATED)
       PIN :   ibex_top_inst/gen_regfile_ff.register_file_i/g_rf_flops[24].rf_reg_q_reg[16]/RD
                                2.00           3.16          -1.16  (VIOLATED)
       PIN :   ibex_top_inst/gen_regfile_ff.register_file_i/g_rf_flops[24].rf_reg_q_reg[31]/RD
                                2.00           3.16          -1.16  (VIOLATED)
       PIN :   ibex_top_inst/gen_regfile_ff.register_file_i/g_rf_flops[23].rf_reg_q_reg[14]/RD
                                2.00           3.16          -1.16  (VIOLATED)
       PIN :   ibex_top_inst/gen_regfile_ff.register_file_i/g_rf_flops[23].rf_reg_q_reg[29]/RD
                                2.00           3.16          -1.16  (VIOLATED)
       PIN :   ibex_top_inst/gen_regfile_ff.register_file_i/g_rf_flops[22].rf_reg_q_reg[12]/RD
                                2.00           3.16          -1.16  (VIOLATED)
       PIN :   ibex_top_inst/gen_regfile_ff.register_file_i/g_rf_flops[22].rf_reg_q_reg[27]/RD
                                2.00           3.16          -1.16  (VIOLATED)
       PIN :   ibex_top_inst/gen_regfile_ff.register_file_i/g_rf_flops[21].rf_reg_q_reg[10]/RD
                                2.00           3.16          -1.16  (VIOLATED)
       PIN :   ibex_top_inst/gen_regfile_ff.register_file_i/g_rf_flops[21].rf_reg_q_reg[25]/RD
                                2.00           3.16          -1.16  (VIOLATED)
       PIN :   ibex_top_inst/gen_regfile_ff.register_file_i/g_rf_flops[20].rf_reg_q_reg[8]/RD
                                2.00           3.16          -1.16  (VIOLATED)
       PIN :   ibex_top_inst/gen_regfile_ff.register_file_i/g_rf_flops[20].rf_reg_q_reg[23]/RD
                                2.00           3.16          -1.16  (VIOLATED)
       PIN :   ibex_top_inst/gen_regfile_ff.register_file_i/g_rf_flops[19].rf_reg_q_reg[6]/RD
                                2.00           3.16          -1.16  (VIOLATED)
       PIN :   ibex_top_inst/gen_regfile_ff.register_file_i/g_rf_flops[19].rf_reg_q_reg[21]/RD
                                2.00           3.16          -1.16  (VIOLATED)
       PIN :   ibex_top_inst/gen_regfile_ff.register_file_i/g_rf_flops[18].rf_reg_q_reg[4]/RD
                                2.00           3.16          -1.16  (VIOLATED)
       PIN :   ibex_top_inst/gen_regfile_ff.register_file_i/g_rf_flops[18].rf_reg_q_reg[19]/RD
                                2.00           3.16          -1.16  (VIOLATED)
       PIN :   ibex_top_inst/gen_regfile_ff.register_file_i/g_rf_flops[17].rf_reg_q_reg[2]/RD
                                2.00           3.16          -1.16  (VIOLATED)
       PIN :   ibex_top_inst/gen_regfile_ff.register_file_i/g_rf_flops[17].rf_reg_q_reg[17]/RD
                                2.00           3.16          -1.16  (VIOLATED)
       PIN :   ibex_top_inst/gen_regfile_ff.register_file_i/g_rf_flops[16].rf_reg_q_reg[0]/RD
                                2.00           3.16          -1.16  (VIOLATED)
       PIN :   ibex_top_inst/gen_regfile_ff.register_file_i/g_rf_flops[16].rf_reg_q_reg[15]/RD
                                2.00           3.16          -1.16  (VIOLATED)
       PIN :   ibex_top_inst/gen_regfile_ff.register_file_i/g_rf_flops[16].rf_reg_q_reg[30]/RD
                                2.00           3.16          -1.16  (VIOLATED)
       PIN :   ibex_top_inst/gen_regfile_ff.register_file_i/g_rf_flops[15].rf_reg_q_reg[13]/RD
                                2.00           3.16          -1.16  (VIOLATED)
       PIN :   ibex_top_inst/gen_regfile_ff.register_file_i/g_rf_flops[15].rf_reg_q_reg[28]/RD
                                2.00           3.16          -1.16  (VIOLATED)
       PIN :   ibex_top_inst/gen_regfile_ff.register_file_i/g_rf_flops[14].rf_reg_q_reg[11]/RD
                                2.00           3.16          -1.16  (VIOLATED)
       PIN :   ibex_top_inst/gen_regfile_ff.register_file_i/g_rf_flops[14].rf_reg_q_reg[26]/RD
                                2.00           3.16          -1.16  (VIOLATED)
       PIN :   ibex_top_inst/gen_regfile_ff.register_file_i/g_rf_flops[13].rf_reg_q_reg[9]/RD
                                2.00           3.16          -1.16  (VIOLATED)
       PIN :   ibex_top_inst/gen_regfile_ff.register_file_i/g_rf_flops[13].rf_reg_q_reg[24]/RD
                                2.00           3.16          -1.16  (VIOLATED)
       PIN :   ibex_top_inst/gen_regfile_ff.register_file_i/g_rf_flops[12].rf_reg_q_reg[7]/RD
                                2.00           3.16          -1.16  (VIOLATED)
       PIN :   ibex_top_inst/gen_regfile_ff.register_file_i/g_rf_flops[12].rf_reg_q_reg[22]/RD
                                2.00           3.16          -1.16  (VIOLATED)
       PIN :   ibex_top_inst/gen_regfile_ff.register_file_i/g_rf_flops[11].rf_reg_q_reg[5]/RD
                                2.00           3.16          -1.16  (VIOLATED)
       PIN :   ibex_top_inst/gen_regfile_ff.register_file_i/g_rf_flops[11].rf_reg_q_reg[20]/RD
                                2.00           3.16          -1.16  (VIOLATED)
       PIN :   ibex_top_inst/gen_regfile_ff.register_file_i/g_rf_flops[10].rf_reg_q_reg[3]/RD
                                2.00           3.16          -1.16  (VIOLATED)
       PIN :   ibex_top_inst/gen_regfile_ff.register_file_i/g_rf_flops[10].rf_reg_q_reg[18]/RD
                                2.00           3.16          -1.16  (VIOLATED)
       PIN :   ibex_top_inst/gen_regfile_ff.register_file_i/g_rf_flops[9].rf_reg_q_reg[1]/RD
                                2.00           3.16          -1.16  (VIOLATED)
       PIN :   ibex_top_inst/gen_regfile_ff.register_file_i/g_rf_flops[9].rf_reg_q_reg[16]/RD
                                2.00           3.16          -1.16  (VIOLATED)
       PIN :   ibex_top_inst/gen_regfile_ff.register_file_i/g_rf_flops[9].rf_reg_q_reg[31]/RD
                                2.00           3.16          -1.16  (VIOLATED)
       PIN :   ibex_top_inst/gen_regfile_ff.register_file_i/g_rf_flops[8].rf_reg_q_reg[14]/RD
                                2.00           3.16          -1.16  (VIOLATED)
       PIN :   ibex_top_inst/gen_regfile_ff.register_file_i/g_rf_flops[8].rf_reg_q_reg[29]/RD
                                2.00           3.16          -1.16  (VIOLATED)
       PIN :   ibex_top_inst/gen_regfile_ff.register_file_i/g_rf_flops[7].rf_reg_q_reg[12]/RD
                                2.00           3.16          -1.16  (VIOLATED)
       PIN :   ibex_top_inst/gen_regfile_ff.register_file_i/g_rf_flops[7].rf_reg_q_reg[27]/RD
                                2.00           3.16          -1.16  (VIOLATED)
       PIN :   ibex_top_inst/gen_regfile_ff.register_file_i/g_rf_flops[6].rf_reg_q_reg[10]/RD
                                2.00           3.16          -1.16  (VIOLATED)
       PIN :   ibex_top_inst/gen_regfile_ff.register_file_i/g_rf_flops[6].rf_reg_q_reg[25]/RD
                                2.00           3.16          -1.16  (VIOLATED)
       PIN :   ibex_top_inst/gen_regfile_ff.register_file_i/g_rf_flops[5].rf_reg_q_reg[8]/RD
                                2.00           3.16          -1.16  (VIOLATED)
       PIN :   ibex_top_inst/gen_regfile_ff.register_file_i/g_rf_flops[5].rf_reg_q_reg[23]/RD
                                2.00           3.16          -1.16  (VIOLATED)
       PIN :   ibex_top_inst/gen_regfile_ff.register_file_i/g_rf_flops[4].rf_reg_q_reg[7]/RD
                                2.00           3.16          -1.16  (VIOLATED)
       PIN :   ibex_top_inst/gen_regfile_ff.register_file_i/g_rf_flops[4].rf_reg_q_reg[22]/RD
                                2.00           3.16          -1.16  (VIOLATED)
       PIN :   ibex_top_inst/gen_regfile_ff.register_file_i/g_rf_flops[3].rf_reg_q_reg[5]/RD
                                2.00           3.16          -1.16  (VIOLATED)
       PIN :   ibex_top_inst/gen_regfile_ff.register_file_i/g_rf_flops[3].rf_reg_q_reg[20]/RD
                                2.00           3.16          -1.16  (VIOLATED)
       PIN :   ibex_top_inst/gen_regfile_ff.register_file_i/g_rf_flops[2].rf_reg_q_reg[3]/RD
                                2.00           3.16          -1.16  (VIOLATED)
       PIN :   ibex_top_inst/gen_regfile_ff.register_file_i/g_rf_flops[2].rf_reg_q_reg[18]/RD
                                2.00           3.16          -1.16  (VIOLATED)
       PIN :   ibex_top_inst/gen_regfile_ff.register_file_i/g_rf_flops[1].rf_reg_q_reg[1]/RD
                                2.00           3.16          -1.16  (VIOLATED)
       PIN :   ibex_top_inst/gen_regfile_ff.register_file_i/g_rf_flops[1].rf_reg_q_reg[16]/RD
                                2.00           3.16          -1.16  (VIOLATED)
       PIN :   ibex_top_inst/gen_regfile_ff.register_file_i/g_rf_flops[1].rf_reg_q_reg[31]/RD
                                2.00           3.16          -1.16  (VIOLATED)
       PIN :   ibex_top_inst/gen_regfile_ff.register_file_i/g_rf_flops[3].rf_reg_q_reg[11]/RD
                                2.00           3.16          -1.16  (VIOLATED)
       PIN :   ibex_top_inst/gen_regfile_ff.register_file_i/g_rf_flops[18].rf_reg_q_reg[7]/RD
                                2.00           3.16          -1.16  (VIOLATED)
       PIN :   ibex_top_inst/gen_regfile_ff.register_file_i/g_rf_flops[1].rf_reg_q_reg[7]/RD
                                2.00           3.16          -1.16  (VIOLATED)
       PIN :   ibex_top_inst/gen_regfile_ff.register_file_i/g_rf_flops[30].rf_reg_q_reg[27]/RD
                                2.00           3.16          -1.16  (VIOLATED)
       PIN :   ibex_top_inst/gen_regfile_ff.register_file_i/g_rf_flops[1].rf_reg_q_reg[27]/RD
                                2.00           3.16          -1.16  (VIOLATED)
       PIN :   ibex_top_inst/gen_regfile_ff.register_file_i/g_rf_flops[13].rf_reg_q_reg[21]/RD
                                2.00           3.16          -1.16  (VIOLATED)
       PIN :   ibex_top_inst/gen_regfile_ff.register_file_i/g_rf_flops[1].rf_reg_q_reg[21]/RD
                                2.00           3.16          -1.16  (VIOLATED)
       PIN :   ibex_top_inst/gen_regfile_ff.register_file_i/g_rf_flops[27].rf_reg_q_reg[25]/RD
                                2.00           3.16          -1.16  (VIOLATED)
       PIN :   ibex_top_inst/gen_regfile_ff.register_file_i/g_rf_flops[15].rf_reg_q_reg[25]/RD
                                2.00           3.16          -1.16  (VIOLATED)
       PIN :   ibex_top_inst/gen_regfile_ff.register_file_i/g_rf_flops[18].rf_reg_q_reg[25]/RD
                                2.00           3.16          -1.16  (VIOLATED)
       PIN :   ibex_top_inst/gen_regfile_ff.register_file_i/g_rf_flops[1].rf_reg_q_reg[25]/RD
                                2.00           3.16          -1.16  (VIOLATED)
       PIN :   ibex_top_inst/gen_regfile_ff.register_file_i/g_rf_flops[8].rf_reg_q_reg[16]/RD
                                2.00           3.16          -1.16  (VIOLATED)
       PIN :   ibex_top_inst/gen_regfile_ff.register_file_i/g_rf_flops[16].rf_reg_q_reg[16]/RD
                                2.00           3.16          -1.16  (VIOLATED)
       PIN :   ibex_top_inst/gen_regfile_ff.register_file_i/g_rf_flops[12].rf_reg_q_reg[20]/RD
                                2.00           3.16          -1.16  (VIOLATED)
       PIN :   ibex_top_inst/gen_regfile_ff.register_file_i/g_rf_flops[16].rf_reg_q_reg[20]/RD
                                2.00           3.16          -1.16  (VIOLATED)
       PIN :   ibex_top_inst/gen_regfile_ff.register_file_i/g_rf_flops[1].rf_reg_q_reg[20]/RD
                                2.00           3.16          -1.16  (VIOLATED)
       PIN :   ibex_top_inst/gen_regfile_ff.register_file_i/g_rf_flops[17].rf_reg_q_reg[20]/RD
                                2.00           3.16          -1.16  (VIOLATED)
       PIN :   ibex_top_inst/gen_regfile_ff.register_file_i/g_rf_flops[1].rf_reg_q_reg[18]/RD
                                2.00           3.16          -1.16  (VIOLATED)
       PIN :   ibex_top_inst/gen_regfile_ff.register_file_i/g_rf_flops[18].rf_reg_q_reg[18]/RD
                                2.00           3.16          -1.16  (VIOLATED)
       PIN :   ibex_top_inst/gen_regfile_ff.register_file_i/g_rf_flops[1].rf_reg_q_reg[19]/RD
                                2.00           3.16          -1.16  (VIOLATED)
       PIN :   ibex_top_inst/gen_regfile_ff.register_file_i/g_rf_flops[20].rf_reg_q_reg[19]/RD
                                2.00           3.16          -1.16  (VIOLATED)
       PIN :   ibex_top_inst/gen_regfile_ff.register_file_i/g_rf_flops[1].rf_reg_q_reg[29]/RD
                                2.00           3.16          -1.16  (VIOLATED)
       PIN :   ibex_top_inst/gen_regfile_ff.register_file_i/g_rf_flops[1].rf_reg_q_reg[28]/RD
                                2.00           3.16          -1.16  (VIOLATED)
       PIN :   ibex_top_inst/gen_regfile_ff.register_file_i/g_rf_flops[1].rf_reg_q_reg[26]/RD
                                2.00           3.16          -1.16  (VIOLATED)
       PIN :   ibex_top_inst/gen_regfile_ff.register_file_i/g_rf_flops[1].rf_reg_q_reg[24]/RD
                                2.00           3.16          -1.16  (VIOLATED)
       PIN :   ibex_top_inst/gen_regfile_ff.register_file_i/g_rf_flops[1].rf_reg_q_reg[23]/RD
                                2.00           3.16          -1.16  (VIOLATED)
       PIN :   ibex_top_inst/gen_regfile_ff.register_file_i/g_rf_flops[1].rf_reg_q_reg[22]/RD
                                2.00           3.16          -1.16  (VIOLATED)
       PIN :   ibex_top_inst/gen_regfile_ff.register_file_i/g_rf_flops[1].rf_reg_q_reg[17]/RD
                                2.00           3.16          -1.16  (VIOLATED)
       PIN :   ibex_top_inst/gen_regfile_ff.register_file_i/g_rf_flops[1].rf_reg_q_reg[15]/RD
                                2.00           3.16          -1.16  (VIOLATED)
       PIN :   ibex_top_inst/gen_regfile_ff.register_file_i/g_rf_flops[1].rf_reg_q_reg[13]/RD
                                2.00           3.16          -1.16  (VIOLATED)
       PIN :   ibex_top_inst/gen_regfile_ff.register_file_i/g_rf_flops[1].rf_reg_q_reg[12]/RD
                                2.00           3.16          -1.16  (VIOLATED)
       PIN :   ibex_top_inst/gen_regfile_ff.register_file_i/g_rf_flops[1].rf_reg_q_reg[11]/RD
                                2.00           3.16          -1.16  (VIOLATED)
       PIN :   ibex_top_inst/gen_regfile_ff.register_file_i/g_rf_flops[1].rf_reg_q_reg[10]/RD
                                2.00           3.16          -1.16  (VIOLATED)
       PIN :   ibex_top_inst/gen_regfile_ff.register_file_i/g_rf_flops[1].rf_reg_q_reg[9]/RD
                                2.00           3.16          -1.16  (VIOLATED)
       PIN :   ibex_top_inst/gen_regfile_ff.register_file_i/g_rf_flops[1].rf_reg_q_reg[8]/RD
                                2.00           3.16          -1.16  (VIOLATED)
       PIN :   ibex_top_inst/gen_regfile_ff.register_file_i/g_rf_flops[1].rf_reg_q_reg[6]/RD
                                2.00           3.16          -1.16  (VIOLATED)
       PIN :   ibex_top_inst/gen_regfile_ff.register_file_i/g_rf_flops[1].rf_reg_q_reg[5]/RD
                                2.00           3.16          -1.16  (VIOLATED)
       PIN :   ibex_top_inst/gen_regfile_ff.register_file_i/g_rf_flops[1].rf_reg_q_reg[4]/RD
                                2.00           3.16          -1.16  (VIOLATED)
       PIN :   ibex_top_inst/gen_regfile_ff.register_file_i/g_rf_flops[1].rf_reg_q_reg[3]/RD
                                2.00           3.16          -1.16  (VIOLATED)
       PIN :   ibex_top_inst/gen_regfile_ff.register_file_i/g_rf_flops[1].rf_reg_q_reg[2]/RD
                                2.00           3.16          -1.16  (VIOLATED)
       PIN :   ibex_top_inst/gen_regfile_ff.register_file_i/g_rf_flops[1].rf_reg_q_reg[0]/RD
                                2.00           3.16          -1.16  (VIOLATED)
       PIN :   ibex_top_inst/gen_regfile_ff.register_file_i/g_rf_flops[2].rf_reg_q_reg[31]/RD
                                2.00           3.16          -1.16  (VIOLATED)
       PIN :   ibex_top_inst/gen_regfile_ff.register_file_i/g_rf_flops[2].rf_reg_q_reg[29]/RD
                                2.00           3.16          -1.16  (VIOLATED)
       PIN :   ibex_top_inst/gen_regfile_ff.register_file_i/g_rf_flops[2].rf_reg_q_reg[28]/RD
                                2.00           3.16          -1.16  (VIOLATED)
       PIN :   ibex_top_inst/gen_regfile_ff.register_file_i/g_rf_flops[2].rf_reg_q_reg[27]/RD
                                2.00           3.16          -1.16  (VIOLATED)
       PIN :   ibex_top_inst/gen_regfile_ff.register_file_i/g_rf_flops[2].rf_reg_q_reg[26]/RD
                                2.00           3.16          -1.16  (VIOLATED)
       PIN :   ibex_top_inst/gen_regfile_ff.register_file_i/g_rf_flops[2].rf_reg_q_reg[25]/RD
                                2.00           3.16          -1.16  (VIOLATED)
       PIN :   ibex_top_inst/gen_regfile_ff.register_file_i/g_rf_flops[2].rf_reg_q_reg[24]/RD
                                2.00           3.16          -1.16  (VIOLATED)
       PIN :   ibex_top_inst/gen_regfile_ff.register_file_i/g_rf_flops[2].rf_reg_q_reg[23]/RD
                                2.00           3.16          -1.16  (VIOLATED)
       PIN :   ibex_top_inst/gen_regfile_ff.register_file_i/g_rf_flops[2].rf_reg_q_reg[22]/RD
                                2.00           3.16          -1.16  (VIOLATED)
       PIN :   ibex_top_inst/gen_regfile_ff.register_file_i/g_rf_flops[2].rf_reg_q_reg[21]/RD
                                2.00           3.16          -1.16  (VIOLATED)
       PIN :   ibex_top_inst/gen_regfile_ff.register_file_i/g_rf_flops[2].rf_reg_q_reg[20]/RD
                                2.00           3.16          -1.16  (VIOLATED)
       PIN :   ibex_top_inst/gen_regfile_ff.register_file_i/g_rf_flops[2].rf_reg_q_reg[19]/RD
                                2.00           3.16          -1.16  (VIOLATED)
       PIN :   ibex_top_inst/gen_regfile_ff.register_file_i/g_rf_flops[2].rf_reg_q_reg[17]/RD
                                2.00           3.16          -1.16  (VIOLATED)
       PIN :   ibex_top_inst/gen_regfile_ff.register_file_i/g_rf_flops[2].rf_reg_q_reg[16]/RD
                                2.00           3.16          -1.16  (VIOLATED)
       PIN :   ibex_top_inst/gen_regfile_ff.register_file_i/g_rf_flops[2].rf_reg_q_reg[15]/RD
                                2.00           3.16          -1.16  (VIOLATED)
       PIN :   ibex_top_inst/gen_regfile_ff.register_file_i/g_rf_flops[2].rf_reg_q_reg[13]/RD
                                2.00           3.16          -1.16  (VIOLATED)
       PIN :   ibex_top_inst/gen_regfile_ff.register_file_i/g_rf_flops[2].rf_reg_q_reg[12]/RD
                                2.00           3.16          -1.16  (VIOLATED)
       PIN :   ibex_top_inst/gen_regfile_ff.register_file_i/g_rf_flops[2].rf_reg_q_reg[11]/RD
                                2.00           3.16          -1.16  (VIOLATED)
       PIN :   ibex_top_inst/gen_regfile_ff.register_file_i/g_rf_flops[2].rf_reg_q_reg[10]/RD
                                2.00           3.16          -1.16  (VIOLATED)
       PIN :   ibex_top_inst/gen_regfile_ff.register_file_i/g_rf_flops[2].rf_reg_q_reg[9]/RD
                                2.00           3.16          -1.16  (VIOLATED)
       PIN :   ibex_top_inst/gen_regfile_ff.register_file_i/g_rf_flops[2].rf_reg_q_reg[8]/RD
                                2.00           3.16          -1.16  (VIOLATED)
       PIN :   ibex_top_inst/gen_regfile_ff.register_file_i/g_rf_flops[2].rf_reg_q_reg[7]/RD
                                2.00           3.16          -1.16  (VIOLATED)
       PIN :   ibex_top_inst/gen_regfile_ff.register_file_i/g_rf_flops[2].rf_reg_q_reg[6]/RD
                                2.00           3.16          -1.16  (VIOLATED)
       PIN :   ibex_top_inst/gen_regfile_ff.register_file_i/g_rf_flops[2].rf_reg_q_reg[5]/RD
                                2.00           3.16          -1.16  (VIOLATED)
       PIN :   ibex_top_inst/gen_regfile_ff.register_file_i/g_rf_flops[2].rf_reg_q_reg[4]/RD
                                2.00           3.16          -1.16  (VIOLATED)
       PIN :   ibex_top_inst/gen_regfile_ff.register_file_i/g_rf_flops[2].rf_reg_q_reg[2]/RD
                                2.00           3.16          -1.16  (VIOLATED)
       PIN :   ibex_top_inst/gen_regfile_ff.register_file_i/g_rf_flops[2].rf_reg_q_reg[1]/RD
                                2.00           3.16          -1.16  (VIOLATED)
       PIN :   ibex_top_inst/gen_regfile_ff.register_file_i/g_rf_flops[2].rf_reg_q_reg[0]/RD
                                2.00           3.16          -1.16  (VIOLATED)
       PIN :   ibex_top_inst/gen_regfile_ff.register_file_i/g_rf_flops[3].rf_reg_q_reg[31]/RD
                                2.00           3.16          -1.16  (VIOLATED)
       PIN :   ibex_top_inst/gen_regfile_ff.register_file_i/g_rf_flops[3].rf_reg_q_reg[29]/RD
                                2.00           3.16          -1.16  (VIOLATED)
       PIN :   ibex_top_inst/gen_regfile_ff.register_file_i/g_rf_flops[3].rf_reg_q_reg[28]/RD
                                2.00           3.16          -1.16  (VIOLATED)
       PIN :   ibex_top_inst/gen_regfile_ff.register_file_i/g_rf_flops[3].rf_reg_q_reg[27]/RD
                                2.00           3.16          -1.16  (VIOLATED)
       PIN :   ibex_top_inst/gen_regfile_ff.register_file_i/g_rf_flops[3].rf_reg_q_reg[26]/RD
                                2.00           3.16          -1.16  (VIOLATED)
       PIN :   ibex_top_inst/gen_regfile_ff.register_file_i/g_rf_flops[3].rf_reg_q_reg[25]/RD
                                2.00           3.16          -1.16  (VIOLATED)
       PIN :   ibex_top_inst/gen_regfile_ff.register_file_i/g_rf_flops[3].rf_reg_q_reg[24]/RD
                                2.00           3.16          -1.16  (VIOLATED)
       PIN :   ibex_top_inst/gen_regfile_ff.register_file_i/g_rf_flops[3].rf_reg_q_reg[23]/RD
                                2.00           3.16          -1.16  (VIOLATED)
       PIN :   ibex_top_inst/gen_regfile_ff.register_file_i/g_rf_flops[3].rf_reg_q_reg[22]/RD
                                2.00           3.16          -1.16  (VIOLATED)
       PIN :   ibex_top_inst/gen_regfile_ff.register_file_i/g_rf_flops[3].rf_reg_q_reg[21]/RD
                                2.00           3.16          -1.16  (VIOLATED)
       PIN :   ibex_top_inst/gen_regfile_ff.register_file_i/g_rf_flops[3].rf_reg_q_reg[19]/RD
                                2.00           3.16          -1.16  (VIOLATED)
       PIN :   ibex_top_inst/gen_regfile_ff.register_file_i/g_rf_flops[3].rf_reg_q_reg[18]/RD
                                2.00           3.16          -1.16  (VIOLATED)
       PIN :   ibex_top_inst/gen_regfile_ff.register_file_i/g_rf_flops[3].rf_reg_q_reg[17]/RD
                                2.00           3.16          -1.16  (VIOLATED)
       PIN :   ibex_top_inst/gen_regfile_ff.register_file_i/g_rf_flops[3].rf_reg_q_reg[16]/RD
                                2.00           3.16          -1.16  (VIOLATED)
       PIN :   ibex_top_inst/gen_regfile_ff.register_file_i/g_rf_flops[3].rf_reg_q_reg[15]/RD
                                2.00           3.16          -1.16  (VIOLATED)
       PIN :   ibex_top_inst/gen_regfile_ff.register_file_i/g_rf_flops[3].rf_reg_q_reg[13]/RD
                                2.00           3.16          -1.16  (VIOLATED)
       PIN :   ibex_top_inst/gen_regfile_ff.register_file_i/g_rf_flops[3].rf_reg_q_reg[12]/RD
                                2.00           3.16          -1.16  (VIOLATED)
       PIN :   ibex_top_inst/gen_regfile_ff.register_file_i/g_rf_flops[3].rf_reg_q_reg[10]/RD
                                2.00           3.16          -1.16  (VIOLATED)
       PIN :   ibex_top_inst/gen_regfile_ff.register_file_i/g_rf_flops[3].rf_reg_q_reg[9]/RD
                                2.00           3.16          -1.16  (VIOLATED)
       PIN :   ibex_top_inst/gen_regfile_ff.register_file_i/g_rf_flops[3].rf_reg_q_reg[8]/RD
                                2.00           3.16          -1.16  (VIOLATED)
       PIN :   ibex_top_inst/gen_regfile_ff.register_file_i/g_rf_flops[3].rf_reg_q_reg[7]/RD
                                2.00           3.16          -1.16  (VIOLATED)
       PIN :   ibex_top_inst/gen_regfile_ff.register_file_i/g_rf_flops[3].rf_reg_q_reg[6]/RD
                                2.00           3.16          -1.16  (VIOLATED)
       PIN :   ibex_top_inst/gen_regfile_ff.register_file_i/g_rf_flops[3].rf_reg_q_reg[4]/RD
                                2.00           3.16          -1.16  (VIOLATED)
       PIN :   ibex_top_inst/gen_regfile_ff.register_file_i/g_rf_flops[3].rf_reg_q_reg[3]/RD
                                2.00           3.16          -1.16  (VIOLATED)
       PIN :   ibex_top_inst/gen_regfile_ff.register_file_i/g_rf_flops[3].rf_reg_q_reg[2]/RD
                                2.00           3.16          -1.16  (VIOLATED)
       PIN :   ibex_top_inst/gen_regfile_ff.register_file_i/g_rf_flops[3].rf_reg_q_reg[1]/RD
                                2.00           3.16          -1.16  (VIOLATED)
       PIN :   ibex_top_inst/gen_regfile_ff.register_file_i/g_rf_flops[3].rf_reg_q_reg[0]/RD
                                2.00           3.16          -1.16  (VIOLATED)
       PIN :   ibex_top_inst/gen_regfile_ff.register_file_i/g_rf_flops[4].rf_reg_q_reg[31]/RD
                                2.00           3.16          -1.16  (VIOLATED)
       PIN :   ibex_top_inst/gen_regfile_ff.register_file_i/g_rf_flops[4].rf_reg_q_reg[29]/RD
                                2.00           3.16          -1.16  (VIOLATED)
       PIN :   ibex_top_inst/gen_regfile_ff.register_file_i/g_rf_flops[4].rf_reg_q_reg[28]/RD
                                2.00           3.16          -1.16  (VIOLATED)
       PIN :   ibex_top_inst/gen_regfile_ff.register_file_i/g_rf_flops[4].rf_reg_q_reg[27]/RD
                                2.00           3.16          -1.16  (VIOLATED)
       PIN :   ibex_top_inst/gen_regfile_ff.register_file_i/g_rf_flops[4].rf_reg_q_reg[26]/RD
                                2.00           3.16          -1.16  (VIOLATED)
       PIN :   ibex_top_inst/gen_regfile_ff.register_file_i/g_rf_flops[4].rf_reg_q_reg[25]/RD
                                2.00           3.16          -1.16  (VIOLATED)
       PIN :   ibex_top_inst/gen_regfile_ff.register_file_i/g_rf_flops[4].rf_reg_q_reg[24]/RD
                                2.00           3.16          -1.16  (VIOLATED)
       PIN :   ibex_top_inst/gen_regfile_ff.register_file_i/g_rf_flops[4].rf_reg_q_reg[23]/RD
                                2.00           3.16          -1.16  (VIOLATED)
       PIN :   ibex_top_inst/gen_regfile_ff.register_file_i/g_rf_flops[4].rf_reg_q_reg[21]/RD
                                2.00           3.16          -1.16  (VIOLATED)
       PIN :   ibex_top_inst/gen_regfile_ff.register_file_i/g_rf_flops[4].rf_reg_q_reg[20]/RD
                                2.00           3.16          -1.16  (VIOLATED)
       PIN :   ibex_top_inst/gen_regfile_ff.register_file_i/g_rf_flops[4].rf_reg_q_reg[19]/RD
                                2.00           3.16          -1.16  (VIOLATED)
       PIN :   ibex_top_inst/gen_regfile_ff.register_file_i/g_rf_flops[4].rf_reg_q_reg[18]/RD
                                2.00           3.16          -1.16  (VIOLATED)
       PIN :   ibex_top_inst/gen_regfile_ff.register_file_i/g_rf_flops[4].rf_reg_q_reg[17]/RD
                                2.00           3.16          -1.16  (VIOLATED)
       PIN :   ibex_top_inst/gen_regfile_ff.register_file_i/g_rf_flops[4].rf_reg_q_reg[16]/RD
                                2.00           3.16          -1.16  (VIOLATED)
       PIN :   ibex_top_inst/gen_regfile_ff.register_file_i/g_rf_flops[4].rf_reg_q_reg[15]/RD
                                2.00           3.16          -1.16  (VIOLATED)
       PIN :   ibex_top_inst/gen_regfile_ff.register_file_i/g_rf_flops[4].rf_reg_q_reg[13]/RD
                                2.00           3.16          -1.16  (VIOLATED)
       PIN :   ibex_top_inst/gen_regfile_ff.register_file_i/g_rf_flops[4].rf_reg_q_reg[12]/RD
                                2.00           3.16          -1.16  (VIOLATED)
       PIN :   ibex_top_inst/gen_regfile_ff.register_file_i/g_rf_flops[4].rf_reg_q_reg[11]/RD
                                2.00           3.16          -1.16  (VIOLATED)
       PIN :   ibex_top_inst/gen_regfile_ff.register_file_i/g_rf_flops[4].rf_reg_q_reg[10]/RD
                                2.00           3.16          -1.16  (VIOLATED)
       PIN :   ibex_top_inst/gen_regfile_ff.register_file_i/g_rf_flops[4].rf_reg_q_reg[9]/RD
                                2.00           3.16          -1.16  (VIOLATED)
       PIN :   ibex_top_inst/gen_regfile_ff.register_file_i/g_rf_flops[4].rf_reg_q_reg[8]/RD
                                2.00           3.16          -1.16  (VIOLATED)
       PIN :   ibex_top_inst/gen_regfile_ff.register_file_i/g_rf_flops[4].rf_reg_q_reg[6]/RD
                                2.00           3.16          -1.16  (VIOLATED)
       PIN :   ibex_top_inst/gen_regfile_ff.register_file_i/g_rf_flops[4].rf_reg_q_reg[5]/RD
                                2.00           3.16          -1.16  (VIOLATED)
       PIN :   ibex_top_inst/gen_regfile_ff.register_file_i/g_rf_flops[4].rf_reg_q_reg[4]/RD
                                2.00           3.16          -1.16  (VIOLATED)
       PIN :   ibex_top_inst/gen_regfile_ff.register_file_i/g_rf_flops[4].rf_reg_q_reg[3]/RD
                                2.00           3.16          -1.16  (VIOLATED)
       PIN :   ibex_top_inst/gen_regfile_ff.register_file_i/g_rf_flops[4].rf_reg_q_reg[2]/RD
                                2.00           3.16          -1.16  (VIOLATED)
       PIN :   ibex_top_inst/gen_regfile_ff.register_file_i/g_rf_flops[4].rf_reg_q_reg[1]/RD
                                2.00           3.16          -1.16  (VIOLATED)
       PIN :   ibex_top_inst/gen_regfile_ff.register_file_i/g_rf_flops[4].rf_reg_q_reg[0]/RD
                                2.00           3.16          -1.16  (VIOLATED)
       PIN :   ibex_top_inst/gen_regfile_ff.register_file_i/g_rf_flops[5].rf_reg_q_reg[31]/RD
                                2.00           3.16          -1.16  (VIOLATED)
       PIN :   ibex_top_inst/gen_regfile_ff.register_file_i/g_rf_flops[5].rf_reg_q_reg[29]/RD
                                2.00           3.16          -1.16  (VIOLATED)
       PIN :   ibex_top_inst/gen_regfile_ff.register_file_i/g_rf_flops[5].rf_reg_q_reg[28]/RD
                                2.00           3.16          -1.16  (VIOLATED)
       PIN :   ibex_top_inst/gen_regfile_ff.register_file_i/g_rf_flops[5].rf_reg_q_reg[26]/RD
                                2.00           3.16          -1.16  (VIOLATED)
       PIN :   ibex_top_inst/gen_regfile_ff.register_file_i/g_rf_flops[5].rf_reg_q_reg[25]/RD
                                2.00           3.16          -1.16  (VIOLATED)
       PIN :   ibex_top_inst/gen_regfile_ff.register_file_i/g_rf_flops[5].rf_reg_q_reg[24]/RD
                                2.00           3.16          -1.16  (VIOLATED)
       PIN :   ibex_top_inst/gen_regfile_ff.register_file_i/g_rf_flops[5].rf_reg_q_reg[22]/RD
                                2.00           3.16          -1.16  (VIOLATED)
       PIN :   ibex_top_inst/gen_regfile_ff.register_file_i/g_rf_flops[5].rf_reg_q_reg[21]/RD
                                2.00           3.16          -1.16  (VIOLATED)
       PIN :   ibex_top_inst/gen_regfile_ff.register_file_i/g_rf_flops[5].rf_reg_q_reg[20]/RD
                                2.00           3.16          -1.16  (VIOLATED)
       PIN :   ibex_top_inst/gen_regfile_ff.register_file_i/g_rf_flops[5].rf_reg_q_reg[19]/RD
                                2.00           3.16          -1.16  (VIOLATED)
       PIN :   ibex_top_inst/gen_regfile_ff.register_file_i/g_rf_flops[5].rf_reg_q_reg[18]/RD
                                2.00           3.16          -1.16  (VIOLATED)
       PIN :   ibex_top_inst/gen_regfile_ff.register_file_i/g_rf_flops[5].rf_reg_q_reg[17]/RD
                                2.00           3.16          -1.16  (VIOLATED)
       PIN :   ibex_top_inst/gen_regfile_ff.register_file_i/g_rf_flops[5].rf_reg_q_reg[16]/RD
                                2.00           3.16          -1.16  (VIOLATED)
       PIN :   ibex_top_inst/gen_regfile_ff.register_file_i/g_rf_flops[5].rf_reg_q_reg[15]/RD
                                2.00           3.16          -1.16  (VIOLATED)
       PIN :   ibex_top_inst/gen_regfile_ff.register_file_i/g_rf_flops[5].rf_reg_q_reg[14]/RD
                                2.00           3.16          -1.16  (VIOLATED)
       PIN :   ibex_top_inst/gen_regfile_ff.register_file_i/g_rf_flops[5].rf_reg_q_reg[12]/RD
                                2.00           3.16          -1.16  (VIOLATED)
       PIN :   ibex_top_inst/gen_regfile_ff.register_file_i/g_rf_flops[5].rf_reg_q_reg[11]/RD
                                2.00           3.16          -1.16  (VIOLATED)
       PIN :   ibex_top_inst/gen_regfile_ff.register_file_i/g_rf_flops[5].rf_reg_q_reg[10]/RD
                                2.00           3.16          -1.16  (VIOLATED)
       PIN :   ibex_top_inst/gen_regfile_ff.register_file_i/g_rf_flops[5].rf_reg_q_reg[9]/RD
                                2.00           3.16          -1.16  (VIOLATED)
       PIN :   ibex_top_inst/gen_regfile_ff.register_file_i/g_rf_flops[5].rf_reg_q_reg[7]/RD
                                2.00           3.16          -1.16  (VIOLATED)
       PIN :   ibex_top_inst/gen_regfile_ff.register_file_i/g_rf_flops[5].rf_reg_q_reg[6]/RD
                                2.00           3.16          -1.16  (VIOLATED)
       PIN :   ibex_top_inst/gen_regfile_ff.register_file_i/g_rf_flops[5].rf_reg_q_reg[5]/RD
                                2.00           3.16          -1.16  (VIOLATED)
       PIN :   ibex_top_inst/gen_regfile_ff.register_file_i/g_rf_flops[5].rf_reg_q_reg[4]/RD
                                2.00           3.16          -1.16  (VIOLATED)
       PIN :   ibex_top_inst/gen_regfile_ff.register_file_i/g_rf_flops[5].rf_reg_q_reg[3]/RD
                                2.00           3.16          -1.16  (VIOLATED)
       PIN :   ibex_top_inst/gen_regfile_ff.register_file_i/g_rf_flops[5].rf_reg_q_reg[2]/RD
                                2.00           3.16          -1.16  (VIOLATED)
       PIN :   ibex_top_inst/gen_regfile_ff.register_file_i/g_rf_flops[5].rf_reg_q_reg[1]/RD
                                2.00           3.16          -1.16  (VIOLATED)
       PIN :   ibex_top_inst/gen_regfile_ff.register_file_i/g_rf_flops[5].rf_reg_q_reg[0]/RD
                                2.00           3.16          -1.16  (VIOLATED)
       PIN :   ibex_top_inst/gen_regfile_ff.register_file_i/g_rf_flops[6].rf_reg_q_reg[31]/RD
                                2.00           3.16          -1.16  (VIOLATED)
       PIN :   ibex_top_inst/gen_regfile_ff.register_file_i/g_rf_flops[6].rf_reg_q_reg[30]/RD
                                2.00           3.16          -1.16  (VIOLATED)
       PIN :   ibex_top_inst/gen_regfile_ff.register_file_i/g_rf_flops[6].rf_reg_q_reg[28]/RD
                                2.00           3.16          -1.16  (VIOLATED)
       PIN :   ibex_top_inst/gen_regfile_ff.register_file_i/g_rf_flops[6].rf_reg_q_reg[27]/RD
                                2.00           3.16          -1.16  (VIOLATED)
       PIN :   ibex_top_inst/gen_regfile_ff.register_file_i/g_rf_flops[6].rf_reg_q_reg[26]/RD
                                2.00           3.16          -1.16  (VIOLATED)
       PIN :   ibex_top_inst/gen_regfile_ff.register_file_i/g_rf_flops[6].rf_reg_q_reg[24]/RD
                                2.00           3.16          -1.16  (VIOLATED)
       PIN :   ibex_top_inst/gen_regfile_ff.register_file_i/g_rf_flops[6].rf_reg_q_reg[23]/RD
                                2.00           3.16          -1.16  (VIOLATED)
       PIN :   ibex_top_inst/gen_regfile_ff.register_file_i/g_rf_flops[6].rf_reg_q_reg[22]/RD
                                2.00           3.16          -1.16  (VIOLATED)
       PIN :   ibex_top_inst/gen_regfile_ff.register_file_i/g_rf_flops[6].rf_reg_q_reg[21]/RD
                                2.00           3.16          -1.16  (VIOLATED)
       PIN :   ibex_top_inst/gen_regfile_ff.register_file_i/g_rf_flops[6].rf_reg_q_reg[20]/RD
                                2.00           3.16          -1.16  (VIOLATED)
       PIN :   ibex_top_inst/gen_regfile_ff.register_file_i/g_rf_flops[6].rf_reg_q_reg[19]/RD
                                2.00           3.16          -1.16  (VIOLATED)
       PIN :   ibex_top_inst/gen_regfile_ff.register_file_i/g_rf_flops[6].rf_reg_q_reg[18]/RD
                                2.00           3.16          -1.16  (VIOLATED)
       PIN :   ibex_top_inst/gen_regfile_ff.register_file_i/g_rf_flops[6].rf_reg_q_reg[17]/RD
                                2.00           3.16          -1.16  (VIOLATED)
       PIN :   ibex_top_inst/gen_regfile_ff.register_file_i/g_rf_flops[6].rf_reg_q_reg[16]/RD
                                2.00           3.16          -1.16  (VIOLATED)
       PIN :   ibex_top_inst/gen_regfile_ff.register_file_i/g_rf_flops[6].rf_reg_q_reg[15]/RD
                                2.00           3.16          -1.16  (VIOLATED)
       PIN :   ibex_top_inst/gen_regfile_ff.register_file_i/g_rf_flops[6].rf_reg_q_reg[14]/RD
                                2.00           3.16          -1.16  (VIOLATED)
       PIN :   ibex_top_inst/gen_regfile_ff.register_file_i/g_rf_flops[6].rf_reg_q_reg[12]/RD
                                2.00           3.16          -1.16  (VIOLATED)
       PIN :   ibex_top_inst/gen_regfile_ff.register_file_i/g_rf_flops[6].rf_reg_q_reg[11]/RD
                                2.00           3.16          -1.16  (VIOLATED)
       PIN :   ibex_top_inst/gen_regfile_ff.register_file_i/g_rf_flops[6].rf_reg_q_reg[9]/RD
                                2.00           3.16          -1.16  (VIOLATED)
       PIN :   ibex_top_inst/gen_regfile_ff.register_file_i/g_rf_flops[6].rf_reg_q_reg[8]/RD
                                2.00           3.16          -1.16  (VIOLATED)
       PIN :   ibex_top_inst/gen_regfile_ff.register_file_i/g_rf_flops[6].rf_reg_q_reg[7]/RD
                                2.00           3.16          -1.16  (VIOLATED)
       PIN :   ibex_top_inst/gen_regfile_ff.register_file_i/g_rf_flops[6].rf_reg_q_reg[6]/RD
                                2.00           3.16          -1.16  (VIOLATED)
       PIN :   ibex_top_inst/gen_regfile_ff.register_file_i/g_rf_flops[6].rf_reg_q_reg[5]/RD
                                2.00           3.16          -1.16  (VIOLATED)
       PIN :   ibex_top_inst/gen_regfile_ff.register_file_i/g_rf_flops[6].rf_reg_q_reg[4]/RD
                                2.00           3.16          -1.16  (VIOLATED)
       PIN :   ibex_top_inst/gen_regfile_ff.register_file_i/g_rf_flops[6].rf_reg_q_reg[3]/RD
                                2.00           3.16          -1.16  (VIOLATED)
       PIN :   ibex_top_inst/gen_regfile_ff.register_file_i/g_rf_flops[6].rf_reg_q_reg[2]/RD
                                2.00           3.16          -1.16  (VIOLATED)
       PIN :   ibex_top_inst/gen_regfile_ff.register_file_i/g_rf_flops[6].rf_reg_q_reg[1]/RD
                                2.00           3.16          -1.16  (VIOLATED)
       PIN :   ibex_top_inst/gen_regfile_ff.register_file_i/g_rf_flops[6].rf_reg_q_reg[0]/RD
                                2.00           3.16          -1.16  (VIOLATED)
       PIN :   ibex_top_inst/gen_regfile_ff.register_file_i/g_rf_flops[7].rf_reg_q_reg[31]/RD
                                2.00           3.16          -1.16  (VIOLATED)
       PIN :   ibex_top_inst/gen_regfile_ff.register_file_i/g_rf_flops[7].rf_reg_q_reg[30]/RD
                                2.00           3.16          -1.16  (VIOLATED)
       PIN :   ibex_top_inst/gen_regfile_ff.register_file_i/g_rf_flops[7].rf_reg_q_reg[28]/RD
                                2.00           3.16          -1.16  (VIOLATED)
       PIN :   ibex_top_inst/gen_regfile_ff.register_file_i/g_rf_flops[7].rf_reg_q_reg[26]/RD
                                2.00           3.16          -1.16  (VIOLATED)
       PIN :   ibex_top_inst/gen_regfile_ff.register_file_i/g_rf_flops[7].rf_reg_q_reg[25]/RD
                                2.00           3.16          -1.16  (VIOLATED)
       PIN :   ibex_top_inst/gen_regfile_ff.register_file_i/g_rf_flops[7].rf_reg_q_reg[24]/RD
                                2.00           3.16          -1.16  (VIOLATED)
       PIN :   ibex_top_inst/gen_regfile_ff.register_file_i/g_rf_flops[7].rf_reg_q_reg[23]/RD
                                2.00           3.16          -1.16  (VIOLATED)
       PIN :   ibex_top_inst/gen_regfile_ff.register_file_i/g_rf_flops[7].rf_reg_q_reg[22]/RD
                                2.00           3.16          -1.16  (VIOLATED)
       PIN :   ibex_top_inst/gen_regfile_ff.register_file_i/g_rf_flops[7].rf_reg_q_reg[21]/RD
                                2.00           3.16          -1.16  (VIOLATED)
       PIN :   ibex_top_inst/gen_regfile_ff.register_file_i/g_rf_flops[7].rf_reg_q_reg[20]/RD
                                2.00           3.16          -1.16  (VIOLATED)
       PIN :   ibex_top_inst/gen_regfile_ff.register_file_i/g_rf_flops[7].rf_reg_q_reg[19]/RD
                                2.00           3.16          -1.16  (VIOLATED)
       PIN :   ibex_top_inst/gen_regfile_ff.register_file_i/g_rf_flops[7].rf_reg_q_reg[18]/RD
                                2.00           3.16          -1.16  (VIOLATED)
       PIN :   ibex_top_inst/gen_regfile_ff.register_file_i/g_rf_flops[7].rf_reg_q_reg[17]/RD
                                2.00           3.16          -1.16  (VIOLATED)
       PIN :   ibex_top_inst/gen_regfile_ff.register_file_i/g_rf_flops[7].rf_reg_q_reg[16]/RD
                                2.00           3.16          -1.16  (VIOLATED)
       PIN :   ibex_top_inst/gen_regfile_ff.register_file_i/g_rf_flops[7].rf_reg_q_reg[15]/RD
                                2.00           3.16          -1.16  (VIOLATED)
       PIN :   ibex_top_inst/gen_regfile_ff.register_file_i/g_rf_flops[7].rf_reg_q_reg[14]/RD
                                2.00           3.16          -1.16  (VIOLATED)
       PIN :   ibex_top_inst/gen_regfile_ff.register_file_i/g_rf_flops[7].rf_reg_q_reg[11]/RD
                                2.00           3.16          -1.16  (VIOLATED)
       PIN :   ibex_top_inst/gen_regfile_ff.register_file_i/g_rf_flops[7].rf_reg_q_reg[10]/RD
                                2.00           3.16          -1.16  (VIOLATED)
       PIN :   ibex_top_inst/gen_regfile_ff.register_file_i/g_rf_flops[7].rf_reg_q_reg[9]/RD
                                2.00           3.16          -1.16  (VIOLATED)
       PIN :   ibex_top_inst/gen_regfile_ff.register_file_i/g_rf_flops[7].rf_reg_q_reg[8]/RD
                                2.00           3.16          -1.16  (VIOLATED)
       PIN :   ibex_top_inst/gen_regfile_ff.register_file_i/g_rf_flops[7].rf_reg_q_reg[7]/RD
                                2.00           3.16          -1.16  (VIOLATED)
       PIN :   ibex_top_inst/gen_regfile_ff.register_file_i/g_rf_flops[7].rf_reg_q_reg[6]/RD
                                2.00           3.16          -1.16  (VIOLATED)
       PIN :   ibex_top_inst/gen_regfile_ff.register_file_i/g_rf_flops[7].rf_reg_q_reg[5]/RD
                                2.00           3.16          -1.16  (VIOLATED)
       PIN :   ibex_top_inst/gen_regfile_ff.register_file_i/g_rf_flops[7].rf_reg_q_reg[4]/RD
                                2.00           3.16          -1.16  (VIOLATED)
       PIN :   ibex_top_inst/gen_regfile_ff.register_file_i/g_rf_flops[7].rf_reg_q_reg[3]/RD
                                2.00           3.16          -1.16  (VIOLATED)
       PIN :   ibex_top_inst/gen_regfile_ff.register_file_i/g_rf_flops[7].rf_reg_q_reg[2]/RD
                                2.00           3.16          -1.16  (VIOLATED)
       PIN :   ibex_top_inst/gen_regfile_ff.register_file_i/g_rf_flops[7].rf_reg_q_reg[1]/RD
                                2.00           3.16          -1.16  (VIOLATED)
       PIN :   ibex_top_inst/gen_regfile_ff.register_file_i/g_rf_flops[7].rf_reg_q_reg[0]/RD
                                2.00           3.16          -1.16  (VIOLATED)
       PIN :   ibex_top_inst/gen_regfile_ff.register_file_i/g_rf_flops[8].rf_reg_q_reg[31]/RD
                                2.00           3.16          -1.16  (VIOLATED)
       PIN :   ibex_top_inst/gen_regfile_ff.register_file_i/g_rf_flops[8].rf_reg_q_reg[30]/RD
                                2.00           3.16          -1.16  (VIOLATED)
       PIN :   ibex_top_inst/gen_regfile_ff.register_file_i/g_rf_flops[8].rf_reg_q_reg[27]/RD
                                2.00           3.16          -1.16  (VIOLATED)
       PIN :   ibex_top_inst/gen_regfile_ff.register_file_i/g_rf_flops[8].rf_reg_q_reg[26]/RD
                                2.00           3.16          -1.16  (VIOLATED)
       PIN :   ibex_top_inst/gen_regfile_ff.register_file_i/g_rf_flops[8].rf_reg_q_reg[25]/RD
                                2.00           3.16          -1.16  (VIOLATED)
       PIN :   ibex_top_inst/gen_regfile_ff.register_file_i/g_rf_flops[8].rf_reg_q_reg[24]/RD
                                2.00           3.16          -1.16  (VIOLATED)
       PIN :   ibex_top_inst/gen_regfile_ff.register_file_i/g_rf_flops[8].rf_reg_q_reg[23]/RD
                                2.00           3.16          -1.16  (VIOLATED)
       PIN :   ibex_top_inst/gen_regfile_ff.register_file_i/g_rf_flops[8].rf_reg_q_reg[22]/RD
                                2.00           3.16          -1.16  (VIOLATED)
       PIN :   ibex_top_inst/gen_regfile_ff.register_file_i/g_rf_flops[8].rf_reg_q_reg[21]/RD
                                2.00           3.16          -1.16  (VIOLATED)
       PIN :   ibex_top_inst/gen_regfile_ff.register_file_i/g_rf_flops[8].rf_reg_q_reg[20]/RD
                                2.00           3.16          -1.16  (VIOLATED)
       PIN :   ibex_top_inst/gen_regfile_ff.register_file_i/g_rf_flops[8].rf_reg_q_reg[19]/RD
                                2.00           3.16          -1.16  (VIOLATED)
       PIN :   ibex_top_inst/gen_regfile_ff.register_file_i/g_rf_flops[8].rf_reg_q_reg[18]/RD
                                2.00           3.16          -1.16  (VIOLATED)
       PIN :   ibex_top_inst/gen_regfile_ff.register_file_i/g_rf_flops[8].rf_reg_q_reg[17]/RD
                                2.00           3.16          -1.16  (VIOLATED)
       PIN :   ibex_top_inst/gen_regfile_ff.register_file_i/g_rf_flops[8].rf_reg_q_reg[15]/RD
                                2.00           3.16          -1.16  (VIOLATED)
       PIN :   ibex_top_inst/gen_regfile_ff.register_file_i/g_rf_flops[8].rf_reg_q_reg[13]/RD
                                2.00           3.16          -1.16  (VIOLATED)
       PIN :   ibex_top_inst/gen_regfile_ff.register_file_i/g_rf_flops[8].rf_reg_q_reg[11]/RD
                                2.00           3.16          -1.16  (VIOLATED)
       PIN :   ibex_top_inst/gen_regfile_ff.register_file_i/g_rf_flops[8].rf_reg_q_reg[10]/RD
                                2.00           3.16          -1.16  (VIOLATED)
       PIN :   ibex_top_inst/gen_regfile_ff.register_file_i/g_rf_flops[8].rf_reg_q_reg[9]/RD
                                2.00           3.16          -1.16  (VIOLATED)
       PIN :   ibex_top_inst/gen_regfile_ff.register_file_i/g_rf_flops[8].rf_reg_q_reg[8]/RD
                                2.00           3.16          -1.16  (VIOLATED)
       PIN :   ibex_top_inst/gen_regfile_ff.register_file_i/g_rf_flops[8].rf_reg_q_reg[7]/RD
                                2.00           3.16          -1.16  (VIOLATED)
       PIN :   ibex_top_inst/gen_regfile_ff.register_file_i/g_rf_flops[8].rf_reg_q_reg[6]/RD
                                2.00           3.16          -1.16  (VIOLATED)
       PIN :   ibex_top_inst/gen_regfile_ff.register_file_i/g_rf_flops[8].rf_reg_q_reg[5]/RD
                                2.00           3.16          -1.16  (VIOLATED)
       PIN :   ibex_top_inst/gen_regfile_ff.register_file_i/g_rf_flops[8].rf_reg_q_reg[4]/RD
                                2.00           3.16          -1.16  (VIOLATED)
       PIN :   ibex_top_inst/gen_regfile_ff.register_file_i/g_rf_flops[8].rf_reg_q_reg[3]/RD
                                2.00           3.16          -1.16  (VIOLATED)
       PIN :   ibex_top_inst/gen_regfile_ff.register_file_i/g_rf_flops[8].rf_reg_q_reg[2]/RD
                                2.00           3.16          -1.16  (VIOLATED)
       PIN :   ibex_top_inst/gen_regfile_ff.register_file_i/g_rf_flops[8].rf_reg_q_reg[1]/RD
                                2.00           3.16          -1.16  (VIOLATED)
       PIN :   ibex_top_inst/gen_regfile_ff.register_file_i/g_rf_flops[8].rf_reg_q_reg[0]/RD
                                2.00           3.16          -1.16  (VIOLATED)
       PIN :   ibex_top_inst/gen_regfile_ff.register_file_i/g_rf_flops[9].rf_reg_q_reg[30]/RD
                                2.00           3.16          -1.16  (VIOLATED)
       PIN :   ibex_top_inst/gen_regfile_ff.register_file_i/g_rf_flops[9].rf_reg_q_reg[29]/RD
                                2.00           3.16          -1.16  (VIOLATED)
       PIN :   ibex_top_inst/gen_regfile_ff.register_file_i/g_rf_flops[9].rf_reg_q_reg[27]/RD
                                2.00           3.16          -1.16  (VIOLATED)
       PIN :   ibex_top_inst/gen_regfile_ff.register_file_i/g_rf_flops[9].rf_reg_q_reg[26]/RD
                                2.00           3.16          -1.16  (VIOLATED)
       PIN :   ibex_top_inst/gen_regfile_ff.register_file_i/g_rf_flops[9].rf_reg_q_reg[25]/RD
                                2.00           3.16          -1.16  (VIOLATED)
       PIN :   ibex_top_inst/gen_regfile_ff.register_file_i/g_rf_flops[9].rf_reg_q_reg[24]/RD
                                2.00           3.16          -1.16  (VIOLATED)
       PIN :   ibex_top_inst/gen_regfile_ff.register_file_i/g_rf_flops[9].rf_reg_q_reg[23]/RD
                                2.00           3.16          -1.16  (VIOLATED)
       PIN :   ibex_top_inst/gen_regfile_ff.register_file_i/g_rf_flops[9].rf_reg_q_reg[22]/RD
                                2.00           3.16          -1.16  (VIOLATED)
       PIN :   ibex_top_inst/gen_regfile_ff.register_file_i/g_rf_flops[9].rf_reg_q_reg[21]/RD
                                2.00           3.16          -1.16  (VIOLATED)
       PIN :   ibex_top_inst/gen_regfile_ff.register_file_i/g_rf_flops[9].rf_reg_q_reg[20]/RD
                                2.00           3.16          -1.16  (VIOLATED)
       PIN :   ibex_top_inst/gen_regfile_ff.register_file_i/g_rf_flops[9].rf_reg_q_reg[19]/RD
                                2.00           3.16          -1.16  (VIOLATED)
       PIN :   ibex_top_inst/gen_regfile_ff.register_file_i/g_rf_flops[9].rf_reg_q_reg[18]/RD
                                2.00           3.16          -1.16  (VIOLATED)
       PIN :   ibex_top_inst/gen_regfile_ff.register_file_i/g_rf_flops[9].rf_reg_q_reg[17]/RD
                                2.00           3.16          -1.16  (VIOLATED)
       PIN :   ibex_top_inst/gen_regfile_ff.register_file_i/g_rf_flops[9].rf_reg_q_reg[15]/RD
                                2.00           3.16          -1.16  (VIOLATED)
       PIN :   ibex_top_inst/gen_regfile_ff.register_file_i/g_rf_flops[9].rf_reg_q_reg[14]/RD
                                2.00           3.16          -1.16  (VIOLATED)
       PIN :   ibex_top_inst/gen_regfile_ff.register_file_i/g_rf_flops[9].rf_reg_q_reg[13]/RD
                                2.00           3.16          -1.16  (VIOLATED)
       PIN :   ibex_top_inst/gen_regfile_ff.register_file_i/g_rf_flops[9].rf_reg_q_reg[11]/RD
                                2.00           3.16          -1.16  (VIOLATED)
       PIN :   ibex_top_inst/gen_regfile_ff.register_file_i/g_rf_flops[9].rf_reg_q_reg[10]/RD
                                2.00           3.16          -1.16  (VIOLATED)
       PIN :   ibex_top_inst/gen_regfile_ff.register_file_i/g_rf_flops[9].rf_reg_q_reg[9]/RD
                                2.00           3.16          -1.16  (VIOLATED)
       PIN :   ibex_top_inst/gen_regfile_ff.register_file_i/g_rf_flops[9].rf_reg_q_reg[8]/RD
                                2.00           3.16          -1.16  (VIOLATED)
       PIN :   ibex_top_inst/gen_regfile_ff.register_file_i/g_rf_flops[9].rf_reg_q_reg[7]/RD
                                2.00           3.16          -1.16  (VIOLATED)
       PIN :   ibex_top_inst/gen_regfile_ff.register_file_i/g_rf_flops[9].rf_reg_q_reg[6]/RD
                                2.00           3.16          -1.16  (VIOLATED)
       PIN :   ibex_top_inst/gen_regfile_ff.register_file_i/g_rf_flops[9].rf_reg_q_reg[5]/RD
                                2.00           3.16          -1.16  (VIOLATED)
       PIN :   ibex_top_inst/gen_regfile_ff.register_file_i/g_rf_flops[9].rf_reg_q_reg[4]/RD
                                2.00           3.16          -1.16  (VIOLATED)
       PIN :   ibex_top_inst/gen_regfile_ff.register_file_i/g_rf_flops[9].rf_reg_q_reg[3]/RD
                                2.00           3.16          -1.16  (VIOLATED)
       PIN :   ibex_top_inst/gen_regfile_ff.register_file_i/g_rf_flops[9].rf_reg_q_reg[2]/RD
                                2.00           3.16          -1.16  (VIOLATED)
       PIN :   ibex_top_inst/gen_regfile_ff.register_file_i/g_rf_flops[9].rf_reg_q_reg[0]/RD
                                2.00           3.16          -1.16  (VIOLATED)
       PIN :   ibex_top_inst/gen_regfile_ff.register_file_i/g_rf_flops[10].rf_reg_q_reg[31]/RD
                                2.00           3.16          -1.16  (VIOLATED)
       PIN :   ibex_top_inst/gen_regfile_ff.register_file_i/g_rf_flops[10].rf_reg_q_reg[30]/RD
                                2.00           3.16          -1.16  (VIOLATED)
       PIN :   ibex_top_inst/gen_regfile_ff.register_file_i/g_rf_flops[10].rf_reg_q_reg[29]/RD
                                2.00           3.16          -1.16  (VIOLATED)
       PIN :   ibex_top_inst/gen_regfile_ff.register_file_i/g_rf_flops[10].rf_reg_q_reg[27]/RD
                                2.00           3.16          -1.16  (VIOLATED)
       PIN :   ibex_top_inst/gen_regfile_ff.register_file_i/g_rf_flops[10].rf_reg_q_reg[26]/RD
                                2.00           3.16          -1.16  (VIOLATED)
       PIN :   ibex_top_inst/gen_regfile_ff.register_file_i/g_rf_flops[10].rf_reg_q_reg[25]/RD
                                2.00           3.16          -1.16  (VIOLATED)
       PIN :   ibex_top_inst/gen_regfile_ff.register_file_i/g_rf_flops[10].rf_reg_q_reg[24]/RD
                                2.00           3.16          -1.16  (VIOLATED)
       PIN :   ibex_top_inst/gen_regfile_ff.register_file_i/g_rf_flops[10].rf_reg_q_reg[23]/RD
                                2.00           3.16          -1.16  (VIOLATED)
       PIN :   ibex_top_inst/gen_regfile_ff.register_file_i/g_rf_flops[10].rf_reg_q_reg[22]/RD
                                2.00           3.16          -1.16  (VIOLATED)
       PIN :   ibex_top_inst/gen_regfile_ff.register_file_i/g_rf_flops[10].rf_reg_q_reg[21]/RD
                                2.00           3.16          -1.16  (VIOLATED)
       PIN :   ibex_top_inst/gen_regfile_ff.register_file_i/g_rf_flops[10].rf_reg_q_reg[20]/RD
                                2.00           3.16          -1.16  (VIOLATED)
       PIN :   ibex_top_inst/gen_regfile_ff.register_file_i/g_rf_flops[10].rf_reg_q_reg[19]/RD
                                2.00           3.16          -1.16  (VIOLATED)
       PIN :   ibex_top_inst/gen_regfile_ff.register_file_i/g_rf_flops[10].rf_reg_q_reg[17]/RD
                                2.00           3.16          -1.16  (VIOLATED)
       PIN :   ibex_top_inst/gen_regfile_ff.register_file_i/g_rf_flops[10].rf_reg_q_reg[16]/RD
                                2.00           3.16          -1.16  (VIOLATED)
       PIN :   ibex_top_inst/gen_regfile_ff.register_file_i/g_rf_flops[10].rf_reg_q_reg[15]/RD
                                2.00           3.16          -1.16  (VIOLATED)
       PIN :   ibex_top_inst/gen_regfile_ff.register_file_i/g_rf_flops[10].rf_reg_q_reg[14]/RD
                                2.00           3.16          -1.16  (VIOLATED)
       PIN :   ibex_top_inst/gen_regfile_ff.register_file_i/g_rf_flops[10].rf_reg_q_reg[13]/RD
                                2.00           3.16          -1.16  (VIOLATED)
       PIN :   ibex_top_inst/gen_regfile_ff.register_file_i/g_rf_flops[10].rf_reg_q_reg[11]/RD
                                2.00           3.16          -1.16  (VIOLATED)
       PIN :   ibex_top_inst/gen_regfile_ff.register_file_i/g_rf_flops[10].rf_reg_q_reg[10]/RD
                                2.00           3.16          -1.16  (VIOLATED)
       PIN :   ibex_top_inst/gen_regfile_ff.register_file_i/g_rf_flops[10].rf_reg_q_reg[9]/RD
                                2.00           3.16          -1.16  (VIOLATED)
       PIN :   ibex_top_inst/gen_regfile_ff.register_file_i/g_rf_flops[10].rf_reg_q_reg[8]/RD
                                2.00           3.16          -1.16  (VIOLATED)
       PIN :   ibex_top_inst/gen_regfile_ff.register_file_i/g_rf_flops[10].rf_reg_q_reg[7]/RD
                                2.00           3.16          -1.16  (VIOLATED)
       PIN :   ibex_top_inst/gen_regfile_ff.register_file_i/g_rf_flops[10].rf_reg_q_reg[6]/RD
                                2.00           3.16          -1.16  (VIOLATED)
       PIN :   ibex_top_inst/gen_regfile_ff.register_file_i/g_rf_flops[10].rf_reg_q_reg[5]/RD
                                2.00           3.16          -1.16  (VIOLATED)
       PIN :   ibex_top_inst/gen_regfile_ff.register_file_i/g_rf_flops[10].rf_reg_q_reg[4]/RD
                                2.00           3.16          -1.16  (VIOLATED)
       PIN :   ibex_top_inst/gen_regfile_ff.register_file_i/g_rf_flops[10].rf_reg_q_reg[2]/RD
                                2.00           3.16          -1.16  (VIOLATED)
       PIN :   ibex_top_inst/gen_regfile_ff.register_file_i/g_rf_flops[10].rf_reg_q_reg[1]/RD
                                2.00           3.16          -1.16  (VIOLATED)
       PIN :   ibex_top_inst/gen_regfile_ff.register_file_i/g_rf_flops[10].rf_reg_q_reg[0]/RD
                                2.00           3.16          -1.16  (VIOLATED)
       PIN :   ibex_top_inst/gen_regfile_ff.register_file_i/g_rf_flops[11].rf_reg_q_reg[31]/RD
                                2.00           3.16          -1.16  (VIOLATED)
       PIN :   ibex_top_inst/gen_regfile_ff.register_file_i/g_rf_flops[11].rf_reg_q_reg[30]/RD
                                2.00           3.16          -1.16  (VIOLATED)
       PIN :   ibex_top_inst/gen_regfile_ff.register_file_i/g_rf_flops[11].rf_reg_q_reg[29]/RD
                                2.00           3.16          -1.16  (VIOLATED)
       PIN :   ibex_top_inst/gen_regfile_ff.register_file_i/g_rf_flops[11].rf_reg_q_reg[27]/RD
                                2.00           3.16          -1.16  (VIOLATED)
       PIN :   ibex_top_inst/gen_regfile_ff.register_file_i/g_rf_flops[11].rf_reg_q_reg[26]/RD
                                2.00           3.16          -1.16  (VIOLATED)
       PIN :   ibex_top_inst/gen_regfile_ff.register_file_i/g_rf_flops[11].rf_reg_q_reg[25]/RD
                                2.00           3.16          -1.16  (VIOLATED)
       PIN :   ibex_top_inst/gen_regfile_ff.register_file_i/g_rf_flops[11].rf_reg_q_reg[24]/RD
                                2.00           3.16          -1.16  (VIOLATED)
       PIN :   ibex_top_inst/gen_regfile_ff.register_file_i/g_rf_flops[11].rf_reg_q_reg[23]/RD
                                2.00           3.16          -1.16  (VIOLATED)
       PIN :   ibex_top_inst/gen_regfile_ff.register_file_i/g_rf_flops[11].rf_reg_q_reg[22]/RD
                                2.00           3.16          -1.16  (VIOLATED)
       PIN :   ibex_top_inst/gen_regfile_ff.register_file_i/g_rf_flops[11].rf_reg_q_reg[21]/RD
                                2.00           3.16          -1.16  (VIOLATED)
       PIN :   ibex_top_inst/gen_regfile_ff.register_file_i/g_rf_flops[11].rf_reg_q_reg[19]/RD
                                2.00           3.16          -1.16  (VIOLATED)
       PIN :   ibex_top_inst/gen_regfile_ff.register_file_i/g_rf_flops[11].rf_reg_q_reg[18]/RD
                                2.00           3.16          -1.16  (VIOLATED)
       PIN :   ibex_top_inst/gen_regfile_ff.register_file_i/g_rf_flops[11].rf_reg_q_reg[17]/RD
                                2.00           3.16          -1.16  (VIOLATED)
       PIN :   ibex_top_inst/gen_regfile_ff.register_file_i/g_rf_flops[11].rf_reg_q_reg[16]/RD
                                2.00           3.16          -1.16  (VIOLATED)
       PIN :   ibex_top_inst/gen_regfile_ff.register_file_i/g_rf_flops[11].rf_reg_q_reg[15]/RD
                                2.00           3.16          -1.16  (VIOLATED)
       PIN :   ibex_top_inst/gen_regfile_ff.register_file_i/g_rf_flops[11].rf_reg_q_reg[14]/RD
                                2.00           3.16          -1.16  (VIOLATED)
       PIN :   ibex_top_inst/gen_regfile_ff.register_file_i/g_rf_flops[11].rf_reg_q_reg[13]/RD
                                2.00           3.16          -1.16  (VIOLATED)
       PIN :   ibex_top_inst/gen_regfile_ff.register_file_i/g_rf_flops[11].rf_reg_q_reg[11]/RD
                                2.00           3.16          -1.16  (VIOLATED)
       PIN :   ibex_top_inst/gen_regfile_ff.register_file_i/g_rf_flops[11].rf_reg_q_reg[10]/RD
                                2.00           3.16          -1.16  (VIOLATED)
       PIN :   ibex_top_inst/gen_regfile_ff.register_file_i/g_rf_flops[11].rf_reg_q_reg[9]/RD
                                2.00           3.16          -1.16  (VIOLATED)
       PIN :   ibex_top_inst/gen_regfile_ff.register_file_i/g_rf_flops[11].rf_reg_q_reg[8]/RD
                                2.00           3.16          -1.16  (VIOLATED)
       PIN :   ibex_top_inst/gen_regfile_ff.register_file_i/g_rf_flops[11].rf_reg_q_reg[7]/RD
                                2.00           3.16          -1.16  (VIOLATED)
       PIN :   ibex_top_inst/gen_regfile_ff.register_file_i/g_rf_flops[11].rf_reg_q_reg[6]/RD
                                2.00           3.16          -1.16  (VIOLATED)
       PIN :   ibex_top_inst/gen_regfile_ff.register_file_i/g_rf_flops[11].rf_reg_q_reg[4]/RD
                                2.00           3.16          -1.16  (VIOLATED)
       PIN :   ibex_top_inst/gen_regfile_ff.register_file_i/g_rf_flops[11].rf_reg_q_reg[3]/RD
                                2.00           3.16          -1.16  (VIOLATED)
       PIN :   ibex_top_inst/gen_regfile_ff.register_file_i/g_rf_flops[11].rf_reg_q_reg[2]/RD
                                2.00           3.16          -1.16  (VIOLATED)
       PIN :   ibex_top_inst/gen_regfile_ff.register_file_i/g_rf_flops[11].rf_reg_q_reg[1]/RD
                                2.00           3.16          -1.16  (VIOLATED)
       PIN :   ibex_top_inst/gen_regfile_ff.register_file_i/g_rf_flops[11].rf_reg_q_reg[0]/RD
                                2.00           3.16          -1.16  (VIOLATED)
       PIN :   ibex_top_inst/gen_regfile_ff.register_file_i/g_rf_flops[12].rf_reg_q_reg[31]/RD
                                2.00           3.16          -1.16  (VIOLATED)
       PIN :   ibex_top_inst/gen_regfile_ff.register_file_i/g_rf_flops[12].rf_reg_q_reg[30]/RD
                                2.00           3.16          -1.16  (VIOLATED)
       PIN :   ibex_top_inst/gen_regfile_ff.register_file_i/g_rf_flops[12].rf_reg_q_reg[29]/RD
                                2.00           3.16          -1.16  (VIOLATED)
       PIN :   ibex_top_inst/gen_regfile_ff.register_file_i/g_rf_flops[12].rf_reg_q_reg[27]/RD
                                2.00           3.16          -1.16  (VIOLATED)
       PIN :   ibex_top_inst/gen_regfile_ff.register_file_i/g_rf_flops[12].rf_reg_q_reg[26]/RD
                                2.00           3.16          -1.16  (VIOLATED)
       PIN :   ibex_top_inst/gen_regfile_ff.register_file_i/g_rf_flops[12].rf_reg_q_reg[25]/RD
                                2.00           3.16          -1.16  (VIOLATED)
       PIN :   ibex_top_inst/gen_regfile_ff.register_file_i/g_rf_flops[12].rf_reg_q_reg[24]/RD
                                2.00           3.16          -1.16  (VIOLATED)
       PIN :   ibex_top_inst/gen_regfile_ff.register_file_i/g_rf_flops[12].rf_reg_q_reg[23]/RD
                                2.00           3.16          -1.16  (VIOLATED)
       PIN :   ibex_top_inst/gen_regfile_ff.register_file_i/g_rf_flops[12].rf_reg_q_reg[21]/RD
                                2.00           3.16          -1.16  (VIOLATED)
       PIN :   ibex_top_inst/gen_regfile_ff.register_file_i/g_rf_flops[12].rf_reg_q_reg[19]/RD
                                2.00           3.16          -1.16  (VIOLATED)
       PIN :   ibex_top_inst/gen_regfile_ff.register_file_i/g_rf_flops[12].rf_reg_q_reg[18]/RD
                                2.00           3.16          -1.16  (VIOLATED)
       PIN :   ibex_top_inst/gen_regfile_ff.register_file_i/g_rf_flops[12].rf_reg_q_reg[17]/RD
                                2.00           3.16          -1.16  (VIOLATED)
       PIN :   ibex_top_inst/gen_regfile_ff.register_file_i/g_rf_flops[12].rf_reg_q_reg[16]/RD
                                2.00           3.16          -1.16  (VIOLATED)
       PIN :   ibex_top_inst/gen_regfile_ff.register_file_i/g_rf_flops[12].rf_reg_q_reg[15]/RD
                                2.00           3.16          -1.16  (VIOLATED)
       PIN :   ibex_top_inst/gen_regfile_ff.register_file_i/g_rf_flops[12].rf_reg_q_reg[14]/RD
                                2.00           3.16          -1.16  (VIOLATED)
       PIN :   ibex_top_inst/gen_regfile_ff.register_file_i/g_rf_flops[12].rf_reg_q_reg[13]/RD
                                2.00           3.16          -1.16  (VIOLATED)
       PIN :   ibex_top_inst/gen_regfile_ff.register_file_i/g_rf_flops[12].rf_reg_q_reg[11]/RD
                                2.00           3.16          -1.16  (VIOLATED)
       PIN :   ibex_top_inst/gen_regfile_ff.register_file_i/g_rf_flops[12].rf_reg_q_reg[10]/RD
                                2.00           3.16          -1.16  (VIOLATED)
       PIN :   ibex_top_inst/gen_regfile_ff.register_file_i/g_rf_flops[12].rf_reg_q_reg[9]/RD
                                2.00           3.16          -1.16  (VIOLATED)
       PIN :   ibex_top_inst/gen_regfile_ff.register_file_i/g_rf_flops[12].rf_reg_q_reg[8]/RD
                                2.00           3.16          -1.16  (VIOLATED)
       PIN :   ibex_top_inst/gen_regfile_ff.register_file_i/g_rf_flops[12].rf_reg_q_reg[6]/RD
                                2.00           3.16          -1.16  (VIOLATED)
       PIN :   ibex_top_inst/gen_regfile_ff.register_file_i/g_rf_flops[12].rf_reg_q_reg[5]/RD
                                2.00           3.16          -1.16  (VIOLATED)
       PIN :   ibex_top_inst/gen_regfile_ff.register_file_i/g_rf_flops[12].rf_reg_q_reg[4]/RD
                                2.00           3.16          -1.16  (VIOLATED)
       PIN :   ibex_top_inst/gen_regfile_ff.register_file_i/g_rf_flops[12].rf_reg_q_reg[3]/RD
                                2.00           3.16          -1.16  (VIOLATED)
       PIN :   ibex_top_inst/gen_regfile_ff.register_file_i/g_rf_flops[12].rf_reg_q_reg[2]/RD
                                2.00           3.16          -1.16  (VIOLATED)
       PIN :   ibex_top_inst/gen_regfile_ff.register_file_i/g_rf_flops[12].rf_reg_q_reg[1]/RD
                                2.00           3.16          -1.16  (VIOLATED)
       PIN :   ibex_top_inst/gen_regfile_ff.register_file_i/g_rf_flops[12].rf_reg_q_reg[0]/RD
                                2.00           3.16          -1.16  (VIOLATED)
       PIN :   ibex_top_inst/gen_regfile_ff.register_file_i/g_rf_flops[13].rf_reg_q_reg[31]/RD
                                2.00           3.16          -1.16  (VIOLATED)
       PIN :   ibex_top_inst/gen_regfile_ff.register_file_i/g_rf_flops[13].rf_reg_q_reg[30]/RD
                                2.00           3.16          -1.16  (VIOLATED)
       PIN :   ibex_top_inst/gen_regfile_ff.register_file_i/g_rf_flops[13].rf_reg_q_reg[29]/RD
                                2.00           3.16          -1.16  (VIOLATED)
       PIN :   ibex_top_inst/gen_regfile_ff.register_file_i/g_rf_flops[13].rf_reg_q_reg[27]/RD
                                2.00           3.16          -1.16  (VIOLATED)
       PIN :   ibex_top_inst/gen_regfile_ff.register_file_i/g_rf_flops[13].rf_reg_q_reg[26]/RD
                                2.00           3.16          -1.16  (VIOLATED)
       PIN :   ibex_top_inst/gen_regfile_ff.register_file_i/g_rf_flops[13].rf_reg_q_reg[25]/RD
                                2.00           3.16          -1.16  (VIOLATED)
       PIN :   ibex_top_inst/gen_regfile_ff.register_file_i/g_rf_flops[13].rf_reg_q_reg[23]/RD
                                2.00           3.16          -1.16  (VIOLATED)
       PIN :   ibex_top_inst/gen_regfile_ff.register_file_i/g_rf_flops[13].rf_reg_q_reg[22]/RD
                                2.00           3.16          -1.16  (VIOLATED)
       PIN :   ibex_top_inst/gen_regfile_ff.register_file_i/g_rf_flops[13].rf_reg_q_reg[20]/RD
                                2.00           3.16          -1.16  (VIOLATED)
       PIN :   ibex_top_inst/gen_regfile_ff.register_file_i/g_rf_flops[13].rf_reg_q_reg[19]/RD
                                2.00           3.16          -1.16  (VIOLATED)
       PIN :   ibex_top_inst/gen_regfile_ff.register_file_i/g_rf_flops[13].rf_reg_q_reg[18]/RD
                                2.00           3.16          -1.16  (VIOLATED)
       PIN :   ibex_top_inst/gen_regfile_ff.register_file_i/g_rf_flops[13].rf_reg_q_reg[17]/RD
                                2.00           3.16          -1.16  (VIOLATED)
       PIN :   ibex_top_inst/gen_regfile_ff.register_file_i/g_rf_flops[13].rf_reg_q_reg[16]/RD
                                2.00           3.16          -1.16  (VIOLATED)
       PIN :   ibex_top_inst/gen_regfile_ff.register_file_i/g_rf_flops[13].rf_reg_q_reg[15]/RD
                                2.00           3.16          -1.16  (VIOLATED)
       PIN :   ibex_top_inst/gen_regfile_ff.register_file_i/g_rf_flops[13].rf_reg_q_reg[14]/RD
                                2.00           3.16          -1.16  (VIOLATED)
       PIN :   ibex_top_inst/gen_regfile_ff.register_file_i/g_rf_flops[13].rf_reg_q_reg[13]/RD
                                2.00           3.16          -1.16  (VIOLATED)
       PIN :   ibex_top_inst/gen_regfile_ff.register_file_i/g_rf_flops[13].rf_reg_q_reg[11]/RD
                                2.00           3.16          -1.16  (VIOLATED)
       PIN :   ibex_top_inst/gen_regfile_ff.register_file_i/g_rf_flops[13].rf_reg_q_reg[10]/RD
                                2.00           3.16          -1.16  (VIOLATED)
       PIN :   ibex_top_inst/gen_regfile_ff.register_file_i/g_rf_flops[13].rf_reg_q_reg[8]/RD
                                2.00           3.16          -1.16  (VIOLATED)
       PIN :   ibex_top_inst/gen_regfile_ff.register_file_i/g_rf_flops[13].rf_reg_q_reg[7]/RD
                                2.00           3.16          -1.16  (VIOLATED)
       PIN :   ibex_top_inst/gen_regfile_ff.register_file_i/g_rf_flops[13].rf_reg_q_reg[6]/RD
                                2.00           3.16          -1.16  (VIOLATED)
       PIN :   ibex_top_inst/gen_regfile_ff.register_file_i/g_rf_flops[13].rf_reg_q_reg[5]/RD
                                2.00           3.16          -1.16  (VIOLATED)
       PIN :   ibex_top_inst/gen_regfile_ff.register_file_i/g_rf_flops[13].rf_reg_q_reg[4]/RD
                                2.00           3.16          -1.16  (VIOLATED)
       PIN :   ibex_top_inst/gen_regfile_ff.register_file_i/g_rf_flops[13].rf_reg_q_reg[3]/RD
                                2.00           3.16          -1.16  (VIOLATED)
       PIN :   ibex_top_inst/gen_regfile_ff.register_file_i/g_rf_flops[13].rf_reg_q_reg[2]/RD
                                2.00           3.16          -1.16  (VIOLATED)
       PIN :   ibex_top_inst/gen_regfile_ff.register_file_i/g_rf_flops[13].rf_reg_q_reg[1]/RD
                                2.00           3.16          -1.16  (VIOLATED)
       PIN :   ibex_top_inst/gen_regfile_ff.register_file_i/g_rf_flops[13].rf_reg_q_reg[0]/RD
                                2.00           3.16          -1.16  (VIOLATED)
       PIN :   ibex_top_inst/gen_regfile_ff.register_file_i/g_rf_flops[14].rf_reg_q_reg[31]/RD
                                2.00           3.16          -1.16  (VIOLATED)
       PIN :   ibex_top_inst/gen_regfile_ff.register_file_i/g_rf_flops[14].rf_reg_q_reg[30]/RD
                                2.00           3.16          -1.16  (VIOLATED)
       PIN :   ibex_top_inst/gen_regfile_ff.register_file_i/g_rf_flops[14].rf_reg_q_reg[29]/RD
                                2.00           3.16          -1.16  (VIOLATED)
       PIN :   ibex_top_inst/gen_regfile_ff.register_file_i/g_rf_flops[14].rf_reg_q_reg[27]/RD
                                2.00           3.16          -1.16  (VIOLATED)
       PIN :   ibex_top_inst/gen_regfile_ff.register_file_i/g_rf_flops[14].rf_reg_q_reg[25]/RD
                                2.00           3.16          -1.16  (VIOLATED)
       PIN :   ibex_top_inst/gen_regfile_ff.register_file_i/g_rf_flops[14].rf_reg_q_reg[24]/RD
                                2.00           3.16          -1.16  (VIOLATED)
       PIN :   ibex_top_inst/gen_regfile_ff.register_file_i/g_rf_flops[14].rf_reg_q_reg[23]/RD
                                2.00           3.16          -1.16  (VIOLATED)
       PIN :   ibex_top_inst/gen_regfile_ff.register_file_i/g_rf_flops[14].rf_reg_q_reg[22]/RD
                                2.00           3.16          -1.16  (VIOLATED)
       PIN :   ibex_top_inst/gen_regfile_ff.register_file_i/g_rf_flops[14].rf_reg_q_reg[21]/RD
                                2.00           3.16          -1.16  (VIOLATED)
       PIN :   ibex_top_inst/gen_regfile_ff.register_file_i/g_rf_flops[14].rf_reg_q_reg[20]/RD
                                2.00           3.16          -1.16  (VIOLATED)
       PIN :   ibex_top_inst/gen_regfile_ff.register_file_i/g_rf_flops[14].rf_reg_q_reg[19]/RD
                                2.00           3.16          -1.16  (VIOLATED)
       PIN :   ibex_top_inst/gen_regfile_ff.register_file_i/g_rf_flops[14].rf_reg_q_reg[18]/RD
                                2.00           3.16          -1.16  (VIOLATED)
       PIN :   ibex_top_inst/gen_regfile_ff.register_file_i/g_rf_flops[14].rf_reg_q_reg[17]/RD
                                2.00           3.16          -1.16  (VIOLATED)
       PIN :   ibex_top_inst/gen_regfile_ff.register_file_i/g_rf_flops[14].rf_reg_q_reg[16]/RD
                                2.00           3.16          -1.16  (VIOLATED)
       PIN :   ibex_top_inst/gen_regfile_ff.register_file_i/g_rf_flops[14].rf_reg_q_reg[15]/RD
                                2.00           3.16          -1.16  (VIOLATED)
       PIN :   ibex_top_inst/gen_regfile_ff.register_file_i/g_rf_flops[14].rf_reg_q_reg[14]/RD
                                2.00           3.16          -1.16  (VIOLATED)
       PIN :   ibex_top_inst/gen_regfile_ff.register_file_i/g_rf_flops[14].rf_reg_q_reg[13]/RD
                                2.00           3.16          -1.16  (VIOLATED)
       PIN :   ibex_top_inst/gen_regfile_ff.register_file_i/g_rf_flops[14].rf_reg_q_reg[10]/RD
                                2.00           3.16          -1.16  (VIOLATED)
       PIN :   ibex_top_inst/gen_regfile_ff.register_file_i/g_rf_flops[14].rf_reg_q_reg[9]/RD
                                2.00           3.16          -1.16  (VIOLATED)
       PIN :   ibex_top_inst/gen_regfile_ff.register_file_i/g_rf_flops[14].rf_reg_q_reg[8]/RD
                                2.00           3.16          -1.16  (VIOLATED)
       PIN :   ibex_top_inst/gen_regfile_ff.register_file_i/g_rf_flops[14].rf_reg_q_reg[7]/RD
                                2.00           3.16          -1.16  (VIOLATED)
       PIN :   ibex_top_inst/gen_regfile_ff.register_file_i/g_rf_flops[14].rf_reg_q_reg[6]/RD
                                2.00           3.16          -1.16  (VIOLATED)
       PIN :   ibex_top_inst/gen_regfile_ff.register_file_i/g_rf_flops[14].rf_reg_q_reg[5]/RD
                                2.00           3.16          -1.16  (VIOLATED)
       PIN :   ibex_top_inst/gen_regfile_ff.register_file_i/g_rf_flops[14].rf_reg_q_reg[4]/RD
                                2.00           3.16          -1.16  (VIOLATED)
       PIN :   ibex_top_inst/gen_regfile_ff.register_file_i/g_rf_flops[14].rf_reg_q_reg[3]/RD
                                2.00           3.16          -1.16  (VIOLATED)
       PIN :   ibex_top_inst/gen_regfile_ff.register_file_i/g_rf_flops[14].rf_reg_q_reg[2]/RD
                                2.00           3.16          -1.16  (VIOLATED)
       PIN :   ibex_top_inst/gen_regfile_ff.register_file_i/g_rf_flops[14].rf_reg_q_reg[1]/RD
                                2.00           3.16          -1.16  (VIOLATED)
       PIN :   ibex_top_inst/gen_regfile_ff.register_file_i/g_rf_flops[14].rf_reg_q_reg[0]/RD
                                2.00           3.16          -1.16  (VIOLATED)
       PIN :   ibex_top_inst/gen_regfile_ff.register_file_i/g_rf_flops[15].rf_reg_q_reg[31]/RD
                                2.00           3.16          -1.16  (VIOLATED)
       PIN :   ibex_top_inst/gen_regfile_ff.register_file_i/g_rf_flops[15].rf_reg_q_reg[30]/RD
                                2.00           3.16          -1.16  (VIOLATED)
       PIN :   ibex_top_inst/gen_regfile_ff.register_file_i/g_rf_flops[15].rf_reg_q_reg[29]/RD
                                2.00           3.16          -1.16  (VIOLATED)
       PIN :   ibex_top_inst/gen_regfile_ff.register_file_i/g_rf_flops[15].rf_reg_q_reg[26]/RD
                                2.00           3.16          -1.16  (VIOLATED)
       PIN :   ibex_top_inst/gen_regfile_ff.register_file_i/g_rf_flops[15].rf_reg_q_reg[24]/RD
                                2.00           3.16          -1.16  (VIOLATED)
       PIN :   ibex_top_inst/gen_regfile_ff.register_file_i/g_rf_flops[15].rf_reg_q_reg[23]/RD
                                2.00           3.16          -1.16  (VIOLATED)
       PIN :   ibex_top_inst/gen_regfile_ff.register_file_i/g_rf_flops[15].rf_reg_q_reg[22]/RD
                                2.00           3.16          -1.16  (VIOLATED)
       PIN :   ibex_top_inst/gen_regfile_ff.register_file_i/g_rf_flops[15].rf_reg_q_reg[21]/RD
                                2.00           3.16          -1.16  (VIOLATED)
       PIN :   ibex_top_inst/gen_regfile_ff.register_file_i/g_rf_flops[15].rf_reg_q_reg[20]/RD
                                2.00           3.16          -1.16  (VIOLATED)
       PIN :   ibex_top_inst/gen_regfile_ff.register_file_i/g_rf_flops[15].rf_reg_q_reg[19]/RD
                                2.00           3.16          -1.16  (VIOLATED)
       PIN :   ibex_top_inst/gen_regfile_ff.register_file_i/g_rf_flops[15].rf_reg_q_reg[18]/RD
                                2.00           3.16          -1.16  (VIOLATED)
       PIN :   ibex_top_inst/gen_regfile_ff.register_file_i/g_rf_flops[15].rf_reg_q_reg[17]/RD
                                2.00           3.16          -1.16  (VIOLATED)
       PIN :   ibex_top_inst/gen_regfile_ff.register_file_i/g_rf_flops[15].rf_reg_q_reg[16]/RD
                                2.00           3.16          -1.16  (VIOLATED)
       PIN :   ibex_top_inst/gen_regfile_ff.register_file_i/g_rf_flops[15].rf_reg_q_reg[15]/RD
                                2.00           3.16          -1.16  (VIOLATED)
       PIN :   ibex_top_inst/gen_regfile_ff.register_file_i/g_rf_flops[15].rf_reg_q_reg[14]/RD
                                2.00           3.16          -1.16  (VIOLATED)
       PIN :   ibex_top_inst/gen_regfile_ff.register_file_i/g_rf_flops[15].rf_reg_q_reg[12]/RD
                                2.00           3.16          -1.16  (VIOLATED)
       PIN :   ibex_top_inst/gen_regfile_ff.register_file_i/g_rf_flops[15].rf_reg_q_reg[10]/RD
                                2.00           3.16          -1.16  (VIOLATED)
       PIN :   ibex_top_inst/gen_regfile_ff.register_file_i/g_rf_flops[15].rf_reg_q_reg[9]/RD
                                2.00           3.16          -1.16  (VIOLATED)
       PIN :   ibex_top_inst/gen_regfile_ff.register_file_i/g_rf_flops[15].rf_reg_q_reg[8]/RD
                                2.00           3.16          -1.16  (VIOLATED)
       PIN :   ibex_top_inst/gen_regfile_ff.register_file_i/g_rf_flops[15].rf_reg_q_reg[7]/RD
                                2.00           3.16          -1.16  (VIOLATED)
       PIN :   ibex_top_inst/gen_regfile_ff.register_file_i/g_rf_flops[15].rf_reg_q_reg[6]/RD
                                2.00           3.16          -1.16  (VIOLATED)
       PIN :   ibex_top_inst/gen_regfile_ff.register_file_i/g_rf_flops[15].rf_reg_q_reg[5]/RD
                                2.00           3.16          -1.16  (VIOLATED)
       PIN :   ibex_top_inst/gen_regfile_ff.register_file_i/g_rf_flops[15].rf_reg_q_reg[4]/RD
                                2.00           3.16          -1.16  (VIOLATED)
       PIN :   ibex_top_inst/gen_regfile_ff.register_file_i/g_rf_flops[15].rf_reg_q_reg[3]/RD
                                2.00           3.16          -1.16  (VIOLATED)
       PIN :   ibex_top_inst/gen_regfile_ff.register_file_i/g_rf_flops[15].rf_reg_q_reg[2]/RD
                                2.00           3.16          -1.16  (VIOLATED)
       PIN :   ibex_top_inst/gen_regfile_ff.register_file_i/g_rf_flops[15].rf_reg_q_reg[1]/RD
                                2.00           3.16          -1.16  (VIOLATED)
       PIN :   ibex_top_inst/gen_regfile_ff.register_file_i/g_rf_flops[15].rf_reg_q_reg[0]/RD
                                2.00           3.16          -1.16  (VIOLATED)
       PIN :   ibex_top_inst/gen_regfile_ff.register_file_i/g_rf_flops[16].rf_reg_q_reg[31]/RD
                                2.00           3.16          -1.16  (VIOLATED)
       PIN :   ibex_top_inst/gen_regfile_ff.register_file_i/g_rf_flops[16].rf_reg_q_reg[29]/RD
                                2.00           3.16          -1.16  (VIOLATED)
       PIN :   ibex_top_inst/gen_regfile_ff.register_file_i/g_rf_flops[16].rf_reg_q_reg[28]/RD
                                2.00           3.16          -1.16  (VIOLATED)
       PIN :   ibex_top_inst/gen_regfile_ff.register_file_i/g_rf_flops[16].rf_reg_q_reg[26]/RD
                                2.00           3.16          -1.16  (VIOLATED)
       PIN :   ibex_top_inst/gen_regfile_ff.register_file_i/g_rf_flops[16].rf_reg_q_reg[25]/RD
                                2.00           3.16          -1.16  (VIOLATED)
       PIN :   ibex_top_inst/gen_regfile_ff.register_file_i/g_rf_flops[16].rf_reg_q_reg[24]/RD
                                2.00           3.16          -1.16  (VIOLATED)
       PIN :   ibex_top_inst/gen_regfile_ff.register_file_i/g_rf_flops[16].rf_reg_q_reg[23]/RD
                                2.00           3.16          -1.16  (VIOLATED)
       PIN :   ibex_top_inst/gen_regfile_ff.register_file_i/g_rf_flops[16].rf_reg_q_reg[22]/RD
                                2.00           3.16          -1.16  (VIOLATED)
       PIN :   ibex_top_inst/gen_regfile_ff.register_file_i/g_rf_flops[16].rf_reg_q_reg[21]/RD
                                2.00           3.16          -1.16  (VIOLATED)
       PIN :   ibex_top_inst/gen_regfile_ff.register_file_i/g_rf_flops[16].rf_reg_q_reg[19]/RD
                                2.00           3.16          -1.16  (VIOLATED)
       PIN :   ibex_top_inst/gen_regfile_ff.register_file_i/g_rf_flops[16].rf_reg_q_reg[18]/RD
                                2.00           3.16          -1.16  (VIOLATED)
       PIN :   ibex_top_inst/gen_regfile_ff.register_file_i/g_rf_flops[16].rf_reg_q_reg[17]/RD
                                2.00           3.16          -1.16  (VIOLATED)
       PIN :   ibex_top_inst/gen_regfile_ff.register_file_i/g_rf_flops[16].rf_reg_q_reg[14]/RD
                                2.00           3.16          -1.16  (VIOLATED)
       PIN :   ibex_top_inst/gen_regfile_ff.register_file_i/g_rf_flops[16].rf_reg_q_reg[13]/RD
                                2.00           3.16          -1.16  (VIOLATED)
       PIN :   ibex_top_inst/gen_regfile_ff.register_file_i/g_rf_flops[16].rf_reg_q_reg[12]/RD
                                2.00           3.16          -1.16  (VIOLATED)
       PIN :   ibex_top_inst/gen_regfile_ff.register_file_i/g_rf_flops[16].rf_reg_q_reg[10]/RD
                                2.00           3.16          -1.16  (VIOLATED)
       PIN :   ibex_top_inst/gen_regfile_ff.register_file_i/g_rf_flops[16].rf_reg_q_reg[9]/RD
                                2.00           3.16          -1.16  (VIOLATED)
       PIN :   ibex_top_inst/gen_regfile_ff.register_file_i/g_rf_flops[16].rf_reg_q_reg[8]/RD
                                2.00           3.16          -1.16  (VIOLATED)
       PIN :   ibex_top_inst/gen_regfile_ff.register_file_i/g_rf_flops[16].rf_reg_q_reg[7]/RD
                                2.00           3.16          -1.16  (VIOLATED)
       PIN :   ibex_top_inst/gen_regfile_ff.register_file_i/g_rf_flops[16].rf_reg_q_reg[6]/RD
                                2.00           3.16          -1.16  (VIOLATED)
       PIN :   ibex_top_inst/gen_regfile_ff.register_file_i/g_rf_flops[16].rf_reg_q_reg[5]/RD
                                2.00           3.16          -1.16  (VIOLATED)
       PIN :   ibex_top_inst/gen_regfile_ff.register_file_i/g_rf_flops[16].rf_reg_q_reg[4]/RD
                                2.00           3.16          -1.16  (VIOLATED)
       PIN :   ibex_top_inst/gen_regfile_ff.register_file_i/g_rf_flops[16].rf_reg_q_reg[3]/RD
                                2.00           3.16          -1.16  (VIOLATED)
       PIN :   ibex_top_inst/gen_regfile_ff.register_file_i/g_rf_flops[16].rf_reg_q_reg[2]/RD
                                2.00           3.16          -1.16  (VIOLATED)
       PIN :   ibex_top_inst/gen_regfile_ff.register_file_i/g_rf_flops[16].rf_reg_q_reg[1]/RD
                                2.00           3.16          -1.16  (VIOLATED)
       PIN :   ibex_top_inst/gen_regfile_ff.register_file_i/g_rf_flops[17].rf_reg_q_reg[31]/RD
                                2.00           3.16          -1.16  (VIOLATED)
       PIN :   ibex_top_inst/gen_regfile_ff.register_file_i/g_rf_flops[17].rf_reg_q_reg[30]/RD
                                2.00           3.16          -1.16  (VIOLATED)
       PIN :   ibex_top_inst/gen_regfile_ff.register_file_i/g_rf_flops[17].rf_reg_q_reg[29]/RD
                                2.00           3.16          -1.16  (VIOLATED)
       PIN :   ibex_top_inst/gen_regfile_ff.register_file_i/g_rf_flops[17].rf_reg_q_reg[28]/RD
                                2.00           3.16          -1.16  (VIOLATED)
       PIN :   ibex_top_inst/gen_regfile_ff.register_file_i/g_rf_flops[17].rf_reg_q_reg[26]/RD
                                2.00           3.16          -1.16  (VIOLATED)
       PIN :   ibex_top_inst/gen_regfile_ff.register_file_i/g_rf_flops[17].rf_reg_q_reg[25]/RD
                                2.00           3.16          -1.16  (VIOLATED)
       PIN :   ibex_top_inst/gen_regfile_ff.register_file_i/g_rf_flops[17].rf_reg_q_reg[24]/RD
                                2.00           3.16          -1.16  (VIOLATED)
       PIN :   ibex_top_inst/gen_regfile_ff.register_file_i/g_rf_flops[17].rf_reg_q_reg[23]/RD
                                2.00           3.16          -1.16  (VIOLATED)
       PIN :   ibex_top_inst/gen_regfile_ff.register_file_i/g_rf_flops[17].rf_reg_q_reg[22]/RD
                                2.00           3.16          -1.16  (VIOLATED)
       PIN :   ibex_top_inst/gen_regfile_ff.register_file_i/g_rf_flops[17].rf_reg_q_reg[21]/RD
                                2.00           3.16          -1.16  (VIOLATED)
       PIN :   ibex_top_inst/gen_regfile_ff.register_file_i/g_rf_flops[17].rf_reg_q_reg[19]/RD
                                2.00           3.16          -1.16  (VIOLATED)
       PIN :   ibex_top_inst/gen_regfile_ff.register_file_i/g_rf_flops[17].rf_reg_q_reg[18]/RD
                                2.00           3.16          -1.16  (VIOLATED)
       PIN :   ibex_top_inst/gen_regfile_ff.register_file_i/g_rf_flops[17].rf_reg_q_reg[16]/RD
                                2.00           3.16          -1.16  (VIOLATED)
       PIN :   ibex_top_inst/gen_regfile_ff.register_file_i/g_rf_flops[17].rf_reg_q_reg[15]/RD
                                2.00           3.16          -1.16  (VIOLATED)
       PIN :   ibex_top_inst/gen_regfile_ff.register_file_i/g_rf_flops[17].rf_reg_q_reg[14]/RD
                                2.00           3.16          -1.16  (VIOLATED)
       PIN :   ibex_top_inst/gen_regfile_ff.register_file_i/g_rf_flops[17].rf_reg_q_reg[13]/RD
                                2.00           3.16          -1.16  (VIOLATED)
       PIN :   ibex_top_inst/gen_regfile_ff.register_file_i/g_rf_flops[17].rf_reg_q_reg[12]/RD
                                2.00           3.16          -1.16  (VIOLATED)
       PIN :   ibex_top_inst/gen_regfile_ff.register_file_i/g_rf_flops[17].rf_reg_q_reg[10]/RD
                                2.00           3.16          -1.16  (VIOLATED)
       PIN :   ibex_top_inst/gen_regfile_ff.register_file_i/g_rf_flops[17].rf_reg_q_reg[9]/RD
                                2.00           3.16          -1.16  (VIOLATED)
       PIN :   ibex_top_inst/gen_regfile_ff.register_file_i/g_rf_flops[17].rf_reg_q_reg[8]/RD
                                2.00           3.16          -1.16  (VIOLATED)
       PIN :   ibex_top_inst/gen_regfile_ff.register_file_i/g_rf_flops[17].rf_reg_q_reg[7]/RD
                                2.00           3.16          -1.16  (VIOLATED)
       PIN :   ibex_top_inst/gen_regfile_ff.register_file_i/g_rf_flops[17].rf_reg_q_reg[6]/RD
                                2.00           3.16          -1.16  (VIOLATED)
       PIN :   ibex_top_inst/gen_regfile_ff.register_file_i/g_rf_flops[17].rf_reg_q_reg[5]/RD
                                2.00           3.16          -1.16  (VIOLATED)
       PIN :   ibex_top_inst/gen_regfile_ff.register_file_i/g_rf_flops[17].rf_reg_q_reg[4]/RD
                                2.00           3.16          -1.16  (VIOLATED)
       PIN :   ibex_top_inst/gen_regfile_ff.register_file_i/g_rf_flops[17].rf_reg_q_reg[3]/RD
                                2.00           3.16          -1.16  (VIOLATED)
       PIN :   ibex_top_inst/gen_regfile_ff.register_file_i/g_rf_flops[17].rf_reg_q_reg[1]/RD
                                2.00           3.16          -1.16  (VIOLATED)
       PIN :   ibex_top_inst/gen_regfile_ff.register_file_i/g_rf_flops[17].rf_reg_q_reg[0]/RD
                                2.00           3.16          -1.16  (VIOLATED)
       PIN :   ibex_top_inst/gen_regfile_ff.register_file_i/g_rf_flops[18].rf_reg_q_reg[31]/RD
                                2.00           3.16          -1.16  (VIOLATED)
       PIN :   ibex_top_inst/gen_regfile_ff.register_file_i/g_rf_flops[18].rf_reg_q_reg[30]/RD
                                2.00           3.16          -1.16  (VIOLATED)
       PIN :   ibex_top_inst/gen_regfile_ff.register_file_i/g_rf_flops[18].rf_reg_q_reg[29]/RD
                                2.00           3.16          -1.16  (VIOLATED)
       PIN :   ibex_top_inst/gen_regfile_ff.register_file_i/g_rf_flops[18].rf_reg_q_reg[28]/RD
                                2.00           3.16          -1.16  (VIOLATED)
       PIN :   ibex_top_inst/gen_regfile_ff.register_file_i/g_rf_flops[18].rf_reg_q_reg[26]/RD
                                2.00           3.16          -1.16  (VIOLATED)
       PIN :   ibex_top_inst/gen_regfile_ff.register_file_i/g_rf_flops[18].rf_reg_q_reg[24]/RD
                                2.00           3.16          -1.16  (VIOLATED)
       PIN :   ibex_top_inst/gen_regfile_ff.register_file_i/g_rf_flops[18].rf_reg_q_reg[23]/RD
                                2.00           3.16          -1.16  (VIOLATED)
       PIN :   ibex_top_inst/gen_regfile_ff.register_file_i/g_rf_flops[18].rf_reg_q_reg[22]/RD
                                2.00           3.16          -1.16  (VIOLATED)
       PIN :   ibex_top_inst/gen_regfile_ff.register_file_i/g_rf_flops[18].rf_reg_q_reg[21]/RD
                                2.00           3.16          -1.16  (VIOLATED)
       PIN :   ibex_top_inst/gen_regfile_ff.register_file_i/g_rf_flops[18].rf_reg_q_reg[20]/RD
                                2.00           3.16          -1.16  (VIOLATED)
       PIN :   ibex_top_inst/gen_regfile_ff.register_file_i/g_rf_flops[18].rf_reg_q_reg[17]/RD
                                2.00           3.16          -1.16  (VIOLATED)
       PIN :   ibex_top_inst/gen_regfile_ff.register_file_i/g_rf_flops[18].rf_reg_q_reg[16]/RD
                                2.00           3.16          -1.16  (VIOLATED)
       PIN :   ibex_top_inst/gen_regfile_ff.register_file_i/g_rf_flops[18].rf_reg_q_reg[15]/RD
                                2.00           3.16          -1.16  (VIOLATED)
       PIN :   ibex_top_inst/gen_regfile_ff.register_file_i/g_rf_flops[18].rf_reg_q_reg[14]/RD
                                2.00           3.16          -1.16  (VIOLATED)
       PIN :   ibex_top_inst/gen_regfile_ff.register_file_i/g_rf_flops[18].rf_reg_q_reg[13]/RD
                                2.00           3.16          -1.16  (VIOLATED)
       PIN :   ibex_top_inst/gen_regfile_ff.register_file_i/g_rf_flops[18].rf_reg_q_reg[12]/RD
                                2.00           3.16          -1.16  (VIOLATED)
       PIN :   ibex_top_inst/gen_regfile_ff.register_file_i/g_rf_flops[18].rf_reg_q_reg[10]/RD
                                2.00           3.16          -1.16  (VIOLATED)
       PIN :   ibex_top_inst/gen_regfile_ff.register_file_i/g_rf_flops[18].rf_reg_q_reg[9]/RD
                                2.00           3.16          -1.16  (VIOLATED)
       PIN :   ibex_top_inst/gen_regfile_ff.register_file_i/g_rf_flops[18].rf_reg_q_reg[8]/RD
                                2.00           3.16          -1.16  (VIOLATED)
       PIN :   ibex_top_inst/gen_regfile_ff.register_file_i/g_rf_flops[18].rf_reg_q_reg[6]/RD
                                2.00           3.16          -1.16  (VIOLATED)
       PIN :   ibex_top_inst/gen_regfile_ff.register_file_i/g_rf_flops[18].rf_reg_q_reg[5]/RD
                                2.00           3.16          -1.16  (VIOLATED)
       PIN :   ibex_top_inst/gen_regfile_ff.register_file_i/g_rf_flops[18].rf_reg_q_reg[3]/RD
                                2.00           3.16          -1.16  (VIOLATED)
       PIN :   ibex_top_inst/gen_regfile_ff.register_file_i/g_rf_flops[18].rf_reg_q_reg[2]/RD
                                2.00           3.16          -1.16  (VIOLATED)
       PIN :   ibex_top_inst/gen_regfile_ff.register_file_i/g_rf_flops[18].rf_reg_q_reg[1]/RD
                                2.00           3.16          -1.16  (VIOLATED)
       PIN :   ibex_top_inst/gen_regfile_ff.register_file_i/g_rf_flops[18].rf_reg_q_reg[0]/RD
                                2.00           3.16          -1.16  (VIOLATED)
       PIN :   ibex_top_inst/gen_regfile_ff.register_file_i/g_rf_flops[19].rf_reg_q_reg[31]/RD
                                2.00           3.16          -1.16  (VIOLATED)
       PIN :   ibex_top_inst/gen_regfile_ff.register_file_i/g_rf_flops[19].rf_reg_q_reg[30]/RD
                                2.00           3.16          -1.16  (VIOLATED)
       PIN :   ibex_top_inst/gen_regfile_ff.register_file_i/g_rf_flops[19].rf_reg_q_reg[29]/RD
                                2.00           3.16          -1.16  (VIOLATED)
       PIN :   ibex_top_inst/gen_regfile_ff.register_file_i/g_rf_flops[19].rf_reg_q_reg[28]/RD
                                2.00           3.16          -1.16  (VIOLATED)
       PIN :   ibex_top_inst/gen_regfile_ff.register_file_i/g_rf_flops[19].rf_reg_q_reg[26]/RD
                                2.00           3.16          -1.16  (VIOLATED)
       PIN :   ibex_top_inst/gen_regfile_ff.register_file_i/g_rf_flops[19].rf_reg_q_reg[25]/RD
                                2.00           3.16          -1.16  (VIOLATED)
       PIN :   ibex_top_inst/gen_regfile_ff.register_file_i/g_rf_flops[19].rf_reg_q_reg[24]/RD
                                2.00           3.16          -1.16  (VIOLATED)
       PIN :   ibex_top_inst/gen_regfile_ff.register_file_i/g_rf_flops[19].rf_reg_q_reg[23]/RD
                                2.00           3.16          -1.16  (VIOLATED)
       PIN :   ibex_top_inst/gen_regfile_ff.register_file_i/g_rf_flops[19].rf_reg_q_reg[22]/RD
                                2.00           3.16          -1.16  (VIOLATED)
       PIN :   ibex_top_inst/gen_regfile_ff.register_file_i/g_rf_flops[19].rf_reg_q_reg[20]/RD
                                2.00           3.16          -1.16  (VIOLATED)
       PIN :   ibex_top_inst/gen_regfile_ff.register_file_i/g_rf_flops[19].rf_reg_q_reg[19]/RD
                                2.00           3.16          -1.16  (VIOLATED)
       PIN :   ibex_top_inst/gen_regfile_ff.register_file_i/g_rf_flops[19].rf_reg_q_reg[18]/RD
                                2.00           3.16          -1.16  (VIOLATED)
       PIN :   ibex_top_inst/gen_regfile_ff.register_file_i/g_rf_flops[19].rf_reg_q_reg[17]/RD
                                2.00           3.16          -1.16  (VIOLATED)
       PIN :   ibex_top_inst/gen_regfile_ff.register_file_i/g_rf_flops[19].rf_reg_q_reg[16]/RD
                                2.00           3.16          -1.16  (VIOLATED)
       PIN :   ibex_top_inst/gen_regfile_ff.register_file_i/g_rf_flops[19].rf_reg_q_reg[15]/RD
                                2.00           3.16          -1.16  (VIOLATED)
       PIN :   ibex_top_inst/gen_regfile_ff.register_file_i/g_rf_flops[19].rf_reg_q_reg[14]/RD
                                2.00           3.16          -1.16  (VIOLATED)
       PIN :   ibex_top_inst/gen_regfile_ff.register_file_i/g_rf_flops[19].rf_reg_q_reg[13]/RD
                                2.00           3.16          -1.16  (VIOLATED)
       PIN :   ibex_top_inst/gen_regfile_ff.register_file_i/g_rf_flops[19].rf_reg_q_reg[12]/RD
                                2.00           3.16          -1.16  (VIOLATED)
       PIN :   ibex_top_inst/gen_regfile_ff.register_file_i/g_rf_flops[19].rf_reg_q_reg[10]/RD
                                2.00           3.16          -1.16  (VIOLATED)
       PIN :   ibex_top_inst/gen_regfile_ff.register_file_i/g_rf_flops[19].rf_reg_q_reg[9]/RD
                                2.00           3.16          -1.16  (VIOLATED)
       PIN :   ibex_top_inst/gen_regfile_ff.register_file_i/g_rf_flops[19].rf_reg_q_reg[8]/RD
                                2.00           3.16          -1.16  (VIOLATED)
       PIN :   ibex_top_inst/gen_regfile_ff.register_file_i/g_rf_flops[19].rf_reg_q_reg[7]/RD
                                2.00           3.16          -1.16  (VIOLATED)
       PIN :   ibex_top_inst/gen_regfile_ff.register_file_i/g_rf_flops[19].rf_reg_q_reg[5]/RD
                                2.00           3.16          -1.16  (VIOLATED)
       PIN :   ibex_top_inst/gen_regfile_ff.register_file_i/g_rf_flops[19].rf_reg_q_reg[4]/RD
                                2.00           3.16          -1.16  (VIOLATED)
       PIN :   ibex_top_inst/gen_regfile_ff.register_file_i/g_rf_flops[19].rf_reg_q_reg[3]/RD
                                2.00           3.16          -1.16  (VIOLATED)
       PIN :   ibex_top_inst/gen_regfile_ff.register_file_i/g_rf_flops[19].rf_reg_q_reg[2]/RD
                                2.00           3.16          -1.16  (VIOLATED)
       PIN :   ibex_top_inst/gen_regfile_ff.register_file_i/g_rf_flops[19].rf_reg_q_reg[1]/RD
                                2.00           3.16          -1.16  (VIOLATED)
       PIN :   ibex_top_inst/gen_regfile_ff.register_file_i/g_rf_flops[19].rf_reg_q_reg[0]/RD
                                2.00           3.16          -1.16  (VIOLATED)
       PIN :   ibex_top_inst/gen_regfile_ff.register_file_i/g_rf_flops[20].rf_reg_q_reg[31]/RD
                                2.00           3.16          -1.16  (VIOLATED)
       PIN :   ibex_top_inst/gen_regfile_ff.register_file_i/g_rf_flops[20].rf_reg_q_reg[30]/RD
                                2.00           3.16          -1.16  (VIOLATED)
       PIN :   ibex_top_inst/gen_regfile_ff.register_file_i/g_rf_flops[20].rf_reg_q_reg[29]/RD
                                2.00           3.16          -1.16  (VIOLATED)
       PIN :   ibex_top_inst/gen_regfile_ff.register_file_i/g_rf_flops[20].rf_reg_q_reg[28]/RD
                                2.00           3.16          -1.16  (VIOLATED)
       PIN :   ibex_top_inst/gen_regfile_ff.register_file_i/g_rf_flops[20].rf_reg_q_reg[26]/RD
                                2.00           3.16          -1.16  (VIOLATED)
       PIN :   ibex_top_inst/gen_regfile_ff.register_file_i/g_rf_flops[20].rf_reg_q_reg[25]/RD
                                2.00           3.16          -1.16  (VIOLATED)
       PIN :   ibex_top_inst/gen_regfile_ff.register_file_i/g_rf_flops[20].rf_reg_q_reg[24]/RD
                                2.00           3.16          -1.16  (VIOLATED)
       PIN :   ibex_top_inst/gen_regfile_ff.register_file_i/g_rf_flops[20].rf_reg_q_reg[22]/RD
                                2.00           3.16          -1.16  (VIOLATED)
       PIN :   ibex_top_inst/gen_regfile_ff.register_file_i/g_rf_flops[20].rf_reg_q_reg[21]/RD
                                2.00           3.16          -1.16  (VIOLATED)
       PIN :   ibex_top_inst/gen_regfile_ff.register_file_i/g_rf_flops[20].rf_reg_q_reg[20]/RD
                                2.00           3.16          -1.16  (VIOLATED)
       PIN :   ibex_top_inst/gen_regfile_ff.register_file_i/g_rf_flops[20].rf_reg_q_reg[18]/RD
                                2.00           3.16          -1.16  (VIOLATED)
       PIN :   ibex_top_inst/gen_regfile_ff.register_file_i/g_rf_flops[20].rf_reg_q_reg[17]/RD
                                2.00           3.16          -1.16  (VIOLATED)
       PIN :   ibex_top_inst/gen_regfile_ff.register_file_i/g_rf_flops[20].rf_reg_q_reg[16]/RD
                                2.00           3.16          -1.16  (VIOLATED)
       PIN :   ibex_top_inst/gen_regfile_ff.register_file_i/g_rf_flops[20].rf_reg_q_reg[15]/RD
                                2.00           3.16          -1.16  (VIOLATED)
       PIN :   ibex_top_inst/gen_regfile_ff.register_file_i/g_rf_flops[20].rf_reg_q_reg[14]/RD
                                2.00           3.16          -1.16  (VIOLATED)
       PIN :   ibex_top_inst/gen_regfile_ff.register_file_i/g_rf_flops[20].rf_reg_q_reg[13]/RD
                                2.00           3.16          -1.16  (VIOLATED)
       PIN :   ibex_top_inst/gen_regfile_ff.register_file_i/g_rf_flops[20].rf_reg_q_reg[12]/RD
                                2.00           3.16          -1.16  (VIOLATED)
       PIN :   ibex_top_inst/gen_regfile_ff.register_file_i/g_rf_flops[20].rf_reg_q_reg[10]/RD
                                2.00           3.16          -1.16  (VIOLATED)
       PIN :   ibex_top_inst/gen_regfile_ff.register_file_i/g_rf_flops[20].rf_reg_q_reg[9]/RD
                                2.00           3.16          -1.16  (VIOLATED)
       PIN :   ibex_top_inst/gen_regfile_ff.register_file_i/g_rf_flops[20].rf_reg_q_reg[7]/RD
                                2.00           3.16          -1.16  (VIOLATED)
       PIN :   ibex_top_inst/gen_regfile_ff.register_file_i/g_rf_flops[20].rf_reg_q_reg[6]/RD
                                2.00           3.16          -1.16  (VIOLATED)
       PIN :   ibex_top_inst/gen_regfile_ff.register_file_i/g_rf_flops[20].rf_reg_q_reg[5]/RD
                                2.00           3.16          -1.16  (VIOLATED)
       PIN :   ibex_top_inst/gen_regfile_ff.register_file_i/g_rf_flops[20].rf_reg_q_reg[4]/RD
                                2.00           3.16          -1.16  (VIOLATED)
       PIN :   ibex_top_inst/gen_regfile_ff.register_file_i/g_rf_flops[20].rf_reg_q_reg[3]/RD
                                2.00           3.16          -1.16  (VIOLATED)
       PIN :   ibex_top_inst/gen_regfile_ff.register_file_i/g_rf_flops[20].rf_reg_q_reg[2]/RD
                                2.00           3.16          -1.16  (VIOLATED)
       PIN :   ibex_top_inst/gen_regfile_ff.register_file_i/g_rf_flops[20].rf_reg_q_reg[1]/RD
                                2.00           3.16          -1.16  (VIOLATED)
       PIN :   ibex_top_inst/gen_regfile_ff.register_file_i/g_rf_flops[20].rf_reg_q_reg[0]/RD
                                2.00           3.16          -1.16  (VIOLATED)
       PIN :   ibex_top_inst/gen_regfile_ff.register_file_i/g_rf_flops[21].rf_reg_q_reg[31]/RD
                                2.00           3.16          -1.16  (VIOLATED)
       PIN :   ibex_top_inst/gen_regfile_ff.register_file_i/g_rf_flops[21].rf_reg_q_reg[30]/RD
                                2.00           3.16          -1.16  (VIOLATED)
       PIN :   ibex_top_inst/gen_regfile_ff.register_file_i/g_rf_flops[21].rf_reg_q_reg[29]/RD
                                2.00           3.16          -1.16  (VIOLATED)
       PIN :   ibex_top_inst/gen_regfile_ff.register_file_i/g_rf_flops[21].rf_reg_q_reg[28]/RD
                                2.00           3.16          -1.16  (VIOLATED)
       PIN :   ibex_top_inst/gen_regfile_ff.register_file_i/g_rf_flops[21].rf_reg_q_reg[26]/RD
                                2.00           3.16          -1.16  (VIOLATED)
       PIN :   ibex_top_inst/gen_regfile_ff.register_file_i/g_rf_flops[21].rf_reg_q_reg[24]/RD
                                2.00           3.16          -1.16  (VIOLATED)
       PIN :   ibex_top_inst/gen_regfile_ff.register_file_i/g_rf_flops[21].rf_reg_q_reg[23]/RD
                                2.00           3.16          -1.16  (VIOLATED)
       PIN :   ibex_top_inst/gen_regfile_ff.register_file_i/g_rf_flops[21].rf_reg_q_reg[22]/RD
                                2.00           3.16          -1.16  (VIOLATED)
       PIN :   ibex_top_inst/gen_regfile_ff.register_file_i/g_rf_flops[21].rf_reg_q_reg[21]/RD
                                2.00           3.16          -1.16  (VIOLATED)
       PIN :   ibex_top_inst/gen_regfile_ff.register_file_i/g_rf_flops[21].rf_reg_q_reg[20]/RD
                                2.00           3.16          -1.16  (VIOLATED)
       PIN :   ibex_top_inst/gen_regfile_ff.register_file_i/g_rf_flops[21].rf_reg_q_reg[19]/RD
                                2.00           3.16          -1.16  (VIOLATED)
       PIN :   ibex_top_inst/gen_regfile_ff.register_file_i/g_rf_flops[21].rf_reg_q_reg[18]/RD
                                2.00           3.16          -1.16  (VIOLATED)
       PIN :   ibex_top_inst/gen_regfile_ff.register_file_i/g_rf_flops[21].rf_reg_q_reg[17]/RD
                                2.00           3.16          -1.16  (VIOLATED)
       PIN :   ibex_top_inst/gen_regfile_ff.register_file_i/g_rf_flops[21].rf_reg_q_reg[16]/RD
                                2.00           3.16          -1.16  (VIOLATED)
       PIN :   ibex_top_inst/gen_regfile_ff.register_file_i/g_rf_flops[21].rf_reg_q_reg[15]/RD
                                2.00           3.16          -1.16  (VIOLATED)
       PIN :   ibex_top_inst/gen_regfile_ff.register_file_i/g_rf_flops[21].rf_reg_q_reg[14]/RD
                                2.00           3.16          -1.16  (VIOLATED)
       PIN :   ibex_top_inst/gen_regfile_ff.register_file_i/g_rf_flops[21].rf_reg_q_reg[13]/RD
                                2.00           3.16          -1.16  (VIOLATED)
       PIN :   ibex_top_inst/gen_regfile_ff.register_file_i/g_rf_flops[21].rf_reg_q_reg[12]/RD
                                2.00           3.16          -1.16  (VIOLATED)
       PIN :   ibex_top_inst/gen_regfile_ff.register_file_i/g_rf_flops[21].rf_reg_q_reg[9]/RD
                                2.00           3.16          -1.16  (VIOLATED)
       PIN :   ibex_top_inst/gen_regfile_ff.register_file_i/g_rf_flops[21].rf_reg_q_reg[8]/RD
                                2.00           3.16          -1.16  (VIOLATED)
       PIN :   ibex_top_inst/gen_regfile_ff.register_file_i/g_rf_flops[21].rf_reg_q_reg[7]/RD
                                2.00           3.16          -1.16  (VIOLATED)
       PIN :   ibex_top_inst/gen_regfile_ff.register_file_i/g_rf_flops[21].rf_reg_q_reg[6]/RD
                                2.00           3.16          -1.16  (VIOLATED)
       PIN :   ibex_top_inst/gen_regfile_ff.register_file_i/g_rf_flops[21].rf_reg_q_reg[5]/RD
                                2.00           3.16          -1.16  (VIOLATED)
       PIN :   ibex_top_inst/gen_regfile_ff.register_file_i/g_rf_flops[21].rf_reg_q_reg[4]/RD
                                2.00           3.16          -1.16  (VIOLATED)
       PIN :   ibex_top_inst/gen_regfile_ff.register_file_i/g_rf_flops[21].rf_reg_q_reg[3]/RD
                                2.00           3.16          -1.16  (VIOLATED)
       PIN :   ibex_top_inst/gen_regfile_ff.register_file_i/g_rf_flops[21].rf_reg_q_reg[2]/RD
                                2.00           3.16          -1.16  (VIOLATED)
       PIN :   ibex_top_inst/gen_regfile_ff.register_file_i/g_rf_flops[21].rf_reg_q_reg[1]/RD
                                2.00           3.16          -1.16  (VIOLATED)
       PIN :   ibex_top_inst/gen_regfile_ff.register_file_i/g_rf_flops[21].rf_reg_q_reg[0]/RD
                                2.00           3.16          -1.16  (VIOLATED)
       PIN :   ibex_top_inst/gen_regfile_ff.register_file_i/g_rf_flops[22].rf_reg_q_reg[31]/RD
                                2.00           3.16          -1.16  (VIOLATED)
       PIN :   ibex_top_inst/gen_regfile_ff.register_file_i/g_rf_flops[22].rf_reg_q_reg[30]/RD
                                2.00           3.16          -1.16  (VIOLATED)
       PIN :   ibex_top_inst/gen_regfile_ff.register_file_i/g_rf_flops[22].rf_reg_q_reg[29]/RD
                                2.00           3.16          -1.16  (VIOLATED)
       PIN :   ibex_top_inst/gen_regfile_ff.register_file_i/g_rf_flops[22].rf_reg_q_reg[28]/RD
                                2.00           3.16          -1.16  (VIOLATED)
       PIN :   ibex_top_inst/gen_regfile_ff.register_file_i/g_rf_flops[22].rf_reg_q_reg[25]/RD
                                2.00           3.16          -1.16  (VIOLATED)
       PIN :   ibex_top_inst/gen_regfile_ff.register_file_i/g_rf_flops[22].rf_reg_q_reg[24]/RD
                                2.00           3.16          -1.16  (VIOLATED)
       PIN :   ibex_top_inst/gen_regfile_ff.register_file_i/g_rf_flops[22].rf_reg_q_reg[23]/RD
                                2.00           3.16          -1.16  (VIOLATED)
       PIN :   ibex_top_inst/gen_regfile_ff.register_file_i/g_rf_flops[22].rf_reg_q_reg[22]/RD
                                2.00           3.16          -1.16  (VIOLATED)
       PIN :   ibex_top_inst/gen_regfile_ff.register_file_i/g_rf_flops[22].rf_reg_q_reg[21]/RD
                                2.00           3.16          -1.16  (VIOLATED)
       PIN :   ibex_top_inst/gen_regfile_ff.register_file_i/g_rf_flops[22].rf_reg_q_reg[20]/RD
                                2.00           3.16          -1.16  (VIOLATED)
       PIN :   ibex_top_inst/gen_regfile_ff.register_file_i/g_rf_flops[22].rf_reg_q_reg[19]/RD
                                2.00           3.16          -1.16  (VIOLATED)
       PIN :   ibex_top_inst/gen_regfile_ff.register_file_i/g_rf_flops[22].rf_reg_q_reg[18]/RD
                                2.00           3.16          -1.16  (VIOLATED)
       PIN :   ibex_top_inst/gen_regfile_ff.register_file_i/g_rf_flops[22].rf_reg_q_reg[17]/RD
                                2.00           3.16          -1.16  (VIOLATED)
       PIN :   ibex_top_inst/gen_regfile_ff.register_file_i/g_rf_flops[22].rf_reg_q_reg[16]/RD
                                2.00           3.16          -1.16  (VIOLATED)
       PIN :   ibex_top_inst/gen_regfile_ff.register_file_i/g_rf_flops[22].rf_reg_q_reg[15]/RD
                                2.00           3.16          -1.16  (VIOLATED)
       PIN :   ibex_top_inst/gen_regfile_ff.register_file_i/g_rf_flops[22].rf_reg_q_reg[14]/RD
                                2.00           3.16          -1.16  (VIOLATED)
       PIN :   ibex_top_inst/gen_regfile_ff.register_file_i/g_rf_flops[22].rf_reg_q_reg[13]/RD
                                2.00           3.16          -1.16  (VIOLATED)
       PIN :   ibex_top_inst/gen_regfile_ff.register_file_i/g_rf_flops[22].rf_reg_q_reg[11]/RD
                                2.00           3.16          -1.16  (VIOLATED)
       PIN :   ibex_top_inst/gen_regfile_ff.register_file_i/g_rf_flops[22].rf_reg_q_reg[9]/RD
                                2.00           3.16          -1.16  (VIOLATED)
       PIN :   ibex_top_inst/gen_regfile_ff.register_file_i/g_rf_flops[22].rf_reg_q_reg[8]/RD
                                2.00           3.16          -1.16  (VIOLATED)
       PIN :   ibex_top_inst/gen_regfile_ff.register_file_i/g_rf_flops[22].rf_reg_q_reg[7]/RD
                                2.00           3.16          -1.16  (VIOLATED)
       PIN :   ibex_top_inst/gen_regfile_ff.register_file_i/g_rf_flops[22].rf_reg_q_reg[6]/RD
                                2.00           3.16          -1.16  (VIOLATED)
       PIN :   ibex_top_inst/gen_regfile_ff.register_file_i/g_rf_flops[22].rf_reg_q_reg[5]/RD
                                2.00           3.16          -1.16  (VIOLATED)
       PIN :   ibex_top_inst/gen_regfile_ff.register_file_i/g_rf_flops[22].rf_reg_q_reg[4]/RD
                                2.00           3.16          -1.16  (VIOLATED)
       PIN :   ibex_top_inst/gen_regfile_ff.register_file_i/g_rf_flops[22].rf_reg_q_reg[3]/RD
                                2.00           3.16          -1.16  (VIOLATED)
       PIN :   ibex_top_inst/gen_regfile_ff.register_file_i/g_rf_flops[22].rf_reg_q_reg[2]/RD
                                2.00           3.16          -1.16  (VIOLATED)
       PIN :   ibex_top_inst/gen_regfile_ff.register_file_i/g_rf_flops[22].rf_reg_q_reg[1]/RD
                                2.00           3.16          -1.16  (VIOLATED)
       PIN :   ibex_top_inst/gen_regfile_ff.register_file_i/g_rf_flops[22].rf_reg_q_reg[0]/RD
                                2.00           3.16          -1.16  (VIOLATED)
       PIN :   ibex_top_inst/gen_regfile_ff.register_file_i/g_rf_flops[23].rf_reg_q_reg[31]/RD
                                2.00           3.16          -1.16  (VIOLATED)
       PIN :   ibex_top_inst/gen_regfile_ff.register_file_i/g_rf_flops[23].rf_reg_q_reg[30]/RD
                                2.00           3.16          -1.16  (VIOLATED)
       PIN :   ibex_top_inst/gen_regfile_ff.register_file_i/g_rf_flops[23].rf_reg_q_reg[28]/RD
                                2.00           3.16          -1.16  (VIOLATED)
       PIN :   ibex_top_inst/gen_regfile_ff.register_file_i/g_rf_flops[23].rf_reg_q_reg[27]/RD
                                2.00           3.16          -1.16  (VIOLATED)
       PIN :   ibex_top_inst/gen_regfile_ff.register_file_i/g_rf_flops[23].rf_reg_q_reg[25]/RD
                                2.00           3.16          -1.16  (VIOLATED)
       PIN :   ibex_top_inst/gen_regfile_ff.register_file_i/g_rf_flops[23].rf_reg_q_reg[24]/RD
                                2.00           3.16          -1.16  (VIOLATED)
       PIN :   ibex_top_inst/gen_regfile_ff.register_file_i/g_rf_flops[23].rf_reg_q_reg[23]/RD
                                2.00           3.16          -1.16  (VIOLATED)
       PIN :   ibex_top_inst/gen_regfile_ff.register_file_i/g_rf_flops[23].rf_reg_q_reg[22]/RD
                                2.00           3.16          -1.16  (VIOLATED)
       PIN :   ibex_top_inst/gen_regfile_ff.register_file_i/g_rf_flops[23].rf_reg_q_reg[21]/RD
                                2.00           3.16          -1.16  (VIOLATED)
       PIN :   ibex_top_inst/gen_regfile_ff.register_file_i/g_rf_flops[23].rf_reg_q_reg[20]/RD
                                2.00           3.16          -1.16  (VIOLATED)
       PIN :   ibex_top_inst/gen_regfile_ff.register_file_i/g_rf_flops[23].rf_reg_q_reg[19]/RD
                                2.00           3.16          -1.16  (VIOLATED)
       PIN :   ibex_top_inst/gen_regfile_ff.register_file_i/g_rf_flops[23].rf_reg_q_reg[18]/RD
                                2.00           3.16          -1.16  (VIOLATED)
       PIN :   ibex_top_inst/gen_regfile_ff.register_file_i/g_rf_flops[23].rf_reg_q_reg[17]/RD
                                2.00           3.16          -1.16  (VIOLATED)
       PIN :   ibex_top_inst/gen_regfile_ff.register_file_i/g_rf_flops[23].rf_reg_q_reg[16]/RD
                                2.00           3.16          -1.16  (VIOLATED)
       PIN :   ibex_top_inst/gen_regfile_ff.register_file_i/g_rf_flops[23].rf_reg_q_reg[15]/RD
                                2.00           3.16          -1.16  (VIOLATED)
       PIN :   ibex_top_inst/gen_regfile_ff.register_file_i/g_rf_flops[23].rf_reg_q_reg[13]/RD
                                2.00           3.16          -1.16  (VIOLATED)
       PIN :   ibex_top_inst/gen_regfile_ff.register_file_i/g_rf_flops[23].rf_reg_q_reg[12]/RD
                                2.00           3.16          -1.16  (VIOLATED)
       PIN :   ibex_top_inst/gen_regfile_ff.register_file_i/g_rf_flops[23].rf_reg_q_reg[11]/RD
                                2.00           3.16          -1.16  (VIOLATED)
       PIN :   ibex_top_inst/gen_regfile_ff.register_file_i/g_rf_flops[23].rf_reg_q_reg[9]/RD
                                2.00           3.16          -1.16  (VIOLATED)
       PIN :   ibex_top_inst/gen_regfile_ff.register_file_i/g_rf_flops[23].rf_reg_q_reg[8]/RD
                                2.00           3.16          -1.16  (VIOLATED)
       PIN :   ibex_top_inst/gen_regfile_ff.register_file_i/g_rf_flops[23].rf_reg_q_reg[7]/RD
                                2.00           3.16          -1.16  (VIOLATED)
       PIN :   ibex_top_inst/gen_regfile_ff.register_file_i/g_rf_flops[23].rf_reg_q_reg[6]/RD
                                2.00           3.16          -1.16  (VIOLATED)
       PIN :   ibex_top_inst/gen_regfile_ff.register_file_i/g_rf_flops[23].rf_reg_q_reg[5]/RD
                                2.00           3.16          -1.16  (VIOLATED)
       PIN :   ibex_top_inst/gen_regfile_ff.register_file_i/g_rf_flops[23].rf_reg_q_reg[4]/RD
                                2.00           3.16          -1.16  (VIOLATED)
       PIN :   ibex_top_inst/gen_regfile_ff.register_file_i/g_rf_flops[23].rf_reg_q_reg[3]/RD
                                2.00           3.16          -1.16  (VIOLATED)
       PIN :   ibex_top_inst/gen_regfile_ff.register_file_i/g_rf_flops[23].rf_reg_q_reg[2]/RD
                                2.00           3.16          -1.16  (VIOLATED)
       PIN :   ibex_top_inst/gen_regfile_ff.register_file_i/g_rf_flops[23].rf_reg_q_reg[1]/RD
                                2.00           3.16          -1.16  (VIOLATED)
       PIN :   ibex_top_inst/gen_regfile_ff.register_file_i/g_rf_flops[23].rf_reg_q_reg[0]/RD
                                2.00           3.16          -1.16  (VIOLATED)
       PIN :   ibex_top_inst/gen_regfile_ff.register_file_i/g_rf_flops[24].rf_reg_q_reg[30]/RD
                                2.00           3.16          -1.16  (VIOLATED)
       PIN :   ibex_top_inst/gen_regfile_ff.register_file_i/g_rf_flops[24].rf_reg_q_reg[29]/RD
                                2.00           3.16          -1.16  (VIOLATED)
       PIN :   ibex_top_inst/gen_regfile_ff.register_file_i/g_rf_flops[24].rf_reg_q_reg[28]/RD
                                2.00           3.16          -1.16  (VIOLATED)
       PIN :   ibex_top_inst/gen_regfile_ff.register_file_i/g_rf_flops[24].rf_reg_q_reg[27]/RD
                                2.00           3.16          -1.16  (VIOLATED)
       PIN :   ibex_top_inst/gen_regfile_ff.register_file_i/g_rf_flops[24].rf_reg_q_reg[25]/RD
                                2.00           3.16          -1.16  (VIOLATED)
       PIN :   ibex_top_inst/gen_regfile_ff.register_file_i/g_rf_flops[24].rf_reg_q_reg[24]/RD
                                2.00           3.16          -1.16  (VIOLATED)
       PIN :   ibex_top_inst/gen_regfile_ff.register_file_i/g_rf_flops[24].rf_reg_q_reg[23]/RD
                                2.00           3.16          -1.16  (VIOLATED)
       PIN :   ibex_top_inst/gen_regfile_ff.register_file_i/g_rf_flops[24].rf_reg_q_reg[22]/RD
                                2.00           3.16          -1.16  (VIOLATED)
       PIN :   ibex_top_inst/gen_regfile_ff.register_file_i/g_rf_flops[24].rf_reg_q_reg[21]/RD
                                2.00           3.16          -1.16  (VIOLATED)
       PIN :   ibex_top_inst/gen_regfile_ff.register_file_i/g_rf_flops[24].rf_reg_q_reg[20]/RD
                                2.00           3.16          -1.16  (VIOLATED)
       PIN :   ibex_top_inst/gen_regfile_ff.register_file_i/g_rf_flops[24].rf_reg_q_reg[19]/RD
                                2.00           3.16          -1.16  (VIOLATED)
       PIN :   ibex_top_inst/gen_regfile_ff.register_file_i/g_rf_flops[24].rf_reg_q_reg[18]/RD
                                2.00           3.16          -1.16  (VIOLATED)
       PIN :   ibex_top_inst/gen_regfile_ff.register_file_i/g_rf_flops[24].rf_reg_q_reg[17]/RD
                                2.00           3.16          -1.16  (VIOLATED)
       PIN :   ibex_top_inst/gen_regfile_ff.register_file_i/g_rf_flops[24].rf_reg_q_reg[15]/RD
                                2.00           3.16          -1.16  (VIOLATED)
       PIN :   ibex_top_inst/gen_regfile_ff.register_file_i/g_rf_flops[24].rf_reg_q_reg[14]/RD
                                2.00           3.16          -1.16  (VIOLATED)
       PIN :   ibex_top_inst/gen_regfile_ff.register_file_i/g_rf_flops[24].rf_reg_q_reg[13]/RD
                                2.00           3.16          -1.16  (VIOLATED)
       PIN :   ibex_top_inst/gen_regfile_ff.register_file_i/g_rf_flops[24].rf_reg_q_reg[12]/RD
                                2.00           3.16          -1.16  (VIOLATED)
       PIN :   ibex_top_inst/gen_regfile_ff.register_file_i/g_rf_flops[24].rf_reg_q_reg[11]/RD
                                2.00           3.16          -1.16  (VIOLATED)
       PIN :   ibex_top_inst/gen_regfile_ff.register_file_i/g_rf_flops[24].rf_reg_q_reg[9]/RD
                                2.00           3.16          -1.16  (VIOLATED)
       PIN :   ibex_top_inst/gen_regfile_ff.register_file_i/g_rf_flops[24].rf_reg_q_reg[8]/RD
                                2.00           3.16          -1.16  (VIOLATED)
       PIN :   ibex_top_inst/gen_regfile_ff.register_file_i/g_rf_flops[24].rf_reg_q_reg[7]/RD
                                2.00           3.16          -1.16  (VIOLATED)
       PIN :   ibex_top_inst/gen_regfile_ff.register_file_i/g_rf_flops[24].rf_reg_q_reg[6]/RD
                                2.00           3.16          -1.16  (VIOLATED)
       PIN :   ibex_top_inst/gen_regfile_ff.register_file_i/g_rf_flops[24].rf_reg_q_reg[5]/RD
                                2.00           3.16          -1.16  (VIOLATED)
       PIN :   ibex_top_inst/gen_regfile_ff.register_file_i/g_rf_flops[24].rf_reg_q_reg[4]/RD
                                2.00           3.16          -1.16  (VIOLATED)
       PIN :   ibex_top_inst/gen_regfile_ff.register_file_i/g_rf_flops[24].rf_reg_q_reg[3]/RD
                                2.00           3.16          -1.16  (VIOLATED)
       PIN :   ibex_top_inst/gen_regfile_ff.register_file_i/g_rf_flops[24].rf_reg_q_reg[2]/RD
                                2.00           3.16          -1.16  (VIOLATED)
       PIN :   ibex_top_inst/gen_regfile_ff.register_file_i/g_rf_flops[24].rf_reg_q_reg[0]/RD
                                2.00           3.16          -1.16  (VIOLATED)
       PIN :   ibex_top_inst/gen_regfile_ff.register_file_i/g_rf_flops[25].rf_reg_q_reg[31]/RD
                                2.00           3.16          -1.16  (VIOLATED)
       PIN :   ibex_top_inst/gen_regfile_ff.register_file_i/g_rf_flops[25].rf_reg_q_reg[30]/RD
                                2.00           3.16          -1.16  (VIOLATED)
       PIN :   ibex_top_inst/gen_regfile_ff.register_file_i/g_rf_flops[25].rf_reg_q_reg[29]/RD
                                2.00           3.16          -1.16  (VIOLATED)
       PIN :   ibex_top_inst/gen_regfile_ff.register_file_i/g_rf_flops[25].rf_reg_q_reg[28]/RD
                                2.00           3.16          -1.16  (VIOLATED)
       PIN :   ibex_top_inst/gen_regfile_ff.register_file_i/g_rf_flops[25].rf_reg_q_reg[27]/RD
                                2.00           3.16          -1.16  (VIOLATED)
       PIN :   ibex_top_inst/gen_regfile_ff.register_file_i/g_rf_flops[25].rf_reg_q_reg[25]/RD
                                2.00           3.16          -1.16  (VIOLATED)
       PIN :   ibex_top_inst/gen_regfile_ff.register_file_i/g_rf_flops[25].rf_reg_q_reg[24]/RD
                                2.00           3.16          -1.16  (VIOLATED)
       PIN :   ibex_top_inst/gen_regfile_ff.register_file_i/g_rf_flops[25].rf_reg_q_reg[23]/RD
                                2.00           3.16          -1.16  (VIOLATED)
       PIN :   ibex_top_inst/gen_regfile_ff.register_file_i/g_rf_flops[25].rf_reg_q_reg[22]/RD
                                2.00           3.16          -1.16  (VIOLATED)
       PIN :   ibex_top_inst/gen_regfile_ff.register_file_i/g_rf_flops[25].rf_reg_q_reg[21]/RD
                                2.00           3.16          -1.16  (VIOLATED)
       PIN :   ibex_top_inst/gen_regfile_ff.register_file_i/g_rf_flops[25].rf_reg_q_reg[20]/RD
                                2.00           3.16          -1.16  (VIOLATED)
       PIN :   ibex_top_inst/gen_regfile_ff.register_file_i/g_rf_flops[25].rf_reg_q_reg[19]/RD
                                2.00           3.16          -1.16  (VIOLATED)
       PIN :   ibex_top_inst/gen_regfile_ff.register_file_i/g_rf_flops[25].rf_reg_q_reg[17]/RD
                                2.00           3.16          -1.16  (VIOLATED)
       PIN :   ibex_top_inst/gen_regfile_ff.register_file_i/g_rf_flops[25].rf_reg_q_reg[16]/RD
                                2.00           3.16          -1.16  (VIOLATED)
       PIN :   ibex_top_inst/gen_regfile_ff.register_file_i/g_rf_flops[25].rf_reg_q_reg[15]/RD
                                2.00           3.16          -1.16  (VIOLATED)
       PIN :   ibex_top_inst/gen_regfile_ff.register_file_i/g_rf_flops[25].rf_reg_q_reg[14]/RD
                                2.00           3.16          -1.16  (VIOLATED)
       PIN :   ibex_top_inst/gen_regfile_ff.register_file_i/g_rf_flops[25].rf_reg_q_reg[13]/RD
                                2.00           3.16          -1.16  (VIOLATED)
       PIN :   ibex_top_inst/gen_regfile_ff.register_file_i/g_rf_flops[25].rf_reg_q_reg[12]/RD
                                2.00           3.16          -1.16  (VIOLATED)
       PIN :   ibex_top_inst/gen_regfile_ff.register_file_i/g_rf_flops[25].rf_reg_q_reg[11]/RD
                                2.00           3.16          -1.16  (VIOLATED)
       PIN :   ibex_top_inst/gen_regfile_ff.register_file_i/g_rf_flops[25].rf_reg_q_reg[9]/RD
                                2.00           3.16          -1.16  (VIOLATED)
       PIN :   ibex_top_inst/gen_regfile_ff.register_file_i/g_rf_flops[25].rf_reg_q_reg[8]/RD
                                2.00           3.16          -1.16  (VIOLATED)
       PIN :   ibex_top_inst/gen_regfile_ff.register_file_i/g_rf_flops[25].rf_reg_q_reg[7]/RD
                                2.00           3.16          -1.16  (VIOLATED)
       PIN :   ibex_top_inst/gen_regfile_ff.register_file_i/g_rf_flops[25].rf_reg_q_reg[6]/RD
                                2.00           3.16          -1.16  (VIOLATED)
       PIN :   ibex_top_inst/gen_regfile_ff.register_file_i/g_rf_flops[25].rf_reg_q_reg[5]/RD
                                2.00           3.16          -1.16  (VIOLATED)
       PIN :   ibex_top_inst/gen_regfile_ff.register_file_i/g_rf_flops[25].rf_reg_q_reg[4]/RD
                                2.00           3.16          -1.16  (VIOLATED)
       PIN :   ibex_top_inst/gen_regfile_ff.register_file_i/g_rf_flops[25].rf_reg_q_reg[2]/RD
                                2.00           3.16          -1.16  (VIOLATED)
       PIN :   ibex_top_inst/gen_regfile_ff.register_file_i/g_rf_flops[25].rf_reg_q_reg[1]/RD
                                2.00           3.16          -1.16  (VIOLATED)
       PIN :   ibex_top_inst/gen_regfile_ff.register_file_i/g_rf_flops[25].rf_reg_q_reg[0]/RD
                                2.00           3.16          -1.16  (VIOLATED)
       PIN :   ibex_top_inst/gen_regfile_ff.register_file_i/g_rf_flops[26].rf_reg_q_reg[31]/RD
                                2.00           3.16          -1.16  (VIOLATED)
       PIN :   ibex_top_inst/gen_regfile_ff.register_file_i/g_rf_flops[26].rf_reg_q_reg[30]/RD
                                2.00           3.16          -1.16  (VIOLATED)
       PIN :   ibex_top_inst/gen_regfile_ff.register_file_i/g_rf_flops[26].rf_reg_q_reg[29]/RD
                                2.00           3.16          -1.16  (VIOLATED)
       PIN :   ibex_top_inst/gen_regfile_ff.register_file_i/g_rf_flops[26].rf_reg_q_reg[28]/RD
                                2.00           3.16          -1.16  (VIOLATED)
       PIN :   ibex_top_inst/gen_regfile_ff.register_file_i/g_rf_flops[26].rf_reg_q_reg[27]/RD
                                2.00           3.16          -1.16  (VIOLATED)
       PIN :   ibex_top_inst/gen_regfile_ff.register_file_i/g_rf_flops[26].rf_reg_q_reg[25]/RD
                                2.00           3.16          -1.16  (VIOLATED)
       PIN :   ibex_top_inst/gen_regfile_ff.register_file_i/g_rf_flops[26].rf_reg_q_reg[24]/RD
                                2.00           3.16          -1.16  (VIOLATED)
       PIN :   ibex_top_inst/gen_regfile_ff.register_file_i/g_rf_flops[26].rf_reg_q_reg[23]/RD
                                2.00           3.16          -1.16  (VIOLATED)
       PIN :   ibex_top_inst/gen_regfile_ff.register_file_i/g_rf_flops[26].rf_reg_q_reg[22]/RD
                                2.00           3.16          -1.16  (VIOLATED)
       PIN :   ibex_top_inst/gen_regfile_ff.register_file_i/g_rf_flops[26].rf_reg_q_reg[21]/RD
                                2.00           3.16          -1.16  (VIOLATED)
       PIN :   ibex_top_inst/gen_regfile_ff.register_file_i/g_rf_flops[26].rf_reg_q_reg[19]/RD
                                2.00           3.16          -1.16  (VIOLATED)
       PIN :   ibex_top_inst/gen_regfile_ff.register_file_i/g_rf_flops[26].rf_reg_q_reg[18]/RD
                                2.00           3.16          -1.16  (VIOLATED)
       PIN :   ibex_top_inst/gen_regfile_ff.register_file_i/g_rf_flops[26].rf_reg_q_reg[17]/RD
                                2.00           3.16          -1.16  (VIOLATED)
       PIN :   ibex_top_inst/gen_regfile_ff.register_file_i/g_rf_flops[26].rf_reg_q_reg[16]/RD
                                2.00           3.16          -1.16  (VIOLATED)
       PIN :   ibex_top_inst/gen_regfile_ff.register_file_i/g_rf_flops[26].rf_reg_q_reg[15]/RD
                                2.00           3.16          -1.16  (VIOLATED)
       PIN :   ibex_top_inst/gen_regfile_ff.register_file_i/g_rf_flops[26].rf_reg_q_reg[14]/RD
                                2.00           3.16          -1.16  (VIOLATED)
       PIN :   ibex_top_inst/gen_regfile_ff.register_file_i/g_rf_flops[26].rf_reg_q_reg[13]/RD
                                2.00           3.16          -1.16  (VIOLATED)
       PIN :   ibex_top_inst/gen_regfile_ff.register_file_i/g_rf_flops[26].rf_reg_q_reg[12]/RD
                                2.00           3.16          -1.16  (VIOLATED)
       PIN :   ibex_top_inst/gen_regfile_ff.register_file_i/g_rf_flops[26].rf_reg_q_reg[11]/RD
                                2.00           3.16          -1.16  (VIOLATED)
       PIN :   ibex_top_inst/gen_regfile_ff.register_file_i/g_rf_flops[26].rf_reg_q_reg[9]/RD
                                2.00           3.16          -1.16  (VIOLATED)
       PIN :   ibex_top_inst/gen_regfile_ff.register_file_i/g_rf_flops[26].rf_reg_q_reg[8]/RD
                                2.00           3.16          -1.16  (VIOLATED)
       PIN :   ibex_top_inst/gen_regfile_ff.register_file_i/g_rf_flops[26].rf_reg_q_reg[7]/RD
                                2.00           3.16          -1.16  (VIOLATED)
       PIN :   ibex_top_inst/gen_regfile_ff.register_file_i/g_rf_flops[26].rf_reg_q_reg[6]/RD
                                2.00           3.16          -1.16  (VIOLATED)
       PIN :   ibex_top_inst/gen_regfile_ff.register_file_i/g_rf_flops[26].rf_reg_q_reg[4]/RD
                                2.00           3.16          -1.16  (VIOLATED)
       PIN :   ibex_top_inst/gen_regfile_ff.register_file_i/g_rf_flops[26].rf_reg_q_reg[3]/RD
                                2.00           3.16          -1.16  (VIOLATED)
       PIN :   ibex_top_inst/gen_regfile_ff.register_file_i/g_rf_flops[26].rf_reg_q_reg[2]/RD
                                2.00           3.16          -1.16  (VIOLATED)
       PIN :   ibex_top_inst/gen_regfile_ff.register_file_i/g_rf_flops[26].rf_reg_q_reg[1]/RD
                                2.00           3.16          -1.16  (VIOLATED)
       PIN :   ibex_top_inst/gen_regfile_ff.register_file_i/g_rf_flops[26].rf_reg_q_reg[0]/RD
                                2.00           3.16          -1.16  (VIOLATED)
       PIN :   ibex_top_inst/gen_regfile_ff.register_file_i/g_rf_flops[27].rf_reg_q_reg[31]/RD
                                2.00           3.16          -1.16  (VIOLATED)
       PIN :   ibex_top_inst/gen_regfile_ff.register_file_i/g_rf_flops[27].rf_reg_q_reg[30]/RD
                                2.00           3.16          -1.16  (VIOLATED)
       PIN :   ibex_top_inst/gen_regfile_ff.register_file_i/g_rf_flops[27].rf_reg_q_reg[29]/RD
                                2.00           3.16          -1.16  (VIOLATED)
       PIN :   ibex_top_inst/gen_regfile_ff.register_file_i/g_rf_flops[27].rf_reg_q_reg[28]/RD
                                2.00           3.16          -1.16  (VIOLATED)
       PIN :   ibex_top_inst/gen_regfile_ff.register_file_i/g_rf_flops[27].rf_reg_q_reg[27]/RD
                                2.00           3.16          -1.16  (VIOLATED)
       PIN :   ibex_top_inst/gen_regfile_ff.register_file_i/g_rf_flops[27].rf_reg_q_reg[24]/RD
                                2.00           3.16          -1.16  (VIOLATED)
       PIN :   ibex_top_inst/gen_regfile_ff.register_file_i/g_rf_flops[27].rf_reg_q_reg[23]/RD
                                2.00           3.16          -1.16  (VIOLATED)
       PIN :   ibex_top_inst/gen_regfile_ff.register_file_i/g_rf_flops[27].rf_reg_q_reg[21]/RD
                                2.00           3.16          -1.16  (VIOLATED)
       PIN :   ibex_top_inst/gen_regfile_ff.register_file_i/g_rf_flops[27].rf_reg_q_reg[20]/RD
                                2.00           3.16          -1.16  (VIOLATED)
       PIN :   ibex_top_inst/gen_regfile_ff.register_file_i/g_rf_flops[27].rf_reg_q_reg[19]/RD
                                2.00           3.16          -1.16  (VIOLATED)
       PIN :   ibex_top_inst/gen_regfile_ff.register_file_i/g_rf_flops[27].rf_reg_q_reg[18]/RD
                                2.00           3.16          -1.16  (VIOLATED)
       PIN :   ibex_top_inst/gen_regfile_ff.register_file_i/g_rf_flops[27].rf_reg_q_reg[17]/RD
                                2.00           3.16          -1.16  (VIOLATED)
       PIN :   ibex_top_inst/gen_regfile_ff.register_file_i/g_rf_flops[27].rf_reg_q_reg[16]/RD
                                2.00           3.16          -1.16  (VIOLATED)
       PIN :   ibex_top_inst/gen_regfile_ff.register_file_i/g_rf_flops[27].rf_reg_q_reg[15]/RD
                                2.00           3.16          -1.16  (VIOLATED)
       PIN :   ibex_top_inst/gen_regfile_ff.register_file_i/g_rf_flops[27].rf_reg_q_reg[14]/RD
                                2.00           3.16          -1.16  (VIOLATED)
       PIN :   ibex_top_inst/gen_regfile_ff.register_file_i/g_rf_flops[27].rf_reg_q_reg[13]/RD
                                2.00           3.16          -1.16  (VIOLATED)
       PIN :   ibex_top_inst/gen_regfile_ff.register_file_i/g_rf_flops[27].rf_reg_q_reg[12]/RD
                                2.00           3.16          -1.16  (VIOLATED)
       PIN :   ibex_top_inst/gen_regfile_ff.register_file_i/g_rf_flops[27].rf_reg_q_reg[11]/RD
                                2.00           3.16          -1.16  (VIOLATED)
       PIN :   ibex_top_inst/gen_regfile_ff.register_file_i/g_rf_flops[27].rf_reg_q_reg[9]/RD
                                2.00           3.16          -1.16  (VIOLATED)
       PIN :   ibex_top_inst/gen_regfile_ff.register_file_i/g_rf_flops[27].rf_reg_q_reg[8]/RD
                                2.00           3.16          -1.16  (VIOLATED)
       PIN :   ibex_top_inst/gen_regfile_ff.register_file_i/g_rf_flops[27].rf_reg_q_reg[6]/RD
                                2.00           3.16          -1.16  (VIOLATED)
       PIN :   ibex_top_inst/gen_regfile_ff.register_file_i/g_rf_flops[27].rf_reg_q_reg[5]/RD
                                2.00           3.16          -1.16  (VIOLATED)
       PIN :   ibex_top_inst/gen_regfile_ff.register_file_i/g_rf_flops[27].rf_reg_q_reg[4]/RD
                                2.00           3.16          -1.16  (VIOLATED)
       PIN :   ibex_top_inst/gen_regfile_ff.register_file_i/g_rf_flops[27].rf_reg_q_reg[3]/RD
                                2.00           3.16          -1.16  (VIOLATED)
       PIN :   ibex_top_inst/gen_regfile_ff.register_file_i/g_rf_flops[27].rf_reg_q_reg[2]/RD
                                2.00           3.16          -1.16  (VIOLATED)
       PIN :   ibex_top_inst/gen_regfile_ff.register_file_i/g_rf_flops[27].rf_reg_q_reg[1]/RD
                                2.00           3.16          -1.16  (VIOLATED)
       PIN :   ibex_top_inst/gen_regfile_ff.register_file_i/g_rf_flops[27].rf_reg_q_reg[0]/RD
                                2.00           3.16          -1.16  (VIOLATED)
       PIN :   ibex_top_inst/gen_regfile_ff.register_file_i/g_rf_flops[28].rf_reg_q_reg[31]/RD
                                2.00           3.16          -1.16  (VIOLATED)
       PIN :   ibex_top_inst/gen_regfile_ff.register_file_i/g_rf_flops[28].rf_reg_q_reg[30]/RD
                                2.00           3.16          -1.16  (VIOLATED)
       PIN :   ibex_top_inst/gen_regfile_ff.register_file_i/g_rf_flops[28].rf_reg_q_reg[29]/RD
                                2.00           3.16          -1.16  (VIOLATED)
       PIN :   ibex_top_inst/gen_regfile_ff.register_file_i/g_rf_flops[28].rf_reg_q_reg[28]/RD
                                2.00           3.16          -1.16  (VIOLATED)
       PIN :   ibex_top_inst/gen_regfile_ff.register_file_i/g_rf_flops[28].rf_reg_q_reg[27]/RD
                                2.00           3.16          -1.16  (VIOLATED)
       PIN :   ibex_top_inst/gen_regfile_ff.register_file_i/g_rf_flops[28].rf_reg_q_reg[25]/RD
                                2.00           3.16          -1.16  (VIOLATED)
       PIN :   ibex_top_inst/gen_regfile_ff.register_file_i/g_rf_flops[28].rf_reg_q_reg[23]/RD
                                2.00           3.16          -1.16  (VIOLATED)
       PIN :   ibex_top_inst/gen_regfile_ff.register_file_i/g_rf_flops[28].rf_reg_q_reg[22]/RD
                                2.00           3.16          -1.16  (VIOLATED)
       PIN :   ibex_top_inst/gen_regfile_ff.register_file_i/g_rf_flops[28].rf_reg_q_reg[21]/RD
                                2.00           3.16          -1.16  (VIOLATED)
       PIN :   ibex_top_inst/gen_regfile_ff.register_file_i/g_rf_flops[28].rf_reg_q_reg[20]/RD
                                2.00           3.16          -1.16  (VIOLATED)
       PIN :   ibex_top_inst/gen_regfile_ff.register_file_i/g_rf_flops[28].rf_reg_q_reg[19]/RD
                                2.00           3.16          -1.16  (VIOLATED)
       PIN :   ibex_top_inst/gen_regfile_ff.register_file_i/g_rf_flops[28].rf_reg_q_reg[18]/RD
                                2.00           3.16          -1.16  (VIOLATED)
       PIN :   ibex_top_inst/gen_regfile_ff.register_file_i/g_rf_flops[28].rf_reg_q_reg[17]/RD
                                2.00           3.16          -1.16  (VIOLATED)
       PIN :   ibex_top_inst/gen_regfile_ff.register_file_i/g_rf_flops[28].rf_reg_q_reg[16]/RD
                                2.00           3.16          -1.16  (VIOLATED)
       PIN :   ibex_top_inst/gen_regfile_ff.register_file_i/g_rf_flops[28].rf_reg_q_reg[15]/RD
                                2.00           3.16          -1.16  (VIOLATED)
       PIN :   ibex_top_inst/gen_regfile_ff.register_file_i/g_rf_flops[28].rf_reg_q_reg[14]/RD
                                2.00           3.16          -1.16  (VIOLATED)
       PIN :   ibex_top_inst/gen_regfile_ff.register_file_i/g_rf_flops[28].rf_reg_q_reg[13]/RD
                                2.00           3.16          -1.16  (VIOLATED)
       PIN :   ibex_top_inst/gen_regfile_ff.register_file_i/g_rf_flops[28].rf_reg_q_reg[12]/RD
                                2.00           3.16          -1.16  (VIOLATED)
       PIN :   ibex_top_inst/gen_regfile_ff.register_file_i/g_rf_flops[28].rf_reg_q_reg[11]/RD
                                2.00           3.16          -1.16  (VIOLATED)
       PIN :   ibex_top_inst/gen_regfile_ff.register_file_i/g_rf_flops[28].rf_reg_q_reg[8]/RD
                                2.00           3.16          -1.16  (VIOLATED)
       PIN :   ibex_top_inst/gen_regfile_ff.register_file_i/g_rf_flops[28].rf_reg_q_reg[7]/RD
                                2.00           3.16          -1.16  (VIOLATED)
       PIN :   ibex_top_inst/gen_regfile_ff.register_file_i/g_rf_flops[28].rf_reg_q_reg[6]/RD
                                2.00           3.16          -1.16  (VIOLATED)
       PIN :   ibex_top_inst/gen_regfile_ff.register_file_i/g_rf_flops[28].rf_reg_q_reg[5]/RD
                                2.00           3.16          -1.16  (VIOLATED)
       PIN :   ibex_top_inst/gen_regfile_ff.register_file_i/g_rf_flops[28].rf_reg_q_reg[4]/RD
                                2.00           3.16          -1.16  (VIOLATED)
       PIN :   ibex_top_inst/gen_regfile_ff.register_file_i/g_rf_flops[28].rf_reg_q_reg[3]/RD
                                2.00           3.16          -1.16  (VIOLATED)
       PIN :   ibex_top_inst/gen_regfile_ff.register_file_i/g_rf_flops[28].rf_reg_q_reg[2]/RD
                                2.00           3.16          -1.16  (VIOLATED)
       PIN :   ibex_top_inst/gen_regfile_ff.register_file_i/g_rf_flops[28].rf_reg_q_reg[1]/RD
                                2.00           3.16          -1.16  (VIOLATED)
       PIN :   ibex_top_inst/gen_regfile_ff.register_file_i/g_rf_flops[28].rf_reg_q_reg[0]/RD
                                2.00           3.16          -1.16  (VIOLATED)
       PIN :   ibex_top_inst/gen_regfile_ff.register_file_i/g_rf_flops[29].rf_reg_q_reg[31]/RD
                                2.00           3.16          -1.16  (VIOLATED)
       PIN :   ibex_top_inst/gen_regfile_ff.register_file_i/g_rf_flops[29].rf_reg_q_reg[30]/RD
                                2.00           3.16          -1.16  (VIOLATED)
       PIN :   ibex_top_inst/gen_regfile_ff.register_file_i/g_rf_flops[29].rf_reg_q_reg[29]/RD
                                2.00           3.16          -1.16  (VIOLATED)
       PIN :   ibex_top_inst/gen_regfile_ff.register_file_i/g_rf_flops[29].rf_reg_q_reg[28]/RD
                                2.00           3.16          -1.16  (VIOLATED)
       PIN :   ibex_top_inst/gen_regfile_ff.register_file_i/g_rf_flops[29].rf_reg_q_reg[27]/RD
                                2.00           3.16          -1.16  (VIOLATED)
       PIN :   ibex_top_inst/gen_regfile_ff.register_file_i/g_rf_flops[29].rf_reg_q_reg[24]/RD
                                2.00           3.16          -1.16  (VIOLATED)
       PIN :   ibex_top_inst/gen_regfile_ff.register_file_i/g_rf_flops[29].rf_reg_q_reg[23]/RD
                                2.00           3.16          -1.16  (VIOLATED)
       PIN :   ibex_top_inst/gen_regfile_ff.register_file_i/g_rf_flops[29].rf_reg_q_reg[22]/RD
                                2.00           3.16          -1.16  (VIOLATED)
       PIN :   ibex_top_inst/gen_regfile_ff.register_file_i/g_rf_flops[29].rf_reg_q_reg[21]/RD
                                2.00           3.16          -1.16  (VIOLATED)
       PIN :   ibex_top_inst/gen_regfile_ff.register_file_i/g_rf_flops[29].rf_reg_q_reg[20]/RD
                                2.00           3.16          -1.16  (VIOLATED)
       PIN :   ibex_top_inst/gen_regfile_ff.register_file_i/g_rf_flops[29].rf_reg_q_reg[19]/RD
                                2.00           3.16          -1.16  (VIOLATED)
       PIN :   ibex_top_inst/gen_regfile_ff.register_file_i/g_rf_flops[29].rf_reg_q_reg[18]/RD
                                2.00           3.16          -1.16  (VIOLATED)
       PIN :   ibex_top_inst/gen_regfile_ff.register_file_i/g_rf_flops[29].rf_reg_q_reg[17]/RD
                                2.00           3.16          -1.16  (VIOLATED)
       PIN :   ibex_top_inst/gen_regfile_ff.register_file_i/g_rf_flops[29].rf_reg_q_reg[16]/RD
                                2.00           3.16          -1.16  (VIOLATED)
       PIN :   ibex_top_inst/gen_regfile_ff.register_file_i/g_rf_flops[29].rf_reg_q_reg[15]/RD
                                2.00           3.16          -1.16  (VIOLATED)
       PIN :   ibex_top_inst/gen_regfile_ff.register_file_i/g_rf_flops[29].rf_reg_q_reg[14]/RD
                                2.00           3.16          -1.16  (VIOLATED)
       PIN :   ibex_top_inst/gen_regfile_ff.register_file_i/g_rf_flops[29].rf_reg_q_reg[13]/RD
                                2.00           3.16          -1.16  (VIOLATED)
       PIN :   ibex_top_inst/gen_regfile_ff.register_file_i/g_rf_flops[29].rf_reg_q_reg[12]/RD
                                2.00           3.16          -1.16  (VIOLATED)
       PIN :   ibex_top_inst/gen_regfile_ff.register_file_i/g_rf_flops[29].rf_reg_q_reg[10]/RD
                                2.00           3.16          -1.16  (VIOLATED)
       PIN :   ibex_top_inst/gen_regfile_ff.register_file_i/g_rf_flops[29].rf_reg_q_reg[8]/RD
                                2.00           3.16          -1.16  (VIOLATED)
       PIN :   ibex_top_inst/gen_regfile_ff.register_file_i/g_rf_flops[29].rf_reg_q_reg[7]/RD
                                2.00           3.16          -1.16  (VIOLATED)
       PIN :   ibex_top_inst/gen_regfile_ff.register_file_i/g_rf_flops[29].rf_reg_q_reg[6]/RD
                                2.00           3.16          -1.16  (VIOLATED)
       PIN :   ibex_top_inst/gen_regfile_ff.register_file_i/g_rf_flops[29].rf_reg_q_reg[5]/RD
                                2.00           3.16          -1.16  (VIOLATED)
       PIN :   ibex_top_inst/gen_regfile_ff.register_file_i/g_rf_flops[29].rf_reg_q_reg[4]/RD
                                2.00           3.16          -1.16  (VIOLATED)
       PIN :   ibex_top_inst/gen_regfile_ff.register_file_i/g_rf_flops[29].rf_reg_q_reg[3]/RD
                                2.00           3.16          -1.16  (VIOLATED)
       PIN :   ibex_top_inst/gen_regfile_ff.register_file_i/g_rf_flops[29].rf_reg_q_reg[2]/RD
                                2.00           3.16          -1.16  (VIOLATED)
       PIN :   ibex_top_inst/gen_regfile_ff.register_file_i/g_rf_flops[29].rf_reg_q_reg[1]/RD
                                2.00           3.16          -1.16  (VIOLATED)
       PIN :   ibex_top_inst/gen_regfile_ff.register_file_i/g_rf_flops[29].rf_reg_q_reg[0]/RD
                                2.00           3.16          -1.16  (VIOLATED)
       PIN :   ibex_top_inst/gen_regfile_ff.register_file_i/g_rf_flops[30].rf_reg_q_reg[31]/RD
                                2.00           3.16          -1.16  (VIOLATED)
       PIN :   ibex_top_inst/gen_regfile_ff.register_file_i/g_rf_flops[30].rf_reg_q_reg[30]/RD
                                2.00           3.16          -1.16  (VIOLATED)
       PIN :   ibex_top_inst/gen_regfile_ff.register_file_i/g_rf_flops[30].rf_reg_q_reg[29]/RD
                                2.00           3.16          -1.16  (VIOLATED)
       PIN :   ibex_top_inst/gen_regfile_ff.register_file_i/g_rf_flops[30].rf_reg_q_reg[26]/RD
                                2.00           3.16          -1.16  (VIOLATED)
       PIN :   ibex_top_inst/gen_regfile_ff.register_file_i/g_rf_flops[30].rf_reg_q_reg[24]/RD
                                2.00           3.16          -1.16  (VIOLATED)
       PIN :   ibex_top_inst/gen_regfile_ff.register_file_i/g_rf_flops[30].rf_reg_q_reg[23]/RD
                                2.00           3.16          -1.16  (VIOLATED)
       PIN :   ibex_top_inst/gen_regfile_ff.register_file_i/g_rf_flops[30].rf_reg_q_reg[22]/RD
                                2.00           3.16          -1.16  (VIOLATED)
       PIN :   ibex_top_inst/gen_regfile_ff.register_file_i/g_rf_flops[30].rf_reg_q_reg[21]/RD
                                2.00           3.16          -1.16  (VIOLATED)
       PIN :   ibex_top_inst/gen_regfile_ff.register_file_i/g_rf_flops[30].rf_reg_q_reg[20]/RD
                                2.00           3.16          -1.16  (VIOLATED)
       PIN :   ibex_top_inst/gen_regfile_ff.register_file_i/g_rf_flops[30].rf_reg_q_reg[19]/RD
                                2.00           3.16          -1.16  (VIOLATED)
       PIN :   ibex_top_inst/gen_regfile_ff.register_file_i/g_rf_flops[30].rf_reg_q_reg[18]/RD
                                2.00           3.16          -1.16  (VIOLATED)
       PIN :   ibex_top_inst/gen_regfile_ff.register_file_i/g_rf_flops[30].rf_reg_q_reg[17]/RD
                                2.00           3.16          -1.16  (VIOLATED)
       PIN :   ibex_top_inst/gen_regfile_ff.register_file_i/g_rf_flops[30].rf_reg_q_reg[16]/RD
                                2.00           3.16          -1.16  (VIOLATED)
       PIN :   ibex_top_inst/gen_regfile_ff.register_file_i/g_rf_flops[30].rf_reg_q_reg[15]/RD
                                2.00           3.16          -1.16  (VIOLATED)
       PIN :   ibex_top_inst/gen_regfile_ff.register_file_i/g_rf_flops[30].rf_reg_q_reg[14]/RD
                                2.00           3.16          -1.16  (VIOLATED)
       PIN :   ibex_top_inst/gen_regfile_ff.register_file_i/g_rf_flops[30].rf_reg_q_reg[12]/RD
                                2.00           3.16          -1.16  (VIOLATED)
       PIN :   ibex_top_inst/gen_regfile_ff.register_file_i/g_rf_flops[30].rf_reg_q_reg[11]/RD
                                2.00           3.16          -1.16  (VIOLATED)
       PIN :   ibex_top_inst/gen_regfile_ff.register_file_i/g_rf_flops[30].rf_reg_q_reg[10]/RD
                                2.00           3.16          -1.16  (VIOLATED)
       PIN :   ibex_top_inst/gen_regfile_ff.register_file_i/g_rf_flops[30].rf_reg_q_reg[8]/RD
                                2.00           3.16          -1.16  (VIOLATED)
       PIN :   ibex_top_inst/gen_regfile_ff.register_file_i/g_rf_flops[30].rf_reg_q_reg[7]/RD
                                2.00           3.16          -1.16  (VIOLATED)
       PIN :   ibex_top_inst/gen_regfile_ff.register_file_i/g_rf_flops[30].rf_reg_q_reg[6]/RD
                                2.00           3.16          -1.16  (VIOLATED)
       PIN :   ibex_top_inst/gen_regfile_ff.register_file_i/g_rf_flops[30].rf_reg_q_reg[5]/RD
                                2.00           3.16          -1.16  (VIOLATED)
       PIN :   ibex_top_inst/gen_regfile_ff.register_file_i/g_rf_flops[30].rf_reg_q_reg[4]/RD
                                2.00           3.16          -1.16  (VIOLATED)
       PIN :   ibex_top_inst/gen_regfile_ff.register_file_i/g_rf_flops[30].rf_reg_q_reg[3]/RD
                                2.00           3.16          -1.16  (VIOLATED)
       PIN :   ibex_top_inst/gen_regfile_ff.register_file_i/g_rf_flops[30].rf_reg_q_reg[2]/RD
                                2.00           3.16          -1.16  (VIOLATED)
       PIN :   ibex_top_inst/gen_regfile_ff.register_file_i/g_rf_flops[30].rf_reg_q_reg[1]/RD
                                2.00           3.16          -1.16  (VIOLATED)
       PIN :   ibex_top_inst/gen_regfile_ff.register_file_i/g_rf_flops[30].rf_reg_q_reg[0]/RD
                                2.00           3.16          -1.16  (VIOLATED)
       PIN :   ibex_top_inst/gen_regfile_ff.register_file_i/g_rf_flops[31].rf_reg_q_reg[31]/RD
                                2.00           3.16          -1.16  (VIOLATED)
       PIN :   ibex_top_inst/gen_regfile_ff.register_file_i/g_rf_flops[31].rf_reg_q_reg[29]/RD
                                2.00           3.16          -1.16  (VIOLATED)
       PIN :   ibex_top_inst/gen_regfile_ff.register_file_i/g_rf_flops[31].rf_reg_q_reg[28]/RD
                                2.00           3.16          -1.16  (VIOLATED)
       PIN :   ibex_top_inst/gen_regfile_ff.register_file_i/g_rf_flops[31].rf_reg_q_reg[27]/RD
                                2.00           3.16          -1.16  (VIOLATED)
       PIN :   ibex_top_inst/gen_regfile_ff.register_file_i/g_rf_flops[31].rf_reg_q_reg[26]/RD
                                2.00           3.16          -1.16  (VIOLATED)
       PIN :   ibex_top_inst/gen_regfile_ff.register_file_i/g_rf_flops[31].rf_reg_q_reg[24]/RD
                                2.00           3.16          -1.16  (VIOLATED)
       PIN :   ibex_top_inst/gen_regfile_ff.register_file_i/g_rf_flops[31].rf_reg_q_reg[23]/RD
                                2.00           3.16          -1.16  (VIOLATED)
       PIN :   ibex_top_inst/gen_regfile_ff.register_file_i/g_rf_flops[31].rf_reg_q_reg[22]/RD
                                2.00           3.16          -1.16  (VIOLATED)
       PIN :   ibex_top_inst/gen_regfile_ff.register_file_i/g_rf_flops[31].rf_reg_q_reg[21]/RD
                                2.00           3.16          -1.16  (VIOLATED)
       PIN :   ibex_top_inst/gen_regfile_ff.register_file_i/g_rf_flops[31].rf_reg_q_reg[20]/RD
                                2.00           3.16          -1.16  (VIOLATED)
       PIN :   ibex_top_inst/gen_regfile_ff.register_file_i/g_rf_flops[31].rf_reg_q_reg[19]/RD
                                2.00           3.16          -1.16  (VIOLATED)
       PIN :   ibex_top_inst/gen_regfile_ff.register_file_i/g_rf_flops[31].rf_reg_q_reg[18]/RD
                                2.00           3.16          -1.16  (VIOLATED)
       PIN :   ibex_top_inst/gen_regfile_ff.register_file_i/g_rf_flops[31].rf_reg_q_reg[17]/RD
                                2.00           3.16          -1.16  (VIOLATED)
       PIN :   ibex_top_inst/gen_regfile_ff.register_file_i/g_rf_flops[31].rf_reg_q_reg[16]/RD
                                2.00           3.16          -1.16  (VIOLATED)
       PIN :   ibex_top_inst/gen_regfile_ff.register_file_i/g_rf_flops[31].rf_reg_q_reg[14]/RD
                                2.00           3.16          -1.16  (VIOLATED)
       PIN :   ibex_top_inst/gen_regfile_ff.register_file_i/g_rf_flops[31].rf_reg_q_reg[13]/RD
                                2.00           3.16          -1.16  (VIOLATED)
       PIN :   ibex_top_inst/gen_regfile_ff.register_file_i/g_rf_flops[31].rf_reg_q_reg[12]/RD
                                2.00           3.16          -1.16  (VIOLATED)
       PIN :   ibex_top_inst/gen_regfile_ff.register_file_i/g_rf_flops[31].rf_reg_q_reg[11]/RD
                                2.00           3.16          -1.16  (VIOLATED)
       PIN :   ibex_top_inst/gen_regfile_ff.register_file_i/g_rf_flops[31].rf_reg_q_reg[10]/RD
                                2.00           3.16          -1.16  (VIOLATED)
       PIN :   ibex_top_inst/gen_regfile_ff.register_file_i/g_rf_flops[31].rf_reg_q_reg[8]/RD
                                2.00           3.16          -1.16  (VIOLATED)
       PIN :   ibex_top_inst/gen_regfile_ff.register_file_i/g_rf_flops[31].rf_reg_q_reg[7]/RD
                                2.00           3.16          -1.16  (VIOLATED)
       PIN :   ibex_top_inst/gen_regfile_ff.register_file_i/g_rf_flops[31].rf_reg_q_reg[6]/RD
                                2.00           3.16          -1.16  (VIOLATED)
       PIN :   ibex_top_inst/gen_regfile_ff.register_file_i/g_rf_flops[31].rf_reg_q_reg[5]/RD
                                2.00           3.16          -1.16  (VIOLATED)
       PIN :   ibex_top_inst/gen_regfile_ff.register_file_i/g_rf_flops[31].rf_reg_q_reg[4]/RD
                                2.00           3.16          -1.16  (VIOLATED)
       PIN :   ibex_top_inst/gen_regfile_ff.register_file_i/g_rf_flops[31].rf_reg_q_reg[3]/RD
                                2.00           3.16          -1.16  (VIOLATED)
       PIN :   ibex_top_inst/gen_regfile_ff.register_file_i/g_rf_flops[31].rf_reg_q_reg[2]/RD
                                2.00           3.16          -1.16  (VIOLATED)

   -----------------------------------------------------------------
   Total                      1                  -1.16  

   max_fanout

                             Required        Actual
   Net                        Fanout         Fanout          Slack
   -----------------------------------------------------------------
   rst_ni (dont_touch)         10.00        1652.00       -1642.00  (VIOLATED)

   -----------------------------------------------------------------
   Total                      1               -1642.00  

   max_capacitance

                             Required        Actual
   Net                      Capacitance    Capacitance       Slack
   -----------------------------------------------------------------
   rst_ni (dont_touch)         47.76        1062.08       -1014.32  (VIOLATED)

   -----------------------------------------------------------------
   Total                      1               -1014.32  

1
